replicate,resampling_unit,estimator,estimate,status,error
0,row,psm,-0.309573951077272,success,
0,row,logistic_regression,-0.20024502967428034,success,
0,row,doubly_robust,-0.22077639198032084,success,
0,apk_cluster,psm,-0.1929480901077375,success,
0,apk_cluster,logistic_regression,-0.17652969304608954,success,
0,apk_cluster,doubly_robust,-0.19369761673170857,success,
1,row,psm,-0.27863275554835576,success,
1,row,logistic_regression,-0.25160325606652506,success,
1,row,doubly_robust,-0.26358829590995186,success,
1,apk_cluster,psm,-0.3301748080379023,success,
1,apk_cluster,logistic_regression,-0.2258629214039891,success,
1,apk_cluster,doubly_robust,-0.24183021843763952,success,
2,row,psm,-0.2428316863761542,success,
2,row,logistic_regression,-0.2091126358660322,success,
2,row,doubly_robust,-0.22055803811581126,success,
2,apk_cluster,psm,-0.1545675020210186,success,
2,apk_cluster,logistic_regression,-0.1329956412218114,success,
2,apk_cluster,doubly_robust,-0.16778208343323966,success,
3,row,psm,-0.2987202332739349,success,
3,row,logistic_regression,-0.24454634313269794,success,
3,row,doubly_robust,-0.26793752561988327,success,
3,apk_cluster,psm,-0.2593850554165177,success,
3,apk_cluster,logistic_regression,-0.18349486275356963,success,
3,apk_cluster,doubly_robust,-0.21643458755267422,success,
4,row,psm,-0.29791025433338736,success,
4,row,logistic_regression,-0.23747561490641364,success,
4,row,doubly_robust,-0.24832742955234186,success,
4,apk_cluster,psm,-0.3591404645283615,success,
4,apk_cluster,logistic_regression,-0.2665911252039561,success,
4,apk_cluster,doubly_robust,-0.29418093524495353,success,
5,row,psm,-0.30746800583184836,success,
5,row,logistic_regression,-0.24815426988108466,success,
5,row,doubly_robust,-0.26086594583834655,success,
5,apk_cluster,psm,-0.28728606356968217,success,
5,apk_cluster,logistic_regression,-0.2695843882797725,success,
5,apk_cluster,doubly_robust,-0.27075961150320016,success,
6,row,psm,-0.34424104973270697,success,
6,row,logistic_regression,-0.20791261739134884,success,
6,row,doubly_robust,-0.2311249602189561,success,
6,apk_cluster,psm,-0.23130732162288198,success,
6,apk_cluster,logistic_regression,-0.22192383441533453,success,
6,apk_cluster,doubly_robust,-0.24432043398525916,success,
7,row,psm,-0.2506074842054107,success,
7,row,logistic_regression,-0.19854560302487484,success,
7,row,doubly_robust,-0.2134834875282984,success,
7,apk_cluster,psm,-0.2465707594513215,success,
7,apk_cluster,logistic_regression,-0.2558497197046592,success,
7,apk_cluster,doubly_robust,-0.28125606688591936,success,
8,row,psm,-0.22323019601490363,success,
8,row,logistic_regression,-0.20679671989164675,success,
8,row,doubly_robust,-0.22750249911557321,success,
8,apk_cluster,psm,-0.27833549222797926,success,
8,apk_cluster,logistic_regression,-0.2562451273511433,success,
8,apk_cluster,doubly_robust,-0.2600573476254503,success,
9,row,psm,-0.21367244451644257,success,
9,row,logistic_regression,-0.20551419280518277,success,
9,row,doubly_robust,-0.2256998671511635,success,
9,apk_cluster,psm,-0.2572989851678376,success,
9,apk_cluster,logistic_regression,-0.23054422681159362,success,
9,apk_cluster,doubly_robust,-0.2545320206813431,success,
10,row,psm,-0.2685890166855662,success,
10,row,logistic_regression,-0.23954888018472842,success,
10,row,doubly_robust,-0.2555515115204514,success,
10,apk_cluster,psm,-0.3295916707336912,success,
10,apk_cluster,logistic_regression,-0.20147167567762386,success,
10,apk_cluster,doubly_robust,-0.23149167696513642,success,
11,row,psm,-0.2284140612344079,success,
11,row,logistic_regression,-0.2252433688079024,success,
11,row,doubly_robust,-0.23465145094263426,success,
11,apk_cluster,psm,-0.2855060728744939,success,
11,apk_cluster,logistic_regression,-0.27831457417319366,success,
11,apk_cluster,doubly_robust,-0.27821003828385776,success,
12,row,psm,-0.2123764782115665,success,
12,row,logistic_regression,-0.21883873258730843,success,
12,row,doubly_robust,-0.23274059767348598,success,
12,apk_cluster,psm,-0.35112312109440974,success,
12,apk_cluster,logistic_regression,-0.22409903137516993,success,
12,apk_cluster,doubly_robust,-0.25432264307322006,success,
13,row,psm,-0.24169771585938765,success,
13,row,logistic_regression,-0.23537645991860207,success,
13,row,doubly_robust,-0.24523505441433877,success,
13,apk_cluster,psm,-0.35526515727093144,success,
13,apk_cluster,logistic_regression,-0.28970245585638377,success,
13,apk_cluster,doubly_robust,-0.29290574409740644,success,
14,row,psm,-0.14061234407905396,success,
14,row,logistic_regression,-0.216416599771218,success,
14,row,doubly_robust,-0.23170619420213703,success,
14,apk_cluster,psm,-0.3132197144173192,success,
14,apk_cluster,logistic_regression,-0.2745902493803042,success,
14,apk_cluster,doubly_robust,-0.2788315559983131,success,
15,row,psm,-0.24979750526486308,success,
15,row,logistic_regression,-0.24916559572930896,success,
15,row,doubly_robust,-0.2668980710701426,success,
15,apk_cluster,psm,-0.2995377012593655,success,
15,apk_cluster,logistic_regression,-0.21936530660710774,success,
15,apk_cluster,doubly_robust,-0.23838725277795636,success,
16,row,psm,-0.28106269236999837,success,
16,row,logistic_regression,-0.23827182907471928,success,
16,row,doubly_robust,-0.25391418906563246,success,
16,apk_cluster,psm,-0.26249033255993814,success,
16,apk_cluster,logistic_regression,-0.1959292378372753,success,
16,apk_cluster,doubly_robust,-0.22006786685886856,success,
17,row,psm,-0.2084885792969383,success,
17,row,logistic_regression,-0.2282457678419535,success,
17,row,doubly_robust,-0.2457638683720426,success,
17,apk_cluster,psm,-0.3553705517466536,success,
17,apk_cluster,logistic_regression,-0.254426224168918,success,
17,apk_cluster,doubly_robust,-0.2658734176154571,success,
18,row,psm,-0.22080025919326096,success,
18,row,logistic_regression,-0.21875791877613782,success,
18,row,doubly_robust,-0.2354099114918291,success,
18,apk_cluster,psm,-0.19323592185191266,success,
18,apk_cluster,logistic_regression,-0.21518436574847216,success,
18,apk_cluster,doubly_robust,-0.22863429853189157,success,
19,row,psm,-0.2703709703547708,success,
19,row,logistic_regression,-0.23217667716084303,success,
19,row,doubly_robust,-0.25093760324692166,success,
19,apk_cluster,psm,-0.31450357920946154,success,
19,apk_cluster,logistic_regression,-0.25536568746419075,success,
19,apk_cluster,doubly_robust,-0.26866599479457265,success,
20,row,psm,-0.23149198120848857,success,
20,row,logistic_regression,-0.20524868029414878,success,
20,row,doubly_robust,-0.2226589825831671,success,
20,apk_cluster,psm,-0.29276315789473684,success,
20,apk_cluster,logistic_regression,-0.1809552846891891,success,
20,apk_cluster,doubly_robust,-0.19346867957337344,success,
21,row,psm,-0.2951563259355257,success,
21,row,logistic_regression,-0.2238012610451063,success,
21,row,doubly_robust,-0.2357698376532191,success,
21,apk_cluster,psm,-0.32820266153599487,success,
21,apk_cluster,logistic_regression,-0.21506519298902213,success,
21,apk_cluster,doubly_robust,-0.21100503581706595,success,
22,row,psm,-0.23586586748744529,success,
22,row,logistic_regression,-0.23861653654474485,success,
22,row,doubly_robust,-0.25181262335187327,success,
22,apk_cluster,psm,-0.305860231902225,success,
22,apk_cluster,logistic_regression,-0.21143883173384864,success,
22,apk_cluster,doubly_robust,-0.22120834570378917,success,
23,row,psm,-0.25481937469625787,success,
23,row,logistic_regression,-0.24240514493809304,success,
23,row,doubly_robust,-0.2553378517716412,success,
23,apk_cluster,psm,-0.3007555055457322,success,
23,apk_cluster,logistic_regression,-0.1836699303857321,success,
23,apk_cluster,doubly_robust,-0.20716515643632152,success,
24,row,psm,-0.2353798801231168,success,
24,row,logistic_regression,-0.21699182737451422,success,
24,row,doubly_robust,-0.22853319516128012,success,
24,apk_cluster,psm,-0.30778994129779474,success,
24,apk_cluster,logistic_regression,-0.18171838046030023,success,
24,apk_cluster,doubly_robust,-0.19756841500464603,success,
25,row,psm,-0.37485825368540415,success,
25,row,logistic_regression,-0.2284185436806723,success,
25,row,doubly_robust,-0.2463477558282803,success,
25,apk_cluster,psm,-0.34957764782326184,success,
25,apk_cluster,logistic_regression,-0.27508351156619687,success,
25,apk_cluster,doubly_robust,-0.2834448834818238,success,
26,row,psm,-0.31119390895836707,success,
26,row,logistic_regression,-0.21197614115176033,success,
26,row,doubly_robust,-0.22645504349254156,success,
26,apk_cluster,psm,-0.3940353215594802,success,
26,apk_cluster,logistic_regression,-0.2530371498162292,success,
26,apk_cluster,doubly_robust,-0.28447433399353494,success,
27,row,psm,-0.2538473999676008,success,
27,row,logistic_regression,-0.21791719587854233,success,
27,row,doubly_robust,-0.23173081241065344,success,
27,apk_cluster,psm,-0.2275355524300672,success,
27,apk_cluster,logistic_regression,-0.27576201370095754,success,
27,apk_cluster,doubly_robust,-0.2881988273635754,success,
28,row,psm,-0.21286246557589503,success,
28,row,logistic_regression,-0.24777280717298616,success,
28,row,doubly_robust,-0.26258686166340106,success,
28,apk_cluster,psm,-0.3502906976744186,success,
28,apk_cluster,logistic_regression,-0.24098705345155758,success,
28,apk_cluster,doubly_robust,-0.2522541911357335,success,
29,row,psm,-0.32820346670986555,success,
29,row,logistic_regression,-0.2555576510986139,success,
29,row,doubly_robust,-0.2666164419171358,success,
29,apk_cluster,psm,-0.3237671119907637,success,
29,apk_cluster,logistic_regression,-0.26177130335091026,success,
29,apk_cluster,doubly_robust,-0.2752267431827589,success,
30,row,psm,-0.32658350882877046,success,
30,row,logistic_regression,-0.2526444098486446,success,
30,row,doubly_robust,-0.2714684432737726,success,
30,apk_cluster,psm,-0.2163761920420914,success,
30,apk_cluster,logistic_regression,-0.23527511409747387,success,
30,apk_cluster,doubly_robust,-0.23490993157912357,success,
31,row,psm,-0.3643285274582861,success,
31,row,logistic_regression,-0.2769743465667971,success,
31,row,doubly_robust,-0.2892493858815039,success,
31,apk_cluster,psm,-0.3106843124596514,success,
31,apk_cluster,logistic_regression,-0.23882256022984236,success,
31,apk_cluster,doubly_robust,-0.2547880805054925,success,
32,row,psm,-0.2993682164263729,success,
32,row,logistic_regression,-0.20048495144040498,success,
32,row,doubly_robust,-0.21731625239590463,success,
32,apk_cluster,psm,-0.1747865394274234,success,
32,apk_cluster,logistic_regression,-0.17052543151164362,success,
32,apk_cluster,doubly_robust,-0.20592547872023068,success,
33,row,psm,-0.20395269722987203,success,
33,row,logistic_regression,-0.185606167086659,success,
33,row,doubly_robust,-0.20477793189335344,success,
33,apk_cluster,psm,-0.25273785078713207,success,
33,apk_cluster,logistic_regression,-0.1393657686817653,success,
33,apk_cluster,doubly_robust,-0.16711173193512693,success,
34,row,psm,-0.23084399805605055,success,
34,row,logistic_regression,-0.19282880920831494,success,
34,row,doubly_robust,-0.20623934688467896,success,
34,apk_cluster,psm,-0.2500880591757661,success,
34,apk_cluster,logistic_regression,-0.23925847364628267,success,
34,apk_cluster,doubly_robust,-0.24575922382753285,success,
35,row,psm,-0.30617203952697236,success,
35,row,logistic_regression,-0.2018545891986813,success,
35,row,doubly_robust,-0.22487456742320652,success,
35,apk_cluster,psm,-0.2652342374075379,success,
35,apk_cluster,logistic_regression,-0.20604906157783018,success,
35,apk_cluster,doubly_robust,-0.21674018715610163,success,
36,row,psm,-0.1432042766888061,success,
36,row,logistic_regression,-0.1945889807512895,success,
36,row,doubly_robust,-0.2071781679002713,success,
36,apk_cluster,psm,-0.2182756527018822,success,
36,apk_cluster,logistic_regression,-0.21626742815452818,success,
36,apk_cluster,doubly_robust,-0.22452025131802938,success,
37,row,psm,-0.2543333873319294,success,
37,row,logistic_regression,-0.23223970396350738,success,
37,row,doubly_robust,-0.25031170094719984,success,
37,apk_cluster,psm,-0.3607717041800643,success,
37,apk_cluster,logistic_regression,-0.3311939765166712,success,
37,apk_cluster,doubly_robust,-0.338046156469247,success,
38,row,psm,-0.27118094929531833,success,
38,row,logistic_regression,-0.2125605589704418,success,
38,row,doubly_robust,-0.22362068350374228,success,
38,apk_cluster,psm,-0.2301703163017032,success,
38,apk_cluster,logistic_regression,-0.21644116386056914,success,
38,apk_cluster,doubly_robust,-0.22797327246216928,success,
39,row,psm,-0.18548517738538797,success,
39,row,logistic_regression,-0.19598024533108702,success,
39,row,doubly_robust,-0.2126730160341128,success,
39,apk_cluster,psm,-0.3053691275167785,success,
39,apk_cluster,logistic_regression,-0.2663964127422686,success,
39,apk_cluster,doubly_robust,-0.26043910230753475,success,
40,row,psm,-0.24850153895998703,success,
40,row,logistic_regression,-0.23940692476025388,success,
40,row,doubly_robust,-0.25529624072855833,success,
40,apk_cluster,psm,-0.21948113958300175,success,
40,apk_cluster,logistic_regression,-0.1969227863837774,success,
40,apk_cluster,doubly_robust,-0.20676144058874374,success,
41,row,psm,-0.25255143366272476,success,
41,row,logistic_regression,-0.23336726468221058,success,
41,row,doubly_robust,-0.24682806576948402,success,
41,apk_cluster,psm,-0.3893533526701928,success,
41,apk_cluster,logistic_regression,-0.31609631257869936,success,
41,apk_cluster,doubly_robust,-0.3145271831434589,success,
42,row,psm,-0.2724769156001944,success,
42,row,logistic_regression,-0.24321678312184072,success,
42,row,doubly_robust,-0.2577993090984798,success,
42,apk_cluster,psm,-0.35995674339564343,success,
42,apk_cluster,logistic_regression,-0.2566712946385903,success,
42,apk_cluster,doubly_robust,-0.26389972586453464,success,
43,row,psm,-0.26664506722825204,success,
43,row,logistic_regression,-0.23666279401440762,success,
43,row,doubly_robust,-0.2487519198325966,success,
43,apk_cluster,psm,-0.26519513755598206,success,
43,apk_cluster,logistic_regression,-0.21234363510056042,success,
43,apk_cluster,doubly_robust,-0.22438126633783118,success,
44,row,psm,-0.3481289486473352,success,
44,row,logistic_regression,-0.23418526149788016,success,
44,row,doubly_robust,-0.25184085302501785,success,
44,apk_cluster,psm,-0.3665283540802213,success,
44,apk_cluster,logistic_regression,-0.24166540325457872,success,
44,apk_cluster,doubly_robust,-0.2401399260026987,success,
45,row,psm,-0.23959177061396403,success,
45,row,logistic_regression,-0.25277568560379526,success,
45,row,doubly_robust,-0.265789293281191,success,
45,apk_cluster,psm,-0.35692106553358394,success,
45,apk_cluster,logistic_regression,-0.23653440549442423,success,
45,apk_cluster,doubly_robust,-0.25936750547548654,success,
46,row,psm,-0.18742912684270208,success,
46,row,logistic_regression,-0.21243026231997675,success,
46,row,doubly_robust,-0.22870043071749024,success,
46,apk_cluster,psm,-0.28452911353510524,success,
46,apk_cluster,logistic_regression,-0.2383522161044362,success,
46,apk_cluster,doubly_robust,-0.24956487911231132,success,
47,row,psm,-0.18807710999514013,success,
47,row,logistic_regression,-0.2225974066644906,success,
47,row,doubly_robust,-0.2329669420188223,success,
47,apk_cluster,psm,-0.25794641371276417,success,
47,apk_cluster,logistic_regression,-0.23720777403725302,success,
47,apk_cluster,doubly_robust,-0.25591366417926237,success,
48,row,psm,-0.2708569577190993,success,
48,row,logistic_regression,-0.23357412424983545,success,
48,row,doubly_robust,-0.24789210541667764,success,
48,apk_cluster,psm,-0.2850054271980152,success,
48,apk_cluster,logistic_regression,-0.2347363258565558,success,
48,apk_cluster,doubly_robust,-0.24671479657596718,success,
49,row,psm,-0.22533614126032722,success,
49,row,logistic_regression,-0.2023477829375705,success,
49,row,doubly_robust,-0.22004424223189215,success,
49,apk_cluster,psm,-0.24342427707890868,success,
49,apk_cluster,logistic_regression,-0.23439964363326574,success,
49,apk_cluster,doubly_robust,-0.2470968145182746,success,
50,row,psm,-0.2227442086505751,success,
50,row,logistic_regression,-0.2157524177082499,success,
50,row,doubly_robust,-0.22444405804633255,success,
50,apk_cluster,psm,-0.32369062119366626,success,
50,apk_cluster,logistic_regression,-0.2174142600661515,success,
50,apk_cluster,doubly_robust,-0.23737424423202827,success,
51,row,psm,-0.3539607970192775,success,
51,row,logistic_regression,-0.22743351667931025,success,
51,row,doubly_robust,-0.24479533483032068,success,
51,apk_cluster,psm,-0.35693663576963985,success,
51,apk_cluster,logistic_regression,-0.28928325246813347,success,
51,apk_cluster,doubly_robust,-0.2925242953123887,success,
52,row,psm,-0.2601652357038717,success,
52,row,logistic_regression,-0.22289729170747816,success,
52,row,doubly_robust,-0.2300118190361426,success,
52,apk_cluster,psm,-0.24441318956086888,success,
52,apk_cluster,logistic_regression,-0.2016499405291317,success,
52,apk_cluster,doubly_robust,-0.21800875727175595,success,
53,row,psm,-0.21480641503320913,success,
53,row,logistic_regression,-0.20536536330206687,success,
53,row,doubly_robust,-0.21792513254690754,success,
53,apk_cluster,psm,-0.292636332059743,success,
53,apk_cluster,logistic_regression,-0.20532799875713487,success,
53,apk_cluster,doubly_robust,-0.23373884850974636,success,
54,row,psm,-0.2531994168151628,success,
54,row,logistic_regression,-0.2172317855448604,success,
54,row,doubly_robust,-0.23373074536521646,success,
54,apk_cluster,psm,-0.3508771929824561,success,
54,apk_cluster,logistic_regression,-0.22302186484124492,success,
54,apk_cluster,doubly_robust,-0.23658922122546197,success,
55,row,psm,-0.2250121496841082,success,
55,row,logistic_regression,-0.21496235807705996,success,
55,row,doubly_robust,-0.22715579231589314,success,
55,apk_cluster,psm,-0.2409196934355215,success,
55,apk_cluster,logistic_regression,-0.2165859575669289,success,
55,apk_cluster,doubly_robust,-0.2370628747577033,success,
56,row,psm,-0.20638263405151466,success,
56,row,logistic_regression,-0.21926413117164276,success,
56,row,doubly_robust,-0.23499157979591181,success,
56,apk_cluster,psm,-0.2341164791528789,success,
56,apk_cluster,logistic_regression,-0.20179921817826843,success,
56,apk_cluster,doubly_robust,-0.2326131989241136,success,
57,row,psm,-0.31135590474647656,success,
57,row,logistic_regression,-0.2514803535651737,success,
57,row,doubly_robust,-0.2629056589986704,success,
57,apk_cluster,psm,-0.31735563776741194,success,
57,apk_cluster,logistic_regression,-0.189665794987884,success,
57,apk_cluster,doubly_robust,-0.23976355202283933,success,
58,row,psm,-0.3094119552891625,success,
58,row,logistic_regression,-0.22981853930598317,success,
58,row,doubly_robust,-0.2417983956913532,success,
58,apk_cluster,psm,-0.2600910947070834,success,
58,apk_cluster,logistic_regression,-0.22749598543025312,success,
58,apk_cluster,doubly_robust,-0.24778029097823456,success,
59,row,psm,-0.31410983314433827,success,
59,row,logistic_regression,-0.25432471660475126,success,
59,row,doubly_robust,-0.2722250323626798,success,
59,apk_cluster,psm,-0.27361563517915305,success,
59,apk_cluster,logistic_regression,-0.26656812090175025,success,
59,apk_cluster,doubly_robust,-0.2741314245126979,success,
60,row,psm,-0.18305524056374534,success,
60,row,logistic_regression,-0.2065922838805423,success,
60,row,doubly_robust,-0.2276248651704026,success,
60,apk_cluster,psm,-0.20478767010985408,success,
60,apk_cluster,logistic_regression,-0.18848275214878407,success,
60,apk_cluster,doubly_robust,-0.20329111826111812,success,
61,row,psm,-0.3029321237647821,success,
61,row,logistic_regression,-0.20415171762960038,success,
61,row,doubly_robust,-0.2222771430761494,success,
61,apk_cluster,psm,-0.33277282663527835,success,
61,apk_cluster,logistic_regression,-0.2075670773702407,success,
61,apk_cluster,doubly_robust,-0.2243469672008246,success,
62,row,psm,-0.2052486635347481,success,
62,row,logistic_regression,-0.21536617600911417,success,
62,row,doubly_robust,-0.23116559490004002,success,
62,apk_cluster,psm,-0.2707152002926651,success,
62,apk_cluster,logistic_regression,-0.21751886531252104,success,
62,apk_cluster,doubly_robust,-0.2408320295958575,success,
63,row,psm,-0.24526162319779685,success,
63,row,logistic_regression,-0.213567719053831,success,
63,row,doubly_robust,-0.2267016718755425,success,
63,apk_cluster,psm,-0.3376533609815103,success,
63,apk_cluster,logistic_regression,-0.254324442728367,success,
63,apk_cluster,doubly_robust,-0.2703258402184156,success,
64,row,psm,-0.27037097035477076,success,
64,row,logistic_regression,-0.270150759446544,success,
64,row,doubly_robust,-0.28577180300083876,success,
64,apk_cluster,psm,-0.24846206425153788,success,
64,apk_cluster,logistic_regression,-0.2059727101595923,success,
64,apk_cluster,doubly_robust,-0.22645322215343783,success,
65,row,psm,-0.20103677304390086,success,
65,row,logistic_regression,-0.1996217008613147,success,
65,row,doubly_robust,-0.21031400582062929,success,
65,apk_cluster,psm,-0.3647327249022164,success,
65,apk_cluster,logistic_regression,-0.25489514841401284,success,
65,apk_cluster,doubly_robust,-0.2933257264985386,success,
66,row,psm,-0.3249635509476754,success,
66,row,logistic_regression,-0.20513027446362955,success,
66,row,doubly_robust,-0.22538167279069782,success,
66,apk_cluster,psm,-0.24686468646864687,success,
66,apk_cluster,logistic_regression,-0.15260848211912276,success,
66,apk_cluster,doubly_robust,-0.17902895953232176,success,
67,row,psm,-0.24623359792645394,success,
67,row,logistic_regression,-0.23886313456923897,success,
67,row,doubly_robust,-0.25350810595819684,success,
67,apk_cluster,psm,-0.18656478828398598,success,
67,apk_cluster,logistic_regression,-0.2119724254000313,success,
67,apk_cluster,doubly_robust,-0.24012455697557053,success,
68,row,psm,-0.22485015389599872,success,
68,row,logistic_regression,-0.2172470705180859,success,
68,row,doubly_robust,-0.23009198789479657,success,
68,apk_cluster,psm,-0.28259503612943765,success,
68,apk_cluster,logistic_regression,-0.16441123914136827,success,
68,apk_cluster,doubly_robust,-0.19465522942023766,success,
69,row,psm,-0.26129920622063824,success,
69,row,logistic_regression,-0.23971594540767552,success,
69,row,doubly_robust,-0.2547771571357462,success,
69,apk_cluster,psm,-0.30272530195106845,success,
69,apk_cluster,logistic_regression,-0.14824506677765742,success,
69,apk_cluster,doubly_robust,-0.19559997080946528,success,
70,row,psm,-0.28592256601328364,success,
70,row,logistic_regression,-0.23809220075703855,success,
70,row,doubly_robust,-0.2532247408575972,success,
70,apk_cluster,psm,-0.3615964371360055,success,
70,apk_cluster,logistic_regression,-0.276222939507645,success,
70,apk_cluster,doubly_robust,-0.30530965543281413,success,
71,row,psm,-0.345537016037583,success,
71,row,logistic_regression,-0.24000799965855427,success,
71,row,doubly_robust,-0.2517208190327938,success,
71,apk_cluster,psm,-0.32060702875399355,success,
71,apk_cluster,logistic_regression,-0.27640046503930865,success,
71,apk_cluster,doubly_robust,-0.27614596554624776,success,
72,row,psm,-0.25417139154381985,success,
72,row,logistic_regression,-0.20351346170574242,success,
72,row,doubly_robust,-0.22066576074837,success,
72,apk_cluster,psm,-0.1839647577092511,success,
72,apk_cluster,logistic_regression,-0.19545009934226246,success,
72,apk_cluster,doubly_robust,-0.22610437049551763,success,
73,row,psm,-0.22549813704843674,success,
73,row,logistic_regression,-0.21228744811761163,success,
73,row,doubly_robust,-0.2249453490805667,success,
73,apk_cluster,psm,-0.28769061468322593,success,
73,apk_cluster,logistic_regression,-0.28557638352410575,success,
73,apk_cluster,doubly_robust,-0.28112750423036015,success,
74,row,psm,-0.22177223392191803,success,
74,row,logistic_regression,-0.2393745276127903,success,
74,row,doubly_robust,-0.25746176575243807,success,
74,apk_cluster,psm,-0.3583233941046175,success,
74,apk_cluster,logistic_regression,-0.2475725121224501,success,
74,apk_cluster,doubly_robust,-0.2567137826737476,success,
75,row,psm,-0.27571683136238456,success,
75,row,logistic_regression,-0.20707742839019871,success,
75,row,doubly_robust,-0.2268472710565686,success,
75,apk_cluster,psm,-0.29866199426568973,success,
75,apk_cluster,logistic_regression,-0.25099180150644895,success,
75,apk_cluster,doubly_robust,-0.2620280882112132,success,
76,row,psm,-0.2520654462983962,success,
76,row,logistic_regression,-0.21156008523663838,success,
76,row,doubly_robust,-0.22989060474602577,success,
76,apk_cluster,psm,-0.301535974130962,success,
76,apk_cluster,logistic_regression,-0.1995480391621009,success,
76,apk_cluster,doubly_robust,-0.23755243388012479,success,
77,row,psm,-0.2807387007937794,success,
77,row,logistic_regression,-0.23710439416870227,success,
77,row,doubly_robust,-0.251224936605479,success,
77,apk_cluster,psm,-0.2971887550200803,success,
77,apk_cluster,logistic_regression,-0.22474333200137825,success,
77,apk_cluster,doubly_robust,-0.23401216453836504,success,
78,row,psm,-0.2355418759112263,success,
78,row,logistic_regression,-0.23232380213625786,success,
78,row,doubly_robust,-0.24639011940677066,success,
78,apk_cluster,psm,-0.2891846921797005,success,
78,apk_cluster,logistic_regression,-0.25999038944598657,success,
78,apk_cluster,doubly_robust,-0.2621006719407822,success,
79,row,psm,-0.30665802689130084,success,
79,row,logistic_regression,-0.26353900708926037,success,
79,row,doubly_robust,-0.2801616458922382,success,
79,apk_cluster,psm,-0.34813753581661894,success,
79,apk_cluster,logistic_regression,-0.22253198951919362,success,
79,apk_cluster,doubly_robust,-0.22883987432900058,success,
80,row,psm,-0.2141584318807711,success,
80,row,logistic_regression,-0.22335864794905383,success,
80,row,doubly_robust,-0.23722189557124826,success,
80,apk_cluster,psm,-0.24510113780025283,success,
80,apk_cluster,logistic_regression,-0.16824296262719968,success,
80,apk_cluster,doubly_robust,-0.19296397056890022,success,
81,row,psm,-0.32852745828608454,success,
81,row,logistic_regression,-0.22263322175302258,success,
81,row,doubly_robust,-0.23779069229651792,success,
81,apk_cluster,psm,-0.24599358974358973,success,
81,apk_cluster,logistic_regression,-0.21106782261889598,success,
81,apk_cluster,doubly_robust,-0.22995442735117175,success,
82,row,psm,-0.20994654138992386,success,
82,row,logistic_regression,-0.21477436726236912,success,
82,row,doubly_robust,-0.23296611685979388,success,
82,apk_cluster,psm,-0.22296994167788245,success,
82,apk_cluster,logistic_regression,-0.20243553580872822,success,
82,apk_cluster,doubly_robust,-0.20319901577196808,success,
83,row,psm,-0.22387817916734165,success,
83,row,logistic_regression,-0.227968529475632,success,
83,row,doubly_robust,-0.24576527227514752,success,
83,apk_cluster,psm,-0.27157088122605366,success,
83,apk_cluster,logistic_regression,-0.22342061785292747,success,
83,apk_cluster,doubly_robust,-0.2397505251426268,success,
84,row,psm,-0.20865057508504778,success,
84,row,logistic_regression,-0.17937203017373884,success,
84,row,doubly_robust,-0.199325040560585,success,
84,apk_cluster,psm,-0.3020217729393468,success,
84,apk_cluster,logistic_regression,-0.1872525509909732,success,
84,apk_cluster,doubly_robust,-0.2214409069702475,success,
85,row,psm,-0.27863275554835576,success,
85,row,logistic_regression,-0.20499977985798615,success,
85,row,doubly_robust,-0.2264490995322774,success,
85,apk_cluster,psm,-0.4108728943338438,success,
85,apk_cluster,logistic_regression,-0.17588555952379611,success,
85,apk_cluster,doubly_robust,-0.21285379901957632,success,
86,row,psm,-0.2512554673578487,success,
86,row,logistic_regression,-0.2224419751278509,success,
86,row,doubly_robust,-0.242525276686707,success,
86,apk_cluster,psm,-0.38216458533461417,success,
86,apk_cluster,logistic_regression,-0.2922619772751172,success,
86,apk_cluster,doubly_robust,-0.3161469685328545,success,
87,row,psm,-0.27474485663372755,success,
87,row,logistic_regression,-0.19543626304591682,success,
87,row,doubly_robust,-0.21306030366130774,success,
87,apk_cluster,psm,-0.2500783944810285,success,
87,apk_cluster,logistic_regression,-0.23081473173631803,success,
87,apk_cluster,doubly_robust,-0.26099982353901274,success,
88,row,psm,-0.2494735136886441,success,
88,row,logistic_regression,-0.24279258985494365,success,
88,row,doubly_robust,-0.26342641726240446,success,
88,apk_cluster,psm,-0.22455601092896174,success,
88,apk_cluster,logistic_regression,-0.24990262483886108,success,
88,apk_cluster,doubly_robust,-0.2590610415201407,success,
89,row,psm,-0.32577352988822295,success,
89,row,logistic_regression,-0.2145355999981137,success,
89,row,doubly_robust,-0.22790962232499862,success,
89,apk_cluster,psm,-0.25717920756088697,success,
89,apk_cluster,logistic_regression,-0.19349943337007502,success,
89,apk_cluster,doubly_robust,-0.21710136863477816,success,
90,row,psm,-0.3419731086991738,success,
90,row,logistic_regression,-0.21602321797087126,success,
90,row,doubly_robust,-0.23216676109901918,success,
90,apk_cluster,psm,-0.3568471337579618,success,
90,apk_cluster,logistic_regression,-0.24197481742104532,success,
90,apk_cluster,doubly_robust,-0.2502763125460286,success,
91,row,psm,-0.2760408229386036,success,
91,row,logistic_regression,-0.20392324138538145,success,
91,row,doubly_robust,-0.21654810315221149,success,
91,apk_cluster,psm,-0.28965064785960304,success,
91,apk_cluster,logistic_regression,-0.1968234525564096,success,
91,apk_cluster,doubly_robust,-0.2162623374436046,success,
92,row,psm,-0.3294994330147416,success,
92,row,logistic_regression,-0.2390011136215735,success,
92,row,doubly_robust,-0.25373158263957657,success,
92,apk_cluster,psm,-0.2539214163690014,success,
92,apk_cluster,logistic_regression,-0.19531967714585738,success,
92,apk_cluster,doubly_robust,-0.2282375146673793,success,
93,row,psm,-0.3064960311031913,success,
93,row,logistic_regression,-0.20862005429624192,success,
93,row,doubly_robust,-0.22788040703982285,success,
93,apk_cluster,psm,-0.23949044585987264,success,
93,apk_cluster,logistic_regression,-0.2108435781854015,success,
93,apk_cluster,doubly_robust,-0.22640999745511334,success,
94,row,psm,-0.1945569415195205,success,
94,row,logistic_regression,-0.22051941606184675,success,
94,row,doubly_robust,-0.23719928543571897,success,
94,apk_cluster,psm,-0.35244979919678715,success,
94,apk_cluster,logistic_regression,-0.19503216582489136,success,
94,apk_cluster,doubly_robust,-0.21246211128870415,success,
95,row,psm,-0.24315567795237328,success,
95,row,logistic_regression,-0.23662395471632147,success,
95,row,doubly_robust,-0.2523970442203522,success,
95,apk_cluster,psm,-0.2838699878493317,success,
95,apk_cluster,logistic_regression,-0.21241308025190586,success,
95,apk_cluster,doubly_robust,-0.22023493940593245,success,
96,row,psm,-0.23424590960635028,success,
96,row,logistic_regression,-0.23880788652363308,success,
96,row,doubly_robust,-0.25745047321533937,success,
96,apk_cluster,psm,-0.3064189189189189,success,
96,apk_cluster,logistic_regression,-0.21817708911411504,success,
96,apk_cluster,doubly_robust,-0.22160868773202613,success,
97,row,psm,-0.3069820184675199,success,
97,row,logistic_regression,-0.2221890429936611,success,
97,row,doubly_robust,-0.24043548194773007,success,
97,apk_cluster,psm,-0.1518512732385565,success,
97,apk_cluster,logistic_regression,-0.22972204430442691,success,
97,apk_cluster,doubly_robust,-0.2572237737991362,success,
98,row,psm,-0.2520654462983962,success,
98,row,logistic_regression,-0.2541581240008802,success,
98,row,doubly_robust,-0.2740303939666351,success,
98,apk_cluster,psm,-0.3253189401373896,success,
98,apk_cluster,logistic_regression,-0.26599241075468105,success,
98,apk_cluster,doubly_robust,-0.2667825800727805,success,
99,row,psm,-0.22258221286246557,success,
99,row,logistic_regression,-0.2162665016345579,success,
99,row,doubly_robust,-0.2281603264339517,success,
99,apk_cluster,psm,-0.13713144963144963,success,
99,apk_cluster,logistic_regression,-0.19969481149448642,success,
99,apk_cluster,doubly_robust,-0.21522950182033984,success,
100,row,psm,-0.2622711809492953,success,
100,row,logistic_regression,-0.22212911644338626,success,
100,row,doubly_robust,-0.24027468794201953,success,
100,apk_cluster,psm,-0.2891991182953711,success,
100,apk_cluster,logistic_regression,-0.18685712276701225,success,
100,apk_cluster,doubly_robust,-0.18939171421120107,success,
101,row,psm,-0.19763486149360115,success,
101,row,logistic_regression,-0.23407247450988977,success,
101,row,doubly_robust,-0.254674524891408,success,
101,apk_cluster,psm,-0.2564864020006252,success,
101,apk_cluster,logistic_regression,-0.2763353922035787,success,
101,apk_cluster,doubly_robust,-0.28540100554183834,success,
102,row,psm,-0.3162157783897619,success,
102,row,logistic_regression,-0.20809111287991167,success,
102,row,doubly_robust,-0.2226105284424876,success,
102,apk_cluster,psm,-0.27257718342413734,success,
102,apk_cluster,logistic_regression,-0.21772316356539476,success,
102,apk_cluster,doubly_robust,-0.22949658140065501,success,
103,row,psm,-0.22938603596306495,success,
103,row,logistic_regression,-0.1963575384673893,success,
103,row,doubly_robust,-0.20551353273328352,success,
103,apk_cluster,psm,-0.3010854176498348,success,
103,apk_cluster,logistic_regression,-0.22722866686489882,success,
103,apk_cluster,doubly_robust,-0.25146859364724233,success,
104,row,psm,-0.27652681030293214,success,
104,row,logistic_regression,-0.20062794083279872,success,
104,row,doubly_robust,-0.2158855261441437,success,
104,apk_cluster,psm,-0.2637720954178822,success,
104,apk_cluster,logistic_regression,-0.2488220872518592,success,
104,apk_cluster,doubly_robust,-0.2599440957378632,success,
105,row,psm,-0.25676332415357206,success,
105,row,logistic_regression,-0.2422918561577785,success,
105,row,doubly_robust,-0.25676865841182733,success,
105,apk_cluster,psm,-0.2697308185314045,success,
105,apk_cluster,logistic_regression,-0.2974711767904002,success,
105,apk_cluster,doubly_robust,-0.3006269546234814,success,
106,row,psm,-0.2250121496841082,success,
106,row,logistic_regression,-0.20249146580647226,success,
106,row,doubly_robust,-0.22008887750277153,success,
106,apk_cluster,psm,-0.33208489388264667,success,
106,apk_cluster,logistic_regression,-0.25604790455921217,success,
106,apk_cluster,doubly_robust,-0.2852419252170518,success,
107,row,psm,-0.2525514336627248,success,
107,row,logistic_regression,-0.2128016582818445,success,
107,row,doubly_robust,-0.23165650348335193,success,
107,apk_cluster,psm,-0.24943988050784166,success,
107,apk_cluster,logistic_regression,-0.22797929736921876,success,
107,apk_cluster,doubly_robust,-0.2478231442229115,success,
108,row,psm,-0.24995950105297263,success,
108,row,logistic_regression,-0.2352728493592332,success,
108,row,doubly_robust,-0.2523182493841004,success,
108,apk_cluster,psm,-0.33447993447993446,success,
108,apk_cluster,logistic_regression,-0.21679910055937116,success,
108,apk_cluster,doubly_robust,-0.23838860260385708,success,
109,row,psm,-0.27733678924347965,success,
109,row,logistic_regression,-0.2370933450226149,success,
109,row,doubly_robust,-0.25098354812718426,success,
109,apk_cluster,psm,-0.34653953641295415,success,
109,apk_cluster,logistic_regression,-0.23257882829334228,success,
109,apk_cluster,doubly_robust,-0.26230084198283105,success,
110,row,psm,-0.2585452778227766,success,
110,row,logistic_regression,-0.2335632083597341,success,
110,row,doubly_robust,-0.2481828737594227,success,
110,apk_cluster,psm,-0.23284856149225416,success,
110,apk_cluster,logistic_regression,-0.2548416778404182,success,
110,apk_cluster,doubly_robust,-0.264907709856809,success,
111,row,psm,-0.20136076462011987,success,
111,row,logistic_regression,-0.21396772495590302,success,
111,row,doubly_robust,-0.22135207469770637,success,
111,apk_cluster,psm,-0.29143980641258316,success,
111,apk_cluster,logistic_regression,-0.241957945730306,success,
111,apk_cluster,doubly_robust,-0.2589030338580046,success,
112,row,psm,-0.2629191641017334,success,
112,row,logistic_regression,-0.22802841386968503,success,
112,row,doubly_robust,-0.24279085482290225,success,
112,apk_cluster,psm,-0.23181238034460752,success,
112,apk_cluster,logistic_regression,-0.26337188848766246,success,
112,apk_cluster,doubly_robust,-0.26891175117085775,success,
113,row,psm,-0.2862465575895027,success,
113,row,logistic_regression,-0.2507417361128404,success,
113,row,doubly_robust,-0.2608932407692525,success,
113,apk_cluster,psm,-0.2100487313056629,success,
113,apk_cluster,logistic_regression,-0.21185895402967517,success,
113,apk_cluster,doubly_robust,-0.2350996745361739,success,
114,row,psm,-0.3635185485177385,success,
114,row,logistic_regression,-0.2627130738888269,success,
114,row,doubly_robust,-0.27390488949817693,success,
114,apk_cluster,psm,-0.2204462731444849,success,
114,apk_cluster,logistic_regression,-0.21001227863028105,success,
114,apk_cluster,doubly_robust,-0.21862585582995037,success,
115,row,psm,-0.22323019601490363,success,
115,row,logistic_regression,-0.21817194773243456,success,
115,row,doubly_robust,-0.23251490397304542,success,
115,apk_cluster,psm,-0.3449991973029379,success,
115,apk_cluster,logistic_regression,-0.21494116984527326,success,
115,apk_cluster,doubly_robust,-0.228779507916739,success,
116,row,psm,-0.22776607808196986,success,
116,row,logistic_regression,-0.20641716612180125,success,
116,row,doubly_robust,-0.22093212367911227,success,
116,apk_cluster,psm,-0.3024338942307692,success,
116,apk_cluster,logistic_regression,-0.21850581716926895,success,
116,apk_cluster,doubly_robust,-0.22855681130660815,success,
117,row,psm,-0.32301960149036124,success,
117,row,logistic_regression,-0.23231616037873912,success,
117,row,doubly_robust,-0.24559065661140325,success,
117,apk_cluster,psm,-0.3417277653809372,success,
117,apk_cluster,logistic_regression,-0.26006059508304696,success,
117,apk_cluster,doubly_robust,-0.255115433391685,success,
118,row,psm,-0.23991576219018307,success,
118,row,logistic_regression,-0.21742528922224263,success,
118,row,doubly_robust,-0.2343602183045405,success,
118,apk_cluster,psm,-0.25352597179222564,success,
118,apk_cluster,logistic_regression,-0.23941044951297974,success,
118,apk_cluster,doubly_robust,-0.25681967916551557,success,
119,row,psm,-0.20265673092499595,success,
119,row,logistic_regression,-0.1934797757108873,success,
119,row,doubly_robust,-0.20988969190262022,success,
119,apk_cluster,psm,-0.3606301939058172,success,
119,apk_cluster,logistic_regression,-0.25738980799238703,success,
119,apk_cluster,doubly_robust,-0.26291722334252043,success,
120,row,psm,-0.3171877531184189,success,
120,row,logistic_regression,-0.2059033641622349,success,
120,row,doubly_robust,-0.21782494089028553,success,
120,apk_cluster,psm,-0.37292506043513296,success,
120,apk_cluster,logistic_regression,-0.2561624009311925,success,
120,apk_cluster,doubly_robust,-0.26800974061601157,success,
121,row,psm,-0.25951725255143365,success,
121,row,logistic_regression,-0.16865052381067644,success,
121,row,doubly_robust,-0.18297599506273934,success,
121,apk_cluster,psm,-0.36112071947423036,success,
121,apk_cluster,logistic_regression,-0.21503900744763121,success,
121,apk_cluster,doubly_robust,-0.24368029735807392,success,
122,row,psm,-0.248501538959987,success,
122,row,logistic_regression,-0.21815882429579025,success,
122,row,doubly_robust,-0.2289623723513668,success,
122,apk_cluster,psm,-0.28081955922865015,success,
122,apk_cluster,logistic_regression,-0.2012105750292456,success,
122,apk_cluster,doubly_robust,-0.2312275292573473,success,
123,row,psm,-0.25190345051028673,success,
123,row,logistic_regression,-0.21942365845987655,success,
123,row,doubly_robust,-0.23018710573495024,success,
123,apk_cluster,psm,-0.290174922347556,success,
123,apk_cluster,logistic_regression,-0.17773157229372163,success,
123,apk_cluster,doubly_robust,-0.1928148091164739,success,
124,row,psm,-0.14984610400129597,success,
124,row,logistic_regression,-0.21697171680995564,success,
124,row,doubly_robust,-0.22834862868802874,success,
124,apk_cluster,psm,-0.32916328188464666,success,
124,apk_cluster,logistic_regression,-0.22348370274175677,success,
124,apk_cluster,doubly_robust,-0.25307292481744115,success,
125,row,psm,-0.2739348776931799,success,
125,row,logistic_regression,-0.23416214979666766,success,
125,row,doubly_robust,-0.24858808508348967,success,
125,apk_cluster,psm,-0.35892116182572614,success,
125,apk_cluster,logistic_regression,-0.2528709907353549,success,
125,apk_cluster,doubly_robust,-0.25475982336278263,success,
126,row,psm,-0.34148712133484527,success,
126,row,logistic_regression,-0.23797350292334815,success,
126,row,doubly_robust,-0.24978115220200925,success,
126,apk_cluster,psm,-0.34297800338409473,success,
126,apk_cluster,logistic_regression,-0.23705417675870705,success,
126,apk_cluster,doubly_robust,-0.24985507097349907,success,
127,row,psm,-0.25109347156973916,success,
127,row,logistic_regression,-0.24098866756148293,success,
127,row,doubly_robust,-0.256207493193288,success,
127,apk_cluster,psm,-0.2956784238957737,success,
127,apk_cluster,logistic_regression,-0.2278060025039005,success,
127,apk_cluster,doubly_robust,-0.2511319328606937,success,
128,row,psm,-0.27490685242183704,success,
128,row,logistic_regression,-0.20573272547222063,success,
128,row,doubly_robust,-0.22565688009392376,success,
128,apk_cluster,psm,-0.31510164569215876,success,
128,apk_cluster,logistic_regression,-0.17649908235337808,success,
128,apk_cluster,doubly_robust,-0.21899048153773942,success,
129,row,psm,-0.25643933257735296,success,
129,row,logistic_regression,-0.20751231893055783,success,
129,row,doubly_robust,-0.22513681426879703,success,
129,apk_cluster,psm,-0.32981445937300063,success,
129,apk_cluster,logistic_regression,-0.27849417591610337,success,
129,apk_cluster,doubly_robust,-0.28404823155049164,success,
130,row,psm,-0.22047626761704195,success,
130,row,logistic_regression,-0.2429959847754874,success,
130,row,doubly_robust,-0.26121753138329507,success,
130,apk_cluster,psm,-0.1511052457934675,success,
130,apk_cluster,logistic_regression,-0.2153364240818178,success,
130,apk_cluster,doubly_robust,-0.23530988924233526,success,
131,row,psm,-0.20476267617041957,success,
131,row,logistic_regression,-0.21396968403651348,success,
131,row,doubly_robust,-0.2288616510241661,success,
131,apk_cluster,psm,-0.29698302954116906,success,
131,apk_cluster,logistic_regression,-0.2561493346894739,success,
131,apk_cluster,doubly_robust,-0.2804952937291078,success,
132,row,psm,-0.29726227118094933,success,
132,row,logistic_regression,-0.21912459949372665,success,
132,row,doubly_robust,-0.2386598471653469,success,
132,apk_cluster,psm,-0.2710475858462611,success,
132,apk_cluster,logistic_regression,-0.2658127785581669,success,
132,apk_cluster,doubly_robust,-0.28443082757685123,success,
133,row,psm,-0.3215616393973757,success,
133,row,logistic_regression,-0.24098272663493697,success,
133,row,doubly_robust,-0.2513184107508508,success,
133,apk_cluster,psm,-0.342193868509658,success,
133,apk_cluster,logistic_regression,-0.18688772983465574,success,
133,apk_cluster,doubly_robust,-0.20185085954324453,success,
134,row,psm,-0.19309897942653492,success,
134,row,logistic_regression,-0.22628135751486697,success,
134,row,doubly_robust,-0.24038329722356633,success,
134,apk_cluster,psm,-0.28250539956803455,success,
134,apk_cluster,logistic_regression,-0.14423830194984483,success,
134,apk_cluster,doubly_robust,-0.20530410401653873,success,
135,row,psm,-0.2161023813380852,success,
135,row,logistic_regression,-0.25582771679383515,success,
135,row,doubly_robust,-0.27098240123045286,success,
135,apk_cluster,psm,-0.30194967505415765,success,
135,apk_cluster,logistic_regression,-0.21515086368075453,success,
135,apk_cluster,doubly_robust,-0.2562266418152294,success,
136,row,psm,-0.3147578162967763,success,
136,row,logistic_regression,-0.2103890145457358,success,
136,row,doubly_robust,-0.22977775823307503,success,
136,apk_cluster,psm,-0.32193877551020406,success,
136,apk_cluster,logistic_regression,-0.21345360390246426,success,
136,apk_cluster,doubly_robust,-0.22751578047892876,success,
137,row,psm,-0.21999028025271342,success,
137,row,logistic_regression,-0.2670467259872839,success,
137,row,doubly_robust,-0.2772649121332981,success,
137,apk_cluster,psm,-0.3300889410974996,success,
137,apk_cluster,logistic_regression,-0.2205817814627759,success,
137,apk_cluster,doubly_robust,-0.24840427824508277,success,
138,row,psm,-0.1893730763000162,success,
138,row,logistic_regression,-0.1854474292620124,success,
138,row,doubly_robust,-0.19913412110756643,success,
138,apk_cluster,psm,-0.2729725678309099,success,
138,apk_cluster,logistic_regression,-0.2722071976758222,success,
138,apk_cluster,doubly_robust,-0.2842032139913704,success,
139,row,psm,-0.30115017009557754,success,
139,row,logistic_regression,-0.20248150471949702,success,
139,row,doubly_robust,-0.2232088128642789,success,
139,apk_cluster,psm,-0.3461038961038961,success,
139,apk_cluster,logistic_regression,-0.21026006087820567,success,
139,apk_cluster,doubly_robust,-0.2418617926895841,success,
140,row,psm,-0.2977482585452778,success,
140,row,logistic_regression,-0.24704076332360694,success,
140,row,doubly_robust,-0.2590990854228177,success,
140,apk_cluster,psm,-0.2815456148789482,success,
140,apk_cluster,logistic_regression,-0.143769559756409,success,
140,apk_cluster,doubly_robust,-0.19190308745787893,success,
141,row,psm,-0.2157783897618662,success,
141,row,logistic_regression,-0.23846297770464278,success,
141,row,doubly_robust,-0.25165932863070334,success,
141,apk_cluster,psm,-0.35652308645801056,success,
141,apk_cluster,logistic_regression,-0.2908305119683946,success,
141,apk_cluster,doubly_robust,-0.29876608322818177,success,
142,row,psm,-0.23213996436092663,success,
142,row,logistic_regression,-0.21209899341625596,success,
142,row,doubly_robust,-0.2252285544101141,success,
142,apk_cluster,psm,-0.28693451439417905,success,
142,apk_cluster,logistic_regression,-0.22510964793298965,success,
142,apk_cluster,doubly_robust,-0.24522113501176943,success,
143,row,psm,-0.2284140612344079,success,
143,row,logistic_regression,-0.23039558160301107,success,
143,row,doubly_robust,-0.2443223637389911,success,
143,apk_cluster,psm,-0.29830625648116144,success,
143,apk_cluster,logistic_regression,-0.2229411931817831,success,
143,apk_cluster,doubly_robust,-0.23243650132655078,success,
144,row,psm,-0.25255143366272476,success,
144,row,logistic_regression,-0.22592307861874433,success,
144,row,doubly_robust,-0.24510836789650967,success,
144,apk_cluster,psm,-0.3240188383045526,success,
144,apk_cluster,logistic_regression,-0.17869060211904816,success,
144,apk_cluster,doubly_robust,-0.18957756626929473,success,
145,row,psm,-0.2807387007937794,success,
145,row,logistic_regression,-0.2431763216195239,success,
145,row,doubly_robust,-0.25669153554887714,success,
145,apk_cluster,psm,-0.13316095669036845,success,
145,apk_cluster,logistic_regression,-0.22176279981285052,success,
145,apk_cluster,doubly_robust,-0.2369065939525006,success,
146,row,psm,-0.2687510124736757,success,
146,row,logistic_regression,-0.21591599596875116,success,
146,row,doubly_robust,-0.23275206721896388,success,
146,apk_cluster,psm,-0.2606171201061712,success,
146,apk_cluster,logistic_regression,-0.17817346392454184,success,
146,apk_cluster,doubly_robust,-0.22356279177549532,success,
147,row,psm,-0.23813380852097846,success,
147,row,logistic_regression,-0.19787972712013263,success,
147,row,doubly_robust,-0.2182998970505799,success,
147,apk_cluster,psm,-0.34358706986444215,success,
147,apk_cluster,logistic_regression,-0.178079383312102,success,
147,apk_cluster,doubly_robust,-0.23137858502314979,success,
148,row,psm,-0.27798477239591773,success,
148,row,logistic_regression,-0.1924311500310847,success,
148,row,doubly_robust,-0.2112696481933788,success,
148,apk_cluster,psm,-0.2683916793505835,success,
148,apk_cluster,logistic_regression,-0.1403625076061619,success,
148,apk_cluster,doubly_robust,-0.18426547299588053,success,
149,row,psm,-0.18273124898752632,success,
149,row,logistic_regression,-0.17595559851079579,success,
149,row,doubly_robust,-0.1910973542147886,success,
149,apk_cluster,psm,-0.23670865368885985,success,
149,apk_cluster,logistic_regression,-0.21288225729422647,success,
149,apk_cluster,doubly_robust,-0.2126442653294049,success,
150,row,psm,-0.23667584642799286,success,
150,row,logistic_regression,-0.21606968611309596,success,
150,row,doubly_robust,-0.23182242976866108,success,
150,apk_cluster,psm,-0.357790319822131,success,
150,apk_cluster,logistic_regression,-0.21900689918876928,success,
150,apk_cluster,doubly_robust,-0.2303948304245384,success,
151,row,psm,-0.19228900048598738,success,
151,row,logistic_regression,-0.2185598953424262,success,
151,row,doubly_robust,-0.23207960744053693,success,
151,apk_cluster,psm,-0.320658078534844,success,
151,apk_cluster,logistic_regression,-0.21237748912849858,success,
151,apk_cluster,doubly_robust,-0.24474017628866337,success,
152,row,psm,-0.2497975052648631,success,
152,row,logistic_regression,-0.1865498350658059,success,
152,row,doubly_robust,-0.208507430795797,success,
152,apk_cluster,psm,-0.2679698322302601,success,
152,apk_cluster,logistic_regression,-0.24433694050988042,success,
152,apk_cluster,doubly_robust,-0.24843438575573284,success,
153,row,psm,-0.34245909606350233,success,
153,row,logistic_regression,-0.25825483581758035,success,
153,row,doubly_robust,-0.2751920173429916,success,
153,apk_cluster,psm,-0.2920736589271417,success,
153,apk_cluster,logistic_regression,-0.20454304740197132,success,
153,apk_cluster,doubly_robust,-0.21876894875056957,success,
154,row,psm,-0.293374372266321,success,
154,row,logistic_regression,-0.21114533603079372,success,
154,row,doubly_robust,-0.2272837904095538,success,
154,apk_cluster,psm,-0.26202551098816657,success,
154,apk_cluster,logistic_regression,-0.24212684523042188,success,
154,apk_cluster,doubly_robust,-0.2483421035319371,success,
155,row,psm,-0.2553053620605864,success,
155,row,logistic_regression,-0.21877819207778496,success,
155,row,doubly_robust,-0.23420436804351819,success,
155,apk_cluster,psm,-0.25351906158357773,success,
155,apk_cluster,logistic_regression,-0.22251090323846462,success,
155,apk_cluster,doubly_robust,-0.22587788507739284,success,
156,row,psm,-0.22792807387007938,success,
156,row,logistic_regression,-0.19280818897578453,success,
156,row,doubly_robust,-0.21205437291941115,success,
156,apk_cluster,psm,-0.41510072794988995,success,
156,apk_cluster,logistic_regression,-0.2229811709157936,success,
156,apk_cluster,doubly_robust,-0.22843129418027977,success,
157,row,psm,-0.2728009071764134,success,
157,row,logistic_regression,-0.2081279691299411,success,
157,row,doubly_robust,-0.21855524987192892,success,
157,apk_cluster,psm,-0.2750402576489533,success,
157,apk_cluster,logistic_regression,-0.19039077393751602,success,
157,apk_cluster,doubly_robust,-0.2043486049356456,success,
158,row,psm,-0.30973594686538153,success,
158,row,logistic_regression,-0.2168948115580259,success,
158,row,doubly_robust,-0.23473205501423094,success,
158,apk_cluster,psm,-0.30206254158349966,success,
158,apk_cluster,logistic_regression,-0.2754274968782054,success,
158,apk_cluster,doubly_robust,-0.2867309267804237,success,
159,row,psm,-0.23489389275878828,success,
159,row,logistic_regression,-0.23685606678227658,success,
159,row,doubly_robust,-0.2521148062621632,success,
159,apk_cluster,psm,-0.2021985343104597,success,
159,apk_cluster,logistic_regression,-0.23180415271996224,success,
159,apk_cluster,doubly_robust,-0.2508975247160125,success,
160,row,psm,-0.19471893730763,success,
160,row,logistic_regression,-0.24367698232447643,success,
160,row,doubly_robust,-0.2615637672171666,success,
160,apk_cluster,psm,-0.31513530522341093,success,
160,apk_cluster,logistic_regression,-0.22831691661356285,success,
160,apk_cluster,doubly_robust,-0.25124739091948484,success,
161,row,psm,-0.29434634699497814,success,
161,row,logistic_regression,-0.22497526126114484,success,
161,row,doubly_robust,-0.23864492926746522,success,
161,apk_cluster,psm,-0.2855485581703679,success,
161,apk_cluster,logistic_regression,-0.21901812230908022,success,
161,apk_cluster,doubly_robust,-0.22737779533092167,success,
162,row,psm,-0.1662076786003564,success,
162,row,logistic_regression,-0.23880908875517154,success,
162,row,doubly_robust,-0.2496448812871875,success,
162,apk_cluster,psm,-0.23448595245446124,success,
162,apk_cluster,logistic_regression,-0.22293608547697583,success,
162,apk_cluster,doubly_robust,-0.24317224072954982,success,
163,row,psm,-0.28819050704681676,success,
163,row,logistic_regression,-0.2090793130203982,success,
163,row,doubly_robust,-0.2294977151068813,success,
163,apk_cluster,psm,-0.30864566223682244,success,
163,apk_cluster,logistic_regression,-0.20749428557005423,success,
163,apk_cluster,doubly_robust,-0.22997266919568227,success,
164,row,psm,-0.2907824396565689,success,
164,row,logistic_regression,-0.21699762229238098,success,
164,row,doubly_robust,-0.23490992062494245,success,
164,apk_cluster,psm,-0.3264428642301968,success,
164,apk_cluster,logistic_regression,-0.23259976634575805,success,
164,apk_cluster,doubly_robust,-0.2700939055973903,success,
165,row,psm,-0.3039040984934392,success,
165,row,logistic_regression,-0.20143992359701085,success,
165,row,doubly_robust,-0.21698535385435186,success,
165,apk_cluster,psm,-0.18394758394758395,success,
165,apk_cluster,logistic_regression,-0.15948917343023977,success,
165,apk_cluster,doubly_robust,-0.2103540679884881,success,
166,row,psm,-0.2588692693989956,success,
166,row,logistic_regression,-0.2127765499284452,success,
166,row,doubly_robust,-0.2317788141189454,success,
166,apk_cluster,psm,-0.27280143579703053,success,
166,apk_cluster,logistic_regression,-0.24569737141286938,success,
166,apk_cluster,doubly_robust,-0.3049205676708097,success,
167,row,psm,-0.2851125870727361,success,
167,row,logistic_regression,-0.2192045055890293,success,
167,row,doubly_robust,-0.23783864985290842,success,
167,apk_cluster,psm,-0.2988488336867616,success,
167,apk_cluster,logistic_regression,-0.17680440411583914,success,
167,apk_cluster,doubly_robust,-0.20888290756459846,success,
168,row,psm,-0.25400939575571035,success,
168,row,logistic_regression,-0.22049110054785115,success,
168,row,doubly_robust,-0.2424604200666549,success,
168,apk_cluster,psm,-0.3060921248142645,success,
168,apk_cluster,logistic_regression,-0.21683646251765318,success,
168,apk_cluster,doubly_robust,-0.2212684790687426,success,
169,row,psm,-0.24574761056212538,success,
169,row,logistic_regression,-0.2341902579541377,success,
169,row,doubly_robust,-0.24609652515669764,success,
169,apk_cluster,psm,-0.41814495691839837,success,
169,apk_cluster,logistic_regression,-0.21398390773123332,success,
169,apk_cluster,doubly_robust,-0.24857211642320967,success,
170,row,psm,-0.23683784221610238,success,
170,row,logistic_regression,-0.2308777900667285,success,
170,row,doubly_robust,-0.24955953641502124,success,
170,apk_cluster,psm,-0.2892642520708137,success,
170,apk_cluster,logistic_regression,-0.2527752259286958,success,
170,apk_cluster,doubly_robust,-0.25481468022011605,success,
171,row,psm,-0.3350072898104649,success,
171,row,logistic_regression,-0.2361786780320225,success,
171,row,doubly_robust,-0.24849154411384541,success,
171,apk_cluster,psm,-0.2907928008329615,success,
171,apk_cluster,logistic_regression,-0.20984472178137725,success,
171,apk_cluster,doubly_robust,-0.22268559021096684,success,
172,row,psm,-0.2846265997084076,success,
172,row,logistic_regression,-0.2437290185370182,success,
172,row,doubly_robust,-0.26118429371373003,success,
172,apk_cluster,psm,-0.2064790061330398,success,
172,apk_cluster,logistic_regression,-0.16840092811858445,success,
172,apk_cluster,doubly_robust,-0.18906216601306525,success,
173,row,psm,-0.27328689454074195,success,
173,row,logistic_regression,-0.2568550563229826,success,
173,row,doubly_robust,-0.2700582730224099,success,
173,apk_cluster,psm,-0.26574307304785894,success,
173,apk_cluster,logistic_regression,-0.19260377202258444,success,
173,apk_cluster,doubly_robust,-0.19912368753066542,success,
174,row,psm,-0.37097035477077595,success,
174,row,logistic_regression,-0.23291369598074013,success,
174,row,doubly_robust,-0.25226223228011946,success,
174,apk_cluster,psm,-0.3248094027954257,success,
174,apk_cluster,logistic_regression,-0.24282955958934052,success,
174,apk_cluster,doubly_robust,-0.2525205608487935,success,
175,row,psm,-0.27490685242183704,success,
175,row,logistic_regression,-0.2477385604879397,success,
175,row,doubly_robust,-0.25702587371216373,success,
175,apk_cluster,psm,-0.26093955802722085,success,
175,apk_cluster,logistic_regression,-0.21184870664957633,success,
175,apk_cluster,doubly_robust,-0.23715818619096599,success,
176,row,psm,-0.24104973270694957,success,
176,row,logistic_regression,-0.2604343765935014,success,
176,row,doubly_robust,-0.27152927627551976,success,
176,apk_cluster,psm,-0.25122121423586874,success,
176,apk_cluster,logistic_regression,-0.25970464298458806,success,
176,apk_cluster,doubly_robust,-0.2700377763560393,success,
177,row,psm,-0.19941681516280577,success,
177,row,logistic_regression,-0.20904753378178392,success,
177,row,doubly_robust,-0.23343376427049464,success,
177,apk_cluster,psm,-0.1823314513450681,success,
177,apk_cluster,logistic_regression,-0.19667663646013633,success,
177,apk_cluster,doubly_robust,-0.2026214900342019,success,
178,row,psm,-0.2619471893730763,success,
178,row,logistic_regression,-0.20791568999987026,success,
178,row,doubly_robust,-0.22679140780527057,success,
178,apk_cluster,psm,-0.31980867557314857,success,
178,apk_cluster,logistic_regression,-0.2204174782724163,success,
178,apk_cluster,doubly_robust,-0.22504446699278205,success,
179,row,psm,-0.3162157783897619,success,
179,row,logistic_regression,-0.23094534129586872,success,
179,row,doubly_robust,-0.24377970447073438,success,
179,apk_cluster,psm,-0.3372217958557176,success,
179,apk_cluster,logistic_regression,-0.2899944195932496,success,
179,apk_cluster,doubly_robust,-0.2926170317184005,success,
180,row,psm,-0.2679410335331281,success,
180,row,logistic_regression,-0.23920920747038055,success,
180,row,doubly_robust,-0.25110292797150197,success,
180,apk_cluster,psm,-0.33988300584970754,success,
180,apk_cluster,logistic_regression,-0.2385659951621756,success,
180,apk_cluster,doubly_robust,-0.2371288533873397,success,
181,row,psm,-0.1968248825530536,success,
181,row,logistic_regression,-0.23776414959318962,success,
181,row,doubly_robust,-0.25607368923046586,success,
181,apk_cluster,psm,-0.22380538662033014,success,
181,apk_cluster,logistic_regression,-0.21021649011349355,success,
181,apk_cluster,doubly_robust,-0.20862489877126422,success,
182,row,psm,-0.27928073870079373,success,
182,row,logistic_regression,-0.24943658856724546,success,
182,row,doubly_robust,-0.2621777844331583,success,
182,apk_cluster,psm,-0.31969949916527546,success,
182,apk_cluster,logistic_regression,-0.2011877687195294,success,
182,apk_cluster,doubly_robust,-0.21690642842054994,success,
183,row,psm,-0.2588692693989956,success,
183,row,logistic_regression,-0.22107359867054988,success,
183,row,doubly_robust,-0.23313008357569137,success,
183,apk_cluster,psm,-0.23603603603603604,success,
183,apk_cluster,logistic_regression,-0.21492073496796169,success,
183,apk_cluster,doubly_robust,-0.22905124429047163,success,
184,row,psm,-0.3084399805605054,success,
184,row,logistic_regression,-0.26035029264880855,success,
184,row,doubly_robust,-0.27449722124020365,success,
184,apk_cluster,psm,-0.2027468933943754,success,
184,apk_cluster,logistic_regression,-0.1259344549456303,success,
184,apk_cluster,doubly_robust,-0.155553107264283,success,
185,row,psm,-0.2765268103029321,success,
185,row,logistic_regression,-0.22247433995722726,success,
185,row,doubly_robust,-0.23799655583238416,success,
185,apk_cluster,psm,-0.33144386710754214,success,
185,apk_cluster,logistic_regression,-0.2097027638560189,success,
185,apk_cluster,doubly_robust,-0.22438319913541852,success,
186,row,psm,-0.30341811112911066,success,
186,row,logistic_regression,-0.2064824650980891,success,
186,row,doubly_robust,-0.2293598589076165,success,
186,apk_cluster,psm,-0.20628099173553718,success,
186,apk_cluster,logistic_regression,-0.22956624831599562,success,
186,apk_cluster,doubly_robust,-0.24607886751023253,success,
187,row,psm,-0.300988174307468,success,
187,row,logistic_regression,-0.23402267471153992,success,
187,row,doubly_robust,-0.25098004026514886,success,
187,apk_cluster,psm,-0.22967446425650254,success,
187,apk_cluster,logistic_regression,-0.2739053008902826,success,
187,apk_cluster,doubly_robust,-0.2894502124786439,success,
188,row,psm,-0.2637291430422809,success,
188,row,logistic_regression,-0.19572084029127448,success,
188,row,doubly_robust,-0.216178504152995,success,
188,apk_cluster,psm,-0.2509979243174198,success,
188,apk_cluster,logistic_regression,-0.18200659068897154,success,
188,apk_cluster,doubly_robust,-0.22013812357211468,success,
189,row,psm,-0.2692369998380042,success,
189,row,logistic_regression,-0.24407944770122034,success,
189,row,doubly_robust,-0.25669489039646937,success,
189,apk_cluster,psm,-0.37174843595653606,success,
189,apk_cluster,logistic_regression,-0.2500148449101806,success,
189,apk_cluster,doubly_robust,-0.2656993421084371,success,
190,row,psm,-0.24639559371456343,success,
190,row,logistic_regression,-0.21446216072870042,success,
190,row,doubly_robust,-0.2315231560774378,success,
190,apk_cluster,psm,-0.2541715826731839,success,
190,apk_cluster,logistic_regression,-0.2525166483642628,success,
190,apk_cluster,doubly_robust,-0.25342986024481867,success,
191,row,psm,-0.2604892272800908,success,
191,row,logistic_regression,-0.2036898726065204,success,
191,row,doubly_robust,-0.2243811018003069,success,
191,apk_cluster,psm,-0.29106120651695294,success,
191,apk_cluster,logistic_regression,-0.18892752703896765,success,
191,apk_cluster,doubly_robust,-0.20870161344280616,success,
192,row,psm,-0.2697229872023328,success,
192,row,logistic_regression,-0.22574749705009303,success,
192,row,doubly_robust,-0.23835373736032178,success,
192,apk_cluster,psm,-0.2357846853677028,success,
192,apk_cluster,logistic_regression,-0.25974971819088527,success,
192,apk_cluster,doubly_robust,-0.2669063526964738,success,
193,row,psm,-0.19893082779847723,success,
193,row,logistic_regression,-0.19424310088201657,success,
193,row,doubly_robust,-0.20543459876191203,success,
193,apk_cluster,psm,-0.2832553475935829,success,
193,apk_cluster,logistic_regression,-0.1719139249972042,success,
193,apk_cluster,doubly_robust,-0.2033214937418125,success,
194,row,psm,-0.23926777903774502,success,
194,row,logistic_regression,-0.23969453342427524,success,
194,row,doubly_robust,-0.2566899466850159,success,
194,apk_cluster,psm,-0.3004909983633388,success,
194,apk_cluster,logistic_regression,-0.1983576174161034,success,
194,apk_cluster,doubly_robust,-0.23893733761150657,success,
195,row,psm,-0.2614612020087478,success,
195,row,logistic_regression,-0.2283115896905181,success,
195,row,doubly_robust,-0.24025057917629677,success,
195,apk_cluster,psm,-0.2160140082776186,success,
195,apk_cluster,logistic_regression,-0.19698399105285685,success,
195,apk_cluster,doubly_robust,-0.21500783407596546,success,
196,row,psm,-0.24266969058804472,success,
196,row,logistic_regression,-0.22733417679834747,success,
196,row,doubly_robust,-0.24237850531280547,success,
196,apk_cluster,psm,-0.2597752808988764,success,
196,apk_cluster,logistic_regression,-0.20167035690739654,success,
196,apk_cluster,doubly_robust,-0.23934952086454958,success,
197,row,psm,-0.23651385063988337,success,
197,row,logistic_regression,-0.2078967418953977,success,
197,row,doubly_robust,-0.22030137781251777,success,
197,apk_cluster,psm,-0.3085904920767306,success,
197,apk_cluster,logistic_regression,-0.1532442816690209,success,
197,apk_cluster,doubly_robust,-0.17144766803272707,success,
198,row,psm,-0.23035801069172201,success,
198,row,logistic_regression,-0.2182647525376002,success,
198,row,doubly_robust,-0.2315319214673788,success,
198,apk_cluster,psm,-0.29199372056514916,success,
198,apk_cluster,logistic_regression,-0.1736931166883381,success,
198,apk_cluster,doubly_robust,-0.18708534864677384,success,
199,row,psm,-0.2405637453426211,success,
199,row,logistic_regression,-0.21199314073317882,success,
199,row,doubly_robust,-0.2270213336909104,success,
199,apk_cluster,psm,-0.23762690355329946,success,
199,apk_cluster,logistic_regression,-0.20467200417712478,success,
199,apk_cluster,doubly_robust,-0.20927359764974057,success,
200,row,psm,-0.229710027539284,success,
200,row,logistic_regression,-0.2321458665661005,success,
200,row,doubly_robust,-0.250896852694727,success,
200,apk_cluster,psm,-0.2819800686162392,success,
200,apk_cluster,logistic_regression,-0.21736727125182964,success,
200,apk_cluster,doubly_robust,-0.24091294392990045,success,
201,row,psm,-0.24817754738376807,success,
201,row,logistic_regression,-0.21419597226261244,success,
201,row,doubly_robust,-0.2246579732486811,success,
201,apk_cluster,psm,-0.2978056426332288,success,
201,apk_cluster,logistic_regression,-0.22653835402364877,success,
201,apk_cluster,doubly_robust,-0.26044263124742495,success,
202,row,psm,-0.21108051190669042,success,
202,row,logistic_regression,-0.20207511357740968,success,
202,row,doubly_robust,-0.21736953622380195,success,
202,apk_cluster,psm,-0.2399403874813711,success,
202,apk_cluster,logistic_regression,-0.26707201565677313,success,
202,apk_cluster,doubly_robust,-0.27112452433973083,success,
203,row,psm,-0.28041470921756034,success,
203,row,logistic_regression,-0.22174025609383702,success,
203,row,doubly_robust,-0.23232918329843444,success,
203,apk_cluster,psm,-0.28386437212472315,success,
203,apk_cluster,logistic_regression,-0.17876245988288025,success,
203,apk_cluster,doubly_robust,-0.1896040208839761,success,
204,row,psm,-0.25238943787461526,success,
204,row,logistic_regression,-0.22062474402405577,success,
204,row,doubly_robust,-0.23562088869462125,success,
204,apk_cluster,psm,-0.3146138115463269,success,
204,apk_cluster,logistic_regression,-0.23480624042134535,success,
204,apk_cluster,doubly_robust,-0.24668314456087476,success,
205,row,psm,-0.2915924185971165,success,
205,row,logistic_regression,-0.209100319532703,success,
205,row,doubly_robust,-0.22486758411428126,success,
205,apk_cluster,psm,-0.24714400643604184,success,
205,apk_cluster,logistic_regression,-0.2308758161057614,success,
205,apk_cluster,doubly_robust,-0.2373481531285787,success,
206,row,psm,-0.24671958529078244,success,
206,row,logistic_regression,-0.21479854151226888,success,
206,row,doubly_robust,-0.22792182506864858,success,
206,apk_cluster,psm,-0.28322784810126583,success,
206,apk_cluster,logistic_regression,-0.2716538376328297,success,
206,apk_cluster,doubly_robust,-0.27091808575781173,success,
207,row,psm,-0.25028349262919164,success,
207,row,logistic_regression,-0.21504383637841593,success,
207,row,doubly_robust,-0.2316759410825542,success,
207,apk_cluster,psm,-0.3650541056651814,success,
207,apk_cluster,logistic_regression,-0.20298135511801338,success,
207,apk_cluster,doubly_robust,-0.21604490781728747,success,
208,row,psm,-0.30520006479831524,success,
208,row,logistic_regression,-0.19505597213728887,success,
208,row,doubly_robust,-0.20982513661423627,success,
208,apk_cluster,psm,-0.18927024325224925,success,
208,apk_cluster,logistic_regression,-0.19669843714315818,success,
208,apk_cluster,doubly_robust,-0.20786917199991733,success,
209,row,psm,-0.20670662562773368,success,
209,row,logistic_regression,-0.249805770716572,success,
209,row,doubly_robust,-0.2648774534216842,success,
209,apk_cluster,psm,-0.23596419853539463,success,
209,apk_cluster,logistic_regression,-0.2601264217996547,success,
209,apk_cluster,doubly_robust,-0.262014502376924,success,
210,row,psm,-0.21626437712619473,success,
210,row,logistic_regression,-0.19965942114542215,success,
210,row,doubly_robust,-0.2129195861793927,success,
210,apk_cluster,psm,-0.2351787599939659,success,
210,apk_cluster,logistic_regression,-0.2025074507231962,success,
210,apk_cluster,doubly_robust,-0.23208630133806782,success,
211,row,psm,-0.19504292888384903,success,
211,row,logistic_regression,-0.21051337245114662,success,
211,row,doubly_robust,-0.22552551086183034,success,
211,apk_cluster,psm,-0.25551612405492974,success,
211,apk_cluster,logistic_regression,-0.2037589333719053,success,
211,apk_cluster,doubly_robust,-0.20562709684901354,success,
212,row,psm,-0.1979588530698202,success,
212,row,logistic_regression,-0.21483276501663032,success,
212,row,doubly_robust,-0.22696016493245783,success,
212,apk_cluster,psm,-0.34148228376914747,success,
212,apk_cluster,logistic_regression,-0.18168864458708092,success,
212,apk_cluster,doubly_robust,-0.2049304347498848,success,
213,row,psm,-0.31378584156811923,success,
213,row,logistic_regression,-0.23533921946608122,success,
213,row,doubly_robust,-0.24948578357570492,success,
213,apk_cluster,psm,-0.3188652922027593,success,
213,apk_cluster,logistic_regression,-0.2283263126464615,success,
213,apk_cluster,doubly_robust,-0.24825430011307678,success,
214,row,psm,-0.2143204276688806,success,
214,row,logistic_regression,-0.2216008649362861,success,
214,row,doubly_robust,-0.23005847675980906,success,
214,apk_cluster,psm,-0.21290112396155725,success,
214,apk_cluster,logistic_regression,-0.2086638439523218,success,
214,apk_cluster,doubly_robust,-0.22513048279574763,success,
215,row,psm,-0.19585290782439657,success,
215,row,logistic_regression,-0.2154088162148482,success,
215,row,doubly_robust,-0.2377282438329299,success,
215,apk_cluster,psm,-0.2639667040179286,success,
215,apk_cluster,logistic_regression,-0.2277929392963614,success,
215,apk_cluster,doubly_robust,-0.23588993125978028,success,
216,row,psm,-0.3278794751336465,success,
216,row,logistic_regression,-0.24671005416585717,success,
216,row,doubly_robust,-0.2623633104916148,success,
216,apk_cluster,psm,-0.3653814602132896,success,
216,apk_cluster,logistic_regression,-0.2444563677181758,success,
216,apk_cluster,doubly_robust,-0.2643469193220948,success,
217,row,psm,-0.14433824720557265,success,
217,row,logistic_regression,-0.22818450157724987,success,
217,row,doubly_robust,-0.23808229720966337,success,
217,apk_cluster,psm,-0.20350383231659627,success,
217,apk_cluster,logistic_regression,-0.24054039787197073,success,
217,apk_cluster,doubly_robust,-0.255277969621829,success,
218,row,psm,-0.29677628381662075,success,
218,row,logistic_regression,-0.21543388130343974,success,
218,row,doubly_robust,-0.23563651188137788,success,
218,apk_cluster,psm,-0.27946482260974137,success,
218,apk_cluster,logistic_regression,-0.2534270160538361,success,
218,apk_cluster,doubly_robust,-0.2624367566624503,success,
219,row,psm,-0.2786327555483557,success,
219,row,logistic_regression,-0.1930896576941466,success,
219,row,doubly_robust,-0.2098741582967206,success,
219,apk_cluster,psm,-0.3273370233702337,success,
219,apk_cluster,logistic_regression,-0.15539376840103014,success,
219,apk_cluster,doubly_robust,-0.2106943577655212,success,
220,row,psm,-0.34148712133484527,success,
220,row,logistic_regression,-0.22534489141387098,success,
220,row,doubly_robust,-0.2388526859569074,success,
220,apk_cluster,psm,-0.31046688016180685,success,
220,apk_cluster,logistic_regression,-0.24681438657495577,success,
220,apk_cluster,doubly_robust,-0.24840749097147055,success,
221,row,psm,-0.26081321885630976,success,
221,row,logistic_regression,-0.21681409329081483,success,
221,row,doubly_robust,-0.23078285766934728,success,
221,apk_cluster,psm,-0.3092848180677541,success,
221,apk_cluster,logistic_regression,-0.3076190895642775,success,
221,apk_cluster,doubly_robust,-0.3195486839752894,success,
222,row,psm,-0.22225822128624656,success,
222,row,logistic_regression,-0.2057980889351242,success,
222,row,doubly_robust,-0.21931936781119213,success,
222,apk_cluster,psm,-0.1240473487919572,success,
222,apk_cluster,logistic_regression,-0.21433438013175954,success,
222,apk_cluster,doubly_robust,-0.22941573964560882,success,
223,row,psm,-0.20897456666126682,success,
223,row,logistic_regression,-0.19966790094002299,success,
223,row,doubly_robust,-0.21503399231542283,success,
223,apk_cluster,psm,-0.2513764624913971,success,
223,apk_cluster,logistic_regression,-0.20529932422082348,success,
223,apk_cluster,doubly_robust,-0.22680520409528745,success,
224,row,psm,-0.2177223392191803,success,
224,row,logistic_regression,-0.24891143293475124,success,
224,row,doubly_robust,-0.2598300206769771,success,
224,apk_cluster,psm,-0.30346511982903374,success,
224,apk_cluster,logistic_regression,-0.21489153012618392,success,
224,apk_cluster,doubly_robust,-0.22118232319324146,success,
225,row,psm,-0.2669690588044711,success,
225,row,logistic_regression,-0.22966550165995195,success,
225,row,doubly_robust,-0.24503412378553868,success,
225,apk_cluster,psm,-0.18347710683477106,success,
225,apk_cluster,logistic_regression,-0.24534302465125724,success,
225,apk_cluster,doubly_robust,-0.25903826593143076,success,
226,row,psm,-0.2972622711809493,success,
226,row,logistic_regression,-0.2151316968289184,success,
226,row,doubly_robust,-0.23168822887012952,success,
226,apk_cluster,psm,-0.21516494337764647,success,
226,apk_cluster,logistic_regression,-0.20146347670607537,success,
226,apk_cluster,doubly_robust,-0.22505287057876955,success,
227,row,psm,-0.2540093957557103,success,
227,row,logistic_regression,-0.2489597548186131,success,
227,row,doubly_robust,-0.2574689714200504,success,
227,apk_cluster,psm,-0.32424144609425437,success,
227,apk_cluster,logistic_regression,-0.1986039331930387,success,
227,apk_cluster,doubly_robust,-0.2088708603649049,success,
228,row,psm,-0.28819050704681676,success,
228,row,logistic_regression,-0.2363242484326253,success,
228,row,doubly_robust,-0.25160986532277396,success,
228,apk_cluster,psm,-0.32820097244732577,success,
228,apk_cluster,logistic_regression,-0.19077669553659343,success,
228,apk_cluster,doubly_robust,-0.22093199093390908,success,
229,row,psm,-0.23230196014903612,success,
229,row,logistic_regression,-0.22886649354026173,success,
229,row,doubly_robust,-0.23998051601589201,success,
229,apk_cluster,psm,-0.2930277913213067,success,
229,apk_cluster,logistic_regression,-0.22262149004810408,success,
229,apk_cluster,doubly_robust,-0.23731055129175135,success,
230,row,psm,-0.2705329661428803,success,
230,row,logistic_regression,-0.23906959710652556,success,
230,row,doubly_robust,-0.25223805117570003,success,
230,apk_cluster,psm,-0.3293657263981738,success,
230,apk_cluster,logistic_regression,-0.24937810920704087,success,
230,apk_cluster,doubly_robust,-0.253660785723689,success,
231,row,psm,-0.2878665154705978,success,
231,row,logistic_regression,-0.225987883712356,success,
231,row,doubly_robust,-0.23967871257026652,success,
231,apk_cluster,psm,-0.3588811630847029,success,
231,apk_cluster,logistic_regression,-0.21302527092461346,success,
231,apk_cluster,doubly_robust,-0.2293807825122606,success,
232,row,psm,-0.2528754252389438,success,
232,row,logistic_regression,-0.24667694414501062,success,
232,row,doubly_robust,-0.26276145448497756,success,
232,apk_cluster,psm,-0.2829776508149891,success,
232,apk_cluster,logistic_regression,-0.23174676588696386,success,
232,apk_cluster,doubly_robust,-0.24049200575480068,success,
233,row,psm,-0.32431556779523735,success,
233,row,logistic_regression,-0.2351929385584746,success,
233,row,doubly_robust,-0.2523433679916966,success,
233,apk_cluster,psm,-0.35201222618441164,success,
233,apk_cluster,logistic_regression,-0.18889797893602725,success,
233,apk_cluster,doubly_robust,-0.23114779613150682,success,
234,row,psm,-0.29240239753766406,success,
234,row,logistic_regression,-0.2013436498326251,success,
234,row,doubly_robust,-0.2226546299994943,success,
234,apk_cluster,psm,-0.36745827984595636,success,
234,apk_cluster,logistic_regression,-0.21287717329208175,success,
234,apk_cluster,doubly_robust,-0.2711016008936985,success,
235,row,psm,-0.23942977482585454,success,
235,row,logistic_regression,-0.23929343170285344,success,
235,row,doubly_robust,-0.251761209890298,success,
235,apk_cluster,psm,-0.1890350182221518,success,
235,apk_cluster,logistic_regression,-0.10735475512964718,success,
235,apk_cluster,doubly_robust,-0.15109814561258617,success,
236,row,psm,-0.3069820184675198,success,
236,row,logistic_regression,-0.26047484416384176,success,
236,row,doubly_robust,-0.27672132757520945,success,
236,apk_cluster,psm,-0.36997149192271145,success,
236,apk_cluster,logistic_regression,-0.2267645082681059,success,
236,apk_cluster,doubly_robust,-0.2423716527528815,success,
237,row,psm,-0.27523084399805603,success,
237,row,logistic_regression,-0.226990794242285,success,
237,row,doubly_robust,-0.24839596019162757,success,
237,apk_cluster,psm,-0.2230277921629553,success,
237,apk_cluster,logistic_regression,-0.1575668580721288,success,
237,apk_cluster,doubly_robust,-0.16492395708357482,success,
238,row,psm,-0.23570387169933582,success,
238,row,logistic_regression,-0.24650761208414873,success,
238,row,doubly_robust,-0.27331255943868066,success,
238,apk_cluster,psm,-0.28457843299652147,success,
238,apk_cluster,logistic_regression,-0.25988889555252676,success,
238,apk_cluster,doubly_robust,-0.25595811066912405,success,
239,row,psm,-0.239591770613964,success,
239,row,logistic_regression,-0.22166326074193546,success,
239,row,doubly_robust,-0.2341689672257367,success,
239,apk_cluster,psm,-0.35044812395564334,success,
239,apk_cluster,logistic_regression,-0.2428847733620549,success,
239,apk_cluster,doubly_robust,-0.24673139626639137,success,
240,row,psm,-0.2645391219828285,success,
240,row,logistic_regression,-0.21181877914369923,success,
240,row,doubly_robust,-0.23000823601452092,success,
240,apk_cluster,psm,-0.3617360778681985,success,
240,apk_cluster,logistic_regression,-0.2043454464870791,success,
240,apk_cluster,doubly_robust,-0.21792407411564924,success,
241,row,psm,-0.28495059128462663,success,
241,row,logistic_regression,-0.25165219329587996,success,
241,row,doubly_robust,-0.2688031164616762,success,
241,apk_cluster,psm,-0.2666772806877886,success,
241,apk_cluster,logistic_regression,-0.19714255731792382,success,
241,apk_cluster,doubly_robust,-0.2058817400152964,success,
242,row,psm,-0.28592256601328364,success,
242,row,logistic_regression,-0.22708658875339247,success,
242,row,doubly_robust,-0.24195910114155367,success,
242,apk_cluster,psm,-0.2949701619778346,success,
242,apk_cluster,logistic_regression,-0.22312799448945944,success,
242,apk_cluster,doubly_robust,-0.22516065657011972,success,
243,row,psm,-0.20589664668718613,success,
243,row,logistic_regression,-0.20429462265532947,success,
243,row,doubly_robust,-0.21859886736542394,success,
243,apk_cluster,psm,-0.24626865671641787,success,
243,apk_cluster,logistic_regression,-0.3048425484728677,success,
243,apk_cluster,doubly_robust,-0.30020047636634223,success,
244,row,psm,-0.26632107565203306,success,
244,row,logistic_regression,-0.2235532578786922,success,
244,row,doubly_robust,-0.23824507723669577,success,
244,apk_cluster,psm,-0.2358265840876608,success,
244,apk_cluster,logistic_regression,-0.20320940185017564,success,
244,apk_cluster,doubly_robust,-0.24519302042458382,success,
245,row,psm,-0.3108699173821481,success,
245,row,logistic_regression,-0.2258441507551385,success,
245,row,doubly_robust,-0.2422524885445092,success,
245,apk_cluster,psm,-0.24930534115467737,success,
245,apk_cluster,logistic_regression,-0.1777907777006395,success,
245,apk_cluster,doubly_robust,-0.20727384426460294,success,
246,row,psm,-0.23473189697067876,success,
246,row,logistic_regression,-0.2723029873698012,success,
246,row,doubly_robust,-0.2860292571884662,success,
246,apk_cluster,psm,-0.3251215015920898,success,
246,apk_cluster,logistic_regression,-0.23449356640600566,success,
246,apk_cluster,doubly_robust,-0.24200506423048523,success,
247,row,psm,-0.3026081321885631,success,
247,row,logistic_regression,-0.22059380885239216,success,
247,row,doubly_robust,-0.24100609180277993,success,
247,apk_cluster,psm,-0.17971206354459707,success,
247,apk_cluster,logistic_regression,-0.20213346230411958,success,
247,apk_cluster,doubly_robust,-0.20400288226828234,success,
248,row,psm,-0.2821966628867649,success,
248,row,logistic_regression,-0.2524417056363726,success,
248,row,doubly_robust,-0.26364573981376166,success,
248,apk_cluster,psm,-0.2409075742409076,success,
248,apk_cluster,logistic_regression,-0.20442937933082955,success,
248,apk_cluster,doubly_robust,-0.25726511611745656,success,
249,row,psm,-0.25417139154381985,success,
249,row,logistic_regression,-0.2206998613493314,success,
249,row,doubly_robust,-0.2328640989371702,success,
249,apk_cluster,psm,-0.2632447296058662,success,
249,apk_cluster,logistic_regression,-0.2217700302898152,success,
249,apk_cluster,doubly_robust,-0.24099335980058967,success,
250,row,psm,-0.17722339219180303,success,
250,row,logistic_regression,-0.23316195496010414,success,
250,row,doubly_robust,-0.24657698572089437,success,
250,apk_cluster,psm,-0.21384764364105874,success,
250,apk_cluster,logistic_regression,-0.23936413700154993,success,
250,apk_cluster,doubly_robust,-0.2508987881905022,success,
251,row,psm,-0.2159403855499757,success,
251,row,logistic_regression,-0.21080538886698919,success,
251,row,doubly_robust,-0.22647036673470147,success,
251,apk_cluster,psm,-0.30165090559384516,success,
251,apk_cluster,logistic_regression,-0.21887040588381942,success,
251,apk_cluster,doubly_robust,-0.23878081196118645,success,
252,row,psm,-0.26777903774501866,success,
252,row,logistic_regression,-0.20698480907731087,success,
252,row,doubly_robust,-0.2258038393646049,success,
252,apk_cluster,psm,-0.2590410734740632,success,
252,apk_cluster,logistic_regression,-0.2415028251211229,success,
252,apk_cluster,doubly_robust,-0.2456768564155285,success,
253,row,psm,-0.21869431394783737,success,
253,row,logistic_regression,-0.22316145737260087,success,
253,row,doubly_robust,-0.23775314785311913,success,
253,apk_cluster,psm,-0.36035286284953394,success,
253,apk_cluster,logistic_regression,-0.24604812092148884,success,
253,apk_cluster,doubly_robust,-0.2613594553333295,success,
254,row,psm,-0.3419731086991738,success,
254,row,logistic_regression,-0.22147050265673116,success,
254,row,doubly_robust,-0.23777548251971709,success,
254,apk_cluster,psm,-0.3148206419131529,success,
254,apk_cluster,logistic_regression,-0.25269260658275483,success,
254,apk_cluster,doubly_robust,-0.25633445711931896,success,
255,row,psm,-0.27717479345537016,success,
255,row,logistic_regression,-0.21001905284214245,success,
255,row,doubly_robust,-0.22371846724096742,success,
255,apk_cluster,psm,-0.3411023622047244,success,
255,apk_cluster,logistic_regression,-0.1693012046363747,success,
255,apk_cluster,doubly_robust,-0.19181205771215507,success,
256,row,psm,-0.2778227766078082,success,
256,row,logistic_regression,-0.20404106186987012,success,
256,row,doubly_robust,-0.21841697958394649,success,
256,apk_cluster,psm,-0.3724663531700989,success,
256,apk_cluster,logistic_regression,-0.15241363276344222,success,
256,apk_cluster,doubly_robust,-0.24061057187929344,success,
257,row,psm,-0.2250121496841082,success,
257,row,logistic_regression,-0.18936588089596668,success,
257,row,doubly_robust,-0.20464087339657203,success,
257,apk_cluster,psm,-0.2794612794612794,success,
257,apk_cluster,logistic_regression,-0.21031143236473304,success,
257,apk_cluster,doubly_robust,-0.21749156301802253,success,
258,row,psm,-0.15551595658512882,success,
258,row,logistic_regression,-0.22712788508944956,success,
258,row,doubly_robust,-0.2366262028054423,success,
258,apk_cluster,psm,-0.2195398574206092,success,
258,apk_cluster,logistic_regression,-0.1909683215317947,success,
258,apk_cluster,doubly_robust,-0.226271932539181,success,
259,row,psm,-0.28252065446298397,success,
259,row,logistic_regression,-0.2151778856730829,success,
259,row,doubly_robust,-0.23441420188059633,success,
259,apk_cluster,psm,-0.3440965427266797,success,
259,apk_cluster,logistic_regression,-0.32457594554824615,success,
259,apk_cluster,doubly_robust,-0.323781892900711,success,
260,row,psm,-0.26794103353312815,success,
260,row,logistic_regression,-0.22332462393458188,success,
260,row,doubly_robust,-0.23974412600531664,success,
260,apk_cluster,psm,-0.3173431734317343,success,
260,apk_cluster,logistic_regression,-0.27312371429647697,success,
260,apk_cluster,doubly_robust,-0.2747682008288224,success,
261,row,psm,-0.23618985906366435,success,
261,row,logistic_regression,-0.21334516220728175,success,
261,row,doubly_robust,-0.22664301935639308,success,
261,apk_cluster,psm,-0.3381619937694704,success,
261,apk_cluster,logistic_regression,-0.29611092226668095,success,
261,apk_cluster,doubly_robust,-0.2948114598100847,success,
262,row,psm,-0.2698849829904422,success,
262,row,logistic_regression,-0.20452846819352888,success,
262,row,doubly_robust,-0.2224899000056201,success,
262,apk_cluster,psm,-0.29313205043132046,success,
262,apk_cluster,logistic_regression,-0.22896528657504214,success,
262,apk_cluster,doubly_robust,-0.23304233720219758,success,
263,row,psm,-0.2434796695285922,success,
263,row,logistic_regression,-0.210644622838936,success,
263,row,doubly_robust,-0.22695250640506304,success,
263,apk_cluster,psm,-0.3059016393442623,success,
263,apk_cluster,logistic_regression,-0.22834576084102676,success,
263,apk_cluster,doubly_robust,-0.22792235169028494,success,
264,row,psm,-0.31670176575409037,success,
264,row,logistic_regression,-0.25186995222461145,success,
264,row,doubly_robust,-0.2626813861840156,success,
264,apk_cluster,psm,-0.2879045996592845,success,
264,apk_cluster,logistic_regression,-0.22887827509910966,success,
264,apk_cluster,doubly_robust,-0.26266747682596275,success,
265,row,psm,-0.2141584318807711,success,
265,row,logistic_regression,-0.2236614609425747,success,
265,row,doubly_robust,-0.23578632629465898,success,
265,apk_cluster,psm,-0.12914587613736425,success,
265,apk_cluster,logistic_regression,-0.12688506990675558,success,
265,apk_cluster,doubly_robust,-0.16811152053419665,success,
266,row,psm,-0.3055240563745343,success,
266,row,logistic_regression,-0.2352190594261262,success,
266,row,doubly_robust,-0.2506140830048134,success,
266,apk_cluster,psm,-0.2128322940597309,success,
266,apk_cluster,logistic_regression,-0.19227997515330203,success,
266,apk_cluster,doubly_robust,-0.2033155605352562,success,
267,row,psm,-0.24023975376640208,success,
267,row,logistic_regression,-0.20949879330726065,success,
267,row,doubly_robust,-0.22876893971727055,success,
267,apk_cluster,psm,-0.3473618090452261,success,
267,apk_cluster,logistic_regression,-0.24168746283276474,success,
267,apk_cluster,doubly_robust,-0.24342339089747989,success,
268,row,psm,-0.23910578324963552,success,
268,row,logistic_regression,-0.1990562957244553,success,
268,row,doubly_robust,-0.2141388770777172,success,
268,apk_cluster,psm,-0.33697112155809267,success,
268,apk_cluster,logistic_regression,-0.25571420477412476,success,
268,apk_cluster,doubly_robust,-0.25236253047763785,success,
269,row,psm,-0.2821966628867649,success,
269,row,logistic_regression,-0.2170243629987089,success,
269,row,doubly_robust,-0.22893206928409102,success,
269,apk_cluster,psm,-0.33078149920255184,success,
269,apk_cluster,logistic_regression,-0.2334053826030442,success,
269,apk_cluster,doubly_robust,-0.254330815453603,success,
270,row,psm,-0.25174145472217724,success,
270,row,logistic_regression,-0.18582788079977203,success,
270,row,doubly_robust,-0.20168010126403227,success,
270,apk_cluster,psm,-0.26411687458962574,success,
270,apk_cluster,logistic_regression,-0.20800826231996225,success,
270,apk_cluster,doubly_robust,-0.22691268079691024,success,
271,row,psm,-0.2706949619309898,success,
271,row,logistic_regression,-0.2229463362603179,success,
271,row,doubly_robust,-0.23318490911438994,success,
271,apk_cluster,psm,-0.21583901330736774,success,
271,apk_cluster,logistic_regression,-0.23984276174431565,success,
271,apk_cluster,doubly_robust,-0.2565924060597443,success,
272,row,psm,-0.18856309735946866,success,
272,row,logistic_regression,-0.2062508104236023,success,
272,row,doubly_robust,-0.22105288497817832,success,
272,apk_cluster,psm,-0.28536843697987596,success,
272,apk_cluster,logistic_regression,-0.25545982650307647,success,
272,apk_cluster,doubly_robust,-0.2901040854192223,success,
273,row,psm,-0.2544953831200389,success,
273,row,logistic_regression,-0.24559663780688593,success,
273,row,doubly_robust,-0.2545783722684688,success,
273,apk_cluster,psm,-0.29767726161369196,success,
273,apk_cluster,logistic_regression,-0.23997950000524063,success,
273,apk_cluster,doubly_robust,-0.24350643771799932,success,
274,row,psm,-0.3026081321885631,success,
274,row,logistic_regression,-0.22646442135037956,success,
274,row,doubly_robust,-0.2429247294545745,success,
274,apk_cluster,psm,-0.34911980059199255,success,
274,apk_cluster,logistic_regression,-0.23332030264617606,success,
274,apk_cluster,doubly_robust,-0.25058382234799087,success,
275,row,psm,-0.27069496193098985,success,
275,row,logistic_regression,-0.2528462928599317,success,
275,row,doubly_robust,-0.2709912010561645,success,
275,apk_cluster,psm,-0.2522260273972603,success,
275,apk_cluster,logistic_regression,-0.15747303959022504,success,
275,apk_cluster,doubly_robust,-0.19004297915738158,success,
276,row,psm,-0.20589664668718613,success,
276,row,logistic_regression,-0.23096791541623354,success,
276,row,doubly_robust,-0.2452828415833495,success,
276,apk_cluster,psm,-0.2771122823830059,success,
276,apk_cluster,logistic_regression,-0.2117298432629774,success,
276,apk_cluster,doubly_robust,-0.22378536843176103,success,
277,row,psm,-0.15988984286408553,success,
277,row,logistic_regression,-0.19776744285383327,success,
277,row,doubly_robust,-0.21192111249561243,success,
277,apk_cluster,psm,-0.3170843520782396,success,
277,apk_cluster,logistic_regression,-0.25419012518908446,success,
277,apk_cluster,doubly_robust,-0.2666067875554209,success,
278,row,psm,-0.2604892272800907,success,
278,row,logistic_regression,-0.23497959077251837,success,
278,row,doubly_robust,-0.248124260877262,success,
278,apk_cluster,psm,-0.24045620148899097,success,
278,apk_cluster,logistic_regression,-0.19823274207649297,success,
278,apk_cluster,doubly_robust,-0.22336382099043897,success,
279,row,psm,-0.24509962740968735,success,
279,row,logistic_regression,-0.24422005184712733,success,
279,row,doubly_robust,-0.25603520621543646,success,
279,apk_cluster,psm,-0.32597535934291577,success,
279,apk_cluster,logistic_regression,-0.21541341360987237,success,
279,apk_cluster,doubly_robust,-0.2279445142705201,success,
280,row,psm,-0.19423294994330148,success,
280,row,logistic_regression,-0.18994211898741778,success,
280,row,doubly_robust,-0.21409026070408055,success,
280,apk_cluster,psm,-0.32038206248988177,success,
280,apk_cluster,logistic_regression,-0.2271971000437301,success,
280,apk_cluster,doubly_robust,-0.24315941672762778,success,
281,row,psm,-0.27571683136238456,success,
281,row,logistic_regression,-0.20476802485618645,success,
281,row,doubly_robust,-0.2205736393924228,success,
281,apk_cluster,psm,-0.25126984126984125,success,
281,apk_cluster,logistic_regression,-0.17596168408099774,success,
281,apk_cluster,doubly_robust,-0.21639165208892747,success,
282,row,psm,-0.1859711647497165,success,
282,row,logistic_regression,-0.2694709843437412,success,
282,row,doubly_robust,-0.28148248936916265,success,
282,apk_cluster,psm,-0.21516754850088182,success,
282,apk_cluster,logistic_regression,-0.220291844377252,success,
282,apk_cluster,doubly_robust,-0.22791577142052696,success,
283,row,psm,-0.29888222906204437,success,
283,row,logistic_regression,-0.21545021209173654,success,
283,row,doubly_robust,-0.22670656763552013,success,
283,apk_cluster,psm,-0.30129623774897246,success,
283,apk_cluster,logistic_regression,-0.1881650300498535,success,
283,apk_cluster,doubly_robust,-0.19710828592131627,success,
284,row,psm,-0.23667584642799286,success,
284,row,logistic_regression,-0.1858137661310885,success,
284,row,doubly_robust,-0.20229025747544188,success,
284,apk_cluster,psm,-0.30273277695958106,success,
284,apk_cluster,logistic_regression,-0.24879846194303162,success,
284,apk_cluster,doubly_robust,-0.2623424306300974,success,
285,row,psm,-0.3264215130406609,success,
285,row,logistic_regression,-0.23770467887737315,success,
285,row,doubly_robust,-0.2518423182290328,success,
285,apk_cluster,psm,-0.3335352923356559,success,
285,apk_cluster,logistic_regression,-0.21106833248464602,success,
285,apk_cluster,doubly_robust,-0.2269911587505296,success,
286,row,psm,-0.2854365786489551,success,
286,row,logistic_regression,-0.1956946994622968,success,
286,row,doubly_robust,-0.21203143138046396,success,
286,apk_cluster,psm,-0.2839813891658358,success,
286,apk_cluster,logistic_regression,-0.2108313506646102,success,
286,apk_cluster,doubly_robust,-0.22471350376673185,success,
287,row,psm,-0.22355418759112264,success,
287,row,logistic_regression,-0.20485617536424733,success,
287,row,doubly_robust,-0.22148219868631927,success,
287,apk_cluster,psm,-0.36668217775709633,success,
287,apk_cluster,logistic_regression,-0.16390106061708404,success,
287,apk_cluster,doubly_robust,-0.21068688756665382,success,
288,row,psm,-0.27393487769318,success,
288,row,logistic_regression,-0.2234923199402544,success,
288,row,doubly_robust,-0.23908275838068732,success,
288,apk_cluster,psm,-0.40453536314620997,success,
288,apk_cluster,logistic_regression,-0.1984661411508026,success,
288,apk_cluster,doubly_robust,-0.21625648794102217,success,
289,row,psm,-0.26097521464441925,success,
289,row,logistic_regression,-0.21406173824844044,success,
289,row,doubly_robust,-0.22788742990791971,success,
289,apk_cluster,psm,-0.26037242731133614,success,
289,apk_cluster,logistic_regression,-0.26882237105913415,success,
289,apk_cluster,doubly_robust,-0.2835401099452462,success,
290,row,psm,-0.22485015389599872,success,
290,row,logistic_regression,-0.2066664720772286,success,
290,row,doubly_robust,-0.22585528796544696,success,
290,apk_cluster,psm,-0.3020850169710684,success,
290,apk_cluster,logistic_regression,-0.2293407391088146,success,
290,apk_cluster,doubly_robust,-0.22092468975802432,success,
291,row,psm,-0.23052000647983154,success,
291,row,logistic_regression,-0.19449052730641686,success,
291,row,doubly_robust,-0.20370720849089988,success,
291,apk_cluster,psm,-0.18497400637263123,success,
291,apk_cluster,logistic_regression,-0.22926923926900536,success,
291,apk_cluster,doubly_robust,-0.24908752035710807,success,
292,row,psm,-0.3248015551595658,success,
292,row,logistic_regression,-0.22501736538310632,success,
292,row,doubly_robust,-0.23859004888620453,success,
292,apk_cluster,psm,-0.28745890089243775,success,
292,apk_cluster,logistic_regression,-0.19140136279943248,success,
292,apk_cluster,doubly_robust,-0.21521359152179056,success,
293,row,psm,-0.292078405961445,success,
293,row,logistic_regression,-0.2303541713247614,success,
293,row,doubly_robust,-0.24673204341739377,success,
293,apk_cluster,psm,-0.28476391367840337,success,
293,apk_cluster,logistic_regression,-0.2546785079861294,success,
293,apk_cluster,doubly_robust,-0.2648310731330055,success,
294,row,psm,-0.19439494573141097,success,
294,row,logistic_regression,-0.20392358140218603,success,
294,row,doubly_robust,-0.21633061035750345,success,
294,apk_cluster,psm,-0.31770491803278683,success,
294,apk_cluster,logistic_regression,-0.23866193399044233,success,
294,apk_cluster,doubly_robust,-0.23837830606184776,success,
295,row,psm,-0.30228414061234404,success,
295,row,logistic_regression,-0.19132536495532582,success,
295,row,doubly_robust,-0.206929655423585,success,
295,apk_cluster,psm,-0.2890742285237698,success,
295,apk_cluster,logistic_regression,-0.19955760795147043,success,
295,apk_cluster,doubly_robust,-0.20784041515280616,success,
296,row,psm,-0.27701279766726067,success,
296,row,logistic_regression,-0.21311591360089593,success,
296,row,doubly_robust,-0.22839870558051611,success,
296,apk_cluster,psm,-0.2798687845303867,success,
296,apk_cluster,logistic_regression,-0.21103290680558956,success,
296,apk_cluster,doubly_robust,-0.21484463885540625,success,
297,row,psm,-0.2844646039202981,success,
297,row,logistic_regression,-0.20787811830570985,success,
297,row,doubly_robust,-0.22164950974702238,success,
297,apk_cluster,psm,-0.32984562607204115,success,
297,apk_cluster,logistic_regression,-0.27428459245350734,success,
297,apk_cluster,doubly_robust,-0.2740261047480563,success,
298,row,psm,-0.2928883849019926,success,
298,row,logistic_regression,-0.18844132020262133,success,
298,row,doubly_robust,-0.20460232893078234,success,
298,apk_cluster,psm,-0.2979942693409742,success,
298,apk_cluster,logistic_regression,-0.2559794945827505,success,
298,apk_cluster,doubly_robust,-0.2582327861905991,success,
299,row,psm,-0.19471893730763,success,
299,row,logistic_regression,-0.2250926544215508,success,
299,row,doubly_robust,-0.24236276393978295,success,
299,apk_cluster,psm,-0.22855333966445077,success,
299,apk_cluster,logistic_regression,-0.25952463644921264,success,
299,apk_cluster,doubly_robust,-0.2705858747459492,success,
300,row,psm,-0.292402397537664,success,
300,row,logistic_regression,-0.1967172241923855,success,
300,row,doubly_robust,-0.21267159905712243,success,
300,apk_cluster,psm,-0.35864297253634897,success,
300,apk_cluster,logistic_regression,-0.17226242241250786,success,
300,apk_cluster,doubly_robust,-0.1996991438508671,success,
301,row,psm,-0.3372752308439981,success,
301,row,logistic_regression,-0.24046580902839573,success,
301,row,doubly_robust,-0.2460528389510741,success,
301,apk_cluster,psm,-0.29713219073477004,success,
301,apk_cluster,logistic_regression,-0.1807556755142205,success,
301,apk_cluster,doubly_robust,-0.20884603940046045,success,
302,row,psm,-0.30682002267941033,success,
302,row,logistic_regression,-0.23352541891037895,success,
302,row,doubly_robust,-0.24649253439399338,success,
302,apk_cluster,psm,-0.3243555849306014,success,
302,apk_cluster,logistic_regression,-0.2507031520593671,success,
302,apk_cluster,doubly_robust,-0.2548883855897634,success,
303,row,psm,-0.21642637291430422,success,
303,row,logistic_regression,-0.21158371129054204,success,
303,row,doubly_robust,-0.23065930663139425,success,
303,apk_cluster,psm,-0.18194161575016973,success,
303,apk_cluster,logistic_regression,-0.23105307265200828,success,
303,apk_cluster,doubly_robust,-0.24221040842525277,success,
304,row,psm,-0.3152438036611048,success,
304,row,logistic_regression,-0.2300966192271456,success,
304,row,doubly_robust,-0.23907287392974952,success,
304,apk_cluster,psm,-0.305924831774167,success,
304,apk_cluster,logistic_regression,-0.24213487619489155,success,
304,apk_cluster,doubly_robust,-0.24427386253287894,success,
305,row,psm,-0.274258869269399,success,
305,row,logistic_regression,-0.21857471756107202,success,
305,row,doubly_robust,-0.23668448818085724,success,
305,apk_cluster,psm,-0.22444077465845966,success,
305,apk_cluster,logistic_regression,-0.27041644089735173,success,
305,apk_cluster,doubly_robust,-0.2773246510820423,success,
306,row,psm,-0.2766888060910417,success,
306,row,logistic_regression,-0.21383129413113314,success,
306,row,doubly_robust,-0.22608820457504533,success,
306,apk_cluster,psm,-0.26605066114385856,success,
306,apk_cluster,logistic_regression,-0.15992942076715666,success,
306,apk_cluster,doubly_robust,-0.19948797012034242,success,
307,row,psm,-0.29434634699497814,success,
307,row,logistic_regression,-0.24346159079901,success,
307,row,doubly_robust,-0.26378098387702426,success,
307,apk_cluster,psm,-0.3016759776536313,success,
307,apk_cluster,logistic_regression,-0.22403914594105004,success,
307,apk_cluster,doubly_robust,-0.24178455546832003,success,
308,row,psm,-0.2954803175117447,success,
308,row,logistic_regression,-0.22995732807884697,success,
308,row,doubly_robust,-0.24713971413067057,success,
308,apk_cluster,psm,-0.2956507304116866,success,
308,apk_cluster,logistic_regression,-0.1911676560689954,success,
308,apk_cluster,doubly_robust,-0.21603863907748966,success,
309,row,psm,-0.2105945245423619,success,
309,row,logistic_regression,-0.23769981122303718,success,
309,row,doubly_robust,-0.25380374181874515,success,
309,apk_cluster,psm,-0.3147655470568673,success,
309,apk_cluster,logistic_regression,-0.2648829818763696,success,
309,apk_cluster,doubly_robust,-0.2752729280367626,success,
310,row,psm,-0.3165397699659809,success,
310,row,logistic_regression,-0.23448110622680512,success,
310,row,doubly_robust,-0.2502969129007408,success,
310,apk_cluster,psm,-0.3400391668150258,success,
310,apk_cluster,logistic_regression,-0.25626444215640215,success,
310,apk_cluster,doubly_robust,-0.257223577155961,success,
311,row,psm,-0.24736756844322053,success,
311,row,logistic_regression,-0.19675944005080023,success,
311,row,doubly_robust,-0.2160718372668426,success,
311,apk_cluster,psm,-0.27818567466144556,success,
311,apk_cluster,logistic_regression,-0.19421148707057828,success,
311,apk_cluster,doubly_robust,-0.20440610069265977,success,
312,row,psm,-0.24898752632431556,success,
312,row,logistic_regression,-0.18746758310103737,success,
312,row,doubly_robust,-0.20908547270576266,success,
312,apk_cluster,psm,-0.24175313613133034,success,
312,apk_cluster,logistic_regression,-0.18598087727254914,success,
312,apk_cluster,doubly_robust,-0.20893933407448242,success,
313,row,psm,-0.24461364004535882,success,
313,row,logistic_regression,-0.24298694053099112,success,
313,row,doubly_robust,-0.25177391435609864,success,
313,apk_cluster,psm,-0.20553621747057849,success,
313,apk_cluster,logistic_regression,-0.23399568783186295,success,
313,apk_cluster,doubly_robust,-0.2408727515337571,success,
314,row,psm,-0.32058966466871863,success,
314,row,logistic_regression,-0.2246602926851401,success,
314,row,doubly_robust,-0.23982650082224385,success,
314,apk_cluster,psm,-0.37270973963355836,success,
314,apk_cluster,logistic_regression,-0.19856461868929168,success,
314,apk_cluster,doubly_robust,-0.1995462512336524,success,
315,row,psm,-0.2849505912846266,success,
315,row,logistic_regression,-0.23803917670492813,success,
315,row,doubly_robust,-0.25407187956241056,success,
315,apk_cluster,psm,-0.23927691043549712,success,
315,apk_cluster,logistic_regression,-0.22571944569652388,success,
315,apk_cluster,doubly_robust,-0.23338513271717642,success,
316,row,psm,-0.31410983314433827,success,
316,row,logistic_regression,-0.2784598744091029,success,
316,row,doubly_robust,-0.2884175690264776,success,
316,apk_cluster,psm,-0.25213540018981334,success,
316,apk_cluster,logistic_regression,-0.21111401071414004,success,
316,apk_cluster,doubly_robust,-0.22934026737476323,success,
317,row,psm,-0.19504292888384903,success,
317,row,logistic_regression,-0.17782239067012065,success,
317,row,doubly_robust,-0.19809181413510507,success,
317,apk_cluster,psm,-0.32604763340367804,success,
317,apk_cluster,logistic_regression,-0.173090964156436,success,
317,apk_cluster,doubly_robust,-0.21393029174889913,success,
318,row,psm,-0.18888708893568767,success,
318,row,logistic_regression,-0.216179373134486,success,
318,row,doubly_robust,-0.23306740698055753,success,
318,apk_cluster,psm,-0.2717798404168702,success,
318,apk_cluster,logistic_regression,-0.21437506420237135,success,
318,apk_cluster,doubly_robust,-0.21554341364504434,success,
319,row,psm,-0.22598412441276527,success,
319,row,logistic_regression,-0.2069830223572637,success,
319,row,doubly_robust,-0.2215982482185423,success,
319,apk_cluster,psm,-0.3190215531987684,success,
319,apk_cluster,logistic_regression,-0.2839508063261048,success,
319,apk_cluster,doubly_robust,-0.28076675375139665,success,
320,row,psm,-0.3303094119552891,success,
320,row,logistic_regression,-0.23208780591428865,success,
320,row,doubly_robust,-0.24795927862717057,success,
320,apk_cluster,psm,-0.21629032258064515,success,
320,apk_cluster,logistic_regression,-0.25545295275639857,success,
320,apk_cluster,doubly_robust,-0.25976002232740847,success,
321,row,psm,-0.3905718451320266,success,
321,row,logistic_regression,-0.24735105168480406,success,
321,row,doubly_robust,-0.2625021156822687,success,
321,apk_cluster,psm,-0.2650486987066901,success,
321,apk_cluster,logistic_regression,-0.17173621474993953,success,
321,apk_cluster,doubly_robust,-0.2169192992193973,success,
322,row,psm,-0.2867325449538312,success,
322,row,logistic_regression,-0.2726605762008823,success,
322,row,doubly_robust,-0.2862849028915576,success,
322,apk_cluster,psm,-0.28760330578512394,success,
322,apk_cluster,logistic_regression,-0.1387830679403234,success,
322,apk_cluster,doubly_robust,-0.17283443223504152,success,
323,row,psm,-0.23505588854689777,success,
323,row,logistic_regression,-0.20877708221050562,success,
323,row,doubly_robust,-0.229956489059556,success,
323,apk_cluster,psm,-0.3016692479779728,success,
323,apk_cluster,logistic_regression,-0.2264146838256169,success,
323,apk_cluster,doubly_robust,-0.24184187045419508,success,
324,row,psm,-0.21999028025271342,success,
324,row,logistic_regression,-0.1975970203410275,success,
324,row,doubly_robust,-0.22058577401724183,success,
324,apk_cluster,psm,-0.3193844025592253,success,
324,apk_cluster,logistic_regression,-0.24988864927395293,success,
324,apk_cluster,doubly_robust,-0.25800971151424357,success,
325,row,psm,-0.27863275554835576,success,
325,row,logistic_regression,-0.2530065664387799,success,
325,row,doubly_robust,-0.2667649868490715,success,
325,apk_cluster,psm,-0.30393346040547564,success,
325,apk_cluster,logistic_regression,-0.22514802700839984,success,
325,apk_cluster,doubly_robust,-0.23526598026137294,success,
326,row,psm,-0.2284140612344079,success,
326,row,logistic_regression,-0.232308935018573,success,
326,row,doubly_robust,-0.24571960387244857,success,
326,apk_cluster,psm,-0.3540581414888254,success,
326,apk_cluster,logistic_regression,-0.24635790319647854,success,
326,apk_cluster,doubly_robust,-0.26719483382475534,success,
327,row,psm,-0.3163777741778714,success,
327,row,logistic_regression,-0.20821784927546233,success,
327,row,doubly_robust,-0.22039511946477974,success,
327,apk_cluster,psm,-0.23484229449256414,success,
327,apk_cluster,logistic_regression,-0.31991749196456326,success,
327,apk_cluster,doubly_robust,-0.3362386811319091,success,
328,row,psm,-0.2993682164263729,success,
328,row,logistic_regression,-0.2611825847191967,success,
328,row,doubly_robust,-0.2729636025942399,success,
328,apk_cluster,psm,-0.302356236612292,success,
328,apk_cluster,logistic_regression,-0.2696888004423652,success,
328,apk_cluster,doubly_robust,-0.27098807400731023,success,
329,row,psm,-0.36384254009395756,success,
329,row,logistic_regression,-0.2006257698480236,success,
329,row,doubly_robust,-0.21455012313506172,success,
329,apk_cluster,psm,-0.3314578851563793,success,
329,apk_cluster,logistic_regression,-0.2619019050898683,success,
329,apk_cluster,doubly_robust,-0.26090505760184823,success,
330,row,psm,-0.2460716021383444,success,
330,row,logistic_regression,-0.24106553774636708,success,
330,row,doubly_robust,-0.25259263098280643,success,
330,apk_cluster,psm,-0.2845540913269997,success,
330,apk_cluster,logistic_regression,-0.2295578750664877,success,
330,apk_cluster,doubly_robust,-0.2332805180018815,success,
331,row,psm,-0.35169285598574435,success,
331,row,logistic_regression,-0.2210232108421862,success,
331,row,doubly_robust,-0.23975438816499137,success,
331,apk_cluster,psm,-0.28143712574850294,success,
331,apk_cluster,logistic_regression,-0.21042764699648017,success,
331,apk_cluster,doubly_robust,-0.2362909937795731,success,
332,row,psm,-0.2515794589340677,success,
332,row,logistic_regression,-0.24452652292053806,success,
332,row,doubly_robust,-0.26038726596563316,success,
332,apk_cluster,psm,-0.3492921902338158,success,
332,apk_cluster,logistic_regression,-0.12997279777625018,success,
332,apk_cluster,doubly_robust,-0.17563257498125726,success,
333,row,psm,-0.29418435120686864,success,
333,row,logistic_regression,-0.2363563630504507,success,
333,row,doubly_robust,-0.25564841537419036,success,
333,apk_cluster,psm,-0.30681994718036354,success,
333,apk_cluster,logistic_regression,-0.286480480112525,success,
333,apk_cluster,doubly_robust,-0.29184621874583444,success,
334,row,psm,-0.2723149198120849,success,
334,row,logistic_regression,-0.25767599415775505,success,
334,row,doubly_robust,-0.27473709878993346,success,
334,apk_cluster,psm,-0.3232670943514317,success,
334,apk_cluster,logistic_regression,-0.2908609692921813,success,
334,apk_cluster,doubly_robust,-0.2963902386639615,success,
335,row,psm,-0.22890004859873644,success,
335,row,logistic_regression,-0.21875188756303857,success,
335,row,doubly_robust,-0.23892324518705013,success,
335,apk_cluster,psm,-0.2310446831698583,success,
335,apk_cluster,logistic_regression,-0.18813912343403202,success,
335,apk_cluster,doubly_robust,-0.19347671759074622,success,
336,row,psm,-0.2173983476429613,success,
336,row,logistic_regression,-0.22784033804141468,success,
336,row,doubly_robust,-0.23813496584139995,success,
336,apk_cluster,psm,-0.23440193036883833,success,
336,apk_cluster,logistic_regression,-0.26144664162796455,success,
336,apk_cluster,doubly_robust,-0.2620466670153672,success,
337,row,psm,-0.3495869107403208,success,
337,row,logistic_regression,-0.2239609565356632,success,
337,row,doubly_robust,-0.23981199169296682,success,
337,apk_cluster,psm,-0.4083457526080477,success,
337,apk_cluster,logistic_regression,-0.298867535196158,success,
337,apk_cluster,doubly_robust,-0.29206546134514183,success,
338,row,psm,-0.2462335979264539,success,
338,row,logistic_regression,-0.1962453115531037,success,
338,row,doubly_robust,-0.2122325971407631,success,
338,apk_cluster,psm,-0.32845836200963524,success,
338,apk_cluster,logistic_regression,-0.20825583466561698,success,
338,apk_cluster,doubly_robust,-0.2132531588978405,success,
339,row,psm,-0.1663696743884659,success,
339,row,logistic_regression,-0.2085683123896267,success,
339,row,doubly_robust,-0.22807566287479128,success,
339,apk_cluster,psm,-0.3295163477474763,success,
339,apk_cluster,logistic_regression,-0.24334356277642033,success,
339,apk_cluster,doubly_robust,-0.23877428142849655,success,
340,row,psm,-0.17122954803175117,success,
340,row,logistic_regression,-0.21733329588560438,success,
340,row,doubly_robust,-0.2334465651204623,success,
340,apk_cluster,psm,-0.3278039872165576,success,
340,apk_cluster,logistic_regression,-0.15743942063592598,success,
340,apk_cluster,doubly_robust,-0.17313096898401586,success,
341,row,psm,-0.23586586748744537,success,
341,row,logistic_regression,-0.21077832058327747,success,
341,row,doubly_robust,-0.22140442950108793,success,
341,apk_cluster,psm,-0.2890638670166229,success,
341,apk_cluster,logistic_regression,-0.2343260232769824,success,
341,apk_cluster,doubly_robust,-0.23360454932675911,success,
342,row,psm,-0.2867325449538312,success,
342,row,logistic_regression,-0.19718131490345012,success,
342,row,doubly_robust,-0.21303723424468735,success,
342,apk_cluster,psm,-0.25436768712934765,success,
342,apk_cluster,logistic_regression,-0.26143614475194543,success,
342,apk_cluster,doubly_robust,-0.2798485842610552,success,
343,row,psm,-0.2637291430422809,success,
343,row,logistic_regression,-0.21312487492497173,success,
343,row,doubly_robust,-0.22674414007042656,success,
343,apk_cluster,psm,-0.2949748743718593,success,
343,apk_cluster,logistic_regression,-0.25044308219262584,success,
343,apk_cluster,doubly_robust,-0.2520133547399572,success,
344,row,psm,-0.26939899562611375,success,
344,row,logistic_regression,-0.260641378810007,success,
344,row,doubly_robust,-0.2739471385274681,success,
344,apk_cluster,psm,-0.22284397630019745,success,
344,apk_cluster,logistic_regression,-0.2319374577206645,success,
344,apk_cluster,doubly_robust,-0.2468765062169715,success,
345,row,psm,-0.2429936821642637,success,
345,row,logistic_regression,-0.20442426959331944,success,
345,row,doubly_robust,-0.2162328868964799,success,
345,apk_cluster,psm,-0.1886037987337554,success,
345,apk_cluster,logistic_regression,-0.14673172105101973,success,
345,apk_cluster,doubly_robust,-0.16429829134129598,success,
346,row,psm,-0.33387331929369835,success,
346,row,logistic_regression,-0.20382095453854057,success,
346,row,doubly_robust,-0.226146417447679,success,
346,apk_cluster,psm,-0.3601768514132323,success,
346,apk_cluster,logistic_regression,-0.1932187659681219,success,
346,apk_cluster,doubly_robust,-0.2270500078356417,success,
347,row,psm,-0.1995788109509153,success,
347,row,logistic_regression,-0.23856763757956184,success,
347,row,doubly_robust,-0.250495336691358,success,
347,apk_cluster,psm,-0.2893729761554313,success,
347,apk_cluster,logistic_regression,-0.18331321668093256,success,
347,apk_cluster,doubly_robust,-0.20907569818802307,success,
348,row,psm,-0.38101409363356553,success,
348,row,logistic_regression,-0.21923263366854953,success,
348,row,doubly_robust,-0.22942576353701624,success,
348,apk_cluster,psm,-0.1217292377701934,success,
348,apk_cluster,logistic_regression,-0.17614827854200582,success,
348,apk_cluster,doubly_robust,-0.20468711600104583,success,
349,row,psm,-0.26470111777093797,success,
349,row,logistic_regression,-0.24341486371609225,success,
349,row,doubly_robust,-0.25768349674692587,success,
349,apk_cluster,psm,-0.24185085069168388,success,
349,apk_cluster,logistic_regression,-0.24965796258216788,success,
349,apk_cluster,doubly_robust,-0.25579651149423444,success,
350,row,psm,-0.3210756520330471,success,
350,row,logistic_regression,-0.22331604100144145,success,
350,row,doubly_robust,-0.24139593223364414,success,
350,apk_cluster,psm,-0.22938530734632684,success,
350,apk_cluster,logistic_regression,-0.2654092391543654,success,
350,apk_cluster,doubly_robust,-0.2727580963588849,success,
351,row,psm,-0.27037097035477076,success,
351,row,logistic_regression,-0.24204642569624438,success,
351,row,doubly_robust,-0.25744141383576163,success,
351,apk_cluster,psm,-0.20333988212180745,success,
351,apk_cluster,logistic_regression,-0.26200702171182616,success,
351,apk_cluster,doubly_robust,-0.27954354590867586,success,
352,row,psm,-0.24704357686700149,success,
352,row,logistic_regression,-0.23654544894163618,success,
352,row,doubly_robust,-0.25420220182545045,success,
352,apk_cluster,psm,-0.228965746591287,success,
352,apk_cluster,logistic_regression,-0.235539278386162,success,
352,apk_cluster,doubly_robust,-0.27474255503048395,success,
353,row,psm,-0.1948809330957395,success,
353,row,logistic_regression,-0.2184713535900433,success,
353,row,doubly_robust,-0.23272549754226102,success,
353,apk_cluster,psm,-0.33073798239675023,success,
353,apk_cluster,logistic_regression,-0.16815399832886196,success,
353,apk_cluster,doubly_robust,-0.20383871926036984,success,
354,row,psm,-0.29434634699497814,success,
354,row,logistic_regression,-0.22787696925555742,success,
354,row,doubly_robust,-0.24170820151059466,success,
354,apk_cluster,psm,-0.30345540460720616,success,
354,apk_cluster,logistic_regression,-0.26851663301582346,success,
354,apk_cluster,doubly_robust,-0.27331135558434283,success,
355,row,psm,-0.3254495383120039,success,
355,row,logistic_regression,-0.2570749470230259,success,
355,row,doubly_robust,-0.27139660734574406,success,
355,apk_cluster,psm,-0.22628330084470435,success,
355,apk_cluster,logistic_regression,-0.2760303731629436,success,
355,apk_cluster,doubly_robust,-0.2784764513046745,success,
356,row,psm,-0.22582212862465575,success,
356,row,logistic_regression,-0.240515955274625,success,
356,row,doubly_robust,-0.2582020827887018,success,
356,apk_cluster,psm,-0.20358332012050104,success,
356,apk_cluster,logistic_regression,-0.15023982004291256,success,
356,apk_cluster,doubly_robust,-0.1802294530027727,success,
357,row,psm,-0.2961283006641828,success,
357,row,logistic_regression,-0.21883221002721717,success,
357,row,doubly_robust,-0.23535153686360927,success,
357,apk_cluster,psm,-0.20024875621890548,success,
357,apk_cluster,logistic_regression,-0.21533579376420342,success,
357,apk_cluster,doubly_robust,-0.25143668004120756,success,
358,row,psm,-0.29110643123278795,success,
358,row,logistic_regression,-0.22070374159667938,success,
358,row,doubly_robust,-0.22752280866097088,success,
358,apk_cluster,psm,-0.2868113522537563,success,
358,apk_cluster,logistic_regression,-0.23706601677970943,success,
358,apk_cluster,doubly_robust,-0.24437992466646757,success,
359,row,psm,-0.2515794589340677,success,
359,row,logistic_regression,-0.20419466188968763,success,
359,row,doubly_robust,-0.22324866357802042,success,
359,apk_cluster,psm,-0.2976190476190476,success,
359,apk_cluster,logistic_regression,-0.22588066412732602,success,
359,apk_cluster,doubly_robust,-0.24556073721528965,success,
360,row,psm,-0.28511258707273607,success,
360,row,logistic_regression,-0.22679254102158314,success,
360,row,doubly_robust,-0.24887511325795103,success,
360,apk_cluster,psm,-0.2895956528687869,success,
360,apk_cluster,logistic_regression,-0.2577445799886488,success,
360,apk_cluster,doubly_robust,-0.2586690726012483,success,
361,row,psm,-0.30034019115503,success,
361,row,logistic_regression,-0.2498337277637172,success,
361,row,doubly_robust,-0.2679087934884017,success,
361,apk_cluster,psm,-0.3172927662216703,success,
361,apk_cluster,logistic_regression,-0.2203152766592058,success,
361,apk_cluster,doubly_robust,-0.22783807532803088,success,
362,row,psm,-0.23910578324963552,success,
362,row,logistic_regression,-0.21422489438885742,success,
362,row,doubly_robust,-0.23083778649560618,success,
362,apk_cluster,psm,-0.28103009432549786,success,
362,apk_cluster,logistic_regression,-0.25001627312650215,success,
362,apk_cluster,doubly_robust,-0.2517116242871319,success,
363,row,psm,-0.2230682002267941,success,
363,row,logistic_regression,-0.19893143279725573,success,
363,row,doubly_robust,-0.21808864660201593,success,
363,apk_cluster,psm,-0.23413747521480507,success,
363,apk_cluster,logistic_regression,-0.2779430052159548,success,
363,apk_cluster,doubly_robust,-0.2907726568410403,success,
364,row,psm,-0.35169285598574435,success,
364,row,logistic_regression,-0.22941207124719767,success,
364,row,doubly_robust,-0.24370056139848453,success,
364,apk_cluster,psm,-0.31408176508760544,success,
364,apk_cluster,logistic_regression,-0.20141377991093,success,
364,apk_cluster,doubly_robust,-0.22993896304472922,success,
365,row,psm,-0.32820346670986555,success,
365,row,logistic_regression,-0.23618952127874546,success,
365,row,doubly_robust,-0.253170489421063,success,
365,apk_cluster,psm,-0.22628865979381443,success,
365,apk_cluster,logistic_regression,-0.2644281683742213,success,
365,apk_cluster,doubly_robust,-0.2853385679451368,success,
366,row,psm,-0.2728009071764135,success,
366,row,logistic_regression,-0.22348558012518935,success,
366,row,doubly_robust,-0.23581614706100984,success,
366,apk_cluster,psm,-0.3120415647921761,success,
366,apk_cluster,logistic_regression,-0.2817648946809163,success,
366,apk_cluster,doubly_robust,-0.29417587988221733,success,
367,row,psm,-0.247853555807549,success,
367,row,logistic_regression,-0.24015456987275027,success,
367,row,doubly_robust,-0.25672832519394934,success,
367,apk_cluster,psm,-0.30295081967213117,success,
367,apk_cluster,logistic_regression,-0.24188413081287763,success,
367,apk_cluster,doubly_robust,-0.2777389861630211,success,
368,row,psm,-0.2946703385711971,success,
368,row,logistic_regression,-0.211809974040273,success,
368,row,doubly_robust,-0.2247726210911119,success,
368,apk_cluster,psm,-0.3171750181554103,success,
368,apk_cluster,logistic_regression,-0.16984183837207772,success,
368,apk_cluster,doubly_robust,-0.18234698074926564,success,
369,row,psm,-0.29305038069010203,success,
369,row,logistic_regression,-0.24986871535406074,success,
369,row,doubly_robust,-0.2632207927516304,success,
369,apk_cluster,psm,-0.24362223348538606,success,
369,apk_cluster,logistic_regression,-0.19345476414934684,success,
369,apk_cluster,doubly_robust,-0.23794358069414134,success,
370,row,psm,-0.2549813704843674,success,
370,row,logistic_regression,-0.24505031895314752,success,
370,row,doubly_robust,-0.2665671895498417,success,
370,apk_cluster,psm,-0.3048780487804878,success,
370,apk_cluster,logistic_regression,-0.2623609114879677,success,
370,apk_cluster,doubly_robust,-0.2779512899793057,success,
371,row,psm,-0.2883525028349263,success,
371,row,logistic_regression,-0.23020890972089583,success,
371,row,doubly_robust,-0.2461097383888428,success,
371,apk_cluster,psm,-0.3348055036521148,success,
371,apk_cluster,logistic_regression,-0.20057394968742234,success,
371,apk_cluster,doubly_robust,-0.23152129615442912,success,
372,row,psm,-0.31702575733030947,success,
372,row,logistic_regression,-0.19812179395096544,success,
372,row,doubly_robust,-0.2103413273745663,success,
372,apk_cluster,psm,-0.3007167861310218,success,
372,apk_cluster,logistic_regression,-0.21099484207481928,success,
372,apk_cluster,doubly_robust,-0.22864124821612758,success,
373,row,psm,-0.2462335979264539,success,
373,row,logistic_regression,-0.21775673287996958,success,
373,row,doubly_robust,-0.22803319004563624,success,
373,apk_cluster,psm,-0.28677869372225745,success,
373,apk_cluster,logistic_regression,-0.2686083642093299,success,
373,apk_cluster,doubly_robust,-0.2810463279221591,success,
374,row,psm,-0.26794103353312815,success,
374,row,logistic_regression,-0.21775585920290527,success,
374,row,doubly_robust,-0.22798702402371002,success,
374,apk_cluster,psm,-0.26577498033044844,success,
374,apk_cluster,logistic_regression,-0.21590747374107724,success,
374,apk_cluster,doubly_robust,-0.2221109490607802,success,
375,row,psm,-0.25044548841730113,success,
375,row,logistic_regression,-0.25982446550853094,success,
375,row,doubly_robust,-0.27254205713056584,success,
375,apk_cluster,psm,-0.3114410198483137,success,
375,apk_cluster,logistic_regression,-0.2492294852621859,success,
375,apk_cluster,doubly_robust,-0.26256248868453086,success,
376,row,psm,-0.22517414547221773,success,
376,row,logistic_regression,-0.21618386186505795,success,
376,row,doubly_robust,-0.2295905738415786,success,
376,apk_cluster,psm,-0.12760591795561532,success,
376,apk_cluster,logistic_regression,-0.2255110247554025,success,
376,apk_cluster,doubly_robust,-0.2434373663950051,success,
377,row,psm,-0.29418435120686864,success,
377,row,logistic_regression,-0.23488368936375797,success,
377,row,doubly_robust,-0.25212863977099825,success,
377,apk_cluster,psm,-0.29804764463550065,success,
377,apk_cluster,logistic_regression,-0.2179087744349294,success,
377,apk_cluster,doubly_robust,-0.2628919941643823,success,
378,row,psm,-0.21561639397375668,success,
378,row,logistic_regression,-0.2175048491736315,success,
378,row,doubly_robust,-0.23320045924908694,success,
378,apk_cluster,psm,-0.3316782522343595,success,
378,apk_cluster,logistic_regression,-0.22629532919644607,success,
378,apk_cluster,doubly_robust,-0.26414521439686484,success,
379,row,psm,-0.31734974890652845,success,
379,row,logistic_regression,-0.24149803437830156,success,
379,row,doubly_robust,-0.25671769425704893,success,
379,apk_cluster,psm,-0.3215705765407555,success,
379,apk_cluster,logistic_regression,-0.28168721940125063,success,
379,apk_cluster,doubly_robust,-0.2834334432581507,success,
380,row,psm,-0.3256115341001134,success,
380,row,logistic_regression,-0.2204355482915802,success,
380,row,doubly_robust,-0.24075340575415682,success,
380,apk_cluster,psm,-0.31387082135834216,success,
380,apk_cluster,logistic_regression,-0.22333165758383206,success,
380,apk_cluster,doubly_robust,-0.22489532943047194,success,
381,row,psm,-0.274258869269399,success,
381,row,logistic_regression,-0.24343313559442414,success,
381,row,doubly_robust,-0.26168214557245706,success,
381,apk_cluster,psm,-0.2859520639147803,success,
381,apk_cluster,logistic_regression,-0.1869965932848498,success,
381,apk_cluster,doubly_robust,-0.21259787787536877,success,
382,row,psm,-0.2196662886764944,success,
382,row,logistic_regression,-0.219326985258357,success,
382,row,doubly_robust,-0.2333578592519145,success,
382,apk_cluster,psm,-0.23896103896103896,success,
382,apk_cluster,logistic_regression,-0.12794884247902952,success,
382,apk_cluster,doubly_robust,-0.13592933699530504,success,
383,row,psm,-0.274582860845618,success,
383,row,logistic_regression,-0.25369278439959847,success,
383,row,doubly_robust,-0.2666760273784241,success,
383,apk_cluster,psm,-0.26714031971580815,success,
383,apk_cluster,logistic_regression,-0.2398841432639691,success,
383,apk_cluster,doubly_robust,-0.266456873725018,success,
384,row,psm,-0.2723149198120849,success,
384,row,logistic_regression,-0.21042086999823442,success,
384,row,doubly_robust,-0.22515721004009479,success,
384,apk_cluster,psm,-0.2472053656978601,success,
384,apk_cluster,logistic_regression,-0.22951143402758234,success,
384,apk_cluster,doubly_robust,-0.2434075749772399,success,
385,row,psm,-0.27166693665964686,success,
385,row,logistic_regression,-0.22295581240439785,success,
385,row,doubly_robust,-0.23795334232780774,success,
385,apk_cluster,psm,-0.33800701051577364,success,
385,apk_cluster,logistic_regression,-0.25553889531297413,success,
385,apk_cluster,doubly_robust,-0.26828959052742396,success,
386,row,psm,-0.2969382796047303,success,
386,row,logistic_regression,-0.2299355707944929,success,
386,row,doubly_robust,-0.24404990532221668,success,
386,apk_cluster,psm,-0.2511265164644714,success,
386,apk_cluster,logistic_regression,-0.27572419242054913,success,
386,apk_cluster,doubly_robust,-0.2803734420755425,success,
387,row,psm,-0.2034667098655435,success,
387,row,logistic_regression,-0.22774559932327276,success,
387,row,doubly_robust,-0.24280891654570816,success,
387,apk_cluster,psm,-0.3834996880848409,success,
387,apk_cluster,logistic_regression,-0.23815411509675016,success,
387,apk_cluster,doubly_robust,-0.25936554435224163,success,
388,row,psm,-0.18710513526648306,success,
388,row,logistic_regression,-0.19510089268561268,success,
388,row,doubly_robust,-0.20986652826424426,success,
388,apk_cluster,psm,-0.2866666666666667,success,
388,apk_cluster,logistic_regression,-0.27077077921384696,success,
388,apk_cluster,doubly_robust,-0.27441871222359177,success,
389,row,psm,-0.23489389275878828,success,
389,row,logistic_regression,-0.21767051694721715,success,
389,row,doubly_robust,-0.23158229264917127,success,
389,apk_cluster,psm,-0.2984719864176571,success,
389,apk_cluster,logistic_regression,-0.2605788266938496,success,
389,apk_cluster,doubly_robust,-0.2701166325802692,success,
390,row,psm,-0.291106431232788,success,
390,row,logistic_regression,-0.23929962580840164,success,
390,row,doubly_robust,-0.2587493181624418,success,
390,apk_cluster,psm,-0.20791770573566085,success,
390,apk_cluster,logistic_regression,-0.23090733450974943,success,
390,apk_cluster,doubly_robust,-0.268355920883233,success,
391,row,psm,-0.2878665154705978,success,
391,row,logistic_regression,-0.23448150636958767,success,
391,row,doubly_robust,-0.25161228952242626,success,
391,apk_cluster,psm,-0.32092614302461897,success,
391,apk_cluster,logistic_regression,-0.21444229362660064,success,
391,apk_cluster,doubly_robust,-0.21795241713543417,success,
392,row,psm,-0.17592742588692695,success,
392,row,logistic_regression,-0.2353390158655952,success,
392,row,doubly_robust,-0.24707334057012603,success,
392,apk_cluster,psm,-0.2466233116558279,success,
392,apk_cluster,logistic_regression,-0.19226614150125756,success,
392,apk_cluster,doubly_robust,-0.21530666669552703,success,
393,row,psm,-0.28009071764134136,success,
393,row,logistic_regression,-0.22578978992716997,success,
393,row,doubly_robust,-0.24775413615523084,success,
393,apk_cluster,psm,-0.30212630910821964,success,
393,apk_cluster,logistic_regression,-0.1852650418194398,success,
393,apk_cluster,doubly_robust,-0.2079562417242957,success,
394,row,psm,-0.26486311355904746,success,
394,row,logistic_regression,-0.2091741653694205,success,
394,row,doubly_robust,-0.22930610447216032,success,
394,apk_cluster,psm,-0.42135593220338985,success,
394,apk_cluster,logistic_regression,-0.3020176941466419,success,
394,apk_cluster,doubly_robust,-0.3113732264006637,success,
395,row,psm,-0.3157297910254333,success,
395,row,logistic_regression,-0.21882114930919122,success,
395,row,doubly_robust,-0.23264797612951021,success,
395,apk_cluster,psm,-0.17176009151822194,success,
395,apk_cluster,logistic_regression,-0.1840454774463088,success,
395,apk_cluster,doubly_robust,-0.2053739806690688,success,
396,row,psm,-0.24104973270694957,success,
396,row,logistic_regression,-0.21280744713985608,success,
396,row,doubly_robust,-0.2275872775970716,success,
396,apk_cluster,psm,-0.3700388447897315,success,
396,apk_cluster,logistic_regression,-0.21912244126889752,success,
396,apk_cluster,doubly_robust,-0.2544756822772191,success,
397,row,psm,-0.31410983314433827,success,
397,row,logistic_regression,-0.2793197089410606,success,
397,row,doubly_robust,-0.29361132509358645,success,
397,apk_cluster,psm,-0.3266266428687328,success,
397,apk_cluster,logistic_regression,-0.24426989339225197,success,
397,apk_cluster,doubly_robust,-0.2538123277239541,success,
398,row,psm,-0.24509962740968735,success,
398,row,logistic_regression,-0.22102764165470498,success,
398,row,doubly_robust,-0.23487505856199023,success,
398,apk_cluster,psm,-0.374286208686624,success,
398,apk_cluster,logistic_regression,-0.29209541420504054,success,
398,apk_cluster,doubly_robust,-0.29359958555901977,success,
399,row,psm,-0.20411469301798152,success,
399,row,logistic_regression,-0.23172981352237315,success,
399,row,doubly_robust,-0.24848140754790604,success,
399,apk_cluster,psm,-0.2679830747531735,success,
399,apk_cluster,logistic_regression,-0.14877691061295945,success,
399,apk_cluster,doubly_robust,-0.20577805820036107,success,
400,row,psm,-0.17787137534424105,success,
400,row,logistic_regression,-0.2218027666015683,success,
400,row,doubly_robust,-0.24028536209753093,success,
400,apk_cluster,psm,-0.3099036224659355,success,
400,apk_cluster,logistic_regression,-0.21428352705009596,success,
400,apk_cluster,doubly_robust,-0.22696462448297114,success,
401,row,psm,-0.27976672606512226,success,
401,row,logistic_regression,-0.25924428942918837,success,
401,row,doubly_robust,-0.27082964511099045,success,
401,apk_cluster,psm,-0.40202758849925213,success,
401,apk_cluster,logistic_regression,-0.19931502590182337,success,
401,apk_cluster,doubly_robust,-0.23378931041454679,success,
402,row,psm,-0.37226632107565205,success,
402,row,logistic_regression,-0.23486094775493266,success,
402,row,doubly_robust,-0.24626397932596372,success,
402,apk_cluster,psm,-0.25060048038430743,success,
402,apk_cluster,logistic_regression,-0.20387283932982686,success,
402,apk_cluster,doubly_robust,-0.21837695116532285,success,
403,row,psm,-0.2737728819050705,success,
403,row,logistic_regression,-0.21619701094346555,success,
403,row,doubly_robust,-0.22844840825128698,success,
403,apk_cluster,psm,-0.36134453781512604,success,
403,apk_cluster,logistic_regression,-0.2200909848290619,success,
403,apk_cluster,doubly_robust,-0.24403746507935217,success,
404,row,psm,-0.3134618499919002,success,
404,row,logistic_regression,-0.20855064963228245,success,
404,row,doubly_robust,-0.22751274052323336,success,
404,apk_cluster,psm,-0.32663316582914576,success,
404,apk_cluster,logistic_regression,-0.19972241978393315,success,
404,apk_cluster,doubly_robust,-0.20964783805667425,success,
405,row,psm,-0.15324801555159565,success,
405,row,logistic_regression,-0.2334156664370274,success,
405,row,doubly_robust,-0.24667952385565556,success,
405,apk_cluster,psm,-0.32921875,success,
405,apk_cluster,logistic_regression,-0.259448144329058,success,
405,apk_cluster,doubly_robust,-0.2575870265047025,success,
406,row,psm,-0.24509962740968735,success,
406,row,logistic_regression,-0.22740784075399215,success,
406,row,doubly_robust,-0.24520014021431175,success,
406,apk_cluster,psm,-0.1902559867877787,success,
406,apk_cluster,logistic_regression,-0.17757895323279985,success,
406,apk_cluster,doubly_robust,-0.20426947483306415,success,
407,row,psm,-0.24801555159565855,success,
407,row,logistic_regression,-0.1954309952659424,success,
407,row,doubly_robust,-0.2056809522853987,success,
407,apk_cluster,psm,-0.35655058043117743,success,
407,apk_cluster,logistic_regression,-0.28785286654811554,success,
407,apk_cluster,doubly_robust,-0.2956132087730453,success,
408,row,psm,-0.2535234083913819,success,
408,row,logistic_regression,-0.24721771268001358,success,
408,row,doubly_robust,-0.25973821045026524,success,
408,apk_cluster,psm,-0.18323941101617888,success,
408,apk_cluster,logistic_regression,-0.24809040139790248,success,
408,apk_cluster,doubly_robust,-0.25346450812110893,success,
409,row,psm,-0.2899724607160214,success,
409,row,logistic_regression,-0.22270684104176686,success,
409,row,doubly_robust,-0.24062443347855533,success,
409,apk_cluster,psm,-0.37939958592132506,success,
409,apk_cluster,logistic_regression,-0.30685317515261057,success,
409,apk_cluster,doubly_robust,-0.30482099282924907,success,
410,row,psm,-0.212214482423457,success,
410,row,logistic_regression,-0.21704558380731184,success,
410,row,doubly_robust,-0.23081481431902834,success,
410,apk_cluster,psm,-0.31760494630654085,success,
410,apk_cluster,logistic_regression,-0.14153639307951976,success,
410,apk_cluster,doubly_robust,-0.16578575718405647,success,
411,row,psm,-0.3659484853393812,success,
411,row,logistic_regression,-0.24688193831233354,success,
411,row,doubly_robust,-0.2607456292817108,success,
411,apk_cluster,psm,-0.2339382050024522,success,
411,apk_cluster,logistic_regression,-0.2288943999037233,success,
411,apk_cluster,doubly_robust,-0.24597271344787805,success,
412,row,psm,-0.2817106755224364,success,
412,row,logistic_regression,-0.22561409750131345,success,
412,row,doubly_robust,-0.23926031776460233,success,
412,apk_cluster,psm,-0.23464296850639227,success,
412,apk_cluster,logistic_regression,-0.20073936862389027,success,
412,apk_cluster,doubly_robust,-0.22036541608565538,success,
413,row,psm,-0.2655110967114855,success,
413,row,logistic_regression,-0.21562233716814982,success,
413,row,doubly_robust,-0.2326956923724478,success,
413,apk_cluster,psm,-0.2854640980735551,success,
413,apk_cluster,logistic_regression,-0.201148133417557,success,
413,apk_cluster,doubly_robust,-0.22770317793477435,success,
414,row,psm,-0.32204762676170423,success,
414,row,logistic_regression,-0.25492384800684936,success,
414,row,doubly_robust,-0.27492458480721904,success,
414,apk_cluster,psm,-0.34979973297730305,success,
414,apk_cluster,logistic_regression,-0.25751850434706774,success,
414,apk_cluster,doubly_robust,-0.25345259635295736,success,
415,row,psm,-0.23035801069172201,success,
415,row,logistic_regression,-0.23779773097972723,success,
415,row,doubly_robust,-0.2515766693158903,success,
415,apk_cluster,psm,-0.34099740932642486,success,
415,apk_cluster,logistic_regression,-0.22638140778255456,success,
415,apk_cluster,doubly_robust,-0.28291809801243983,success,
416,row,psm,-0.2514174631459582,success,
416,row,logistic_regression,-0.19146741054980645,success,
416,row,doubly_robust,-0.21562776301055783,success,
416,apk_cluster,psm,-0.3279525613572723,success,
416,apk_cluster,logistic_regression,-0.3192785133431218,success,
416,apk_cluster,doubly_robust,-0.32432278235283873,success,
417,row,psm,-0.26826502510934713,success,
417,row,logistic_regression,-0.23074060839117105,success,
417,row,doubly_robust,-0.2503337340057532,success,
417,apk_cluster,psm,-0.3078964830789648,success,
417,apk_cluster,logistic_regression,-0.31690604265756755,success,
417,apk_cluster,doubly_robust,-0.32257490405926187,success,
418,row,psm,-0.3819860683622226,success,
418,row,logistic_regression,-0.21694992568472043,success,
418,row,doubly_robust,-0.23149309641775298,success,
418,apk_cluster,psm,-0.31190440175465134,success,
418,apk_cluster,logistic_regression,-0.23358997956224242,success,
418,apk_cluster,doubly_robust,-0.25954376367945514,success,
419,row,psm,-0.3100599384416005,success,
419,row,logistic_regression,-0.2379139863534636,success,
419,row,doubly_robust,-0.25108126713746853,success,
419,apk_cluster,psm,-0.2609924623115578,success,
419,apk_cluster,logistic_regression,-0.18645482764014862,success,
419,apk_cluster,doubly_robust,-0.19375951765815153,success,
420,row,psm,-0.2689130082617852,success,
420,row,logistic_regression,-0.26243758752094637,success,
420,row,doubly_robust,-0.2759315223559399,success,
420,apk_cluster,psm,-0.28141047586442997,success,
420,apk_cluster,logistic_regression,-0.21281454980636905,success,
420,apk_cluster,doubly_robust,-0.21196212028459224,success,
421,row,psm,-0.24817754738376802,success,
421,row,logistic_regression,-0.22879954133288816,success,
421,row,doubly_robust,-0.2450384541853356,success,
421,apk_cluster,psm,-0.25064170315566964,success,
421,apk_cluster,logistic_regression,-0.2018995206396268,success,
421,apk_cluster,doubly_robust,-0.21631999622043066,success,
422,row,psm,-0.25773529888222907,success,
422,row,logistic_regression,-0.23747540131591485,success,
422,row,doubly_robust,-0.2521287558827253,success,
422,apk_cluster,psm,-0.30044768695075447,success,
422,apk_cluster,logistic_regression,-0.21122558869260843,success,
422,apk_cluster,doubly_robust,-0.22646503714313074,success,
423,row,psm,-0.24623359792645388,success,
423,row,logistic_regression,-0.22762631325221852,success,
423,row,doubly_robust,-0.23931234157098483,success,
423,apk_cluster,psm,-0.3092126755962104,success,
423,apk_cluster,logistic_regression,-0.2580164649962352,success,
423,apk_cluster,doubly_robust,-0.2667558857792398,success,
424,row,psm,-0.230034019115503,success,
424,row,logistic_regression,-0.22289703972994107,success,
424,row,doubly_robust,-0.23288515808768878,success,
424,apk_cluster,psm,-0.28865478119935173,success,
424,apk_cluster,logistic_regression,-0.15486721805693274,success,
424,apk_cluster,doubly_robust,-0.18962492393890362,success,
425,row,psm,-0.27199092823586585,success,
425,row,logistic_regression,-0.21616301298218799,success,
425,row,doubly_robust,-0.2341619249968076,success,
425,apk_cluster,psm,-0.33430366171288495,success,
425,apk_cluster,logistic_regression,-0.275750793812028,success,
425,apk_cluster,doubly_robust,-0.28688476126488627,success,
426,row,psm,-0.25838328203466715,success,
426,row,logistic_regression,-0.20484279176373926,success,
426,row,doubly_robust,-0.22051630029452193,success,
426,apk_cluster,psm,-0.11770623742454728,success,
426,apk_cluster,logistic_regression,-0.24109092656815248,success,
426,apk_cluster,doubly_robust,-0.2607539554527009,success,
427,row,psm,-0.2846265997084076,success,
427,row,logistic_regression,-0.23250438575047055,success,
427,row,doubly_robust,-0.24959898173199938,success,
427,apk_cluster,psm,-0.32480382122142615,success,
427,apk_cluster,logistic_regression,-0.22559460101971485,success,
427,apk_cluster,doubly_robust,-0.25875564094410525,success,
428,row,psm,-0.15567795237323828,success,
428,row,logistic_regression,-0.18032565354772936,success,
428,row,doubly_robust,-0.19552333855820314,success,
428,apk_cluster,psm,-0.21320430778835647,success,
428,apk_cluster,logistic_regression,-0.18456144224391025,success,
428,apk_cluster,doubly_robust,-0.19705043397458233,success,
429,row,psm,-0.19860683622225822,success,
429,row,logistic_regression,-0.2456838870484611,success,
429,row,doubly_robust,-0.25621105354341345,success,
429,apk_cluster,psm,-0.31026176328890315,success,
429,apk_cluster,logistic_regression,-0.2152076646968018,success,
429,apk_cluster,doubly_robust,-0.2612254901411357,success,
430,row,psm,-0.3401911550299692,success,
430,row,logistic_regression,-0.2036401106018534,success,
430,row,doubly_robust,-0.22233835713242522,success,
430,apk_cluster,psm,-0.28259452411994784,success,
430,apk_cluster,logistic_regression,-0.25003149886559767,success,
430,apk_cluster,doubly_robust,-0.2578683991064228,success,
431,row,psm,-0.2919164101733355,success,
431,row,logistic_regression,-0.22710532650808166,success,
431,row,doubly_robust,-0.23921497325401742,success,
431,apk_cluster,psm,-0.2305020524155352,success,
431,apk_cluster,logistic_regression,-0.21258867313023808,success,
431,apk_cluster,doubly_robust,-0.22462229913625628,success,
432,row,psm,-0.27312489875263246,success,
432,row,logistic_regression,-0.20822346068016628,success,
432,row,doubly_robust,-0.2312753650721042,success,
432,apk_cluster,psm,-0.31431859279960545,success,
432,apk_cluster,logistic_regression,-0.25979644826882603,success,
432,apk_cluster,doubly_robust,-0.2637728845137305,success,
433,row,psm,-0.16296776283816622,success,
433,row,logistic_regression,-0.18725405041723384,success,
433,row,doubly_robust,-0.2025769997188978,success,
433,apk_cluster,psm,-0.3522962021293501,success,
433,apk_cluster,logistic_regression,-0.2043892179742962,success,
433,apk_cluster,doubly_robust,-0.21796853594768198,success,
434,row,psm,-0.28964846913980236,success,
434,row,logistic_regression,-0.22122993746494002,success,
434,row,doubly_robust,-0.23751722551083754,success,
434,apk_cluster,psm,-0.35244059087989726,success,
434,apk_cluster,logistic_regression,-0.28503468231121704,success,
434,apk_cluster,doubly_robust,-0.29057235166494794,success,
435,row,psm,-0.23926777903774502,success,
435,row,logistic_regression,-0.21329919019473292,success,
435,row,doubly_robust,-0.2298265735362698,success,
435,apk_cluster,psm,-0.2888369764725513,success,
435,apk_cluster,logistic_regression,-0.22105396214332337,success,
435,apk_cluster,doubly_robust,-0.2511284103800939,success,
436,row,psm,-0.3721043252875425,success,
436,row,logistic_regression,-0.24576326171505716,success,
436,row,doubly_robust,-0.2596041597927051,success,
436,apk_cluster,psm,-0.19933712121212122,success,
436,apk_cluster,logistic_regression,-0.22662003444283266,success,
436,apk_cluster,doubly_robust,-0.2487963955510149,success,
437,row,psm,-0.3170257573303094,success,
437,row,logistic_regression,-0.24138907564882844,success,
437,row,doubly_robust,-0.25636689611209307,success,
437,apk_cluster,psm,-0.2876735813475056,success,
437,apk_cluster,logistic_regression,-0.21721367905584105,success,
437,apk_cluster,doubly_robust,-0.22567084917795088,success,
438,row,psm,-0.2783087639721368,success,
438,row,logistic_regression,-0.22305095138754946,success,
438,row,doubly_robust,-0.23255460682563767,success,
438,apk_cluster,psm,-0.2857622002347811,success,
438,apk_cluster,logistic_regression,-0.19157850313600885,success,
438,apk_cluster,doubly_robust,-0.20068532577010373,success,
439,row,psm,-0.22598412441276527,success,
439,row,logistic_regression,-0.1989472270526462,success,
439,row,doubly_robust,-0.21748819586785376,success,
439,apk_cluster,psm,-0.24924114671163575,success,
439,apk_cluster,logistic_regression,-0.2182982613658404,success,
439,apk_cluster,doubly_robust,-0.2385433872950325,success,
440,row,psm,-0.33549327717479344,success,
440,row,logistic_regression,-0.24441241984230366,success,
440,row,doubly_robust,-0.2576218025624357,success,
440,apk_cluster,psm,-0.18736008265886,success,
440,apk_cluster,logistic_regression,-0.24025051960920235,success,
440,apk_cluster,doubly_robust,-0.26348089226077887,success,
441,row,psm,-0.26794103353312815,success,
441,row,logistic_regression,-0.22027387967396872,success,
441,row,doubly_robust,-0.23858275661845693,success,
441,apk_cluster,psm,-0.3274721729311179,success,
441,apk_cluster,logistic_regression,-0.19708475762381575,success,
441,apk_cluster,doubly_robust,-0.2055575478683096,success,
442,row,psm,-0.2729629029645229,success,
442,row,logistic_regression,-0.2196369275284792,success,
442,row,doubly_robust,-0.2341733881665004,success,
442,apk_cluster,psm,-0.255791030064071,success,
442,apk_cluster,logistic_regression,-0.21369806270926,success,
442,apk_cluster,doubly_robust,-0.22706282081927556,success,
443,row,psm,-0.2543333873319294,success,
443,row,logistic_regression,-0.22293033450513172,success,
443,row,doubly_robust,-0.23692413746534413,success,
443,apk_cluster,psm,-0.34523235246824246,success,
443,apk_cluster,logistic_regression,-0.20814487653173172,success,
443,apk_cluster,doubly_robust,-0.21574388384610751,success,
444,row,psm,-0.3641665316701766,success,
444,row,logistic_regression,-0.2490769479713163,success,
444,row,doubly_robust,-0.2682149294698228,success,
444,apk_cluster,psm,-0.21617319325055714,success,
444,apk_cluster,logistic_regression,-0.15372679906840395,success,
444,apk_cluster,doubly_robust,-0.18693176626405278,success,
445,row,psm,-0.28430260813218855,success,
445,row,logistic_regression,-0.22209608141288892,success,
445,row,doubly_robust,-0.2431323057521043,success,
445,apk_cluster,psm,-0.3658906882591093,success,
445,apk_cluster,logistic_regression,-0.24958968393224346,success,
445,apk_cluster,doubly_robust,-0.26374986500760866,success,
446,row,psm,-0.2339219180301312,success,
446,row,logistic_regression,-0.24390535233520175,success,
446,row,doubly_robust,-0.2606408034595945,success,
446,apk_cluster,psm,-0.29239401496259354,success,
446,apk_cluster,logistic_regression,-0.20382037967781877,success,
446,apk_cluster,doubly_robust,-0.21628367597434905,success,
447,row,psm,-0.27506884820994654,success,
447,row,logistic_regression,-0.21246909084315807,success,
447,row,doubly_robust,-0.23028503359340322,success,
447,apk_cluster,psm,-0.2718316914342962,success,
447,apk_cluster,logistic_regression,-0.22064671888716708,success,
447,apk_cluster,doubly_robust,-0.23625849146981034,success,
448,row,psm,-0.3108699173821481,success,
448,row,logistic_regression,-0.23292896967797477,success,
448,row,doubly_robust,-0.2454425778174973,success,
448,apk_cluster,psm,-0.3265244818263743,success,
448,apk_cluster,logistic_regression,-0.22394773960674155,success,
448,apk_cluster,doubly_robust,-0.26470688104333745,success,
449,row,psm,-0.29207840596144496,success,
449,row,logistic_regression,-0.24101730780120315,success,
449,row,doubly_robust,-0.25586124594860427,success,
449,apk_cluster,psm,-0.31701072171547445,success,
449,apk_cluster,logistic_regression,-0.19480744910435593,success,
449,apk_cluster,doubly_robust,-0.221127197982813,success,
450,row,psm,-0.12651871051352662,success,
450,row,logistic_regression,-0.21862143458193395,success,
450,row,doubly_robust,-0.2359165191569499,success,
450,apk_cluster,psm,-0.2741510056050115,success,
450,apk_cluster,logistic_regression,-0.2544916824522668,success,
450,apk_cluster,doubly_robust,-0.26169021002572695,success,
451,row,psm,-0.21367244451644257,success,
451,row,logistic_regression,-0.22486823550745264,success,
451,row,doubly_robust,-0.23854357476016028,success,
451,apk_cluster,psm,-0.3388505747126437,success,
451,apk_cluster,logistic_regression,-0.22440379874233907,success,
451,apk_cluster,doubly_robust,-0.2290976687219547,success,
452,row,psm,-0.30082617851935856,success,
452,row,logistic_regression,-0.24839761880686512,success,
452,row,doubly_robust,-0.2618676365251801,success,
452,apk_cluster,psm,-0.27477326167282495,success,
452,apk_cluster,logistic_regression,-0.16723025798751834,success,
452,apk_cluster,doubly_robust,-0.2015875421054087,success,
453,row,psm,-0.3056860521626438,success,
453,row,logistic_regression,-0.1971551808473099,success,
453,row,doubly_robust,-0.21356544501680205,success,
453,apk_cluster,psm,-0.33571984435797664,success,
453,apk_cluster,logistic_regression,-0.17744798745214538,success,
453,apk_cluster,doubly_robust,-0.1937812852213177,success,
454,row,psm,-0.26567309249959503,success,
454,row,logistic_regression,-0.20892811140607828,success,
454,row,doubly_robust,-0.22283804797896156,success,
454,apk_cluster,psm,-0.2194998310239946,success,
454,apk_cluster,logistic_regression,-0.19565106783974986,success,
454,apk_cluster,doubly_robust,-0.21576812762463193,success,
455,row,psm,-0.2091365624493763,success,
455,row,logistic_regression,-0.20626068205307324,success,
455,row,doubly_robust,-0.22367289766707327,success,
455,apk_cluster,psm,-0.2418390018800205,success,
455,apk_cluster,logistic_regression,-0.25158783629061454,success,
455,apk_cluster,doubly_robust,-0.2699657285262473,success,
456,row,psm,-0.24331767374048272,success,
456,row,logistic_regression,-0.232643955898902,success,
456,row,doubly_robust,-0.25279127391071404,success,
456,apk_cluster,psm,-0.38074219388589176,success,
456,apk_cluster,logistic_regression,-0.2524432817567756,success,
456,apk_cluster,doubly_robust,-0.2622772799544814,success,
457,row,psm,-0.2606512230682002,success,
457,row,logistic_regression,-0.2647100032133841,success,
457,row,doubly_robust,-0.28201855153160027,success,
457,apk_cluster,psm,-0.3063019052271617,success,
457,apk_cluster,logistic_regression,-0.2413056157217707,success,
457,apk_cluster,doubly_robust,-0.25373729695864755,success,
458,row,psm,-0.18435120686862141,success,
458,row,logistic_regression,-0.23243062360134384,success,
458,row,doubly_robust,-0.24344097671177206,success,
458,apk_cluster,psm,-0.3998384491114701,success,
458,apk_cluster,logistic_regression,-0.26995545766705753,success,
458,apk_cluster,doubly_robust,-0.2613502083464135,success,
459,row,psm,-0.31913170257573303,success,
459,row,logistic_regression,-0.21314684196676356,success,
459,row,doubly_robust,-0.2344532203305728,success,
459,apk_cluster,psm,-0.2803738317757009,success,
459,apk_cluster,logistic_regression,-0.21776745444143447,success,
459,apk_cluster,doubly_robust,-0.2232029403812436,success,
460,row,psm,-0.29126842702089745,success,
460,row,logistic_regression,-0.22881887257068392,success,
460,row,doubly_robust,-0.2429615446165966,success,
460,apk_cluster,psm,-0.3249097472924188,success,
460,apk_cluster,logistic_regression,-0.20587220405202994,success,
460,apk_cluster,doubly_robust,-0.2681803359215112,success,
461,row,psm,-0.2684270208974567,success,
461,row,logistic_regression,-0.20249267064716184,success,
461,row,doubly_robust,-0.2220775314978976,success,
461,apk_cluster,psm,-0.2538013587835652,success,
461,apk_cluster,logistic_regression,-0.24868050699407757,success,
461,apk_cluster,doubly_robust,-0.25589441550724645,success,
462,row,psm,-0.30908796371294345,success,
462,row,logistic_regression,-0.23069620465407525,success,
462,row,doubly_robust,-0.2486332433365553,success,
462,apk_cluster,psm,-0.21257123122085997,success,
462,apk_cluster,logistic_regression,-0.21176216331817518,success,
462,apk_cluster,doubly_robust,-0.22909560685796904,success,
463,row,psm,-0.2264701117770938,success,
463,row,logistic_regression,-0.23635657781845165,success,
463,row,doubly_robust,-0.2484991259830869,success,
463,apk_cluster,psm,-0.3120064464141821,success,
463,apk_cluster,logistic_regression,-0.23786359032418256,success,
463,apk_cluster,doubly_robust,-0.2515415357767857,success,
464,row,psm,-0.16863761542199904,success,
464,row,logistic_regression,-0.2290122366960653,success,
464,row,doubly_robust,-0.2459592037183527,success,
464,apk_cluster,psm,-0.3540413075296796,success,
464,apk_cluster,logistic_regression,-0.22700966928842306,success,
464,apk_cluster,doubly_robust,-0.22903997816725824,success,
465,row,psm,-0.30520006479831524,success,
465,row,logistic_regression,-0.24416696885991324,success,
465,row,doubly_robust,-0.2571243498559257,success,
465,apk_cluster,psm,-0.3044965786901271,success,
465,apk_cluster,logistic_regression,-0.19983050488731882,success,
465,apk_cluster,doubly_robust,-0.22439955942358566,success,
466,row,psm,-0.24299368216426376,success,
466,row,logistic_regression,-0.21544586739137053,success,
466,row,doubly_robust,-0.238139754614347,success,
466,apk_cluster,psm,-0.2422596414991852,success,
466,apk_cluster,logistic_regression,-0.23191539143865,success,
466,apk_cluster,doubly_robust,-0.25932790016781915,success,
467,row,psm,-0.2408877369188401,success,
467,row,logistic_regression,-0.2257783970655907,success,
467,row,doubly_robust,-0.24191323211734134,success,
467,apk_cluster,psm,-0.28155495120780677,success,
467,apk_cluster,logistic_regression,-0.22593530849529475,success,
467,apk_cluster,doubly_robust,-0.2678075058657055,success,
468,row,psm,-0.2985582374858254,success,
468,row,logistic_regression,-0.23091070369415412,success,
468,row,doubly_robust,-0.2446038476240438,success,
468,apk_cluster,psm,-0.2702425691834643,success,
468,apk_cluster,logistic_regression,-0.29120650877581955,success,
468,apk_cluster,doubly_robust,-0.29428868623069726,success,
469,row,psm,-0.2805767050056699,success,
469,row,logistic_regression,-0.2285290096828296,success,
469,row,doubly_robust,-0.24188843857560582,success,
469,apk_cluster,psm,-0.30613535736875397,success,
469,apk_cluster,logistic_regression,-0.2575202515277747,success,
469,apk_cluster,doubly_robust,-0.26515819046902905,success,
470,row,psm,-0.2794427344889033,success,
470,row,logistic_regression,-0.21490423588524327,success,
470,row,doubly_robust,-0.23251954142893827,success,
470,apk_cluster,psm,-0.28465744612415567,success,
470,apk_cluster,logistic_regression,-0.23776142870616943,success,
470,apk_cluster,doubly_robust,-0.24614071250243327,success,
471,row,psm,-0.31410983314433827,success,
471,row,logistic_regression,-0.23062864781115197,success,
471,row,doubly_robust,-0.23972531662356844,success,
471,apk_cluster,psm,-0.26064148681055155,success,
471,apk_cluster,logistic_regression,-0.20991633717340463,success,
471,apk_cluster,doubly_robust,-0.22772069509985268,success,
472,row,psm,-0.2405637453426211,success,
472,row,logistic_regression,-0.22192207900179584,success,
472,row,doubly_robust,-0.2395603997425943,success,
472,apk_cluster,psm,-0.2763730069254308,success,
472,apk_cluster,logistic_regression,-0.16691043018628776,success,
472,apk_cluster,doubly_robust,-0.21036615400131856,success,
473,row,psm,-0.2230682002267941,success,
473,row,logistic_regression,-0.23381483073945294,success,
473,row,doubly_robust,-0.24486491460058948,success,
473,apk_cluster,psm,-0.3337111398963731,success,
473,apk_cluster,logistic_regression,-0.26460621730115813,success,
473,apk_cluster,doubly_robust,-0.2730560403793563,success,
474,row,psm,-0.2619471893730763,success,
474,row,logistic_regression,-0.24188143621301797,success,
474,row,doubly_robust,-0.255360878388075,success,
474,apk_cluster,psm,-0.3336898395721925,success,
474,apk_cluster,logistic_regression,-0.2340431136690381,success,
474,apk_cluster,doubly_robust,-0.247990356027828,success,
475,row,psm,-0.29580430908796373,success,
475,row,logistic_regression,-0.2124797598393886,success,
475,row,doubly_robust,-0.22967677664848132,success,
475,apk_cluster,psm,-0.29891472868217056,success,
475,apk_cluster,logistic_regression,-0.18277803556013952,success,
475,apk_cluster,doubly_robust,-0.23132774803843364,success,
476,row,psm,-0.3487769317997732,success,
476,row,logistic_regression,-0.2345072430651132,success,
476,row,doubly_robust,-0.24663189917228048,success,
476,apk_cluster,psm,-0.29041709755256806,success,
476,apk_cluster,logistic_regression,-0.23444278889002204,success,
476,apk_cluster,doubly_robust,-0.23859267757699107,success,
477,row,psm,-0.2862465575895027,success,
477,row,logistic_regression,-0.1909491452373336,success,
477,row,doubly_robust,-0.21312382005259395,success,
477,apk_cluster,psm,-0.33539486203615604,success,
477,apk_cluster,logistic_regression,-0.23465604348894376,success,
477,apk_cluster,doubly_robust,-0.2448735219320544,success,
478,row,psm,-0.2857605702251741,success,
478,row,logistic_regression,-0.24397348446918057,success,
478,row,doubly_robust,-0.25265365490093394,success,
478,apk_cluster,psm,-0.3559294078838859,success,
478,apk_cluster,logistic_regression,-0.24509456960774217,success,
478,apk_cluster,doubly_robust,-0.2600473650120496,success,
479,row,psm,-0.1624817754738377,success,
479,row,logistic_regression,-0.22124540476158178,success,
479,row,doubly_robust,-0.24129927700451773,success,
479,apk_cluster,psm,-0.30776545166402536,success,
479,apk_cluster,logistic_regression,-0.2576048951536486,success,
479,apk_cluster,doubly_robust,-0.2655561934997888,success,
480,row,psm,-0.28559857443706466,success,
480,row,logistic_regression,-0.20317838295923651,success,
480,row,doubly_robust,-0.22877253864068237,success,
480,apk_cluster,psm,-0.3183249953677969,success,
480,apk_cluster,logistic_regression,-0.19874522732767552,success,
480,apk_cluster,doubly_robust,-0.21670946447572437,success,
481,row,psm,-0.22339219180301312,success,
481,row,logistic_regression,-0.1830279876533711,success,
481,row,doubly_robust,-0.20839741509649287,success,
481,apk_cluster,psm,-0.3012345679012346,success,
481,apk_cluster,logistic_regression,-0.21576982410714493,success,
481,apk_cluster,doubly_robust,-0.22403119841635508,success,
482,row,psm,-0.3821480641503321,success,
482,row,logistic_regression,-0.22894768294584164,success,
482,row,doubly_robust,-0.2442588506018912,success,
482,apk_cluster,psm,-0.2906371911573472,success,
482,apk_cluster,logistic_regression,-0.20729270510979156,success,
482,apk_cluster,doubly_robust,-0.2425581056814662,success,
483,row,psm,-0.2668070630163616,success,
483,row,logistic_regression,-0.1859261841463174,success,
483,row,doubly_robust,-0.20442926483954071,success,
483,apk_cluster,psm,-0.28678092652299336,success,
483,apk_cluster,logistic_regression,-0.2164962176978439,success,
483,apk_cluster,doubly_robust,-0.2393063327182772,success,
484,row,psm,-0.20557265511096712,success,
484,row,logistic_regression,-0.21682271549867754,success,
484,row,doubly_robust,-0.2259550584336036,success,
484,apk_cluster,psm,-0.3377770639254738,success,
484,apk_cluster,logistic_regression,-0.2386879012619062,success,
484,apk_cluster,doubly_robust,-0.2628567643541153,success,
485,row,psm,-0.2985582374858254,success,
485,row,logistic_regression,-0.24546435819924592,success,
485,row,doubly_robust,-0.2587060429073927,success,
485,apk_cluster,psm,-0.07966423820082356,success,
485,apk_cluster,logistic_regression,-0.19189308158996943,success,
485,apk_cluster,doubly_robust,-0.21664233442272826,success,
486,row,psm,-0.29224040174955457,success,
486,row,logistic_regression,-0.24343427003383178,success,
486,row,doubly_robust,-0.25969871887072515,success,
486,apk_cluster,psm,-0.33158412594293213,success,
486,apk_cluster,logistic_regression,-0.2550917574187406,success,
486,apk_cluster,doubly_robust,-0.27275115945884704,success,
487,row,psm,-0.2990442248501539,success,
487,row,logistic_regression,-0.2303902764772891,success,
487,row,doubly_robust,-0.24120402316269793,success,
487,apk_cluster,psm,-0.33602771362586603,success,
487,apk_cluster,logistic_regression,-0.17478704370529574,success,
487,apk_cluster,doubly_robust,-0.20178414377162435,success,
488,row,psm,-0.33095739510772715,success,
488,row,logistic_regression,-0.2079600686441467,success,
488,row,doubly_robust,-0.21954087644172796,success,
488,apk_cluster,psm,-0.2641362074351765,success,
488,apk_cluster,logistic_regression,-0.24584014821575417,success,
488,apk_cluster,doubly_robust,-0.30168613551279,success,
489,row,psm,-0.2690750040498947,success,
489,row,logistic_regression,-0.19675591942043044,success,
489,row,doubly_robust,-0.21027555449715374,success,
489,apk_cluster,psm,-0.3927355278093076,success,
489,apk_cluster,logistic_regression,-0.30266026104257016,success,
489,apk_cluster,doubly_robust,-0.3026839041716259,success,
490,row,psm,-0.2846265997084076,success,
490,row,logistic_regression,-0.22232758214496856,success,
490,row,doubly_robust,-0.23192484662055626,success,
490,apk_cluster,psm,-0.3070352539214164,success,
490,apk_cluster,logistic_regression,-0.19952574946615237,success,
490,apk_cluster,doubly_robust,-0.23191626258325232,success,
491,row,psm,-0.23959177061396403,success,
491,row,logistic_regression,-0.21513287324145813,success,
491,row,doubly_robust,-0.23257605247400578,success,
491,apk_cluster,psm,-0.3263473053892216,success,
491,apk_cluster,logistic_regression,-0.21966548279305176,success,
491,apk_cluster,doubly_robust,-0.24100380028923238,success,
492,row,psm,-0.24218370322371618,success,
492,row,logistic_regression,-0.2165184692281298,success,
492,row,doubly_robust,-0.23080225363997672,success,
492,apk_cluster,psm,-0.23069544364508393,success,
492,apk_cluster,logistic_regression,-0.1851939588521008,success,
492,apk_cluster,doubly_robust,-0.20398625224754025,success,
493,row,psm,-0.1824072574113073,success,
493,row,logistic_regression,-0.2161881073293903,success,
493,row,doubly_robust,-0.23340806099909495,success,
493,apk_cluster,psm,-0.26123808082336913,success,
493,apk_cluster,logistic_regression,-0.20965880607323717,success,
493,apk_cluster,doubly_robust,-0.24606358727145278,success,
494,row,psm,-0.2753928397861656,success,
494,row,logistic_regression,-0.24723153835313547,success,
494,row,doubly_robust,-0.2679476929938768,success,
494,apk_cluster,psm,-0.26696329254727474,success,
494,apk_cluster,logistic_regression,-0.22085163320083245,success,
494,apk_cluster,doubly_robust,-0.23227697935441977,success,
495,row,psm,-0.22371618337923213,success,
495,row,logistic_regression,-0.2171199064515157,success,
495,row,doubly_robust,-0.23023812279808592,success,
495,apk_cluster,psm,-0.26015757763015607,success,
495,apk_cluster,logistic_regression,-0.19552625719205488,success,
495,apk_cluster,doubly_robust,-0.22362688667412248,success,
496,row,psm,-0.3257735298882229,success,
496,row,logistic_regression,-0.22620710878552966,success,
496,row,doubly_robust,-0.24479872127119537,success,
496,apk_cluster,psm,-0.25851498637602177,success,
496,apk_cluster,logistic_regression,-0.21915191476216456,success,
496,apk_cluster,doubly_robust,-0.23260967319180426,success,
497,row,psm,-0.19763486149360115,success,
497,row,logistic_regression,-0.20103331498815533,success,
497,row,doubly_robust,-0.21950425557597278,success,
497,apk_cluster,psm,-0.27858697471957145,success,
497,apk_cluster,logistic_regression,-0.27853062249143895,success,
497,apk_cluster,doubly_robust,-0.2787076820524067,success,
498,row,psm,-0.24995950105297263,success,
498,row,logistic_regression,-0.22362481906754428,success,
498,row,doubly_robust,-0.23109898954316535,success,
498,apk_cluster,psm,-0.32098970441713714,success,
498,apk_cluster,logistic_regression,-0.20468974346703717,success,
498,apk_cluster,doubly_robust,-0.23545841162025688,success,
499,row,psm,-0.28689454074194076,success,
499,row,logistic_regression,-0.22524227805063377,success,
499,row,doubly_robust,-0.24266518258094583,success,
499,apk_cluster,psm,-0.32168046611468876,success,
499,apk_cluster,logistic_regression,-0.23998108315752653,success,
499,apk_cluster,doubly_robust,-0.2552778741291315,success,
500,row,psm,-0.19779685728171068,success,
500,row,logistic_regression,-0.23154821946635518,success,
500,row,doubly_robust,-0.24790155571903055,success,
500,apk_cluster,psm,-0.2488530295839266,success,
500,apk_cluster,logistic_regression,-0.2492019462589428,success,
500,apk_cluster,doubly_robust,-0.24954005912038318,success,
501,row,psm,-0.25384739996760086,success,
501,row,logistic_regression,-0.21474160977120063,success,
501,row,doubly_robust,-0.22351817110256925,success,
501,apk_cluster,psm,-0.3596831282656329,success,
501,apk_cluster,logistic_regression,-0.20209924485603825,success,
501,apk_cluster,doubly_robust,-0.23475869190885035,success,
502,row,psm,-0.2794427344889033,success,
502,row,logistic_regression,-0.23906397350988587,success,
502,row,doubly_robust,-0.25631235489710447,success,
502,apk_cluster,psm,-0.2905522750955193,success,
502,apk_cluster,logistic_regression,-0.23347163209388852,success,
502,apk_cluster,doubly_robust,-0.24604091066980252,success,
503,row,psm,-0.32431556779523735,success,
503,row,logistic_regression,-0.21354110361064402,success,
503,row,doubly_robust,-0.23074302880472528,success,
503,apk_cluster,psm,-0.1815364540857935,success,
503,apk_cluster,logistic_regression,-0.18302801246576564,success,
503,apk_cluster,doubly_robust,-0.20805999035788078,success,
504,row,psm,-0.3040660942815487,success,
504,row,logistic_regression,-0.22070087440220776,success,
504,row,doubly_robust,-0.23401983276079394,success,
504,apk_cluster,psm,-0.34295921405180113,success,
504,apk_cluster,logistic_regression,-0.2340920259932418,success,
504,apk_cluster,doubly_robust,-0.25000407568191313,success,
505,row,psm,-0.31702575733030935,success,
505,row,logistic_regression,-0.24506655587967172,success,
505,row,doubly_robust,-0.25960117647368425,success,
505,apk_cluster,psm,-0.3218760038548024,success,
505,apk_cluster,logistic_regression,-0.3080756433161261,success,
505,apk_cluster,doubly_robust,-0.31576883814910955,success,
506,row,psm,-0.23975376640207355,success,
506,row,logistic_regression,-0.21465409821201584,success,
506,row,doubly_robust,-0.23161971680526386,success,
506,apk_cluster,psm,-0.2978257205460981,success,
506,apk_cluster,logistic_regression,-0.2316616259468398,success,
506,apk_cluster,doubly_robust,-0.2395701467060431,success,
507,row,psm,-0.28754252389437873,success,
507,row,logistic_regression,-0.23835464593210964,success,
507,row,doubly_robust,-0.25211454897659064,success,
507,apk_cluster,psm,-0.3176236309326253,success,
507,apk_cluster,logistic_regression,-0.17597445380074847,success,
507,apk_cluster,doubly_robust,-0.17947431577534698,success,
508,row,psm,-0.2974242669690588,success,
508,row,logistic_regression,-0.19155939020059215,success,
508,row,doubly_robust,-0.21222873944204038,success,
508,apk_cluster,psm,-0.26345308473548584,success,
508,apk_cluster,logistic_regression,-0.14986347624130147,success,
508,apk_cluster,doubly_robust,-0.17812235171025276,success,
509,row,psm,-0.21885630973594686,success,
509,row,logistic_regression,-0.21134179142812198,success,
509,row,doubly_robust,-0.22802628808102424,success,
509,apk_cluster,psm,-0.34712482468443195,success,
509,apk_cluster,logistic_regression,-0.28363905033759595,success,
509,apk_cluster,doubly_robust,-0.2798823462120568,success,
510,row,psm,-0.21189049084723796,success,
510,row,logistic_regression,-0.2115688260443356,success,
510,row,doubly_robust,-0.22864323439325818,success,
510,apk_cluster,psm,-0.32916381082933516,success,
510,apk_cluster,logistic_regression,-0.2822713857101148,success,
510,apk_cluster,doubly_robust,-0.2852552866329438,success,
511,row,psm,-0.2719909282358659,success,
511,row,logistic_regression,-0.20301307896192752,success,
511,row,doubly_robust,-0.2162162750433729,success,
511,apk_cluster,psm,-0.32557758479436344,success,
511,apk_cluster,logistic_regression,-0.22086586926653928,success,
511,apk_cluster,doubly_robust,-0.24093559045975957,success,
512,row,psm,-0.34602300340191156,success,
512,row,logistic_regression,-0.22468500352231466,success,
512,row,doubly_robust,-0.24141327704115859,success,
512,apk_cluster,psm,-0.30930194539807093,success,
512,apk_cluster,logistic_regression,-0.30156446073017285,success,
512,apk_cluster,doubly_robust,-0.30904396649834986,success,
513,row,psm,-0.1979588530698202,success,
513,row,logistic_regression,-0.21214092142501284,success,
513,row,doubly_robust,-0.23061107556112306,success,
513,apk_cluster,psm,-0.38584585555016965,success,
513,apk_cluster,logistic_regression,-0.31356931905210456,success,
513,apk_cluster,doubly_robust,-0.3155131979795254,success,
514,row,psm,-0.24040174955451157,success,
514,row,logistic_regression,-0.23836688078409493,success,
514,row,doubly_robust,-0.25145075000612216,success,
514,apk_cluster,psm,-0.3949304987735078,success,
514,apk_cluster,logistic_regression,-0.2861293499104712,success,
514,apk_cluster,doubly_robust,-0.29009164773439516,success,
515,row,psm,-0.21885630973594686,success,
515,row,logistic_regression,-0.19731611779869854,success,
515,row,doubly_robust,-0.21083054994148906,success,
515,apk_cluster,psm,-0.30895474824729124,success,
515,apk_cluster,logistic_regression,-0.1912866800986078,success,
515,apk_cluster,doubly_robust,-0.22332367452591181,success,
516,row,psm,-0.28948647335169286,success,
516,row,logistic_regression,-0.19315838346737849,success,
516,row,doubly_robust,-0.21424762416069382,success,
516,apk_cluster,psm,-0.2894963039367371,success,
516,apk_cluster,logistic_regression,-0.25160743413571157,success,
516,apk_cluster,doubly_robust,-0.2581006057510337,success,
517,row,psm,-0.247853555807549,success,
517,row,logistic_regression,-0.20327078417129485,success,
517,row,doubly_robust,-0.22171493662464822,success,
517,apk_cluster,psm,-0.2960013554727211,success,
517,apk_cluster,logistic_regression,-0.21994696036532427,success,
517,apk_cluster,doubly_robust,-0.23328735060285866,success,
518,row,psm,-0.35298882229062045,success,
518,row,logistic_regression,-0.23502761556226398,success,
518,row,doubly_robust,-0.2475966886331661,success,
518,apk_cluster,psm,-0.23350721080085915,success,
518,apk_cluster,logistic_regression,-0.18550784179590069,success,
518,apk_cluster,doubly_robust,-0.19901471795755996,success,
519,row,psm,-0.238943787461526,success,
519,row,logistic_regression,-0.2363199432815305,success,
519,row,doubly_robust,-0.25045030028794024,success,
519,apk_cluster,psm,-0.273815812643071,success,
519,apk_cluster,logistic_regression,-0.2696739440650135,success,
519,apk_cluster,doubly_robust,-0.25604213170543777,success,
520,row,psm,-0.24850153895998703,success,
520,row,logistic_regression,-0.2353151745183001,success,
520,row,doubly_robust,-0.24484500252591196,success,
520,apk_cluster,psm,-0.30867182462927145,success,
520,apk_cluster,logistic_regression,-0.22694570499983793,success,
520,apk_cluster,doubly_robust,-0.23995979849776244,success,
521,row,psm,-0.26502510934715695,success,
521,row,logistic_regression,-0.19694808299746544,success,
521,row,doubly_robust,-0.2132593642664839,success,
521,apk_cluster,psm,-0.34213778189681804,success,
521,apk_cluster,logistic_regression,-0.23297235354701148,success,
521,apk_cluster,doubly_robust,-0.23860233141149073,success,
522,row,psm,-0.3139478373562287,success,
522,row,logistic_regression,-0.21492243868565222,success,
522,row,doubly_robust,-0.23075839954669786,success,
522,apk_cluster,psm,-0.2549187339606501,success,
522,apk_cluster,logistic_regression,-0.26493356144438235,success,
522,apk_cluster,doubly_robust,-0.2817166664934883,success,
523,row,psm,-0.1890490847237972,success,
523,row,logistic_regression,-0.22510585285722987,success,
523,row,doubly_robust,-0.23542577984312055,success,
523,apk_cluster,psm,-0.27840101121820193,success,
523,apk_cluster,logistic_regression,-0.18292725098108586,success,
523,apk_cluster,doubly_robust,-0.20853321372654207,success,
524,row,psm,-0.2413737242831686,success,
524,row,logistic_regression,-0.20028089173220665,success,
524,row,doubly_robust,-0.22323072605420785,success,
524,apk_cluster,psm,-0.25606335588186774,success,
524,apk_cluster,logistic_regression,-0.20813416323524067,success,
524,apk_cluster,doubly_robust,-0.25011448456079854,success,
525,row,psm,-0.25951725255143365,success,
525,row,logistic_regression,-0.2144812303877748,success,
525,row,doubly_robust,-0.23595933266741534,success,
525,apk_cluster,psm,-0.32608695652173914,success,
525,apk_cluster,logistic_regression,-0.19225160866948254,success,
525,apk_cluster,doubly_robust,-0.2130813851678204,success,
526,row,psm,-0.24688158107889194,success,
526,row,logistic_regression,-0.22632507418999143,success,
526,row,doubly_robust,-0.23579412147912424,success,
526,apk_cluster,psm,-0.39635899073778347,success,
526,apk_cluster,logistic_regression,-0.23063360791701562,success,
526,apk_cluster,doubly_robust,-0.25677727123748895,success,
527,row,psm,-0.292078405961445,success,
527,row,logistic_regression,-0.24679896091478168,success,
527,row,doubly_robust,-0.26017327997939493,success,
527,apk_cluster,psm,-0.17976973684210526,success,
527,apk_cluster,logistic_regression,-0.16678046422430748,success,
527,apk_cluster,doubly_robust,-0.19538826637564172,success,
528,row,psm,-0.25546735784869595,success,
528,row,logistic_regression,-0.202790068018346,success,
528,row,doubly_robust,-0.2209576311219684,success,
528,apk_cluster,psm,-0.24221399938328708,success,
528,apk_cluster,logistic_regression,-0.22915115453816537,success,
528,apk_cluster,doubly_robust,-0.2396956568294881,success,
529,row,psm,-0.2797667260651223,success,
529,row,logistic_regression,-0.21252276914054358,success,
529,row,doubly_robust,-0.22665091549767535,success,
529,apk_cluster,psm,-0.3424342105263158,success,
529,apk_cluster,logistic_regression,-0.2723497399903254,success,
529,apk_cluster,doubly_robust,-0.27378407001681093,success,
530,row,psm,-0.2196662886764944,success,
530,row,logistic_regression,-0.2523169386231662,success,
530,row,doubly_robust,-0.2669534331074365,success,
530,apk_cluster,psm,-0.22274247491638796,success,
530,apk_cluster,logistic_regression,-0.21792667685653683,success,
530,apk_cluster,doubly_robust,-0.22332441941485967,success,
531,row,psm,-0.3048760732220962,success,
531,row,logistic_regression,-0.2256269130372949,success,
531,row,doubly_robust,-0.24377100409174202,success,
531,apk_cluster,psm,-0.3203931203931204,success,
531,apk_cluster,logistic_regression,-0.18792616681963337,success,
531,apk_cluster,doubly_robust,-0.1992614037049113,success,
532,row,psm,-0.25984124412765264,success,
532,row,logistic_regression,-0.1928782710858118,success,
532,row,doubly_robust,-0.21035469927500605,success,
532,apk_cluster,psm,-0.21894667108314012,success,
532,apk_cluster,logistic_regression,-0.23055205275078197,success,
532,apk_cluster,doubly_robust,-0.23477507813396317,success,
533,row,psm,-0.21205248663534748,success,
533,row,logistic_regression,-0.24161093473459716,success,
533,row,doubly_robust,-0.25448835070319864,success,
533,apk_cluster,psm,-0.20363036303630364,success,
533,apk_cluster,logistic_regression,-0.21108239431016454,success,
533,apk_cluster,doubly_robust,-0.21480825562133893,success,
534,row,psm,-0.3316053782601652,success,
534,row,logistic_regression,-0.24772501186550636,success,
534,row,doubly_robust,-0.2649337095360134,success,
534,apk_cluster,psm,-0.3200906344410876,success,
534,apk_cluster,logistic_regression,-0.16339596394522934,success,
534,apk_cluster,doubly_robust,-0.1829405973599671,success,
535,row,psm,-0.2883525028349263,success,
535,row,logistic_regression,-0.21313803730990963,success,
535,row,doubly_robust,-0.2276383879841093,success,
535,apk_cluster,psm,-0.34758064516129034,success,
535,apk_cluster,logistic_regression,-0.28074387585952054,success,
535,apk_cluster,doubly_robust,-0.288701581063131,success,
536,row,psm,-0.29677628381662075,success,
536,row,logistic_regression,-0.197785551760392,success,
536,row,doubly_robust,-0.21483639114401545,success,
536,apk_cluster,psm,-0.24057507987220447,success,
536,apk_cluster,logistic_regression,-0.23238270372398429,success,
536,apk_cluster,doubly_robust,-0.24056540503905455,success,
537,row,psm,-0.2515794589340677,success,
537,row,logistic_regression,-0.2200151073738615,success,
537,row,doubly_robust,-0.23339334942628753,success,
537,apk_cluster,psm,-0.2534761067604283,success,
537,apk_cluster,logistic_regression,-0.21799758748745465,success,
537,apk_cluster,doubly_robust,-0.23363800145984648,success,
538,row,psm,-0.27571683136238456,success,
538,row,logistic_regression,-0.22466085133088115,success,
538,row,doubly_robust,-0.24067141872899336,success,
538,apk_cluster,psm,-0.3415824915824916,success,
538,apk_cluster,logistic_regression,-0.2648051114731209,success,
538,apk_cluster,doubly_robust,-0.26817570149380127,success,
539,row,psm,-0.32447756358334684,success,
539,row,logistic_regression,-0.2184969604989557,success,
539,row,doubly_robust,-0.2337841778085596,success,
539,apk_cluster,psm,-0.2947619047619048,success,
539,apk_cluster,logistic_regression,-0.20479816232510897,success,
539,apk_cluster,doubly_robust,-0.22473922263914997,success,
540,row,psm,-0.21334845294022356,success,
540,row,logistic_regression,-0.23446629193856386,success,
540,row,doubly_robust,-0.25057980350727577,success,
540,apk_cluster,psm,-0.2763306908267271,success,
540,apk_cluster,logistic_regression,-0.17375591874387603,success,
540,apk_cluster,doubly_robust,-0.18217147491919788,success,
541,row,psm,-0.25967924833954315,success,
541,row,logistic_regression,-0.2411905284465358,success,
541,row,doubly_robust,-0.25724128492223336,success,
541,apk_cluster,psm,-0.2164001899635903,success,
541,apk_cluster,logistic_regression,-0.20007691912028583,success,
541,apk_cluster,doubly_robust,-0.22205903337165972,success,
542,row,psm,-0.28559857443706466,success,
542,row,logistic_regression,-0.21414187257451087,success,
542,row,doubly_robust,-0.23562989334749657,success,
542,apk_cluster,psm,-0.1638707398905174,success,
542,apk_cluster,logistic_regression,-0.29140173062179936,success,
542,apk_cluster,doubly_robust,-0.29829311900236577,success,
543,row,psm,-0.24185971164749717,success,
543,row,logistic_regression,-0.2093697086439328,success,
543,row,doubly_robust,-0.21765301437356907,success,
543,apk_cluster,psm,-0.36205287713841366,success,
543,apk_cluster,logistic_regression,-0.278126285365997,success,
543,apk_cluster,doubly_robust,-0.2830538523804386,success,
544,row,psm,-0.2462335979264539,success,
544,row,logistic_regression,-0.2278520463306483,success,
544,row,doubly_robust,-0.23701867436963492,success,
544,apk_cluster,psm,-0.2087171052631579,success,
544,apk_cluster,logistic_regression,-0.22924522404628114,success,
544,apk_cluster,doubly_robust,-0.22445147939896012,success,
545,row,psm,-0.24493763162157783,success,
545,row,logistic_regression,-0.19971902464062957,success,
545,row,doubly_robust,-0.21455313732981063,success,
545,apk_cluster,psm,-0.28712539762263517,success,
545,apk_cluster,logistic_regression,-0.20368696832972819,success,
545,apk_cluster,doubly_robust,-0.2596744309391325,success,
546,row,psm,-0.2747448566337275,success,
546,row,logistic_regression,-0.20839867612906318,success,
546,row,doubly_robust,-0.22602327727570498,success,
546,apk_cluster,psm,-0.26241935483870965,success,
546,apk_cluster,logistic_regression,-0.2568298538959013,success,
546,apk_cluster,doubly_robust,-0.2609378456494223,success,
547,row,psm,-0.2230682002267941,success,
547,row,logistic_regression,-0.23511929062040246,success,
547,row,doubly_robust,-0.25059878211011916,success,
547,apk_cluster,psm,-0.29600651996740013,success,
547,apk_cluster,logistic_regression,-0.1861319876771678,success,
547,apk_cluster,doubly_robust,-0.19622604388836334,success,
548,row,psm,-0.2604892272800907,success,
548,row,logistic_regression,-0.23346636984730684,success,
548,row,doubly_robust,-0.24884254026205,success,
548,apk_cluster,psm,-0.35557704706640875,success,
548,apk_cluster,logistic_regression,-0.29029587493960635,success,
548,apk_cluster,doubly_robust,-0.3000033371785101,success,
549,row,psm,-0.31200388789891464,success,
549,row,logistic_regression,-0.20598898880192654,success,
549,row,doubly_robust,-0.22332855131641108,success,
549,apk_cluster,psm,-0.4203338391502276,success,
549,apk_cluster,logistic_regression,-0.29965576112835246,success,
549,apk_cluster,doubly_robust,-0.30616927382408315,success,
550,row,psm,-0.14579620929855824,success,
550,row,logistic_regression,-0.20755653475372843,success,
550,row,doubly_robust,-0.22710215251241986,success,
550,apk_cluster,psm,-0.37268478449021986,success,
550,apk_cluster,logistic_regression,-0.2668128053941011,success,
550,apk_cluster,doubly_robust,-0.28063653366704167,success,
551,row,psm,-0.22193422971002755,success,
551,row,logistic_regression,-0.21435491756901331,success,
551,row,doubly_robust,-0.2319853265751819,success,
551,apk_cluster,psm,-0.39024810475534116,success,
551,apk_cluster,logistic_regression,-0.22844580765293002,success,
551,apk_cluster,doubly_robust,-0.23078652644261546,success,
552,row,psm,-0.2282520654462984,success,
552,row,logistic_regression,-0.21651704221270907,success,
552,row,doubly_robust,-0.2292081749327601,success,
552,apk_cluster,psm,-0.3000674308833446,success,
552,apk_cluster,logistic_regression,-0.1978121909708226,success,
552,apk_cluster,doubly_robust,-0.21616289778764958,success,
553,row,psm,-0.2425076947999352,success,
553,row,logistic_regression,-0.20849105246927266,success,
553,row,doubly_robust,-0.2263287278110837,success,
553,apk_cluster,psm,-0.4060810810810811,success,
553,apk_cluster,logistic_regression,-0.32541155278781153,success,
553,apk_cluster,doubly_robust,-0.3311129049245694,success,
554,row,psm,-0.23181597278470759,success,
554,row,logistic_regression,-0.25387500186351925,success,
554,row,doubly_robust,-0.266982830427421,success,
554,apk_cluster,psm,-0.3821875,success,
554,apk_cluster,logistic_regression,-0.26031722376443883,success,
554,apk_cluster,doubly_robust,-0.2749963641025225,success,
555,row,psm,-0.25012149684108215,success,
555,row,logistic_regression,-0.22206525427769225,success,
555,row,doubly_robust,-0.24146469206739352,success,
555,apk_cluster,psm,-0.3201574264202601,success,
555,apk_cluster,logistic_regression,-0.21453247627238053,success,
555,apk_cluster,doubly_robust,-0.2473957136803359,success,
556,row,psm,-0.20443868459420056,success,
556,row,logistic_regression,-0.2211373989210154,success,
556,row,doubly_robust,-0.23591502027673444,success,
556,apk_cluster,psm,-0.30202519534364536,success,
556,apk_cluster,logistic_regression,-0.24603909956149422,success,
556,apk_cluster,doubly_robust,-0.25593274093582447,success,
557,row,psm,-0.23456990118256926,success,
557,row,logistic_regression,-0.23091840764197366,success,
557,row,doubly_robust,-0.24404167298692478,success,
557,apk_cluster,psm,-0.21152898669732303,success,
557,apk_cluster,logistic_regression,-0.21497317862898288,success,
557,apk_cluster,doubly_robust,-0.2563295941914935,success,
558,row,psm,-0.26972298720233273,success,
558,row,logistic_regression,-0.24220058291086602,success,
558,row,doubly_robust,-0.25156986885718985,success,
558,apk_cluster,psm,-0.3175237144283575,success,
558,apk_cluster,logistic_regression,-0.26846946818825806,success,
558,apk_cluster,doubly_robust,-0.2716255933316848,success,
559,row,psm,-0.27166693665964686,success,
559,row,logistic_regression,-0.23174879313412006,success,
559,row,doubly_robust,-0.250627616003048,success,
559,apk_cluster,psm,-0.1873924605036759,success,
559,apk_cluster,logistic_regression,-0.22494037073829623,success,
559,apk_cluster,doubly_robust,-0.24379813236153197,success,
560,row,psm,-0.20330471407743397,success,
560,row,logistic_regression,-0.24117087034996093,success,
560,row,doubly_robust,-0.25781178635716284,success,
560,apk_cluster,psm,-0.2050750079795723,success,
560,apk_cluster,logistic_regression,-0.19565570484895597,success,
560,apk_cluster,doubly_robust,-0.21928583165492288,success,
561,row,psm,-0.2527134294508343,success,
561,row,logistic_regression,-0.1717022551857956,success,
561,row,doubly_robust,-0.19292450501247327,success,
561,apk_cluster,psm,-0.3413232638318831,success,
561,apk_cluster,logistic_regression,-0.27141587709624304,success,
561,apk_cluster,doubly_robust,-0.2669109353605747,success,
562,row,psm,-0.2084885792969383,success,
562,row,logistic_regression,-0.2232103703298191,success,
562,row,doubly_robust,-0.23561927707663954,success,
562,apk_cluster,psm,-0.23853211009174308,success,
562,apk_cluster,logistic_regression,-0.2505948973557041,success,
562,apk_cluster,doubly_robust,-0.27458845468582965,success,
563,row,psm,-0.2865705491657217,success,
563,row,logistic_regression,-0.24263381270757406,success,
563,row,doubly_robust,-0.26310559903463515,success,
563,apk_cluster,psm,-0.33312568135804393,success,
563,apk_cluster,logistic_regression,-0.22188125117170254,success,
563,apk_cluster,doubly_robust,-0.2558147604128857,success,
564,row,psm,-0.21642637291430422,success,
564,row,logistic_regression,-0.23534580519016268,success,
564,row,doubly_robust,-0.249865758498045,success,
564,apk_cluster,psm,-0.3234540211470683,success,
564,apk_cluster,logistic_regression,-0.17026149085631123,success,
564,apk_cluster,doubly_robust,-0.1957454898637932,success,
565,row,psm,-0.27992872185323187,success,
565,row,logistic_regression,-0.2567700860543924,success,
565,row,doubly_robust,-0.27263570185869607,success,
565,apk_cluster,psm,-0.3080227028685381,success,
565,apk_cluster,logistic_regression,-0.16152549597694546,success,
565,apk_cluster,doubly_robust,-0.21193207190587174,success,
566,row,psm,-0.32123764782115666,success,
566,row,logistic_regression,-0.1905333489707783,success,
566,row,doubly_robust,-0.20870353384995613,success,
566,apk_cluster,psm,-0.29685408299866134,success,
566,apk_cluster,logistic_regression,-0.2601687398810293,success,
566,apk_cluster,doubly_robust,-0.271493745187391,success,
567,row,psm,-0.3060100437388628,success,
567,row,logistic_regression,-0.2512869525984513,success,
567,row,doubly_robust,-0.2685879487041733,success,
567,apk_cluster,psm,-0.26447277739490005,success,
567,apk_cluster,logistic_regression,-0.197128785761456,success,
567,apk_cluster,doubly_robust,-0.2070194513695739,success,
568,row,psm,-0.2860845618013932,success,
568,row,logistic_regression,-0.2418037832825011,success,
568,row,doubly_robust,-0.2546723790872281,success,
568,apk_cluster,psm,-0.2779050736497545,success,
568,apk_cluster,logistic_regression,-0.15247444381449365,success,
568,apk_cluster,doubly_robust,-0.1944307752983333,success,
569,row,psm,-0.3316053782601652,success,
569,row,logistic_regression,-0.23602033858620539,success,
569,row,doubly_robust,-0.24526921369250054,success,
569,apk_cluster,psm,-0.3646066448614219,success,
569,apk_cluster,logistic_regression,-0.22053139433733276,success,
569,apk_cluster,doubly_robust,-0.23776011506998312,success,
570,row,psm,-0.23716183379232145,success,
570,row,logistic_regression,-0.20367492554235883,success,
570,row,doubly_robust,-0.21779177111067768,success,
570,apk_cluster,psm,-0.33959236077676136,success,
570,apk_cluster,logistic_regression,-0.1809521804920135,success,
570,apk_cluster,doubly_robust,-0.19848094634946212,success,
571,row,psm,-0.29126842702089745,success,
571,row,logistic_regression,-0.24081385856000342,success,
571,row,doubly_robust,-0.259738512863944,success,
571,apk_cluster,psm,-0.3612750885478158,success,
571,apk_cluster,logistic_regression,-0.2613010039509455,success,
571,apk_cluster,doubly_robust,-0.2632520483723649,success,
572,row,psm,-0.3456990118256925,success,
572,row,logistic_regression,-0.22797686095039388,success,
572,row,doubly_robust,-0.24585359704612672,success,
572,apk_cluster,psm,-0.32997481108312343,success,
572,apk_cluster,logistic_regression,-0.23545688580679777,success,
572,apk_cluster,doubly_robust,-0.2439452468994106,success,
573,row,psm,-0.27717479345537016,success,
573,row,logistic_regression,-0.2467747914138439,success,
573,row,doubly_robust,-0.25869978472408167,success,
573,apk_cluster,psm,-0.2419594260267195,success,
573,apk_cluster,logistic_regression,-0.18172233857903713,success,
573,apk_cluster,doubly_robust,-0.17580294576822605,success,
574,row,psm,-0.21189049084723796,success,
574,row,logistic_regression,-0.17130338727876926,success,
574,row,doubly_robust,-0.19346643891235943,success,
574,apk_cluster,psm,-0.2691484104760336,success,
574,apk_cluster,logistic_regression,-0.23421940481716935,success,
574,apk_cluster,doubly_robust,-0.272291076497312,success,
575,row,psm,-0.2619471893730763,success,
575,row,logistic_regression,-0.1995770600859835,success,
575,row,doubly_robust,-0.2144050408173533,success,
575,apk_cluster,psm,-0.2725403353369187,success,
575,apk_cluster,logistic_regression,-0.2309528224470884,success,
575,apk_cluster,doubly_robust,-0.2514600994084042,success,
576,row,psm,-0.23959177061396403,success,
576,row,logistic_regression,-0.2283396022483349,success,
576,row,doubly_robust,-0.24146735670140335,success,
576,apk_cluster,psm,-0.392238507661559,success,
576,apk_cluster,logistic_regression,-0.32678458396849397,success,
576,apk_cluster,doubly_robust,-0.32936468014236847,success,
577,row,psm,-0.1913170257573303,success,
577,row,logistic_regression,-0.1928018588256611,success,
577,row,doubly_robust,-0.20748130906963683,success,
577,apk_cluster,psm,-0.16758879171872212,success,
577,apk_cluster,logistic_regression,-0.19528043636583559,success,
577,apk_cluster,doubly_robust,-0.2076404612648876,success,
578,row,psm,-0.317835736270857,success,
578,row,logistic_regression,-0.23742523865748533,success,
578,row,doubly_robust,-0.25608233718456025,success,
578,apk_cluster,psm,-0.2661469933184855,success,
578,apk_cluster,logistic_regression,-0.1599186999313004,success,
578,apk_cluster,doubly_robust,-0.1848546927409015,success,
579,row,psm,-0.2794427344889033,success,
579,row,logistic_regression,-0.22156926774658667,success,
579,row,doubly_robust,-0.23775086982664467,success,
579,apk_cluster,psm,-0.36233285000805543,success,
579,apk_cluster,logistic_regression,-0.23034559287948536,success,
579,apk_cluster,doubly_robust,-0.23761761430264605,success,
580,row,psm,-0.27069496193098974,success,
580,row,logistic_regression,-0.21879960877323312,success,
580,row,doubly_robust,-0.23262984177961504,success,
580,apk_cluster,psm,-0.32066957787481803,success,
580,apk_cluster,logistic_regression,-0.26009670368896737,success,
580,apk_cluster,doubly_robust,-0.26620419720458777,success,
581,row,psm,-0.26632107565203306,success,
581,row,logistic_regression,-0.2222396044798744,success,
581,row,doubly_robust,-0.2379770008051966,success,
581,apk_cluster,psm,-0.21339790153349475,success,
581,apk_cluster,logistic_regression,-0.18645500124327338,success,
581,apk_cluster,doubly_robust,-0.2276504508589596,success,
582,row,psm,-0.28430260813218855,success,
582,row,logistic_regression,-0.2185698906833848,success,
582,row,doubly_robust,-0.23541465491070182,success,
582,apk_cluster,psm,-0.3022170361726954,success,
582,apk_cluster,logistic_regression,-0.22428912160225664,success,
582,apk_cluster,doubly_robust,-0.2348318124844398,success,
583,row,psm,-0.2932123764782116,success,
583,row,logistic_regression,-0.22369752337484855,success,
583,row,doubly_robust,-0.24070149567644242,success,
583,apk_cluster,psm,-0.31185400516795864,success,
583,apk_cluster,logistic_regression,-0.19941100040748314,success,
583,apk_cluster,doubly_robust,-0.24077437084470033,success,
584,row,psm,-0.2535234083913818,success,
584,row,logistic_regression,-0.22688514476128704,success,
584,row,doubly_robust,-0.24159384502978912,success,
584,apk_cluster,psm,-0.3337761541016273,success,
584,apk_cluster,logistic_regression,-0.2065584145375234,success,
584,apk_cluster,doubly_robust,-0.2146110845926194,success,
585,row,psm,-0.31896970678762354,success,
585,row,logistic_regression,-0.21756521949165755,success,
585,row,doubly_robust,-0.2291226318308945,success,
585,apk_cluster,psm,-0.2736773350751143,success,
585,apk_cluster,logistic_regression,-0.15998437866329965,success,
585,apk_cluster,doubly_robust,-0.1756143929687634,success,
586,row,psm,-0.2768508018791511,success,
586,row,logistic_regression,-0.25292806380605565,success,
586,row,doubly_robust,-0.26832818615629905,success,
586,apk_cluster,psm,-0.3131452167928424,success,
586,apk_cluster,logistic_regression,-0.22781028740456785,success,
586,apk_cluster,doubly_robust,-0.22285542141597325,success,
587,row,psm,-0.2763648145148226,success,
587,row,logistic_regression,-0.2379158173895754,success,
587,row,doubly_robust,-0.2550456154703847,success,
587,apk_cluster,psm,-0.3200674536256324,success,
587,apk_cluster,logistic_regression,-0.279559153195748,success,
587,apk_cluster,doubly_robust,-0.28743188544808096,success,
588,row,psm,-0.23570387169933582,success,
588,row,logistic_regression,-0.22864464612059474,success,
588,row,doubly_robust,-0.24341405173381037,success,
588,apk_cluster,psm,-0.2730462519936204,success,
588,apk_cluster,logistic_regression,-0.21517356328523504,success,
588,apk_cluster,doubly_robust,-0.23525080352568062,success,
589,row,psm,-0.309897942653491,success,
589,row,logistic_regression,-0.23739102218594782,success,
589,row,doubly_robust,-0.2567559692541754,success,
589,apk_cluster,psm,-0.26240589952373633,success,
589,apk_cluster,logistic_regression,-0.22986232331643566,success,
589,apk_cluster,doubly_robust,-0.23379354448826778,success,
590,row,psm,-0.3175117446946379,success,
590,row,logistic_regression,-0.2312699643040343,success,
590,row,doubly_robust,-0.24164649568135205,success,
590,apk_cluster,psm,-0.22369260204081629,success,
590,apk_cluster,logistic_regression,-0.19377184524359667,success,
590,apk_cluster,doubly_robust,-0.22447963904084825,success,
591,row,psm,-0.265025109347157,success,
591,row,logistic_regression,-0.23929026778051224,success,
591,row,doubly_robust,-0.2541215115997509,success,
591,apk_cluster,psm,-0.3260905900050142,success,
591,apk_cluster,logistic_regression,-0.2975383123753556,success,
591,apk_cluster,doubly_robust,-0.29195444016020594,success,
592,row,psm,-0.26794103353312815,success,
592,row,logistic_regression,-0.23268708971623558,success,
592,row,doubly_robust,-0.24877036806017752,success,
592,apk_cluster,psm,-0.29047771721705673,success,
592,apk_cluster,logistic_regression,-0.2268386688578387,success,
592,apk_cluster,doubly_robust,-0.2342566276656663,success,
593,row,psm,-0.22549813704843674,success,
593,row,logistic_regression,-0.21748032076162732,success,
593,row,doubly_robust,-0.2369546774477613,success,
593,apk_cluster,psm,-0.26568801419583804,success,
593,apk_cluster,logistic_regression,-0.2742836742960191,success,
593,apk_cluster,doubly_robust,-0.27723749927255054,success,
594,row,psm,-0.16944759436254658,success,
594,row,logistic_regression,-0.21951181663163613,success,
594,row,doubly_robust,-0.23891304516709866,success,
594,apk_cluster,psm,-0.21381686905152608,success,
594,apk_cluster,logistic_regression,-0.2123142782782903,success,
594,apk_cluster,doubly_robust,-0.2327957400132014,success,
595,row,psm,-0.23116798963226956,success,
595,row,logistic_regression,-0.22391691252725987,success,
595,row,doubly_robust,-0.23614102815604743,success,
595,apk_cluster,psm,-0.3348798674399337,success,
595,apk_cluster,logistic_regression,-0.1926561954642974,success,
595,apk_cluster,doubly_robust,-0.25694701665552844,success,
596,row,psm,-0.3076300016199579,success,
596,row,logistic_regression,-0.2552921253901792,success,
596,row,doubly_robust,-0.26725392654682634,success,
596,apk_cluster,psm,-0.32108929702343253,success,
596,apk_cluster,logistic_regression,-0.24148321299532896,success,
596,apk_cluster,doubly_robust,-0.2640205570655596,success,
597,row,psm,-0.265997084075814,success,
597,row,logistic_regression,-0.2213049355492123,success,
597,row,doubly_robust,-0.2364452075033667,success,
597,apk_cluster,psm,-0.2940535491905355,success,
597,apk_cluster,logistic_regression,-0.2367509412898287,success,
597,apk_cluster,doubly_robust,-0.25356168536232904,success,
598,row,psm,-0.33387331929369835,success,
598,row,logistic_regression,-0.2470253317222871,success,
598,row,doubly_robust,-0.2656860924016139,success,
598,apk_cluster,psm,-0.3543372889854588,success,
598,apk_cluster,logistic_regression,-0.20662019382222474,success,
598,apk_cluster,doubly_robust,-0.22580822231135725,success,
599,row,psm,-0.24639559371456346,success,
599,row,logistic_regression,-0.2381461627396409,success,
599,row,doubly_robust,-0.25147493335384674,success,
599,apk_cluster,psm,-0.2844375088665059,success,
599,apk_cluster,logistic_regression,-0.19234699413978185,success,
599,apk_cluster,doubly_robust,-0.23149843961766586,success,
600,row,psm,-0.24040174955451157,success,
600,row,logistic_regression,-0.21899238011535987,success,
600,row,doubly_robust,-0.23475997699559698,success,
600,apk_cluster,psm,-0.2780453005172106,success,
600,apk_cluster,logistic_regression,-0.20978192259298659,success,
600,apk_cluster,doubly_robust,-0.2265900496446916,success,
601,row,psm,-0.318483719423295,success,
601,row,logistic_regression,-0.25112284558051046,success,
601,row,doubly_robust,-0.26801129349477437,success,
601,apk_cluster,psm,-0.22772277227722768,success,
601,apk_cluster,logistic_regression,-0.15668672795752253,success,
601,apk_cluster,doubly_robust,-0.1824351280977492,success,
602,row,psm,-0.27004697877855177,success,
602,row,logistic_regression,-0.2666959291987532,success,
602,row,doubly_robust,-0.28017329660484314,success,
602,apk_cluster,psm,-0.37242659466756667,success,
602,apk_cluster,logistic_regression,-0.1839817138235293,success,
602,apk_cluster,doubly_robust,-0.2408050470286591,success,
603,row,psm,-0.27749878503158915,success,
603,row,logistic_regression,-0.22572426432318837,success,
603,row,doubly_robust,-0.23682457968475354,success,
603,apk_cluster,psm,-0.33713813068651777,success,
603,apk_cluster,logistic_regression,-0.24619078080011528,success,
603,apk_cluster,doubly_robust,-0.2612847875096739,success,
604,row,psm,-0.17058156487931314,success,
604,row,logistic_regression,-0.2183453284121175,success,
604,row,doubly_robust,-0.23187833712985628,success,
604,apk_cluster,psm,-0.2929394091136705,success,
604,apk_cluster,logistic_regression,-0.29410171947548647,success,
604,apk_cluster,doubly_robust,-0.33193368269263335,success,
605,row,psm,-0.23910578324963552,success,
605,row,logistic_regression,-0.2371377425998895,success,
605,row,doubly_robust,-0.2557686711371191,success,
605,apk_cluster,psm,-0.3137700940248711,success,
605,apk_cluster,logistic_regression,-0.18696396476821636,success,
605,apk_cluster,doubly_robust,-0.21883046216532448,success,
606,row,psm,-0.20103677304390086,success,
606,row,logistic_regression,-0.19289391272824746,success,
606,row,doubly_robust,-0.20698344332325794,success,
606,apk_cluster,psm,-0.33061101028433154,success,
606,apk_cluster,logistic_regression,-0.1951306541508031,success,
606,apk_cluster,doubly_robust,-0.233744106725102,success,
607,row,psm,-0.31346184999190024,success,
607,row,logistic_regression,-0.2293917644764243,success,
607,row,doubly_robust,-0.24234053234221523,success,
607,apk_cluster,psm,-0.27529133592298605,success,
607,apk_cluster,logistic_regression,-0.21651737688356798,success,
607,apk_cluster,doubly_robust,-0.22971596786271897,success,
608,row,psm,-0.27506884820994654,success,
608,row,logistic_regression,-0.21885572490451113,success,
608,row,doubly_robust,-0.23658938866093854,success,
608,apk_cluster,psm,-0.3197164078325455,success,
608,apk_cluster,logistic_regression,-0.18654420491868973,success,
608,apk_cluster,doubly_robust,-0.2132072203141745,success,
609,row,psm,-0.3063340353150818,success,
609,row,logistic_regression,-0.24094925326854796,success,
609,row,doubly_robust,-0.2604782436681398,success,
609,apk_cluster,psm,-0.21013222877170623,success,
609,apk_cluster,logistic_regression,-0.20418771727849278,success,
609,apk_cluster,doubly_robust,-0.20743465313447,success,
610,row,psm,-0.2885144986230358,success,
610,row,logistic_regression,-0.1771555526987652,success,
610,row,doubly_robust,-0.19527274986513365,success,
610,apk_cluster,psm,-0.3104870696493733,success,
610,apk_cluster,logistic_regression,-0.20061764945954932,success,
610,apk_cluster,doubly_robust,-0.21403371111679398,success,
611,row,psm,-0.27523084399805603,success,
611,row,logistic_regression,-0.22182265229518353,success,
611,row,doubly_robust,-0.23319696449498337,success,
611,apk_cluster,psm,-0.2665155440414508,success,
611,apk_cluster,logistic_regression,-0.23988247790817993,success,
611,apk_cluster,doubly_robust,-0.2523211310399304,success,
612,row,psm,-0.3087639721367244,success,
612,row,logistic_regression,-0.23648985593831537,success,
612,row,doubly_robust,-0.24827122146402023,success,
612,apk_cluster,psm,-0.22342231137170188,success,
612,apk_cluster,logistic_regression,-0.20662091242232175,success,
612,apk_cluster,doubly_robust,-0.24063924231619083,success,
613,row,psm,-0.2825206544629839,success,
613,row,logistic_regression,-0.2379875351225562,success,
613,row,doubly_robust,-0.25285707382345424,success,
613,apk_cluster,psm,-0.26681020205366013,success,
613,apk_cluster,logistic_regression,-0.2537494642080509,success,
613,apk_cluster,doubly_robust,-0.25693368557037755,success,
614,row,psm,-0.3162157783897619,success,
614,row,logistic_regression,-0.21696937780738088,success,
614,row,doubly_robust,-0.2323270463100817,success,
614,apk_cluster,psm,-0.373421926910299,success,
614,apk_cluster,logistic_regression,-0.2252326469823845,success,
614,apk_cluster,doubly_robust,-0.227973409901466,success,
615,row,psm,-0.2902964522922404,success,
615,row,logistic_regression,-0.22023569669433746,success,
615,row,doubly_robust,-0.23863732541781504,success,
615,apk_cluster,psm,-0.19201074185968445,success,
615,apk_cluster,logistic_regression,-0.23029033885016867,success,
615,apk_cluster,doubly_robust,-0.2335148202711637,success,
616,row,psm,-0.2522274420865057,success,
616,row,logistic_regression,-0.23436895791847087,success,
616,row,doubly_robust,-0.2524076215491725,success,
616,apk_cluster,psm,-0.27825947334617857,success,
616,apk_cluster,logistic_regression,-0.27801590342625665,success,
616,apk_cluster,doubly_robust,-0.28296093503949726,success,
617,row,psm,-0.18321723635185486,success,
617,row,logistic_regression,-0.18427054302956383,success,
617,row,doubly_robust,-0.20393175793657095,success,
617,apk_cluster,psm,-0.2937340966921119,success,
617,apk_cluster,logistic_regression,-0.2484415613014877,success,
617,apk_cluster,doubly_robust,-0.30013420744047015,success,
618,row,psm,-0.23602786327555483,success,
618,row,logistic_regression,-0.22994086193863678,success,
618,row,doubly_robust,-0.2445709399720437,success,
618,apk_cluster,psm,-0.22887323943661972,success,
618,apk_cluster,logistic_regression,-0.251200207986402,success,
618,apk_cluster,doubly_robust,-0.25792892999520606,success,
619,row,psm,-0.2715049408715373,success,
619,row,logistic_regression,-0.18060065006370662,success,
619,row,doubly_robust,-0.2010382430206921,success,
619,apk_cluster,psm,-0.2777691711851278,success,
619,apk_cluster,logistic_regression,-0.15132808804423262,success,
619,apk_cluster,doubly_robust,-0.19348728773829066,success,
620,row,psm,-0.2740968734812895,success,
620,row,logistic_regression,-0.20854531171696566,success,
620,row,doubly_robust,-0.22623573659865626,success,
620,apk_cluster,psm,-0.36307586915567736,success,
620,apk_cluster,logistic_regression,-0.26561351556652235,success,
620,apk_cluster,doubly_robust,-0.26295645954585073,success,
621,row,psm,-0.3000161995788109,success,
621,row,logistic_regression,-0.2411036780680091,success,
621,row,doubly_robust,-0.25257811304409644,success,
621,apk_cluster,psm,-0.3488130306705943,success,
621,apk_cluster,logistic_regression,-0.19305060013359174,success,
621,apk_cluster,doubly_robust,-0.23010277794860665,success,
622,row,psm,-0.2784707597602462,success,
622,row,logistic_regression,-0.22280308676216903,success,
622,row,doubly_robust,-0.23562786962122423,success,
622,apk_cluster,psm,-0.22618047386993784,success,
622,apk_cluster,logistic_regression,-0.252301507864088,success,
622,apk_cluster,doubly_robust,-0.2500024498749472,success,
623,row,psm,-0.30390409849343913,success,
623,row,logistic_regression,-0.2457881847789697,success,
623,row,doubly_robust,-0.2602706943835599,success,
623,apk_cluster,psm,-0.32087772300842743,success,
623,apk_cluster,logistic_regression,-0.2486340973487186,success,
623,apk_cluster,doubly_robust,-0.2755147501204137,success,
624,row,psm,-0.2685890166855662,success,
624,row,logistic_regression,-0.1973816544254106,success,
624,row,doubly_robust,-0.21530061637538178,success,
624,apk_cluster,psm,-0.303245964242319,success,
624,apk_cluster,logistic_regression,-0.2421658946409197,success,
624,apk_cluster,doubly_robust,-0.24066283443305506,success,
625,row,psm,-0.2285760570225174,success,
625,row,logistic_regression,-0.20893601730747832,success,
625,row,doubly_robust,-0.22519631412339178,success,
625,apk_cluster,psm,-0.2077415326986109,success,
625,apk_cluster,logistic_regression,-0.2008892808400875,success,
625,apk_cluster,doubly_robust,-0.21380570596762044,success,
626,row,psm,-0.3139478373562287,success,
626,row,logistic_regression,-0.25450141472223653,success,
626,row,doubly_robust,-0.2666613413380634,success,
626,apk_cluster,psm,-0.3585488856352692,success,
626,apk_cluster,logistic_regression,-0.2255318881893864,success,
626,apk_cluster,doubly_robust,-0.264459682561999,success,
627,row,psm,-0.22339219180301312,success,
627,row,logistic_regression,-0.23605797514584656,success,
627,row,doubly_robust,-0.2506138219325808,success,
627,apk_cluster,psm,-0.32354828360603144,success,
627,apk_cluster,logistic_regression,-0.1589363113189036,success,
627,apk_cluster,doubly_robust,-0.22105499732089645,success,
628,row,psm,-0.3032561153410011,success,
628,row,logistic_regression,-0.1964569772171362,success,
628,row,doubly_robust,-0.21607603518596602,success,
628,apk_cluster,psm,-0.34358186010760955,success,
628,apk_cluster,logistic_regression,-0.21359468921750568,success,
628,apk_cluster,doubly_robust,-0.23889615374465523,success,
629,row,psm,-0.21658836870241374,success,
629,row,logistic_regression,-0.2477391001317475,success,
629,row,doubly_robust,-0.2591083524533425,success,
629,apk_cluster,psm,-0.2947885593963854,success,
629,apk_cluster,logistic_regression,-0.2154644972935624,success,
629,apk_cluster,doubly_robust,-0.22626562124481187,success,
630,row,psm,-0.22209622549813704,success,
630,row,logistic_regression,-0.21691051676861667,success,
630,row,doubly_robust,-0.23800342517754167,success,
630,apk_cluster,psm,-0.26563022400534936,success,
630,apk_cluster,logistic_regression,-0.20935091211981405,success,
630,apk_cluster,doubly_robust,-0.24608398848708715,success,
631,row,psm,-0.27555483557427507,success,
631,row,logistic_regression,-0.17284141454128482,success,
631,row,doubly_robust,-0.19062796724487532,success,
631,apk_cluster,psm,-0.25926505082095386,success,
631,apk_cluster,logistic_regression,-0.23117509793620294,success,
631,apk_cluster,doubly_robust,-0.2774249296053331,success,
632,row,psm,-0.31491981208488573,success,
632,row,logistic_regression,-0.22915859313038048,success,
632,row,doubly_robust,-0.24275834183538908,success,
632,apk_cluster,psm,-0.19749652294853964,success,
632,apk_cluster,logistic_regression,-0.30156414518411345,success,
632,apk_cluster,doubly_robust,-0.30306064367508945,success,
633,row,psm,-0.22760408229386037,success,
633,row,logistic_regression,-0.2077827628030335,success,
633,row,doubly_robust,-0.21991327899332702,success,
633,apk_cluster,psm,-0.16298527443105756,success,
633,apk_cluster,logistic_regression,-0.22346097639488022,success,
633,apk_cluster,doubly_robust,-0.23023776526079825,success,
634,row,psm,-0.28576057022517415,success,
634,row,logistic_regression,-0.22467795145673902,success,
634,row,doubly_robust,-0.242288531848691,success,
634,apk_cluster,psm,-0.3120794078061911,success,
634,apk_cluster,logistic_regression,-0.21666012321827083,success,
634,apk_cluster,doubly_robust,-0.24571822985087738,success,
635,row,psm,-0.2732868945407419,success,
635,row,logistic_regression,-0.23131522998403337,success,
635,row,doubly_robust,-0.24891701564372246,success,
635,apk_cluster,psm,-0.3943232841565106,success,
635,apk_cluster,logistic_regression,-0.23987383519275826,success,
635,apk_cluster,doubly_robust,-0.24141645057705152,success,
636,row,psm,-0.20605864247529565,success,
636,row,logistic_regression,-0.21088190690962821,success,
636,row,doubly_robust,-0.22452265346108566,success,
636,apk_cluster,psm,-0.2583581855281745,success,
636,apk_cluster,logistic_regression,-0.21642014258227663,success,
636,apk_cluster,doubly_robust,-0.24402891566167795,success,
637,row,psm,-0.3350072898104649,success,
637,row,logistic_regression,-0.24234763558282987,success,
637,row,doubly_robust,-0.25483376839574506,success,
637,apk_cluster,psm,-0.3328469520103761,success,
637,apk_cluster,logistic_regression,-0.27778264922804624,success,
637,apk_cluster,doubly_robust,-0.3355281187048099,success,
638,row,psm,-0.247853555807549,success,
638,row,logistic_regression,-0.2010499322942147,success,
638,row,doubly_robust,-0.21386324957585326,success,
638,apk_cluster,psm,-0.2888665997993982,success,
638,apk_cluster,logistic_regression,-0.24770315532818313,success,
638,apk_cluster,doubly_robust,-0.250401651259006,success,
639,row,psm,-0.26777903774501866,success,
639,row,logistic_regression,-0.24849939872298,success,
639,row,doubly_robust,-0.26281385039135474,success,
639,apk_cluster,psm,-0.3551253570295144,success,
639,apk_cluster,logistic_regression,-0.2519388655619966,success,
639,apk_cluster,doubly_robust,-0.2562968820559904,success,
640,row,psm,-0.21658836870241374,success,
640,row,logistic_regression,-0.21162694803400783,success,
640,row,doubly_robust,-0.22344547970435705,success,
640,apk_cluster,psm,-0.28634153990904815,success,
640,apk_cluster,logistic_regression,-0.21872199829153383,success,
640,apk_cluster,doubly_robust,-0.2296142899410359,success,
641,row,psm,-0.29791025433338736,success,
641,row,logistic_regression,-0.22058813805823446,success,
641,row,doubly_robust,-0.23741344252061453,success,
641,apk_cluster,psm,-0.3558730158730159,success,
641,apk_cluster,logistic_regression,-0.23002526461404504,success,
641,apk_cluster,doubly_robust,-0.24332770930928058,success,
642,row,psm,-0.1945569415195205,success,
642,row,logistic_regression,-0.21781856886649126,success,
642,row,doubly_robust,-0.2313587075993384,success,
642,apk_cluster,psm,-0.27919373646510076,success,
642,apk_cluster,logistic_regression,-0.1980362641464909,success,
642,apk_cluster,doubly_robust,-0.214474594457579,success,
643,row,psm,-0.2685890166855662,success,
643,row,logistic_regression,-0.18906199063600018,success,
643,row,doubly_robust,-0.20835546418368822,success,
643,apk_cluster,psm,-0.3429093324476918,success,
643,apk_cluster,logistic_regression,-0.19068986050173126,success,
643,apk_cluster,doubly_robust,-0.2224510181914293,success,
644,row,psm,-0.33549327717479344,success,
644,row,logistic_regression,-0.23181046173668354,success,
644,row,doubly_robust,-0.25181170143777043,success,
644,apk_cluster,psm,-0.374486301369863,success,
644,apk_cluster,logistic_regression,-0.19361533840018247,success,
644,apk_cluster,doubly_robust,-0.2174959702544646,success,
645,row,psm,-0.20767860035639074,success,
645,row,logistic_regression,-0.20868025863154227,success,
645,row,doubly_robust,-0.22348201952790045,success,
645,apk_cluster,psm,-0.27719539439766283,success,
645,apk_cluster,logistic_regression,-0.22836449376268014,success,
645,apk_cluster,doubly_robust,-0.24743100110836677,success,
646,row,psm,-0.31313785841568115,success,
646,row,logistic_regression,-0.2751997269362083,success,
646,row,doubly_robust,-0.2873848237640396,success,
646,apk_cluster,psm,-0.27636946386946387,success,
646,apk_cluster,logistic_regression,-0.19197617351866939,success,
646,apk_cluster,doubly_robust,-0.2168676665356668,success,
647,row,psm,-0.2407257411307306,success,
647,row,logistic_regression,-0.24507227399435375,success,
647,row,doubly_robust,-0.2659134226493169,success,
647,apk_cluster,psm,-0.2506210726289639,success,
647,apk_cluster,logistic_regression,-0.202094235065863,success,
647,apk_cluster,doubly_robust,-0.2223456967765589,success,
648,row,psm,-0.2674550461687996,success,
648,row,logistic_regression,-0.2216013062078071,success,
648,row,doubly_robust,-0.2321082995928109,success,
648,apk_cluster,psm,-0.3376984776559175,success,
648,apk_cluster,logistic_regression,-0.20392270921529115,success,
648,apk_cluster,doubly_robust,-0.2564623630113568,success,
649,row,psm,-0.22517414547221773,success,
649,row,logistic_regression,-0.21553920912801738,success,
649,row,doubly_robust,-0.23256556668092485,success,
649,apk_cluster,psm,-0.3175164870516326,success,
649,apk_cluster,logistic_regression,-0.22577934246069944,success,
649,apk_cluster,doubly_robust,-0.27096890213845204,success,
650,row,psm,-0.2514174631459582,success,
650,row,logistic_regression,-0.19033409013555377,success,
650,row,doubly_robust,-0.1993220539640537,success,
650,apk_cluster,psm,-0.2751227495908347,success,
650,apk_cluster,logistic_regression,-0.24402637162560373,success,
650,apk_cluster,doubly_robust,-0.2591845763277901,success,
651,row,psm,-0.24752956423132993,success,
651,row,logistic_regression,-0.2565458371942275,success,
651,row,doubly_robust,-0.26879920287152764,success,
651,apk_cluster,psm,-0.30958549222797926,success,
651,apk_cluster,logistic_regression,-0.1886617596928389,success,
651,apk_cluster,doubly_robust,-0.23080800083864964,success,
652,row,psm,-0.25028349262919164,success,
652,row,logistic_regression,-0.20548381600235763,success,
652,row,doubly_robust,-0.21687607218407337,success,
652,apk_cluster,psm,-0.25059514362799556,success,
652,apk_cluster,logistic_regression,-0.25171728058479,success,
652,apk_cluster,doubly_robust,-0.25931285835756884,success,
653,row,psm,-0.28187267131054594,success,
653,row,logistic_regression,-0.20766807332064055,success,
653,row,doubly_robust,-0.22344907824523122,success,
653,apk_cluster,psm,-0.37440525020508614,success,
653,apk_cluster,logistic_regression,-0.26860243409380846,success,
653,apk_cluster,doubly_robust,-0.27225508053022857,success,
654,row,psm,-0.28446460392029804,success,
654,row,logistic_regression,-0.23232930299116344,success,
654,row,doubly_robust,-0.24658349884450953,success,
654,apk_cluster,psm,-0.3289930555555556,success,
654,apk_cluster,logistic_regression,-0.24932760352333588,success,
654,apk_cluster,doubly_robust,-0.25734697556037384,success,
655,row,psm,-0.28948647335169286,success,
655,row,logistic_regression,-0.23725631591185964,success,
655,row,doubly_robust,-0.2508104736062996,success,
655,apk_cluster,psm,-0.2638562311051394,success,
655,apk_cluster,logistic_regression,-0.1607841109601794,success,
655,apk_cluster,doubly_robust,-0.1972193537175196,success,
656,row,psm,-0.34440304552081646,success,
656,row,logistic_regression,-0.2327178991051436,success,
656,row,doubly_robust,-0.24645212277441886,success,
656,apk_cluster,psm,-0.28815879534565364,success,
656,apk_cluster,logistic_regression,-0.2574204489359842,success,
656,apk_cluster,doubly_robust,-0.28056281388011245,success,
657,row,psm,-0.2488255305362061,success,
657,row,logistic_regression,-0.23408121526814418,success,
657,row,doubly_robust,-0.2500842209087536,success,
657,apk_cluster,psm,-0.2423994769532527,success,
657,apk_cluster,logistic_regression,-0.19000000481978238,success,
657,apk_cluster,doubly_robust,-0.21649196740690752,success,
658,row,psm,-0.32593552567633244,success,
658,row,logistic_regression,-0.21924002079341737,success,
658,row,doubly_robust,-0.23386527094661233,success,
658,apk_cluster,psm,-0.2608922062141989,success,
658,apk_cluster,logistic_regression,-0.20906456362361925,success,
658,apk_cluster,doubly_robust,-0.24286838247695822,success,
659,row,psm,-0.2786327555483557,success,
659,row,logistic_regression,-0.2075931819501625,success,
659,row,doubly_robust,-0.22209022228213315,success,
659,apk_cluster,psm,-0.29544372122559137,success,
659,apk_cluster,logistic_regression,-0.17925142240687647,success,
659,apk_cluster,doubly_robust,-0.19046313117199035,success,
660,row,psm,-0.30374210270532964,success,
660,row,logistic_regression,-0.19861019431069546,success,
660,row,doubly_robust,-0.21528990032568246,success,
660,apk_cluster,psm,-0.28928,success,
660,apk_cluster,logistic_regression,-0.24977948886615495,success,
660,apk_cluster,doubly_robust,-0.26670891035962996,success,
661,row,psm,-0.21918030131216587,success,
661,row,logistic_regression,-0.1796341251679775,success,
661,row,doubly_robust,-0.20235074575616716,success,
661,apk_cluster,psm,-0.2866300366300366,success,
661,apk_cluster,logistic_regression,-0.13587596835615298,success,
661,apk_cluster,doubly_robust,-0.20470344969959645,success,
662,row,psm,-0.24639559371456343,success,
662,row,logistic_regression,-0.24340811503416693,success,
662,row,doubly_robust,-0.2567598232800769,success,
662,apk_cluster,psm,-0.18862527343092714,success,
662,apk_cluster,logistic_regression,-0.21115855024142194,success,
662,apk_cluster,doubly_robust,-0.21608120532789843,success,
663,row,psm,-0.2616231977968573,success,
663,row,logistic_regression,-0.18722246074967291,success,
663,row,doubly_robust,-0.2048924230791072,success,
663,apk_cluster,psm,-0.3562319333446693,success,
663,apk_cluster,logistic_regression,-0.21780697689647793,success,
663,apk_cluster,doubly_robust,-0.22861989442600508,success,
664,row,psm,-0.26340515146606186,success,
664,row,logistic_regression,-0.19776647744333498,success,
664,row,doubly_robust,-0.2211617648278213,success,
664,apk_cluster,psm,-0.17398753894080998,success,
664,apk_cluster,logistic_regression,-0.17817913942616626,success,
664,apk_cluster,doubly_robust,-0.20895817558659563,success,
665,row,psm,-0.21885630973594686,success,
665,row,logistic_regression,-0.21846463761185214,success,
665,row,doubly_robust,-0.23326482911770532,success,
665,apk_cluster,psm,-0.29913554069482956,success,
665,apk_cluster,logistic_regression,-0.20141067817911948,success,
665,apk_cluster,doubly_robust,-0.2327614305419423,success,
666,row,psm,-0.24866353474809652,success,
666,row,logistic_regression,-0.2454246856801091,success,
666,row,doubly_robust,-0.2566704852117889,success,
666,apk_cluster,psm,-0.25,success,
666,apk_cluster,logistic_regression,-0.2521108514595409,success,
666,apk_cluster,doubly_robust,-0.26250148121719663,success,
667,row,psm,-0.20800259193260975,success,
667,row,logistic_regression,-0.20534119305694684,success,
667,row,doubly_robust,-0.22210563769774402,success,
667,apk_cluster,psm,-0.23105764724261835,success,
667,apk_cluster,logistic_regression,-0.17068411126756775,success,
667,apk_cluster,doubly_robust,-0.2029913320363897,success,
668,row,psm,-0.229710027539284,success,
668,row,logistic_regression,-0.17550641761582672,success,
668,row,doubly_robust,-0.19853810124094298,success,
668,apk_cluster,psm,-0.300991940483571,success,
668,apk_cluster,logistic_regression,-0.15736061188153835,success,
668,apk_cluster,doubly_robust,-0.22946561251165848,success,
669,row,psm,-0.26826502510934713,success,
669,row,logistic_regression,-0.26950382075187906,success,
669,row,doubly_robust,-0.28161869722303123,success,
669,apk_cluster,psm,-0.2842705786471068,success,
669,apk_cluster,logistic_regression,-0.23771141766665488,success,
669,apk_cluster,doubly_robust,-0.2618680849898938,success,
670,row,psm,-0.2497975052648631,success,
670,row,logistic_regression,-0.2336102771393901,success,
670,row,doubly_robust,-0.2520120779697442,success,
670,apk_cluster,psm,-0.32524825004069674,success,
670,apk_cluster,logistic_regression,-0.24302804916554496,success,
670,apk_cluster,doubly_robust,-0.2559331805361335,success,
671,row,psm,-0.23489389275878828,success,
671,row,logistic_regression,-0.19754837272559672,success,
671,row,doubly_robust,-0.21385950381088972,success,
671,apk_cluster,psm,-0.2720836685438455,success,
671,apk_cluster,logistic_regression,-0.2009370929964194,success,
671,apk_cluster,doubly_robust,-0.22786994028130145,success,
672,row,psm,-0.23035801069172201,success,
672,row,logistic_regression,-0.24945952015300815,success,
672,row,doubly_robust,-0.2645173113330922,success,
672,apk_cluster,psm,-0.316947352450311,success,
672,apk_cluster,logistic_regression,-0.2117810560297827,success,
672,apk_cluster,doubly_robust,-0.21965181538899428,success,
673,row,psm,-0.2687510124736757,success,
673,row,logistic_regression,-0.19986079225967965,success,
673,row,doubly_robust,-0.21753348571083056,success,
673,apk_cluster,psm,-0.14529785303900816,success,
673,apk_cluster,logistic_regression,-0.16566683748140648,success,
673,apk_cluster,doubly_robust,-0.1792105653285461,success,
674,row,psm,-0.1824072574113073,success,
674,row,logistic_regression,-0.2032734308163834,success,
674,row,doubly_robust,-0.21706380509210843,success,
674,apk_cluster,psm,-0.24770491803278688,success,
674,apk_cluster,logistic_regression,-0.16198406830040632,success,
674,apk_cluster,doubly_robust,-0.1963434435187928,success,
675,row,psm,-0.26794103353312815,success,
675,row,logistic_regression,-0.19392411810827215,success,
675,row,doubly_robust,-0.21324120597458607,success,
675,apk_cluster,psm,-0.3159776188995959,success,
675,apk_cluster,logistic_regression,-0.22512080443206328,success,
675,apk_cluster,doubly_robust,-0.24705404988985807,success,
676,row,psm,-0.18710513526648306,success,
676,row,logistic_regression,-0.22914675464431306,success,
676,row,doubly_robust,-0.23818495378972512,success,
676,apk_cluster,psm,-0.35462555066079293,success,
676,apk_cluster,logistic_regression,-0.24964683352628064,success,
676,apk_cluster,doubly_robust,-0.26779008436761326,success,
677,row,psm,-0.2838166207678601,success,
677,row,logistic_regression,-0.22706115803475443,success,
677,row,doubly_robust,-0.23866067119897416,success,
677,apk_cluster,psm,-0.2480940279542567,success,
677,apk_cluster,logistic_regression,-0.2293028850368805,success,
677,apk_cluster,doubly_robust,-0.24619252389134336,success,
678,row,psm,-0.29483233435930667,success,
678,row,logistic_regression,-0.26035810896332623,success,
678,row,doubly_robust,-0.27539316596151164,success,
678,apk_cluster,psm,-0.2885109114249037,success,
678,apk_cluster,logistic_regression,-0.2147910862378451,success,
678,apk_cluster,doubly_robust,-0.2270699010684222,success,
679,row,psm,-0.2603272314919812,success,
679,row,logistic_regression,-0.23794566331001302,success,
679,row,doubly_robust,-0.2553223555555063,success,
679,apk_cluster,psm,-0.2944333691151664,success,
679,apk_cluster,logistic_regression,-0.21171549061825895,success,
679,apk_cluster,doubly_robust,-0.22187703904235387,success,
680,row,psm,-0.22404017495545117,success,
680,row,logistic_regression,-0.17621916249169173,success,
680,row,doubly_robust,-0.19224553010318313,success,
680,apk_cluster,psm,-0.18971428571428572,success,
680,apk_cluster,logistic_regression,-0.23621286184677354,success,
680,apk_cluster,doubly_robust,-0.24778636566095957,success,
681,row,psm,-0.2002267941033533,success,
681,row,logistic_regression,-0.17896682422371543,success,
681,row,doubly_robust,-0.1954142790549839,success,
681,apk_cluster,psm,-0.28171182266009853,success,
681,apk_cluster,logistic_regression,-0.29548813579555183,success,
681,apk_cluster,doubly_robust,-0.29592781982682925,success,
682,row,psm,-0.21334845294022356,success,
682,row,logistic_regression,-0.1905568005076011,success,
682,row,doubly_robust,-0.20810162373133387,success,
682,apk_cluster,psm,-0.352735368956743,success,
682,apk_cluster,logistic_regression,-0.23533514188566326,success,
682,apk_cluster,doubly_robust,-0.23751619439110053,success,
683,row,psm,-0.3479669528592257,success,
683,row,logistic_regression,-0.2503046616663653,success,
683,row,doubly_robust,-0.2654694888491408,success,
683,apk_cluster,psm,-0.2367750159337157,success,
683,apk_cluster,logistic_regression,-0.20793347643434634,success,
683,apk_cluster,doubly_robust,-0.22279536828976712,success,
684,row,psm,-0.3035801069172202,success,
684,row,logistic_regression,-0.21509869206327875,success,
684,row,doubly_robust,-0.2332175994751272,success,
684,apk_cluster,psm,-0.32005590496156533,success,
684,apk_cluster,logistic_regression,-0.20582037896013097,success,
684,apk_cluster,doubly_robust,-0.2093520616925053,success,
685,row,psm,-0.3377612182083266,success,
685,row,logistic_regression,-0.19574513176820618,success,
685,row,doubly_robust,-0.21249423826820107,success,
685,apk_cluster,psm,-0.29189966448314425,success,
685,apk_cluster,logistic_regression,-0.2585429855575314,success,
685,apk_cluster,doubly_robust,-0.2550963539298172,success,
686,row,psm,-0.2559533452130245,success,
686,row,logistic_regression,-0.2162125907382409,success,
686,row,doubly_robust,-0.22924821788233754,success,
686,apk_cluster,psm,-0.3911221480676703,success,
686,apk_cluster,logistic_regression,-0.26715155158248344,success,
686,apk_cluster,doubly_robust,-0.28247145441750265,success,
687,row,psm,-0.2374858253685404,success,
687,row,logistic_regression,-0.20394423014786303,success,
687,row,doubly_robust,-0.2175049523960223,success,
687,apk_cluster,psm,-0.1815772034459907,success,
687,apk_cluster,logistic_regression,-0.17002366188548382,success,
687,apk_cluster,doubly_robust,-0.1939948812307593,success,
688,row,psm,-0.24169771585938765,success,
688,row,logistic_regression,-0.20554439817924572,success,
688,row,doubly_robust,-0.22944413896506313,success,
688,apk_cluster,psm,-0.2364154908435905,success,
688,apk_cluster,logistic_regression,-0.21750182194328332,success,
688,apk_cluster,doubly_robust,-0.23010436770715342,success,
689,row,psm,-0.3411631297586263,success,
689,row,logistic_regression,-0.2249992914851977,success,
689,row,doubly_robust,-0.23868077254208278,success,
689,apk_cluster,psm,-0.2872427983539094,success,
689,apk_cluster,logistic_regression,-0.29022846579973965,success,
689,apk_cluster,doubly_robust,-0.2940032733185266,success,
690,row,psm,-0.24833954317187754,success,
690,row,logistic_regression,-0.24776618733849456,success,
690,row,doubly_robust,-0.26821803843481623,success,
690,apk_cluster,psm,-0.38182704811443435,success,
690,apk_cluster,logistic_regression,-0.2565730909334467,success,
690,apk_cluster,doubly_robust,-0.2497998384530034,success,
691,row,psm,-0.2713429450834278,success,
691,row,logistic_regression,-0.20737636535304596,success,
691,row,doubly_robust,-0.22752001037889338,success,
691,apk_cluster,psm,-0.26282642089093705,success,
691,apk_cluster,logistic_regression,-0.21163365066886303,success,
691,apk_cluster,doubly_robust,-0.22433960684772883,success,
692,row,psm,-0.24931151790053457,success,
692,row,logistic_regression,-0.1893915347444088,success,
692,row,doubly_robust,-0.2036916329871652,success,
692,apk_cluster,psm,-0.20811258278145695,success,
692,apk_cluster,logistic_regression,-0.2353544039225989,success,
692,apk_cluster,doubly_robust,-0.2386227535227258,success,
693,row,psm,-0.20946055402559532,success,
693,row,logistic_regression,-0.2190032630283551,success,
693,row,doubly_robust,-0.2313430066746639,success,
693,apk_cluster,psm,-0.4080777860882573,success,
693,apk_cluster,logistic_regression,-0.26876429387871986,success,
693,apk_cluster,doubly_robust,-0.2709183096990901,success,
694,row,psm,-0.1731734974890653,success,
694,row,logistic_regression,-0.18154436046810793,success,
694,row,doubly_robust,-0.1982939612622846,success,
694,apk_cluster,psm,-0.24774914622787955,success,
694,apk_cluster,logistic_regression,-0.21390916354033115,success,
694,apk_cluster,doubly_robust,-0.22943322407896927,success,
695,row,psm,-0.22776607808196986,success,
695,row,logistic_regression,-0.27638155740230924,success,
695,row,doubly_robust,-0.29477048882782886,success,
695,apk_cluster,psm,-0.3010818223373457,success,
695,apk_cluster,logistic_regression,-0.2045459728151298,success,
695,apk_cluster,doubly_robust,-0.2205186710299112,success,
696,row,psm,-0.2729629029645229,success,
696,row,logistic_regression,-0.19577236714504082,success,
696,row,doubly_robust,-0.2077001473195398,success,
696,apk_cluster,psm,-0.3497076023391813,success,
696,apk_cluster,logistic_regression,-0.28390497073426346,success,
696,apk_cluster,doubly_robust,-0.283701966892429,success,
697,row,psm,-0.21626437712619473,success,
697,row,logistic_regression,-0.23553251518342827,success,
697,row,doubly_robust,-0.24830663691379434,success,
697,apk_cluster,psm,-0.371446822101565,success,
697,apk_cluster,logistic_regression,-0.23338045075198705,success,
697,apk_cluster,doubly_robust,-0.23956154191194443,success,
698,row,psm,-0.3108699173821481,success,
698,row,logistic_regression,-0.24636298737790824,success,
698,row,doubly_robust,-0.2604484436424679,success,
698,apk_cluster,psm,-0.21970412338684292,success,
698,apk_cluster,logistic_regression,-0.20373884181896465,success,
698,apk_cluster,doubly_robust,-0.23324370406614237,success,
699,row,psm,-0.24509962740968735,success,
699,row,logistic_regression,-0.2289536195964287,success,
699,row,doubly_robust,-0.24073555566488963,success,
699,apk_cluster,psm,-0.38041733547351525,success,
699,apk_cluster,logistic_regression,-0.2519165016467797,success,
699,apk_cluster,doubly_robust,-0.2771755225699678,success,
700,row,psm,-0.28009071764134136,success,
700,row,logistic_regression,-0.2506618812868886,success,
700,row,doubly_robust,-0.2656760440992994,success,
700,apk_cluster,psm,-0.3422954125357083,success,
700,apk_cluster,logistic_regression,-0.248698139265363,success,
700,apk_cluster,doubly_robust,-0.26787834295090496,success,
701,row,psm,-0.25303742102705323,success,
701,row,logistic_regression,-0.1950995471910964,success,
701,row,doubly_robust,-0.2113192922487409,success,
701,apk_cluster,psm,-0.26845957988542324,success,
701,apk_cluster,logistic_regression,-0.23240152398100697,success,
701,apk_cluster,doubly_robust,-0.2471273975547245,success,
702,row,psm,-0.1979588530698202,success,
702,row,logistic_regression,-0.18742065928714186,success,
702,row,doubly_robust,-0.20615193461915854,success,
702,apk_cluster,psm,-0.31452124286620164,success,
702,apk_cluster,logistic_regression,-0.26465399601663375,success,
702,apk_cluster,doubly_robust,-0.2690931593184801,success,
703,row,psm,-0.2353798801231168,success,
703,row,logistic_regression,-0.2330551901652531,success,
703,row,doubly_robust,-0.2545002725195034,success,
703,apk_cluster,psm,-0.34356859150626334,success,
703,apk_cluster,logistic_regression,-0.2630728023051386,success,
703,apk_cluster,doubly_robust,-0.2695980814330971,success,
704,row,psm,-0.26259517252551434,success,
704,row,logistic_regression,-0.24534724123182922,success,
704,row,doubly_robust,-0.2623190129394967,success,
704,apk_cluster,psm,-0.333873820754717,success,
704,apk_cluster,logistic_regression,-0.2490242430443082,success,
704,apk_cluster,doubly_robust,-0.2526877428940657,success,
705,row,psm,-0.23440790539445974,success,
705,row,logistic_regression,-0.23037695286323362,success,
705,row,doubly_robust,-0.24707240062344987,success,
705,apk_cluster,psm,-0.371976123154257,success,
705,apk_cluster,logistic_regression,-0.2270872979137209,success,
705,apk_cluster,doubly_robust,-0.2423426556824581,success,
706,row,psm,-0.30746800583184836,success,
706,row,logistic_regression,-0.2330040959263328,success,
706,row,doubly_robust,-0.2534896377211881,success,
706,apk_cluster,psm,-0.2782453868565879,success,
706,apk_cluster,logistic_regression,-0.24011984141250894,success,
706,apk_cluster,doubly_robust,-0.24392283504867307,success,
707,row,psm,-0.2442896484691398,success,
707,row,logistic_regression,-0.2025664277749877,success,
707,row,doubly_robust,-0.22154789280485998,success,
707,apk_cluster,psm,-0.327244094488189,success,
707,apk_cluster,logistic_regression,-0.184124476151141,success,
707,apk_cluster,doubly_robust,-0.23746619933837748,success,
708,row,psm,-0.29386035963064966,success,
708,row,logistic_regression,-0.21766305209818063,success,
708,row,doubly_robust,-0.23425831618547366,success,
708,apk_cluster,psm,-0.18691420331651046,success,
708,apk_cluster,logistic_regression,-0.18878510052289968,success,
708,apk_cluster,doubly_robust,-0.21152025846491776,success,
709,row,psm,-0.274258869269399,success,
709,row,logistic_regression,-0.22769196711294815,success,
709,row,doubly_robust,-0.24111848685000692,success,
709,apk_cluster,psm,-0.22172982885085574,success,
709,apk_cluster,logistic_regression,-0.20193214376458152,success,
709,apk_cluster,doubly_robust,-0.22642107554811014,success,
710,row,psm,-0.21140450348290946,success,
710,row,logistic_regression,-0.21214433281915596,success,
710,row,doubly_robust,-0.2224527453593634,success,
710,apk_cluster,psm,-0.30749601275917066,success,
710,apk_cluster,logistic_regression,-0.23648646062112574,success,
710,apk_cluster,doubly_robust,-0.2517355148490543,success,
711,row,psm,-0.29580430908796373,success,
711,row,logistic_regression,-0.2076368652759921,success,
711,row,doubly_robust,-0.2201928499899856,success,
711,apk_cluster,psm,-0.2809917355371901,success,
711,apk_cluster,logistic_regression,-0.20189241638232133,success,
711,apk_cluster,doubly_robust,-0.2264045224073803,success,
712,row,psm,-0.1647497165073708,success,
712,row,logistic_regression,-0.18699145379796506,success,
712,row,doubly_robust,-0.20245123168805743,success,
712,apk_cluster,psm,-0.3448990160538581,success,
712,apk_cluster,logistic_regression,-0.16860794477244967,success,
712,apk_cluster,doubly_robust,-0.21060676343544943,success,
713,row,psm,-0.319455694151952,success,
713,row,logistic_regression,-0.2443556604345343,success,
713,row,doubly_robust,-0.2538802008514803,success,
713,apk_cluster,psm,-0.28159252095422305,success,
713,apk_cluster,logistic_regression,-0.3091380863450042,success,
713,apk_cluster,doubly_robust,-0.29874653242871646,success,
714,row,psm,-0.23942977482585454,success,
714,row,logistic_regression,-0.1980140525754528,success,
714,row,doubly_robust,-0.2069811194748149,success,
714,apk_cluster,psm,-0.2732086711898064,success,
714,apk_cluster,logistic_regression,-0.14807766901332634,success,
714,apk_cluster,doubly_robust,-0.18642457881044228,success,
715,row,psm,-0.2635671472541714,success,
715,row,logistic_regression,-0.23835356954928918,success,
715,row,doubly_robust,-0.25968404977722215,success,
715,apk_cluster,psm,-0.24282157676348548,success,
715,apk_cluster,logistic_regression,-0.12946468254909105,success,
715,apk_cluster,doubly_robust,-0.1609657460035167,success,
716,row,psm,-0.16928559857443706,success,
716,row,logistic_regression,-0.19382651629794728,success,
716,row,doubly_robust,-0.2080830377636,success,
716,apk_cluster,psm,-0.3308221421552572,success,
716,apk_cluster,logistic_regression,-0.28372354828859137,success,
716,apk_cluster,doubly_robust,-0.28993207652166775,success,
717,row,psm,-0.238619795885307,success,
717,row,logistic_regression,-0.22387531299446972,success,
717,row,doubly_robust,-0.23938318278478954,success,
717,apk_cluster,psm,-0.23159200124011783,success,
717,apk_cluster,logistic_regression,-0.15694006561361454,success,
717,apk_cluster,doubly_robust,-0.1955644991050664,success,
718,row,psm,-0.26259517252551434,success,
718,row,logistic_regression,-0.1876575583472631,success,
718,row,doubly_robust,-0.20313048653092294,success,
718,apk_cluster,psm,-0.3851890391952827,success,
718,apk_cluster,logistic_regression,-0.2147519756011359,success,
718,apk_cluster,doubly_robust,-0.25403511901988934,success,
719,row,psm,-0.26972298720233273,success,
719,row,logistic_regression,-0.23333732416557468,success,
719,row,doubly_robust,-0.24992772263964036,success,
719,apk_cluster,psm,-0.2283347141673571,success,
719,apk_cluster,logistic_regression,-0.23330975957437391,success,
719,apk_cluster,doubly_robust,-0.2405412924684601,success,
720,row,psm,-0.2374858253685404,success,
720,row,logistic_regression,-0.21867406108222162,success,
720,row,doubly_robust,-0.23478366251406568,success,
720,apk_cluster,psm,-0.3331027326184711,success,
720,apk_cluster,logistic_regression,-0.26512155595108167,success,
720,apk_cluster,doubly_robust,-0.27080144932170885,success,
721,row,psm,-0.2352178843350073,success,
721,row,logistic_regression,-0.21860027001327623,success,
721,row,doubly_robust,-0.23090168853208823,success,
721,apk_cluster,psm,-0.33142763802678865,success,
721,apk_cluster,logistic_regression,-0.2111171837769155,success,
721,apk_cluster,doubly_robust,-0.2528893919965793,success,
722,row,psm,-0.3290134456504131,success,
722,row,logistic_regression,-0.22621582958451217,success,
722,row,doubly_robust,-0.242572850272162,success,
722,apk_cluster,psm,-0.20890809373441915,success,
722,apk_cluster,logistic_regression,-0.18455837745694437,success,
722,apk_cluster,doubly_robust,-0.21067964201182698,success,
723,row,psm,-0.30633403531508185,success,
723,row,logistic_regression,-0.20947262820343665,success,
723,row,doubly_robust,-0.23524419902062177,success,
723,apk_cluster,psm,-0.3316274309109519,success,
723,apk_cluster,logistic_regression,-0.22601501067238788,success,
723,apk_cluster,doubly_robust,-0.2432448235808003,success,
724,row,psm,-0.24931151790053455,success,
724,row,logistic_regression,-0.19668569638238145,success,
724,row,doubly_robust,-0.21234478398765183,success,
724,apk_cluster,psm,-0.3527597903176072,success,
724,apk_cluster,logistic_regression,-0.2140798869008098,success,
724,apk_cluster,doubly_robust,-0.22628861104797227,success,
725,row,psm,-0.2157783897618662,success,
725,row,logistic_regression,-0.21352438678778374,success,
725,row,doubly_robust,-0.23616311442806676,success,
725,apk_cluster,psm,-0.16152897657213316,success,
725,apk_cluster,logistic_regression,-0.17282465392131097,success,
725,apk_cluster,doubly_robust,-0.20659784799492453,success,
726,row,psm,-0.24509962740968738,success,
726,row,logistic_regression,-0.23103283868793725,success,
726,row,doubly_robust,-0.24171459602553094,success,
726,apk_cluster,psm,-0.3295073282712343,success,
726,apk_cluster,logistic_regression,-0.20653376258522008,success,
726,apk_cluster,doubly_robust,-0.20513996786952415,success,
727,row,psm,-0.2604892272800907,success,
727,row,logistic_regression,-0.22792146215456474,success,
727,row,doubly_robust,-0.24411579655122304,success,
727,apk_cluster,psm,-0.24812368658060643,success,
727,apk_cluster,logistic_regression,-0.16377639285907872,success,
727,apk_cluster,doubly_robust,-0.21061517607205713,success,
728,row,psm,-0.31427182893244776,success,
728,row,logistic_regression,-0.21279168724707723,success,
728,row,doubly_robust,-0.23096417415515147,success,
728,apk_cluster,psm,-0.3240834174234779,success,
728,apk_cluster,logistic_regression,-0.2324257404695151,success,
728,apk_cluster,doubly_robust,-0.23811358002200067,success,
729,row,psm,-0.26972298720233273,success,
729,row,logistic_regression,-0.20562821125198721,success,
729,row,doubly_robust,-0.2214076837874481,success,
729,apk_cluster,psm,-0.3325726456716872,success,
729,apk_cluster,logistic_regression,-0.23960916456636439,success,
729,apk_cluster,doubly_robust,-0.2653766886641968,success,
730,row,psm,-0.2946703385711971,success,
730,row,logistic_regression,-0.21743459488630443,success,
730,row,doubly_robust,-0.2361330637953715,success,
730,apk_cluster,psm,-0.24891033623910336,success,
730,apk_cluster,logistic_regression,-0.23529135157499184,success,
730,apk_cluster,doubly_robust,-0.2310103627432388,success,
731,row,psm,-0.301636157459906,success,
731,row,logistic_regression,-0.19910189789235824,success,
731,row,doubly_robust,-0.21504300223951084,success,
731,apk_cluster,psm,-0.3224198105368124,success,
731,apk_cluster,logistic_regression,-0.2614596144468712,success,
731,apk_cluster,doubly_robust,-0.26900839301160356,success,
732,row,psm,-0.18451320265673093,success,
732,row,logistic_regression,-0.2231902332662031,success,
732,row,doubly_robust,-0.23712768620856126,success,
732,apk_cluster,psm,-0.28614806246385194,success,
732,apk_cluster,logistic_regression,-0.2542621860156379,success,
732,apk_cluster,doubly_robust,-0.2637267347409269,success,
733,row,psm,-0.21399643609266158,success,
733,row,logistic_regression,-0.2205176521776108,success,
733,row,doubly_robust,-0.23896099649910302,success,
733,apk_cluster,psm,-0.24852555701179552,success,
733,apk_cluster,logistic_regression,-0.26223074513579575,success,
733,apk_cluster,doubly_robust,-0.2668169829721942,success,
734,row,psm,-0.22177223392191803,success,
734,row,logistic_regression,-0.19835297481578895,success,
734,row,doubly_robust,-0.21800245435223453,success,
734,apk_cluster,psm,-0.2822239624119029,success,
734,apk_cluster,logistic_regression,-0.2221098650918634,success,
734,apk_cluster,doubly_robust,-0.23713579422604628,success,
735,row,psm,-0.20929855823748583,success,
735,row,logistic_regression,-0.23463391035599446,success,
735,row,doubly_robust,-0.24939201955136273,success,
735,apk_cluster,psm,-0.37147054023176107,success,
735,apk_cluster,logistic_regression,-0.2966239431927349,success,
735,apk_cluster,doubly_robust,-0.3287712446638887,success,
736,row,psm,-0.2857605702251742,success,
736,row,logistic_regression,-0.23013066807234303,success,
736,row,doubly_robust,-0.2410699953335297,success,
736,apk_cluster,psm,-0.24405039664022396,success,
736,apk_cluster,logistic_regression,-0.22127098135192022,success,
736,apk_cluster,doubly_robust,-0.2509173004335279,success,
737,row,psm,-0.27409687348128947,success,
737,row,logistic_regression,-0.1982089427529284,success,
737,row,doubly_robust,-0.21326171980136235,success,
737,apk_cluster,psm,-0.29308962642295977,success,
737,apk_cluster,logistic_regression,-0.26526935445756833,success,
737,apk_cluster,doubly_robust,-0.2899548498814231,success,
738,row,psm,-0.27263891138830393,success,
738,row,logistic_regression,-0.2336557340922133,success,
738,row,doubly_robust,-0.24456532085988103,success,
738,apk_cluster,psm,-0.26744186046511625,success,
738,apk_cluster,logistic_regression,-0.22925085713717913,success,
738,apk_cluster,doubly_robust,-0.2628461275346492,success,
739,row,psm,-0.292402397537664,success,
739,row,logistic_regression,-0.25893751836765494,success,
739,row,doubly_robust,-0.27428955171574637,success,
739,apk_cluster,psm,-0.2981720610430991,success,
739,apk_cluster,logistic_regression,-0.27838176884105004,success,
739,apk_cluster,doubly_robust,-0.32559978775658965,success,
740,row,psm,-0.18078729953021222,success,
740,row,logistic_regression,-0.20000588272254222,success,
740,row,doubly_robust,-0.2114538894709173,success,
740,apk_cluster,psm,-0.2912912912912913,success,
740,apk_cluster,logistic_regression,-0.22735397963685355,success,
740,apk_cluster,doubly_robust,-0.2293100137286541,success,
741,row,psm,-0.2520654462983963,success,
741,row,logistic_regression,-0.20104672151300487,success,
741,row,doubly_robust,-0.21715880631056822,success,
741,apk_cluster,psm,-0.35727317963177974,success,
741,apk_cluster,logistic_regression,-0.22175959616840524,success,
741,apk_cluster,doubly_robust,-0.2389973488092532,success,
742,row,psm,-0.2958043090879637,success,
742,row,logistic_regression,-0.23534962217788669,success,
742,row,doubly_robust,-0.2504069186017199,success,
742,apk_cluster,psm,-0.26546467311638816,success,
742,apk_cluster,logistic_regression,-0.17559044252097195,success,
742,apk_cluster,doubly_robust,-0.2158999107203079,success,
743,row,psm,-0.3076300016199579,success,
743,row,logistic_regression,-0.23469870645279015,success,
743,row,doubly_robust,-0.2500907617830387,success,
743,apk_cluster,psm,-0.34677288245813687,success,
743,apk_cluster,logistic_regression,-0.2699542071358984,success,
743,apk_cluster,doubly_robust,-0.2736633898775843,success,
744,row,psm,-0.21156649927101895,success,
744,row,logistic_regression,-0.24269109963921112,success,
744,row,doubly_robust,-0.25780149023237847,success,
744,apk_cluster,psm,-0.23314125525619062,success,
744,apk_cluster,logistic_regression,-0.18860829533563392,success,
744,apk_cluster,doubly_robust,-0.2034884676299285,success,
745,row,psm,-0.24023975376640203,success,
745,row,logistic_regression,-0.22911085148726112,success,
745,row,doubly_robust,-0.24217150846103674,success,
745,apk_cluster,psm,-0.370948583064653,success,
745,apk_cluster,logistic_regression,-0.25129544923203717,success,
745,apk_cluster,doubly_robust,-0.2390573282099616,success,
746,row,psm,-0.19698687834116313,success,
746,row,logistic_regression,-0.2297995493804519,success,
746,row,doubly_robust,-0.2408896351727802,success,
746,apk_cluster,psm,-0.31969963252915806,success,
746,apk_cluster,logistic_regression,-0.19853746952264636,success,
746,apk_cluster,doubly_robust,-0.22628659299833614,success,
747,row,psm,-0.3024461364004536,success,
747,row,logistic_regression,-0.2207517098790935,success,
747,row,doubly_robust,-0.23961319990650345,success,
747,apk_cluster,psm,-0.3024761288234342,success,
747,apk_cluster,logistic_regression,-0.26328826013217105,success,
747,apk_cluster,doubly_robust,-0.2663604681286214,success,
748,row,psm,-0.22954803175117447,success,
748,row,logistic_regression,-0.2002098014219525,success,
748,row,doubly_robust,-0.21314779075580917,success,
748,apk_cluster,psm,-0.32107992678462477,success,
748,apk_cluster,logistic_regression,-0.2934079823629593,success,
748,apk_cluster,doubly_robust,-0.29303407127198366,success,
749,row,psm,-0.20395269722987203,success,
749,row,logistic_regression,-0.22350920055481588,success,
749,row,doubly_robust,-0.23599087333554045,success,
749,apk_cluster,psm,-0.24200626959247648,success,
749,apk_cluster,logistic_regression,-0.2098982287114157,success,
749,apk_cluster,doubly_robust,-0.2575572864375962,success,
750,row,psm,-0.21367244451644257,success,
750,row,logistic_regression,-0.23505982044986715,success,
750,row,doubly_robust,-0.2455207400995143,success,
750,apk_cluster,psm,-0.2827778593451769,success,
750,apk_cluster,logistic_regression,-0.19331889299987692,success,
750,apk_cluster,doubly_robust,-0.20302549611712453,success,
751,row,psm,-0.2953183217236352,success,
751,row,logistic_regression,-0.25235666349433206,success,
751,row,doubly_robust,-0.2672814088857916,success,
751,apk_cluster,psm,-0.2537219871493496,success,
751,apk_cluster,logistic_regression,-0.25281907920538726,success,
751,apk_cluster,doubly_robust,-0.2415567341422253,success,
752,row,psm,-0.22792807387007938,success,
752,row,logistic_regression,-0.21602240211472715,success,
752,row,doubly_robust,-0.2314724676947384,success,
752,apk_cluster,psm,-0.33488228004956627,success,
752,apk_cluster,logistic_regression,-0.3023959229197048,success,
752,apk_cluster,doubly_robust,-0.2981675415195676,success,
753,row,psm,-0.21982828446460392,success,
753,row,logistic_regression,-0.24783109188531974,success,
753,row,doubly_robust,-0.262563936447164,success,
753,apk_cluster,psm,-0.26652166638782,success,
753,apk_cluster,logistic_regression,-0.25086392611431835,success,
753,apk_cluster,doubly_robust,-0.2602449744126081,success,
754,row,psm,-0.24817754738376802,success,
754,row,logistic_regression,-0.19492942907531502,success,
754,row,doubly_robust,-0.20755114948041106,success,
754,apk_cluster,psm,-0.33517825166856585,success,
754,apk_cluster,logistic_regression,-0.1992739729236458,success,
754,apk_cluster,doubly_robust,-0.22219081280213593,success,
755,row,psm,-0.35136886440952536,success,
755,row,logistic_regression,-0.25159919627308824,success,
755,row,doubly_robust,-0.26548668542301745,success,
755,apk_cluster,psm,-0.28625399593141526,success,
755,apk_cluster,logistic_regression,-0.21759985132193777,success,
755,apk_cluster,doubly_robust,-0.23591401570386789,success,
756,row,psm,-0.21675036449052323,success,
756,row,logistic_regression,-0.22122191803961103,success,
756,row,doubly_robust,-0.234530189303389,success,
756,apk_cluster,psm,-0.2833221701272605,success,
756,apk_cluster,logistic_regression,-0.19698970226001583,success,
756,apk_cluster,doubly_robust,-0.21530982894791387,success,
757,row,psm,-0.2246881581078892,success,
757,row,logistic_regression,-0.21730854119631327,success,
757,row,doubly_robust,-0.23712163287990526,success,
757,apk_cluster,psm,-0.2790474668371424,success,
757,apk_cluster,logistic_regression,-0.2704381230741614,success,
757,apk_cluster,doubly_robust,-0.27249718324640115,success,
758,row,psm,-0.23343593066580265,success,
758,row,logistic_regression,-0.19952150209175504,success,
758,row,doubly_robust,-0.2133398737886962,success,
758,apk_cluster,psm,-0.23789105923455614,success,
758,apk_cluster,logistic_regression,-0.14598379485161816,success,
758,apk_cluster,doubly_robust,-0.1703427473641203,success,
759,row,psm,-0.2405637453426211,success,
759,row,logistic_regression,-0.20910993881664036,success,
759,row,doubly_robust,-0.2228316477572856,success,
759,apk_cluster,psm,-0.28262704710450787,success,
759,apk_cluster,logistic_regression,-0.23999839144226182,success,
759,apk_cluster,doubly_robust,-0.24083798956221222,success,
760,row,psm,-0.26113721043252874,success,
760,row,logistic_regression,-0.20764575894297255,success,
760,row,doubly_robust,-0.22084752573847125,success,
760,apk_cluster,psm,-0.29988671306036574,success,
760,apk_cluster,logistic_regression,-0.26039058653658637,success,
760,apk_cluster,doubly_robust,-0.2680722857692516,success,
761,row,psm,-0.21253847399967601,success,
761,row,logistic_regression,-0.22571588990034908,success,
761,row,doubly_robust,-0.24668215676613742,success,
761,apk_cluster,psm,-0.2441520467836257,success,
761,apk_cluster,logistic_regression,-0.16855585880646148,success,
761,apk_cluster,doubly_robust,-0.1931339230222132,success,
762,row,psm,-0.15535396079701927,success,
762,row,logistic_regression,-0.20007893861543144,success,
762,row,doubly_robust,-0.21129712953515065,success,
762,apk_cluster,psm,-0.2788688138256088,success,
762,apk_cluster,logistic_regression,-0.1645989183716731,success,
762,apk_cluster,doubly_robust,-0.17971522577361132,success,
763,row,psm,-0.2676170419569091,success,
763,row,logistic_regression,-0.20935318935143277,success,
763,row,doubly_robust,-0.22994616327108616,success,
763,apk_cluster,psm,-0.18341880341880343,success,
763,apk_cluster,logistic_regression,-0.23846819058454052,success,
763,apk_cluster,doubly_robust,-0.23655143363745665,success,
764,row,psm,-0.29580430908796373,success,
764,row,logistic_regression,-0.22453867252854276,success,
764,row,doubly_robust,-0.2424368864637936,success,
764,apk_cluster,psm,-0.19086021505376344,success,
764,apk_cluster,logistic_regression,-0.2722559767357542,success,
764,apk_cluster,doubly_robust,-0.2780316542403105,success,
765,row,psm,-0.29143042280900694,success,
765,row,logistic_regression,-0.21910804267181277,success,
765,row,doubly_robust,-0.23160771026596016,success,
765,apk_cluster,psm,-0.3210909654424299,success,
765,apk_cluster,logistic_regression,-0.20116952734963495,success,
765,apk_cluster,doubly_robust,-0.23909540935665805,success,
766,row,psm,-0.31119390895836707,success,
766,row,logistic_regression,-0.2302547538746206,success,
766,row,doubly_robust,-0.2458718871210906,success,
766,apk_cluster,psm,-0.2486817485967001,success,
766,apk_cluster,logistic_regression,-0.28918904821086194,success,
766,apk_cluster,doubly_robust,-0.29173063044966463,success,
767,row,psm,-0.22112425076948,success,
767,row,logistic_regression,-0.17464717087081005,success,
767,row,doubly_robust,-0.18878133440414746,success,
767,apk_cluster,psm,-0.41778523489932884,success,
767,apk_cluster,logistic_regression,-0.1944547900928305,success,
767,apk_cluster,doubly_robust,-0.2704638067003054,success,
768,row,psm,-0.29418435120686864,success,
768,row,logistic_regression,-0.20593554907840586,success,
768,row,doubly_robust,-0.22311179165021716,success,
768,apk_cluster,psm,-0.33144246353322526,success,
768,apk_cluster,logistic_regression,-0.33048801125127064,success,
768,apk_cluster,doubly_robust,-0.33154822274512885,success,
769,row,psm,-0.31734974890652845,success,
769,row,logistic_regression,-0.233464956493163,success,
769,row,doubly_robust,-0.24475631857557542,success,
769,apk_cluster,psm,-0.30801232665639444,success,
769,apk_cluster,logistic_regression,-0.16146458545176506,success,
769,apk_cluster,doubly_robust,-0.19200024659968062,success,
770,row,psm,-0.3034181111291106,success,
770,row,logistic_regression,-0.2193104742087189,success,
770,row,doubly_robust,-0.2373778178576456,success,
770,apk_cluster,psm,-0.2883474915851899,success,
770,apk_cluster,logistic_regression,-0.21672334070039187,success,
770,apk_cluster,doubly_robust,-0.24976038824122526,success,
771,row,psm,-0.28786651547059783,success,
771,row,logistic_regression,-0.23007105539871392,success,
771,row,doubly_robust,-0.24154310432788453,success,
771,apk_cluster,psm,-0.3121786632390745,success,
771,apk_cluster,logistic_regression,-0.2261796162414989,success,
771,apk_cluster,doubly_robust,-0.23809368525023286,success,
772,row,psm,-0.257087315729791,success,
772,row,logistic_regression,-0.23011398606596126,success,
772,row,doubly_robust,-0.2486848480187718,success,
772,apk_cluster,psm,-0.33057719828271587,success,
772,apk_cluster,logistic_regression,-0.18942339206861508,success,
772,apk_cluster,doubly_robust,-0.19485626978101883,success,
773,row,psm,-0.19779685728171068,success,
773,row,logistic_regression,-0.23195869430249996,success,
773,row,doubly_robust,-0.24425197407222207,success,
773,apk_cluster,psm,-0.3546815803716399,success,
773,apk_cluster,logistic_regression,-0.2406247754066067,success,
773,apk_cluster,doubly_robust,-0.24433934224967596,success,
774,row,psm,-0.25579134942491494,success,
774,row,logistic_regression,-0.23756474851886064,success,
774,row,doubly_robust,-0.2527908432810311,success,
774,apk_cluster,psm,-0.4075063047025664,success,
774,apk_cluster,logistic_regression,-0.19612630849575943,success,
774,apk_cluster,doubly_robust,-0.2085015825926883,success,
775,row,psm,-0.317835736270857,success,
775,row,logistic_regression,-0.2318159062362328,success,
775,row,doubly_robust,-0.2510384841227325,success,
775,apk_cluster,psm,-0.2530708661417323,success,
775,apk_cluster,logistic_regression,-0.20335259295350921,success,
775,apk_cluster,doubly_robust,-0.22130701170518577,success,
776,row,psm,-0.24169771585938765,success,
776,row,logistic_regression,-0.1946009327020237,success,
776,row,doubly_robust,-0.20903921235493514,success,
776,apk_cluster,psm,-0.3344816272965879,success,
776,apk_cluster,logistic_regression,-0.2371081358879385,success,
776,apk_cluster,doubly_robust,-0.2688872315428141,success,
777,row,psm,-0.2940223554187591,success,
777,row,logistic_regression,-0.25326280356191205,success,
777,row,doubly_robust,-0.2683718757794779,success,
777,apk_cluster,psm,-0.32008107265357033,success,
777,apk_cluster,logistic_regression,-0.26209846128481423,success,
777,apk_cluster,doubly_robust,-0.2505022820956937,success,
778,row,psm,-0.3293374372266321,success,
778,row,logistic_regression,-0.27642301425167914,success,
778,row,doubly_robust,-0.2861858508157061,success,
778,apk_cluster,psm,-0.3413143148242486,success,
778,apk_cluster,logistic_regression,-0.18609770758177174,success,
778,apk_cluster,doubly_robust,-0.202592088605006,success,
779,row,psm,-0.2648631135590474,success,
779,row,logistic_regression,-0.2393963920600462,success,
779,row,doubly_robust,-0.2553108075621026,success,
779,apk_cluster,psm,-0.28827877507919747,success,
779,apk_cluster,logistic_regression,-0.2967792676743135,success,
779,apk_cluster,doubly_robust,-0.30259472240805435,success,
780,row,psm,-0.18159727847075977,success,
780,row,logistic_regression,-0.1979237310523602,success,
780,row,doubly_robust,-0.21537155784255008,success,
780,apk_cluster,psm,-0.30760074817207955,success,
780,apk_cluster,logistic_regression,-0.2835565224511862,success,
780,apk_cluster,doubly_robust,-0.29658026450772623,success,
781,row,psm,-0.2551433662724769,success,
781,row,logistic_regression,-0.22079385990754902,success,
781,row,doubly_robust,-0.23375817716201472,success,
781,apk_cluster,psm,-0.2627244276066546,success,
781,apk_cluster,logistic_regression,-0.2202922607665613,success,
781,apk_cluster,doubly_robust,-0.23960970158346437,success,
782,row,psm,-0.2658350882877045,success,
782,row,logistic_regression,-0.24166837530899665,success,
782,row,doubly_robust,-0.26012018069849335,success,
782,apk_cluster,psm,-0.3105211081794195,success,
782,apk_cluster,logistic_regression,-0.23636982045314753,success,
782,apk_cluster,doubly_robust,-0.2487579288243078,success,
783,row,psm,-0.32804147092175606,success,
783,row,logistic_regression,-0.19054834053442274,success,
783,row,doubly_robust,-0.20768561326003107,success,
783,apk_cluster,psm,-0.2549615877080666,success,
783,apk_cluster,logistic_regression,-0.18090243186433283,success,
783,apk_cluster,doubly_robust,-0.21307071347044113,success,
784,row,psm,-0.2677790377450186,success,
784,row,logistic_regression,-0.25396941433743814,success,
784,row,doubly_robust,-0.2657154134456091,success,
784,apk_cluster,psm,-0.23907825252040327,success,
784,apk_cluster,logistic_regression,-0.25209850117178434,success,
784,apk_cluster,doubly_robust,-0.25169354248696635,success,
785,row,psm,-0.2762028187267131,success,
785,row,logistic_regression,-0.2140971260702321,success,
785,row,doubly_robust,-0.22521554097930416,success,
785,apk_cluster,psm,-0.30641727493917276,success,
785,apk_cluster,logistic_regression,-0.30221100350011576,success,
785,apk_cluster,doubly_robust,-0.30334053580214165,success,
786,row,psm,-0.22776607808196986,success,
786,row,logistic_regression,-0.2299506583880339,success,
786,row,doubly_robust,-0.244080256489287,success,
786,apk_cluster,psm,-0.19301058031420326,success,
786,apk_cluster,logistic_regression,-0.19946655632591087,success,
786,apk_cluster,doubly_robust,-0.21515296903934153,success,
787,row,psm,-0.23149198120848857,success,
787,row,logistic_regression,-0.2157772354801066,success,
787,row,doubly_robust,-0.22943599937923087,success,
787,apk_cluster,psm,-0.3727829732344405,success,
787,apk_cluster,logistic_regression,-0.28984586396520934,success,
787,apk_cluster,doubly_robust,-0.305105218115837,success,
788,row,psm,-0.22112425076948,success,
788,row,logistic_regression,-0.18782158926137155,success,
788,row,doubly_robust,-0.19846954006975479,success,
788,apk_cluster,psm,-0.2537459283387622,success,
788,apk_cluster,logistic_regression,-0.21619591746332112,success,
788,apk_cluster,doubly_robust,-0.2322781270905636,success,
789,row,psm,-0.24801555159565852,success,
789,row,logistic_regression,-0.26513240999218013,success,
789,row,doubly_robust,-0.27814129554251166,success,
789,apk_cluster,psm,-0.2804307116104869,success,
789,apk_cluster,logistic_regression,-0.2599324139684355,success,
789,apk_cluster,doubly_robust,-0.2778176838038501,success,
790,row,psm,-0.26486311355904746,success,
790,row,logistic_regression,-0.22733476606651112,success,
790,row,doubly_robust,-0.24341037735070947,success,
790,apk_cluster,psm,-0.32970550576184376,success,
790,apk_cluster,logistic_regression,-0.22346480675387134,success,
790,apk_cluster,doubly_robust,-0.23625694854110874,success,
791,row,psm,-0.24526162319779685,success,
791,row,logistic_regression,-0.22256091824815233,success,
791,row,doubly_robust,-0.24018146675792246,success,
791,apk_cluster,psm,-0.28995394849053385,success,
791,apk_cluster,logistic_regression,-0.1996407428961567,success,
791,apk_cluster,doubly_robust,-0.2105567743569214,success,
792,row,psm,-0.2638911388303904,success,
792,row,logistic_regression,-0.2275155170584297,success,
792,row,doubly_robust,-0.24466283806892453,success,
792,apk_cluster,psm,-0.3207385877927851,success,
792,apk_cluster,logistic_regression,-0.22133836312450578,success,
792,apk_cluster,doubly_robust,-0.23576435764343298,success,
793,row,psm,-0.18289324477563584,success,
793,row,logistic_regression,-0.21171650864199695,success,
793,row,doubly_robust,-0.23046050683404393,success,
793,apk_cluster,psm,-0.364051403449442,success,
793,apk_cluster,logistic_regression,-0.2611640252492447,success,
793,apk_cluster,doubly_robust,-0.2599311455998274,success,
794,row,psm,-0.23618985906366435,success,
794,row,logistic_regression,-0.21372838859733595,success,
794,row,doubly_robust,-0.2275863610453149,success,
794,apk_cluster,psm,-0.27571154181945173,success,
794,apk_cluster,logistic_regression,-0.2429199304943607,success,
794,apk_cluster,doubly_robust,-0.2562077944267222,success,
795,row,psm,-0.2698849829904422,success,
795,row,logistic_regression,-0.20943322156677485,success,
795,row,doubly_robust,-0.22518505587498372,success,
795,apk_cluster,psm,-0.2558373929111372,success,
795,apk_cluster,logistic_regression,-0.2227132801527117,success,
795,apk_cluster,doubly_robust,-0.25072781994390914,success,
796,row,psm,-0.3076300016199579,success,
796,row,logistic_regression,-0.26592079046573175,success,
796,row,doubly_robust,-0.2799466039646147,success,
796,apk_cluster,psm,-0.2773404789817451,success,
796,apk_cluster,logistic_regression,-0.19587796975386854,success,
796,apk_cluster,doubly_robust,-0.21016940943335147,success,
797,row,psm,-0.2105945245423619,success,
797,row,logistic_regression,-0.2169674993040856,success,
797,row,doubly_robust,-0.2347720529570381,success,
797,apk_cluster,psm,-0.35990152331127867,success,
797,apk_cluster,logistic_regression,-0.21313625141054007,success,
797,apk_cluster,doubly_robust,-0.28175570122649257,success,
798,row,psm,-0.3026081321885631,success,
798,row,logistic_regression,-0.20505556209830858,success,
798,row,doubly_robust,-0.221036444851663,success,
798,apk_cluster,psm,-0.29936404529238403,success,
798,apk_cluster,logistic_regression,-0.20967692671279473,success,
798,apk_cluster,doubly_robust,-0.22386244715645118,success,
799,row,psm,-0.24817754738376802,success,
799,row,logistic_regression,-0.25207776314819896,success,
799,row,doubly_robust,-0.26532822154317315,success,
799,apk_cluster,psm,-0.3457792207792208,success,
799,apk_cluster,logistic_regression,-0.2144772300606431,success,
799,apk_cluster,doubly_robust,-0.2140850843371265,success,
800,row,psm,-0.3183217236351855,success,
800,row,logistic_regression,-0.2518300028166606,success,
800,row,doubly_robust,-0.2690705291173031,success,
800,apk_cluster,psm,-0.31101973684210527,success,
800,apk_cluster,logistic_regression,-0.2517746244295361,success,
800,apk_cluster,doubly_robust,-0.28357722765596344,success,
801,row,psm,-0.19763486149360115,success,
801,row,logistic_regression,-0.18362567987433312,success,
801,row,doubly_robust,-0.19998519266853304,success,
801,apk_cluster,psm,-0.2597870597870598,success,
801,apk_cluster,logistic_regression,-0.23011774647031608,success,
801,apk_cluster,doubly_robust,-0.24923533674075476,success,
802,row,psm,-0.2601652357038717,success,
802,row,logistic_regression,-0.2399182204426776,success,
802,row,doubly_robust,-0.25430569984776513,success,
802,apk_cluster,psm,-0.16211169580716348,success,
802,apk_cluster,logistic_regression,-0.21756205531705183,success,
802,apk_cluster,doubly_robust,-0.2412405666094441,success,
803,row,psm,-0.27004697877855177,success,
803,row,logistic_regression,-0.2298643301416241,success,
803,row,doubly_robust,-0.24492107305042915,success,
803,apk_cluster,psm,-0.3064415259537211,success,
803,apk_cluster,logistic_regression,-0.22295666097625788,success,
803,apk_cluster,doubly_robust,-0.23091812282866953,success,
804,row,psm,-0.2731248987526324,success,
804,row,logistic_regression,-0.20347712714065583,success,
804,row,doubly_robust,-0.22061476872845429,success,
804,apk_cluster,psm,-0.27996180168709217,success,
804,apk_cluster,logistic_regression,-0.23708970458637407,success,
804,apk_cluster,doubly_robust,-0.2437067413319884,success,
805,row,psm,-0.25741130730601003,success,
805,row,logistic_regression,-0.2257553968583688,success,
805,row,doubly_robust,-0.2412687324850088,success,
805,apk_cluster,psm,-0.4202458885518122,success,
805,apk_cluster,logistic_regression,-0.2773747757450414,success,
805,apk_cluster,doubly_robust,-0.2757121497884698,success,
806,row,psm,-0.3209136562449376,success,
806,row,logistic_regression,-0.2283114097666908,success,
806,row,doubly_robust,-0.2473967474156605,success,
806,apk_cluster,psm,-0.3873081841432225,success,
806,apk_cluster,logistic_regression,-0.3073776368488724,success,
806,apk_cluster,doubly_robust,-0.29986076019655095,success,
807,row,psm,-0.22566013283654626,success,
807,row,logistic_regression,-0.2229891423586759,success,
807,row,doubly_robust,-0.23597607222189715,success,
807,apk_cluster,psm,-0.3054451166810717,success,
807,apk_cluster,logistic_regression,-0.18132105189897385,success,
807,apk_cluster,doubly_robust,-0.193061064041865,success,
808,row,psm,-0.29143042280900694,success,
808,row,logistic_regression,-0.23636768030605187,success,
808,row,doubly_robust,-0.24998079082695934,success,
808,apk_cluster,psm,-0.31568507781507477,success,
808,apk_cluster,logistic_regression,-0.26519511375959615,success,
808,apk_cluster,doubly_robust,-0.26716738646390514,success,
809,row,psm,-0.15859387655920945,success,
809,row,logistic_regression,-0.21436211390377355,success,
809,row,doubly_robust,-0.2223936160982464,success,
809,apk_cluster,psm,-0.2543946932006634,success,
809,apk_cluster,logistic_regression,-0.2520873037346027,success,
809,apk_cluster,doubly_robust,-0.2509087617021598,success,
810,row,psm,-0.2985582374858254,success,
810,row,logistic_regression,-0.221299753321419,success,
810,row,doubly_robust,-0.24133026034219981,success,
810,apk_cluster,psm,-0.2016250376166115,success,
810,apk_cluster,logistic_regression,-0.16956523445760466,success,
810,apk_cluster,doubly_robust,-0.2163694230359381,success,
811,row,psm,-0.28981046492791185,success,
811,row,logistic_regression,-0.2147156853944399,success,
811,row,doubly_robust,-0.23088966015210505,success,
811,apk_cluster,psm,-0.28655859506923337,success,
811,apk_cluster,logistic_regression,-0.24158675137937202,success,
811,apk_cluster,doubly_robust,-0.272273474008781,success,
812,row,psm,-0.2497975052648631,success,
812,row,logistic_regression,-0.22261479528874295,success,
812,row,doubly_robust,-0.23634299599728223,success,
812,apk_cluster,psm,-0.33972509757339214,success,
812,apk_cluster,logistic_regression,-0.22261957572266228,success,
812,apk_cluster,doubly_robust,-0.24521160048464033,success,
813,row,psm,-0.2697229872023328,success,
813,row,logistic_regression,-0.20160937982661475,success,
813,row,doubly_robust,-0.21696487563270328,success,
813,apk_cluster,psm,-0.34370904325032764,success,
813,apk_cluster,logistic_regression,-0.22549267465768993,success,
813,apk_cluster,doubly_robust,-0.23841433736608839,success,
814,row,psm,-0.2590312651871051,success,
814,row,logistic_regression,-0.1910825121203595,success,
814,row,doubly_robust,-0.20526634760891335,success,
814,apk_cluster,psm,-0.327914537854157,success,
814,apk_cluster,logistic_regression,-0.21528186843835448,success,
814,apk_cluster,doubly_robust,-0.22697419454440665,success,
815,row,psm,-0.28900048598736433,success,
815,row,logistic_regression,-0.21573106535945183,success,
815,row,doubly_robust,-0.23084763647354423,success,
815,apk_cluster,psm,-0.20297742916599967,success,
815,apk_cluster,logistic_regression,-0.2093583549950528,success,
815,apk_cluster,doubly_robust,-0.2163072869029516,success,
816,row,psm,-0.22679410335331282,success,
816,row,logistic_regression,-0.2096049728804371,success,
816,row,doubly_robust,-0.22315086854399252,success,
816,apk_cluster,psm,-0.2984300947867298,success,
816,apk_cluster,logistic_regression,-0.13097486069127484,success,
816,apk_cluster,doubly_robust,-0.1937656987226652,success,
817,row,psm,-0.344889032885145,success,
817,row,logistic_regression,-0.2267009782230976,success,
817,row,doubly_robust,-0.24173233486156082,success,
817,apk_cluster,psm,-0.26687327823691465,success,
817,apk_cluster,logistic_regression,-0.2530509313195068,success,
817,apk_cluster,doubly_robust,-0.2896569118095331,success,
818,row,psm,-0.23959177061396403,success,
818,row,logistic_regression,-0.22044993414852165,success,
818,row,doubly_robust,-0.24052637064554136,success,
818,apk_cluster,psm,-0.3092447916666667,success,
818,apk_cluster,logistic_regression,-0.292969208446688,success,
818,apk_cluster,doubly_robust,-0.29347905655533335,success,
819,row,psm,-0.23311193908958364,success,
819,row,logistic_regression,-0.23844342444420522,success,
819,row,doubly_robust,-0.24938170321711312,success,
819,apk_cluster,psm,-0.38221076377699004,success,
819,apk_cluster,logistic_regression,-0.25396094649677764,success,
819,apk_cluster,doubly_robust,-0.2557631646305096,success,
820,row,psm,-0.26875101247367567,success,
820,row,logistic_regression,-0.2351545394447946,success,
820,row,doubly_robust,-0.24590681107455328,success,
820,apk_cluster,psm,-0.2960139749086867,success,
820,apk_cluster,logistic_regression,-0.23121231784634655,success,
820,apk_cluster,doubly_robust,-0.23460993747413159,success,
821,row,psm,-0.30374210270532964,success,
821,row,logistic_regression,-0.2514459500043632,success,
821,row,doubly_robust,-0.26495518198751244,success,
821,apk_cluster,psm,-0.27809215844785773,success,
821,apk_cluster,logistic_regression,-0.24041676504264958,success,
821,apk_cluster,doubly_robust,-0.24742725703719004,success,
822,row,psm,-0.25336141260327233,success,
822,row,logistic_regression,-0.2055795941515993,success,
822,row,doubly_robust,-0.22042258535067885,success,
822,apk_cluster,psm,-0.2879038317054846,success,
822,apk_cluster,logistic_regression,-0.18550970704340008,success,
822,apk_cluster,doubly_robust,-0.21392758055218478,success,
823,row,psm,-0.23764782115664992,success,
823,row,logistic_regression,-0.24243332472937243,success,
823,row,doubly_robust,-0.25099528381811836,success,
823,apk_cluster,psm,-0.2106508875739645,success,
823,apk_cluster,logistic_regression,-0.2426249660457135,success,
823,apk_cluster,doubly_robust,-0.24556874487551184,success,
824,row,psm,-0.24769156001943948,success,
824,row,logistic_regression,-0.19220707328077816,success,
824,row,doubly_robust,-0.21728996496165215,success,
824,apk_cluster,psm,-0.22702702702702704,success,
824,apk_cluster,logistic_regression,-0.25190320009125966,success,
824,apk_cluster,doubly_robust,-0.2441098697649237,success,
825,row,psm,-0.26632107565203306,success,
825,row,logistic_regression,-0.2164726922932418,success,
825,row,doubly_robust,-0.23703443843286054,success,
825,apk_cluster,psm,-0.3064848580941811,success,
825,apk_cluster,logistic_regression,-0.162644266117833,success,
825,apk_cluster,doubly_robust,-0.1872980553942409,success,
826,row,psm,-0.2598412441276527,success,
826,row,logistic_regression,-0.24202438366695356,success,
826,row,doubly_robust,-0.2539979741808507,success,
826,apk_cluster,psm,-0.2014179825974863,success,
826,apk_cluster,logistic_regression,-0.19454238038832278,success,
826,apk_cluster,doubly_robust,-0.20519988903559924,success,
827,row,psm,-0.2768508018791511,success,
827,row,logistic_regression,-0.19976335655758048,success,
827,row,doubly_robust,-0.21847988623561743,success,
827,apk_cluster,psm,-0.2868784300681856,success,
827,apk_cluster,logistic_regression,-0.2287435362433019,success,
827,apk_cluster,doubly_robust,-0.2524462894573115,success,
828,row,psm,-0.20897456666126682,success,
828,row,logistic_regression,-0.2152944543332022,success,
828,row,doubly_robust,-0.22454578730595395,success,
828,apk_cluster,psm,-0.2918189038919778,success,
828,apk_cluster,logistic_regression,-0.19577360890703016,success,
828,apk_cluster,doubly_robust,-0.21722499041984125,success,
829,row,psm,-0.23440790539445974,success,
829,row,logistic_regression,-0.21535584510485978,success,
829,row,doubly_robust,-0.22790674994598825,success,
829,apk_cluster,psm,-0.3506574827802129,success,
829,apk_cluster,logistic_regression,-0.20013791977853077,success,
829,apk_cluster,doubly_robust,-0.21582338203046753,success,
830,row,psm,-0.2851125870727361,success,
830,row,logistic_regression,-0.21870373080266334,success,
830,row,doubly_robust,-0.2354007845194048,success,
830,apk_cluster,psm,-0.23862766120385973,success,
830,apk_cluster,logistic_regression,-0.1809899729907303,success,
830,apk_cluster,doubly_robust,-0.1960195124344284,success,
831,row,psm,-0.29499433014741616,success,
831,row,logistic_regression,-0.2386187055383146,success,
831,row,doubly_robust,-0.25276038778234655,success,
831,apk_cluster,psm,-0.16275277234181343,success,
831,apk_cluster,logistic_regression,-0.16971787515208123,success,
831,apk_cluster,doubly_robust,-0.2209581644275409,success,
832,row,psm,-0.25255143366272476,success,
832,row,logistic_regression,-0.20578487209378296,success,
832,row,doubly_robust,-0.22017751913246025,success,
832,apk_cluster,psm,-0.3082531802668322,success,
832,apk_cluster,logistic_regression,-0.31534543201553744,success,
832,apk_cluster,doubly_robust,-0.31125490154941327,success,
833,row,psm,-0.21513040660942814,success,
833,row,logistic_regression,-0.24165529781265604,success,
833,row,doubly_robust,-0.258551496226748,success,
833,apk_cluster,psm,-0.2683097360601293,success,
833,apk_cluster,logistic_regression,-0.31037239603394434,success,
833,apk_cluster,doubly_robust,-0.31730357848827484,success,
834,row,psm,-0.2685890166855662,success,
834,row,logistic_regression,-0.22739861342295886,success,
834,row,doubly_robust,-0.2402555981703774,success,
834,apk_cluster,psm,-0.3465977605512489,success,
834,apk_cluster,logistic_regression,-0.20441372414449244,success,
834,apk_cluster,doubly_robust,-0.22358801560099553,success,
835,row,psm,-0.19909282358658675,success,
835,row,logistic_regression,-0.21032672854345869,success,
835,row,doubly_robust,-0.22016819801597354,success,
835,apk_cluster,psm,-0.3307299489336137,success,
835,apk_cluster,logistic_regression,-0.2510452565556619,success,
835,apk_cluster,doubly_robust,-0.26946604798867435,success,
836,row,psm,-0.2901344565041309,success,
836,row,logistic_regression,-0.21897180309996858,success,
836,row,doubly_robust,-0.2353478618366493,success,
836,apk_cluster,psm,-0.2744354966050845,success,
836,apk_cluster,logistic_regression,-0.21252742293004248,success,
836,apk_cluster,doubly_robust,-0.2404637155366865,success,
837,row,psm,-0.22355418759112264,success,
837,row,logistic_regression,-0.21374957549660187,success,
837,row,doubly_robust,-0.22656615888276477,success,
837,apk_cluster,psm,-0.3124235006119951,success,
837,apk_cluster,logistic_regression,-0.25706750340898454,success,
837,apk_cluster,doubly_robust,-0.2668647977106307,success,
838,row,psm,-0.24315567795237325,success,
838,row,logistic_regression,-0.2291292307719383,success,
838,row,doubly_robust,-0.2406823397810371,success,
838,apk_cluster,psm,-0.37606308953146744,success,
838,apk_cluster,logistic_regression,-0.27858612136089334,success,
838,apk_cluster,doubly_robust,-0.28142654996679023,success,
839,row,psm,-0.23602786327555483,success,
839,row,logistic_regression,-0.22400960486918683,success,
839,row,doubly_robust,-0.23960527268261828,success,
839,apk_cluster,psm,-0.3352053915275995,success,
839,apk_cluster,logistic_regression,-0.2577526149902843,success,
839,apk_cluster,doubly_robust,-0.25912392203417944,success,
840,row,psm,-0.2104325287542524,success,
840,row,logistic_regression,-0.21538801575625782,success,
840,row,doubly_robust,-0.23124552030017034,success,
840,apk_cluster,psm,-0.3309178743961353,success,
840,apk_cluster,logistic_regression,-0.23038402803611857,success,
840,apk_cluster,doubly_robust,-0.24666208938227727,success,
841,row,psm,-0.31086991738214803,success,
841,row,logistic_regression,-0.20581275501799606,success,
841,row,doubly_robust,-0.22628881930812914,success,
841,apk_cluster,psm,-0.2163477677072843,success,
841,apk_cluster,logistic_regression,-0.19482774797946031,success,
841,apk_cluster,doubly_robust,-0.21996387683217378,success,
842,row,psm,-0.27879475133646525,success,
842,row,logistic_regression,-0.22643363905447686,success,
842,row,doubly_robust,-0.23815087222018164,success,
842,apk_cluster,psm,-0.21797605379694932,success,
842,apk_cluster,logistic_regression,-0.21531284398086506,success,
842,apk_cluster,doubly_robust,-0.21782484824986229,success,
843,row,psm,-0.22890004859873644,success,
843,row,logistic_regression,-0.2195608513087982,success,
843,row,doubly_robust,-0.23660460958841792,success,
843,apk_cluster,psm,-0.3191916075285406,success,
843,apk_cluster,logistic_regression,-0.1811584551902661,success,
843,apk_cluster,doubly_robust,-0.20035612310571613,success,
844,row,psm,-0.29483233435930667,success,
844,row,logistic_regression,-0.23213715809064975,success,
844,row,doubly_robust,-0.2420140094436747,success,
844,apk_cluster,psm,-0.34936374153032557,success,
844,apk_cluster,logistic_regression,-0.24886446143401456,success,
844,apk_cluster,doubly_robust,-0.25509046072258257,success,
845,row,psm,-0.28948647335169286,success,
845,row,logistic_regression,-0.21791443567533453,success,
845,row,doubly_robust,-0.2294821838574075,success,
845,apk_cluster,psm,-0.33121347542110685,success,
845,apk_cluster,logistic_regression,-0.31962692556500955,success,
845,apk_cluster,doubly_robust,-0.3185940441854623,success,
846,row,psm,-0.35606674226470114,success,
846,row,logistic_regression,-0.2215131460122172,success,
846,row,doubly_robust,-0.2326157257110275,success,
846,apk_cluster,psm,-0.25965801139961997,success,
846,apk_cluster,logistic_regression,-0.18073673382402972,success,
846,apk_cluster,doubly_robust,-0.20531547878575773,success,
847,row,psm,-0.2975862627571683,success,
847,row,logistic_regression,-0.23169549981617787,success,
847,row,doubly_robust,-0.24372072618166712,success,
847,apk_cluster,psm,-0.2644222912240562,success,
847,apk_cluster,logistic_regression,-0.22085171092411932,success,
847,apk_cluster,doubly_robust,-0.2422061162815971,success,
848,row,psm,-0.25028349262919164,success,
848,row,logistic_regression,-0.23287107468208895,success,
848,row,doubly_robust,-0.24343593831457194,success,
848,apk_cluster,psm,-0.34150973255261907,success,
848,apk_cluster,logistic_regression,-0.3004511777522978,success,
848,apk_cluster,doubly_robust,-0.30847970657690127,success,
849,row,psm,-0.32561153410011345,success,
849,row,logistic_regression,-0.2465239498297694,success,
849,row,doubly_robust,-0.2601893833107258,success,
849,apk_cluster,psm,-0.24962779156327544,success,
849,apk_cluster,logistic_regression,-0.2541451291775506,success,
849,apk_cluster,doubly_robust,-0.25680302739072297,success,
850,row,psm,-0.29499433014741616,success,
850,row,logistic_regression,-0.2464641137808558,success,
850,row,doubly_robust,-0.2621133377744435,success,
850,apk_cluster,psm,-0.24322344322344322,success,
850,apk_cluster,logistic_regression,-0.21935686225387613,success,
850,apk_cluster,doubly_robust,-0.23188441161471102,success,
851,row,psm,-0.3158917868135428,success,
851,row,logistic_regression,-0.2175086346036314,success,
851,row,doubly_robust,-0.2269943947026403,success,
851,apk_cluster,psm,-0.3432811480756686,success,
851,apk_cluster,logistic_regression,-0.16795279526934348,success,
851,apk_cluster,doubly_robust,-0.1700832883003836,success,
852,row,psm,-0.24736756844322047,success,
852,row,logistic_regression,-0.23045289741448033,success,
852,row,doubly_robust,-0.24420809199874255,success,
852,apk_cluster,psm,-0.27606679035250464,success,
852,apk_cluster,logistic_regression,-0.16868608409644545,success,
852,apk_cluster,doubly_robust,-0.1855275955130324,success,
853,row,psm,-0.33209136562449376,success,
853,row,logistic_regression,-0.2516307388185627,success,
853,row,doubly_robust,-0.26658570736286563,success,
853,apk_cluster,psm,-0.30013831258644535,success,
853,apk_cluster,logistic_regression,-0.23398957712839838,success,
853,apk_cluster,doubly_robust,-0.23909861614248398,success,
854,row,psm,-0.20136076462011987,success,
854,row,logistic_regression,-0.2178572538692108,success,
854,row,doubly_robust,-0.23120862075950746,success,
854,apk_cluster,psm,-0.2595218466611706,success,
854,apk_cluster,logistic_regression,-0.21617778349966887,success,
854,apk_cluster,doubly_robust,-0.226055872225214,success,
855,row,psm,-0.32528754252389436,success,
855,row,logistic_regression,-0.25624530098569404,success,
855,row,doubly_robust,-0.2749783998037966,success,
855,apk_cluster,psm,-0.35081685296646603,success,
855,apk_cluster,logistic_regression,-0.2946054077111094,success,
855,apk_cluster,doubly_robust,-0.29553588985491897,success,
856,row,psm,-0.25255143366272476,success,
856,row,logistic_regression,-0.1946014623916763,success,
856,row,doubly_robust,-0.20880958040524525,success,
856,apk_cluster,psm,-0.3096754154371797,success,
856,apk_cluster,logistic_regression,-0.26699082435873756,success,
856,apk_cluster,doubly_robust,-0.26144705601028706,success,
857,row,psm,-0.2807387007937794,success,
857,row,logistic_regression,-0.18103540084389877,success,
857,row,doubly_robust,-0.19377721692195152,success,
857,apk_cluster,psm,-0.25864318330071756,success,
857,apk_cluster,logistic_regression,-0.16130915726557105,success,
857,apk_cluster,doubly_robust,-0.18148815645520755,success,
858,row,psm,-0.2569253199416815,success,
858,row,logistic_regression,-0.22477616437170164,success,
858,row,doubly_robust,-0.2405717255346058,success,
858,apk_cluster,psm,-0.3074608904933815,success,
858,apk_cluster,logistic_regression,-0.23450367540493758,success,
858,apk_cluster,doubly_robust,-0.30724844569782817,success,
859,row,psm,-0.23327393487769318,success,
859,row,logistic_regression,-0.20008454084433422,success,
859,row,doubly_robust,-0.21657331777996677,success,
859,apk_cluster,psm,-0.24277456647398843,success,
859,apk_cluster,logistic_regression,-0.1920852928456066,success,
859,apk_cluster,doubly_robust,-0.19821582898469303,success,
860,row,psm,-0.2983962416977159,success,
860,row,logistic_regression,-0.18277828016292444,success,
860,row,doubly_robust,-0.19830791545424717,success,
860,apk_cluster,psm,-0.2383312020460358,success,
860,apk_cluster,logistic_regression,-0.23952225367371266,success,
860,apk_cluster,doubly_robust,-0.25681960368971507,success,
861,row,psm,-0.14612020087477726,success,
861,row,logistic_regression,-0.23795628761359902,success,
861,row,doubly_robust,-0.25734579977951266,success,
861,apk_cluster,psm,-0.3010886469673406,success,
861,apk_cluster,logistic_regression,-0.18889260511430847,success,
861,apk_cluster,doubly_robust,-0.2327751647200448,success,
862,row,psm,-0.22776607808196986,success,
862,row,logistic_regression,-0.23354945099195595,success,
862,row,doubly_robust,-0.24639158574763126,success,
862,apk_cluster,psm,-0.3282930631332814,success,
862,apk_cluster,logistic_regression,-0.18201544523163574,success,
862,apk_cluster,doubly_robust,-0.19642206081485208,success,
863,row,psm,-0.25028349262919164,success,
863,row,logistic_regression,-0.2034209933599042,success,
863,row,doubly_robust,-0.2225900117976421,success,
863,apk_cluster,psm,-0.30976926853215514,success,
863,apk_cluster,logistic_regression,-0.1911985103835967,success,
863,apk_cluster,doubly_robust,-0.22003150968060184,success,
864,row,psm,-0.27733678924347965,success,
864,row,logistic_regression,-0.25163586687437983,success,
864,row,doubly_robust,-0.2619427727683827,success,
864,apk_cluster,psm,-0.18869154309923417,success,
864,apk_cluster,logistic_regression,-0.23589776068603718,success,
864,apk_cluster,doubly_robust,-0.25898302419231206,success,
865,row,psm,-0.2899724607160214,success,
865,row,logistic_regression,-0.19946953021814534,success,
865,row,doubly_robust,-0.21650730529701367,success,
865,apk_cluster,psm,-0.3297113752122241,success,
865,apk_cluster,logistic_regression,-0.19104147367757437,success,
865,apk_cluster,doubly_robust,-0.2822165428157713,success,
866,row,psm,-0.24331767374048274,success,
866,row,logistic_regression,-0.22850706777280666,success,
866,row,doubly_robust,-0.24004295958531374,success,
866,apk_cluster,psm,-0.315096251266464,success,
866,apk_cluster,logistic_regression,-0.21379853120024941,success,
866,apk_cluster,doubly_robust,-0.2302133110638158,success,
867,row,psm,-0.2000647983152438,success,
867,row,logistic_regression,-0.22667452231538096,success,
867,row,doubly_robust,-0.23977240534774993,success,
867,apk_cluster,psm,-0.28994082840236685,success,
867,apk_cluster,logistic_regression,-0.2240794340974032,success,
867,apk_cluster,doubly_robust,-0.23702840159951774,success,
868,row,psm,-0.3094119552891625,success,
868,row,logistic_regression,-0.24362346745139107,success,
868,row,doubly_robust,-0.25649980935114364,success,
868,apk_cluster,psm,-0.3004657138268829,success,
868,apk_cluster,logistic_regression,-0.22589328100021663,success,
868,apk_cluster,doubly_robust,-0.2429734202916269,success,
869,row,psm,-0.2715049408715373,success,
869,row,logistic_regression,-0.21979374353275208,success,
869,row,doubly_robust,-0.23374270688986482,success,
869,apk_cluster,psm,-0.22723747479447806,success,
869,apk_cluster,logistic_regression,-0.2712290704627304,success,
869,apk_cluster,doubly_robust,-0.2694850851084518,success,
870,row,psm,-0.3000161995788109,success,
870,row,logistic_regression,-0.2384186346706499,success,
870,row,doubly_robust,-0.25490367152563564,success,
870,apk_cluster,psm,-0.21441324460314884,success,
870,apk_cluster,logistic_regression,-0.2289620223687648,success,
870,apk_cluster,doubly_robust,-0.25247487231987464,success,
871,row,psm,-0.3202656730924996,success,
871,row,logistic_regression,-0.23063497876995684,success,
871,row,doubly_robust,-0.2462475724225955,success,
871,apk_cluster,psm,-0.3425925925925926,success,
871,apk_cluster,logistic_regression,-0.20651907292312885,success,
871,apk_cluster,doubly_robust,-0.24306119880456376,success,
872,row,psm,-0.2993682164263729,success,
872,row,logistic_regression,-0.21493528011550717,success,
872,row,doubly_robust,-0.23115885181272594,success,
872,apk_cluster,psm,-0.2706685279975182,success,
872,apk_cluster,logistic_regression,-0.20946394243792327,success,
872,apk_cluster,doubly_robust,-0.22167670409884258,success,
873,row,psm,-0.3372752308439981,success,
873,row,logistic_regression,-0.2256945969593511,success,
873,row,doubly_robust,-0.24790399596586354,success,
873,apk_cluster,psm,-0.2815718586594834,success,
873,apk_cluster,logistic_regression,-0.261111144505187,success,
873,apk_cluster,doubly_robust,-0.2629295219427907,success,
874,row,psm,-0.2541713915438199,success,
874,row,logistic_regression,-0.1774460324020514,success,
874,row,doubly_robust,-0.18974835795965822,success,
874,apk_cluster,psm,-0.2998189896330426,success,
874,apk_cluster,logistic_regression,-0.2136352232662555,success,
874,apk_cluster,doubly_robust,-0.23382141916311852,success,
875,row,psm,-0.2637291430422809,success,
875,row,logistic_regression,-0.21499447378174436,success,
875,row,doubly_robust,-0.2274571424038735,success,
875,apk_cluster,psm,-0.3228230681261232,success,
875,apk_cluster,logistic_regression,-0.23656592277316796,success,
875,apk_cluster,doubly_robust,-0.24207294122954753,success,
876,row,psm,-0.2783087639721367,success,
876,row,logistic_regression,-0.24721211852090266,success,
876,row,doubly_robust,-0.26741470728982386,success,
876,apk_cluster,psm,-0.33447364329031254,success,
876,apk_cluster,logistic_regression,-0.17416788910409553,success,
876,apk_cluster,doubly_robust,-0.20369306400038453,success,
877,row,psm,-0.23035801069172201,success,
877,row,logistic_regression,-0.22040505539809493,success,
877,row,doubly_robust,-0.23439026843350932,success,
877,apk_cluster,psm,-0.25205389418337165,success,
877,apk_cluster,logistic_regression,-0.22220039141428813,success,
877,apk_cluster,doubly_robust,-0.25276809491545177,success,
878,row,psm,-0.2690750040498947,success,
878,row,logistic_regression,-0.23931119017100985,success,
878,row,doubly_robust,-0.25657676843987814,success,
878,apk_cluster,psm,-0.24834437086092714,success,
878,apk_cluster,logistic_regression,-0.26628195655441383,success,
878,apk_cluster,doubly_robust,-0.26702321764569936,success,
879,row,psm,-0.2723149198120849,success,
879,row,logistic_regression,-0.22825588150783177,success,
879,row,doubly_robust,-0.23720898177037056,success,
879,apk_cluster,psm,-0.26412698412698415,success,
879,apk_cluster,logistic_regression,-0.16670424853857804,success,
879,apk_cluster,doubly_robust,-0.1954553032711114,success,
880,row,psm,-0.27296290296452297,success,
880,row,logistic_regression,-0.2097865462899279,success,
880,row,doubly_robust,-0.2276153005923459,success,
880,apk_cluster,psm,-0.25389433113859,success,
880,apk_cluster,logistic_regression,-0.17744708540401105,success,
880,apk_cluster,doubly_robust,-0.20076368478221812,success,
881,row,psm,-0.2940223554187591,success,
881,row,logistic_regression,-0.2433455077682545,success,
881,row,doubly_robust,-0.24914061373148766,success,
881,apk_cluster,psm,-0.3951626639414069,success,
881,apk_cluster,logistic_regression,-0.23474839722999102,success,
881,apk_cluster,doubly_robust,-0.27944262552623467,success,
882,row,psm,-0.2285760570225174,success,
882,row,logistic_regression,-0.22142386865113325,success,
882,row,doubly_robust,-0.24180646225949956,success,
882,apk_cluster,psm,-0.27226382029631996,success,
882,apk_cluster,logistic_regression,-0.16675246953953818,success,
882,apk_cluster,doubly_robust,-0.2595389860401253,success,
883,row,psm,-0.20622063826340514,success,
883,row,logistic_regression,-0.213295485008715,success,
883,row,doubly_robust,-0.22921004383336882,success,
883,apk_cluster,psm,-0.35314574770787227,success,
883,apk_cluster,logistic_regression,-0.2303209687116141,success,
883,apk_cluster,doubly_robust,-0.23398408429408157,success,
884,row,psm,-0.17625141746314596,success,
884,row,logistic_regression,-0.1916455837372611,success,
884,row,doubly_robust,-0.20442459210500089,success,
884,apk_cluster,psm,-0.27794466403162055,success,
884,apk_cluster,logistic_regression,-0.25414742748817704,success,
884,apk_cluster,doubly_robust,-0.26384271100292545,success,
885,row,psm,-0.3536368054430585,success,
885,row,logistic_regression,-0.22619308013672149,success,
885,row,doubly_robust,-0.2402527551937985,success,
885,apk_cluster,psm,-0.3076785394666189,success,
885,apk_cluster,logistic_regression,-0.25490903709786683,success,
885,apk_cluster,doubly_robust,-0.2589863148637155,success,
886,row,psm,-0.22711809492953183,success,
886,row,logistic_regression,-0.20984122947821215,success,
886,row,doubly_robust,-0.22438213796497236,success,
886,apk_cluster,psm,-0.2694765672550213,success,
886,apk_cluster,logistic_regression,-0.1894539389556568,success,
886,apk_cluster,doubly_robust,-0.21836548982881623,success,
887,row,psm,-0.2049246719585291,success,
887,row,logistic_regression,-0.21042631663640624,success,
887,row,doubly_robust,-0.2248984583112947,success,
887,apk_cluster,psm,-0.1746058654009154,success,
887,apk_cluster,logistic_regression,-0.1676880975628676,success,
887,apk_cluster,doubly_robust,-0.2031745785864594,success,
888,row,psm,-0.21626437712619473,success,
888,row,logistic_regression,-0.19324468000389658,success,
888,row,doubly_robust,-0.20943006363990405,success,
888,apk_cluster,psm,-0.3004964318957493,success,
888,apk_cluster,logistic_regression,-0.25499918546930567,success,
888,apk_cluster,doubly_robust,-0.2581991279171274,success,
889,row,psm,-0.22339219180301312,success,
889,row,logistic_regression,-0.22565212051790975,success,
889,row,doubly_robust,-0.24199059386666205,success,
889,apk_cluster,psm,-0.2353451266042317,success,
889,apk_cluster,logistic_regression,-0.20096413536717728,success,
889,apk_cluster,doubly_robust,-0.21168227510477333,success,
890,row,psm,-0.22987202332739348,success,
890,row,logistic_regression,-0.24908092088380493,success,
890,row,doubly_robust,-0.2632730901094435,success,
890,apk_cluster,psm,-0.35230696052005706,success,
890,apk_cluster,logistic_regression,-0.12247959543562982,success,
890,apk_cluster,doubly_robust,-0.18023742022543732,success,
891,row,psm,-0.23327393487769318,success,
891,row,logistic_regression,-0.18746664067586544,success,
891,row,doubly_robust,-0.1969353578321194,success,
891,apk_cluster,psm,-0.33673326812910437,success,
891,apk_cluster,logistic_regression,-0.19725654728983377,success,
891,apk_cluster,doubly_robust,-0.22858713661775798,success,
892,row,psm,-0.2428316863761542,success,
892,row,logistic_regression,-0.23718067050460998,success,
892,row,doubly_robust,-0.24613322911407456,success,
892,apk_cluster,psm,-0.27548560896072594,success,
892,apk_cluster,logistic_regression,-0.23558388777852396,success,
892,apk_cluster,doubly_robust,-0.2610503528664516,success,
893,row,psm,-0.27928073870079384,success,
893,row,logistic_regression,-0.23981823066125466,success,
893,row,doubly_robust,-0.2553026288578848,success,
893,apk_cluster,psm,-0.234038950042337,success,
893,apk_cluster,logistic_regression,-0.21243137177366495,success,
893,apk_cluster,doubly_robust,-0.2191703410262084,success,
894,row,psm,-0.17025757330309413,success,
894,row,logistic_regression,-0.20129520139160992,success,
894,row,doubly_robust,-0.21288422226598872,success,
894,apk_cluster,psm,-0.23117171396860633,success,
894,apk_cluster,logistic_regression,-0.196635358003075,success,
894,apk_cluster,doubly_robust,-0.20327321766424875,success,
895,row,psm,-0.2544953831200389,success,
895,row,logistic_regression,-0.24635167292944501,success,
895,row,doubly_robust,-0.26123645413653035,success,
895,apk_cluster,psm,-0.3020287958115183,success,
895,apk_cluster,logistic_regression,-0.21226434389914495,success,
895,apk_cluster,doubly_robust,-0.24539570172150485,success,
896,row,psm,-0.23343593066580268,success,
896,row,logistic_regression,-0.23205792240451636,success,
896,row,doubly_robust,-0.2423561098139485,success,
896,apk_cluster,psm,-0.32228535353535354,success,
896,apk_cluster,logistic_regression,-0.26348666257725123,success,
896,apk_cluster,doubly_robust,-0.2684320414703545,success,
897,row,psm,-0.2230682002267941,success,
897,row,logistic_regression,-0.2161312271634463,success,
897,row,doubly_robust,-0.22767190012226698,success,
897,apk_cluster,psm,-0.272552783109405,success,
897,apk_cluster,logistic_regression,-0.20474932347245797,success,
897,apk_cluster,doubly_robust,-0.22388890519134436,success,
898,row,psm,-0.3743722663210757,success,
898,row,logistic_regression,-0.23439069815271968,success,
898,row,doubly_robust,-0.252976155435242,success,
898,apk_cluster,psm,-0.25567907201546636,success,
898,apk_cluster,logistic_regression,-0.20480049289788846,success,
898,apk_cluster,doubly_robust,-0.22188807882739944,success,
899,row,psm,-0.23230196014903612,success,
899,row,logistic_regression,-0.22871859475879758,success,
899,row,doubly_robust,-0.24251688397459178,success,
899,apk_cluster,psm,-0.2915791175044448,success,
899,apk_cluster,logistic_regression,-0.2949202498511337,success,
899,apk_cluster,doubly_robust,-0.29747944591928804,success,
900,row,psm,-0.29175441438522604,success,
900,row,logistic_regression,-0.2283733119162832,success,
900,row,doubly_robust,-0.23918941347647069,success,
900,apk_cluster,psm,-0.2968148945991691,success,
900,apk_cluster,logistic_regression,-0.22038691669199642,success,
900,apk_cluster,doubly_robust,-0.23454864889013527,success,
901,row,psm,-0.31329985420379075,success,
901,row,logistic_regression,-0.2650995994233539,success,
901,row,doubly_robust,-0.2793190266272273,success,
901,apk_cluster,psm,-0.27797387927991524,success,
901,apk_cluster,logistic_regression,-0.2798265069576395,success,
901,apk_cluster,doubly_robust,-0.279441598754721,success,
902,row,psm,-0.22387817916734165,success,
902,row,logistic_regression,-0.27178472635281264,success,
902,row,doubly_robust,-0.28774825649564717,success,
902,apk_cluster,psm,-0.44095286365940195,success,
902,apk_cluster,logistic_regression,-0.37820682975265646,success,
902,apk_cluster,doubly_robust,-0.3853800565191427,success,
903,row,psm,-0.32836546249797505,success,
903,row,logistic_regression,-0.23564998741487173,success,
903,row,doubly_robust,-0.2489891439493416,success,
903,apk_cluster,psm,-0.23762706215630727,success,
903,apk_cluster,logistic_regression,-0.20666469669054943,success,
903,apk_cluster,doubly_robust,-0.23185916241342044,success,
904,row,psm,-0.2606512230682002,success,
904,row,logistic_regression,-0.2037457023679936,success,
904,row,doubly_robust,-0.21786457697206962,success,
904,apk_cluster,psm,-0.30667851325336887,success,
904,apk_cluster,logistic_regression,-0.17644427778629906,success,
904,apk_cluster,doubly_robust,-0.18176887985191031,success,
905,row,psm,-0.3179977320589665,success,
905,row,logistic_regression,-0.2201579427812067,success,
905,row,doubly_robust,-0.23365279003966177,success,
905,apk_cluster,psm,-0.20957394308274388,success,
905,apk_cluster,logistic_regression,-0.20759282711443014,success,
905,apk_cluster,doubly_robust,-0.2088031627836401,success,
906,row,psm,-0.25012149684108215,success,
906,row,logistic_regression,-0.2165876543135309,success,
906,row,doubly_robust,-0.23226805387654195,success,
906,apk_cluster,psm,-0.28644013972689747,success,
906,apk_cluster,logistic_regression,-0.24831339862747864,success,
906,apk_cluster,doubly_robust,-0.2634425334445132,success,
907,row,psm,-0.3162157783897619,success,
907,row,logistic_regression,-0.25101607290958805,success,
907,row,doubly_robust,-0.26230712810413404,success,
907,apk_cluster,psm,-0.33849098739830913,success,
907,apk_cluster,logistic_regression,-0.2141946834363254,success,
907,apk_cluster,doubly_robust,-0.21401863303653706,success,
908,row,psm,-0.3118418921108051,success,
908,row,logistic_regression,-0.24469822426044402,success,
908,row,doubly_robust,-0.25431822697500167,success,
908,apk_cluster,psm,-0.30478836411178295,success,
908,apk_cluster,logistic_regression,-0.2748914860096098,success,
908,apk_cluster,doubly_robust,-0.28820594858029114,success,
909,row,psm,-0.2619471893730763,success,
909,row,logistic_regression,-0.22275905519787131,success,
909,row,doubly_robust,-0.24192476746638764,success,
909,apk_cluster,psm,-0.25642737896494155,success,
909,apk_cluster,logistic_regression,-0.2426947238597883,success,
909,apk_cluster,doubly_robust,-0.2357817938501488,success,
910,row,psm,-0.20573465089907664,success,
910,row,logistic_regression,-0.21106349767896748,success,
910,row,doubly_robust,-0.22481963076339234,success,
910,apk_cluster,psm,-0.39539094650205764,success,
910,apk_cluster,logistic_regression,-0.34137523727845565,success,
910,apk_cluster,doubly_robust,-0.33908839547189723,success,
911,row,psm,-0.25174145472217724,success,
911,row,logistic_regression,-0.21917287968579,success,
911,row,doubly_robust,-0.2360143859894171,success,
911,apk_cluster,psm,-0.4177915108147666,success,
911,apk_cluster,logistic_regression,-0.24682389476300007,success,
911,apk_cluster,doubly_robust,-0.2533590661077746,success,
912,row,psm,-0.2352178843350073,success,
912,row,logistic_regression,-0.24381060868814738,success,
912,row,doubly_robust,-0.2616832789270135,success,
912,apk_cluster,psm,-0.24523809523809523,success,
912,apk_cluster,logistic_regression,-0.16176084420913306,success,
912,apk_cluster,doubly_robust,-0.1948054788278236,success,
913,row,psm,-0.21820832658350883,success,
913,row,logistic_regression,-0.1943196352938979,success,
913,row,doubly_robust,-0.20956915886827956,success,
913,apk_cluster,psm,-0.34934497816593885,success,
913,apk_cluster,logistic_regression,-0.22909017027814005,success,
913,apk_cluster,doubly_robust,-0.24758698158917683,success,
914,row,psm,-0.22258221286246557,success,
914,row,logistic_regression,-0.2298552348683479,success,
914,row,doubly_robust,-0.23951464341735937,success,
914,apk_cluster,psm,-0.33311148086522463,success,
914,apk_cluster,logistic_regression,-0.2473389313681799,success,
914,apk_cluster,doubly_robust,-0.25551972264570016,success,
915,row,psm,-0.30665802689130084,success,
915,row,logistic_regression,-0.2132816924225313,success,
915,row,doubly_robust,-0.2290529836289959,success,
915,apk_cluster,psm,-0.3436633501875714,success,
915,apk_cluster,logistic_regression,-0.24365587766565344,success,
915,apk_cluster,doubly_robust,-0.2710624600938137,success,
916,row,psm,-0.3077919974080674,success,
916,row,logistic_regression,-0.19000981503701717,success,
916,row,doubly_robust,-0.19851368641172143,success,
916,apk_cluster,psm,-0.29803804103639364,success,
916,apk_cluster,logistic_regression,-0.20154298309088794,success,
916,apk_cluster,doubly_robust,-0.2165198782335585,success,
917,row,psm,-0.2428316863761542,success,
917,row,logistic_regression,-0.2105159276546998,success,
917,row,doubly_robust,-0.22020386435444098,success,
917,apk_cluster,psm,-0.3256055363321799,success,
917,apk_cluster,logistic_regression,-0.3147957867803285,success,
917,apk_cluster,doubly_robust,-0.31358844651385115,success,
918,row,psm,-0.29337437226632107,success,
918,row,logistic_regression,-0.23090737616956875,success,
918,row,doubly_robust,-0.24914955728768898,success,
918,apk_cluster,psm,-0.3630501370304691,success,
918,apk_cluster,logistic_regression,-0.2023695109318898,success,
918,apk_cluster,doubly_robust,-0.25457598857791136,success,
919,row,psm,-0.26470111777093797,success,
919,row,logistic_regression,-0.25036270313789655,success,
919,row,doubly_robust,-0.2594568915682298,success,
919,apk_cluster,psm,-0.3151028600100351,success,
919,apk_cluster,logistic_regression,-0.20983656952513544,success,
919,apk_cluster,doubly_robust,-0.21097324786999627,success,
920,row,psm,-0.22485015389599872,success,
920,row,logistic_regression,-0.21630819781291416,success,
920,row,doubly_robust,-0.23218804775100516,success,
920,apk_cluster,psm,-0.33182844243792325,success,
920,apk_cluster,logistic_regression,-0.23730034813187573,success,
920,apk_cluster,doubly_robust,-0.24912971930494637,success,
921,row,psm,-0.26583508828770447,success,
921,row,logistic_regression,-0.2640723410329612,success,
921,row,doubly_robust,-0.2818495013964192,success,
921,apk_cluster,psm,-0.21248726531800322,success,
921,apk_cluster,logistic_regression,-0.23531523907914456,success,
921,apk_cluster,doubly_robust,-0.2602395835450154,success,
922,row,psm,-0.25222744208650577,success,
922,row,logistic_regression,-0.22120631221914955,success,
922,row,doubly_robust,-0.2369813042743507,success,
922,apk_cluster,psm,-0.362288810965891,success,
922,apk_cluster,logistic_regression,-0.21732144267854625,success,
922,apk_cluster,doubly_robust,-0.2228816973882973,success,
923,row,psm,-0.2494735136886441,success,
923,row,logistic_regression,-0.20450662216958784,success,
923,row,doubly_robust,-0.21807925220147092,success,
923,apk_cluster,psm,-0.265470297029703,success,
923,apk_cluster,logistic_regression,-0.20391010914112973,success,
923,apk_cluster,doubly_robust,-0.22628049825296062,success,
924,row,psm,-0.29191641017333547,success,
924,row,logistic_regression,-0.19567549016173608,success,
924,row,doubly_robust,-0.21029853930259676,success,
924,apk_cluster,psm,-0.30946582237376197,success,
924,apk_cluster,logistic_regression,-0.21065115594741549,success,
924,apk_cluster,doubly_robust,-0.2322325280186256,success,
925,row,psm,-0.30341811112911066,success,
925,row,logistic_regression,-0.2558500726946597,success,
925,row,doubly_robust,-0.26887124251068456,success,
925,apk_cluster,psm,-0.2693114295700804,success,
925,apk_cluster,logistic_regression,-0.163061696406759,success,
925,apk_cluster,doubly_robust,-0.19165175093145514,success,
926,row,psm,-0.29953021221448245,success,
926,row,logistic_regression,-0.2105122615643722,success,
926,row,doubly_robust,-0.22597377411065236,success,
926,apk_cluster,psm,-0.24693943298969073,success,
926,apk_cluster,logistic_regression,-0.19930445018131543,success,
926,apk_cluster,doubly_robust,-0.21720807341345627,success,
927,row,psm,-0.2608132188563097,success,
927,row,logistic_regression,-0.21797613400497404,success,
927,row,doubly_robust,-0.23323450506454724,success,
927,apk_cluster,psm,-0.3260269524273421,success,
927,apk_cluster,logistic_regression,-0.21045642035211315,success,
927,apk_cluster,doubly_robust,-0.21903291318093268,success,
928,row,psm,-0.23068200226794103,success,
928,row,logistic_regression,-0.20588886584912316,success,
928,row,doubly_robust,-0.23007861153647297,success,
928,apk_cluster,psm,-0.32347504621072093,success,
928,apk_cluster,logistic_regression,-0.1977844598038797,success,
928,apk_cluster,doubly_robust,-0.19584809186116037,success,
929,row,psm,-0.29434634699497814,success,
929,row,logistic_regression,-0.2670380799925019,success,
929,row,doubly_robust,-0.2813459558734937,success,
929,apk_cluster,psm,-0.3152421189470263,success,
929,apk_cluster,logistic_regression,-0.16825176409162743,success,
929,apk_cluster,doubly_robust,-0.18760482541706022,success,
930,row,psm,-0.27263891138830393,success,
930,row,logistic_regression,-0.2350259598878832,success,
930,row,doubly_robust,-0.2506806965639241,success,
930,apk_cluster,psm,-0.33815076367219576,success,
930,apk_cluster,logistic_regression,-0.2597103092744892,success,
930,apk_cluster,doubly_robust,-0.2902639442187668,success,
931,row,psm,-0.2604892272800907,success,
931,row,logistic_regression,-0.23217857866046313,success,
931,row,doubly_robust,-0.24305797195259016,success,
931,apk_cluster,psm,-0.21791916397725528,success,
931,apk_cluster,logistic_regression,-0.17938904054464086,success,
931,apk_cluster,doubly_robust,-0.22079236033391203,success,
932,row,psm,-0.37307630001619957,success,
932,row,logistic_regression,-0.27637146578261207,success,
932,row,doubly_robust,-0.28932916118678925,success,
932,apk_cluster,psm,-0.24886511024643318,success,
932,apk_cluster,logistic_regression,-0.2582003975109961,success,
932,apk_cluster,doubly_robust,-0.25848885682924566,success,
933,row,psm,-0.230034019115503,success,
933,row,logistic_regression,-0.21074707979010165,success,
933,row,doubly_robust,-0.22254073792835788,success,
933,apk_cluster,psm,-0.3047962867457452,success,
933,apk_cluster,logistic_regression,-0.24091323578844803,success,
933,apk_cluster,doubly_robust,-0.2490303049458963,success,
934,row,psm,-0.2553053620605864,success,
934,row,logistic_regression,-0.25210754740503183,success,
934,row,doubly_robust,-0.2626248671648328,success,
934,apk_cluster,psm,-0.33926837164130785,success,
934,apk_cluster,logistic_regression,-0.23649179930800088,success,
934,apk_cluster,doubly_robust,-0.2418776547432744,success,
935,row,psm,-0.30876397213672446,success,
935,row,logistic_regression,-0.22749795545550094,success,
935,row,doubly_robust,-0.247903695453686,success,
935,apk_cluster,psm,-0.3259271919330029,success,
935,apk_cluster,logistic_regression,-0.30702948639655253,success,
935,apk_cluster,doubly_robust,-0.31868105589968543,success,
936,row,psm,-0.2442896484691398,success,
936,row,logistic_regression,-0.20458263760006526,success,
936,row,doubly_robust,-0.2149286454391604,success,
936,apk_cluster,psm,-0.3032581453634085,success,
936,apk_cluster,logistic_regression,-0.25050489652731533,success,
936,apk_cluster,doubly_robust,-0.25657384954833906,success,
937,row,psm,-0.2444516442572493,success,
937,row,logistic_regression,-0.19417584289818038,success,
937,row,doubly_robust,-0.20635806439371923,success,
937,apk_cluster,psm,-0.30634789777411375,success,
937,apk_cluster,logistic_regression,-0.22991040006956057,success,
937,apk_cluster,doubly_robust,-0.24824000324059856,success,
938,row,psm,-0.23035801069172201,success,
938,row,logistic_regression,-0.2145619286203293,success,
938,row,doubly_robust,-0.23186195076787097,success,
938,apk_cluster,psm,-0.25068382944489137,success,
938,apk_cluster,logistic_regression,-0.22197287048202527,success,
938,apk_cluster,doubly_robust,-0.23142049392281636,success,
939,row,psm,-0.14952211242507696,success,
939,row,logistic_regression,-0.18385900093488683,success,
939,row,doubly_robust,-0.20178745742129936,success,
939,apk_cluster,psm,-0.40977134397104786,success,
939,apk_cluster,logistic_regression,-0.2006860127316663,success,
939,apk_cluster,doubly_robust,-0.22299201787530376,success,
940,row,psm,-0.32026567309249954,success,
940,row,logistic_regression,-0.19593863613030182,success,
940,row,doubly_robust,-0.2094311097008007,success,
940,apk_cluster,psm,-0.2807017543859649,success,
940,apk_cluster,logistic_regression,-0.21571519353114968,success,
940,apk_cluster,doubly_robust,-0.23924999554166748,success,
941,row,psm,-0.2708569577190993,success,
941,row,logistic_regression,-0.1995484716429565,success,
941,row,doubly_robust,-0.21591972294617098,success,
941,apk_cluster,psm,-0.33641975308641975,success,
941,apk_cluster,logistic_regression,-0.1947454761451222,success,
941,apk_cluster,doubly_robust,-0.2065706990844925,success,
942,row,psm,-0.20767860035639074,success,
942,row,logistic_regression,-0.24871915835011593,success,
942,row,doubly_robust,-0.2653720386900595,success,
942,apk_cluster,psm,-0.3239413412423793,success,
942,apk_cluster,logistic_regression,-0.15146833460346218,success,
942,apk_cluster,doubly_robust,-0.17772980937244084,success,
943,row,psm,-0.26696905880447114,success,
943,row,logistic_regression,-0.21281183078524563,success,
943,row,doubly_robust,-0.2262146240741383,success,
943,apk_cluster,psm,-0.23903475489452117,success,
943,apk_cluster,logistic_regression,-0.17972267890828247,success,
943,apk_cluster,doubly_robust,-0.19398511895256984,success,
944,row,psm,-0.21788433500728982,success,
944,row,logistic_regression,-0.2504026650303258,success,
944,row,doubly_robust,-0.2689519340890159,success,
944,apk_cluster,psm,-0.3933761405880365,success,
944,apk_cluster,logistic_regression,-0.27696734188705635,success,
944,apk_cluster,doubly_robust,-0.2838254225648696,success,
945,row,psm,-0.23230196014903612,success,
945,row,logistic_regression,-0.21498376095272873,success,
945,row,doubly_robust,-0.23197063700888482,success,
945,apk_cluster,psm,-0.2406471183013144,success,
945,apk_cluster,logistic_regression,-0.24953034891565046,success,
945,apk_cluster,doubly_robust,-0.2514282647365157,success,
946,row,psm,-0.3084399805605054,success,
946,row,logistic_regression,-0.24825957241154387,success,
946,row,doubly_robust,-0.25527549788588205,success,
946,apk_cluster,psm,-0.3332819722650231,success,
946,apk_cluster,logistic_regression,-0.23046985963432148,success,
946,apk_cluster,doubly_robust,-0.24293550976454817,success,
947,row,psm,-0.24866353474809655,success,
947,row,logistic_regression,-0.20141035009971375,success,
947,row,doubly_robust,-0.2168643011008919,success,
947,apk_cluster,psm,-0.26876433956079976,success,
947,apk_cluster,logistic_regression,-0.23786113473817097,success,
947,apk_cluster,doubly_robust,-0.25624861491610385,success,
948,row,psm,-0.29661428802851125,success,
948,row,logistic_regression,-0.218381196596875,success,
948,row,doubly_robust,-0.2359979989120473,success,
948,apk_cluster,psm,-0.24401838060529235,success,
948,apk_cluster,logistic_regression,-0.2423048785563363,success,
948,apk_cluster,doubly_robust,-0.24238678417968634,success,
949,row,psm,-0.28268265025109346,success,
949,row,logistic_regression,-0.2024664379879992,success,
949,row,doubly_robust,-0.21571267216981524,success,
949,apk_cluster,psm,-0.2819513715710723,success,
949,apk_cluster,logistic_regression,-0.20371724100487063,success,
949,apk_cluster,doubly_robust,-0.21223996158205108,success,
950,row,psm,-0.2890004859873644,success,
950,row,logistic_regression,-0.21820249514241422,success,
950,row,doubly_robust,-0.24276284496599698,success,
950,apk_cluster,psm,-0.20301874274340687,success,
950,apk_cluster,logistic_regression,-0.21749069564584042,success,
950,apk_cluster,doubly_robust,-0.23058710453193185,success,
951,row,psm,-0.1824072574113073,success,
951,row,logistic_regression,-0.25287019702759234,success,
951,row,doubly_robust,-0.27167152474524214,success,
951,apk_cluster,psm,-0.29790209790209793,success,
951,apk_cluster,logistic_regression,-0.26341679306061583,success,
951,apk_cluster,doubly_robust,-0.2746513720102577,success,
952,row,psm,-0.237971812732869,success,
952,row,logistic_regression,-0.21872685468711492,success,
952,row,doubly_robust,-0.23750497506126986,success,
952,apk_cluster,psm,-0.37530344715973457,success,
952,apk_cluster,logistic_regression,-0.26937722642526307,success,
952,apk_cluster,doubly_robust,-0.28740949621683043,success,
953,row,psm,-0.1770613964036935,success,
953,row,logistic_regression,-0.21767037033908737,success,
953,row,doubly_robust,-0.2335074631422986,success,
953,apk_cluster,psm,-0.25293132328308204,success,
953,apk_cluster,logistic_regression,-0.20175454840984486,success,
953,apk_cluster,doubly_robust,-0.21432554509985838,success,
954,row,psm,-0.27490685242183704,success,
954,row,logistic_regression,-0.25197253089399013,success,
954,row,doubly_robust,-0.26803674953131,success,
954,apk_cluster,psm,-0.39572021718300865,success,
954,apk_cluster,logistic_regression,-0.2241134987759393,success,
954,apk_cluster,doubly_robust,-0.23752620146577652,success,
955,row,psm,-0.3469949781305686,success,
955,row,logistic_regression,-0.2652132213771296,success,
955,row,doubly_robust,-0.2791013313889623,success,
955,apk_cluster,psm,-0.31011718105297903,success,
955,apk_cluster,logistic_regression,-0.2405616625965302,success,
955,apk_cluster,doubly_robust,-0.2596531626219726,success,
956,row,psm,-0.1968248825530536,success,
956,row,logistic_regression,-0.22402667739727095,success,
956,row,doubly_robust,-0.2384390964279773,success,
956,apk_cluster,psm,-0.3601431238332296,success,
956,apk_cluster,logistic_regression,-0.21585105512158115,success,
956,apk_cluster,doubly_robust,-0.24944395965791005,success,
957,row,psm,-0.25336141260327233,success,
957,row,logistic_regression,-0.24508766110753094,success,
957,row,doubly_robust,-0.257632998217241,success,
957,apk_cluster,psm,-0.16860831234256926,success,
957,apk_cluster,logistic_regression,-0.18126728903485625,success,
957,apk_cluster,doubly_robust,-0.20099094782082294,success,
958,row,psm,-0.25951725255143365,success,
958,row,logistic_regression,-0.20276654624958187,success,
958,row,doubly_robust,-0.2179945789726221,success,
958,apk_cluster,psm,-0.36138691883372737,success,
958,apk_cluster,logistic_regression,-0.25247869242943227,success,
958,apk_cluster,doubly_robust,-0.2630851977997504,success,
959,row,psm,-0.2862465575895027,success,
959,row,logistic_regression,-0.21390318501924047,success,
959,row,doubly_robust,-0.22567527268531945,success,
959,apk_cluster,psm,-0.28627903146104433,success,
959,apk_cluster,logistic_regression,-0.26978895558026167,success,
959,apk_cluster,doubly_robust,-0.27121812529265965,success,
960,row,psm,-0.25562935363680545,success,
960,row,logistic_regression,-0.23599790705615295,success,
960,row,doubly_robust,-0.25753177908949954,success,
960,apk_cluster,psm,-0.24715615305067218,success,
960,apk_cluster,logistic_regression,-0.1928047741751552,success,
960,apk_cluster,doubly_robust,-0.2574716461425491,success,
961,row,psm,-0.1325125546735785,success,
961,row,logistic_regression,-0.2168843638925564,success,
961,row,doubly_robust,-0.23206983532240685,success,
961,apk_cluster,psm,-0.33172129679383844,success,
961,apk_cluster,logistic_regression,-0.21715887660620264,success,
961,apk_cluster,doubly_robust,-0.2190249104038511,success,
962,row,psm,-0.2902964522922404,success,
962,row,logistic_regression,-0.22293142650874626,success,
962,row,doubly_robust,-0.2402946512682938,success,
962,apk_cluster,psm,-0.27422907488986786,success,
962,apk_cluster,logistic_regression,-0.2314348377670583,success,
962,apk_cluster,doubly_robust,-0.2320408158230937,success,
963,row,psm,-0.2724769156001944,success,
963,row,logistic_regression,-0.2324555458723667,success,
963,row,doubly_robust,-0.25001625976098824,success,
963,apk_cluster,psm,-0.16225779275484417,success,
963,apk_cluster,logistic_regression,-0.24353081108756056,success,
963,apk_cluster,doubly_robust,-0.25220728484070454,success,
964,row,psm,-0.2783087639721367,success,
964,row,logistic_regression,-0.21278831150186162,success,
964,row,doubly_robust,-0.22485160178611444,success,
964,apk_cluster,psm,-0.27571948395633483,success,
964,apk_cluster,logistic_regression,-0.21379121579547689,success,
964,apk_cluster,doubly_robust,-0.2130568813664372,success,
965,row,psm,-0.2723149198120849,success,
965,row,logistic_regression,-0.25237939595864567,success,
965,row,doubly_robust,-0.2682704249300927,success,
965,apk_cluster,psm,-0.2900367769976597,success,
965,apk_cluster,logistic_regression,-0.2165019239931124,success,
965,apk_cluster,doubly_robust,-0.2378366439554863,success,
966,row,psm,-0.26470111777093797,success,
966,row,logistic_regression,-0.24209695347857915,success,
966,row,doubly_robust,-0.2569432776382965,success,
966,apk_cluster,psm,-0.34579285361435863,success,
966,apk_cluster,logistic_regression,-0.18459006067098105,success,
966,apk_cluster,doubly_robust,-0.19012410702915805,success,
967,row,psm,-0.2809006965818889,success,
967,row,logistic_regression,-0.2079205416253397,success,
967,row,doubly_robust,-0.2222992628869871,success,
967,apk_cluster,psm,-0.30793956927033106,success,
967,apk_cluster,logistic_regression,-0.21239207094373308,success,
967,apk_cluster,doubly_robust,-0.2425847401029203,success,
968,row,psm,-0.2779847723959177,success,
968,row,logistic_regression,-0.23982807420759694,success,
968,row,doubly_robust,-0.2542804717965437,success,
968,apk_cluster,psm,-0.2973096215230278,success,
968,apk_cluster,logistic_regression,-0.2167868916115928,success,
968,apk_cluster,doubly_robust,-0.23422199986955652,success,
969,row,psm,-0.22420217074356066,success,
969,row,logistic_regression,-0.2633541983322474,success,
969,row,doubly_robust,-0.27807259604282647,success,
969,apk_cluster,psm,-0.23543495610534718,success,
969,apk_cluster,logistic_regression,-0.21928919005114655,success,
969,apk_cluster,doubly_robust,-0.22089158256035057,success,
970,row,psm,-0.24428964846913975,success,
970,row,logistic_regression,-0.26444988751654486,success,
970,row,doubly_robust,-0.27511965873902894,success,
970,apk_cluster,psm,-0.28069610054785693,success,
970,apk_cluster,logistic_regression,-0.24462923030002254,success,
970,apk_cluster,doubly_robust,-0.2578003756908913,success,
971,row,psm,-0.159403855499757,success,
971,row,logistic_regression,-0.20916369563938872,success,
971,row,doubly_robust,-0.2231069813538846,success,
971,apk_cluster,psm,-0.2674031476997579,success,
971,apk_cluster,logistic_regression,-0.22062822115318978,success,
971,apk_cluster,doubly_robust,-0.2252521351089218,success,
972,row,psm,-0.25838328203466704,success,
972,row,logistic_regression,-0.20394558645922295,success,
972,row,doubly_robust,-0.21428058787804508,success,
972,apk_cluster,psm,-0.31178840427395343,success,
972,apk_cluster,logistic_regression,-0.23411684295730448,success,
972,apk_cluster,doubly_robust,-0.2660019951997977,success,
973,row,psm,-0.2600032399157622,success,
973,row,logistic_regression,-0.22052362084594673,success,
973,row,doubly_robust,-0.23319692103826514,success,
973,apk_cluster,psm,-0.4086003652664785,success,
973,apk_cluster,logistic_regression,-0.1833743283071557,success,
973,apk_cluster,doubly_robust,-0.19519509423392942,success,
974,row,psm,-0.24347966952859226,success,
974,row,logistic_regression,-0.21113059309437274,success,
974,row,doubly_robust,-0.22782380661465176,success,
974,apk_cluster,psm,-0.29883002924926877,success,
974,apk_cluster,logistic_regression,-0.26183593720068926,success,
974,apk_cluster,doubly_robust,-0.27996892718963007,success,
975,row,psm,-0.2919164101733355,success,
975,row,logistic_regression,-0.23259149874666538,success,
975,row,doubly_robust,-0.24905017645053185,success,
975,apk_cluster,psm,-0.4077033722231101,success,
975,apk_cluster,logistic_regression,-0.22174006056115675,success,
975,apk_cluster,doubly_robust,-0.23379762948016372,success,
976,row,psm,-0.24461364004535882,success,
976,row,logistic_regression,-0.21142464753276,success,
976,row,doubly_robust,-0.22671842737423467,success,
976,apk_cluster,psm,-0.3443128346584456,success,
976,apk_cluster,logistic_regression,-0.19211627195155198,success,
976,apk_cluster,doubly_robust,-0.20087800303984263,success,
977,row,psm,-0.2715049408715373,success,
977,row,logistic_regression,-0.20722169562980688,success,
977,row,doubly_robust,-0.2266262873935126,success,
977,apk_cluster,psm,-0.2833014659018483,success,
977,apk_cluster,logistic_regression,-0.18503737369974071,success,
977,apk_cluster,doubly_robust,-0.20858653470123656,success,
978,row,psm,-0.27928073870079373,success,
978,row,logistic_regression,-0.2079808216841194,success,
978,row,doubly_robust,-0.22032874408770012,success,
978,apk_cluster,psm,-0.3194444444444444,success,
978,apk_cluster,logistic_regression,-0.22804529316416886,success,
978,apk_cluster,doubly_robust,-0.23808003105525044,success,
979,row,psm,-0.17932933743722662,success,
979,row,logistic_regression,-0.2136861344081183,success,
979,row,doubly_robust,-0.2280544517402308,success,
979,apk_cluster,psm,-0.3233454066513007,success,
979,apk_cluster,logistic_regression,-0.18962046432187724,success,
979,apk_cluster,doubly_robust,-0.21983663229193853,success,
980,row,psm,-0.292402397537664,success,
980,row,logistic_regression,-0.18475456764146467,success,
980,row,doubly_robust,-0.1986591956545951,success,
980,apk_cluster,psm,-0.3247551054291881,success,
980,apk_cluster,logistic_regression,-0.19302860862564092,success,
980,apk_cluster,doubly_robust,-0.2127897483169342,success,
981,row,psm,-0.3340353150818079,success,
981,row,logistic_regression,-0.21590074882054558,success,
981,row,doubly_robust,-0.22753102654754856,success,
981,apk_cluster,psm,-0.2150432370696688,success,
981,apk_cluster,logistic_regression,-0.2400461303684678,success,
981,apk_cluster,doubly_robust,-0.2556412482685413,success,
982,row,psm,-0.27199092823586585,success,
982,row,logistic_regression,-0.2271384179449992,success,
982,row,doubly_robust,-0.24212820287212827,success,
982,apk_cluster,psm,-0.21443137254901962,success,
982,apk_cluster,logistic_regression,-0.20332513172445243,success,
982,apk_cluster,doubly_robust,-0.21417744355961787,success,
983,row,psm,-0.28187267131054594,success,
983,row,logistic_regression,-0.23684997417100617,success,
983,row,doubly_robust,-0.25301217094593753,success,
983,apk_cluster,psm,-0.3780074277409979,success,
983,apk_cluster,logistic_regression,-0.3640495493629942,success,
983,apk_cluster,doubly_robust,-0.3751235258779482,success,
984,row,psm,-0.28559857443706466,success,
984,row,logistic_regression,-0.1905087461184296,success,
984,row,doubly_robust,-0.20804659512500437,success,
984,apk_cluster,psm,-0.2767152131952974,success,
984,apk_cluster,logistic_regression,-0.2183659910444536,success,
984,apk_cluster,doubly_robust,-0.21487698595912358,success,
985,row,psm,-0.2405637453426211,success,
985,row,logistic_regression,-0.23175889704875663,success,
985,row,doubly_robust,-0.24327859502850466,success,
985,apk_cluster,psm,-0.3200315457413249,success,
985,apk_cluster,logistic_regression,-0.1966035113129679,success,
985,apk_cluster,doubly_robust,-0.24312219689505296,success,
986,row,psm,-0.2849505912846266,success,
986,row,logistic_regression,-0.23820137935388058,success,
986,row,doubly_robust,-0.25725826853295053,success,
986,apk_cluster,psm,-0.2946815089672232,success,
986,apk_cluster,logistic_regression,-0.1744433598822499,success,
986,apk_cluster,doubly_robust,-0.23818717852021448,success,
987,row,psm,-0.3550947675360441,success,
987,row,logistic_regression,-0.23502741755657122,success,
987,row,doubly_robust,-0.2507786904804973,success,
987,apk_cluster,psm,-0.3144042111979582,success,
987,apk_cluster,logistic_regression,-0.18969101897178786,success,
987,apk_cluster,doubly_robust,-0.23702496851790336,success,
988,row,psm,-0.26162319779685733,success,
988,row,logistic_regression,-0.21635686676433238,success,
988,row,doubly_robust,-0.23465348109821868,success,
988,apk_cluster,psm,-0.1873355551657604,success,
988,apk_cluster,logistic_regression,-0.25835886638645494,success,
988,apk_cluster,doubly_robust,-0.2672228101864254,success,
989,row,psm,-0.3000161995788109,success,
989,row,logistic_regression,-0.225940955179032,success,
989,row,doubly_robust,-0.2377624145828848,success,
989,apk_cluster,psm,-0.2800986842105263,success,
989,apk_cluster,logistic_regression,-0.23905094236610827,success,
989,apk_cluster,doubly_robust,-0.251997673449584,success,
990,row,psm,-0.20897456666126682,success,
990,row,logistic_regression,-0.2372805687127659,success,
990,row,doubly_robust,-0.2515824267171523,success,
990,apk_cluster,psm,-0.37873701039168667,success,
990,apk_cluster,logistic_regression,-0.2502528022406025,success,
990,apk_cluster,doubly_robust,-0.2488825862160283,success,
991,row,psm,-0.24331767374048274,success,
991,row,logistic_regression,-0.1946058194831668,success,
991,row,doubly_robust,-0.20694162078068726,success,
991,apk_cluster,psm,-0.3139931740614334,success,
991,apk_cluster,logistic_regression,-0.19802154618687323,success,
991,apk_cluster,doubly_robust,-0.22683333646223716,success,
992,row,psm,-0.31961768994006157,success,
992,row,logistic_regression,-0.21585231793575216,success,
992,row,doubly_robust,-0.2400285982642661,success,
992,apk_cluster,psm,-0.31040679627511847,success,
992,apk_cluster,logistic_regression,-0.23043228318951053,success,
992,apk_cluster,doubly_robust,-0.23523878412787322,success,
993,row,psm,-0.2737728819050705,success,
993,row,logistic_regression,-0.1661527503180379,success,
993,row,doubly_robust,-0.18375267817798147,success,
993,apk_cluster,psm,-0.2818061964403428,success,
993,apk_cluster,logistic_regression,-0.1979633978472489,success,
993,apk_cluster,doubly_robust,-0.23890425097673754,success,
994,row,psm,-0.2580592904584481,success,
994,row,logistic_regression,-0.19995783474232426,success,
994,row,doubly_robust,-0.2137661733737565,success,
994,apk_cluster,psm,-0.2866615265998458,success,
994,apk_cluster,logistic_regression,-0.1672363889069067,success,
994,apk_cluster,doubly_robust,-0.1981424469628366,success,
995,row,psm,-0.22258221286246557,success,
995,row,logistic_regression,-0.2252126785392375,success,
995,row,doubly_robust,-0.24055549108616764,success,
995,apk_cluster,psm,-0.2989601386481802,success,
995,apk_cluster,logistic_regression,-0.1401444762400139,success,
995,apk_cluster,doubly_robust,-0.16458053672443215,success,
996,row,psm,-0.20443868459420056,success,
996,row,logistic_regression,-0.19934808553375705,success,
996,row,doubly_robust,-0.21531150431497376,success,
996,apk_cluster,psm,-0.23365384615384616,success,
996,apk_cluster,logistic_regression,-0.2155372494244835,success,
996,apk_cluster,doubly_robust,-0.23331387988133462,success,
997,row,psm,-0.27004697877855177,success,
997,row,logistic_regression,-0.21047820663220293,success,
997,row,doubly_robust,-0.22459200391255904,success,
997,apk_cluster,psm,-0.26836902800658985,success,
997,apk_cluster,logistic_regression,-0.23095012594523484,success,
997,apk_cluster,doubly_robust,-0.22858250174255024,success,
998,row,psm,-0.23942977482585448,success,
998,row,logistic_regression,-0.23926220670697543,success,
998,row,doubly_robust,-0.2534863988381232,success,
998,apk_cluster,psm,-0.2923289564616448,success,
998,apk_cluster,logistic_regression,-0.2369572138747229,success,
998,apk_cluster,doubly_robust,-0.2428841201684144,success,
999,row,psm,-0.27020897456666126,success,
999,row,logistic_regression,-0.22000839834819733,success,
999,row,doubly_robust,-0.24027348943421573,success,
999,apk_cluster,psm,-0.2985003190810466,success,
999,apk_cluster,logistic_regression,-0.19376157485379347,success,
999,apk_cluster,doubly_robust,-0.22391572595152492,success,
