source_alert_id,apk_id,reporting_policy,reporting_scope,verdict,app_popularity_encoded,apk_size_scaled,propensity_score,in_common_support,psm_ate_weight,aipw_ate_weight
0,ch.gooods::358,1,developer_plus_third_party,1,1,-0.3966316853384277,0.898937653187333,True,0.00016199578810950914,1.112424200337291
1,ch.gooods::358,1,developer_plus_third_party,1,1,-0.3966316853384277,0.898937653187333,True,0.00016199578810950914,1.112424200337291
2,ch.gooods::358,1,developer_plus_third_party,1,1,-0.3966316853384277,0.898937653187333,True,0.00016199578810950914,1.112424200337291
3,ch.gooods::358,1,developer_plus_third_party,0,1,-0.3966316853384277,0.898937653187333,True,0.00016199578810950914,1.112424200337291
4,ch.gooods::358,1,developer_plus_third_party,0,1,-0.3966316853384277,0.898937653187333,True,0.00016199578810950914,1.112424200337291
5,ch.gooods::358,1,developer_plus_third_party,0,1,-0.3966316853384277,0.898937653187333,True,0.00016199578810950914,1.112424200337291
6,ch.gooods::358,1,developer_plus_third_party,0,1,-0.3966316853384277,0.898937653187333,True,0.00016199578810950914,1.112424200337291
7,ch.gooods::358,1,developer_plus_third_party,0,1,-0.3966316853384277,0.898937653187333,True,0.00016199578810950914,1.112424200337291
8,ch.gooods::358,1,developer_plus_third_party,1,1,-0.3966316853384277,0.898937653187333,True,0.00016199578810950914,1.112424200337291
9,ch.gooods::358,1,developer_plus_third_party,0,1,-0.3966316853384277,0.898937653187333,True,0.00016199578810950914,1.112424200337291
10,ch.gooods::358,1,developer_plus_third_party,1,1,-0.3966316853384277,0.898937653187333,True,0.00016199578810950914,1.112424200337291
11,ch.gooods::358,1,developer_plus_third_party,0,1,-0.3966316853384277,0.898937653187333,True,0.00016199578810950914,1.112424200337291
12,ch.gooods::358,1,developer_plus_third_party,0,1,-0.3966316853384277,0.898937653187333,True,0.00016199578810950914,1.112424200337291
13,ch.gooods::358,1,developer_plus_third_party,1,1,-0.3966316853384277,0.898937653187333,True,0.00016199578810950914,1.112424200337291
14,ch.gooods::358,1,developer_plus_third_party,1,1,-0.3966316853384277,0.898937653187333,True,0.00016199578810950914,1.112424200337291
15,ch.gooods::358,1,developer_plus_third_party,0,1,-0.3966316853384277,0.898937653187333,True,0.00016199578810950914,1.112424200337291
16,ch.gooods::358,1,developer_plus_third_party,1,1,-0.3966316853384277,0.898937653187333,True,0.00016199578810950914,1.112424200337291
17,ch.gooods::358,1,developer_plus_third_party,1,1,-0.3966316853384277,0.898937653187333,True,0.00016199578810950914,1.112424200337291
18,ch.gooods::358,1,developer_plus_third_party,0,1,-0.3966316853384277,0.898937653187333,True,0.00016199578810950914,1.112424200337291
19,ch.gooods::358,1,developer_plus_third_party,0,1,-0.3966316853384277,0.898937653187333,True,0.00016199578810950914,1.112424200337291
20,ch.gooods::358,1,developer_plus_third_party,0,1,-0.3966316853384277,0.898937653187333,True,0.00016199578810950914,1.112424200337291
21,ch.gooods::358,1,developer_plus_third_party,0,1,-0.3966316853384277,0.898937653187333,True,0.00016199578810950914,1.112424200337291
22,ch.gooods::358,1,developer_plus_third_party,0,1,-0.3966316853384277,0.898937653187333,True,0.00016199578810950914,1.112424200337291
23,ch.gooods::358,1,developer_plus_third_party,0,1,-0.3966316853384277,0.898937653187333,True,0.00016199578810950914,1.112424200337291
24,ch.gooods::358,1,developer_plus_third_party,1,1,-0.3966316853384277,0.898937653187333,True,0.00016199578810950914,1.112424200337291
25,ch.gooods::358,1,developer_plus_third_party,0,1,-0.3966316853384277,0.898937653187333,True,0.00016199578810950914,1.112424200337291
26,ch.gooods::358,1,developer_plus_third_party,1,1,-0.3966316853384277,0.898937653187333,True,0.00016199578810950914,1.112424200337291
27,ch.gooods::358,1,developer_plus_third_party,0,1,-0.3966316853384277,0.898937653187333,True,0.00016199578810950914,1.112424200337291
28,ch.gooods::358,1,developer_plus_third_party,0,1,-0.3966316853384277,0.898937653187333,True,0.00016199578810950914,1.112424200337291
29,ch.gooods::358,1,developer_plus_third_party,0,1,-0.3966316853384277,0.898937653187333,True,0.00016199578810950914,1.112424200337291
30,ch.gooods::358,1,developer_plus_third_party,1,1,-0.3966316853384277,0.898937653187333,True,0.00016199578810950914,1.112424200337291
31,ch.gooods::358,1,developer_plus_third_party,0,1,-0.3966316853384277,0.898937653187333,True,0.00016199578810950914,1.112424200337291
32,ch.gooods::358,1,developer_plus_third_party,1,1,-0.3966316853384277,0.898937653187333,True,0.00016199578810950914,1.112424200337291
33,ch.gooods::358,1,developer_plus_third_party,0,1,-0.3966316853384277,0.898937653187333,True,0.00016199578810950914,1.112424200337291
34,ch.gooods::358,1,developer_plus_third_party,0,1,-0.3966316853384277,0.898937653187333,True,0.00016199578810950914,1.112424200337291
35,ch.gooods::358,1,developer_plus_third_party,0,1,-0.3966316853384277,0.898937653187333,True,0.00016199578810950914,1.112424200337291
36,ch.gooods::358,1,developer_plus_third_party,0,1,-0.3966316853384277,0.898937653187333,True,0.00016199578810950914,1.112424200337291
37,ch.gooods::358,1,developer_plus_third_party,0,1,-0.3966316853384277,0.898937653187333,True,0.00016199578810950914,1.112424200337291
38,ch.gooods::358,1,developer_plus_third_party,0,1,-0.3966316853384277,0.898937653187333,True,0.00016199578810950914,1.112424200337291
39,ch.gooods::358,1,developer_plus_third_party,0,1,-0.3966316853384277,0.898937653187333,True,0.00016199578810950914,1.112424200337291
40,ch.gooods::358,1,developer_plus_third_party,0,1,-0.3966316853384277,0.898937653187333,True,0.00016199578810950914,1.112424200337291
41,com.aiobhd.statussaver::3,1,developer_plus_third_party,1,1,-0.19280722250086624,0.9009597905281752,True,0.00016199578810950914,1.1099274468328535
42,com.aiobhd.statussaver::3,1,developer_plus_third_party,1,1,-0.19280722250086624,0.9009597905281752,True,0.00016199578810950914,1.1099274468328535
43,com.aiobhd.statussaver::3,1,developer_plus_third_party,0,1,-0.19280722250086624,0.9009597905281752,True,0.00016199578810950914,1.1099274468328535
44,com.aiobhd.statussaver::3,1,developer_plus_third_party,0,1,-0.19280722250086624,0.9009597905281752,True,0.00016199578810950914,1.1099274468328535
45,com.aiobhd.statussaver::3,1,developer_plus_third_party,1,1,-0.19280722250086624,0.9009597905281752,True,0.00016199578810950914,1.1099274468328535
46,com.aiobhd.statussaver::3,1,developer_plus_third_party,1,1,-0.19280722250086624,0.9009597905281752,True,0.00016199578810950914,1.1099274468328535
47,com.aiobhd.statussaver::3,1,developer_plus_third_party,0,1,-0.19280722250086624,0.9009597905281752,True,0.00016199578810950914,1.1099274468328535
48,com.aiobhd.statussaver::3,1,developer_plus_third_party,0,1,-0.19280722250086624,0.9009597905281752,True,0.00016199578810950914,1.1099274468328535
49,com.aiobhd.statussaver::3,1,developer_plus_third_party,0,1,-0.19280722250086624,0.9009597905281752,True,0.00016199578810950914,1.1099274468328535
50,com.aiobhd.statussaver::3,1,developer_plus_third_party,1,1,-0.19280722250086624,0.9009597905281752,True,0.00016199578810950914,1.1099274468328535
51,com.aiobhd.statussaver::3,1,developer_plus_third_party,0,1,-0.19280722250086624,0.9009597905281752,True,0.00016199578810950914,1.1099274468328535
52,com.aiobhd.statussaver::3,1,developer_plus_third_party,1,1,-0.19280722250086624,0.9009597905281752,True,0.00016199578810950914,1.1099274468328535
53,com.aiobhd.statussaver::3,1,developer_plus_third_party,1,1,-0.19280722250086624,0.9009597905281752,True,0.00016199578810950914,1.1099274468328535
54,com.aiobhd.statussaver::3,1,developer_plus_third_party,0,1,-0.19280722250086624,0.9009597905281752,True,0.00016199578810950914,1.1099274468328535
55,com.aiobhd.statussaver::3,1,developer_plus_third_party,0,1,-0.19280722250086624,0.9009597905281752,True,0.00016199578810950914,1.1099274468328535
56,com.ali.pashtodictionary.apps::320,1,developer_plus_third_party,1,1,-0.10458097377729794,0.9018238608712913,True,0.00016199578810950914,1.1088639848516055
57,com.apptegy.iberia::23,1,developer_plus_third_party,0,1,-0.21035847887985953,0.900787091781819,True,0.00016199578810950914,1.1101402419321207
58,com.apptegy.iberia::23,1,developer_plus_third_party,1,1,-0.21035847887985953,0.900787091781819,True,0.00016199578810950914,1.1101402419321207
59,com.apptegy.iberia::23,1,developer_plus_third_party,0,1,-0.21035847887985953,0.900787091781819,True,0.00016199578810950914,1.1101402419321207
60,com.apptegy.iberia::23,1,developer_plus_third_party,1,1,-0.21035847887985953,0.900787091781819,True,0.00016199578810950914,1.1101402419321207
61,com.apptegy.iberia::23,1,developer_plus_third_party,0,1,-0.21035847887985953,0.900787091781819,True,0.00016199578810950914,1.1101402419321207
62,com.apptegy.iberia::23,1,developer_plus_third_party,1,1,-0.21035847887985953,0.900787091781819,True,0.00016199578810950914,1.1101402419321207
63,com.apptegy.iberia::23,1,developer_plus_third_party,1,1,-0.21035847887985953,0.900787091781819,True,0.00016199578810950914,1.1101402419321207
64,com.apptegy.iberia::23,1,developer_plus_third_party,1,1,-0.21035847887985953,0.900787091781819,True,0.00016199578810950914,1.1101402419321207
65,com.apptegy.iberia::23,1,developer_plus_third_party,0,1,-0.21035847887985953,0.900787091781819,True,0.00016199578810950914,1.1101402419321207
66,com.apptegy.iberia::23,1,developer_plus_third_party,0,1,-0.21035847887985953,0.900787091781819,True,0.00016199578810950914,1.1101402419321207
67,com.apptegy.iberia::23,1,developer_plus_third_party,0,1,-0.21035847887985953,0.900787091781819,True,0.00016199578810950914,1.1101402419321207
68,com.apptegy.iberia::23,1,developer_plus_third_party,0,1,-0.21035847887985953,0.900787091781819,True,0.00016199578810950914,1.1101402419321207
69,com.apptegy.iberia::23,1,developer_plus_third_party,0,1,-0.21035847887985953,0.900787091781819,True,0.00016199578810950914,1.1101402419321207
70,com.apptegy.iberia::23,1,developer_plus_third_party,0,1,-0.21035847887985953,0.900787091781819,True,0.00016199578810950914,1.1101402419321207
71,com.apptegy.iberia::23,1,developer_plus_third_party,1,1,-0.21035847887985953,0.900787091781819,True,0.00016199578810950914,1.1101402419321207
72,com.apptegy.iberia::23,1,developer_plus_third_party,1,1,-0.21035847887985953,0.900787091781819,True,0.00016199578810950914,1.1101402419321207
73,com.apptegy.iberia::23,1,developer_plus_third_party,0,1,-0.21035847887985953,0.900787091781819,True,0.00016199578810950914,1.1101402419321207
74,com.apptegy.iberia::23,1,developer_plus_third_party,0,1,-0.21035847887985953,0.900787091781819,True,0.00016199578810950914,1.1101402419321207
75,com.apptegy.iberia::23,1,developer_plus_third_party,1,1,-0.21035847887985953,0.900787091781819,True,0.00016199578810950914,1.1101402419321207
76,com.apptegy.iberia::23,1,developer_plus_third_party,1,1,-0.21035847887985953,0.900787091781819,True,0.00016199578810950914,1.1101402419321207
77,com.apptegy.iberia::23,1,developer_plus_third_party,0,1,-0.21035847887985953,0.900787091781819,True,0.00016199578810950914,1.1101402419321207
78,com.apptegy.iberia::23,1,developer_plus_third_party,1,1,-0.21035847887985953,0.900787091781819,True,0.00016199578810950914,1.1101402419321207
79,com.apptegy.iberia::23,1,developer_plus_third_party,0,1,-0.21035847887985953,0.900787091781819,True,0.00016199578810950914,1.1101402419321207
80,com.appworkout.fitbutler.demo::1277,1,developer_plus_third_party,0,1,-0.3780357701731377,0.8991236513935041,True,0.00016199578810950914,1.1121940774777228
81,com.appworkout.fitbutler.demo::1277,1,developer_plus_third_party,1,1,-0.3780357701731377,0.8991236513935041,True,0.00016199578810950914,1.1121940774777228
82,com.appworkout.fitbutler.demo::1277,1,developer_plus_third_party,0,1,-0.3780357701731377,0.8991236513935041,True,0.00016199578810950914,1.1121940774777228
83,com.appworkout.fitbutler.demo::1277,1,developer_plus_third_party,0,1,-0.3780357701731377,0.8991236513935041,True,0.00016199578810950914,1.1121940774777228
84,com.appworkout.fitbutler.demo::1277,1,developer_plus_third_party,0,1,-0.3780357701731377,0.8991236513935041,True,0.00016199578810950914,1.1121940774777228
85,com.appworkout.fitbutler.demo::1277,1,developer_plus_third_party,0,1,-0.3780357701731377,0.8991236513935041,True,0.00016199578810950914,1.1121940774777228
86,com.appworkout.fitbutler.demo::1277,1,developer_plus_third_party,1,1,-0.3780357701731377,0.8991236513935041,True,0.00016199578810950914,1.1121940774777228
87,com.appworkout.fitbutler.demo::1277,1,developer_plus_third_party,1,1,-0.3780357701731377,0.8991236513935041,True,0.00016199578810950914,1.1121940774777228
88,com.appworkout.fitbutler.demo::1277,1,developer_plus_third_party,0,1,-0.3780357701731377,0.8991236513935041,True,0.00016199578810950914,1.1121940774777228
89,com.appworkout.fitbutler.demo::1277,1,developer_plus_third_party,1,1,-0.3780357701731377,0.8991236513935041,True,0.00016199578810950914,1.1121940774777228
90,com.appworkout.fitbutler.demo::1277,1,developer_plus_third_party,1,1,-0.3780357701731377,0.8991236513935041,True,0.00016199578810950914,1.1121940774777228
91,com.appworkout.fitbutler.demo::1277,1,developer_plus_third_party,0,1,-0.3780357701731377,0.8991236513935041,True,0.00016199578810950914,1.1121940774777228
92,com.appworkout.fitbutler.demo::1277,1,developer_plus_third_party,0,1,-0.3780357701731377,0.8991236513935041,True,0.00016199578810950914,1.1121940774777228
93,com.appworkout.fitbutler.demo::1277,1,developer_plus_third_party,0,1,-0.3780357701731377,0.8991236513935041,True,0.00016199578810950914,1.1121940774777228
94,com.appworkout.fitbutler.demo::1277,1,developer_plus_third_party,0,1,-0.3780357701731377,0.8991236513935041,True,0.00016199578810950914,1.1121940774777228
95,com.appworkout.fitbutler.demo::1277,1,developer_plus_third_party,0,1,-0.3780357701731377,0.8991236513935041,True,0.00016199578810950914,1.1121940774777228
96,com.appworkout.fitbutler.demo::1277,1,developer_plus_third_party,1,1,-0.3780357701731377,0.8991236513935041,True,0.00016199578810950914,1.1121940774777228
97,com.appworkout.fitbutler.demo::1277,1,developer_plus_third_party,0,1,-0.3780357701731377,0.8991236513935041,True,0.00016199578810950914,1.1121940774777228
98,com.appworkout.fitbutler.demo::1277,1,developer_plus_third_party,1,1,-0.3780357701731377,0.8991236513935041,True,0.00016199578810950914,1.1121940774777228
99,com.appworkout.fitbutler.demo::1277,1,developer_plus_third_party,0,1,-0.3780357701731377,0.8991236513935041,True,0.00016199578810950914,1.1121940774777228
100,com.appworkout.fitbutler.demo::1277,1,developer_plus_third_party,1,1,-0.3780357701731377,0.8991236513935041,True,0.00016199578810950914,1.1121940774777228
101,com.appworkout.fitbutler.demo::1277,1,developer_plus_third_party,0,1,-0.3780357701731377,0.8991236513935041,True,0.00016199578810950914,1.1121940774777228
102,com.appworkout.fitbutler.demo::1277,1,developer_plus_third_party,1,1,-0.3780357701731377,0.8991236513935041,True,0.00016199578810950914,1.1121940774777228
103,com.appworkout.fitbutler.demo::1277,1,developer_plus_third_party,1,1,-0.3780357701731377,0.8991236513935041,True,0.00016199578810950914,1.1121940774777228
104,com.appworkout.fitbutler.demo::1277,1,developer_plus_third_party,0,1,-0.3780357701731377,0.8991236513935041,True,0.00016199578810950914,1.1121940774777228
105,com.appworkout.fitbutler.demo::1277,1,developer_plus_third_party,0,1,-0.3780357701731377,0.8991236513935041,True,0.00016199578810950914,1.1121940774777228
106,com.appworkout.fitbutler.demo::1277,1,developer_plus_third_party,0,1,-0.3780357701731377,0.8991236513935041,True,0.00016199578810950914,1.1121940774777228
107,com.appworkout.fitbutler.demo::1277,1,developer_plus_third_party,1,1,-0.3780357701731377,0.8991236513935041,True,0.00016199578810950914,1.1121940774777228
108,com.appworkout.fitbutler.demo::1277,1,developer_plus_third_party,0,1,-0.3780357701731377,0.8991236513935041,True,0.00016199578810950914,1.1121940774777228
109,com.appworkout.fitbutler.demo::1277,1,developer_plus_third_party,0,1,-0.3780357701731377,0.8991236513935041,True,0.00016199578810950914,1.1121940774777228
110,com.appworkout.fitbutler.demo::1277,1,developer_plus_third_party,1,1,-0.3780357701731377,0.8991236513935041,True,0.00016199578810950914,1.1121940774777228
111,com.appworkout.fitbutler.demo::1277,1,developer_plus_third_party,1,1,-0.3780357701731377,0.8991236513935041,True,0.00016199578810950914,1.1121940774777228
112,com.avempace.smaart.doorphone::7365,1,developer_plus_third_party,0,1,0.7319153056469514,0.9096875923136429,True,0.00016199578810950914,1.0992784868667518
113,com.avempace.smaart.doorphone::7365,1,developer_plus_third_party,1,1,0.7319153056469514,0.9096875923136429,True,0.00016199578810950914,1.0992784868667518
114,com.avempace.smaart.doorphone::7365,1,developer_plus_third_party,0,1,0.7319153056469514,0.9096875923136429,True,0.00016199578810950914,1.0992784868667518
115,com.avempace.smaart.doorphone::7365,1,developer_plus_third_party,1,1,0.7319153056469514,0.9096875923136429,True,0.0006479831524380366,1.0992784868667518
116,com.avempace.smaart.doorphone::7365,1,developer_plus_third_party,1,1,0.7319153056469514,0.9096875923136429,True,0.00016199578810950914,1.0992784868667518
117,com.avempace.smaart.doorphone::7365,1,developer_plus_third_party,0,1,0.7319153056469514,0.9096875923136429,True,0.00016199578810950914,1.0992784868667518
118,com.avempace.smaart.doorphone::7365,1,developer_plus_third_party,1,1,0.7319153056469514,0.9096875923136429,True,0.00016199578810950914,1.0992784868667518
119,com.avempace.smaart.doorphone::7365,1,developer_plus_third_party,1,1,0.7319153056469514,0.9096875923136429,True,0.00016199578810950914,1.0992784868667518
120,com.avempace.smaart.doorphone::7365,1,developer_plus_third_party,0,1,0.7319153056469514,0.9096875923136429,True,0.00016199578810950914,1.0992784868667518
121,com.avempace.smaart.doorphone::7365,1,developer_plus_third_party,0,1,0.7319153056469514,0.9096875923136429,True,0.00016199578810950914,1.0992784868667518
122,com.avempace.smaart.doorphone::7365,1,developer_plus_third_party,0,1,0.7319153056469514,0.9096875923136429,True,0.00016199578810950914,1.0992784868667518
123,com.avempace.smaart.doorphone::7365,1,developer_plus_third_party,0,1,0.7319153056469514,0.9096875923136429,True,0.00016199578810950914,1.0992784868667518
124,com.avempace.smaart.doorphone::7365,1,developer_plus_third_party,0,1,0.7319153056469514,0.9096875923136429,True,0.00016199578810950914,1.0992784868667518
125,com.avempace.smaart.doorphone::7365,1,developer_plus_third_party,1,1,0.7319153056469514,0.9096875923136429,True,0.00016199578810950914,1.0992784868667518
126,com.avempace.smaart.doorphone::7365,1,developer_plus_third_party,1,1,0.7319153056469514,0.9096875923136429,True,0.00016199578810950914,1.0992784868667518
127,com.avempace.smaart.doorphone::7365,1,developer_plus_third_party,0,1,0.7319153056469514,0.9096875923136429,True,0.00016199578810950914,1.0992784868667518
128,com.cta.liquorestorehash::46,1,developer_plus_third_party,1,1,0.32454612930918736,0.9059314536628937,True,0.00016199578810950914,1.1038362736570908
129,com.cta.liquorestorehash::46,1,developer_plus_third_party,1,1,0.32454612930918736,0.9059314536628937,True,0.0004859873643285274,1.1038362736570908
130,com.cta.liquorestorehash::46,1,developer_plus_third_party,1,1,0.32454612930918736,0.9059314536628937,True,0.00016199578810950914,1.1038362736570908
131,com.cta.liquorestorehash::46,1,developer_plus_third_party,1,1,0.32454612930918736,0.9059314536628937,True,0.00016199578810950914,1.1038362736570908
132,com.cta.liquorestorehash::46,1,developer_plus_third_party,1,1,0.32454612930918736,0.9059314536628937,True,0.00016199578810950914,1.1038362736570908
133,com.cta.liquorestorehash::46,1,developer_plus_third_party,0,1,0.32454612930918736,0.9059314536628937,True,0.00016199578810950914,1.1038362736570908
134,com.cta.liquorestorehash::46,1,developer_plus_third_party,1,1,0.32454612930918736,0.9059314536628937,True,0.00016199578810950914,1.1038362736570908
135,com.cta.liquorestorehash::46,1,developer_plus_third_party,1,1,0.32454612930918736,0.9059314536628937,True,0.00016199578810950914,1.1038362736570908
136,com.cta.liquorestorehash::46,1,developer_plus_third_party,1,1,0.32454612930918736,0.9059314536628937,True,0.00016199578810950914,1.1038362736570908
137,com.cta.liquorestorehash::46,1,developer_plus_third_party,1,1,0.32454612930918736,0.9059314536628937,True,0.00016199578810950914,1.1038362736570908
138,com.cta.liquorestorehash::46,1,developer_plus_third_party,1,1,0.32454612930918736,0.9059314536628937,True,0.00016199578810950914,1.1038362736570908
139,com.cta.liquorestorehash::46,1,developer_plus_third_party,0,1,0.32454612930918736,0.9059314536628937,True,0.00016199578810950914,1.1038362736570908
140,com.cta.liquorestorehash::46,1,developer_plus_third_party,1,1,0.32454612930918736,0.9059314536628937,True,0.00016199578810950914,1.1038362736570908
141,com.cta.liquorestorehash::46,1,developer_plus_third_party,0,1,0.32454612930918736,0.9059314536628937,True,0.00016199578810950914,1.1038362736570908
142,com.cta.liquorestorehash::46,1,developer_plus_third_party,0,1,0.32454612930918736,0.9059314536628937,True,0.00016199578810950914,1.1038362736570908
143,com.cta.liquorestorehash::46,1,developer_plus_third_party,0,1,0.32454612930918736,0.9059314536628937,True,0.00016199578810950914,1.1038362736570908
144,com.cta.liquorestorehash::46,1,developer_plus_third_party,0,1,0.32454612930918736,0.9059314536628937,True,0.00016199578810950914,1.1038362736570908
145,com.cta.liquorestorehash::46,1,developer_plus_third_party,0,1,0.32454612930918736,0.9059314536628937,True,0.00016199578810950914,1.1038362736570908
146,com.cta.liquorestorehash::46,1,developer_plus_third_party,0,1,0.32454612930918736,0.9059314536628937,True,0.00016199578810950914,1.1038362736570908
147,com.cta.liquorestorehash::46,1,developer_plus_third_party,0,1,0.32454612930918736,0.9059314536628937,True,0.00016199578810950914,1.1038362736570908
148,com.cta.liquorestorehash::46,1,developer_plus_third_party,0,1,0.32454612930918736,0.9059314536628937,True,0.00016199578810950914,1.1038362736570908
149,com.cta.liquorestorehash::46,1,developer_plus_third_party,0,1,0.32454612930918736,0.9059314536628937,True,0.00016199578810950914,1.1038362736570908
150,com.cta.liquorestorehash::46,1,developer_plus_third_party,0,1,0.32454612930918736,0.9059314536628937,True,0.00016199578810950914,1.1038362736570908
151,com.cta.liquorestorehash::46,1,developer_plus_third_party,0,1,0.32454612930918736,0.9059314536628937,True,0.00016199578810950914,1.1038362736570908
152,com.cta.liquorestorehash::46,1,developer_plus_third_party,0,1,0.32454612930918736,0.9059314536628937,True,0.00016199578810950914,1.1038362736570908
153,com.cta.liquorestorehash::46,1,developer_plus_third_party,0,1,0.32454612930918736,0.9059314536628937,True,0.00016199578810950914,1.1038362736570908
154,com.cta.liquorestorehash::46,1,developer_plus_third_party,0,1,0.32454612930918736,0.9059314536628937,True,0.00016199578810950914,1.1038362736570908
155,com.cta.liquorestorehash::46,1,developer_plus_third_party,0,1,0.32454612930918736,0.9059314536628937,True,0.00016199578810950914,1.1038362736570908
156,com.cta.liquorestorehash::46,1,developer_plus_third_party,0,1,0.32454612930918736,0.9059314536628937,True,0.00016199578810950914,1.1038362736570908
157,com.cta.liquorestorehash::46,1,developer_plus_third_party,0,1,0.32454612930918736,0.9059314536628937,True,0.00016199578810950914,1.1038362736570908
158,com.cta.liquorestorehash::46,1,developer_plus_third_party,0,1,0.32454612930918736,0.9059314536628937,True,0.00016199578810950914,1.1038362736570908
159,com.ec.kimersoft.secureapp::40,1,developer_plus_third_party,0,1,-0.39761050656515623,0.8989278544915138,True,0.00016199578810950914,1.1124363262340542
160,com.ec.kimersoft.secureapp::40,1,developer_plus_third_party,1,1,-0.39761050656515623,0.8989278544915138,True,0.00016199578810950914,1.1124363262340542
161,com.ec.kimersoft.secureapp::40,1,developer_plus_third_party,1,1,-0.39761050656515623,0.8989278544915138,True,0.00016199578810950914,1.1124363262340542
162,com.eduven.cg.norway::10,1,developer_plus_third_party,1,1,-0.126412997925936,0.9016106699400962,True,0.00016199578810950914,1.1091261819987566
163,com.eduven.cg.norway::10,1,developer_plus_third_party,1,1,-0.126412997925936,0.9016106699400962,True,0.00016199578810950914,1.1091261819987566
164,com.eduven.cg.norway::10,1,developer_plus_third_party,1,1,-0.126412997925936,0.9016106699400962,True,0.00016199578810950914,1.1091261819987566
165,com.eduven.cg.norway::10,1,developer_plus_third_party,1,1,-0.126412997925936,0.9016106699400962,True,0.00016199578810950914,1.1091261819987566
166,com.eduven.cg.norway::10,1,developer_plus_third_party,1,1,-0.126412997925936,0.9016106699400962,True,0.00016199578810950914,1.1091261819987566
167,com.eduven.cg.norway::10,1,developer_plus_third_party,1,1,-0.126412997925936,0.9016106699400962,True,0.00016199578810950914,1.1091261819987566
168,com.eduven.cg.norway::10,1,developer_plus_third_party,1,1,-0.126412997925936,0.9016106699400962,True,0.00016199578810950914,1.1091261819987566
169,com.foodbooking.heatcafedubai::4433,1,developer_plus_third_party,0,1,-0.4196880951644543,0.8987066180468394,True,0.00016199578810950914,1.1127101769577503
170,com.foodbooking.heatcafedubai::4433,1,developer_plus_third_party,1,1,-0.4196880951644543,0.8987066180468394,True,0.00016199578810950914,1.1127101769577503
171,com.foodbooking.heatcafedubai::4433,1,developer_plus_third_party,1,1,-0.4196880951644543,0.8987066180468394,True,0.00016199578810950914,1.1127101769577503
172,com.foodbooking.heatcafedubai::4433,1,developer_plus_third_party,1,1,-0.4196880951644543,0.8987066180468394,True,0.00016199578810950914,1.1127101769577503
173,com.foodbooking.heatcafedubai::4433,1,developer_plus_third_party,1,1,-0.4196880951644543,0.8987066180468394,True,0.00016199578810950914,1.1127101769577503
174,com.foodbooking.heatcafedubai::4433,1,developer_plus_third_party,0,1,-0.4196880951644543,0.8987066180468394,True,0.00016199578810950914,1.1127101769577503
175,com.foodbooking.heatcafedubai::4433,1,developer_plus_third_party,0,1,-0.4196880951644543,0.8987066180468394,True,0.00016199578810950914,1.1127101769577503
176,com.foodbooking.heatcafedubai::4433,1,developer_plus_third_party,0,1,-0.4196880951644543,0.8987066180468394,True,0.00016199578810950914,1.1127101769577503
177,com.foodbooking.heatcafedubai::4433,1,developer_plus_third_party,0,1,-0.4196880951644543,0.8987066180468394,True,0.00016199578810950914,1.1127101769577503
178,com.foodbooking.heatcafedubai::4433,1,developer_plus_third_party,0,1,-0.4196880951644543,0.8987066180468394,True,0.00016199578810950914,1.1127101769577503
179,com.foodbooking.heatcafedubai::4433,1,developer_plus_third_party,0,1,-0.4196880951644543,0.8987066180468394,True,0.00016199578810950914,1.1127101769577503
180,com.foodbooking.heatcafedubai::4433,1,developer_plus_third_party,0,1,-0.4196880951644543,0.8987066180468394,True,0.00016199578810950914,1.1127101769577503
181,com.foodbooking.heatcafedubai::4433,1,developer_plus_third_party,0,1,-0.4196880951644543,0.8987066180468394,True,0.00016199578810950914,1.1127101769577503
182,com.foodbooking.heatcafedubai::4433,1,developer_plus_third_party,0,1,-0.4196880951644543,0.8987066180468394,True,0.00016199578810950914,1.1127101769577503
183,com.foodbooking.heatcafedubai::4433,1,developer_plus_third_party,0,1,-0.4196880951644543,0.8987066180468394,True,0.00016199578810950914,1.1127101769577503
184,com.foodbooking.heatcafedubai::4433,1,developer_plus_third_party,0,1,-0.4196880951644543,0.8987066180468394,True,0.00016199578810950914,1.1127101769577503
185,com.foodbooking.heatcafedubai::4433,1,developer_plus_third_party,0,1,-0.4196880951644543,0.8987066180468394,True,0.00016199578810950914,1.1127101769577503
186,com.foodbooking.heatcafedubai::4433,1,developer_plus_third_party,0,1,-0.4196880951644543,0.8987066180468394,True,0.00016199578810950914,1.1127101769577503
187,com.foodbooking.heatcafedubai::4433,1,developer_plus_third_party,0,1,-0.4196880951644543,0.8987066180468394,True,0.00016199578810950914,1.1127101769577503
188,com.foodbooking.heatcafedubai::4433,1,developer_plus_third_party,0,1,-0.4196880951644543,0.8987066180468394,True,0.00016199578810950914,1.1127101769577503
189,com.geliossoft.gruzolot_dispatcher::1,1,developer_plus_third_party,0,1,-0.11569703074415072,0.9017153634442363,True,0.00016199578810950914,1.1089974070979016
190,com.geliossoft.gruzolot_dispatcher::1,1,developer_plus_third_party,0,1,-0.11569703074415072,0.9017153634442363,True,0.00016199578810950914,1.1089974070979016
191,com.geliossoft.gruzolot_dispatcher::1,1,developer_plus_third_party,1,1,-0.11569703074415072,0.9017153634442363,True,0.00016199578810950914,1.1089974070979016
192,com.geliossoft.gruzolot_dispatcher::1,1,developer_plus_third_party,0,1,-0.11569703074415072,0.9017153634442363,True,0.00016199578810950914,1.1089974070979016
193,com.geliossoft.gruzolot_dispatcher::1,1,developer_plus_third_party,0,1,-0.11569703074415072,0.9017153634442363,True,0.00016199578810950914,1.1089974070979016
194,com.nani_wellness::13,1,developer_plus_third_party,1,1,1.02680764345127,0.9123217971633281,True,0.00016199578810950914,1.096104470055729
195,com.nani_wellness::13,1,developer_plus_third_party,1,1,1.02680764345127,0.9123217971633281,True,0.00016199578810950914,1.096104470055729
196,com.nani_wellness::13,1,developer_plus_third_party,1,1,1.02680764345127,0.9123217971633281,True,0.00016199578810950914,1.096104470055729
197,com.nani_wellness::13,1,developer_plus_third_party,1,1,1.02680764345127,0.9123217971633281,True,0.00016199578810950914,1.096104470055729
198,com.nani_wellness::13,1,developer_plus_third_party,1,1,1.02680764345127,0.9123217971633281,True,0.00016199578810950914,1.096104470055729
199,com.nani_wellness::13,1,developer_plus_third_party,1,1,1.02680764345127,0.9123217971633281,True,0.00016199578810950914,1.096104470055729
200,com.nani_wellness::13,1,developer_plus_third_party,1,1,1.02680764345127,0.9123217971633281,True,0.00016199578810950914,1.096104470055729
201,com.nani_wellness::13,1,developer_plus_third_party,1,1,1.02680764345127,0.9123217971633281,True,0.00016199578810950914,1.096104470055729
202,com.nani_wellness::13,1,developer_plus_third_party,0,1,1.02680764345127,0.9123217971633281,True,0.00016199578810950914,1.096104470055729
203,com.nani_wellness::13,1,developer_plus_third_party,0,1,1.02680764345127,0.9123217971633281,True,0.00016199578810950914,1.096104470055729
204,com.nani_wellness::13,1,developer_plus_third_party,1,1,1.02680764345127,0.9123217971633281,True,0.00016199578810950914,1.096104470055729
205,com.nani_wellness::13,1,developer_plus_third_party,1,1,1.02680764345127,0.9123217971633281,True,0.00016199578810950914,1.096104470055729
206,com.nani_wellness::13,1,developer_plus_third_party,0,1,1.02680764345127,0.9123217971633281,True,0.00016199578810950914,1.096104470055729
207,com.nani_wellness::13,1,developer_plus_third_party,0,1,1.02680764345127,0.9123217971633281,True,0.00016199578810950914,1.096104470055729
208,com.nani_wellness::13,1,developer_plus_third_party,0,1,1.02680764345127,0.9123217971633281,True,0.00016199578810950914,1.096104470055729
209,com.nani_wellness::13,1,developer_plus_third_party,1,1,1.02680764345127,0.9123217971633281,True,0.00016199578810950914,1.096104470055729
210,com.nani_wellness::13,1,developer_plus_third_party,1,1,1.02680764345127,0.9123217971633281,True,0.00016199578810950914,1.096104470055729
211,com.nani_wellness::13,1,developer_plus_third_party,1,1,1.02680764345127,0.9123217971633281,True,0.00016199578810950914,1.096104470055729
212,com.nani_wellness::13,1,developer_plus_third_party,1,1,1.02680764345127,0.9123217971633281,True,0.00016199578810950914,1.096104470055729
213,com.nani_wellness::13,1,developer_plus_third_party,0,1,1.02680764345127,0.9123217971633281,True,0.00016199578810950914,1.096104470055729
214,com.nani_wellness::13,1,developer_plus_third_party,1,1,1.02680764345127,0.9123217971633281,True,0.00016199578810950914,1.096104470055729
215,com.nani_wellness::13,1,developer_plus_third_party,1,1,1.02680764345127,0.9123217971633281,True,0.00016199578810950914,1.096104470055729
216,com.nani_wellness::13,1,developer_plus_third_party,1,1,1.02680764345127,0.9123217971633281,True,0.00016199578810950914,1.096104470055729
217,com.nani_wellness::13,1,developer_plus_third_party,0,1,1.02680764345127,0.9123217971633281,True,0.00016199578810950914,1.096104470055729
218,com.nani_wellness::13,1,developer_plus_third_party,0,1,1.02680764345127,0.9123217971633281,True,0.00016199578810950914,1.096104470055729
219,com.nani_wellness::13,1,developer_plus_third_party,0,1,1.02680764345127,0.9123217971633281,True,0.00016199578810950914,1.096104470055729
220,com.nani_wellness::13,1,developer_plus_third_party,0,1,1.02680764345127,0.9123217971633281,True,0.00016199578810950914,1.096104470055729
221,com.nani_wellness::13,1,developer_plus_third_party,0,1,1.02680764345127,0.9123217971633281,True,0.00016199578810950914,1.096104470055729
222,com.nani_wellness::13,1,developer_plus_third_party,0,1,1.02680764345127,0.9123217971633281,True,0.00016199578810950914,1.096104470055729
223,com.nani_wellness::13,1,developer_plus_third_party,0,1,1.02680764345127,0.9123217971633281,True,0.00016199578810950914,1.096104470055729
224,com.nani_wellness::13,1,developer_plus_third_party,0,1,1.02680764345127,0.9123217971633281,True,0.00016199578810950914,1.096104470055729
225,com.nani_wellness::13,1,developer_plus_third_party,0,1,1.02680764345127,0.9123217971633281,True,0.00016199578810950914,1.096104470055729
226,com.nani_wellness::13,1,developer_plus_third_party,0,1,1.02680764345127,0.9123217971633281,True,0.00016199578810950914,1.096104470055729
227,com.nani_wellness::13,1,developer_plus_third_party,0,1,1.02680764345127,0.9123217971633281,True,0.00016199578810950914,1.096104470055729
228,com.nani_wellness::13,1,developer_plus_third_party,0,1,1.02680764345127,0.9123217971633281,True,0.00016199578810950914,1.096104470055729
229,com.nani_wellness::13,1,developer_plus_third_party,0,1,1.02680764345127,0.9123217971633281,True,0.00016199578810950914,1.096104470055729
230,com.nani_wellness::13,1,developer_plus_third_party,0,1,1.02680764345127,0.9123217971633281,True,0.00016199578810950914,1.096104470055729
231,com.nani_wellness::13,1,developer_plus_third_party,0,1,1.02680764345127,0.9123217971633281,True,0.00016199578810950914,1.096104470055729
232,com.nikssoftware.photorecover::3,1,developer_plus_third_party,1,1,-0.46142573164550427,0.898287196809119,True,0.00016199578810950914,1.1132297148976225
233,com.nikssoftware.photorecover::3,1,developer_plus_third_party,1,1,-0.46142573164550427,0.898287196809119,True,0.00016199578810950914,1.1132297148976225
234,com.nitesh.copaiti::3,1,developer_plus_third_party,1,1,-0.5935495349559157,0.8969493174076725,True,0.00016199578810950914,1.114890195680354
235,com.nitesh.copaiti::3,1,developer_plus_third_party,1,1,-0.5935495349559157,0.8969493174076725,True,0.00016199578810950914,1.114890195680354
236,com.nupuit.ncid::10,1,developer_plus_third_party,1,1,0.004861790261913509,0.9028863815705792,True,0.00016199578810950914,1.1075590687950025
237,com.nupuit.ncid::10,1,developer_plus_third_party,1,1,0.004861790261913509,0.9028863815705792,True,0.00016199578810950914,1.1075590687950025
238,com.nupuit.ncid::10,1,developer_plus_third_party,1,1,0.004861790261913509,0.9028863815705792,True,0.00016199578810950914,1.1075590687950025
239,com.nupuit.ncid::10,1,developer_plus_third_party,1,1,0.004861790261913509,0.9028863815705792,True,0.00016199578810950914,1.1075590687950025
240,com.nupuit.ncid::10,1,developer_plus_third_party,1,1,0.004861790261913509,0.9028863815705792,True,0.00016199578810950914,1.1075590687950025
241,com.nupuit.ncid::10,1,developer_plus_third_party,1,1,0.004861790261913509,0.9028863815705792,True,0.00016199578810950914,1.1075590687950025
242,com.omning.omniboard.lck1203::31,1,developer_plus_third_party,1,1,-0.4725196618867513,0.8981754551887645,True,0.0008099789405475457,1.1133682113255206
243,com.omning.omniboard.lck1203::31,1,developer_plus_third_party,1,1,-0.4725196618867513,0.8981754551887645,True,0.00016199578810950914,1.1133682113255206
244,com.omning.omniboard.lck1203::31,1,developer_plus_third_party,1,1,-0.4725196618867513,0.8981754551887645,True,0.00016199578810950914,1.1133682113255206
245,com.omning.omniboard.lck1203::31,1,developer_plus_third_party,1,1,-0.4725196618867513,0.8981754551887645,True,0.00016199578810950914,1.1133682113255206
246,com.pixipine.jalees::17,1,developer_plus_third_party,1,1,1.1616909569278266,0.9135033794662124,True,0.00016199578810950914,1.094686700102117
247,com.pixipine.jalees::17,1,developer_plus_third_party,0,1,1.1616909569278266,0.9135033794662124,True,0.00016199578810950914,1.094686700102117
248,com.pixipine.jalees::17,1,developer_plus_third_party,1,1,1.1616909569278266,0.9135033794662124,True,0.00016199578810950914,1.094686700102117
249,com.pixipine.jalees::17,1,developer_plus_third_party,1,1,1.1616909569278266,0.9135033794662124,True,0.00016199578810950914,1.094686700102117
250,com.pixipine.jalees::17,1,developer_plus_third_party,1,1,1.1616909569278266,0.9135033794662124,True,0.00016199578810950914,1.094686700102117
251,com.pixipine.jalees::17,1,developer_plus_third_party,1,1,1.1616909569278266,0.9135033794662124,True,0.00016199578810950914,1.094686700102117
252,com.pixipine.jalees::17,1,developer_plus_third_party,1,1,1.1616909569278266,0.9135033794662124,True,0.00016199578810950914,1.094686700102117
253,com.pixipine.jalees::17,1,developer_plus_third_party,1,1,1.1616909569278266,0.9135033794662124,True,0.00016199578810950914,1.094686700102117
254,com.pixipine.jalees::17,1,developer_plus_third_party,0,1,1.1616909569278266,0.9135033794662124,True,0.00016199578810950914,1.094686700102117
255,com.pixipine.jalees::17,1,developer_plus_third_party,0,1,1.1616909569278266,0.9135033794662124,True,0.00016199578810950914,1.094686700102117
256,com.pixipine.jalees::17,1,developer_plus_third_party,0,1,1.1616909569278266,0.9135033794662124,True,0.00016199578810950914,1.094686700102117
257,com.pixipine.jalees::17,1,developer_plus_third_party,0,1,1.1616909569278266,0.9135033794662124,True,0.00016199578810950914,1.094686700102117
258,com.pixipine.jalees::17,1,developer_plus_third_party,0,1,1.1616909569278266,0.9135033794662124,True,0.00016199578810950914,1.094686700102117
259,com.pixipine.jalees::17,1,developer_plus_third_party,0,1,1.1616909569278266,0.9135033794662124,True,0.00016199578810950914,1.094686700102117
260,com.pixipine.jalees::17,1,developer_plus_third_party,0,1,1.1616909569278266,0.9135033794662124,True,0.00016199578810950914,1.094686700102117
261,com.pixipine.jalees::17,1,developer_plus_third_party,0,1,1.1616909569278266,0.9135033794662124,True,0.00016199578810950914,1.094686700102117
262,com.pixipine.jalees::17,1,developer_plus_third_party,0,1,1.1616909569278266,0.9135033794662124,True,0.00016199578810950914,1.094686700102117
263,com.pixipine.jalees::17,1,developer_plus_third_party,0,1,1.1616909569278266,0.9135033794662124,True,0.00016199578810950914,1.094686700102117
264,com.pixipine.jalees::17,1,developer_plus_third_party,0,1,1.1616909569278266,0.9135033794662124,True,0.00016199578810950914,1.094686700102117
265,com.pixipine.jalees::17,1,developer_plus_third_party,0,1,1.1616909569278266,0.9135033794662124,True,0.00016199578810950914,1.094686700102117
266,com.pixipine.jalees::17,1,developer_plus_third_party,0,1,1.1616909569278266,0.9135033794662124,True,0.00016199578810950914,1.094686700102117
267,com.pixipine.jalees::17,1,developer_plus_third_party,0,1,1.1616909569278266,0.9135033794662124,True,0.00016199578810950914,1.094686700102117
268,com.pixipine.jalees::17,1,developer_plus_third_party,0,1,1.1616909569278266,0.9135033794662124,True,0.00016199578810950914,1.094686700102117
269,com.rpn.erfahislamicvoice::10,1,developer_plus_third_party,1,1,0.021353134280827458,0.9030455945991231,True,0.00016199578810950914,1.1073637986617015
270,com.rpn.erfahislamicvoice::10,1,developer_plus_third_party,1,1,0.021353134280827458,0.9030455945991231,True,0.00016199578810950914,1.1073637986617015
271,com.trainerize.sustainablechangeltd::837000,1,developer_plus_third_party,1,1,1.6008606391898557,0.9172512240414686,True,0.00016199578810950914,1.0902138626688715
272,com.trainerize.sustainablechangeltd::837000,1,developer_plus_third_party,0,1,1.6008606391898557,0.9172512240414686,True,0.00016199578810950914,1.0902138626688715
273,com.trainerize.sustainablechangeltd::837000,1,developer_plus_third_party,1,1,1.6008606391898557,0.9172512240414686,True,0.00016199578810950914,1.0902138626688715
274,com.trainerize.sustainablechangeltd::837000,1,developer_plus_third_party,0,1,1.6008606391898557,0.9172512240414686,True,0.00016199578810950914,1.0902138626688715
275,com.trainerize.sustainablechangeltd::837000,1,developer_plus_third_party,0,1,1.6008606391898557,0.9172512240414686,True,0.00016199578810950914,1.0902138626688715
276,com.trainerize.sustainablechangeltd::837000,1,developer_plus_third_party,1,1,1.6008606391898557,0.9172512240414686,True,0.00016199578810950914,1.0902138626688715
277,com.trainerize.sustainablechangeltd::837000,1,developer_plus_third_party,0,1,1.6008606391898557,0.9172512240414686,True,0.00016199578810950914,1.0902138626688715
278,com.trainerize.sustainablechangeltd::837000,1,developer_plus_third_party,0,1,1.6008606391898557,0.9172512240414686,True,0.00016199578810950914,1.0902138626688715
279,com.trainerize.sustainablechangeltd::837000,1,developer_plus_third_party,1,1,1.6008606391898557,0.9172512240414686,True,0.00016199578810950914,1.0902138626688715
280,com.trainerize.sustainablechangeltd::837000,1,developer_plus_third_party,1,1,1.6008606391898557,0.9172512240414686,True,0.00016199578810950914,1.0902138626688715
281,com.trainerize.sustainablechangeltd::837000,1,developer_plus_third_party,1,1,1.6008606391898557,0.9172512240414686,True,0.00016199578810950914,1.0902138626688715
282,com.trainerize.sustainablechangeltd::837000,1,developer_plus_third_party,1,1,1.6008606391898557,0.9172512240414686,True,0.00016199578810950914,1.0902138626688715
283,com.trainerize.sustainablechangeltd::837000,1,developer_plus_third_party,0,1,1.6008606391898557,0.9172512240414686,True,0.00016199578810950914,1.0902138626688715
284,com.trainerize.sustainablechangeltd::837000,1,developer_plus_third_party,1,1,1.6008606391898557,0.9172512240414686,True,0.00016199578810950914,1.0902138626688715
285,com.trainerize.sustainablechangeltd::837000,1,developer_plus_third_party,0,1,1.6008606391898557,0.9172512240414686,True,0.00016199578810950914,1.0902138626688715
286,com.trainerize.sustainablechangeltd::837000,1,developer_plus_third_party,0,1,1.6008606391898557,0.9172512240414686,True,0.00016199578810950914,1.0902138626688715
287,com.trainerize.sustainablechangeltd::837000,1,developer_plus_third_party,0,1,1.6008606391898557,0.9172512240414686,True,0.00016199578810950914,1.0902138626688715
288,com.trainerize.sustainablechangeltd::837000,1,developer_plus_third_party,0,1,1.6008606391898557,0.9172512240414686,True,0.00016199578810950914,1.0902138626688715
289,com.trainerize.sustainablechangeltd::837000,1,developer_plus_third_party,0,1,1.6008606391898557,0.9172512240414686,True,0.00016199578810950914,1.0902138626688715
290,com.trainerize.sustainablechangeltd::837000,1,developer_plus_third_party,0,1,1.6008606391898557,0.9172512240414686,True,0.00016199578810950914,1.0902138626688715
291,com.trainerize.sustainablechangeltd::837000,1,developer_plus_third_party,0,1,1.6008606391898557,0.9172512240414686,True,0.00016199578810950914,1.0902138626688715
292,com.trainerize.sustainablechangeltd::837000,1,developer_plus_third_party,1,1,1.6008606391898557,0.9172512240414686,True,0.00016199578810950914,1.0902138626688715
293,com.trainerize.sustainablechangeltd::837000,1,developer_plus_third_party,1,1,1.6008606391898557,0.9172512240414686,True,0.00016199578810950914,1.0902138626688715
294,com.trainerize.sustainablechangeltd::837000,1,developer_plus_third_party,0,1,1.6008606391898557,0.9172512240414686,True,0.00016199578810950914,1.0902138626688715
295,com.trainerize.sustainablechangeltd::837000,1,developer_plus_third_party,1,1,1.6008606391898557,0.9172512240414686,True,0.00016199578810950914,1.0902138626688715
296,com.trainerize.sustainablechangeltd::837000,1,developer_plus_third_party,1,1,1.6008606391898557,0.9172512240414686,True,0.00016199578810950914,1.0902138626688715
297,com.trainerize.sustainablechangeltd::837000,1,developer_plus_third_party,0,1,1.6008606391898557,0.9172512240414686,True,0.00016199578810950914,1.0902138626688715
298,com.trainerize.sustainablechangeltd::837000,1,developer_plus_third_party,1,1,1.6008606391898557,0.9172512240414686,True,0.00016199578810950914,1.0902138626688715
299,com.trainerize.sustainablechangeltd::837000,1,developer_plus_third_party,1,1,1.6008606391898557,0.9172512240414686,True,0.00016199578810950914,1.0902138626688715
300,com.trainerize.sustainablechangeltd::837000,1,developer_plus_third_party,1,1,1.6008606391898557,0.9172512240414686,True,0.00016199578810950914,1.0902138626688715
301,com.trainerize.sustainablechangeltd::837000,1,developer_plus_third_party,0,1,1.6008606391898557,0.9172512240414686,True,0.00016199578810950914,1.0902138626688715
302,com.trainerize.sustainablechangeltd::837000,1,developer_plus_third_party,0,1,1.6008606391898557,0.9172512240414686,True,0.00016199578810950914,1.0902138626688715
303,com.trainerize.sustainablechangeltd::837000,1,developer_plus_third_party,0,1,1.6008606391898557,0.9172512240414686,True,0.00016199578810950914,1.0902138626688715
304,com.trainerize.sustainablechangeltd::837000,1,developer_plus_third_party,0,1,1.6008606391898557,0.9172512240414686,True,0.00016199578810950914,1.0902138626688715
305,com.trainerize.sustainablechangeltd::837000,1,developer_plus_third_party,0,1,1.6008606391898557,0.9172512240414686,True,0.00016199578810950914,1.0902138626688715
306,com.trainerize.sustainablechangeltd::837000,1,developer_plus_third_party,0,1,1.6008606391898557,0.9172512240414686,True,0.00016199578810950914,1.0902138626688715
307,com.trainerize.sustainablechangeltd::837000,1,developer_plus_third_party,0,1,1.6008606391898557,0.9172512240414686,True,0.00016199578810950914,1.0902138626688715
308,com.trainerize.sustainablechangeltd::837000,1,developer_plus_third_party,0,1,1.6008606391898557,0.9172512240414686,True,0.00016199578810950914,1.0902138626688715
309,com.trainerize.sustainablechangeltd::837000,1,developer_plus_third_party,0,1,1.6008606391898557,0.9172512240414686,True,0.00016199578810950914,1.0902138626688715
310,com.trainerize.sustainablechangeltd::837000,1,developer_plus_third_party,0,1,1.6008606391898557,0.9172512240414686,True,0.00016199578810950914,1.0902138626688715
311,com.trainerize.sustainablechangeltd::837000,1,developer_plus_third_party,0,1,1.6008606391898557,0.9172512240414686,True,0.00016199578810950914,1.0902138626688715
312,com.trainerize.sustainablechangeltd::837000,1,developer_plus_third_party,0,1,1.6008606391898557,0.9172512240414686,True,0.00016199578810950914,1.0902138626688715
313,com.trainerize.sustainablechangeltd::837000,1,developer_plus_third_party,0,1,1.6008606391898557,0.9172512240414686,True,0.00016199578810950914,1.0902138626688715
314,com.vidmo.freedownloader::7,1,developer_plus_third_party,1,1,-0.3276014261669451,0.8996265716167838,True,0.00016199578810950914,1.111572325173575
315,com.vidmo.freedownloader::7,1,developer_plus_third_party,1,1,-0.3276014261669451,0.8996265716167838,True,0.00016199578810950914,1.111572325173575
316,com.vidmo.freedownloader::7,1,developer_plus_third_party,1,1,-0.3276014261669451,0.8996265716167838,True,0.00016199578810950914,1.111572325173575
317,com.vidmo.freedownloader::7,1,developer_plus_third_party,1,1,-0.3276014261669451,0.8996265716167838,True,0.00016199578810950914,1.111572325173575
318,com.vidmo.freedownloader::7,1,developer_plus_third_party,1,1,-0.3276014261669451,0.8996265716167838,True,0.00016199578810950914,1.111572325173575
319,com.vidmo.freedownloader::7,1,developer_plus_third_party,1,1,-0.3276014261669451,0.8996265716167838,True,0.00016199578810950914,1.111572325173575
320,com.vidmo.freedownloader::7,1,developer_plus_third_party,1,1,-0.3276014261669451,0.8996265716167838,True,0.00016199578810950914,1.111572325173575
321,com.vidmo.freedownloader::7,1,developer_plus_third_party,1,1,-0.3276014261669451,0.8996265716167838,True,0.00016199578810950914,1.111572325173575
322,com.vidmo.freedownloader::7,1,developer_plus_third_party,1,1,-0.3276014261669451,0.8996265716167838,True,0.00016199578810950914,1.111572325173575
323,com.vidmo.freedownloader::7,1,developer_plus_third_party,1,1,-0.3276014261669451,0.8996265716167838,True,0.00016199578810950914,1.111572325173575
324,com.vidmo.freedownloader::7,1,developer_plus_third_party,0,1,-0.3276014261669451,0.8996265716167838,True,0.00016199578810950914,1.111572325173575
325,com.vidmo.freedownloader::7,1,developer_plus_third_party,0,1,-0.3276014261669451,0.8996265716167838,True,0.00016199578810950914,1.111572325173575
326,com.vidmo.freedownloader::7,1,developer_plus_third_party,0,1,-0.3276014261669451,0.8996265716167838,True,0.00016199578810950914,1.111572325173575
327,com.vidmo.freedownloader::7,1,developer_plus_third_party,1,1,-0.3276014261669451,0.8996265716167838,True,0.00016199578810950914,1.111572325173575
328,com.vidmo.freedownloader::7,1,developer_plus_third_party,0,1,-0.3276014261669451,0.8996265716167838,True,0.00016199578810950914,1.111572325173575
329,com.vidmo.freedownloader::7,1,developer_plus_third_party,0,1,-0.3276014261669451,0.8996265716167838,True,0.00016199578810950914,1.111572325173575
330,com.vidmo.freedownloader::7,1,developer_plus_third_party,0,1,-0.3276014261669451,0.8996265716167838,True,0.00016199578810950914,1.111572325173575
331,com.vidmo.freedownloader::7,1,developer_plus_third_party,0,1,-0.3276014261669451,0.8996265716167838,True,0.00016199578810950914,1.111572325173575
332,com.vidmo.freedownloader::7,1,developer_plus_third_party,0,1,-0.3276014261669451,0.8996265716167838,True,0.00016199578810950914,1.111572325173575
333,com.vidmo.freedownloader::7,1,developer_plus_third_party,0,1,-0.3276014261669451,0.8996265716167838,True,0.00016199578810950914,1.111572325173575
334,com.vidmo.freedownloader::7,1,developer_plus_third_party,1,1,-0.3276014261669451,0.8996265716167838,True,0.00016199578810950914,1.111572325173575
335,com.vidmo.freedownloader::7,1,developer_plus_third_party,1,1,-0.3276014261669451,0.8996265716167838,True,0.00016199578810950914,1.111572325173575
336,com.vidmo.freedownloader::7,1,developer_plus_third_party,1,1,-0.3276014261669451,0.8996265716167838,True,0.00016199578810950914,1.111572325173575
337,com.vidmo.freedownloader::7,1,developer_plus_third_party,1,1,-0.3276014261669451,0.8996265716167838,True,0.00016199578810950914,1.111572325173575
338,com.vidmo.freedownloader::7,1,developer_plus_third_party,0,1,-0.3276014261669451,0.8996265716167838,True,0.00016199578810950914,1.111572325173575
339,com.vidmo.freedownloader::7,1,developer_plus_third_party,0,1,-0.3276014261669451,0.8996265716167838,True,0.00016199578810950914,1.111572325173575
340,com.vidmo.freedownloader::7,1,developer_plus_third_party,0,1,-0.3276014261669451,0.8996265716167838,True,0.00016199578810950914,1.111572325173575
341,com.vidmo.freedownloader::7,1,developer_plus_third_party,1,1,-0.3276014261669451,0.8996265716167838,True,0.00016199578810950914,1.111572325173575
342,com.vidmo.freedownloader::7,1,developer_plus_third_party,1,1,-0.3276014261669451,0.8996265716167838,True,0.00016199578810950914,1.111572325173575
343,com.vidmo.freedownloader::7,1,developer_plus_third_party,0,1,-0.3276014261669451,0.8996265716167838,True,0.00016199578810950914,1.111572325173575
344,com.vidmo.freedownloader::7,1,developer_plus_third_party,0,1,-0.3276014261669451,0.8996265716167838,True,0.00016199578810950914,1.111572325173575
345,com.vidmo.freedownloader::7,1,developer_plus_third_party,1,1,-0.3276014261669451,0.8996265716167838,True,0.00016199578810950914,1.111572325173575
346,com.vidmo.freedownloader::7,1,developer_plus_third_party,0,1,-0.3276014261669451,0.8996265716167838,True,0.00016199578810950914,1.111572325173575
347,com.vidmo.freedownloader::7,1,developer_plus_third_party,1,1,-0.3276014261669451,0.8996265716167838,True,0.00016199578810950914,1.111572325173575
348,com.vidmo.freedownloader::7,1,developer_plus_third_party,1,1,-0.3276014261669451,0.8996265716167838,True,0.00016199578810950914,1.111572325173575
349,com.vidmo.freedownloader::7,1,developer_plus_third_party,1,1,-0.3276014261669451,0.8996265716167838,True,0.00016199578810950914,1.111572325173575
350,com.vidmo.freedownloader::7,1,developer_plus_third_party,0,1,-0.3276014261669451,0.8996265716167838,True,0.00016199578810950914,1.111572325173575
351,com.vidmo.freedownloader::7,1,developer_plus_third_party,0,1,-0.3276014261669451,0.8996265716167838,True,0.00016199578810950914,1.111572325173575
352,com.wego.cita::10,1,developer_plus_third_party,1,1,-0.4671015683628098,0.8982300415544986,True,0.00016199578810950914,1.113300550791394
353,com.wego.cita::10,1,developer_plus_third_party,1,1,-0.4671015683628098,0.8982300415544986,True,0.00016199578810950914,1.113300550791394
354,com.wego.cita::10,1,developer_plus_third_party,1,1,-0.4671015683628098,0.8982300415544986,True,0.00016199578810950914,1.113300550791394
355,com.wego.cita::10,1,developer_plus_third_party,1,1,-0.4671015683628098,0.8982300415544986,True,0.00016199578810950914,1.113300550791394
356,com.wego.cita::10,1,developer_plus_third_party,1,1,-0.4671015683628098,0.8982300415544986,True,0.00016199578810950914,1.113300550791394
357,com.wego.cita::10,1,developer_plus_third_party,1,1,-0.4671015683628098,0.8982300415544986,True,0.00016199578810950914,1.113300550791394
358,com.wego.cita::10,1,developer_plus_third_party,1,1,-0.4671015683628098,0.8982300415544986,True,0.00016199578810950914,1.113300550791394
359,com.wego.cita::10,1,developer_plus_third_party,1,1,-0.4671015683628098,0.8982300415544986,True,0.00016199578810950914,1.113300550791394
360,com.wego.cita::10,1,developer_plus_third_party,1,1,-0.4671015683628098,0.8982300415544986,True,0.00016199578810950914,1.113300550791394
361,com.wego.cita::10,1,developer_plus_third_party,0,1,-0.4671015683628098,0.8982300415544986,True,0.00016199578810950914,1.113300550791394
362,com.wego.cita::10,1,developer_plus_third_party,1,1,-0.4671015683628098,0.8982300415544986,True,0.00016199578810950914,1.113300550791394
363,com.wego.cita::10,1,developer_plus_third_party,1,1,-0.4671015683628098,0.8982300415544986,True,0.00016199578810950914,1.113300550791394
364,com.wego.cita::10,1,developer_plus_third_party,1,1,-0.4671015683628098,0.8982300415544986,True,0.00016199578810950914,1.113300550791394
365,com.wego.cita::10,1,developer_plus_third_party,1,1,-0.4671015683628098,0.8982300415544986,True,0.00016199578810950914,1.113300550791394
366,com.wego.cita::10,1,developer_plus_third_party,1,1,-0.4671015683628098,0.8982300415544986,True,0.00016199578810950914,1.113300550791394
367,com.wego.cita::10,1,developer_plus_third_party,1,1,-0.4671015683628098,0.8982300415544986,True,0.00016199578810950914,1.113300550791394
368,com.wego.cita::10,1,developer_plus_third_party,1,1,-0.4671015683628098,0.8982300415544986,True,0.00016199578810950914,1.113300550791394
369,com.wego.cita::10,1,developer_plus_third_party,1,1,-0.4671015683628098,0.8982300415544986,True,0.00016199578810950914,1.113300550791394
370,com.wego.cita::10,1,developer_plus_third_party,1,1,-0.4671015683628098,0.8982300415544986,True,0.00016199578810950914,1.113300550791394
371,com.wego.cita::10,1,developer_plus_third_party,1,1,-0.4671015683628098,0.8982300415544986,True,0.00016199578810950914,1.113300550791394
372,com.wego.cita::10,1,developer_plus_third_party,1,1,-0.4671015683628098,0.8982300415544986,True,0.00016199578810950914,1.113300550791394
373,com.wego.cita::10,1,developer_plus_third_party,1,1,-0.4671015683628098,0.8982300415544986,True,0.00016199578810950914,1.113300550791394
374,com.wego.cita::10,1,developer_plus_third_party,1,1,-0.4671015683628098,0.8982300415544986,True,0.00016199578810950914,1.113300550791394
375,com.wego.cita::10,1,developer_plus_third_party,0,1,-0.4671015683628098,0.8982300415544986,True,0.00016199578810950914,1.113300550791394
376,com.wego.cita::10,1,developer_plus_third_party,0,1,-0.4671015683628098,0.8982300415544986,True,0.00016199578810950914,1.113300550791394
377,com.wego.cita::10,1,developer_plus_third_party,0,1,-0.4671015683628098,0.8982300415544986,True,0.00016199578810950914,1.113300550791394
378,com.wego.cita::10,1,developer_plus_third_party,0,1,-0.4671015683628098,0.8982300415544986,True,0.00016199578810950914,1.113300550791394
379,com.wego.cita::10,1,developer_plus_third_party,0,1,-0.4671015683628098,0.8982300415544986,True,0.00016199578810950914,1.113300550791394
380,com.wego.cita::10,1,developer_plus_third_party,0,1,-0.4671015683628098,0.8982300415544986,True,0.00016199578810950914,1.113300550791394
381,com.wego.cita::10,1,developer_plus_third_party,0,1,-0.4671015683628098,0.8982300415544986,True,0.00016199578810950914,1.113300550791394
382,com.wego.cita::10,1,developer_plus_third_party,0,1,-0.4671015683628098,0.8982300415544986,True,0.00016199578810950914,1.113300550791394
383,com.wego.cita::10,1,developer_plus_third_party,0,1,-0.4671015683628098,0.8982300415544986,True,0.00016199578810950914,1.113300550791394
384,com.wego.cita::10,1,developer_plus_third_party,0,1,-0.4671015683628098,0.8982300415544986,True,0.00016199578810950914,1.113300550791394
385,com.wego.cita::10,1,developer_plus_third_party,0,1,-0.4671015683628098,0.8982300415544986,True,0.00016199578810950914,1.113300550791394
386,com.wego.cita::10,1,developer_plus_third_party,0,1,-0.4671015683628098,0.8982300415544986,True,0.00016199578810950914,1.113300550791394
387,com.wego.cita::10,1,developer_plus_third_party,0,1,-0.4671015683628098,0.8982300415544986,True,0.00016199578810950914,1.113300550791394
388,com.wego.cita::10,1,developer_plus_third_party,0,1,-0.4671015683628098,0.8982300415544986,True,0.00016199578810950914,1.113300550791394
389,com.wego.cita::10,1,developer_plus_third_party,0,1,-0.4671015683628098,0.8982300415544986,True,0.00016199578810950914,1.113300550791394
390,com.wego.cita::10,1,developer_plus_third_party,0,1,-0.4671015683628098,0.8982300415544986,True,0.00016199578810950914,1.113300550791394
391,com.wego.cita::10,1,developer_plus_third_party,0,1,-0.4671015683628098,0.8982300415544986,True,0.00016199578810950914,1.113300550791394
392,com.wego.cita::10,1,developer_plus_third_party,0,1,-0.4671015683628098,0.8982300415544986,True,0.00016199578810950914,1.113300550791394
393,com.wego.cita::10,1,developer_plus_third_party,0,1,-0.4671015683628098,0.8982300415544986,True,0.00016199578810950914,1.113300550791394
394,com.wego.cita::10,1,developer_plus_third_party,0,1,-0.4671015683628098,0.8982300415544986,True,0.00016199578810950914,1.113300550791394
395,com.wego.cita::10,1,developer_plus_third_party,0,1,-0.4671015683628098,0.8982300415544986,True,0.00016199578810950914,1.113300550791394
396,com.wego.cita::10,1,developer_plus_third_party,0,1,-0.4671015683628098,0.8982300415544986,True,0.00016199578810950914,1.113300550791394
397,com.wego.cita::10,1,developer_plus_third_party,1,1,-0.4671015683628098,0.8982300415544986,True,0.00016199578810950914,1.113300550791394
398,com.wego.cita::10,1,developer_plus_third_party,1,1,-0.4671015683628098,0.8982300415544986,True,0.00016199578810950914,1.113300550791394
399,com.wego.cita::10,1,developer_plus_third_party,1,1,-0.4671015683628098,0.8982300415544986,True,0.00016199578810950914,1.113300550791394
400,com.wego.cita::10,1,developer_plus_third_party,1,1,-0.4671015683628098,0.8982300415544986,True,0.00016199578810950914,1.113300550791394
401,com.ztcx.ai::7,1,developer_plus_third_party,0,1,0.22065976590165473,0.9049514142940464,True,0.00016199578810950914,1.1050317002710042
402,com.ztcx.ai::7,1,developer_plus_third_party,0,1,0.22065976590165473,0.9049514142940464,True,0.00016199578810950914,1.1050317002710042
403,com.ztcx.ai::7,1,developer_plus_third_party,1,1,0.22065976590165473,0.9049514142940464,True,0.00016199578810950914,1.1050317002710042
404,com.ztcx.ai::7,1,developer_plus_third_party,1,1,0.22065976590165473,0.9049514142940464,True,0.00016199578810950914,1.1050317002710042
405,com.ztcx.ai::7,1,developer_plus_third_party,0,1,0.22065976590165473,0.9049514142940464,True,0.00016199578810950914,1.1050317002710042
406,com.ztcx.ai::7,1,developer_plus_third_party,0,1,0.22065976590165473,0.9049514142940464,True,0.00016199578810950914,1.1050317002710042
407,com.ztcx.ai::7,1,developer_plus_third_party,0,1,0.22065976590165473,0.9049514142940464,True,0.00016199578810950914,1.1050317002710042
408,com.ztcx.ai::7,1,developer_plus_third_party,1,1,0.22065976590165473,0.9049514142940464,True,0.00016199578810950914,1.1050317002710042
409,com.ztcx.ai::7,1,developer_plus_third_party,0,1,0.22065976590165473,0.9049514142940464,True,0.00016199578810950914,1.1050317002710042
410,com.ztcx.ai::7,1,developer_plus_third_party,0,1,0.22065976590165473,0.9049514142940464,True,0.00016199578810950914,1.1050317002710042
411,com.ztcx.ai::7,1,developer_plus_third_party,0,1,0.22065976590165473,0.9049514142940464,True,0.00016199578810950914,1.1050317002710042
412,com.ztcx.ai::7,1,developer_plus_third_party,0,1,0.22065976590165473,0.9049514142940464,True,0.00016199578810950914,1.1050317002710042
413,com.ztcx.ai::7,1,developer_plus_third_party,1,1,0.22065976590165473,0.9049514142940464,True,0.00016199578810950914,1.1050317002710042
414,com.ztcx.ai::7,1,developer_plus_third_party,0,1,0.22065976590165473,0.9049514142940464,True,0.00016199578810950914,1.1050317002710042
415,com.ztcx.ai::7,1,developer_plus_third_party,0,1,0.22065976590165473,0.9049514142940464,True,0.00016199578810950914,1.1050317002710042
416,com.ztcx.ai::7,1,developer_plus_third_party,1,1,0.22065976590165473,0.9049514142940464,True,0.00016199578810950914,1.1050317002710042
417,com.ztcx.ai::7,1,developer_plus_third_party,0,1,0.22065976590165473,0.9049514142940464,True,0.00016199578810950914,1.1050317002710042
418,com.ztcx.ai::7,1,developer_plus_third_party,1,1,0.22065976590165473,0.9049514142940464,True,0.00016199578810950914,1.1050317002710042
419,com.ztcx.ai::7,1,developer_plus_third_party,0,1,0.22065976590165473,0.9049514142940464,True,0.00016199578810950914,1.1050317002710042
420,com.ztcx.ai::7,1,developer_plus_third_party,1,1,0.22065976590165473,0.9049514142940464,True,0.00016199578810950914,1.1050317002710042
421,com.ztcx.ai::7,1,developer_plus_third_party,1,1,0.22065976590165473,0.9049514142940464,True,0.00016199578810950914,1.1050317002710042
422,com.ztcx.ai::7,1,developer_plus_third_party,0,1,0.22065976590165473,0.9049514142940464,True,0.00016199578810950914,1.1050317002710042
423,com.ztcx.ai::7,1,developer_plus_third_party,1,1,0.22065976590165473,0.9049514142940464,True,0.00016199578810950914,1.1050317002710042
424,com.ztcx.ai::7,1,developer_plus_third_party,1,1,0.22065976590165473,0.9049514142940464,True,0.00016199578810950914,1.1050317002710042
425,com.ztcx.ai::7,1,developer_plus_third_party,1,1,0.22065976590165473,0.9049514142940464,True,0.00016199578810950914,1.1050317002710042
426,com.ztcx.ai::7,1,developer_plus_third_party,1,1,0.22065976590165473,0.9049514142940464,True,0.00016199578810950914,1.1050317002710042
427,com.ztcx.ai::7,1,developer_plus_third_party,1,1,0.22065976590165473,0.9049514142940464,True,0.00016199578810950914,1.1050317002710042
428,com.ztcx.ai::7,1,developer_plus_third_party,1,1,0.22065976590165473,0.9049514142940464,True,0.00016199578810950914,1.1050317002710042
429,com.ztcx.ai::7,1,developer_plus_third_party,1,1,0.22065976590165473,0.9049514142940464,True,0.00016199578810950914,1.1050317002710042
430,com.ztcx.ai::7,1,developer_plus_third_party,1,1,0.22065976590165473,0.9049514142940464,True,0.00016199578810950914,1.1050317002710042
431,com.ztcx.ai::7,1,developer_plus_third_party,1,1,0.22065976590165473,0.9049514142940464,True,0.00016199578810950914,1.1050317002710042
432,com.ztcx.ai::7,1,developer_plus_third_party,1,1,0.22065976590165473,0.9049514142940464,True,0.00016199578810950914,1.1050317002710042
433,com.ztcx.ai::7,1,developer_plus_third_party,0,1,0.22065976590165473,0.9049514142940464,True,0.00016199578810950914,1.1050317002710042
434,de.appack.project.tbruit::1,1,developer_plus_third_party,0,1,-0.3418870913587178,0.899484344650137,True,0.00016199578810950914,1.1117480876100845
435,de.appack.project.tbruit::1,1,developer_plus_third_party,1,1,-0.3418870913587178,0.899484344650137,True,0.00016199578810950914,1.1117480876100845
436,de.appack.project.tbruit::1,1,developer_plus_third_party,1,1,-0.3418870913587178,0.899484344650137,True,0.00016199578810950914,1.1117480876100845
437,de.appack.project.tbruit::1,1,developer_plus_third_party,0,1,-0.3418870913587178,0.899484344650137,True,0.00016199578810950914,1.1117480876100845
438,de.appack.project.tbruit::1,1,developer_plus_third_party,0,1,-0.3418870913587178,0.899484344650137,True,0.00016199578810950914,1.1117480876100845
439,de.appack.project.tbruit::1,1,developer_plus_third_party,1,1,-0.3418870913587178,0.899484344650137,True,0.00016199578810950914,1.1117480876100845
440,de.appack.project.tbruit::1,1,developer_plus_third_party,0,1,-0.3418870913587178,0.899484344650137,True,0.00016199578810950914,1.1117480876100845
441,de.appack.project.tbruit::1,1,developer_plus_third_party,0,1,-0.3418870913587178,0.899484344650137,True,0.00016199578810950914,1.1117480876100845
442,de.appack.project.tbruit::1,1,developer_plus_third_party,0,1,-0.3418870913587178,0.899484344650137,True,0.00016199578810950914,1.1117480876100845
443,de.appack.project.tbruit::1,1,developer_plus_third_party,0,1,-0.3418870913587178,0.899484344650137,True,0.00016199578810950914,1.1117480876100845
444,de.appack.project.tbruit::1,1,developer_plus_third_party,1,1,-0.3418870913587178,0.899484344650137,True,0.00016199578810950914,1.1117480876100845
445,de.appack.project.tbruit::1,1,developer_plus_third_party,0,1,-0.3418870913587178,0.899484344650137,True,0.00016199578810950914,1.1117480876100845
446,de.appack.project.tbruit::1,1,developer_plus_third_party,1,1,-0.3418870913587178,0.899484344650137,True,0.00016199578810950914,1.1117480876100845
447,de.appack.project.tbruit::1,1,developer_plus_third_party,0,1,-0.3418870913587178,0.899484344650137,True,0.00016199578810950914,1.1117480876100845
448,de.appack.project.tbruit::1,1,developer_plus_third_party,0,1,-0.3418870913587178,0.899484344650137,True,0.00016199578810950914,1.1117480876100845
449,de.appack.project.tbruit::1,1,developer_plus_third_party,0,1,-0.3418870913587178,0.899484344650137,True,0.00016199578810950914,1.1117480876100845
450,de.appack.project.tbruit::1,1,developer_plus_third_party,1,1,-0.3418870913587178,0.899484344650137,True,0.00016199578810950914,1.1117480876100845
451,de.appack.project.tbruit::1,1,developer_plus_third_party,1,1,-0.3418870913587178,0.899484344650137,True,0.00016199578810950914,1.1117480876100845
452,de.appack.project.tbruit::1,1,developer_plus_third_party,0,1,-0.3418870913587178,0.899484344650137,True,0.00016199578810950914,1.1117480876100845
453,de.appack.project.tbruit::1,1,developer_plus_third_party,0,1,-0.3418870913587178,0.899484344650137,True,0.00016199578810950914,1.1117480876100845
454,de.appack.project.tbruit::1,1,developer_plus_third_party,1,1,-0.3418870913587178,0.899484344650137,True,0.00016199578810950914,1.1117480876100845
455,de.appack.project.tbruit::1,1,developer_plus_third_party,0,1,-0.3418870913587178,0.899484344650137,True,0.00016199578810950914,1.1117480876100845
456,es.bandomovil.serrejon.informa::12,1,developer_plus_third_party,0,1,-0.5860684709413692,0.8970254844867532,True,0.00016199578810950914,1.114795529551945
457,es.bandomovil.serrejon.informa::12,1,developer_plus_third_party,0,1,-0.5860684709413692,0.8970254844867532,True,0.00016199578810950914,1.114795529551945
458,es.bandomovil.serrejon.informa::12,1,developer_plus_third_party,0,1,-0.5860684709413692,0.8970254844867532,True,0.00016199578810950914,1.114795529551945
459,es.bandomovil.serrejon.informa::12,1,developer_plus_third_party,0,1,-0.5860684709413692,0.8970254844867532,True,0.00016199578810950914,1.114795529551945
460,es.bandomovil.serrejon.informa::12,1,developer_plus_third_party,1,1,-0.5860684709413692,0.8970254844867532,True,0.00016199578810950914,1.114795529551945
461,es.bandomovil.villahermosadelrio.informa::13,1,developer_plus_third_party,0,1,-0.5843349294118264,0.8970431271081248,True,0.00016199578810950914,1.114773604278967
462,es.bandomovil.villahermosadelrio.informa::13,1,developer_plus_third_party,0,1,-0.5843349294118264,0.8970431271081248,True,0.00016199578810950914,1.114773604278967
463,es.bandomovil.villahermosadelrio.informa::13,1,developer_plus_third_party,0,1,-0.5843349294118264,0.8970431271081248,True,0.00016199578810950914,1.114773604278967
464,es.bandomovil.villahermosadelrio.informa::13,1,developer_plus_third_party,1,1,-0.5843349294118264,0.8970431271081248,True,0.00016199578810950914,1.114773604278967
465,es.bandomovil.villahermosadelrio.informa::13,1,developer_plus_third_party,0,1,-0.5843349294118264,0.8970431271081248,True,0.00016199578810950914,1.114773604278967
466,es.tpc.matchpoint.appclient.costaricatennisclub::81,1,developer_plus_third_party,0,1,-0.3046103715740428,0.8998550933493529,True,0.0008099789405475457,1.1112900370190688
467,es.tpc.matchpoint.appclient.costaricatennisclub::81,1,developer_plus_third_party,0,1,-0.3046103715740428,0.8998550933493529,True,0.00016199578810950914,1.1112900370190688
468,es.tpc.matchpoint.appclient.costaricatennisclub::81,1,developer_plus_third_party,1,1,-0.3046103715740428,0.8998550933493529,True,0.00016199578810950914,1.1112900370190688
469,es.tpc.matchpoint.appclient.costaricatennisclub::81,1,developer_plus_third_party,1,1,-0.3046103715740428,0.8998550933493529,True,0.00016199578810950914,1.1112900370190688
470,gr.activesolutions.dispatch::17,1,developer_plus_third_party,1,1,-0.6916054157301244,0.8959463610228965,True,0.00016199578810950914,1.1161382461091824
471,gr.activesolutions.dispatch::17,1,developer_plus_third_party,1,1,-0.6916054157301244,0.8959463610228965,True,0.00016199578810950914,1.1161382461091824
472,gr.activesolutions.dispatch::17,1,developer_plus_third_party,0,1,-0.6916054157301244,0.8959463610228965,True,0.00016199578810950914,1.1161382461091824
473,gr.activesolutions.dispatch::17,1,developer_plus_third_party,0,1,-0.6916054157301244,0.8959463610228965,True,0.00016199578810950914,1.1161382461091824
474,gr.activesolutions.dispatch::17,1,developer_plus_third_party,0,1,-0.6916054157301244,0.8959463610228965,True,0.00016199578810950914,1.1161382461091824
475,gr.activesolutions.dispatch::17,1,developer_plus_third_party,0,1,-0.6916054157301244,0.8959463610228965,True,0.00016199578810950914,1.1161382461091824
476,gr.activesolutions.dispatch::17,1,developer_plus_third_party,0,1,-0.6916054157301244,0.8959463610228965,True,0.00016199578810950914,1.1161382461091824
477,gr.activesolutions.dispatch::17,1,developer_plus_third_party,0,1,-0.6916054157301244,0.8959463610228965,True,0.00016199578810950914,1.1161382461091824
478,gr.activesolutions.dispatch::17,1,developer_plus_third_party,0,1,-0.6916054157301244,0.8959463610228965,True,0.00016199578810950914,1.1161382461091824
479,gr.activesolutions.dispatch::17,1,developer_plus_third_party,1,1,-0.6916054157301244,0.8959463610228965,True,0.00016199578810950914,1.1161382461091824
480,gr.activesolutions.dispatch::17,1,developer_plus_third_party,1,1,-0.6916054157301244,0.8959463610228965,True,0.00016199578810950914,1.1161382461091824
481,ie.flipdish.fd18090::81467,1,developer_plus_third_party,0,1,0.15457615955648155,0.904323251124027,True,0.00016199578810950914,1.1057992800218857
482,ie.flipdish.fd18090::81467,1,developer_plus_third_party,0,1,0.15457615955648155,0.904323251124027,True,0.00016199578810950914,1.1057992800218857
483,ie.flipdish.fd18090::81467,1,developer_plus_third_party,1,1,0.15457615955648155,0.904323251124027,True,0.00016199578810950914,1.1057992800218857
484,ie.flipdish.fd18090::81467,1,developer_plus_third_party,0,1,0.15457615955648155,0.904323251124027,True,0.00016199578810950914,1.1057992800218857
485,ie.flipdish.fd18090::81467,1,developer_plus_third_party,1,1,0.15457615955648155,0.904323251124027,True,0.00016199578810950914,1.1057992800218857
486,ie.flipdish.fd18090::81467,1,developer_plus_third_party,1,1,0.15457615955648155,0.904323251124027,True,0.00016199578810950914,1.1057992800218857
487,ie.flipdish.fd18090::81467,1,developer_plus_third_party,0,1,0.15457615955648155,0.904323251124027,True,0.00016199578810950914,1.1057992800218857
488,ie.flipdish.fd18090::81467,1,developer_plus_third_party,0,1,0.15457615955648155,0.904323251124027,True,0.00016199578810950914,1.1057992800218857
489,ie.flipdish.fd18090::81467,1,developer_plus_third_party,0,1,0.15457615955648155,0.904323251124027,True,0.00016199578810950914,1.1057992800218857
490,ie.flipdish.fd18090::81467,1,developer_plus_third_party,0,1,0.15457615955648155,0.904323251124027,True,0.00016199578810950914,1.1057992800218857
491,ie.flipdish.fd18090::81467,1,developer_plus_third_party,0,1,0.15457615955648155,0.904323251124027,True,0.00016199578810950914,1.1057992800218857
492,ie.flipdish.fd18090::81467,1,developer_plus_third_party,1,1,0.15457615955648155,0.904323251124027,True,0.00016199578810950914,1.1057992800218857
493,ie.flipdish.fd18090::81467,1,developer_plus_third_party,0,1,0.15457615955648155,0.904323251124027,True,0.00016199578810950914,1.1057992800218857
494,ie.flipdish.fd18090::81467,1,developer_plus_third_party,1,1,0.15457615955648155,0.904323251124027,True,0.00016199578810950914,1.1057992800218857
495,ie.flipdish.fd18090::81467,1,developer_plus_third_party,0,1,0.15457615955648155,0.904323251124027,True,0.00016199578810950914,1.1057992800218857
496,ie.flipdish.fd18090::81467,1,developer_plus_third_party,0,1,0.15457615955648155,0.904323251124027,True,0.00016199578810950914,1.1057992800218857
497,ie.flipdish.fd18090::81467,1,developer_plus_third_party,1,1,0.15457615955648155,0.904323251124027,True,0.00016199578810950914,1.1057992800218857
498,ie.flipdish.fd18090::81467,1,developer_plus_third_party,0,1,0.15457615955648155,0.904323251124027,True,0.00016199578810950914,1.1057992800218857
499,ie.flipdish.fd18090::81467,1,developer_plus_third_party,0,1,0.15457615955648155,0.904323251124027,True,0.00016199578810950914,1.1057992800218857
500,ie.flipdish.fd18090::81467,1,developer_plus_third_party,1,1,0.15457615955648155,0.904323251124027,True,0.00016199578810950914,1.1057992800218857
501,ie.flipdish.fd18090::81467,1,developer_plus_third_party,1,1,0.15457615955648155,0.904323251124027,True,0.00016199578810950914,1.1057992800218857
502,ie.flipdish.fd18090::81467,1,developer_plus_third_party,0,1,0.15457615955648155,0.904323251124027,True,0.00016199578810950914,1.1057992800218857
503,ie.flipdish.fd18090::81467,1,developer_plus_third_party,0,1,0.15457615955648155,0.904323251124027,True,0.00016199578810950914,1.1057992800218857
504,ie.flipdish.fd18090::81467,1,developer_plus_third_party,0,1,0.15457615955648155,0.904323251124027,True,0.00016199578810950914,1.1057992800218857
505,ie.flipdish.fd18090::81467,1,developer_plus_third_party,1,1,0.15457615955648155,0.904323251124027,True,0.00016199578810950914,1.1057992800218857
506,ie.flipdish.fd18090::81467,1,developer_plus_third_party,0,1,0.15457615955648155,0.904323251124027,True,0.00016199578810950914,1.1057992800218857
507,ie.flipdish.fd18090::81467,1,developer_plus_third_party,1,1,0.15457615955648155,0.904323251124027,True,0.00016199578810950914,1.1057992800218857
508,ie.flipdish.fd18090::81467,1,developer_plus_third_party,1,1,0.15457615955648155,0.904323251124027,True,0.00016199578810950914,1.1057992800218857
509,ie.flipdish.fd3678::52777,1,developer_plus_third_party,0,1,0.15744708713112654,0.904350617926413,True,0.00016199578810950914,1.1057658171262177
510,ie.flipdish.fd3678::52777,1,developer_plus_third_party,0,1,0.15744708713112654,0.904350617926413,True,0.00016199578810950914,1.1057658171262177
511,ie.flipdish.fd3678::52777,1,developer_plus_third_party,1,1,0.15744708713112654,0.904350617926413,True,0.00016199578810950914,1.1057658171262177
512,ie.flipdish.fd3678::52777,1,developer_plus_third_party,0,1,0.15744708713112654,0.904350617926413,True,0.00016199578810950914,1.1057658171262177
513,ie.flipdish.fd3678::52777,1,developer_plus_third_party,1,1,0.15744708713112654,0.904350617926413,True,0.00016199578810950914,1.1057658171262177
514,ie.flipdish.fd3678::52777,1,developer_plus_third_party,0,1,0.15744708713112654,0.904350617926413,True,0.00016199578810950914,1.1057658171262177
515,ie.flipdish.fd3678::52777,1,developer_plus_third_party,1,1,0.15744708713112654,0.904350617926413,True,0.00016199578810950914,1.1057658171262177
516,ie.flipdish.fd3678::52777,1,developer_plus_third_party,0,1,0.15744708713112654,0.904350617926413,True,0.00016199578810950914,1.1057658171262177
517,ie.flipdish.fd3678::52777,1,developer_plus_third_party,0,1,0.15744708713112654,0.904350617926413,True,0.00016199578810950914,1.1057658171262177
518,ie.flipdish.fd3678::52777,1,developer_plus_third_party,0,1,0.15744708713112654,0.904350617926413,True,0.00016199578810950914,1.1057658171262177
519,ie.flipdish.fd3678::52777,1,developer_plus_third_party,0,1,0.15744708713112654,0.904350617926413,True,0.00016199578810950914,1.1057658171262177
520,ie.flipdish.fd3678::52777,1,developer_plus_third_party,1,1,0.15744708713112654,0.904350617926413,True,0.00016199578810950914,1.1057658171262177
521,ie.flipdish.fd3678::52777,1,developer_plus_third_party,0,1,0.15744708713112654,0.904350617926413,True,0.00016199578810950914,1.1057658171262177
522,ie.flipdish.fd3678::52777,1,developer_plus_third_party,1,1,0.15744708713112654,0.904350617926413,True,0.00016199578810950914,1.1057658171262177
523,ie.flipdish.fd3678::52777,1,developer_plus_third_party,0,1,0.15744708713112654,0.904350617926413,True,0.00016199578810950914,1.1057658171262177
524,ie.flipdish.fd3678::52777,1,developer_plus_third_party,1,1,0.15744708713112654,0.904350617926413,True,0.00016199578810950914,1.1057658171262177
525,ie.flipdish.fd3678::52777,1,developer_plus_third_party,0,1,0.15744708713112654,0.904350617926413,True,0.00016199578810950914,1.1057658171262177
526,ie.flipdish.fd3678::52777,1,developer_plus_third_party,1,1,0.15744708713112654,0.904350617926413,True,0.00016199578810950914,1.1057658171262177
527,ie.flipdish.fd3678::52777,1,developer_plus_third_party,0,1,0.15744708713112654,0.904350617926413,True,0.00016199578810950914,1.1057658171262177
528,ie.flipdish.fd3678::52777,1,developer_plus_third_party,0,1,0.15744708713112654,0.904350617926413,True,0.00016199578810950914,1.1057658171262177
529,ie.flipdish.fd3678::52777,1,developer_plus_third_party,0,1,0.15744708713112654,0.904350617926413,True,0.00016199578810950914,1.1057658171262177
530,ie.flipdish.fd3678::52777,1,developer_plus_third_party,1,1,0.15744708713112654,0.904350617926413,True,0.00016199578810950914,1.1057658171262177
531,ie.flipdish.fd3678::52777,1,developer_plus_third_party,1,1,0.15744708713112654,0.904350617926413,True,0.00016199578810950914,1.1057658171262177
532,ie.flipdish.fd3678::52777,1,developer_plus_third_party,0,1,0.15744708713112654,0.904350617926413,True,0.00016199578810950914,1.1057658171262177
533,ie.flipdish.fd3678::52777,1,developer_plus_third_party,0,1,0.15744708713112654,0.904350617926413,True,0.00016199578810950914,1.1057658171262177
534,ie.flipdish.fd3678::52777,1,developer_plus_third_party,1,1,0.15744708713112654,0.904350617926413,True,0.00016199578810950914,1.1057658171262177
535,ie.flipdish.fd3678::52777,1,developer_plus_third_party,0,1,0.15744708713112654,0.904350617926413,True,0.00016199578810950914,1.1057658171262177
536,ie.flipdish.fd3678::52777,1,developer_plus_third_party,1,1,0.15744708713112654,0.904350617926413,True,0.00016199578810950914,1.1057658171262177
537,ie.flipdish.fd3678::52777,1,developer_plus_third_party,1,1,0.15744708713112654,0.904350617926413,True,0.00016199578810950914,1.1057658171262177
538,io.github.withlet11.skyclock::11,1,developer_plus_third_party,1,1,-0.4879905237323602,0.8980194459905616,True,0.00016199578810950914,1.113561632172618
539,mobile.en.com.educationalnetworksmobile.wheeler::15,1,developer_plus_third_party,1,1,0.6426179304734873,0.9088759656043165,True,0.0003239915762190183,1.1002601431264547
540,mobile.en.com.educationalnetworksmobile.wheeler::15,1,developer_plus_third_party,0,1,0.6426179304734873,0.9088759656043165,True,0.00016199578810950914,1.1002601431264547
541,mobile.en.com.educationalnetworksmobile.wheeler::15,1,developer_plus_third_party,1,1,0.6426179304734873,0.9088759656043165,True,0.00016199578810950914,1.1002601431264547
542,mobile.en.com.educationalnetworksmobile.wheeler::15,1,developer_plus_third_party,0,1,0.6426179304734873,0.9088759656043165,True,0.00016199578810950914,1.1002601431264547
543,mobile.en.com.educationalnetworksmobile.wheeler::15,1,developer_plus_third_party,0,1,0.6426179304734873,0.9088759656043165,True,0.00016199578810950914,1.1002601431264547
544,mobile.en.com.educationalnetworksmobile.wheeler::15,1,developer_plus_third_party,1,1,0.6426179304734873,0.9088759656043165,True,0.00016199578810950914,1.1002601431264547
545,mobile.en.com.educationalnetworksmobile.wheeler::15,1,developer_plus_third_party,0,1,0.6426179304734873,0.9088759656043165,True,0.00016199578810950914,1.1002601431264547
546,mobile.en.com.educationalnetworksmobile.wheeler::15,1,developer_plus_third_party,1,1,0.6426179304734873,0.9088759656043165,True,0.00016199578810950914,1.1002601431264547
547,mobile.en.com.educationalnetworksmobile.wheeler::15,1,developer_plus_third_party,0,1,0.6426179304734873,0.9088759656043165,True,0.00016199578810950914,1.1002601431264547
548,mobile.en.com.educationalnetworksmobile.wheeler::15,1,developer_plus_third_party,0,1,0.6426179304734873,0.9088759656043165,True,0.00016199578810950914,1.1002601431264547
549,mobile.en.com.educationalnetworksmobile.wheeler::15,1,developer_plus_third_party,0,1,0.6426179304734873,0.9088759656043165,True,0.00016199578810950914,1.1002601431264547
550,mobile.en.com.educationalnetworksmobile.wheeler::15,1,developer_plus_third_party,1,1,0.6426179304734873,0.9088759656043165,True,0.00016199578810950914,1.1002601431264547
551,mobile.en.com.educationalnetworksmobile.wheeler::15,1,developer_plus_third_party,0,1,0.6426179304734873,0.9088759656043165,True,0.00016199578810950914,1.1002601431264547
552,mobile.en.com.educationalnetworksmobile.wheeler::15,1,developer_plus_third_party,0,1,0.6426179304734873,0.9088759656043165,True,0.00016199578810950914,1.1002601431264547
553,mobile.en.com.educationalnetworksmobile.wheeler::15,1,developer_plus_third_party,1,1,0.6426179304734873,0.9088759656043165,True,0.00016199578810950914,1.1002601431264547
554,mobile.en.com.educationalnetworksmobile.wheeler::15,1,developer_plus_third_party,0,1,0.6426179304734873,0.9088759656043165,True,0.00016199578810950914,1.1002601431264547
555,mobile.en.com.educationalnetworksmobile.wheeler::15,1,developer_plus_third_party,0,1,0.6426179304734873,0.9088759656043165,True,0.00016199578810950914,1.1002601431264547
556,mobile.en.com.educationalnetworksmobile.wheeler::15,1,developer_plus_third_party,1,1,0.6426179304734873,0.9088759656043165,True,0.00016199578810950914,1.1002601431264547
557,mobile.en.com.educationalnetworksmobile.wheeler::15,1,developer_plus_third_party,0,1,0.6426179304734873,0.9088759656043165,True,0.00016199578810950914,1.1002601431264547
558,mobile.en.com.educationalnetworksmobile.wheeler::15,1,developer_plus_third_party,1,1,0.6426179304734873,0.9088759656043165,True,0.00016199578810950914,1.1002601431264547
559,mobile.en.com.educationalnetworksmobile.wheeler::15,1,developer_plus_third_party,0,1,0.6426179304734873,0.9088759656043165,True,0.00016199578810950914,1.1002601431264547
560,mobile.en.com.educationalnetworksmobile.wheeler::15,1,developer_plus_third_party,1,1,0.6426179304734873,0.9088759656043165,True,0.00016199578810950914,1.1002601431264547
561,mobile.en.com.educationalnetworksmobile.wheeler::15,1,developer_plus_third_party,0,1,0.6426179304734873,0.9088759656043165,True,0.00016199578810950914,1.1002601431264547
562,mobile.en.com.educationalnetworksmobile.wheeler::15,1,developer_plus_third_party,0,1,0.6426179304734873,0.9088759656043165,True,0.00016199578810950914,1.1002601431264547
563,mobile.en.com.educationalnetworksmobile.wheeler::15,1,developer_plus_third_party,1,1,0.6426179304734873,0.9088759656043165,True,0.00016199578810950914,1.1002601431264547
564,mobile.en.com.educationalnetworksmobile.wheeler::15,1,developer_plus_third_party,1,1,0.6426179304734873,0.9088759656043165,True,0.00016199578810950914,1.1002601431264547
565,nl.oosternijkerk::12,1,developer_plus_third_party,1,1,-0.5063742755532179,0.8978337875680422,True,0.00016199578810950914,1.1137918998445078
566,radfan.yemoney::567,1,developer_plus_third_party,1,1,-0.42169264386456345,0.898686509479542,True,0.0025919326097521454,1.112735074413359
567,radfan.yemoney::567,1,developer_plus_third_party,1,1,-0.42169264386456345,0.898686509479542,True,0.00016199578810950914,1.112735074413359
568,radfan.yemoney::567,1,developer_plus_third_party,1,1,-0.42169264386456345,0.898686509479542,True,0.00016199578810950914,1.112735074413359
569,radfan.yemoney::567,1,developer_plus_third_party,1,1,-0.42169264386456345,0.898686509479542,True,0.00016199578810950914,1.112735074413359
570,radfan.yemoney::567,1,developer_plus_third_party,0,1,-0.42169264386456345,0.898686509479542,True,0.00016199578810950914,1.112735074413359
571,radfan.yemoney::567,1,developer_plus_third_party,0,1,-0.42169264386456345,0.898686509479542,True,0.00016199578810950914,1.112735074413359
572,radfan.yemoney::567,1,developer_plus_third_party,1,1,-0.42169264386456345,0.898686509479542,True,0.00016199578810950914,1.112735074413359
573,radfan.yemoney::567,1,developer_plus_third_party,0,1,-0.42169264386456345,0.898686509479542,True,0.00016199578810950914,1.112735074413359
574,radfan.yemoney::567,1,developer_plus_third_party,0,1,-0.42169264386456345,0.898686509479542,True,0.00016199578810950914,1.112735074413359
575,radfan.yemoney::567,1,developer_plus_third_party,0,1,-0.42169264386456345,0.898686509479542,True,0.00016199578810950914,1.112735074413359
576,radfan.yemoney::567,1,developer_plus_third_party,0,1,-0.42169264386456345,0.898686509479542,True,0.00016199578810950914,1.112735074413359
577,radfan.yemoney::567,1,developer_plus_third_party,0,1,-0.42169264386456345,0.898686509479542,True,0.00016199578810950914,1.112735074413359
578,radfan.yemoney::567,1,developer_plus_third_party,0,1,-0.42169264386456345,0.898686509479542,True,0.00016199578810950914,1.112735074413359
579,radfan.yemoney::567,1,developer_plus_third_party,1,1,-0.42169264386456345,0.898686509479542,True,0.00016199578810950914,1.112735074413359
580,radfan.yemoney::567,1,developer_plus_third_party,1,1,-0.42169264386456345,0.898686509479542,True,0.00016199578810950914,1.112735074413359
581,ru.domopult.sajva.android::894,1,developer_plus_third_party,1,1,-0.24360608471690182,0.9004592112665842,True,0.00016199578810950914,1.1105444727400833
582,ru.domopult.sajva.android::894,1,developer_plus_third_party,0,1,-0.24360608471690182,0.9004592112665842,True,0.00016199578810950914,1.1105444727400833
583,ru.domopult.sajva.android::894,1,developer_plus_third_party,1,1,-0.24360608471690182,0.9004592112665842,True,0.00016199578810950914,1.1105444727400833
584,ru.domopult.sajva.android::894,1,developer_plus_third_party,0,1,-0.24360608471690182,0.9004592112665842,True,0.00016199578810950914,1.1105444727400833
585,ru.domopult.sajva.android::894,1,developer_plus_third_party,0,1,-0.24360608471690182,0.9004592112665842,True,0.00016199578810950914,1.1105444727400833
586,ru.domopult.sajva.android::894,1,developer_plus_third_party,1,1,-0.24360608471690182,0.9004592112665842,True,0.00016199578810950914,1.1105444727400833
587,ru.domopult.sajva.android::894,1,developer_plus_third_party,0,1,-0.24360608471690182,0.9004592112665842,True,0.00016199578810950914,1.1105444727400833
588,ru.domopult.sajva.android::894,1,developer_plus_third_party,0,1,-0.24360608471690182,0.9004592112665842,True,0.00016199578810950914,1.1105444727400833
589,ru.domopult.sajva.android::894,1,developer_plus_third_party,1,1,-0.24360608471690182,0.9004592112665842,True,0.00016199578810950914,1.1105444727400833
590,ru.domopult.sajva.android::894,1,developer_plus_third_party,1,1,-0.24360608471690182,0.9004592112665842,True,0.00016199578810950914,1.1105444727400833
591,ru.domopult.sajva.android::894,1,developer_plus_third_party,1,1,-0.24360608471690182,0.9004592112665842,True,0.00016199578810950914,1.1105444727400833
592,ru.domopult.sajva.android::894,1,developer_plus_third_party,0,1,-0.24360608471690182,0.9004592112665842,True,0.00016199578810950914,1.1105444727400833
593,ru.domopult.sajva.android::894,1,developer_plus_third_party,1,1,-0.24360608471690182,0.9004592112665842,True,0.00016199578810950914,1.1105444727400833
594,ru.domopult.sajva.android::894,1,developer_plus_third_party,0,1,-0.24360608471690182,0.9004592112665842,True,0.00016199578810950914,1.1105444727400833
595,ru.domopult.sajva.android::894,1,developer_plus_third_party,0,1,-0.24360608471690182,0.9004592112665842,True,0.00016199578810950914,1.1105444727400833
596,ru.domopult.sajva.android::894,1,developer_plus_third_party,0,1,-0.24360608471690182,0.9004592112665842,True,0.00016199578810950914,1.1105444727400833
597,ru.domopult.sajva.android::894,1,developer_plus_third_party,0,1,-0.24360608471690182,0.9004592112665842,True,0.00016199578810950914,1.1105444727400833
598,ru.domopult.sajva.android::894,1,developer_plus_third_party,0,1,-0.24360608471690182,0.9004592112665842,True,0.00016199578810950914,1.1105444727400833
599,ru.domopult.sajva.android::894,1,developer_plus_third_party,0,1,-0.24360608471690182,0.9004592112665842,True,0.00016199578810950914,1.1105444727400833
600,ru.domopult.sajva.android::894,1,developer_plus_third_party,0,1,-0.24360608471690182,0.9004592112665842,True,0.00016199578810950914,1.1105444727400833
601,ru.domopult.sajva.android::894,1,developer_plus_third_party,1,1,-0.24360608471690182,0.9004592112665842,True,0.00016199578810950914,1.1105444727400833
602,ru.domopult.sajva.android::894,1,developer_plus_third_party,1,1,-0.24360608471690182,0.9004592112665842,True,0.00016199578810950914,1.1105444727400833
603,ru.domopult.sajva.android::894,1,developer_plus_third_party,0,1,-0.24360608471690182,0.9004592112665842,True,0.00016199578810950914,1.1105444727400833
604,ru.domopult.sajva.android::894,1,developer_plus_third_party,1,1,-0.24360608471690182,0.9004592112665842,True,0.00016199578810950914,1.1105444727400833
605,ru.domopult.sajva.android::894,1,developer_plus_third_party,1,1,-0.24360608471690182,0.9004592112665842,True,0.00016199578810950914,1.1105444727400833
606,ru.domopult.sajva.android::894,1,developer_plus_third_party,1,1,-0.24360608471690182,0.9004592112665842,True,0.00016199578810950914,1.1105444727400833
607,articulate.industrial.skill::25,1,developer_plus_third_party,0,7,-0.027571648538125826,0.9225294051805966,True,0.00016199578810950914,1.0839762877848187
608,articulate.industrial.skill::25,1,developer_plus_third_party,1,7,-0.027571648538125826,0.9225294051805966,True,0.00016199578810950914,1.0839762877848187
609,articulate.industrial.skill::25,1,developer_plus_third_party,0,7,-0.027571648538125826,0.9225294051805966,True,0.00016199578810950914,1.0839762877848187
610,articulate.industrial.skill::25,1,developer_plus_third_party,1,7,-0.027571648538125826,0.9225294051805966,True,0.00016199578810950914,1.0839762877848187
611,articulate.industrial.skill::25,1,developer_plus_third_party,0,7,-0.027571648538125826,0.9225294051805966,True,0.00016199578810950914,1.0839762877848187
612,articulate.industrial.skill::25,1,developer_plus_third_party,0,7,-0.027571648538125826,0.9225294051805966,True,0.00016199578810950914,1.0839762877848187
613,articulate.industrial.skill::25,1,developer_plus_third_party,0,7,-0.027571648538125826,0.9225294051805966,True,0.00016199578810950914,1.0839762877848187
614,articulate.industrial.skill::25,1,developer_plus_third_party,0,7,-0.027571648538125826,0.9225294051805966,True,0.00016199578810950914,1.0839762877848187
615,articulate.industrial.skill::25,1,developer_plus_third_party,1,7,-0.027571648538125826,0.9225294051805966,True,0.00016199578810950914,1.0839762877848187
616,articulate.industrial.skill::25,1,developer_plus_third_party,0,7,-0.027571648538125826,0.9225294051805966,True,0.00016199578810950914,1.0839762877848187
617,articulate.industrial.skill::25,1,developer_plus_third_party,0,7,-0.027571648538125826,0.9225294051805966,True,0.00016199578810950914,1.0839762877848187
618,articulate.industrial.skill::25,1,developer_plus_third_party,1,7,-0.027571648538125826,0.9225294051805966,True,0.00016199578810950914,1.0839762877848187
619,articulate.industrial.skill::25,1,developer_plus_third_party,0,7,-0.027571648538125826,0.9225294051805966,True,0.00016199578810950914,1.0839762877848187
620,articulate.industrial.skill::25,1,developer_plus_third_party,0,7,-0.027571648538125826,0.9225294051805966,True,0.00016199578810950914,1.0839762877848187
621,articulate.industrial.skill::25,1,developer_plus_third_party,0,7,-0.027571648538125826,0.9225294051805966,True,0.00016199578810950914,1.0839762877848187
622,articulate.industrial.skill::25,1,developer_plus_third_party,1,7,-0.027571648538125826,0.9225294051805966,True,0.00016199578810950914,1.0839762877848187
623,articulate.industrial.skill::25,1,developer_plus_third_party,0,7,-0.027571648538125826,0.9225294051805966,True,0.00016199578810950914,1.0839762877848187
624,articulate.industrial.skill::25,1,developer_plus_third_party,1,7,-0.027571648538125826,0.9225294051805966,True,0.00016199578810950914,1.0839762877848187
625,articulate.industrial.skill::25,1,developer_plus_third_party,0,7,-0.027571648538125826,0.9225294051805966,True,0.00016199578810950914,1.0839762877848187
626,articulate.industrial.skill::25,1,developer_plus_third_party,0,7,-0.027571648538125826,0.9225294051805966,True,0.00016199578810950914,1.0839762877848187
627,articulate.industrial.skill::25,1,developer_plus_third_party,1,7,-0.027571648538125826,0.9225294051805966,True,0.00016199578810950914,1.0839762877848187
628,articulate.industrial.skill::25,1,developer_plus_third_party,0,7,-0.027571648538125826,0.9225294051805966,True,0.00016199578810950914,1.0839762877848187
629,articulate.industrial.skill::25,1,developer_plus_third_party,1,7,-0.027571648538125826,0.9225294051805966,True,0.00016199578810950914,1.0839762877848187
630,articulate.industrial.skill::25,1,developer_plus_third_party,0,7,-0.027571648538125826,0.9225294051805966,True,0.00016199578810950914,1.0839762877848187
631,articulate.industrial.skill::25,1,developer_plus_third_party,1,7,-0.027571648538125826,0.9225294051805966,True,0.00016199578810950914,1.0839762877848187
632,articulate.industrial.skill::25,1,developer_plus_third_party,0,7,-0.027571648538125826,0.9225294051805966,True,0.00016199578810950914,1.0839762877848187
633,articulate.industrial.skill::25,1,developer_plus_third_party,1,7,-0.027571648538125826,0.9225294051805966,True,0.00016199578810950914,1.0839762877848187
634,articulate.industrial.skill::25,1,developer_plus_third_party,0,7,-0.027571648538125826,0.9225294051805966,True,0.00016199578810950914,1.0839762877848187
635,articulate.industrial.skill::25,1,developer_plus_third_party,0,7,-0.027571648538125826,0.9225294051805966,True,0.00016199578810950914,1.0839762877848187
636,articulate.industrial.skill::25,1,developer_plus_third_party,1,7,-0.027571648538125826,0.9225294051805966,True,0.00016199578810950914,1.0839762877848187
637,articulate.industrial.skill::25,1,developer_plus_third_party,1,7,-0.027571648538125826,0.9225294051805966,True,0.00016199578810950914,1.0839762877848187
638,articulate.industrial.skill::25,1,developer_plus_third_party,1,7,-0.027571648538125826,0.9225294051805966,True,0.00016199578810950914,1.0839762877848187
639,articulate.industrial.skill::25,1,developer_plus_third_party,1,7,-0.027571648538125826,0.9225294051805966,True,0.00016199578810950914,1.0839762877848187
640,articulate.industrial.skill::25,1,developer_plus_third_party,1,7,-0.027571648538125826,0.9225294051805966,True,0.00016199578810950914,1.0839762877848187
641,articulate.industrial.skill::25,1,developer_plus_third_party,0,7,-0.027571648538125826,0.9225294051805966,True,0.00016199578810950914,1.0839762877848187
642,articulate.industrial.skill::25,1,developer_plus_third_party,1,7,-0.027571648538125826,0.9225294051805966,True,0.00016199578810950914,1.0839762877848187
643,articulate.industrial.skill::25,1,developer_plus_third_party,1,7,-0.027571648538125826,0.9225294051805966,True,0.00016199578810950914,1.0839762877848187
644,articulate.industrial.skill::25,1,developer_plus_third_party,1,7,-0.027571648538125826,0.9225294051805966,True,0.00016199578810950914,1.0839762877848187
645,articulate.industrial.skill::25,1,developer_plus_third_party,1,7,-0.027571648538125826,0.9225294051805966,True,0.00016199578810950914,1.0839762877848187
646,articulate.industrial.skill::25,1,developer_plus_third_party,1,7,-0.027571648538125826,0.9225294051805966,True,0.00016199578810950914,1.0839762877848187
647,articulate.industrial.skill::25,1,developer_plus_third_party,1,7,-0.027571648538125826,0.9225294051805966,True,0.00016199578810950914,1.0839762877848187
648,at.oamtc.cityguide::30700003,1,developer_plus_third_party,1,7,6.79176146642191,0.9618971080439721,False,0.00016199578810950914,1.0396122325739294
649,at.oamtc.cityguide::30700003,1,developer_plus_third_party,1,7,6.79176146642191,0.9618971080439721,False,0.00016199578810950914,1.0396122325739294
650,at.oamtc.cityguide::30700003,1,developer_plus_third_party,1,7,6.79176146642191,0.9618971080439721,False,0.00016199578810950914,1.0396122325739294
651,at.oamtc.cityguide::30700003,1,developer_plus_third_party,1,7,6.79176146642191,0.9618971080439721,False,0.00016199578810950914,1.0396122325739294
652,at.oamtc.cityguide::30700003,1,developer_plus_third_party,0,7,6.79176146642191,0.9618971080439721,False,0.00016199578810950914,1.0396122325739294
653,at.oamtc.cityguide::30700003,1,developer_plus_third_party,0,7,6.79176146642191,0.9618971080439721,False,0.00016199578810950914,1.0396122325739294
654,at.oamtc.cityguide::30700003,1,developer_plus_third_party,0,7,6.79176146642191,0.9618971080439721,False,0.00016199578810950914,1.0396122325739294
655,at.oamtc.cityguide::30700003,1,developer_plus_third_party,0,7,6.79176146642191,0.9618971080439721,False,0.00016199578810950914,1.0396122325739294
656,at.oamtc.cityguide::30700003,1,developer_plus_third_party,1,7,6.79176146642191,0.9618971080439721,False,0.00016199578810950914,1.0396122325739294
657,at.oamtc.cityguide::30700003,1,developer_plus_third_party,1,7,6.79176146642191,0.9618971080439721,False,0.00016199578810950914,1.0396122325739294
658,at.oamtc.cityguide::30700003,1,developer_plus_third_party,1,7,6.79176146642191,0.9618971080439721,False,0.00016199578810950914,1.0396122325739294
659,at.oamtc.cityguide::30700003,1,developer_plus_third_party,1,7,6.79176146642191,0.9618971080439721,False,0.00016199578810950914,1.0396122325739294
660,at.oamtc.cityguide::30700003,1,developer_plus_third_party,1,7,6.79176146642191,0.9618971080439721,False,0.00016199578810950914,1.0396122325739294
661,at.oamtc.cityguide::30700003,1,developer_plus_third_party,1,7,6.79176146642191,0.9618971080439721,False,0.00016199578810950914,1.0396122325739294
662,at.oamtc.cityguide::30700003,1,developer_plus_third_party,1,7,6.79176146642191,0.9618971080439721,False,0.00016199578810950914,1.0396122325739294
663,at.oamtc.cityguide::30700003,1,developer_plus_third_party,1,7,6.79176146642191,0.9618971080439721,False,0.00016199578810950914,1.0396122325739294
664,at.oamtc.cityguide::30700003,1,developer_plus_third_party,1,7,6.79176146642191,0.9618971080439721,False,0.00016199578810950914,1.0396122325739294
665,at.oamtc.cityguide::30700003,1,developer_plus_third_party,0,7,6.79176146642191,0.9618971080439721,False,0.00016199578810950914,1.0396122325739294
666,at.oamtc.cityguide::30700003,1,developer_plus_third_party,0,7,6.79176146642191,0.9618971080439721,False,0.00016199578810950914,1.0396122325739294
667,at.oamtc.cityguide::30700003,1,developer_plus_third_party,0,7,6.79176146642191,0.9618971080439721,False,0.00016199578810950914,1.0396122325739294
668,at.oamtc.cityguide::30700003,1,developer_plus_third_party,0,7,6.79176146642191,0.9618971080439721,False,0.00016199578810950914,1.0396122325739294
669,at.oamtc.cityguide::30700003,1,developer_plus_third_party,0,7,6.79176146642191,0.9618971080439721,False,0.00016199578810950914,1.0396122325739294
670,at.oamtc.cityguide::30700003,1,developer_plus_third_party,0,7,6.79176146642191,0.9618971080439721,False,0.00016199578810950914,1.0396122325739294
671,at.oamtc.cityguide::30700003,1,developer_plus_third_party,1,7,6.79176146642191,0.9618971080439721,False,0.00016199578810950914,1.0396122325739294
672,at.oamtc.cityguide::30700003,1,developer_plus_third_party,1,7,6.79176146642191,0.9618971080439721,False,0.00016199578810950914,1.0396122325739294
673,at.oamtc.cityguide::30700003,1,developer_plus_third_party,0,7,6.79176146642191,0.9618971080439721,False,0.00016199578810950914,1.0396122325739294
674,at.oamtc.cityguide::30700003,1,developer_plus_third_party,1,7,6.79176146642191,0.9618971080439721,False,0.00016199578810950914,1.0396122325739294
675,at.oamtc.cityguide::30700003,1,developer_plus_third_party,0,7,6.79176146642191,0.9618971080439721,False,0.00016199578810950914,1.0396122325739294
676,at.oamtc.cityguide::30700003,1,developer_plus_third_party,1,7,6.79176146642191,0.9618971080439721,False,0.00016199578810950914,1.0396122325739294
677,at.oamtc.cityguide::30700003,1,developer_plus_third_party,0,7,6.79176146642191,0.9618971080439721,False,0.00016199578810950914,1.0396122325739294
678,at.oamtc.cityguide::30700003,1,developer_plus_third_party,0,7,6.79176146642191,0.9618971080439721,False,0.00016199578810950914,1.0396122325739294
679,at.oamtc.cityguide::30700003,1,developer_plus_third_party,1,7,6.79176146642191,0.9618971080439721,False,0.00016199578810950914,1.0396122325739294
680,at.oamtc.cityguide::30700003,1,developer_plus_third_party,0,7,6.79176146642191,0.9618971080439721,False,0.00016199578810950914,1.0396122325739294
681,at.oamtc.cityguide::30700003,1,developer_plus_third_party,0,7,6.79176146642191,0.9618971080439721,False,0.00016199578810950914,1.0396122325739294
682,at.oamtc.cityguide::30700003,1,developer_plus_third_party,1,7,6.79176146642191,0.9618971080439721,False,0.00016199578810950914,1.0396122325739294
683,at.oamtc.cityguide::30700003,1,developer_plus_third_party,1,7,6.79176146642191,0.9618971080439721,False,0.00016199578810950914,1.0396122325739294
684,at.oamtc.cityguide::30700003,1,developer_plus_third_party,1,7,6.79176146642191,0.9618971080439721,False,0.00016199578810950914,1.0396122325739294
685,at.oamtc.cityguide::30700003,1,developer_plus_third_party,1,7,6.79176146642191,0.9618971080439721,False,0.00016199578810950914,1.0396122325739294
686,at.oamtc.cityguide::30700003,1,developer_plus_third_party,1,7,6.79176146642191,0.9618971080439721,False,0.00016199578810950914,1.0396122325739294
687,at.oamtc.cityguide::30700003,1,developer_plus_third_party,0,7,6.79176146642191,0.9618971080439721,False,0.00016199578810950914,1.0396122325739294
688,at.oamtc.cityguide::30700003,1,developer_plus_third_party,1,7,6.79176146642191,0.9618971080439721,False,0.00016199578810950914,1.0396122325739294
689,at.oamtc.cityguide::30700003,1,developer_plus_third_party,1,7,6.79176146642191,0.9618971080439721,False,0.00016199578810950914,1.0396122325739294
690,at.oamtc.cityguide::30700003,1,developer_plus_third_party,1,7,6.79176146642191,0.9618971080439721,False,0.00016199578810950914,1.0396122325739294
691,at.oamtc.cityguide::30700003,1,developer_plus_third_party,1,7,6.79176146642191,0.9618971080439721,False,0.00016199578810950914,1.0396122325739294
692,at.oamtc.cityguide::30700003,1,developer_plus_third_party,1,7,6.79176146642191,0.9618971080439721,False,0.00016199578810950914,1.0396122325739294
693,at.oamtc.cityguide::30700003,1,developer_plus_third_party,1,7,6.79176146642191,0.9618971080439721,False,0.00016199578810950914,1.0396122325739294
694,at.oamtc.cityguide::30700003,1,developer_plus_third_party,1,7,6.79176146642191,0.9618971080439721,False,0.00016199578810950914,1.0396122325739294
695,biblia.de.estudio.reina.valera::10,1,developer_plus_third_party,1,7,0.4256591156653178,0.9260240790669243,True,0.00016199578810950914,1.0798855263111677
696,biblia.de.estudio.reina.valera::10,1,developer_plus_third_party,1,7,0.4256591156653178,0.9260240790669243,True,0.00016199578810950914,1.0798855263111677
697,biblia.de.estudio.reina.valera::10,1,developer_plus_third_party,1,7,0.4256591156653178,0.9260240790669243,True,0.00016199578810950914,1.0798855263111677
698,biblia.de.estudio.reina.valera::10,1,developer_plus_third_party,1,7,0.4256591156653178,0.9260240790669243,True,0.00016199578810950914,1.0798855263111677
699,biblia.de.estudio.reina.valera::10,1,developer_plus_third_party,1,7,0.4256591156653178,0.9260240790669243,True,0.00016199578810950914,1.0798855263111677
700,biblia.de.estudio.reina.valera::10,1,developer_plus_third_party,1,7,0.4256591156653178,0.9260240790669243,True,0.00016199578810950914,1.0798855263111677
701,biblia.de.estudio.reina.valera::10,1,developer_plus_third_party,1,7,0.4256591156653178,0.9260240790669243,True,0.00016199578810950914,1.0798855263111677
702,biblia.de.estudio.reina.valera::10,1,developer_plus_third_party,1,7,0.4256591156653178,0.9260240790669243,True,0.00016199578810950914,1.0798855263111677
703,biblia.de.estudio.reina.valera::10,1,developer_plus_third_party,1,7,0.4256591156653178,0.9260240790669243,True,0.00016199578810950914,1.0798855263111677
704,biblia.de.estudio.reina.valera::10,1,developer_plus_third_party,1,7,0.4256591156653178,0.9260240790669243,True,0.00016199578810950914,1.0798855263111677
705,biblia.de.estudio.reina.valera::10,1,developer_plus_third_party,0,7,0.4256591156653178,0.9260240790669243,True,0.00016199578810950914,1.0798855263111677
706,biblia.de.estudio.reina.valera::10,1,developer_plus_third_party,1,7,0.4256591156653178,0.9260240790669243,True,0.00016199578810950914,1.0798855263111677
707,biblia.de.estudio.reina.valera::10,1,developer_plus_third_party,0,7,0.4256591156653178,0.9260240790669243,True,0.00016199578810950914,1.0798855263111677
708,biblia.de.estudio.reina.valera::10,1,developer_plus_third_party,0,7,0.4256591156653178,0.9260240790669243,True,0.00016199578810950914,1.0798855263111677
709,biblia.de.estudio.reina.valera::10,1,developer_plus_third_party,0,7,0.4256591156653178,0.9260240790669243,True,0.00016199578810950914,1.0798855263111677
710,com.androidfin.STFCUnoPackage::118,1,developer_plus_third_party,0,7,-0.423755433482752,0.9193513882162718,True,0.00016199578810950914,1.0877233806544881
711,com.androidfin.STFCUnoPackage::118,1,developer_plus_third_party,0,7,-0.423755433482752,0.9193513882162718,True,0.00016199578810950914,1.0877233806544881
712,com.androidfin.STFCUnoPackage::118,1,developer_plus_third_party,1,7,-0.423755433482752,0.9193513882162718,True,0.0019439494573141097,1.0877233806544881
713,com.androidfin.STFCUnoPackage::118,1,developer_plus_third_party,1,7,-0.423755433482752,0.9193513882162718,True,0.00016199578810950914,1.0877233806544881
714,com.androidfin.STFCUnoPackage::118,1,developer_plus_third_party,1,7,-0.423755433482752,0.9193513882162718,True,0.00016199578810950914,1.0877233806544881
715,com.androidfin.STFCUnoPackage::118,1,developer_plus_third_party,1,7,-0.423755433482752,0.9193513882162718,True,0.00016199578810950914,1.0877233806544881
716,com.androidfin.STFCUnoPackage::118,1,developer_plus_third_party,1,7,-0.423755433482752,0.9193513882162718,True,0.00016199578810950914,1.0877233806544881
717,com.androidfin.STFCUnoPackage::118,1,developer_plus_third_party,1,7,-0.423755433482752,0.9193513882162718,True,0.00016199578810950914,1.0877233806544881
718,com.androidfin.STFCUnoPackage::118,1,developer_plus_third_party,1,7,-0.423755433482752,0.9193513882162718,True,0.00016199578810950914,1.0877233806544881
719,com.androidfin.STFCUnoPackage::118,1,developer_plus_third_party,0,7,-0.423755433482752,0.9193513882162718,True,0.00016199578810950914,1.0877233806544881
720,com.androidfin.STFCUnoPackage::118,1,developer_plus_third_party,0,7,-0.423755433482752,0.9193513882162718,True,0.00016199578810950914,1.0877233806544881
721,com.appwalied.quran::41,1,developer_plus_third_party,1,7,0.2772506452171274,0.9248960377613142,True,0.00016199578810950914,1.0812025991812797
722,com.appwalied.quran::41,1,developer_plus_third_party,1,7,0.2772506452171274,0.9248960377613142,True,0.00016199578810950914,1.0812025991812797
723,com.appwalied.quran::41,1,developer_plus_third_party,0,7,0.2772506452171274,0.9248960377613142,True,0.00016199578810950914,1.0812025991812797
724,com.appwalied.quran::41,1,developer_plus_third_party,1,7,0.2772506452171274,0.9248960377613142,True,0.00016199578810950914,1.0812025991812797
725,com.appwalied.quran::41,1,developer_plus_third_party,0,7,0.2772506452171274,0.9248960377613142,True,0.00016199578810950914,1.0812025991812797
726,com.appwalied.quran::41,1,developer_plus_third_party,1,7,0.2772506452171274,0.9248960377613142,True,0.00016199578810950914,1.0812025991812797
727,com.appwalied.quran::41,1,developer_plus_third_party,0,7,0.2772506452171274,0.9248960377613142,True,0.00016199578810950914,1.0812025991812797
728,com.appwalied.quran::41,1,developer_plus_third_party,1,7,0.2772506452171274,0.9248960377613142,True,0.00016199578810950914,1.0812025991812797
729,com.appwalied.quran::41,1,developer_plus_third_party,0,7,0.2772506452171274,0.9248960377613142,True,0.00016199578810950914,1.0812025991812797
730,com.appwalied.quran::41,1,developer_plus_third_party,0,7,0.2772506452171274,0.9248960377613142,True,0.00016199578810950914,1.0812025991812797
731,com.appwalied.quran::41,1,developer_plus_third_party,0,7,0.2772506452171274,0.9248960377613142,True,0.00016199578810950914,1.0812025991812797
732,com.appwalied.quran::41,1,developer_plus_third_party,0,7,0.2772506452171274,0.9248960377613142,True,0.00016199578810950914,1.0812025991812797
733,com.appwalied.quran::41,1,developer_plus_third_party,0,7,0.2772506452171274,0.9248960377613142,True,0.00016199578810950914,1.0812025991812797
734,com.appwalied.quran::41,1,developer_plus_third_party,0,7,0.2772506452171274,0.9248960377613142,True,0.00016199578810950914,1.0812025991812797
735,com.appwalied.quran::41,1,developer_plus_third_party,1,7,0.2772506452171274,0.9248960377613142,True,0.00016199578810950914,1.0812025991812797
736,com.appwalied.quran::41,1,developer_plus_third_party,1,7,0.2772506452171274,0.9248960377613142,True,0.00016199578810950914,1.0812025991812797
737,com.appwalied.quran::41,1,developer_plus_third_party,0,7,0.2772506452171274,0.9248960377613142,True,0.00016199578810950914,1.0812025991812797
738,com.appwalied.quran::41,1,developer_plus_third_party,1,7,0.2772506452171274,0.9248960377613142,True,0.00016199578810950914,1.0812025991812797
739,com.appwalied.quran::41,1,developer_plus_third_party,0,7,0.2772506452171274,0.9248960377613142,True,0.00016199578810950914,1.0812025991812797
740,com.appwalied.quran::41,1,developer_plus_third_party,1,7,0.2772506452171274,0.9248960377613142,True,0.00016199578810950914,1.0812025991812797
741,com.appwalied.quran::41,1,developer_plus_third_party,0,7,0.2772506452171274,0.9248960377613142,True,0.00016199578810950914,1.0812025991812797
742,com.appwalied.quran::41,1,developer_plus_third_party,0,7,0.2772506452171274,0.9248960377613142,True,0.00016199578810950914,1.0812025991812797
743,com.appwalied.quran::41,1,developer_plus_third_party,0,7,0.2772506452171274,0.9248960377613142,True,0.00016199578810950914,1.0812025991812797
744,com.appwalied.quran::41,1,developer_plus_third_party,1,7,0.2772506452171274,0.9248960377613142,True,0.00016199578810950914,1.0812025991812797
745,com.appwalied.quran::41,1,developer_plus_third_party,0,7,0.2772506452171274,0.9248960377613142,True,0.00016199578810950914,1.0812025991812797
746,com.appwalied.quran::41,1,developer_plus_third_party,0,7,0.2772506452171274,0.9248960377613142,True,0.00016199578810950914,1.0812025991812797
747,com.appwalied.quran::41,1,developer_plus_third_party,1,7,0.2772506452171274,0.9248960377613142,True,0.00016199578810950914,1.0812025991812797
748,com.appwalied.quran::41,1,developer_plus_third_party,1,7,0.2772506452171274,0.9248960377613142,True,0.00016199578810950914,1.0812025991812797
749,com.appwalied.quran::41,1,developer_plus_third_party,0,7,0.2772506452171274,0.9248960377613142,True,0.00016199578810950914,1.0812025991812797
750,com.appwalied.quran::41,1,developer_plus_third_party,0,7,0.2772506452171274,0.9248960377613142,True,0.00016199578810950914,1.0812025991812797
751,com.appwalied.quran::41,1,developer_plus_third_party,0,7,0.2772506452171274,0.9248960377613142,True,0.00016199578810950914,1.0812025991812797
752,com.appwalied.quran::41,1,developer_plus_third_party,1,7,0.2772506452171274,0.9248960377613142,True,0.00016199578810950914,1.0812025991812797
753,com.appwalied.quran::41,1,developer_plus_third_party,1,7,0.2772506452171274,0.9248960377613142,True,0.00016199578810950914,1.0812025991812797
754,com.appwalied.quran::41,1,developer_plus_third_party,1,7,0.2772506452171274,0.9248960377613142,True,0.00016199578810950914,1.0812025991812797
755,com.appwalied.quran::41,1,developer_plus_third_party,0,7,0.2772506452171274,0.9248960377613142,True,0.00016199578810950914,1.0812025991812797
756,com.arppha::375,1,developer_plus_third_party,1,7,0.7790583745827951,0.9286477300440905,True,0.0016199578810950914,1.0768345925451428
757,com.arppha::375,1,developer_plus_third_party,0,7,0.7790583745827951,0.9286477300440905,True,0.00016199578810950914,1.0768345925451428
758,com.arppha::375,1,developer_plus_third_party,1,7,0.7790583745827951,0.9286477300440905,True,0.00016199578810950914,1.0768345925451428
759,com.arppha::375,1,developer_plus_third_party,1,7,0.7790583745827951,0.9286477300440905,True,0.00016199578810950914,1.0768345925451428
760,com.arppha::375,1,developer_plus_third_party,1,7,0.7790583745827951,0.9286477300440905,True,0.00016199578810950914,1.0768345925451428
761,com.arppha::375,1,developer_plus_third_party,0,7,0.7790583745827951,0.9286477300440905,True,0.00016199578810950914,1.0768345925451428
762,com.arppha::375,1,developer_plus_third_party,1,7,0.7790583745827951,0.9286477300440905,True,0.00016199578810950914,1.0768345925451428
763,com.arppha::375,1,developer_plus_third_party,0,7,0.7790583745827951,0.9286477300440905,True,0.00016199578810950914,1.0768345925451428
764,com.arppha::375,1,developer_plus_third_party,1,7,0.7790583745827951,0.9286477300440905,True,0.00016199578810950914,1.0768345925451428
765,com.arppha::375,1,developer_plus_third_party,0,7,0.7790583745827951,0.9286477300440905,True,0.00016199578810950914,1.0768345925451428
766,com.arppha::375,1,developer_plus_third_party,1,7,0.7790583745827951,0.9286477300440905,True,0.00016199578810950914,1.0768345925451428
767,com.arppha::375,1,developer_plus_third_party,1,7,0.7790583745827951,0.9286477300440905,True,0.00016199578810950914,1.0768345925451428
768,com.arppha::375,1,developer_plus_third_party,1,7,0.7790583745827951,0.9286477300440905,True,0.00016199578810950914,1.0768345925451428
769,com.arppha::375,1,developer_plus_third_party,1,7,0.7790583745827951,0.9286477300440905,True,0.00016199578810950914,1.0768345925451428
770,com.arppha::375,1,developer_plus_third_party,1,7,0.7790583745827951,0.9286477300440905,True,0.00016199578810950914,1.0768345925451428
771,com.arppha::375,1,developer_plus_third_party,1,7,0.7790583745827951,0.9286477300440905,True,0.00016199578810950914,1.0768345925451428
772,com.arppha::375,1,developer_plus_third_party,1,7,0.7790583745827951,0.9286477300440905,True,0.00016199578810950914,1.0768345925451428
773,com.arppha::375,1,developer_plus_third_party,0,7,0.7790583745827951,0.9286477300440905,True,0.00016199578810950914,1.0768345925451428
774,com.arppha::375,1,developer_plus_third_party,0,7,0.7790583745827951,0.9286477300440905,True,0.00016199578810950914,1.0768345925451428
775,com.arppha::375,1,developer_plus_third_party,0,7,0.7790583745827951,0.9286477300440905,True,0.00016199578810950914,1.0768345925451428
776,com.arppha::375,1,developer_plus_third_party,0,7,0.7790583745827951,0.9286477300440905,True,0.00016199578810950914,1.0768345925451428
777,com.arppha::375,1,developer_plus_third_party,0,7,0.7790583745827951,0.9286477300440905,True,0.00016199578810950914,1.0768345925451428
778,com.arppha::375,1,developer_plus_third_party,0,7,0.7790583745827951,0.9286477300440905,True,0.00016199578810950914,1.0768345925451428
779,com.arppha::375,1,developer_plus_third_party,0,7,0.7790583745827951,0.9286477300440905,True,0.00016199578810950914,1.0768345925451428
780,com.arppha::375,1,developer_plus_third_party,0,7,0.7790583745827951,0.9286477300440905,True,0.00016199578810950914,1.0768345925451428
781,com.arppha::375,1,developer_plus_third_party,0,7,0.7790583745827951,0.9286477300440905,True,0.00016199578810950914,1.0768345925451428
782,com.arppha::375,1,developer_plus_third_party,0,7,0.7790583745827951,0.9286477300440905,True,0.00016199578810950914,1.0768345925451428
783,com.arppha::375,1,developer_plus_third_party,0,7,0.7790583745827951,0.9286477300440905,True,0.00016199578810950914,1.0768345925451428
784,com.arppha::375,1,developer_plus_third_party,0,7,0.7790583745827951,0.9286477300440905,True,0.00016199578810950914,1.0768345925451428
785,com.arppha::375,1,developer_plus_third_party,0,7,0.7790583745827951,0.9286477300440905,True,0.00016199578810950914,1.0768345925451428
786,com.arppha::375,1,developer_plus_third_party,0,7,0.7790583745827951,0.9286477300440905,True,0.00016199578810950914,1.0768345925451428
787,com.arppha::375,1,developer_plus_third_party,0,7,0.7790583745827951,0.9286477300440905,True,0.00016199578810950914,1.0768345925451428
788,com.autocab.driverapp::9930,1,developer_plus_third_party,0,7,0.6937899927753528,0.9280226675473585,True,0.00016199578810950914,1.0775598861640612
789,com.autocab.driverapp::9930,1,developer_plus_third_party,1,7,0.6937899927753528,0.9280226675473585,True,0.00016199578810950914,1.0775598861640612
790,com.autocab.driverapp::9930,1,developer_plus_third_party,0,7,0.6937899927753528,0.9280226675473585,True,0.00016199578810950914,1.0775598861640612
791,com.autocab.driverapp::9930,1,developer_plus_third_party,1,7,0.6937899927753528,0.9280226675473585,True,0.00016199578810950914,1.0775598861640612
792,com.autocab.driverapp::9930,1,developer_plus_third_party,0,7,0.6937899927753528,0.9280226675473585,True,0.00016199578810950914,1.0775598861640612
793,com.autocab.driverapp::9930,1,developer_plus_third_party,0,7,0.6937899927753528,0.9280226675473585,True,0.00016199578810950914,1.0775598861640612
794,com.autocab.driverapp::9930,1,developer_plus_third_party,0,7,0.6937899927753528,0.9280226675473585,True,0.00016199578810950914,1.0775598861640612
795,com.autocab.driverapp::9930,1,developer_plus_third_party,0,7,0.6937899927753528,0.9280226675473585,True,0.00016199578810950914,1.0775598861640612
796,com.autocab.driverapp::9930,1,developer_plus_third_party,0,7,0.6937899927753528,0.9280226675473585,True,0.00016199578810950914,1.0775598861640612
797,com.autocab.driverapp::9930,1,developer_plus_third_party,0,7,0.6937899927753528,0.9280226675473585,True,0.00016199578810950914,1.0775598861640612
798,com.autocab.driverapp::9930,1,developer_plus_third_party,1,7,0.6937899927753528,0.9280226675473585,True,0.00016199578810950914,1.0775598861640612
799,com.autocab.driverapp::9930,1,developer_plus_third_party,1,7,0.6937899927753528,0.9280226675473585,True,0.00016199578810950914,1.0775598861640612
800,com.autocab.driverapp::9930,1,developer_plus_third_party,1,7,0.6937899927753528,0.9280226675473585,True,0.00016199578810950914,1.0775598861640612
801,com.autocab.driverapp::9930,1,developer_plus_third_party,0,7,0.6937899927753528,0.9280226675473585,True,0.00016199578810950914,1.0775598861640612
802,com.autocab.driverapp::9930,1,developer_plus_third_party,0,7,0.6937899927753528,0.9280226675473585,True,0.00016199578810950914,1.0775598861640612
803,com.autocab.driverapp::9930,1,developer_plus_third_party,1,7,0.6937899927753528,0.9280226675473585,True,0.00016199578810950914,1.0775598861640612
804,com.autocab.driverapp::9930,1,developer_plus_third_party,0,7,0.6937899927753528,0.9280226675473585,True,0.00016199578810950914,1.0775598861640612
805,com.autocab.driverapp::9930,1,developer_plus_third_party,1,7,0.6937899927753528,0.9280226675473585,True,0.00016199578810950914,1.0775598861640612
806,com.autocab.driverapp::9930,1,developer_plus_third_party,0,7,0.6937899927753528,0.9280226675473585,True,0.00016199578810950914,1.0775598861640612
807,com.autocab.driverapp::9930,1,developer_plus_third_party,0,7,0.6937899927753528,0.9280226675473585,True,0.00016199578810950914,1.0775598861640612
808,com.autocab.driverapp::9930,1,developer_plus_third_party,1,7,0.6937899927753528,0.9280226675473585,True,0.00016199578810950914,1.0775598861640612
809,com.autocab.driverapp::9930,1,developer_plus_third_party,1,7,0.6937899927753528,0.9280226675473585,True,0.00016199578810950914,1.0775598861640612
810,com.autocab.driverapp::9930,1,developer_plus_third_party,0,7,0.6937899927753528,0.9280226675473585,True,0.00016199578810950914,1.0775598861640612
811,com.blognawa.radio::53,1,developer_plus_third_party,1,7,-0.312851401191479,0.9202528094569808,True,0.00016199578810950914,1.0866579158721352
812,com.blognawa.radio::53,1,developer_plus_third_party,1,7,-0.312851401191479,0.9202528094569808,True,0.00016199578810950914,1.0866579158721352
813,com.blognawa.radio::53,1,developer_plus_third_party,1,7,-0.312851401191479,0.9202528094569808,True,0.00016199578810950914,1.0866579158721352
814,com.blognawa.radio::53,1,developer_plus_third_party,1,7,-0.312851401191479,0.9202528094569808,True,0.00016199578810950914,1.0866579158721352
815,com.blognawa.radio::53,1,developer_plus_third_party,1,7,-0.312851401191479,0.9202528094569808,True,0.00016199578810950914,1.0866579158721352
816,com.blognawa.radio::53,1,developer_plus_third_party,1,7,-0.312851401191479,0.9202528094569808,True,0.00016199578810950914,1.0866579158721352
817,com.blognawa.radio::53,1,developer_plus_third_party,0,7,-0.312851401191479,0.9202528094569808,True,0.00016199578810950914,1.0866579158721352
818,com.blognawa.radio::53,1,developer_plus_third_party,1,7,-0.312851401191479,0.9202528094569808,True,0.00016199578810950914,1.0866579158721352
819,com.blognawa.radio::53,1,developer_plus_third_party,1,7,-0.312851401191479,0.9202528094569808,True,0.00016199578810950914,1.0866579158721352
820,com.blognawa.radio::53,1,developer_plus_third_party,1,7,-0.312851401191479,0.9202528094569808,True,0.00016199578810950914,1.0866579158721352
821,com.byappsc.shehj::266,1,developer_plus_third_party,1,7,-0.6251021250881075,0.9176910689231119,True,0.00016199578810950914,1.0896913284483367
822,com.byappsc.shehj::266,1,developer_plus_third_party,1,7,-0.6251021250881075,0.9176910689231119,True,0.0016199578810950914,1.0896913284483367
823,com.byappsc.shehj::266,1,developer_plus_third_party,1,7,-0.6251021250881075,0.9176910689231119,True,0.00016199578810950914,1.0896913284483367
824,com.byappsc.shehj::266,1,developer_plus_third_party,1,7,-0.6251021250881075,0.9176910689231119,True,0.00016199578810950914,1.0896913284483367
825,com.byappsc.shehj::266,1,developer_plus_third_party,1,7,-0.6251021250881075,0.9176910689231119,True,0.00016199578810950914,1.0896913284483367
826,com.byappsc.shehj::266,1,developer_plus_third_party,1,7,-0.6251021250881075,0.9176910689231119,True,0.00016199578810950914,1.0896913284483367
827,com.byappsc.shehj::266,1,developer_plus_third_party,1,7,-0.6251021250881075,0.9176910689231119,True,0.00016199578810950914,1.0896913284483367
828,com.byappsc.shehj::266,1,developer_plus_third_party,1,7,-0.6251021250881075,0.9176910689231119,True,0.00016199578810950914,1.0896913284483367
829,com.byappsc.shehj::266,1,developer_plus_third_party,1,7,-0.6251021250881075,0.9176910689231119,True,0.00016199578810950914,1.0896913284483367
830,com.byappsc.shehj::266,1,developer_plus_third_party,1,7,-0.6251021250881075,0.9176910689231119,True,0.00016199578810950914,1.0896913284483367
831,com.byappsc.shehj::266,1,developer_plus_third_party,1,7,-0.6251021250881075,0.9176910689231119,True,0.00016199578810950914,1.0896913284483367
832,com.byappsc.shehj::266,1,developer_plus_third_party,0,7,-0.6251021250881075,0.9176910689231119,True,0.00016199578810950914,1.0896913284483367
833,com.byappsc.shehj::266,1,developer_plus_third_party,1,7,-0.6251021250881075,0.9176910689231119,True,0.00016199578810950914,1.0896913284483367
834,com.dacappsdev.goodnight::21,1,developer_plus_third_party,1,7,-0.04729620758172554,0.9223739337829099,True,0.00016199578810950914,1.0841589981827915
835,com.dacappsdev.goodnight::21,1,developer_plus_third_party,1,7,-0.04729620758172554,0.9223739337829099,True,0.00016199578810950914,1.0841589981827915
836,com.dacappsdev.goodnight::21,1,developer_plus_third_party,1,7,-0.04729620758172554,0.9223739337829099,True,0.00016199578810950914,1.0841589981827915
837,com.dacappsdev.goodnight::21,1,developer_plus_third_party,1,7,-0.04729620758172554,0.9223739337829099,True,0.00016199578810950914,1.0841589981827915
838,com.dacappsdev.goodnight::21,1,developer_plus_third_party,0,7,-0.04729620758172554,0.9223739337829099,True,0.00016199578810950914,1.0841589981827915
839,com.dacappsdev.goodnight::21,1,developer_plus_third_party,0,7,-0.04729620758172554,0.9223739337829099,True,0.00016199578810950914,1.0841589981827915
840,com.dacappsdev.goodnight::21,1,developer_plus_third_party,0,7,-0.04729620758172554,0.9223739337829099,True,0.00016199578810950914,1.0841589981827915
841,com.dacappsdev.goodnight::21,1,developer_plus_third_party,1,7,-0.04729620758172554,0.9223739337829099,True,0.00016199578810950914,1.0841589981827915
842,com.dacappsdev.goodnight::21,1,developer_plus_third_party,1,7,-0.04729620758172554,0.9223739337829099,True,0.00016199578810950914,1.0841589981827915
843,com.dacappsdev.goodnight::21,1,developer_plus_third_party,0,7,-0.04729620758172554,0.9223739337829099,True,0.00016199578810950914,1.0841589981827915
844,com.dacappsdev.goodnight::21,1,developer_plus_third_party,0,7,-0.04729620758172554,0.9223739337829099,True,0.00016199578810950914,1.0841589981827915
845,com.dacappsdev.goodnight::21,1,developer_plus_third_party,0,7,-0.04729620758172554,0.9223739337829099,True,0.00016199578810950914,1.0841589981827915
846,com.dacappsdev.goodnight::21,1,developer_plus_third_party,0,7,-0.04729620758172554,0.9223739337829099,True,0.00016199578810950914,1.0841589981827915
847,com.dacappsdev.goodnight::21,1,developer_plus_third_party,0,7,-0.04729620758172554,0.9223739337829099,True,0.00016199578810950914,1.0841589981827915
848,com.dacappsdev.goodnight::21,1,developer_plus_third_party,0,7,-0.04729620758172554,0.9223739337829099,True,0.00016199578810950914,1.0841589981827915
849,com.dacappsdev.goodnight::21,1,developer_plus_third_party,1,7,-0.04729620758172554,0.9223739337829099,True,0.00016199578810950914,1.0841589981827915
850,com.dacappsdev.goodnight::21,1,developer_plus_third_party,0,7,-0.04729620758172554,0.9223739337829099,True,0.00016199578810950914,1.0841589981827915
851,com.dacappsdev.goodnight::21,1,developer_plus_third_party,1,7,-0.04729620758172554,0.9223739337829099,True,0.00016199578810950914,1.0841589981827915
852,com.dacappsdev.goodnight::21,1,developer_plus_third_party,0,7,-0.04729620758172554,0.9223739337829099,True,0.00016199578810950914,1.0841589981827915
853,com.dacappsdev.goodnight::21,1,developer_plus_third_party,0,7,-0.04729620758172554,0.9223739337829099,True,0.00016199578810950914,1.0841589981827915
854,com.dacappsdev.goodnight::21,1,developer_plus_third_party,1,7,-0.04729620758172554,0.9223739337829099,True,0.00016199578810950914,1.0841589981827915
855,com.dacappsdev.goodnight::21,1,developer_plus_third_party,0,7,-0.04729620758172554,0.9223739337829099,True,0.00016199578810950914,1.0841589981827915
856,com.dacappsdev.goodnight::21,1,developer_plus_third_party,1,7,-0.04729620758172554,0.9223739337829099,True,0.00016199578810950914,1.0841589981827915
857,com.dacappsdev.goodnight::21,1,developer_plus_third_party,1,7,-0.04729620758172554,0.9223739337829099,True,0.00016199578810950914,1.0841589981827915
858,com.dacappsdev.goodnight::21,1,developer_plus_third_party,1,7,-0.04729620758172554,0.9223739337829099,True,0.00016199578810950914,1.0841589981827915
859,com.ezp.tattoo::126,1,developer_plus_third_party,1,7,0.5272409836155516,0.9267871863721302,True,0.00016199578810950914,1.0789963593632086
860,com.ezp.tattoo::126,1,developer_plus_third_party,1,7,0.5272409836155516,0.9267871863721302,True,0.00016199578810950914,1.0789963593632086
861,com.ezp.tattoo::126,1,developer_plus_third_party,1,7,0.5272409836155516,0.9267871863721302,True,0.00016199578810950914,1.0789963593632086
862,com.frontphoto.gallery::20,1,developer_plus_third_party,1,7,-0.44311312297509564,0.9191931003305511,True,0.0008099789405475457,1.0879106899740543
863,com.frontphoto.gallery::20,1,developer_plus_third_party,1,7,-0.44311312297509564,0.9191931003305511,True,0.00016199578810950914,1.0879106899740543
864,com.frontphoto.gallery::20,1,developer_plus_third_party,1,7,-0.44311312297509564,0.9191931003305511,True,0.00016199578810950914,1.0879106899740543
865,com.frontphoto.gallery::20,1,developer_plus_third_party,1,7,-0.44311312297509564,0.9191931003305511,True,0.00016199578810950914,1.0879106899740543
866,com.frontphoto.gallery::20,1,developer_plus_third_party,0,7,-0.44311312297509564,0.9191931003305511,True,0.00016199578810950914,1.0879106899740543
867,com.frontphoto.gallery::20,1,developer_plus_third_party,0,7,-0.44311312297509564,0.9191931003305511,True,0.00016199578810950914,1.0879106899740543
868,com.frontphoto.gallery::20,1,developer_plus_third_party,1,7,-0.44311312297509564,0.9191931003305511,True,0.00016199578810950914,1.0879106899740543
869,com.frontphoto.gallery::20,1,developer_plus_third_party,0,7,-0.44311312297509564,0.9191931003305511,True,0.00016199578810950914,1.0879106899740543
870,com.frontphoto.gallery::20,1,developer_plus_third_party,0,7,-0.44311312297509564,0.9191931003305511,True,0.00016199578810950914,1.0879106899740543
871,com.frontphoto.gallery::20,1,developer_plus_third_party,1,7,-0.44311312297509564,0.9191931003305511,True,0.00016199578810950914,1.0879106899740543
872,com.frontphoto.gallery::20,1,developer_plus_third_party,1,7,-0.44311312297509564,0.9191931003305511,True,0.00016199578810950914,1.0879106899740543
873,com.g4app::165,1,developer_plus_third_party,0,7,0.3673273393420356,0.9255825752696939,True,0.00016199578810950914,1.0804006327675546
874,com.g4app::165,1,developer_plus_third_party,1,7,0.3673273393420356,0.9255825752696939,True,0.00016199578810950914,1.0804006327675546
875,com.g4app::165,1,developer_plus_third_party,0,7,0.3673273393420356,0.9255825752696939,True,0.00016199578810950914,1.0804006327675546
876,com.g4app::165,1,developer_plus_third_party,0,7,0.3673273393420356,0.9255825752696939,True,0.00016199578810950914,1.0804006327675546
877,com.g4app::165,1,developer_plus_third_party,1,7,0.3673273393420356,0.9255825752696939,True,0.00016199578810950914,1.0804006327675546
878,com.g4app::165,1,developer_plus_third_party,0,7,0.3673273393420356,0.9255825752696939,True,0.00016199578810950914,1.0804006327675546
879,com.g4app::165,1,developer_plus_third_party,0,7,0.3673273393420356,0.9255825752696939,True,0.00016199578810950914,1.0804006327675546
880,com.g4app::165,1,developer_plus_third_party,1,7,0.3673273393420356,0.9255825752696939,True,0.00016199578810950914,1.0804006327675546
881,com.g4app::165,1,developer_plus_third_party,1,7,0.3673273393420356,0.9255825752696939,True,0.00016199578810950914,1.0804006327675546
882,com.g4app::165,1,developer_plus_third_party,1,7,0.3673273393420356,0.9255825752696939,True,0.00016199578810950914,1.0804006327675546
883,com.g4app::165,1,developer_plus_third_party,0,7,0.3673273393420356,0.9255825752696939,True,0.00016199578810950914,1.0804006327675546
884,com.g4app::165,1,developer_plus_third_party,0,7,0.3673273393420356,0.9255825752696939,True,0.00016199578810950914,1.0804006327675546
885,com.g4app::165,1,developer_plus_third_party,0,7,0.3673273393420356,0.9255825752696939,True,0.00016199578810950914,1.0804006327675546
886,com.g4app::165,1,developer_plus_third_party,0,7,0.3673273393420356,0.9255825752696939,True,0.00016199578810950914,1.0804006327675546
887,com.g4app::165,1,developer_plus_third_party,0,7,0.3673273393420356,0.9255825752696939,True,0.00016199578810950914,1.0804006327675546
888,com.g4app::165,1,developer_plus_third_party,0,7,0.3673273393420356,0.9255825752696939,True,0.00016199578810950914,1.0804006327675546
889,com.g4app::165,1,developer_plus_third_party,1,7,0.3673273393420356,0.9255825752696939,True,0.00016199578810950914,1.0804006327675546
890,com.g4app::165,1,developer_plus_third_party,1,7,0.3673273393420356,0.9255825752696939,True,0.00016199578810950914,1.0804006327675546
891,com.g4app::165,1,developer_plus_third_party,0,7,0.3673273393420356,0.9255825752696939,True,0.00016199578810950914,1.0804006327675546
892,com.g4app::165,1,developer_plus_third_party,0,7,0.3673273393420356,0.9255825752696939,True,0.00016199578810950914,1.0804006327675546
893,com.g4app::165,1,developer_plus_third_party,1,7,0.3673273393420356,0.9255825752696939,True,0.00016199578810950914,1.0804006327675546
894,com.g4app::165,1,developer_plus_third_party,0,7,0.3673273393420356,0.9255825752696939,True,0.00016199578810950914,1.0804006327675546
895,com.g4app::165,1,developer_plus_third_party,1,7,0.3673273393420356,0.9255825752696939,True,0.00016199578810950914,1.0804006327675546
896,com.geoactio.avanzalargorecorrido::18,1,developer_plus_third_party,1,7,-0.4336827366382462,0.9192702479938355,True,0.00016199578810950914,1.087819389545506
897,com.geoactio.avanzalargorecorrido::18,1,developer_plus_third_party,0,7,-0.4336827366382462,0.9192702479938355,True,0.00016199578810950914,1.087819389545506
898,com.geoactio.avanzalargorecorrido::18,1,developer_plus_third_party,1,7,-0.4336827366382462,0.9192702479938355,True,0.00016199578810950914,1.087819389545506
899,com.geoactio.avanzalargorecorrido::18,1,developer_plus_third_party,1,7,-0.4336827366382462,0.9192702479938355,True,0.00016199578810950914,1.087819389545506
900,com.geoactio.avanzalargorecorrido::18,1,developer_plus_third_party,0,7,-0.4336827366382462,0.9192702479938355,True,0.00016199578810950914,1.087819389545506
901,com.geoactio.avanzalargorecorrido::18,1,developer_plus_third_party,0,7,-0.4336827366382462,0.9192702479938355,True,0.00016199578810950914,1.087819389545506
902,com.geoactio.avanzalargorecorrido::18,1,developer_plus_third_party,0,7,-0.4336827366382462,0.9192702479938355,True,0.00016199578810950914,1.087819389545506
903,com.geoactio.avanzalargorecorrido::18,1,developer_plus_third_party,0,7,-0.4336827366382462,0.9192702479938355,True,0.00016199578810950914,1.087819389545506
904,com.geoactio.avanzalargorecorrido::18,1,developer_plus_third_party,0,7,-0.4336827366382462,0.9192702479938355,True,0.00016199578810950914,1.087819389545506
905,com.geoactio.avanzalargorecorrido::18,1,developer_plus_third_party,0,7,-0.4336827366382462,0.9192702479938355,True,0.00016199578810950914,1.087819389545506
906,com.geoactio.avanzalargorecorrido::18,1,developer_plus_third_party,0,7,-0.4336827366382462,0.9192702479938355,True,0.00016199578810950914,1.087819389545506
907,com.geoactio.avanzalargorecorrido::18,1,developer_plus_third_party,1,7,-0.4336827366382462,0.9192702479938355,True,0.00016199578810950914,1.087819389545506
908,com.geoactio.avanzalargorecorrido::18,1,developer_plus_third_party,0,7,-0.4336827366382462,0.9192702479938355,True,0.00016199578810950914,1.087819389545506
909,com.geoactio.avanzalargorecorrido::18,1,developer_plus_third_party,1,7,-0.4336827366382462,0.9192702479938355,True,0.00016199578810950914,1.087819389545506
910,com.geoactio.avanzalargorecorrido::18,1,developer_plus_third_party,1,7,-0.4336827366382462,0.9192702479938355,True,0.00016199578810950914,1.087819389545506
911,com.geoactio.avanzalargorecorrido::18,1,developer_plus_third_party,0,7,-0.4336827366382462,0.9192702479938355,True,0.00016199578810950914,1.087819389545506
912,com.geoactio.avanzalargorecorrido::18,1,developer_plus_third_party,0,7,-0.4336827366382462,0.9192702479938355,True,0.00016199578810950914,1.087819389545506
913,com.geoactio.avanzalargorecorrido::18,1,developer_plus_third_party,1,7,-0.4336827366382462,0.9192702479938355,True,0.00016199578810950914,1.087819389545506
914,com.geoactio.avanzalargorecorrido::18,1,developer_plus_third_party,1,7,-0.4336827366382462,0.9192702479938355,True,0.00016199578810950914,1.087819389545506
915,com.geoactio.avanzalargorecorrido::18,1,developer_plus_third_party,0,7,-0.4336827366382462,0.9192702479938355,True,0.00016199578810950914,1.087819389545506
916,com.geoactio.avanzalargorecorrido::18,1,developer_plus_third_party,0,7,-0.4336827366382462,0.9192702479938355,True,0.00016199578810950914,1.087819389545506
917,com.geoactio.avanzalargorecorrido::18,1,developer_plus_third_party,1,7,-0.4336827366382462,0.9192702479938355,True,0.00016199578810950914,1.087819389545506
918,com.geoactio.avanzalargorecorrido::18,1,developer_plus_third_party,1,7,-0.4336827366382462,0.9192702479938355,True,0.00016199578810950914,1.087819389545506
919,com.geoactio.avanzalargorecorrido::18,1,developer_plus_third_party,1,7,-0.4336827366382462,0.9192702479938355,True,0.00016199578810950914,1.087819389545506
920,com.geoactio.avanzalargorecorrido::18,1,developer_plus_third_party,1,7,-0.4336827366382462,0.9192702479938355,True,0.00016199578810950914,1.087819389545506
921,com.geoactio.avanzalargorecorrido::18,1,developer_plus_third_party,1,7,-0.4336827366382462,0.9192702479938355,True,0.00016199578810950914,1.087819389545506
922,com.geoactio.avanzalargorecorrido::18,1,developer_plus_third_party,1,7,-0.4336827366382462,0.9192702479938355,True,0.00016199578810950914,1.087819389545506
923,com.geoactio.avanzalargorecorrido::18,1,developer_plus_third_party,1,7,-0.4336827366382462,0.9192702479938355,True,0.00016199578810950914,1.087819389545506
924,com.geoactio.avanzalargorecorrido::18,1,developer_plus_third_party,1,7,-0.4336827366382462,0.9192702479938355,True,0.00016199578810950914,1.087819389545506
925,com.geoactio.avanzalargorecorrido::18,1,developer_plus_third_party,0,7,-0.4336827366382462,0.9192702479938355,True,0.00016199578810950914,1.087819389545506
926,com.geoactio.avanzalargorecorrido::18,1,developer_plus_third_party,1,7,-0.4336827366382462,0.9192702479938355,True,0.00016199578810950914,1.087819389545506
927,com.geoactio.avanzalargorecorrido::18,1,developer_plus_third_party,1,7,-0.4336827366382462,0.9192702479938355,True,0.00016199578810950914,1.087819389545506
928,com.geoactio.avanzalargorecorrido::18,1,developer_plus_third_party,1,7,-0.4336827366382462,0.9192702479938355,True,0.00016199578810950914,1.087819389545506
929,com.geoactio.avanzalargorecorrido::18,1,developer_plus_third_party,0,7,-0.4336827366382462,0.9192702479938355,True,0.00016199578810950914,1.087819389545506
930,com.gpsroutefinder.appbuzmaps::16,1,developer_plus_third_party,1,7,-0.3062793416509323,0.9203059369261019,True,0.00016199578810950914,1.0865951852272984
931,com.gpsroutefinder.appbuzmaps::16,1,developer_plus_third_party,1,7,-0.3062793416509323,0.9203059369261019,True,0.00016199578810950914,1.0865951852272984
932,com.gpsroutefinder.appbuzmaps::16,1,developer_plus_third_party,1,7,-0.3062793416509323,0.9203059369261019,True,0.00016199578810950914,1.0865951852272984
933,com.gpsroutefinder.appbuzmaps::16,1,developer_plus_third_party,1,7,-0.3062793416509323,0.9203059369261019,True,0.00016199578810950914,1.0865951852272984
934,com.gpsroutefinder.appbuzmaps::16,1,developer_plus_third_party,1,7,-0.3062793416509323,0.9203059369261019,True,0.00016199578810950914,1.0865951852272984
935,com.gpsroutefinder.appbuzmaps::16,1,developer_plus_third_party,1,7,-0.3062793416509323,0.9203059369261019,True,0.00016199578810950914,1.0865951852272984
936,com.gpsroutefinder.appbuzmaps::16,1,developer_plus_third_party,1,7,-0.3062793416509323,0.9203059369261019,True,0.00016199578810950914,1.0865951852272984
937,com.haastgames.manastoria::188,1,developer_plus_third_party,1,7,-0.2286204432736774,0.9209312750208484,True,0.00016199578810950914,1.0858573567038015
938,com.ihad.ptt::40762,1,developer_plus_third_party,0,7,1.059388372689061,0.9306675334686563,True,0.0006479831524380366,1.0744975665723906
939,com.ihad.ptt::40762,1,developer_plus_third_party,0,7,1.059388372689061,0.9306675334686563,True,0.00016199578810950914,1.0744975665723906
940,com.ihad.ptt::40762,1,developer_plus_third_party,0,7,1.059388372689061,0.9306675334686563,True,0.00016199578810950914,1.0744975665723906
941,com.ihad.ptt::40762,1,developer_plus_third_party,0,7,1.059388372689061,0.9306675334686563,True,0.00016199578810950914,1.0744975665723906
942,com.ihad.ptt::40762,1,developer_plus_third_party,0,7,1.059388372689061,0.9306675334686563,True,0.00016199578810950914,1.0744975665723906
943,com.ihad.ptt::40762,1,developer_plus_third_party,1,7,1.059388372689061,0.9306675334686563,True,0.00016199578810950914,1.0744975665723906
944,com.ihad.ptt::40762,1,developer_plus_third_party,1,7,1.059388372689061,0.9306675334686563,True,0.00016199578810950914,1.0744975665723906
945,com.ihad.ptt::40762,1,developer_plus_third_party,0,7,1.059388372689061,0.9306675334686563,True,0.00016199578810950914,1.0744975665723906
946,com.ihad.ptt::40762,1,developer_plus_third_party,1,7,1.059388372689061,0.9306675334686563,True,0.00016199578810950914,1.0744975665723906
947,com.ihad.ptt::40762,1,developer_plus_third_party,0,7,1.059388372689061,0.9306675334686563,True,0.00016199578810950914,1.0744975665723906
948,com.ihad.ptt::40762,1,developer_plus_third_party,0,7,1.059388372689061,0.9306675334686563,True,0.00016199578810950914,1.0744975665723906
949,com.ihad.ptt::40762,1,developer_plus_third_party,0,7,1.059388372689061,0.9306675334686563,True,0.00016199578810950914,1.0744975665723906
950,com.ihad.ptt::40762,1,developer_plus_third_party,0,7,1.059388372689061,0.9306675334686563,True,0.00016199578810950914,1.0744975665723906
951,com.ihad.ptt::40762,1,developer_plus_third_party,0,7,1.059388372689061,0.9306675334686563,True,0.00016199578810950914,1.0744975665723906
952,com.ihad.ptt::40762,1,developer_plus_third_party,0,7,1.059388372689061,0.9306675334686563,True,0.00016199578810950914,1.0744975665723906
953,com.ihad.ptt::40762,1,developer_plus_third_party,1,7,1.059388372689061,0.9306675334686563,True,0.00016199578810950914,1.0744975665723906
954,com.ihad.ptt::40762,1,developer_plus_third_party,0,7,1.059388372689061,0.9306675334686563,True,0.00016199578810950914,1.0744975665723906
955,com.ihad.ptt::40762,1,developer_plus_third_party,1,7,1.059388372689061,0.9306675334686563,True,0.00016199578810950914,1.0744975665723906
956,com.ihad.ptt::40762,1,developer_plus_third_party,0,7,1.059388372689061,0.9306675334686563,True,0.00016199578810950914,1.0744975665723906
957,com.ihad.ptt::40762,1,developer_plus_third_party,1,7,1.059388372689061,0.9306675334686563,True,0.00016199578810950914,1.0744975665723906
958,com.ihad.ptt::40762,1,developer_plus_third_party,0,7,1.059388372689061,0.9306675334686563,True,0.00016199578810950914,1.0744975665723906
959,com.ihad.ptt::40762,1,developer_plus_third_party,1,7,1.059388372689061,0.9306675334686563,True,0.00016199578810950914,1.0744975665723906
960,com.ihad.ptt::40762,1,developer_plus_third_party,0,7,1.059388372689061,0.9306675334686563,True,0.00016199578810950914,1.0744975665723906
961,com.ihad.ptt::40762,1,developer_plus_third_party,1,7,1.059388372689061,0.9306675334686563,True,0.00016199578810950914,1.0744975665723906
962,com.ihad.ptt::40762,1,developer_plus_third_party,0,7,1.059388372689061,0.9306675334686563,True,0.00016199578810950914,1.0744975665723906
963,com.ihad.ptt::40762,1,developer_plus_third_party,1,7,1.059388372689061,0.9306675334686563,True,0.00016199578810950914,1.0744975665723906
964,com.ihad.ptt::40762,1,developer_plus_third_party,1,7,1.059388372689061,0.9306675334686563,True,0.00016199578810950914,1.0744975665723906
965,com.ihad.ptt::40762,1,developer_plus_third_party,1,7,1.059388372689061,0.9306675334686563,True,0.00016199578810950914,1.0744975665723906
966,com.ihad.ptt::40762,1,developer_plus_third_party,1,7,1.059388372689061,0.9306675334686563,True,0.00016199578810950914,1.0744975665723906
967,com.ihad.ptt::40762,1,developer_plus_third_party,1,7,1.059388372689061,0.9306675334686563,True,0.00016199578810950914,1.0744975665723906
968,com.ihad.ptt::40762,1,developer_plus_third_party,1,7,1.059388372689061,0.9306675334686563,True,0.00016199578810950914,1.0744975665723906
969,com.ihad.ptt::40762,1,developer_plus_third_party,1,7,1.059388372689061,0.9306675334686563,True,0.00016199578810950914,1.0744975665723906
970,com.ihad.ptt::40762,1,developer_plus_third_party,0,7,1.059388372689061,0.9306675334686563,True,0.00016199578810950914,1.0744975665723906
971,com.ihad.ptt::40762,1,developer_plus_third_party,0,7,1.059388372689061,0.9306675334686563,True,0.00016199578810950914,1.0744975665723906
972,com.ihad.ptt::40762,1,developer_plus_third_party,0,7,1.059388372689061,0.9306675334686563,True,0.00016199578810950914,1.0744975665723906
973,com.ilib.stepbystepsalah::6,1,developer_plus_third_party,1,7,0.1256254794249487,0.9237272434705105,True,0.0003239915762190183,1.0825706474163599
974,com.ilib.stepbystepsalah::6,1,developer_plus_third_party,1,7,0.1256254794249487,0.9237272434705105,True,0.00016199578810950914,1.0825706474163599
975,com.ilib.stepbystepsalah::6,1,developer_plus_third_party,1,7,0.1256254794249487,0.9237272434705105,True,0.00016199578810950914,1.0825706474163599
976,com.ilib.stepbystepsalah::6,1,developer_plus_third_party,1,7,0.1256254794249487,0.9237272434705105,True,0.00016199578810950914,1.0825706474163599
977,com.mobincube.draw_car_muscle.sc_HGDI7G::20,1,developer_plus_third_party,1,7,0.670955814858271,0.9278544254432579,True,0.00016199578810950914,1.0777552734334122
978,com.mobincube.draw_car_muscle.sc_HGDI7G::20,1,developer_plus_third_party,1,7,0.670955814858271,0.9278544254432579,True,0.00016199578810950914,1.0777552734334122
979,com.mobincube.draw_car_muscle.sc_HGDI7G::20,1,developer_plus_third_party,1,7,0.670955814858271,0.9278544254432579,True,0.00016199578810950914,1.0777552734334122
980,com.mobincube.draw_car_muscle.sc_HGDI7G::20,1,developer_plus_third_party,1,7,0.670955814858271,0.9278544254432579,True,0.00016199578810950914,1.0777552734334122
981,com.mobincube.draw_car_muscle.sc_HGDI7G::20,1,developer_plus_third_party,1,7,0.670955814858271,0.9278544254432579,True,0.00016199578810950914,1.0777552734334122
982,com.mobincube.draw_car_muscle.sc_HGDI7G::20,1,developer_plus_third_party,1,7,0.670955814858271,0.9278544254432579,True,0.00016199578810950914,1.0777552734334122
983,com.mobincube.draw_car_muscle.sc_HGDI7G::20,1,developer_plus_third_party,1,7,0.670955814858271,0.9278544254432579,True,0.00016199578810950914,1.0777552734334122
984,com.mobincube.draw_car_muscle.sc_HGDI7G::20,1,developer_plus_third_party,1,7,0.670955814858271,0.9278544254432579,True,0.00016199578810950914,1.0777552734334122
985,com.mobincube.draw_car_muscle.sc_HGDI7G::20,1,developer_plus_third_party,1,7,0.670955814858271,0.9278544254432579,True,0.00016199578810950914,1.0777552734334122
986,com.mobincube.draw_car_muscle.sc_HGDI7G::20,1,developer_plus_third_party,1,7,0.670955814858271,0.9278544254432579,True,0.00016199578810950914,1.0777552734334122
987,com.mobincube.draw_car_muscle.sc_HGDI7G::20,1,developer_plus_third_party,1,7,0.670955814858271,0.9278544254432579,True,0.00016199578810950914,1.0777552734334122
988,com.mobincube.draw_car_muscle.sc_HGDI7G::20,1,developer_plus_third_party,1,7,0.670955814858271,0.9278544254432579,True,0.00016199578810950914,1.0777552734334122
989,com.mobincube.draw_car_muscle.sc_HGDI7G::20,1,developer_plus_third_party,0,7,0.670955814858271,0.9278544254432579,True,0.00016199578810950914,1.0777552734334122
990,com.mobincube.draw_car_muscle.sc_HGDI7G::20,1,developer_plus_third_party,0,7,0.670955814858271,0.9278544254432579,True,0.00016199578810950914,1.0777552734334122
991,com.mobincube.draw_car_muscle.sc_HGDI7G::20,1,developer_plus_third_party,0,7,0.670955814858271,0.9278544254432579,True,0.00016199578810950914,1.0777552734334122
992,com.msf.ket::72,1,developer_plus_third_party,1,7,-0.062045629649137055,0.9222574903541344,True,0.00016199578810950914,1.0842958831551626
993,com.msf.ket::72,1,developer_plus_third_party,1,7,-0.062045629649137055,0.9222574903541344,True,0.00016199578810950914,1.0842958831551626
994,com.msf.ket::72,1,developer_plus_third_party,1,7,-0.062045629649137055,0.9222574903541344,True,0.00016199578810950914,1.0842958831551626
995,com.msf.ket::72,1,developer_plus_third_party,1,7,-0.062045629649137055,0.9222574903541344,True,0.00016199578810950914,1.0842958831551626
996,com.msf.ket::72,1,developer_plus_third_party,1,7,-0.062045629649137055,0.9222574903541344,True,0.00016199578810950914,1.0842958831551626
997,com.msf.ket::72,1,developer_plus_third_party,1,7,-0.062045629649137055,0.9222574903541344,True,0.00016199578810950914,1.0842958831551626
998,com.msf.ket::72,1,developer_plus_third_party,1,7,-0.062045629649137055,0.9222574903541344,True,0.00016199578810950914,1.0842958831551626
999,com.msf.ket::72,1,developer_plus_third_party,0,7,-0.062045629649137055,0.9222574903541344,True,0.00016199578810950914,1.0842958831551626
1000,com.msf.ket::72,1,developer_plus_third_party,1,7,-0.062045629649137055,0.9222574903541344,True,0.00016199578810950914,1.0842958831551626
1001,com.msf.ket::72,1,developer_plus_third_party,0,7,-0.062045629649137055,0.9222574903541344,True,0.00016199578810950914,1.0842958831551626
1002,com.msf.ket::72,1,developer_plus_third_party,1,7,-0.062045629649137055,0.9222574903541344,True,0.00016199578810950914,1.0842958831551626
1003,com.msf.ket::72,1,developer_plus_third_party,0,7,-0.062045629649137055,0.9222574903541344,True,0.00016199578810950914,1.0842958831551626
1004,com.msf.ket::72,1,developer_plus_third_party,1,7,-0.062045629649137055,0.9222574903541344,True,0.00016199578810950914,1.0842958831551626
1005,com.msf.ket::72,1,developer_plus_third_party,1,7,-0.062045629649137055,0.9222574903541344,True,0.00016199578810950914,1.0842958831551626
1006,com.msf.ket::72,1,developer_plus_third_party,1,7,-0.062045629649137055,0.9222574903541344,True,0.00016199578810950914,1.0842958831551626
1007,com.msf.ket::72,1,developer_plus_third_party,0,7,-0.062045629649137055,0.9222574903541344,True,0.00016199578810950914,1.0842958831551626
1008,com.msf.ket::72,1,developer_plus_third_party,0,7,-0.062045629649137055,0.9222574903541344,True,0.00016199578810950914,1.0842958831551626
1009,com.msf.ket::72,1,developer_plus_third_party,0,7,-0.062045629649137055,0.9222574903541344,True,0.00016199578810950914,1.0842958831551626
1010,com.msf.ket::72,1,developer_plus_third_party,0,7,-0.062045629649137055,0.9222574903541344,True,0.00016199578810950914,1.0842958831551626
1011,com.msf.ket::72,1,developer_plus_third_party,0,7,-0.062045629649137055,0.9222574903541344,True,0.00016199578810950914,1.0842958831551626
1012,com.msf.ket::72,1,developer_plus_third_party,1,7,-0.062045629649137055,0.9222574903541344,True,0.00016199578810950914,1.0842958831551626
1013,com.msf.ket::72,1,developer_plus_third_party,0,7,-0.062045629649137055,0.9222574903541344,True,0.00016199578810950914,1.0842958831551626
1014,com.msf.ket::72,1,developer_plus_third_party,0,7,-0.062045629649137055,0.9222574903541344,True,0.00016199578810950914,1.0842958831551626
1015,com.msf.ket::72,1,developer_plus_third_party,0,7,-0.062045629649137055,0.9222574903541344,True,0.00016199578810950914,1.0842958831551626
1016,com.msf.ket::72,1,developer_plus_third_party,0,7,-0.062045629649137055,0.9222574903541344,True,0.00016199578810950914,1.0842958831551626
1017,com.msf.ket::72,1,developer_plus_third_party,1,7,-0.062045629649137055,0.9222574903541344,True,0.00016199578810950914,1.0842958831551626
1018,com.msf.ket::72,1,developer_plus_third_party,1,7,-0.062045629649137055,0.9222574903541344,True,0.00016199578810950914,1.0842958831551626
1019,com.msf.ket::72,1,developer_plus_third_party,0,7,-0.062045629649137055,0.9222574903541344,True,0.00016199578810950914,1.0842958831551626
1020,com.msf.ket::72,1,developer_plus_third_party,0,7,-0.062045629649137055,0.9222574903541344,True,0.00016199578810950914,1.0842958831551626
1021,com.msf.ket::72,1,developer_plus_third_party,0,7,-0.062045629649137055,0.9222574903541344,True,0.00016199578810950914,1.0842958831551626
1022,com.msf.ket::72,1,developer_plus_third_party,1,7,-0.062045629649137055,0.9222574903541344,True,0.00016199578810950914,1.0842958831551626
1023,com.msf.ket::72,1,developer_plus_third_party,1,7,-0.062045629649137055,0.9222574903541344,True,0.00016199578810950914,1.0842958831551626
1024,com.msf.ket::72,1,developer_plus_third_party,0,7,-0.062045629649137055,0.9222574903541344,True,0.00016199578810950914,1.0842958831551626
1025,com.msf.ket::72,1,developer_plus_third_party,1,7,-0.062045629649137055,0.9222574903541344,True,0.00016199578810950914,1.0842958831551626
1026,com.msf.ket::72,1,developer_plus_third_party,0,7,-0.062045629649137055,0.9222574903541344,True,0.00016199578810950914,1.0842958831551626
1027,com.msf.ket::72,1,developer_plus_third_party,0,7,-0.062045629649137055,0.9222574903541344,True,0.00016199578810950914,1.0842958831551626
1028,com.msf.ket::72,1,developer_plus_third_party,1,7,-0.062045629649137055,0.9222574903541344,True,0.00016199578810950914,1.0842958831551626
1029,com.msf.ket::72,1,developer_plus_third_party,1,7,-0.062045629649137055,0.9222574903541344,True,0.00016199578810950914,1.0842958831551626
1030,com.musatech.digiscale::20,1,developer_plus_third_party,1,7,-0.1876052715145177,0.9212597313490004,True,0.00016199578810950914,1.0854702164564387
1031,com.musatech.digiscale::20,1,developer_plus_third_party,1,7,-0.1876052715145177,0.9212597313490004,True,0.00016199578810950914,1.0854702164564387
1032,com.musatech.digiscale::20,1,developer_plus_third_party,1,7,-0.1876052715145177,0.9212597313490004,True,0.00016199578810950914,1.0854702164564387
1033,com.nobexinc.wls_66087017.rc::507006,1,developer_plus_third_party,0,7,0.19605231481422866,0.9242721860877945,True,0.00016199578810950914,1.0819323734415744
1034,com.nobexinc.wls_66087017.rc::507006,1,developer_plus_third_party,1,7,0.19605231481422866,0.9242721860877945,True,0.00016199578810950914,1.0819323734415744
1035,com.nobexinc.wls_66087017.rc::507006,1,developer_plus_third_party,0,7,0.19605231481422866,0.9242721860877945,True,0.00016199578810950914,1.0819323734415744
1036,com.nobexinc.wls_66087017.rc::507006,1,developer_plus_third_party,0,7,0.19605231481422866,0.9242721860877945,True,0.00016199578810950914,1.0819323734415744
1037,com.nobexinc.wls_66087017.rc::507006,1,developer_plus_third_party,1,7,0.19605231481422866,0.9242721860877945,True,0.00016199578810950914,1.0819323734415744
1038,com.nobexinc.wls_66087017.rc::507006,1,developer_plus_third_party,0,7,0.19605231481422866,0.9242721860877945,True,0.00016199578810950914,1.0819323734415744
1039,com.nobexinc.wls_66087017.rc::507006,1,developer_plus_third_party,1,7,0.19605231481422866,0.9242721860877945,True,0.00016199578810950914,1.0819323734415744
1040,com.nobexinc.wls_66087017.rc::507006,1,developer_plus_third_party,0,7,0.19605231481422866,0.9242721860877945,True,0.00016199578810950914,1.0819323734415744
1041,com.nobexinc.wls_66087017.rc::507006,1,developer_plus_third_party,1,7,0.19605231481422866,0.9242721860877945,True,0.00016199578810950914,1.0819323734415744
1042,com.nobexinc.wls_66087017.rc::507006,1,developer_plus_third_party,1,7,0.19605231481422866,0.9242721860877945,True,0.00016199578810950914,1.0819323734415744
1043,com.nobexinc.wls_66087017.rc::507006,1,developer_plus_third_party,0,7,0.19605231481422866,0.9242721860877945,True,0.00016199578810950914,1.0819323734415744
1044,com.nobexinc.wls_66087017.rc::507006,1,developer_plus_third_party,0,7,0.19605231481422866,0.9242721860877945,True,0.00016199578810950914,1.0819323734415744
1045,com.nobexinc.wls_66087017.rc::507006,1,developer_plus_third_party,0,7,0.19605231481422866,0.9242721860877945,True,0.00016199578810950914,1.0819323734415744
1046,com.nobexinc.wls_66087017.rc::507006,1,developer_plus_third_party,0,7,0.19605231481422866,0.9242721860877945,True,0.00016199578810950914,1.0819323734415744
1047,com.nobexinc.wls_66087017.rc::507006,1,developer_plus_third_party,0,7,0.19605231481422866,0.9242721860877945,True,0.00016199578810950914,1.0819323734415744
1048,com.nobexinc.wls_66087017.rc::507006,1,developer_plus_third_party,0,7,0.19605231481422866,0.9242721860877945,True,0.00016199578810950914,1.0819323734415744
1049,com.nobexinc.wls_66087017.rc::507006,1,developer_plus_third_party,1,7,0.19605231481422866,0.9242721860877945,True,0.00016199578810950914,1.0819323734415744
1050,com.nobexinc.wls_66087017.rc::507006,1,developer_plus_third_party,0,7,0.19605231481422866,0.9242721860877945,True,0.00016199578810950914,1.0819323734415744
1051,com.nobexinc.wls_66087017.rc::507006,1,developer_plus_third_party,1,7,0.19605231481422866,0.9242721860877945,True,0.00016199578810950914,1.0819323734415744
1052,com.nobexinc.wls_66087017.rc::507006,1,developer_plus_third_party,0,7,0.19605231481422866,0.9242721860877945,True,0.00016199578810950914,1.0819323734415744
1053,com.nobexinc.wls_66087017.rc::507006,1,developer_plus_third_party,1,7,0.19605231481422866,0.9242721860877945,True,0.00016199578810950914,1.0819323734415744
1054,com.nobexinc.wls_66087017.rc::507006,1,developer_plus_third_party,0,7,0.19605231481422866,0.9242721860877945,True,0.00016199578810950914,1.0819323734415744
1055,com.nobexinc.wls_66087017.rc::507006,1,developer_plus_third_party,1,7,0.19605231481422866,0.9242721860877945,True,0.00016199578810950914,1.0819323734415744
1056,com.nobexinc.wls_66087017.rc::507006,1,developer_plus_third_party,0,7,0.19605231481422866,0.9242721860877945,True,0.00016199578810950914,1.0819323734415744
1057,com.nobexinc.wls_66087017.rc::507006,1,developer_plus_third_party,0,7,0.19605231481422866,0.9242721860877945,True,0.00016199578810950914,1.0819323734415744
1058,com.nobexinc.wls_66087017.rc::507006,1,developer_plus_third_party,1,7,0.19605231481422866,0.9242721860877945,True,0.00016199578810950914,1.0819323734415744
1059,com.nobexinc.wls_66087017.rc::507006,1,developer_plus_third_party,0,7,0.19605231481422866,0.9242721860877945,True,0.00016199578810950914,1.0819323734415744
1060,com.nobexinc.wls_66087017.rc::507006,1,developer_plus_third_party,0,7,0.19605231481422866,0.9242721860877945,True,0.00016199578810950914,1.0819323734415744
1061,com.nobexinc.wls_66087017.rc::507006,1,developer_plus_third_party,1,7,0.19605231481422866,0.9242721860877945,True,0.00016199578810950914,1.0819323734415744
1062,com.nobexinc.wls_66087017.rc::507006,1,developer_plus_third_party,1,7,0.19605231481422866,0.9242721860877945,True,0.00016199578810950914,1.0819323734415744
1063,com.nobexinc.wls_66087017.rc::507006,1,developer_plus_third_party,0,7,0.19605231481422866,0.9242721860877945,True,0.00016199578810950914,1.0819323734415744
1064,com.nobexinc.wls_66087017.rc::507006,1,developer_plus_third_party,1,7,0.19605231481422866,0.9242721860877945,True,0.00016199578810950914,1.0819323734415744
1065,com.nobexinc.wls_66087017.rc::507006,1,developer_plus_third_party,1,7,0.19605231481422866,0.9242721860877945,True,0.00016199578810950914,1.0819323734415744
1066,com.nobexinc.wls_66087017.rc::507006,1,developer_plus_third_party,1,7,0.19605231481422866,0.9242721860877945,True,0.00016199578810950914,1.0819323734415744
1067,com.nobexinc.wls_66087017.rc::507006,1,developer_plus_third_party,1,7,0.19605231481422866,0.9242721860877945,True,0.00016199578810950914,1.0819323734415744
1068,com.nobexinc.wls_66087017.rc::507006,1,developer_plus_third_party,0,7,0.19605231481422866,0.9242721860877945,True,0.00016199578810950914,1.0819323734415744
1069,com.nobexinc.wls_66087017.rc::507006,1,developer_plus_third_party,1,7,0.19605231481422866,0.9242721860877945,True,0.00016199578810950914,1.0819323734415744
1070,com.nobexinc.wls_66087017.rc::507006,1,developer_plus_third_party,0,7,0.19605231481422866,0.9242721860877945,True,0.00016199578810950914,1.0819323734415744
1071,com.nobexinc.wls_66087017.rc::507006,1,developer_plus_third_party,0,7,0.19605231481422866,0.9242721860877945,True,0.00016199578810950914,1.0819323734415744
1072,com.nobexinc.wls_66087017.rc::507006,1,developer_plus_third_party,0,7,0.19605231481422866,0.9242721860877945,True,0.00016199578810950914,1.0819323734415744
1073,com.nobexinc.wls_66087017.rc::507006,1,developer_plus_third_party,1,7,0.19605231481422866,0.9242721860877945,True,0.00016199578810950914,1.0819323734415744
1074,com.nobexinc.wls_66087017.rc::507006,1,developer_plus_third_party,1,7,0.19605231481422866,0.9242721860877945,True,0.00016199578810950914,1.0819323734415744
1075,com.nobexinc.wls_66087017.rc::507006,1,developer_plus_third_party,1,7,0.19605231481422866,0.9242721860877945,True,0.00016199578810950914,1.0819323734415744
1076,com.nobexinc.wls_66087017.rc::507006,1,developer_plus_third_party,0,7,0.19605231481422866,0.9242721860877945,True,0.00016199578810950914,1.0819323734415744
1077,com.nobexinc.wls_66087017.rc::507006,1,developer_plus_third_party,0,7,0.19605231481422866,0.9242721860877945,True,0.00016199578810950914,1.0819323734415744
1078,com.nobexinc.wls_66087017.rc::507006,1,developer_plus_third_party,1,7,0.19605231481422866,0.9242721860877945,True,0.00016199578810950914,1.0819323734415744
1079,com.nobexinc.wls_66087017.rc::507006,1,developer_plus_third_party,1,7,0.19605231481422866,0.9242721860877945,True,0.00016199578810950914,1.0819323734415744
1080,com.nobexinc.wls_66087017.rc::507006,1,developer_plus_third_party,0,7,0.19605231481422866,0.9242721860877945,True,0.00016199578810950914,1.0819323734415744
1081,com.nobexinc.wls_66087017.rc::507006,1,developer_plus_third_party,0,7,0.19605231481422866,0.9242721860877945,True,0.00016199578810950914,1.0819323734415744
1082,com.nobexinc.wls_66087017.rc::507006,1,developer_plus_third_party,0,7,0.19605231481422866,0.9242721860877945,True,0.00016199578810950914,1.0819323734415744
1083,com.nobexinc.wls_66087017.rc::507006,1,developer_plus_third_party,1,7,0.19605231481422866,0.9242721860877945,True,0.00016199578810950914,1.0819323734415744
1084,com.nobexinc.wls_66087017.rc::507006,1,developer_plus_third_party,1,7,0.19605231481422866,0.9242721860877945,True,0.00016199578810950914,1.0819323734415744
1085,com.nobexinc.wls_66087017.rc::507006,1,developer_plus_third_party,0,7,0.19605231481422866,0.9242721860877945,True,0.00016199578810950914,1.0819323734415744
1086,com.nobexinc.wls_66087017.rc::507006,1,developer_plus_third_party,0,7,0.19605231481422866,0.9242721860877945,True,0.00016199578810950914,1.0819323734415744
1087,com.nobexinc.wls_66087017.rc::507006,1,developer_plus_third_party,0,7,0.19605231481422866,0.9242721860877945,True,0.00016199578810950914,1.0819323734415744
1088,com.nobexinc.wls_66087017.rc::507006,1,developer_plus_third_party,0,7,0.19605231481422866,0.9242721860877945,True,0.00016199578810950914,1.0819323734415744
1089,com.nobexinc.wls_66087017.rc::507006,1,developer_plus_third_party,1,7,0.19605231481422866,0.9242721860877945,True,0.00016199578810950914,1.0819323734415744
1090,com.nobexinc.wls_66087017.rc::507006,1,developer_plus_third_party,0,7,0.19605231481422866,0.9242721860877945,True,0.00016199578810950914,1.0819323734415744
1091,com.nobexinc.wls_66087017.rc::507006,1,developer_plus_third_party,1,7,0.19605231481422866,0.9242721860877945,True,0.00016199578810950914,1.0819323734415744
1092,com.nobexinc.wls_66087017.rc::507006,1,developer_plus_third_party,0,7,0.19605231481422866,0.9242721860877945,True,0.00016199578810950914,1.0819323734415744
1093,com.nobexinc.wls_66087017.rc::507006,1,developer_plus_third_party,0,7,0.19605231481422866,0.9242721860877945,True,0.00016199578810950914,1.0819323734415744
1094,com.nobexinc.wls_66087017.rc::507006,1,developer_plus_third_party,0,7,0.19605231481422866,0.9242721860877945,True,0.00016199578810950914,1.0819323734415744
1095,com.nobexinc.wls_66087017.rc::507006,1,developer_plus_third_party,0,7,0.19605231481422866,0.9242721860877945,True,0.00016199578810950914,1.0819323734415744
1096,com.nobexinc.wls_66087017.rc::507006,1,developer_plus_third_party,0,7,0.19605231481422866,0.9242721860877945,True,0.00016199578810950914,1.0819323734415744
1097,com.nobexinc.wls_66087017.rc::507006,1,developer_plus_third_party,0,7,0.19605231481422866,0.9242721860877945,True,0.00016199578810950914,1.0819323734415744
1098,com.nobexinc.wls_66087017.rc::507006,1,developer_plus_third_party,0,7,0.19605231481422866,0.9242721860877945,True,0.00016199578810950914,1.0819323734415744
1099,com.nobexinc.wls_66087017.rc::507006,1,developer_plus_third_party,0,7,0.19605231481422866,0.9242721860877945,True,0.00016199578810950914,1.0819323734415744
1100,com.nobexinc.wls_66087017.rc::507006,1,developer_plus_third_party,0,7,0.19605231481422866,0.9242721860877945,True,0.00016199578810950914,1.0819323734415744
1101,com.nobexinc.wls_66087017.rc::507006,1,developer_plus_third_party,0,7,0.19605231481422866,0.9242721860877945,True,0.00016199578810950914,1.0819323734415744
1102,com.nobexinc.wls_66087017.rc::507006,1,developer_plus_third_party,0,7,0.19605231481422866,0.9242721860877945,True,0.00016199578810950914,1.0819323734415744
1103,com.nobexinc.wls_66087017.rc::507006,1,developer_plus_third_party,0,7,0.19605231481422866,0.9242721860877945,True,0.00016199578810950914,1.0819323734415744
1104,com.nobexinc.wls_66087017.rc::507006,1,developer_plus_third_party,0,7,0.19605231481422866,0.9242721860877945,True,0.00016199578810950914,1.0819323734415744
1105,com.sagamill.stocksalerter::44,1,developer_plus_third_party,1,7,-0.004909600870647464,0.9227076780769168,True,0.0006479831524380366,1.0837668567841268
1106,com.sagamill.stocksalerter::44,1,developer_plus_third_party,1,7,-0.004909600870647464,0.9227076780769168,True,0.00016199578810950914,1.0837668567841268
1107,com.sagamill.stocksalerter::44,1,developer_plus_third_party,1,7,-0.004909600870647464,0.9227076780769168,True,0.00016199578810950914,1.0837668567841268
1108,com.sagamill.stocksalerter::44,1,developer_plus_third_party,1,7,-0.004909600870647464,0.9227076780769168,True,0.00016199578810950914,1.0837668567841268
1109,com.sagamill.stocksalerter::44,1,developer_plus_third_party,1,7,-0.004909600870647464,0.9227076780769168,True,0.00016199578810950914,1.0837668567841268
1110,com.sagamill.stocksalerter::44,1,developer_plus_third_party,0,7,-0.004909600870647464,0.9227076780769168,True,0.00016199578810950914,1.0837668567841268
1111,com.sagamill.stocksalerter::44,1,developer_plus_third_party,0,7,-0.004909600870647464,0.9227076780769168,True,0.00016199578810950914,1.0837668567841268
1112,com.sagamill.stocksalerter::44,1,developer_plus_third_party,1,7,-0.004909600870647464,0.9227076780769168,True,0.00016199578810950914,1.0837668567841268
1113,com.sagamill.stocksalerter::44,1,developer_plus_third_party,1,7,-0.004909600870647464,0.9227076780769168,True,0.00016199578810950914,1.0837668567841268
1114,com.sagamill.stocksalerter::44,1,developer_plus_third_party,1,7,-0.004909600870647464,0.9227076780769168,True,0.00016199578810950914,1.0837668567841268
1115,com.sagamill.stocksalerter::44,1,developer_plus_third_party,1,7,-0.004909600870647464,0.9227076780769168,True,0.00016199578810950914,1.0837668567841268
1116,com.sagamill.stocksalerter::44,1,developer_plus_third_party,0,7,-0.004909600870647464,0.9227076780769168,True,0.00016199578810950914,1.0837668567841268
1117,com.sagamill.stocksalerter::44,1,developer_plus_third_party,0,7,-0.004909600870647464,0.9227076780769168,True,0.00016199578810950914,1.0837668567841268
1118,com.sagamill.stocksalerter::44,1,developer_plus_third_party,0,7,-0.004909600870647464,0.9227076780769168,True,0.00016199578810950914,1.0837668567841268
1119,com.sagamill.stocksalerter::44,1,developer_plus_third_party,0,7,-0.004909600870647464,0.9227076780769168,True,0.00016199578810950914,1.0837668567841268
1120,com.sagamill.stocksalerter::44,1,developer_plus_third_party,0,7,-0.004909600870647464,0.9227076780769168,True,0.00016199578810950914,1.0837668567841268
1121,com.sagamill.stocksalerter::44,1,developer_plus_third_party,0,7,-0.004909600870647464,0.9227076780769168,True,0.00016199578810950914,1.0837668567841268
1122,com.sagamill.stocksalerter::44,1,developer_plus_third_party,1,7,-0.004909600870647464,0.9227076780769168,True,0.00016199578810950914,1.0837668567841268
1123,com.sagamill.stocksalerter::44,1,developer_plus_third_party,0,7,-0.004909600870647464,0.9227076780769168,True,0.00016199578810950914,1.0837668567841268
1124,com.sagamill.stocksalerter::44,1,developer_plus_third_party,0,7,-0.004909600870647464,0.9227076780769168,True,0.00016199578810950914,1.0837668567841268
1125,com.sagamill.stocksalerter::44,1,developer_plus_third_party,0,7,-0.004909600870647464,0.9227076780769168,True,0.00016199578810950914,1.0837668567841268
1126,com.sagamill.stocksalerter::44,1,developer_plus_third_party,1,7,-0.004909600870647464,0.9227076780769168,True,0.00016199578810950914,1.0837668567841268
1127,com.sagamill.stocksalerter::44,1,developer_plus_third_party,1,7,-0.004909600870647464,0.9227076780769168,True,0.00016199578810950914,1.0837668567841268
1128,com.sagamill.stocksalerter::44,1,developer_plus_third_party,0,7,-0.004909600870647464,0.9227076780769168,True,0.00016199578810950914,1.0837668567841268
1129,com.sagamill.stocksalerter::44,1,developer_plus_third_party,0,7,-0.004909600870647464,0.9227076780769168,True,0.00016199578810950914,1.0837668567841268
1130,com.sagamill.stocksalerter::44,1,developer_plus_third_party,1,7,-0.004909600870647464,0.9227076780769168,True,0.00016199578810950914,1.0837668567841268
1131,com.sagamill.stocksalerter::44,1,developer_plus_third_party,0,7,-0.004909600870647464,0.9227076780769168,True,0.00016199578810950914,1.0837668567841268
1132,com.sagamill.stocksalerter::44,1,developer_plus_third_party,1,7,-0.004909600870647464,0.9227076780769168,True,0.00016199578810950914,1.0837668567841268
1133,com.sagamill.stocksalerter::44,1,developer_plus_third_party,1,7,-0.004909600870647464,0.9227076780769168,True,0.00016199578810950914,1.0837668567841268
1134,com.taw9el.couponredeem::5,1,developer_plus_third_party,1,7,-0.520569926572431,0.9185568970023309,True,0.00016199578810950914,1.0886641897344138
1135,com.taw9el.couponredeem::5,1,developer_plus_third_party,1,7,-0.520569926572431,0.9185568970023309,True,0.00016199578810950914,1.0886641897344138
1136,com.taw9el.couponredeem::5,1,developer_plus_third_party,1,7,-0.520569926572431,0.9185568970023309,True,0.00016199578810950914,1.0886641897344138
1137,com.taw9el.couponredeem::5,1,developer_plus_third_party,1,7,-0.520569926572431,0.9185568970023309,True,0.00016199578810950914,1.0886641897344138
1138,com.taw9el.couponredeem::5,1,developer_plus_third_party,0,7,-0.520569926572431,0.9185568970023309,True,0.00016199578810950914,1.0886641897344138
1139,com.taw9el.couponredeem::5,1,developer_plus_third_party,0,7,-0.520569926572431,0.9185568970023309,True,0.00016199578810950914,1.0886641897344138
1140,com.taw9el.couponredeem::5,1,developer_plus_third_party,1,7,-0.520569926572431,0.9185568970023309,True,0.00016199578810950914,1.0886641897344138
1141,com.taw9el.couponredeem::5,1,developer_plus_third_party,0,7,-0.520569926572431,0.9185568970023309,True,0.00016199578810950914,1.0886641897344138
1142,com.taw9el.couponredeem::5,1,developer_plus_third_party,0,7,-0.520569926572431,0.9185568970023309,True,0.00016199578810950914,1.0886641897344138
1143,com.taw9el.couponredeem::5,1,developer_plus_third_party,1,7,-0.520569926572431,0.9185568970023309,True,0.00016199578810950914,1.0886641897344138
1144,com.taw9el.couponredeem::5,1,developer_plus_third_party,1,7,-0.520569926572431,0.9185568970023309,True,0.00016199578810950914,1.0886641897344138
1145,com.taw9el.couponredeem::5,1,developer_plus_third_party,0,7,-0.520569926572431,0.9185568970023309,True,0.00016199578810950914,1.0886641897344138
1146,com.taw9el.couponredeem::5,1,developer_plus_third_party,0,7,-0.520569926572431,0.9185568970023309,True,0.00016199578810950914,1.0886641897344138
1147,com.taw9el.couponredeem::5,1,developer_plus_third_party,0,7,-0.520569926572431,0.9185568970023309,True,0.00016199578810950914,1.0886641897344138
1148,com.taw9el.couponredeem::5,1,developer_plus_third_party,0,7,-0.520569926572431,0.9185568970023309,True,0.00016199578810950914,1.0886641897344138
1149,com.taw9el.couponredeem::5,1,developer_plus_third_party,0,7,-0.520569926572431,0.9185568970023309,True,0.00016199578810950914,1.0886641897344138
1150,com.taw9el.couponredeem::5,1,developer_plus_third_party,1,7,-0.520569926572431,0.9185568970023309,True,0.00016199578810950914,1.0886641897344138
1151,com.taw9el.couponredeem::5,1,developer_plus_third_party,1,7,-0.520569926572431,0.9185568970023309,True,0.00016199578810950914,1.0886641897344138
1152,com.taw9el.couponredeem::5,1,developer_plus_third_party,0,7,-0.520569926572431,0.9185568970023309,True,0.00016199578810950914,1.0886641897344138
1153,com.taw9el.couponredeem::5,1,developer_plus_third_party,0,7,-0.520569926572431,0.9185568970023309,True,0.00016199578810950914,1.0886641897344138
1154,com.taw9el.couponredeem::5,1,developer_plus_third_party,1,7,-0.520569926572431,0.9185568970023309,True,0.00016199578810950914,1.0886641897344138
1155,com.taw9el.couponredeem::5,1,developer_plus_third_party,0,7,-0.520569926572431,0.9185568970023309,True,0.00016199578810950914,1.0886641897344138
1156,com.taw9el.couponredeem::5,1,developer_plus_third_party,0,7,-0.520569926572431,0.9185568970023309,True,0.00016199578810950914,1.0886641897344138
1157,com.taw9el.couponredeem::5,1,developer_plus_third_party,1,7,-0.520569926572431,0.9185568970023309,True,0.00016199578810950914,1.0886641897344138
1158,com.taw9el.couponredeem::5,1,developer_plus_third_party,1,7,-0.520569926572431,0.9185568970023309,True,0.00016199578810950914,1.0886641897344138
1159,com.taw9el.couponredeem::5,1,developer_plus_third_party,0,7,-0.520569926572431,0.9185568970023309,True,0.00016199578810950914,1.0886641897344138
1160,com.wovibe.hotplayer::9,1,developer_plus_third_party,1,7,-0.34520911473985394,0.9199907629431742,True,0.00016199578810950914,1.086967435195616
1161,com.wovibe.hotplayer::9,1,developer_plus_third_party,1,7,-0.34520911473985394,0.9199907629431742,True,0.00016199578810950914,1.086967435195616
1162,com.wovibe.hotplayer::9,1,developer_plus_third_party,1,7,-0.34520911473985394,0.9199907629431742,True,0.00016199578810950914,1.086967435195616
1163,com.wovibe.hotplayer::9,1,developer_plus_third_party,1,7,-0.34520911473985394,0.9199907629431742,True,0.00016199578810950914,1.086967435195616
1164,com.wovibe.hotplayer::9,1,developer_plus_third_party,0,7,-0.34520911473985394,0.9199907629431742,True,0.00016199578810950914,1.086967435195616
1165,com.wovibe.hotplayer::9,1,developer_plus_third_party,1,7,-0.34520911473985394,0.9199907629431742,True,0.00016199578810950914,1.086967435195616
1166,com.wovibe.hotplayer::9,1,developer_plus_third_party,0,7,-0.34520911473985394,0.9199907629431742,True,0.00016199578810950914,1.086967435195616
1167,com.wovibe.hotplayer::9,1,developer_plus_third_party,0,7,-0.34520911473985394,0.9199907629431742,True,0.00016199578810950914,1.086967435195616
1168,com.wovibe.hotplayer::9,1,developer_plus_third_party,1,7,-0.34520911473985394,0.9199907629431742,True,0.00016199578810950914,1.086967435195616
1169,com.wovibe.hotplayer::9,1,developer_plus_third_party,0,7,-0.34520911473985394,0.9199907629431742,True,0.00016199578810950914,1.086967435195616
1170,com.wovibe.hotplayer::9,1,developer_plus_third_party,1,7,-0.34520911473985394,0.9199907629431742,True,0.00016199578810950914,1.086967435195616
1171,com.wovibe.hotplayer::9,1,developer_plus_third_party,0,7,-0.34520911473985394,0.9199907629431742,True,0.00016199578810950914,1.086967435195616
1172,com.wovibe.hotplayer::9,1,developer_plus_third_party,0,7,-0.34520911473985394,0.9199907629431742,True,0.00016199578810950914,1.086967435195616
1173,com.wovibe.hotplayer::9,1,developer_plus_third_party,0,7,-0.34520911473985394,0.9199907629431742,True,0.00016199578810950914,1.086967435195616
1174,com.wovibe.hotplayer::9,1,developer_plus_third_party,1,7,-0.34520911473985394,0.9199907629431742,True,0.00016199578810950914,1.086967435195616
1175,com.wovibe.hotplayer::9,1,developer_plus_third_party,0,7,-0.34520911473985394,0.9199907629431742,True,0.00016199578810950914,1.086967435195616
1176,com.wovibe.hotplayer::9,1,developer_plus_third_party,0,7,-0.34520911473985394,0.9199907629431742,True,0.00016199578810950914,1.086967435195616
1177,com.wovibe.hotplayer::9,1,developer_plus_third_party,1,7,-0.34520911473985394,0.9199907629431742,True,0.00016199578810950914,1.086967435195616
1178,com.wovibe.hotplayer::9,1,developer_plus_third_party,0,7,-0.34520911473985394,0.9199907629431742,True,0.00016199578810950914,1.086967435195616
1179,com.wovibe.hotplayer::9,1,developer_plus_third_party,1,7,-0.34520911473985394,0.9199907629431742,True,0.00016199578810950914,1.086967435195616
1180,com.wovibe.hotplayer::9,1,developer_plus_third_party,0,7,-0.34520911473985394,0.9199907629431742,True,0.00016199578810950914,1.086967435195616
1181,com.wovibe.hotplayer::9,1,developer_plus_third_party,0,7,-0.34520911473985394,0.9199907629431742,True,0.00016199578810950914,1.086967435195616
1182,com.wovibe.hotplayer::9,1,developer_plus_third_party,1,7,-0.34520911473985394,0.9199907629431742,True,0.00016199578810950914,1.086967435195616
1183,com.wovibe.hotplayer::9,1,developer_plus_third_party,0,7,-0.34520911473985394,0.9199907629431742,True,0.00016199578810950914,1.086967435195616
1184,com.wovibe.hotplayer::9,1,developer_plus_third_party,1,7,-0.34520911473985394,0.9199907629431742,True,0.00016199578810950914,1.086967435195616
1185,com.wovibe.hotplayer::9,1,developer_plus_third_party,1,7,-0.34520911473985394,0.9199907629431742,True,0.00016199578810950914,1.086967435195616
1186,com.wovibe.hotplayer::9,1,developer_plus_third_party,0,7,-0.34520911473985394,0.9199907629431742,True,0.00016199578810950914,1.086967435195616
1187,com.wovibe.hotplayer::9,1,developer_plus_third_party,1,7,-0.34520911473985394,0.9199907629431742,True,0.00016199578810950914,1.086967435195616
1188,com.wovibe.hotplayer::9,1,developer_plus_third_party,1,7,-0.34520911473985394,0.9199907629431742,True,0.00016199578810950914,1.086967435195616
1189,dk.mochsoft.vnc::26,1,developer_plus_third_party,1,7,-0.6512304720342004,0.917473345614448,True,0.00016199578810950914,1.0899499203764687
1190,dk.mochsoft.vnc::26,1,developer_plus_third_party,1,7,-0.6512304720342004,0.917473345614448,True,0.00016199578810950914,1.0899499203764687
1191,dk.mochsoft.vnc::26,1,developer_plus_third_party,1,7,-0.6512304720342004,0.917473345614448,True,0.00016199578810950914,1.0899499203764687
1192,dk.mochsoft.vnc::26,1,developer_plus_third_party,1,7,-0.6512304720342004,0.917473345614448,True,0.0008099789405475457,1.0899499203764687
1193,dosimi.subway::125,1,developer_plus_third_party,0,7,0.10149444628230916,0.9235396983845469,True,0.00016199578810950914,1.082790487240773
1194,dosimi.subway::125,1,developer_plus_third_party,1,7,0.10149444628230916,0.9235396983845469,True,0.00016199578810950914,1.082790487240773
1195,dosimi.subway::125,1,developer_plus_third_party,1,7,0.10149444628230916,0.9235396983845469,True,0.00016199578810950914,1.082790487240773
1196,dosimi.subway::125,1,developer_plus_third_party,1,7,0.10149444628230916,0.9235396983845469,True,0.00016199578810950914,1.082790487240773
1197,dosimi.subway::125,1,developer_plus_third_party,1,7,0.10149444628230916,0.9235396983845469,True,0.00016199578810950914,1.082790487240773
1198,dosimi.subway::125,1,developer_plus_third_party,0,7,0.10149444628230916,0.9235396983845469,True,0.00016199578810950914,1.082790487240773
1199,dosimi.subway::125,1,developer_plus_third_party,0,7,0.10149444628230916,0.9235396983845469,True,0.00016199578810950914,1.082790487240773
1200,dosimi.subway::125,1,developer_plus_third_party,0,7,0.10149444628230916,0.9235396983845469,True,0.00016199578810950914,1.082790487240773
1201,dosimi.subway::125,1,developer_plus_third_party,0,7,0.10149444628230916,0.9235396983845469,True,0.00016199578810950914,1.082790487240773
1202,dosimi.subway::125,1,developer_plus_third_party,0,7,0.10149444628230916,0.9235396983845469,True,0.00016199578810950914,1.082790487240773
1203,dosimi.subway::125,1,developer_plus_third_party,0,7,0.10149444628230916,0.9235396983845469,True,0.00016199578810950914,1.082790487240773
1204,dosimi.subway::125,1,developer_plus_third_party,0,7,0.10149444628230916,0.9235396983845469,True,0.00016199578810950914,1.082790487240773
1205,dosimi.subway::125,1,developer_plus_third_party,0,7,0.10149444628230916,0.9235396983845469,True,0.00016199578810950914,1.082790487240773
1206,dosimi.subway::125,1,developer_plus_third_party,0,7,0.10149444628230916,0.9235396983845469,True,0.00016199578810950914,1.082790487240773
1207,dosimi.subway::125,1,developer_plus_third_party,0,7,0.10149444628230916,0.9235396983845469,True,0.00016199578810950914,1.082790487240773
1208,dosimi.subway::125,1,developer_plus_third_party,0,7,0.10149444628230916,0.9235396983845469,True,0.00016199578810950914,1.082790487240773
1209,dosimi.subway::125,1,developer_plus_third_party,0,7,0.10149444628230916,0.9235396983845469,True,0.00016199578810950914,1.082790487240773
1210,dosimi.subway::125,1,developer_plus_third_party,0,7,0.10149444628230916,0.9235396983845469,True,0.00016199578810950914,1.082790487240773
1211,dosimi.subway::125,1,developer_plus_third_party,0,7,0.10149444628230916,0.9235396983845469,True,0.00016199578810950914,1.082790487240773
1212,dosimi.subway::125,1,developer_plus_third_party,0,7,0.10149444628230916,0.9235396983845469,True,0.00016199578810950914,1.082790487240773
1213,dosimi.subway::125,1,developer_plus_third_party,0,7,0.10149444628230916,0.9235396983845469,True,0.00016199578810950914,1.082790487240773
1214,dosimi.subway::125,1,developer_plus_third_party,0,7,0.10149444628230916,0.9235396983845469,True,0.00016199578810950914,1.082790487240773
1215,dosimi.subway::125,1,developer_plus_third_party,0,7,0.10149444628230916,0.9235396983845469,True,0.00016199578810950914,1.082790487240773
1216,id.code.wings::1300022,1,developer_plus_third_party,0,7,1.214010353257696,0.9317588339105483,True,0.00016199578810950914,1.0732390867742534
1217,id.code.wings::1300022,1,developer_plus_third_party,0,7,1.214010353257696,0.9317588339105483,True,0.00016199578810950914,1.0732390867742534
1218,id.code.wings::1300022,1,developer_plus_third_party,0,7,1.214010353257696,0.9317588339105483,True,0.00016199578810950914,1.0732390867742534
1219,id.code.wings::1300022,1,developer_plus_third_party,0,7,1.214010353257696,0.9317588339105483,True,0.00016199578810950914,1.0732390867742534
1220,id.code.wings::1300022,1,developer_plus_third_party,0,7,1.214010353257696,0.9317588339105483,True,0.00016199578810950914,1.0732390867742534
1221,id.code.wings::1300022,1,developer_plus_third_party,0,7,1.214010353257696,0.9317588339105483,True,0.00016199578810950914,1.0732390867742534
1222,id.code.wings::1300022,1,developer_plus_third_party,0,7,1.214010353257696,0.9317588339105483,True,0.00016199578810950914,1.0732390867742534
1223,id.code.wings::1300022,1,developer_plus_third_party,0,7,1.214010353257696,0.9317588339105483,True,0.00016199578810950914,1.0732390867742534
1224,id.code.wings::1300022,1,developer_plus_third_party,0,7,1.214010353257696,0.9317588339105483,True,0.00016199578810950914,1.0732390867742534
1225,id.code.wings::1300022,1,developer_plus_third_party,0,7,1.214010353257696,0.9317588339105483,True,0.00016199578810950914,1.0732390867742534
1226,id.code.wings::1300022,1,developer_plus_third_party,0,7,1.214010353257696,0.9317588339105483,True,0.00016199578810950914,1.0732390867742534
1227,id.code.wings::1300022,1,developer_plus_third_party,0,7,1.214010353257696,0.9317588339105483,True,0.00016199578810950914,1.0732390867742534
1228,id.code.wings::1300022,1,developer_plus_third_party,0,7,1.214010353257696,0.9317588339105483,True,0.00016199578810950914,1.0732390867742534
1229,id.code.wings::1300022,1,developer_plus_third_party,0,7,1.214010353257696,0.9317588339105483,True,0.00016199578810950914,1.0732390867742534
1230,id.code.wings::1300022,1,developer_plus_third_party,0,7,1.214010353257696,0.9317588339105483,True,0.00016199578810950914,1.0732390867742534
1231,id.code.wings::1300022,1,developer_plus_third_party,0,7,1.214010353257696,0.9317588339105483,True,0.00016199578810950914,1.0732390867742534
1232,id.code.wings::1300022,1,developer_plus_third_party,0,7,1.214010353257696,0.9317588339105483,True,0.00016199578810950914,1.0732390867742534
1233,id.code.wings::1300022,1,developer_plus_third_party,0,7,1.214010353257696,0.9317588339105483,True,0.00016199578810950914,1.0732390867742534
1234,id.code.wings::1300022,1,developer_plus_third_party,0,7,1.214010353257696,0.9317588339105483,True,0.00016199578810950914,1.0732390867742534
1235,id.code.wings::1300022,1,developer_plus_third_party,1,7,1.214010353257696,0.9317588339105483,True,0.00016199578810950914,1.0732390867742534
1236,id.code.wings::1300022,1,developer_plus_third_party,1,7,1.214010353257696,0.9317588339105483,True,0.00016199578810950914,1.0732390867742534
1237,id.code.wings::1300022,1,developer_plus_third_party,1,7,1.214010353257696,0.9317588339105483,True,0.00016199578810950914,1.0732390867742534
1238,kr.co.seoulgas.cash::137,1,developer_plus_third_party,1,7,0.0729571199130462,0.9233173620035148,True,0.00016199578810950914,1.0830512250198467
1239,kr.co.seoulgas.cash::137,1,developer_plus_third_party,1,7,0.0729571199130462,0.9233173620035148,True,0.00016199578810950914,1.0830512250198467
1240,kr.co.seoulgas.cash::137,1,developer_plus_third_party,0,7,0.0729571199130462,0.9233173620035148,True,0.00016199578810950914,1.0830512250198467
1241,kr.co.seoulgas.cash::137,1,developer_plus_third_party,1,7,0.0729571199130462,0.9233173620035148,True,0.00016199578810950914,1.0830512250198467
1242,kr.co.seoulgas.cash::137,1,developer_plus_third_party,1,7,0.0729571199130462,0.9233173620035148,True,0.00016199578810950914,1.0830512250198467
1243,kr.co.seoulgas.cash::137,1,developer_plus_third_party,1,7,0.0729571199130462,0.9233173620035148,True,0.00016199578810950914,1.0830512250198467
1244,kr.co.seoulgas.cash::137,1,developer_plus_third_party,1,7,0.0729571199130462,0.9233173620035148,True,0.00016199578810950914,1.0830512250198467
1245,kr.co.seoulgas.cash::137,1,developer_plus_third_party,1,7,0.0729571199130462,0.9233173620035148,True,0.00016199578810950914,1.0830512250198467
1246,kr.co.seoulgas.cash::137,1,developer_plus_third_party,0,7,0.0729571199130462,0.9233173620035148,True,0.00016199578810950914,1.0830512250198467
1247,kr.co.seoulgas.cash::137,1,developer_plus_third_party,0,7,0.0729571199130462,0.9233173620035148,True,0.00016199578810950914,1.0830512250198467
1248,kr.co.seoulgas.cash::137,1,developer_plus_third_party,0,7,0.0729571199130462,0.9233173620035148,True,0.00016199578810950914,1.0830512250198467
1249,kr.co.seoulgas.cash::137,1,developer_plus_third_party,0,7,0.0729571199130462,0.9233173620035148,True,0.00016199578810950914,1.0830512250198467
1250,kr.co.seoulgas.cash::137,1,developer_plus_third_party,0,7,0.0729571199130462,0.9233173620035148,True,0.00016199578810950914,1.0830512250198467
1251,kr.co.seoulgas.cash::137,1,developer_plus_third_party,0,7,0.0729571199130462,0.9233173620035148,True,0.00016199578810950914,1.0830512250198467
1252,kr.co.seoulgas.cash::137,1,developer_plus_third_party,0,7,0.0729571199130462,0.9233173620035148,True,0.00016199578810950914,1.0830512250198467
1253,kr.co.seoulgas.cash::137,1,developer_plus_third_party,0,7,0.0729571199130462,0.9233173620035148,True,0.00016199578810950914,1.0830512250198467
1254,kr.co.seoulgas.cash::137,1,developer_plus_third_party,0,7,0.0729571199130462,0.9233173620035148,True,0.00016199578810950914,1.0830512250198467
1255,kr.co.seoulgas.cash::137,1,developer_plus_third_party,0,7,0.0729571199130462,0.9233173620035148,True,0.00016199578810950914,1.0830512250198467
1256,kr.co.seoulgas.cash::137,1,developer_plus_third_party,0,7,0.0729571199130462,0.9233173620035148,True,0.00016199578810950914,1.0830512250198467
1257,kr.co.seoulgas.cash::137,1,developer_plus_third_party,0,7,0.0729571199130462,0.9233173620035148,True,0.00016199578810950914,1.0830512250198467
1258,kr.co.seoulgas.cash::137,1,developer_plus_third_party,0,7,0.0729571199130462,0.9233173620035148,True,0.00016199578810950914,1.0830512250198467
1259,kr.co.seoulgas.cash::137,1,developer_plus_third_party,0,7,0.0729571199130462,0.9233173620035148,True,0.00016199578810950914,1.0830512250198467
1260,kr.co.seoulgas.cash::137,1,developer_plus_third_party,0,7,0.0729571199130462,0.9233173620035148,True,0.00016199578810950914,1.0830512250198467
1261,loudringtones.tonosfuertesparaelmovil::8,1,developer_plus_third_party,1,7,0.6465676414303222,0.9276743330250716,True,0.00016199578810950914,1.0779645015498922
1262,loudringtones.tonosfuertesparaelmovil::8,1,developer_plus_third_party,1,7,0.6465676414303222,0.9276743330250716,True,0.00016199578810950914,1.0779645015498922
1263,loudringtones.tonosfuertesparaelmovil::8,1,developer_plus_third_party,1,7,0.6465676414303222,0.9276743330250716,True,0.00016199578810950914,1.0779645015498922
1264,ru.atomsbt.mobile::91,1,developer_plus_third_party,0,7,0.2565356288213443,0.9247373331604306,True,0.00016199578810950914,1.081388156550734
1265,ru.atomsbt.mobile::91,1,developer_plus_third_party,0,7,0.2565356288213443,0.9247373331604306,True,0.00016199578810950914,1.081388156550734
1266,ru.atomsbt.mobile::91,1,developer_plus_third_party,1,7,0.2565356288213443,0.9247373331604306,True,0.00016199578810950914,1.081388156550734
1267,ru.atomsbt.mobile::91,1,developer_plus_third_party,0,7,0.2565356288213443,0.9247373331604306,True,0.00016199578810950914,1.081388156550734
1268,ru.atomsbt.mobile::91,1,developer_plus_third_party,1,7,0.2565356288213443,0.9247373331604306,True,0.00016199578810950914,1.081388156550734
1269,ru.atomsbt.mobile::91,1,developer_plus_third_party,0,7,0.2565356288213443,0.9247373331604306,True,0.00016199578810950914,1.081388156550734
1270,ru.atomsbt.mobile::91,1,developer_plus_third_party,0,7,0.2565356288213443,0.9247373331604306,True,0.00016199578810950914,1.081388156550734
1271,ru.atomsbt.mobile::91,1,developer_plus_third_party,0,7,0.2565356288213443,0.9247373331604306,True,0.00016199578810950914,1.081388156550734
1272,ru.atomsbt.mobile::91,1,developer_plus_third_party,0,7,0.2565356288213443,0.9247373331604306,True,0.00016199578810950914,1.081388156550734
1273,ru.atomsbt.mobile::91,1,developer_plus_third_party,0,7,0.2565356288213443,0.9247373331604306,True,0.00016199578810950914,1.081388156550734
1274,ru.atomsbt.mobile::91,1,developer_plus_third_party,1,7,0.2565356288213443,0.9247373331604306,True,0.00016199578810950914,1.081388156550734
1275,ru.atomsbt.mobile::91,1,developer_plus_third_party,0,7,0.2565356288213443,0.9247373331604306,True,0.00016199578810950914,1.081388156550734
1276,ru.atomsbt.mobile::91,1,developer_plus_third_party,1,7,0.2565356288213443,0.9247373331604306,True,0.00016199578810950914,1.081388156550734
1277,ru.atomsbt.mobile::91,1,developer_plus_third_party,1,7,0.2565356288213443,0.9247373331604306,True,0.00016199578810950914,1.081388156550734
1278,ru.atomsbt.mobile::91,1,developer_plus_third_party,0,7,0.2565356288213443,0.9247373331604306,True,0.00016199578810950914,1.081388156550734
1279,ru.atomsbt.mobile::91,1,developer_plus_third_party,0,7,0.2565356288213443,0.9247373331604306,True,0.00016199578810950914,1.081388156550734
1280,ru.atomsbt.mobile::91,1,developer_plus_third_party,1,7,0.2565356288213443,0.9247373331604306,True,0.00016199578810950914,1.081388156550734
1281,ru.atomsbt.mobile::91,1,developer_plus_third_party,0,7,0.2565356288213443,0.9247373331604306,True,0.00016199578810950914,1.081388156550734
1282,ru.atomsbt.mobile::91,1,developer_plus_third_party,0,7,0.2565356288213443,0.9247373331604306,True,0.00016199578810950914,1.081388156550734
1283,ru.atomsbt.mobile::91,1,developer_plus_third_party,1,7,0.2565356288213443,0.9247373331604306,True,0.00016199578810950914,1.081388156550734
1284,ru.atomsbt.mobile::91,1,developer_plus_third_party,1,7,0.2565356288213443,0.9247373331604306,True,0.00016199578810950914,1.081388156550734
1285,ru.atomsbt.mobile::91,1,developer_plus_third_party,0,7,0.2565356288213443,0.9247373331604306,True,0.00016199578810950914,1.081388156550734
1286,ru.atomsbt.mobile::91,1,developer_plus_third_party,1,7,0.2565356288213443,0.9247373331604306,True,0.00016199578810950914,1.081388156550734
1287,ru.atomsbt.mobile::91,1,developer_plus_third_party,1,7,0.2565356288213443,0.9247373331604306,True,0.00016199578810950914,1.081388156550734
1288,ru.atomsbt.mobile::91,1,developer_plus_third_party,1,7,0.2565356288213443,0.9247373331604306,True,0.00016199578810950914,1.081388156550734
1289,videochat.livevideocall.randomvideocall.livechat::45,1,developer_plus_third_party,0,7,-0.0834966761980401,0.9220878535994445,True,0.00016199578810950914,1.0844953613654265
1290,videochat.livevideocall.randomvideocall.livechat::45,1,developer_plus_third_party,0,7,-0.0834966761980401,0.9220878535994445,True,0.00016199578810950914,1.0844953613654265
1291,videochat.livevideocall.randomvideocall.livechat::45,1,developer_plus_third_party,1,7,-0.0834966761980401,0.9220878535994445,True,0.00016199578810950914,1.0844953613654265
1292,videochat.livevideocall.randomvideocall.livechat::45,1,developer_plus_third_party,0,7,-0.0834966761980401,0.9220878535994445,True,0.00016199578810950914,1.0844953613654265
1293,videochat.livevideocall.randomvideocall.livechat::45,1,developer_plus_third_party,0,7,-0.0834966761980401,0.9220878535994445,True,0.00016199578810950914,1.0844953613654265
1294,videochat.livevideocall.randomvideocall.livechat::45,1,developer_plus_third_party,1,7,-0.0834966761980401,0.9220878535994445,True,0.00016199578810950914,1.0844953613654265
1295,videochat.livevideocall.randomvideocall.livechat::45,1,developer_plus_third_party,0,7,-0.0834966761980401,0.9220878535994445,True,0.00016199578810950914,1.0844953613654265
1296,videochat.livevideocall.randomvideocall.livechat::45,1,developer_plus_third_party,1,7,-0.0834966761980401,0.9220878535994445,True,0.00016199578810950914,1.0844953613654265
1297,videochat.livevideocall.randomvideocall.livechat::45,1,developer_plus_third_party,0,7,-0.0834966761980401,0.9220878535994445,True,0.00016199578810950914,1.0844953613654265
1298,videochat.livevideocall.randomvideocall.livechat::45,1,developer_plus_third_party,0,7,-0.0834966761980401,0.9220878535994445,True,0.00016199578810950914,1.0844953613654265
1299,videochat.livevideocall.randomvideocall.livechat::45,1,developer_plus_third_party,0,7,-0.0834966761980401,0.9220878535994445,True,0.00016199578810950914,1.0844953613654265
1300,videochat.livevideocall.randomvideocall.livechat::45,1,developer_plus_third_party,0,7,-0.0834966761980401,0.9220878535994445,True,0.00016199578810950914,1.0844953613654265
1301,videochat.livevideocall.randomvideocall.livechat::45,1,developer_plus_third_party,0,7,-0.0834966761980401,0.9220878535994445,True,0.00016199578810950914,1.0844953613654265
1302,videochat.livevideocall.randomvideocall.livechat::45,1,developer_plus_third_party,1,7,-0.0834966761980401,0.9220878535994445,True,0.00016199578810950914,1.0844953613654265
1303,videochat.livevideocall.randomvideocall.livechat::45,1,developer_plus_third_party,1,7,-0.0834966761980401,0.9220878535994445,True,0.00016199578810950914,1.0844953613654265
1304,videochat.livevideocall.randomvideocall.livechat::45,1,developer_plus_third_party,1,7,-0.0834966761980401,0.9220878535994445,True,0.00016199578810950914,1.0844953613654265
1305,videochat.livevideocall.randomvideocall.livechat::45,1,developer_plus_third_party,0,7,-0.0834966761980401,0.9220878535994445,True,0.00016199578810950914,1.0844953613654265
1306,videochat.livevideocall.randomvideocall.livechat::45,1,developer_plus_third_party,1,7,-0.0834966761980401,0.9220878535994445,True,0.00016199578810950914,1.0844953613654265
1307,videochat.livevideocall.randomvideocall.livechat::45,1,developer_plus_third_party,0,7,-0.0834966761980401,0.9220878535994445,True,0.00016199578810950914,1.0844953613654265
1308,videochat.livevideocall.randomvideocall.livechat::45,1,developer_plus_third_party,0,7,-0.0834966761980401,0.9220878535994445,True,0.00016199578810950914,1.0844953613654265
1309,videochat.livevideocall.randomvideocall.livechat::45,1,developer_plus_third_party,1,7,-0.0834966761980401,0.9220878535994445,True,0.00016199578810950914,1.0844953613654265
1310,videochat.livevideocall.randomvideocall.livechat::45,1,developer_plus_third_party,0,7,-0.0834966761980401,0.9220878535994445,True,0.00016199578810950914,1.0844953613654265
1311,br.com.originalsoftware.taxifonecliente.teleTaxiSalvador::3665,1,developer_plus_third_party,1,5,0.5509460019267736,0.9210916388946232,True,0.0008099789405475457,1.0856683067930923
1312,br.com.originalsoftware.taxifonecliente.teleTaxiSalvador::3665,1,developer_plus_third_party,1,5,0.5509460019267736,0.9210916388946232,True,0.00016199578810950914,1.0856683067930923
1313,br.com.originalsoftware.taxifonecliente.teleTaxiSalvador::3665,1,developer_plus_third_party,0,5,0.5509460019267736,0.9210916388946232,True,0.00016199578810950914,1.0856683067930923
1314,br.com.originalsoftware.taxifonecliente.teleTaxiSalvador::3665,1,developer_plus_third_party,1,5,0.5509460019267736,0.9210916388946232,True,0.00016199578810950914,1.0856683067930923
1315,br.com.originalsoftware.taxifonecliente.teleTaxiSalvador::3665,1,developer_plus_third_party,1,5,0.5509460019267736,0.9210916388946232,True,0.00016199578810950914,1.0856683067930923
1316,br.com.originalsoftware.taxifonecliente.teleTaxiSalvador::3665,1,developer_plus_third_party,1,5,0.5509460019267736,0.9210916388946232,True,0.00016199578810950914,1.0856683067930923
1317,br.com.originalsoftware.taxifonecliente.teleTaxiSalvador::3665,1,developer_plus_third_party,1,5,0.5509460019267736,0.9210916388946232,True,0.00016199578810950914,1.0856683067930923
1318,br.com.originalsoftware.taxifonecliente.teleTaxiSalvador::3665,1,developer_plus_third_party,1,5,0.5509460019267736,0.9210916388946232,True,0.00016199578810950914,1.0856683067930923
1319,br.com.originalsoftware.taxifonecliente.teleTaxiSalvador::3665,1,developer_plus_third_party,0,5,0.5509460019267736,0.9210916388946232,True,0.00016199578810950914,1.0856683067930923
1320,br.com.originalsoftware.taxifonecliente.teleTaxiSalvador::3665,1,developer_plus_third_party,0,5,0.5509460019267736,0.9210916388946232,True,0.00016199578810950914,1.0856683067930923
1321,br.com.originalsoftware.taxifonecliente.teleTaxiSalvador::3665,1,developer_plus_third_party,0,5,0.5509460019267736,0.9210916388946232,True,0.00016199578810950914,1.0856683067930923
1322,br.com.originalsoftware.taxifonecliente.teleTaxiSalvador::3665,1,developer_plus_third_party,0,5,0.5509460019267736,0.9210916388946232,True,0.00016199578810950914,1.0856683067930923
1323,br.com.originalsoftware.taxifonecliente.teleTaxiSalvador::3665,1,developer_plus_third_party,0,5,0.5509460019267736,0.9210916388946232,True,0.00016199578810950914,1.0856683067930923
1324,br.com.originalsoftware.taxifonecliente.teleTaxiSalvador::3665,1,developer_plus_third_party,0,5,0.5509460019267736,0.9210916388946232,True,0.00016199578810950914,1.0856683067930923
1325,br.com.originalsoftware.taxifonecliente.teleTaxiSalvador::3665,1,developer_plus_third_party,0,5,0.5509460019267736,0.9210916388946232,True,0.00016199578810950914,1.0856683067930923
1326,br.com.originalsoftware.taxifonecliente.teleTaxiSalvador::3665,1,developer_plus_third_party,0,5,0.5509460019267736,0.9210916388946232,True,0.00016199578810950914,1.0856683067930923
1327,br.com.originalsoftware.taxifonecliente.teleTaxiSalvador::3665,1,developer_plus_third_party,0,5,0.5509460019267736,0.9210916388946232,True,0.00016199578810950914,1.0856683067930923
1328,br.com.originalsoftware.taxifonecliente.teleTaxiSalvador::3665,1,developer_plus_third_party,0,5,0.5509460019267736,0.9210916388946232,True,0.00016199578810950914,1.0856683067930923
1329,br.com.originalsoftware.taxifonecliente.teleTaxiSalvador::3665,1,developer_plus_third_party,0,5,0.5509460019267736,0.9210916388946232,True,0.00016199578810950914,1.0856683067930923
1330,br.com.originalsoftware.taxifonecliente.teleTaxiSalvador::3665,1,developer_plus_third_party,0,5,0.5509460019267736,0.9210916388946232,True,0.00016199578810950914,1.0856683067930923
1331,br.com.originalsoftware.taxifonecliente.teleTaxiSalvador::3665,1,developer_plus_third_party,0,5,0.5509460019267736,0.9210916388946232,True,0.00016199578810950914,1.0856683067930923
1332,br.com.originalsoftware.taxifonecliente.teleTaxiSalvador::3665,1,developer_plus_third_party,0,5,0.5509460019267736,0.9210916388946232,True,0.00016199578810950914,1.0856683067930923
1333,br.com.originalsoftware.taxifonecliente.teleTaxiSalvador::3665,1,developer_plus_third_party,0,5,0.5509460019267736,0.9210916388946232,True,0.00016199578810950914,1.0856683067930923
1334,br.com.originalsoftware.taxifonecliente.teleTaxiSalvador::3665,1,developer_plus_third_party,0,5,0.5509460019267736,0.9210916388946232,True,0.00016199578810950914,1.0856683067930923
1335,com.a7afidi.hidden::23,1,developer_plus_third_party,1,5,-0.17840175947863404,0.9150494098941289,True,0.00016199578810950914,1.0928371617830996
1336,com.appsamimanera.calendarioportugues::8,1,developer_plus_third_party,1,5,-0.3828543319275326,0.9132817769919854,True,0.00016199578810950914,1.094952319418474
1337,com.appsamimanera.calendarioportugues::8,1,developer_plus_third_party,1,5,-0.3828543319275326,0.9132817769919854,True,0.00016199578810950914,1.094952319418474
1338,com.appsamimanera.calendarioportugues::8,1,developer_plus_third_party,1,5,-0.3828543319275326,0.9132817769919854,True,0.00016199578810950914,1.094952319418474
1339,com.dabdeveloper.moviedb.android::35,1,developer_plus_third_party,1,5,-0.39784262616619753,0.9131508916365525,True,0.00016199578810950914,1.0951092630570576
1340,com.dabdeveloper.moviedb.android::35,1,developer_plus_third_party,1,5,-0.39784262616619753,0.9131508916365525,True,0.00016199578810950914,1.0951092630570576
1341,com.dabdeveloper.moviedb.android::35,1,developer_plus_third_party,0,5,-0.39784262616619753,0.9131508916365525,True,0.00016199578810950914,1.0951092630570576
1342,com.dabdeveloper.moviedb.android::35,1,developer_plus_third_party,1,5,-0.39784262616619753,0.9131508916365525,True,0.00016199578810950914,1.0951092630570576
1343,com.dabdeveloper.moviedb.android::35,1,developer_plus_third_party,1,5,-0.39784262616619753,0.9131508916365525,True,0.00016199578810950914,1.0951092630570576
1344,com.dabdeveloper.moviedb.android::35,1,developer_plus_third_party,1,5,-0.39784262616619753,0.9131508916365525,True,0.00016199578810950914,1.0951092630570576
1345,com.dabdeveloper.moviedb.android::35,1,developer_plus_third_party,1,5,-0.39784262616619753,0.9131508916365525,True,0.00016199578810950914,1.0951092630570576
1346,com.dabdeveloper.moviedb.android::35,1,developer_plus_third_party,0,5,-0.39784262616619753,0.9131508916365525,True,0.00016199578810950914,1.0951092630570576
1347,com.dabdeveloper.moviedb.android::35,1,developer_plus_third_party,0,5,-0.39784262616619753,0.9131508916365525,True,0.00016199578810950914,1.0951092630570576
1348,com.dabdeveloper.moviedb.android::35,1,developer_plus_third_party,0,5,-0.39784262616619753,0.9131508916365525,True,0.00016199578810950914,1.0951092630570576
1349,com.dabdeveloper.moviedb.android::35,1,developer_plus_third_party,0,5,-0.39784262616619753,0.9131508916365525,True,0.00016199578810950914,1.0951092630570576
1350,com.dabdeveloper.moviedb.android::35,1,developer_plus_third_party,0,5,-0.39784262616619753,0.9131508916365525,True,0.00016199578810950914,1.0951092630570576
1351,com.dabdeveloper.moviedb.android::35,1,developer_plus_third_party,0,5,-0.39784262616619753,0.9131508916365525,True,0.00016199578810950914,1.0951092630570576
1352,com.dabdeveloper.moviedb.android::35,1,developer_plus_third_party,0,5,-0.39784262616619753,0.9131508916365525,True,0.00016199578810950914,1.0951092630570576
1353,com.dabdeveloper.moviedb.android::35,1,developer_plus_third_party,0,5,-0.39784262616619753,0.9131508916365525,True,0.00016199578810950914,1.0951092630570576
1354,com.dabdeveloper.moviedb.android::35,1,developer_plus_third_party,0,5,-0.39784262616619753,0.9131508916365525,True,0.00016199578810950914,1.0951092630570576
1355,com.dabdeveloper.moviedb.android::35,1,developer_plus_third_party,0,5,-0.39784262616619753,0.9131508916365525,True,0.00016199578810950914,1.0951092630570576
1356,com.dabdeveloper.moviedb.android::35,1,developer_plus_third_party,0,5,-0.39784262616619753,0.9131508916365525,True,0.00016199578810950914,1.0951092630570576
1357,com.dabdeveloper.moviedb.android::35,1,developer_plus_third_party,0,5,-0.39784262616619753,0.9131508916365525,True,0.00016199578810950914,1.0951092630570576
1358,com.dabdeveloper.moviedb.android::35,1,developer_plus_third_party,0,5,-0.39784262616619753,0.9131508916365525,True,0.00016199578810950914,1.0951092630570576
1359,com.dabdeveloper.moviedb.android::35,1,developer_plus_third_party,0,5,-0.39784262616619753,0.9131508916365525,True,0.00016199578810950914,1.0951092630570576
1360,com.dabdeveloper.moviedb.android::35,1,developer_plus_third_party,0,5,-0.39784262616619753,0.9131508916365525,True,0.00016199578810950914,1.0951092630570576
1361,com.dabdeveloper.moviedb.android::35,1,developer_plus_third_party,0,5,-0.39784262616619753,0.9131508916365525,True,0.00016199578810950914,1.0951092630570576
1362,com.dabdeveloper.moviedb.android::35,1,developer_plus_third_party,0,5,-0.39784262616619753,0.9131508916365525,True,0.00016199578810950914,1.0951092630570576
1363,com.dabdeveloper.moviedb.android::35,1,developer_plus_third_party,0,5,-0.39784262616619753,0.9131508916365525,True,0.00016199578810950914,1.0951092630570576
1364,com.darkmodeapps.coverletter::4,1,developer_plus_third_party,1,5,-0.5230056751132276,0.9120509085419377,True,0.00016199578810950914,1.09643002450232
1365,com.darkmodeapps.coverletter::4,1,developer_plus_third_party,1,5,-0.5230056751132276,0.9120509085419377,True,0.00016199578810950914,1.09643002450232
1366,com.david.mybaby::150,1,developer_plus_third_party,1,5,0.2712081801117876,0.9188220705407263,True,0.00016199578810950914,1.088349999485211
1367,com.david.mybaby::150,1,developer_plus_third_party,1,5,0.2712081801117876,0.9188220705407263,True,0.00016199578810950914,1.088349999485211
1368,com.david.mybaby::150,1,developer_plus_third_party,1,5,0.2712081801117876,0.9188220705407263,True,0.00016199578810950914,1.088349999485211
1369,com.david.mybaby::150,1,developer_plus_third_party,1,5,0.2712081801117876,0.9188220705407263,True,0.00016199578810950914,1.088349999485211
1370,com.david.mybaby::150,1,developer_plus_third_party,1,5,0.2712081801117876,0.9188220705407263,True,0.00016199578810950914,1.088349999485211
1371,com.david.mybaby::150,1,developer_plus_third_party,1,5,0.2712081801117876,0.9188220705407263,True,0.00016199578810950914,1.088349999485211
1372,com.david.mybaby::150,1,developer_plus_third_party,1,5,0.2712081801117876,0.9188220705407263,True,0.00016199578810950914,1.088349999485211
1373,com.engagement.ringsdesign::18,1,developer_plus_third_party,0,5,0.01654837912088409,0.9167043808056561,True,0.00016199578810950914,1.0908642098133519
1374,com.engagement.ringsdesign::18,1,developer_plus_third_party,0,5,0.01654837912088409,0.9167043808056561,True,0.00016199578810950914,1.0908642098133519
1375,com.engagement.ringsdesign::18,1,developer_plus_third_party,1,5,0.01654837912088409,0.9167043808056561,True,0.00016199578810950914,1.0908642098133519
1376,com.engagement.ringsdesign::18,1,developer_plus_third_party,1,5,0.01654837912088409,0.9167043808056561,True,0.00016199578810950914,1.0908642098133519
1377,com.engagement.ringsdesign::18,1,developer_plus_third_party,0,5,0.01654837912088409,0.9167043808056561,True,0.00016199578810950914,1.0908642098133519
1378,com.engagement.ringsdesign::18,1,developer_plus_third_party,0,5,0.01654837912088409,0.9167043808056561,True,0.00016199578810950914,1.0908642098133519
1379,com.engagement.ringsdesign::18,1,developer_plus_third_party,0,5,0.01654837912088409,0.9167043808056561,True,0.00016199578810950914,1.0908642098133519
1380,com.engagement.ringsdesign::18,1,developer_plus_third_party,1,5,0.01654837912088409,0.9167043808056561,True,0.00016199578810950914,1.0908642098133519
1381,com.engagement.ringsdesign::18,1,developer_plus_third_party,0,5,0.01654837912088409,0.9167043808056561,True,0.00016199578810950914,1.0908642098133519
1382,com.engagement.ringsdesign::18,1,developer_plus_third_party,0,5,0.01654837912088409,0.9167043808056561,True,0.00016199578810950914,1.0908642098133519
1383,com.engagement.ringsdesign::18,1,developer_plus_third_party,0,5,0.01654837912088409,0.9167043808056561,True,0.00016199578810950914,1.0908642098133519
1384,com.engagement.ringsdesign::18,1,developer_plus_third_party,0,5,0.01654837912088409,0.9167043808056561,True,0.00016199578810950914,1.0908642098133519
1385,com.engagement.ringsdesign::18,1,developer_plus_third_party,1,5,0.01654837912088409,0.9167043808056561,True,0.00016199578810950914,1.0908642098133519
1386,com.engagement.ringsdesign::18,1,developer_plus_third_party,1,5,0.01654837912088409,0.9167043808056561,True,0.00016199578810950914,1.0908642098133519
1387,com.engagement.ringsdesign::18,1,developer_plus_third_party,1,5,0.01654837912088409,0.9167043808056561,True,0.00016199578810950914,1.0908642098133519
1388,com.engagement.ringsdesign::18,1,developer_plus_third_party,0,5,0.01654837912088409,0.9167043808056561,True,0.00016199578810950914,1.0908642098133519
1389,com.engagement.ringsdesign::18,1,developer_plus_third_party,0,5,0.01654837912088409,0.9167043808056561,True,0.00016199578810950914,1.0908642098133519
1390,com.engagement.ringsdesign::18,1,developer_plus_third_party,0,5,0.01654837912088409,0.9167043808056561,True,0.00016199578810950914,1.0908642098133519
1391,com.engagement.ringsdesign::18,1,developer_plus_third_party,0,5,0.01654837912088409,0.9167043808056561,True,0.00016199578810950914,1.0908642098133519
1392,com.engagement.ringsdesign::18,1,developer_plus_third_party,1,5,0.01654837912088409,0.9167043808056561,True,0.00016199578810950914,1.0908642098133519
1393,com.engagement.ringsdesign::18,1,developer_plus_third_party,1,5,0.01654837912088409,0.9167043808056561,True,0.00016199578810950914,1.0908642098133519
1394,com.engagement.ringsdesign::18,1,developer_plus_third_party,0,5,0.01654837912088409,0.9167043808056561,True,0.00016199578810950914,1.0908642098133519
1395,com.engagement.ringsdesign::18,1,developer_plus_third_party,1,5,0.01654837912088409,0.9167043808056561,True,0.00016199578810950914,1.0908642098133519
1396,com.engagement.ringsdesign::18,1,developer_plus_third_party,1,5,0.01654837912088409,0.9167043808056561,True,0.00016199578810950914,1.0908642098133519
1397,com.engagement.ringsdesign::18,1,developer_plus_third_party,1,5,0.01654837912088409,0.9167043808056561,True,0.00016199578810950914,1.0908642098133519
1398,com.engagement.ringsdesign::18,1,developer_plus_third_party,1,5,0.01654837912088409,0.9167043808056561,True,0.00016199578810950914,1.0908642098133519
1399,com.filter.camera.ccd.cam1998::12,1,developer_plus_third_party,1,5,2.397093573199097,0.9346669573115743,True,0.00016199578810950914,1.0698998099562074
1400,com.filter.camera.ccd.cam1998::12,1,developer_plus_third_party,0,5,2.397093573199097,0.9346669573115743,True,0.00016199578810950914,1.0698998099562074
1401,com.filter.camera.ccd.cam1998::12,1,developer_plus_third_party,1,5,2.397093573199097,0.9346669573115743,True,0.00016199578810950914,1.0698998099562074
1402,com.filter.camera.ccd.cam1998::12,1,developer_plus_third_party,1,5,2.397093573199097,0.9346669573115743,True,0.00016199578810950914,1.0698998099562074
1403,com.filter.camera.ccd.cam1998::12,1,developer_plus_third_party,0,5,2.397093573199097,0.9346669573115743,True,0.00016199578810950914,1.0698998099562074
1404,com.filter.camera.ccd.cam1998::12,1,developer_plus_third_party,0,5,2.397093573199097,0.9346669573115743,True,0.00016199578810950914,1.0698998099562074
1405,com.filter.camera.ccd.cam1998::12,1,developer_plus_third_party,0,5,2.397093573199097,0.9346669573115743,True,0.00016199578810950914,1.0698998099562074
1406,com.filter.camera.ccd.cam1998::12,1,developer_plus_third_party,1,5,2.397093573199097,0.9346669573115743,True,0.00016199578810950914,1.0698998099562074
1407,com.filter.camera.ccd.cam1998::12,1,developer_plus_third_party,1,5,2.397093573199097,0.9346669573115743,True,0.00016199578810950914,1.0698998099562074
1408,com.filter.camera.ccd.cam1998::12,1,developer_plus_third_party,0,5,2.397093573199097,0.9346669573115743,True,0.00016199578810950914,1.0698998099562074
1409,com.filter.camera.ccd.cam1998::12,1,developer_plus_third_party,1,5,2.397093573199097,0.9346669573115743,True,0.00016199578810950914,1.0698998099562074
1410,com.filter.camera.ccd.cam1998::12,1,developer_plus_third_party,1,5,2.397093573199097,0.9346669573115743,True,0.00016199578810950914,1.0698998099562074
1411,com.filter.camera.ccd.cam1998::12,1,developer_plus_third_party,0,5,2.397093573199097,0.9346669573115743,True,0.00016199578810950914,1.0698998099562074
1412,com.filter.camera.ccd.cam1998::12,1,developer_plus_third_party,0,5,2.397093573199097,0.9346669573115743,True,0.00016199578810950914,1.0698998099562074
1413,com.filter.camera.ccd.cam1998::12,1,developer_plus_third_party,0,5,2.397093573199097,0.9346669573115743,True,0.00016199578810950914,1.0698998099562074
1414,com.filter.camera.ccd.cam1998::12,1,developer_plus_third_party,0,5,2.397093573199097,0.9346669573115743,True,0.00016199578810950914,1.0698998099562074
1415,com.filter.camera.ccd.cam1998::12,1,developer_plus_third_party,0,5,2.397093573199097,0.9346669573115743,True,0.00016199578810950914,1.0698998099562074
1416,com.filter.camera.ccd.cam1998::12,1,developer_plus_third_party,1,5,2.397093573199097,0.9346669573115743,True,0.00016199578810950914,1.0698998099562074
1417,com.filter.camera.ccd.cam1998::12,1,developer_plus_third_party,0,5,2.397093573199097,0.9346669573115743,True,0.00016199578810950914,1.0698998099562074
1418,com.filter.camera.ccd.cam1998::12,1,developer_plus_third_party,0,5,2.397093573199097,0.9346669573115743,True,0.00016199578810950914,1.0698998099562074
1419,com.filter.camera.ccd.cam1998::12,1,developer_plus_third_party,1,5,2.397093573199097,0.9346669573115743,True,0.00016199578810950914,1.0698998099562074
1420,com.filter.camera.ccd.cam1998::12,1,developer_plus_third_party,0,5,2.397093573199097,0.9346669573115743,True,0.00016199578810950914,1.0698998099562074
1421,com.filter.camera.ccd.cam1998::12,1,developer_plus_third_party,1,5,2.397093573199097,0.9346669573115743,True,0.00016199578810950914,1.0698998099562074
1422,com.filter.camera.ccd.cam1998::12,1,developer_plus_third_party,1,5,2.397093573199097,0.9346669573115743,True,0.00016199578810950914,1.0698998099562074
1423,com.homecu.bwuccu::2097,1,developer_plus_third_party,0,5,-0.6326009748902662,0.911077420288891,True,0.0014579620929855823,1.0976015624258504
1424,com.homecu.bwuccu::2097,1,developer_plus_third_party,0,5,-0.6326009748902662,0.911077420288891,True,0.00016199578810950914,1.0976015624258504
1425,com.homecu.bwuccu::2097,1,developer_plus_third_party,0,5,-0.6326009748902662,0.911077420288891,True,0.00016199578810950914,1.0976015624258504
1426,com.homecu.bwuccu::2097,1,developer_plus_third_party,0,5,-0.6326009748902662,0.911077420288891,True,0.00016199578810950914,1.0976015624258504
1427,com.homecu.bwuccu::2097,1,developer_plus_third_party,0,5,-0.6326009748902662,0.911077420288891,True,0.00016199578810950914,1.0976015624258504
1428,com.homecu.bwuccu::2097,1,developer_plus_third_party,0,5,-0.6326009748902662,0.911077420288891,True,0.00016199578810950914,1.0976015624258504
1429,com.homecu.bwuccu::2097,1,developer_plus_third_party,0,5,-0.6326009748902662,0.911077420288891,True,0.00016199578810950914,1.0976015624258504
1430,com.homecu.bwuccu::2097,1,developer_plus_third_party,0,5,-0.6326009748902662,0.911077420288891,True,0.00016199578810950914,1.0976015624258504
1431,com.homecu.bwuccu::2097,1,developer_plus_third_party,0,5,-0.6326009748902662,0.911077420288891,True,0.00016199578810950914,1.0976015624258504
1432,com.homecu.bwuccu::2097,1,developer_plus_third_party,0,5,-0.6326009748902662,0.911077420288891,True,0.00016199578810950914,1.0976015624258504
1433,com.homecu.bwuccu::2097,1,developer_plus_third_party,1,5,-0.6326009748902662,0.911077420288891,True,0.00016199578810950914,1.0976015624258504
1434,com.homecu.bwuccu::2097,1,developer_plus_third_party,1,5,-0.6326009748902662,0.911077420288891,True,0.00016199578810950914,1.0976015624258504
1435,com.homecu.bwuccu::2097,1,developer_plus_third_party,0,5,-0.6326009748902662,0.911077420288891,True,0.00016199578810950914,1.0976015624258504
1436,com.homecu.bwuccu::2097,1,developer_plus_third_party,0,5,-0.6326009748902662,0.911077420288891,True,0.00016199578810950914,1.0976015624258504
1437,com.homecu.bwuccu::2097,1,developer_plus_third_party,1,5,-0.6326009748902662,0.911077420288891,True,0.00016199578810950914,1.0976015624258504
1438,com.homecu.bwuccu::2097,1,developer_plus_third_party,0,5,-0.6326009748902662,0.911077420288891,True,0.00016199578810950914,1.0976015624258504
1439,com.homecu.bwuccu::2097,1,developer_plus_third_party,1,5,-0.6326009748902662,0.911077420288891,True,0.00016199578810950914,1.0976015624258504
1440,com.homecu.bwuccu::2097,1,developer_plus_third_party,1,5,-0.6326009748902662,0.911077420288891,True,0.00016199578810950914,1.0976015624258504
1441,com.homecu.bwuccu::2097,1,developer_plus_third_party,1,5,-0.6326009748902662,0.911077420288891,True,0.00016199578810950914,1.0976015624258504
1442,com.homecu.bwuccu::2097,1,developer_plus_third_party,1,5,-0.6326009748902662,0.911077420288891,True,0.00016199578810950914,1.0976015624258504
1443,com.homecu.bwuccu::2097,1,developer_plus_third_party,1,5,-0.6326009748902662,0.911077420288891,True,0.00016199578810950914,1.0976015624258504
1444,com.imzhiqiang.period::10701,1,developer_plus_third_party,1,5,-0.36123224036352464,0.9134702774943891,True,0.00016199578810950914,1.0947263689224331
1445,com.imzhiqiang.period::10701,1,developer_plus_third_party,1,5,-0.36123224036352464,0.9134702774943891,True,0.00016199578810950914,1.0947263689224331
1446,com.imzhiqiang.period::10701,1,developer_plus_third_party,1,5,-0.36123224036352464,0.9134702774943891,True,0.00016199578810950914,1.0947263689224331
1447,com.imzhiqiang.period::10701,1,developer_plus_third_party,1,5,-0.36123224036352464,0.9134702774943891,True,0.00016199578810950914,1.0947263689224331
1448,com.imzhiqiang.period::10701,1,developer_plus_third_party,1,5,-0.36123224036352464,0.9134702774943891,True,0.00016199578810950914,1.0947263689224331
1449,com.imzhiqiang.period::10701,1,developer_plus_third_party,1,5,-0.36123224036352464,0.9134702774943891,True,0.00016199578810950914,1.0947263689224331
1450,com.imzhiqiang.period::10701,1,developer_plus_third_party,1,5,-0.36123224036352464,0.9134702774943891,True,0.00016199578810950914,1.0947263689224331
1451,com.imzhiqiang.period::10701,1,developer_plus_third_party,1,5,-0.36123224036352464,0.9134702774943891,True,0.0004859873643285274,1.0947263689224331
1452,com.imzhiqiang.period::10701,1,developer_plus_third_party,1,5,-0.36123224036352464,0.9134702774943891,True,0.00016199578810950914,1.0947263689224331
1453,com.imzhiqiang.period::10701,1,developer_plus_third_party,1,5,-0.36123224036352464,0.9134702774943891,True,0.00016199578810950914,1.0947263689224331
1454,com.imzhiqiang.period::10701,1,developer_plus_third_party,1,5,-0.36123224036352464,0.9134702774943891,True,0.00016199578810950914,1.0947263689224331
1455,com.imzhiqiang.period::10701,1,developer_plus_third_party,1,5,-0.36123224036352464,0.9134702774943891,True,0.00016199578810950914,1.0947263689224331
1456,com.imzhiqiang.period::10701,1,developer_plus_third_party,0,5,-0.36123224036352464,0.9134702774943891,True,0.00016199578810950914,1.0947263689224331
1457,com.imzhiqiang.period::10701,1,developer_plus_third_party,1,5,-0.36123224036352464,0.9134702774943891,True,0.00016199578810950914,1.0947263689224331
1458,com.imzhiqiang.period::10701,1,developer_plus_third_party,1,5,-0.36123224036352464,0.9134702774943891,True,0.00016199578810950914,1.0947263689224331
1459,com.imzhiqiang.period::10701,1,developer_plus_third_party,1,5,-0.36123224036352464,0.9134702774943891,True,0.00016199578810950914,1.0947263689224331
1460,com.imzhiqiang.period::10701,1,developer_plus_third_party,1,5,-0.36123224036352464,0.9134702774943891,True,0.00016199578810950914,1.0947263689224331
1461,com.imzhiqiang.period::10701,1,developer_plus_third_party,1,5,-0.36123224036352464,0.9134702774943891,True,0.00016199578810950914,1.0947263689224331
1462,com.imzhiqiang.period::10701,1,developer_plus_third_party,1,5,-0.36123224036352464,0.9134702774943891,True,0.00016199578810950914,1.0947263689224331
1463,com.imzhiqiang.period::10701,1,developer_plus_third_party,1,5,-0.36123224036352464,0.9134702774943891,True,0.00016199578810950914,1.0947263689224331
1464,com.imzhiqiang.period::10701,1,developer_plus_third_party,1,5,-0.36123224036352464,0.9134702774943891,True,0.00016199578810950914,1.0947263689224331
1465,com.imzhiqiang.period::10701,1,developer_plus_third_party,1,5,-0.36123224036352464,0.9134702774943891,True,0.00016199578810950914,1.0947263689224331
1466,com.imzhiqiang.period::10701,1,developer_plus_third_party,1,5,-0.36123224036352464,0.9134702774943891,True,0.00016199578810950914,1.0947263689224331
1467,com.imzhiqiang.period::10701,1,developer_plus_third_party,1,5,-0.36123224036352464,0.9134702774943891,True,0.00016199578810950914,1.0947263689224331
1468,com.imzhiqiang.period::10701,1,developer_plus_third_party,1,5,-0.36123224036352464,0.9134702774943891,True,0.00016199578810950914,1.0947263689224331
1469,com.imzhiqiang.period::10701,1,developer_plus_third_party,1,5,-0.36123224036352464,0.9134702774943891,True,0.00016199578810950914,1.0947263689224331
1470,com.imzhiqiang.period::10701,1,developer_plus_third_party,1,5,-0.36123224036352464,0.9134702774943891,True,0.00016199578810950914,1.0947263689224331
1471,com.imzhiqiang.period::10701,1,developer_plus_third_party,1,5,-0.36123224036352464,0.9134702774943891,True,0.00016199578810950914,1.0947263689224331
1472,com.imzhiqiang.period::10701,1,developer_plus_third_party,1,5,-0.36123224036352464,0.9134702774943891,True,0.00016199578810950914,1.0947263689224331
1473,com.imzhiqiang.period::10701,1,developer_plus_third_party,1,5,-0.36123224036352464,0.9134702774943891,True,0.00016199578810950914,1.0947263689224331
1474,com.imzhiqiang.period::10701,1,developer_plus_third_party,1,5,-0.36123224036352464,0.9134702774943891,True,0.00016199578810950914,1.0947263689224331
1475,com.imzhiqiang.period::10701,1,developer_plus_third_party,1,5,-0.36123224036352464,0.9134702774943891,True,0.00016199578810950914,1.0947263689224331
1476,com.imzhiqiang.period::10701,1,developer_plus_third_party,1,5,-0.36123224036352464,0.9134702774943891,True,0.00016199578810950914,1.0947263689224331
1477,com.imzhiqiang.period::10701,1,developer_plus_third_party,0,5,-0.36123224036352464,0.9134702774943891,True,0.00016199578810950914,1.0947263689224331
1478,com.imzhiqiang.period::10701,1,developer_plus_third_party,1,5,-0.36123224036352464,0.9134702774943891,True,0.00016199578810950914,1.0947263689224331
1479,com.imzhiqiang.period::10701,1,developer_plus_third_party,1,5,-0.36123224036352464,0.9134702774943891,True,0.00016199578810950914,1.0947263689224331
1480,com.imzhiqiang.period::10701,1,developer_plus_third_party,1,5,-0.36123224036352464,0.9134702774943891,True,0.00016199578810950914,1.0947263689224331
1481,com.imzhiqiang.period::10701,1,developer_plus_third_party,1,5,-0.36123224036352464,0.9134702774943891,True,0.00016199578810950914,1.0947263689224331
1482,com.imzhiqiang.period::10701,1,developer_plus_third_party,1,5,-0.36123224036352464,0.9134702774943891,True,0.00016199578810950914,1.0947263689224331
1483,com.imzhiqiang.period::10701,1,developer_plus_third_party,1,5,-0.36123224036352464,0.9134702774943891,True,0.00016199578810950914,1.0947263689224331
1484,com.imzhiqiang.period::10701,1,developer_plus_third_party,1,5,-0.36123224036352464,0.9134702774943891,True,0.00016199578810950914,1.0947263689224331
1485,com.imzhiqiang.period::10701,1,developer_plus_third_party,1,5,-0.36123224036352464,0.9134702774943891,True,0.00016199578810950914,1.0947263689224331
1486,com.imzhiqiang.period::10701,1,developer_plus_third_party,1,5,-0.36123224036352464,0.9134702774943891,True,0.00016199578810950914,1.0947263689224331
1487,com.imzhiqiang.period::10701,1,developer_plus_third_party,1,5,-0.36123224036352464,0.9134702774943891,True,0.00016199578810950914,1.0947263689224331
1488,com.imzhiqiang.period::10701,1,developer_plus_third_party,1,5,-0.36123224036352464,0.9134702774943891,True,0.00016199578810950914,1.0947263689224331
1489,com.imzhiqiang.period::10701,1,developer_plus_third_party,0,5,-0.36123224036352464,0.9134702774943891,True,0.00016199578810950914,1.0947263689224331
1490,com.knockonly.marathi.marathisuvichar::8,1,developer_plus_third_party,1,5,-0.21256337392652974,0.9147563508631139,True,0.00016199578810950914,1.0931872722790663
1491,com.knockonly.marathi.marathisuvichar::8,1,developer_plus_third_party,1,5,-0.21256337392652974,0.9147563508631139,True,0.00016199578810950914,1.0931872722790663
1492,com.locatify.guide.bslauschtour::979,1,developer_plus_third_party,1,5,-0.006078760170229883,0.9165138085879521,True,0.0003239915762190183,1.0910910349956133
1493,com.locatify.guide.bslauschtour::979,1,developer_plus_third_party,0,5,-0.006078760170229883,0.9165138085879521,True,0.00016199578810950914,1.0910910349956133
1494,com.locatify.guide.bslauschtour::979,1,developer_plus_third_party,1,5,-0.006078760170229883,0.9165138085879521,True,0.00016199578810950914,1.0910910349956133
1495,com.locatify.guide.bslauschtour::979,1,developer_plus_third_party,0,5,-0.006078760170229883,0.9165138085879521,True,0.00016199578810950914,1.0910910349956133
1496,com.locatify.guide.bslauschtour::979,1,developer_plus_third_party,0,5,-0.006078760170229883,0.9165138085879521,True,0.00016199578810950914,1.0910910349956133
1497,com.locatify.guide.bslauschtour::979,1,developer_plus_third_party,0,5,-0.006078760170229883,0.9165138085879521,True,0.00016199578810950914,1.0910910349956133
1498,com.locatify.guide.bslauschtour::979,1,developer_plus_third_party,0,5,-0.006078760170229883,0.9165138085879521,True,0.00016199578810950914,1.0910910349956133
1499,com.locatify.guide.bslauschtour::979,1,developer_plus_third_party,1,5,-0.006078760170229883,0.9165138085879521,True,0.00016199578810950914,1.0910910349956133
1500,com.locatify.guide.bslauschtour::979,1,developer_plus_third_party,1,5,-0.006078760170229883,0.9165138085879521,True,0.00016199578810950914,1.0910910349956133
1501,com.locatify.guide.bslauschtour::979,1,developer_plus_third_party,1,5,-0.006078760170229883,0.9165138085879521,True,0.00016199578810950914,1.0910910349956133
1502,com.locatify.guide.bslauschtour::979,1,developer_plus_third_party,0,5,-0.006078760170229883,0.9165138085879521,True,0.00016199578810950914,1.0910910349956133
1503,com.locatify.guide.bslauschtour::979,1,developer_plus_third_party,0,5,-0.006078760170229883,0.9165138085879521,True,0.00016199578810950914,1.0910910349956133
1504,com.locatify.guide.bslauschtour::979,1,developer_plus_third_party,0,5,-0.006078760170229883,0.9165138085879521,True,0.00016199578810950914,1.0910910349956133
1505,com.locatify.guide.bslauschtour::979,1,developer_plus_third_party,1,5,-0.006078760170229883,0.9165138085879521,True,0.00016199578810950914,1.0910910349956133
1506,com.locatify.guide.bslauschtour::979,1,developer_plus_third_party,0,5,-0.006078760170229883,0.9165138085879521,True,0.00016199578810950914,1.0910910349956133
1507,com.locatify.guide.bslauschtour::979,1,developer_plus_third_party,0,5,-0.006078760170229883,0.9165138085879521,True,0.00016199578810950914,1.0910910349956133
1508,com.locatify.guide.bslauschtour::979,1,developer_plus_third_party,1,5,-0.006078760170229883,0.9165138085879521,True,0.00016199578810950914,1.0910910349956133
1509,com.locatify.guide.bslauschtour::979,1,developer_plus_third_party,0,5,-0.006078760170229883,0.9165138085879521,True,0.00016199578810950914,1.0910910349956133
1510,com.locatify.guide.bslauschtour::979,1,developer_plus_third_party,1,5,-0.006078760170229883,0.9165138085879521,True,0.00016199578810950914,1.0910910349956133
1511,com.locatify.guide.bslauschtour::979,1,developer_plus_third_party,0,5,-0.006078760170229883,0.9165138085879521,True,0.00016199578810950914,1.0910910349956133
1512,com.locatify.guide.bslauschtour::979,1,developer_plus_third_party,0,5,-0.006078760170229883,0.9165138085879521,True,0.00016199578810950914,1.0910910349956133
1513,com.locatify.guide.bslauschtour::979,1,developer_plus_third_party,1,5,-0.006078760170229883,0.9165138085879521,True,0.00016199578810950914,1.0910910349956133
1514,com.locatify.guide.bslauschtour::979,1,developer_plus_third_party,0,5,-0.006078760170229883,0.9165138085879521,True,0.00016199578810950914,1.0910910349956133
1515,com.locatify.guide.bslauschtour::979,1,developer_plus_third_party,1,5,-0.006078760170229883,0.9165138085879521,True,0.00016199578810950914,1.0910910349956133
1516,com.locatify.guide.bslauschtour::979,1,developer_plus_third_party,1,5,-0.006078760170229883,0.9165138085879521,True,0.00016199578810950914,1.0910910349956133
1517,com.magazinecloner.hotenglish::2034071301,1,developer_plus_third_party,0,5,0.15165892864323924,0.9178341094619338,True,0.00016199578810950914,1.0895215046935167
1518,com.magazinecloner.hotenglish::2034071301,1,developer_plus_third_party,0,5,0.15165892864323924,0.9178341094619338,True,0.00016199578810950914,1.0895215046935167
1519,com.magazinecloner.hotenglish::2034071301,1,developer_plus_third_party,1,5,0.15165892864323924,0.9178341094619338,True,0.00016199578810950914,1.0895215046935167
1520,com.magazinecloner.hotenglish::2034071301,1,developer_plus_third_party,1,5,0.15165892864323924,0.9178341094619338,True,0.00016199578810950914,1.0895215046935167
1521,com.magazinecloner.hotenglish::2034071301,1,developer_plus_third_party,0,5,0.15165892864323924,0.9178341094619338,True,0.00016199578810950914,1.0895215046935167
1522,com.magazinecloner.hotenglish::2034071301,1,developer_plus_third_party,0,5,0.15165892864323924,0.9178341094619338,True,0.00016199578810950914,1.0895215046935167
1523,com.magazinecloner.hotenglish::2034071301,1,developer_plus_third_party,0,5,0.15165892864323924,0.9178341094619338,True,0.00016199578810950914,1.0895215046935167
1524,com.magazinecloner.hotenglish::2034071301,1,developer_plus_third_party,1,5,0.15165892864323924,0.9178341094619338,True,0.00016199578810950914,1.0895215046935167
1525,com.magazinecloner.hotenglish::2034071301,1,developer_plus_third_party,1,5,0.15165892864323924,0.9178341094619338,True,0.00016199578810950914,1.0895215046935167
1526,com.magazinecloner.hotenglish::2034071301,1,developer_plus_third_party,0,5,0.15165892864323924,0.9178341094619338,True,0.00016199578810950914,1.0895215046935167
1527,com.magazinecloner.hotenglish::2034071301,1,developer_plus_third_party,0,5,0.15165892864323924,0.9178341094619338,True,0.00016199578810950914,1.0895215046935167
1528,com.magazinecloner.hotenglish::2034071301,1,developer_plus_third_party,1,5,0.15165892864323924,0.9178341094619338,True,0.00016199578810950914,1.0895215046935167
1529,com.magazinecloner.hotenglish::2034071301,1,developer_plus_third_party,1,5,0.15165892864323924,0.9178341094619338,True,0.00016199578810950914,1.0895215046935167
1530,com.magazinecloner.hotenglish::2034071301,1,developer_plus_third_party,0,5,0.15165892864323924,0.9178341094619338,True,0.00016199578810950914,1.0895215046935167
1531,com.magazinecloner.hotenglish::2034071301,1,developer_plus_third_party,0,5,0.15165892864323924,0.9178341094619338,True,0.00016199578810950914,1.0895215046935167
1532,com.magazinecloner.hotenglish::2034071301,1,developer_plus_third_party,0,5,0.15165892864323924,0.9178341094619338,True,0.00016199578810950914,1.0895215046935167
1533,com.magazinecloner.hotenglish::2034071301,1,developer_plus_third_party,1,5,0.15165892864323924,0.9178341094619338,True,0.00016199578810950914,1.0895215046935167
1534,com.magazinecloner.hotenglish::2034071301,1,developer_plus_third_party,0,5,0.15165892864323924,0.9178341094619338,True,0.00016199578810950914,1.0895215046935167
1535,com.magazinecloner.hotenglish::2034071301,1,developer_plus_third_party,0,5,0.15165892864323924,0.9178341094619338,True,0.00016199578810950914,1.0895215046935167
1536,com.magazinecloner.hotenglish::2034071301,1,developer_plus_third_party,0,5,0.15165892864323924,0.9178341094619338,True,0.00016199578810950914,1.0895215046935167
1537,com.magazinecloner.hotenglish::2034071301,1,developer_plus_third_party,1,5,0.15165892864323924,0.9178341094619338,True,0.00016199578810950914,1.0895215046935167
1538,com.magazinecloner.hotenglish::2034071301,1,developer_plus_third_party,0,5,0.15165892864323924,0.9178341094619338,True,0.00016199578810950914,1.0895215046935167
1539,com.mysiteanalytics.msa::116,1,developer_plus_third_party,0,5,-0.5908822094313269,0.9114491312690733,True,0.00016199578810950914,1.0971539339860155
1540,com.mysiteanalytics.msa::116,1,developer_plus_third_party,1,5,-0.5908822094313269,0.9114491312690733,True,0.00016199578810950914,1.0971539339860155
1541,com.mysiteanalytics.msa::116,1,developer_plus_third_party,1,5,-0.5908822094313269,0.9114491312690733,True,0.00016199578810950914,1.0971539339860155
1542,com.mysiteanalytics.msa::116,1,developer_plus_third_party,0,5,-0.5908822094313269,0.9114491312690733,True,0.00016199578810950914,1.0971539339860155
1543,com.mysiteanalytics.msa::116,1,developer_plus_third_party,0,5,-0.5908822094313269,0.9114491312690733,True,0.00016199578810950914,1.0971539339860155
1544,com.mysiteanalytics.msa::116,1,developer_plus_third_party,0,5,-0.5908822094313269,0.9114491312690733,True,0.00016199578810950914,1.0971539339860155
1545,com.mysiteanalytics.msa::116,1,developer_plus_third_party,0,5,-0.5908822094313269,0.9114491312690733,True,0.0003239915762190183,1.0971539339860155
1546,com.newlinks.intercomclient::43,1,developer_plus_third_party,1,5,-0.4590696272587272,0.9126143682044024,True,0.00016199578810950914,1.0957530747269864
1547,com.newlinks.intercomclient::43,1,developer_plus_third_party,1,5,-0.4590696272587272,0.9126143682044024,True,0.00016199578810950914,1.0957530747269864
1548,com.newlinks.intercomclient::43,1,developer_plus_third_party,1,5,-0.4590696272587272,0.9126143682044024,True,0.00016199578810950914,1.0957530747269864
1549,com.newlinks.intercomclient::43,1,developer_plus_third_party,1,5,-0.4590696272587272,0.9126143682044024,True,0.00016199578810950914,1.0957530747269864
1550,com.newlinks.intercomclient::43,1,developer_plus_third_party,1,5,-0.4590696272587272,0.9126143682044024,True,0.00016199578810950914,1.0957530747269864
1551,com.newlinks.intercomclient::43,1,developer_plus_third_party,1,5,-0.4590696272587272,0.9126143682044024,True,0.00016199578810950914,1.0957530747269864
1552,com.newlinks.intercomclient::43,1,developer_plus_third_party,1,5,-0.4590696272587272,0.9126143682044024,True,0.00016199578810950914,1.0957530747269864
1553,com.newlinks.intercomclient::43,1,developer_plus_third_party,0,5,-0.4590696272587272,0.9126143682044024,True,0.00016199578810950914,1.0957530747269864
1554,com.newlinks.intercomclient::43,1,developer_plus_third_party,1,5,-0.4590696272587272,0.9126143682044024,True,0.00016199578810950914,1.0957530747269864
1555,com.newlinks.intercomclient::43,1,developer_plus_third_party,0,5,-0.4590696272587272,0.9126143682044024,True,0.00016199578810950914,1.0957530747269864
1556,com.newlinks.intercomclient::43,1,developer_plus_third_party,0,5,-0.4590696272587272,0.9126143682044024,True,0.00016199578810950914,1.0957530747269864
1557,com.newlinks.intercomclient::43,1,developer_plus_third_party,0,5,-0.4590696272587272,0.9126143682044024,True,0.00016199578810950914,1.0957530747269864
1558,com.newlinks.intercomclient::43,1,developer_plus_third_party,1,5,-0.4590696272587272,0.9126143682044024,True,0.00016199578810950914,1.0957530747269864
1559,com.newlinks.intercomclient::43,1,developer_plus_third_party,0,5,-0.4590696272587272,0.9126143682044024,True,0.00016199578810950914,1.0957530747269864
1560,com.newlinks.intercomclient::43,1,developer_plus_third_party,1,5,-0.4590696272587272,0.9126143682044024,True,0.00016199578810950914,1.0957530747269864
1561,com.newlinks.intercomclient::43,1,developer_plus_third_party,1,5,-0.4590696272587272,0.9126143682044024,True,0.00016199578810950914,1.0957530747269864
1562,com.newlinks.intercomclient::43,1,developer_plus_third_party,1,5,-0.4590696272587272,0.9126143682044024,True,0.00016199578810950914,1.0957530747269864
1563,com.newlinks.intercomclient::43,1,developer_plus_third_party,1,5,-0.4590696272587272,0.9126143682044024,True,0.00016199578810950914,1.0957530747269864
1564,com.newlinks.intercomclient::43,1,developer_plus_third_party,1,5,-0.4590696272587272,0.9126143682044024,True,0.00016199578810950914,1.0957530747269864
1565,com.pccomputer.udhar_khata_book::10,1,developer_plus_third_party,1,5,0.7988571516079226,0.9230543457436552,True,0.00016199578810950914,1.083359830990616
1566,com.pccomputer.udhar_khata_book::10,1,developer_plus_third_party,0,5,0.7988571516079226,0.9230543457436552,True,0.00016199578810950914,1.083359830990616
1567,com.pccomputer.udhar_khata_book::10,1,developer_plus_third_party,0,5,0.7988571516079226,0.9230543457436552,True,0.00016199578810950914,1.083359830990616
1568,com.pccomputer.udhar_khata_book::10,1,developer_plus_third_party,0,5,0.7988571516079226,0.9230543457436552,True,0.00016199578810950914,1.083359830990616
1569,com.pccomputer.udhar_khata_book::10,1,developer_plus_third_party,1,5,0.7988571516079226,0.9230543457436552,True,0.00016199578810950914,1.083359830990616
1570,com.pccomputer.udhar_khata_book::10,1,developer_plus_third_party,1,5,0.7988571516079226,0.9230543457436552,True,0.00016199578810950914,1.083359830990616
1571,com.proapps.sword.sounds::1001,1,developer_plus_third_party,1,5,-0.6134096277302012,0.9112485882747978,True,0.0008099789405475457,1.097395390091335
1572,com.proapps.sword.sounds::1001,1,developer_plus_third_party,1,5,-0.6134096277302012,0.9112485882747978,True,0.00016199578810950914,1.097395390091335
1573,com.proapps.sword.sounds::1001,1,developer_plus_third_party,1,5,-0.6134096277302012,0.9112485882747978,True,0.00016199578810950914,1.097395390091335
1574,com.proapps.sword.sounds::1001,1,developer_plus_third_party,1,5,-0.6134096277302012,0.9112485882747978,True,0.00016199578810950914,1.097395390091335
1575,com.proapps.sword.sounds::1001,1,developer_plus_third_party,1,5,-0.6134096277302012,0.9112485882747978,True,0.00016199578810950914,1.097395390091335
1576,com.ribotask.sense::67,1,developer_plus_third_party,0,5,0.6978657718064156,0.9222602592994658,True,0.00016199578810950914,1.0842926277226606
1577,com.ribotask.sense::67,1,developer_plus_third_party,1,5,0.6978657718064156,0.9222602592994658,True,0.00016199578810950914,1.0842926277226606
1578,com.ribotask.sense::67,1,developer_plus_third_party,1,5,0.6978657718064156,0.9222602592994658,True,0.00016199578810950914,1.0842926277226606
1579,com.ribotask.sense::67,1,developer_plus_third_party,1,5,0.6978657718064156,0.9222602592994658,True,0.00016199578810950914,1.0842926277226606
1580,com.ribotask.sense::67,1,developer_plus_third_party,1,5,0.6978657718064156,0.9222602592994658,True,0.00016199578810950914,1.0842926277226606
1581,com.ribotask.sense::67,1,developer_plus_third_party,0,5,0.6978657718064156,0.9222602592994658,True,0.00016199578810950914,1.0842926277226606
1582,com.ribotask.sense::67,1,developer_plus_third_party,0,5,0.6978657718064156,0.9222602592994658,True,0.00016199578810950914,1.0842926277226606
1583,com.ribotask.sense::67,1,developer_plus_third_party,0,5,0.6978657718064156,0.9222602592994658,True,0.00016199578810950914,1.0842926277226606
1584,com.ribotask.sense::67,1,developer_plus_third_party,0,5,0.6978657718064156,0.9222602592994658,True,0.00016199578810950914,1.0842926277226606
1585,com.ribotask.sense::67,1,developer_plus_third_party,0,5,0.6978657718064156,0.9222602592994658,True,0.00016199578810950914,1.0842926277226606
1586,com.ribotask.sense::67,1,developer_plus_third_party,0,5,0.6978657718064156,0.9222602592994658,True,0.00016199578810950914,1.0842926277226606
1587,com.ribotask.sense::67,1,developer_plus_third_party,0,5,0.6978657718064156,0.9222602592994658,True,0.00016199578810950914,1.0842926277226606
1588,com.ribotask.sense::67,1,developer_plus_third_party,0,5,0.6978657718064156,0.9222602592994658,True,0.00016199578810950914,1.0842926277226606
1589,com.ribotask.sense::67,1,developer_plus_third_party,0,5,0.6978657718064156,0.9222602592994658,True,0.00016199578810950914,1.0842926277226606
1590,com.ribotask.sense::67,1,developer_plus_third_party,0,5,0.6978657718064156,0.9222602592994658,True,0.00016199578810950914,1.0842926277226606
1591,com.ribotask.sense::67,1,developer_plus_third_party,0,5,0.6978657718064156,0.9222602592994658,True,0.00016199578810950914,1.0842926277226606
1592,com.ribotask.sense::67,1,developer_plus_third_party,0,5,0.6978657718064156,0.9222602592994658,True,0.00016199578810950914,1.0842926277226606
1593,com.ribotask.sense::67,1,developer_plus_third_party,0,5,0.6978657718064156,0.9222602592994658,True,0.00016199578810950914,1.0842926277226606
1594,com.ribotask.sense::67,1,developer_plus_third_party,0,5,0.6978657718064156,0.9222602592994658,True,0.00016199578810950914,1.0842926277226606
1595,com.ribotask.sense::67,1,developer_plus_third_party,0,5,0.6978657718064156,0.9222602592994658,True,0.00016199578810950914,1.0842926277226606
1596,com.ribotask.sense::67,1,developer_plus_third_party,0,5,0.6978657718064156,0.9222602592994658,True,0.00016199578810950914,1.0842926277226606
1597,com.ribotask.sense::67,1,developer_plus_third_party,0,5,0.6978657718064156,0.9222602592994658,True,0.00016199578810950914,1.0842926277226606
1598,com.ribotask.sense::67,1,developer_plus_third_party,0,5,0.6978657718064156,0.9222602592994658,True,0.00016199578810950914,1.0842926277226606
1599,com.ribotask.sense::67,1,developer_plus_third_party,0,5,0.6978657718064156,0.9222602592994658,True,0.00016199578810950914,1.0842926277226606
1600,com.rinfo.android.notepad::82,1,developer_plus_third_party,1,5,-0.5792303480763042,0.9115526975582231,True,0.00016199578810950914,1.0970292805656774
1601,com.rinfo.android.notepad::82,1,developer_plus_third_party,1,5,-0.5792303480763042,0.9115526975582231,True,0.00016199578810950914,1.0970292805656774
1602,com.simplexi.messenger::2021020104,1,developer_plus_third_party,1,5,-0.28121446422244123,0.9141646464904182,True,0.00016199578810950914,1.0938948512602336
1603,com.simplexi.messenger::2021020104,1,developer_plus_third_party,0,5,-0.28121446422244123,0.9141646464904182,True,0.0016199578810950914,1.0938948512602336
1604,com.simplexi.messenger::2021020104,1,developer_plus_third_party,0,5,-0.28121446422244123,0.9141646464904182,True,0.00016199578810950914,1.0938948512602336
1605,com.simplexi.messenger::2021020104,1,developer_plus_third_party,0,5,-0.28121446422244123,0.9141646464904182,True,0.00016199578810950914,1.0938948512602336
1606,com.simplexi.messenger::2021020104,1,developer_plus_third_party,1,5,-0.28121446422244123,0.9141646464904182,True,0.00016199578810950914,1.0938948512602336
1607,com.simplexi.messenger::2021020104,1,developer_plus_third_party,1,5,-0.28121446422244123,0.9141646464904182,True,0.00016199578810950914,1.0938948512602336
1608,com.simplexi.messenger::2021020104,1,developer_plus_third_party,1,5,-0.28121446422244123,0.9141646464904182,True,0.00016199578810950914,1.0938948512602336
1609,com.simplexi.messenger::2021020104,1,developer_plus_third_party,1,5,-0.28121446422244123,0.9141646464904182,True,0.00016199578810950914,1.0938948512602336
1610,com.simplexi.messenger::2021020104,1,developer_plus_third_party,1,5,-0.28121446422244123,0.9141646464904182,True,0.00016199578810950914,1.0938948512602336
1611,com.sonidos.chilenos::6,1,developer_plus_third_party,1,5,-0.16914247844769503,0.9151286840396617,True,0.00016199578810950914,1.0927424934225534
1612,com.sonidos.chilenos::6,1,developer_plus_third_party,1,5,-0.16914247844769503,0.9151286840396617,True,0.00016199578810950914,1.0927424934225534
1613,com.sonidos.chilenos::6,1,developer_plus_third_party,0,5,-0.16914247844769503,0.9151286840396617,True,0.00016199578810950914,1.0927424934225534
1614,com.sonidos.chilenos::6,1,developer_plus_third_party,1,5,-0.16914247844769503,0.9151286840396617,True,0.00016199578810950914,1.0927424934225534
1615,com.sonidos.chilenos::6,1,developer_plus_third_party,0,5,-0.16914247844769503,0.9151286840396617,True,0.00016199578810950914,1.0927424934225534
1616,com.sonidos.chilenos::6,1,developer_plus_third_party,0,5,-0.16914247844769503,0.9151286840396617,True,0.00016199578810950914,1.0927424934225534
1617,com.sonidos.chilenos::6,1,developer_plus_third_party,0,5,-0.16914247844769503,0.9151286840396617,True,0.00016199578810950914,1.0927424934225534
1618,com.sonidos.chilenos::6,1,developer_plus_third_party,0,5,-0.16914247844769503,0.9151286840396617,True,0.00016199578810950914,1.0927424934225534
1619,com.sonidos.chilenos::6,1,developer_plus_third_party,1,5,-0.16914247844769503,0.9151286840396617,True,0.00016199578810950914,1.0927424934225534
1620,com.sonidos.chilenos::6,1,developer_plus_third_party,0,5,-0.16914247844769503,0.9151286840396617,True,0.00016199578810950914,1.0927424934225534
1621,com.sonidos.chilenos::6,1,developer_plus_third_party,1,5,-0.16914247844769503,0.9151286840396617,True,0.00016199578810950914,1.0927424934225534
1622,com.sonidos.chilenos::6,1,developer_plus_third_party,1,5,-0.16914247844769503,0.9151286840396617,True,0.00016199578810950914,1.0927424934225534
1623,com.sonidos.chilenos::6,1,developer_plus_third_party,1,5,-0.16914247844769503,0.9151286840396617,True,0.00016199578810950914,1.0927424934225534
1624,com.sonidos.chilenos::6,1,developer_plus_third_party,1,5,-0.16914247844769503,0.9151286840396617,True,0.00016199578810950914,1.0927424934225534
1625,com.sonidos.chilenos::6,1,developer_plus_third_party,0,5,-0.16914247844769503,0.9151286840396617,True,0.00016199578810950914,1.0927424934225534
1626,com.sonidos.chilenos::6,1,developer_plus_third_party,1,5,-0.16914247844769503,0.9151286840396617,True,0.00016199578810950914,1.0927424934225534
1627,com.sonidos.chilenos::6,1,developer_plus_third_party,1,5,-0.16914247844769503,0.9151286840396617,True,0.00016199578810950914,1.0927424934225534
1628,com.sonidos.chilenos::6,1,developer_plus_third_party,1,5,-0.16914247844769503,0.9151286840396617,True,0.00016199578810950914,1.0927424934225534
1629,com.sonidos.chilenos::6,1,developer_plus_third_party,1,5,-0.16914247844769503,0.9151286840396617,True,0.00016199578810950914,1.0927424934225534
1630,com.sonidos.chilenos::6,1,developer_plus_third_party,0,5,-0.16914247844769503,0.9151286840396617,True,0.00016199578810950914,1.0927424934225534
1631,com.sonidos.chilenos::6,1,developer_plus_third_party,0,5,-0.16914247844769503,0.9151286840396617,True,0.00016199578810950914,1.0927424934225534
1632,com.sonidos.chilenos::6,1,developer_plus_third_party,0,5,-0.16914247844769503,0.9151286840396617,True,0.00016199578810950914,1.0927424934225534
1633,com.sonidos.chilenos::6,1,developer_plus_third_party,0,5,-0.16914247844769503,0.9151286840396617,True,0.0003239915762190183,1.0927424934225534
1634,com.sonidos.chilenos::6,1,developer_plus_third_party,1,5,-0.16914247844769503,0.9151286840396617,True,0.00016199578810950914,1.0927424934225534
1635,com.sonidos.chilenos::6,1,developer_plus_third_party,0,5,-0.16914247844769503,0.9151286840396617,True,0.00016199578810950914,1.0927424934225534
1636,com.sonidos.chilenos::6,1,developer_plus_third_party,0,5,-0.16914247844769503,0.9151286840396617,True,0.00016199578810950914,1.0927424934225534
1637,com.sonidos.chilenos::6,1,developer_plus_third_party,0,5,-0.16914247844769503,0.9151286840396617,True,0.00016199578810950914,1.0927424934225534
1638,com.sonidos.chilenos::6,1,developer_plus_third_party,1,5,-0.16914247844769503,0.9151286840396617,True,0.00016199578810950914,1.0927424934225534
1639,com.sonidos.chilenos::6,1,developer_plus_third_party,0,5,-0.16914247844769503,0.9151286840396617,True,0.00016199578810950914,1.0927424934225534
1640,com.sonidos.chilenos::6,1,developer_plus_third_party,1,5,-0.16914247844769503,0.9151286840396617,True,0.00016199578810950914,1.0927424934225534
1641,com.sonidos.chilenos::6,1,developer_plus_third_party,1,5,-0.16914247844769503,0.9151286840396617,True,0.00016199578810950914,1.0927424934225534
1642,com.tegut.tbox::2000000542,1,developer_plus_third_party,1,5,-0.31414572420320724,0.9138794928552733,True,0.00016199578810950914,1.094236174263695
1643,com.tegut.tbox::2000000542,1,developer_plus_third_party,1,5,-0.31414572420320724,0.9138794928552733,True,0.00016199578810950914,1.094236174263695
1644,com.tegut.tbox::2000000542,1,developer_plus_third_party,1,5,-0.31414572420320724,0.9138794928552733,True,0.00016199578810950914,1.094236174263695
1645,com.tegut.tbox::2000000542,1,developer_plus_third_party,1,5,-0.31414572420320724,0.9138794928552733,True,0.00016199578810950914,1.094236174263695
1646,com.tegut.tbox::2000000542,1,developer_plus_third_party,0,5,-0.31414572420320724,0.9138794928552733,True,0.00016199578810950914,1.094236174263695
1647,com.tegut.tbox::2000000542,1,developer_plus_third_party,0,5,-0.31414572420320724,0.9138794928552733,True,0.00016199578810950914,1.094236174263695
1648,com.tegut.tbox::2000000542,1,developer_plus_third_party,1,5,-0.31414572420320724,0.9138794928552733,True,0.00016199578810950914,1.094236174263695
1649,com.tegut.tbox::2000000542,1,developer_plus_third_party,1,5,-0.31414572420320724,0.9138794928552733,True,0.00016199578810950914,1.094236174263695
1650,com.tegut.tbox::2000000542,1,developer_plus_third_party,0,5,-0.31414572420320724,0.9138794928552733,True,0.00016199578810950914,1.094236174263695
1651,com.tegut.tbox::2000000542,1,developer_plus_third_party,0,5,-0.31414572420320724,0.9138794928552733,True,0.00016199578810950914,1.094236174263695
1652,com.tegut.tbox::2000000542,1,developer_plus_third_party,0,5,-0.31414572420320724,0.9138794928552733,True,0.00016199578810950914,1.094236174263695
1653,com.tegut.tbox::2000000542,1,developer_plus_third_party,0,5,-0.31414572420320724,0.9138794928552733,True,0.00016199578810950914,1.094236174263695
1654,com.tegut.tbox::2000000542,1,developer_plus_third_party,1,5,-0.31414572420320724,0.9138794928552733,True,0.00016199578810950914,1.094236174263695
1655,com.tegut.tbox::2000000542,1,developer_plus_third_party,0,5,-0.31414572420320724,0.9138794928552733,True,0.00016199578810950914,1.094236174263695
1656,com.tegut.tbox::2000000542,1,developer_plus_third_party,1,5,-0.31414572420320724,0.9138794928552733,True,0.00016199578810950914,1.094236174263695
1657,com.tegut.tbox::2000000542,1,developer_plus_third_party,0,5,-0.31414572420320724,0.9138794928552733,True,0.00016199578810950914,1.094236174263695
1658,com.tegut.tbox::2000000542,1,developer_plus_third_party,1,5,-0.31414572420320724,0.9138794928552733,True,0.00016199578810950914,1.094236174263695
1659,com.tegut.tbox::2000000542,1,developer_plus_third_party,0,5,-0.31414572420320724,0.9138794928552733,True,0.00016199578810950914,1.094236174263695
1660,com.tegut.tbox::2000000542,1,developer_plus_third_party,0,5,-0.31414572420320724,0.9138794928552733,True,0.00016199578810950914,1.094236174263695
1661,com.tegut.tbox::2000000542,1,developer_plus_third_party,0,5,-0.31414572420320724,0.9138794928552733,True,0.00016199578810950914,1.094236174263695
1662,com.tegut.tbox::2000000542,1,developer_plus_third_party,1,5,-0.31414572420320724,0.9138794928552733,True,0.00016199578810950914,1.094236174263695
1663,com.tegut.tbox::2000000542,1,developer_plus_third_party,1,5,-0.31414572420320724,0.9138794928552733,True,0.00016199578810950914,1.094236174263695
1664,com.tegut.tbox::2000000542,1,developer_plus_third_party,0,5,-0.31414572420320724,0.9138794928552733,True,0.00016199578810950914,1.094236174263695
1665,com.tegut.tbox::2000000542,1,developer_plus_third_party,0,5,-0.31414572420320724,0.9138794928552733,True,0.00016199578810950914,1.094236174263695
1666,com.tegut.tbox::2000000542,1,developer_plus_third_party,0,5,-0.31414572420320724,0.9138794928552733,True,0.00016199578810950914,1.094236174263695
1667,com.tegut.tbox::2000000542,1,developer_plus_third_party,1,5,-0.31414572420320724,0.9138794928552733,True,0.00016199578810950914,1.094236174263695
1668,com.tegut.tbox::2000000542,1,developer_plus_third_party,1,5,-0.31414572420320724,0.9138794928552733,True,0.00016199578810950914,1.094236174263695
1669,com.tegut.tbox::2000000542,1,developer_plus_third_party,0,5,-0.31414572420320724,0.9138794928552733,True,0.00016199578810950914,1.094236174263695
1670,com.tegut.tbox::2000000542,1,developer_plus_third_party,1,5,-0.31414572420320724,0.9138794928552733,True,0.00016199578810950914,1.094236174263695
1671,com.tegut.tbox::2000000542,1,developer_plus_third_party,0,5,-0.31414572420320724,0.9138794928552733,True,0.00016199578810950914,1.094236174263695
1672,com.tegut.tbox::2000000542,1,developer_plus_third_party,0,5,-0.31414572420320724,0.9138794928552733,True,0.00016199578810950914,1.094236174263695
1673,com.tegut.tbox::2000000542,1,developer_plus_third_party,0,5,-0.31414572420320724,0.9138794928552733,True,0.00016199578810950914,1.094236174263695
1674,com.tegut.tbox::2000000542,1,developer_plus_third_party,0,5,-0.31414572420320724,0.9138794928552733,True,0.00016199578810950914,1.094236174263695
1675,com.tegut.tbox::2000000542,1,developer_plus_third_party,0,5,-0.31414572420320724,0.9138794928552733,True,0.00016199578810950914,1.094236174263695
1676,com.tegut.tbox::2000000542,1,developer_plus_third_party,0,5,-0.31414572420320724,0.9138794928552733,True,0.00016199578810950914,1.094236174263695
1677,com.tegut.tbox::2000000542,1,developer_plus_third_party,0,5,-0.31414572420320724,0.9138794928552733,True,0.00016199578810950914,1.094236174263695
1678,com.tegut.tbox::2000000542,1,developer_plus_third_party,0,5,-0.31414572420320724,0.9138794928552733,True,0.00016199578810950914,1.094236174263695
1679,com.tegut.tbox::2000000542,1,developer_plus_third_party,0,5,-0.31414572420320724,0.9138794928552733,True,0.00016199578810950914,1.094236174263695
1680,com.tegut.tbox::2000000542,1,developer_plus_third_party,0,5,-0.31414572420320724,0.9138794928552733,True,0.00016199578810950914,1.094236174263695
1681,com.urvas.marathistatus::3,1,developer_plus_third_party,1,5,-0.09335970935490828,0.9157749860082749,True,0.00016199578810950914,1.0919712978390568
1682,com.urvas.marathistatus::3,1,developer_plus_third_party,1,5,-0.09335970935490828,0.9157749860082749,True,0.00016199578810950914,1.0919712978390568
1683,com.urvas.marathistatus::3,1,developer_plus_third_party,1,5,-0.09335970935490828,0.9157749860082749,True,0.00016199578810950914,1.0919712978390568
1684,com.urvas.marathistatus::3,1,developer_plus_third_party,0,5,-0.09335970935490828,0.9157749860082749,True,0.00016199578810950914,1.0919712978390568
1685,com.urvas.marathistatus::3,1,developer_plus_third_party,0,5,-0.09335970935490828,0.9157749860082749,True,0.00016199578810950914,1.0919712978390568
1686,com.urvas.marathistatus::3,1,developer_plus_third_party,0,5,-0.09335970935490828,0.9157749860082749,True,0.00016199578810950914,1.0919712978390568
1687,com.urvas.marathistatus::3,1,developer_plus_third_party,0,5,-0.09335970935490828,0.9157749860082749,True,0.00016199578810950914,1.0919712978390568
1688,com.voicerecorder.recording.audiorecorder::21,1,developer_plus_third_party,1,5,0.811051690502938,0.9231497257053454,True,0.00016199578810950914,1.0832478980979343
1689,com.xdevel.radiomargherita::3002000,1,developer_plus_third_party,1,5,0.257455244477106,0.9187089692138515,True,0.00016199578810950914,1.088483985146798
1690,com.xdevel.radiomargherita::3002000,1,developer_plus_third_party,1,5,0.257455244477106,0.9187089692138515,True,0.00016199578810950914,1.088483985146798
1691,com.xdevel.radiomargherita::3002000,1,developer_plus_third_party,0,5,0.257455244477106,0.9187089692138515,True,0.00016199578810950914,1.088483985146798
1692,com.xdevel.radiomargherita::3002000,1,developer_plus_third_party,0,5,0.257455244477106,0.9187089692138515,True,0.00016199578810950914,1.088483985146798
1693,com.xdevel.radiomargherita::3002000,1,developer_plus_third_party,0,5,0.257455244477106,0.9187089692138515,True,0.00016199578810950914,1.088483985146798
1694,com.xdevel.radiomargherita::3002000,1,developer_plus_third_party,0,5,0.257455244477106,0.9187089692138515,True,0.00016199578810950914,1.088483985146798
1695,com.xdevel.radiomargherita::3002000,1,developer_plus_third_party,1,5,0.257455244477106,0.9187089692138515,True,0.00016199578810950914,1.088483985146798
1696,com.xdevel.radiomargherita::3002000,1,developer_plus_third_party,1,5,0.257455244477106,0.9187089692138515,True,0.00016199578810950914,1.088483985146798
1697,com.xdevel.radiomargherita::3002000,1,developer_plus_third_party,1,5,0.257455244477106,0.9187089692138515,True,0.00016199578810950914,1.088483985146798
1698,com.xdevel.radiomargherita::3002000,1,developer_plus_third_party,0,5,0.257455244477106,0.9187089692138515,True,0.00016199578810950914,1.088483985146798
1699,com.xdevel.radiomargherita::3002000,1,developer_plus_third_party,0,5,0.257455244477106,0.9187089692138515,True,0.00016199578810950914,1.088483985146798
1700,com.xdevel.radiomargherita::3002000,1,developer_plus_third_party,0,5,0.257455244477106,0.9187089692138515,True,0.00016199578810950914,1.088483985146798
1701,com.xdevel.radiomargherita::3002000,1,developer_plus_third_party,1,5,0.257455244477106,0.9187089692138515,True,0.00016199578810950914,1.088483985146798
1702,com.xdevel.radiomargherita::3002000,1,developer_plus_third_party,1,5,0.257455244477106,0.9187089692138515,True,0.00016199578810950914,1.088483985146798
1703,com.xdevel.radiomargherita::3002000,1,developer_plus_third_party,0,5,0.257455244477106,0.9187089692138515,True,0.00016199578810950914,1.088483985146798
1704,com.xdevel.radiomargherita::3002000,1,developer_plus_third_party,0,5,0.257455244477106,0.9187089692138515,True,0.00016199578810950914,1.088483985146798
1705,com.xdevel.radiomargherita::3002000,1,developer_plus_third_party,0,5,0.257455244477106,0.9187089692138515,True,0.00016199578810950914,1.088483985146798
1706,com.xdevel.radiomargherita::3002000,1,developer_plus_third_party,0,5,0.257455244477106,0.9187089692138515,True,0.00016199578810950914,1.088483985146798
1707,com.xdevel.radiomargherita::3002000,1,developer_plus_third_party,0,5,0.257455244477106,0.9187089692138515,True,0.00016199578810950914,1.088483985146798
1708,com.xdevel.radiomargherita::3002000,1,developer_plus_third_party,0,5,0.257455244477106,0.9187089692138515,True,0.00016199578810950914,1.088483985146798
1709,com.xdevel.radiomargherita::3002000,1,developer_plus_third_party,0,5,0.257455244477106,0.9187089692138515,True,0.00016199578810950914,1.088483985146798
1710,com.xdevel.radiomargherita::3002000,1,developer_plus_third_party,0,5,0.257455244477106,0.9187089692138515,True,0.00016199578810950914,1.088483985146798
1711,com.xdevel.radiomargherita::3002000,1,developer_plus_third_party,0,5,0.257455244477106,0.9187089692138515,True,0.00016199578810950914,1.088483985146798
1712,com.xdevel.radiomargherita::3002000,1,developer_plus_third_party,0,5,0.257455244477106,0.9187089692138515,True,0.00016199578810950914,1.088483985146798
1713,com.xdevel.radiomargherita::3002000,1,developer_plus_third_party,0,5,0.257455244477106,0.9187089692138515,True,0.00016199578810950914,1.088483985146798
1714,jp.co.okinawatimes.viewer.and::25,1,developer_plus_third_party,1,5,-0.5849131785270437,0.9115022000149093,True,0.00016199578810950914,1.0970900563746782
1715,jp.co.okinawatimes.viewer.and::25,1,developer_plus_third_party,1,5,-0.5849131785270437,0.9115022000149093,True,0.00016199578810950914,1.0970900563746782
1716,jp.co.okinawatimes.viewer.and::25,1,developer_plus_third_party,1,5,-0.5849131785270437,0.9115022000149093,True,0.00016199578810950914,1.0970900563746782
1717,jp.co.okinawatimes.viewer.and::25,1,developer_plus_third_party,1,5,-0.5849131785270437,0.9115022000149093,True,0.00016199578810950914,1.0970900563746782
1718,jp.co.okinawatimes.viewer.and::25,1,developer_plus_third_party,1,5,-0.5849131785270437,0.9115022000149093,True,0.00016199578810950914,1.0970900563746782
1719,jp.co.okinawatimes.viewer.and::25,1,developer_plus_third_party,1,5,-0.5849131785270437,0.9115022000149093,True,0.00016199578810950914,1.0970900563746782
1720,jp.co.okinawatimes.viewer.and::25,1,developer_plus_third_party,1,5,-0.5849131785270437,0.9115022000149093,True,0.00016199578810950914,1.0970900563746782
1721,jp.co.okinawatimes.viewer.and::25,1,developer_plus_third_party,1,5,-0.5849131785270437,0.9115022000149093,True,0.00016199578810950914,1.0970900563746782
1722,jp.co.okinawatimes.viewer.and::25,1,developer_plus_third_party,1,5,-0.5849131785270437,0.9115022000149093,True,0.00016199578810950914,1.0970900563746782
1723,jp.co.okinawatimes.viewer.and::25,1,developer_plus_third_party,1,5,-0.5849131785270437,0.9115022000149093,True,0.00016199578810950914,1.0970900563746782
1724,jp.co.okinawatimes.viewer.and::25,1,developer_plus_third_party,1,5,-0.5849131785270437,0.9115022000149093,True,0.00016199578810950914,1.0970900563746782
1725,jp.co.okinawatimes.viewer.and::25,1,developer_plus_third_party,1,5,-0.5849131785270437,0.9115022000149093,True,0.00016199578810950914,1.0970900563746782
1726,jp.co.okinawatimes.viewer.and::25,1,developer_plus_third_party,1,5,-0.5849131785270437,0.9115022000149093,True,0.00016199578810950914,1.0970900563746782
1727,jp.co.okinawatimes.viewer.and::25,1,developer_plus_third_party,1,5,-0.5849131785270437,0.9115022000149093,True,0.00016199578810950914,1.0970900563746782
1728,jp.co.okinawatimes.viewer.and::25,1,developer_plus_third_party,1,5,-0.5849131785270437,0.9115022000149093,True,0.00016199578810950914,1.0970900563746782
1729,jp.co.okinawatimes.viewer.and::25,1,developer_plus_third_party,1,5,-0.5849131785270437,0.9115022000149093,True,0.00016199578810950914,1.0970900563746782
1730,jp.co.okinawatimes.viewer.and::25,1,developer_plus_third_party,1,5,-0.5849131785270437,0.9115022000149093,True,0.00016199578810950914,1.0970900563746782
1731,jp.co.okinawatimes.viewer.and::25,1,developer_plus_third_party,1,5,-0.5849131785270437,0.9115022000149093,True,0.00016199578810950914,1.0970900563746782
1732,jp.co.okinawatimes.viewer.and::25,1,developer_plus_third_party,0,5,-0.5849131785270437,0.9115022000149093,True,0.00016199578810950914,1.0970900563746782
1733,jp.co.okinawatimes.viewer.and::25,1,developer_plus_third_party,1,5,-0.5849131785270437,0.9115022000149093,True,0.00016199578810950914,1.0970900563746782
1734,jp.co.okinawatimes.viewer.and::25,1,developer_plus_third_party,0,5,-0.5849131785270437,0.9115022000149093,True,0.00016199578810950914,1.0970900563746782
1735,jp.co.okinawatimes.viewer.and::25,1,developer_plus_third_party,1,5,-0.5849131785270437,0.9115022000149093,True,0.00016199578810950914,1.0970900563746782
1736,jp.co.okinawatimes.viewer.and::25,1,developer_plus_third_party,1,5,-0.5849131785270437,0.9115022000149093,True,0.00016199578810950914,1.0970900563746782
1737,jp.co.okinawatimes.viewer.and::25,1,developer_plus_third_party,1,5,-0.5849131785270437,0.9115022000149093,True,0.00016199578810950914,1.0970900563746782
1738,jp.co.okinawatimes.viewer.and::25,1,developer_plus_third_party,0,5,-0.5849131785270437,0.9115022000149093,True,0.00016199578810950914,1.0970900563746782
1739,jp.co.okinawatimes.viewer.and::25,1,developer_plus_third_party,0,5,-0.5849131785270437,0.9115022000149093,True,0.00016199578810950914,1.0970900563746782
1740,jp.co.okinawatimes.viewer.and::25,1,developer_plus_third_party,0,5,-0.5849131785270437,0.9115022000149093,True,0.00016199578810950914,1.0970900563746782
1741,jp.co.okinawatimes.viewer.and::25,1,developer_plus_third_party,0,5,-0.5849131785270437,0.9115022000149093,True,0.00016199578810950914,1.0970900563746782
1742,jp.co.okinawatimes.viewer.and::25,1,developer_plus_third_party,0,5,-0.5849131785270437,0.9115022000149093,True,0.00016199578810950914,1.0970900563746782
1743,jp.co.okinawatimes.viewer.and::25,1,developer_plus_third_party,0,5,-0.5849131785270437,0.9115022000149093,True,0.00016199578810950914,1.0970900563746782
1744,jp.co.okinawatimes.viewer.and::25,1,developer_plus_third_party,0,5,-0.5849131785270437,0.9115022000149093,True,0.00016199578810950914,1.0970900563746782
1745,jp.co.okinawatimes.viewer.and::25,1,developer_plus_third_party,1,5,-0.5849131785270437,0.9115022000149093,True,0.00016199578810950914,1.0970900563746782
1746,jp.co.okinawatimes.viewer.and::25,1,developer_plus_third_party,0,5,-0.5849131785270437,0.9115022000149093,True,0.00016199578810950914,1.0970900563746782
1747,jp.co.okinawatimes.viewer.and::25,1,developer_plus_third_party,1,5,-0.5849131785270437,0.9115022000149093,True,0.00016199578810950914,1.0970900563746782
1748,jp.co.okinawatimes.viewer.and::25,1,developer_plus_third_party,1,5,-0.5849131785270437,0.9115022000149093,True,0.00016199578810950914,1.0970900563746782
1749,jp.co.okinawatimes.viewer.and::25,1,developer_plus_third_party,0,5,-0.5849131785270437,0.9115022000149093,True,0.00016199578810950914,1.0970900563746782
1750,jp.co.okinawatimes.viewer.and::25,1,developer_plus_third_party,0,5,-0.5849131785270437,0.9115022000149093,True,0.00016199578810950914,1.0970900563746782
1751,jp.co.okinawatimes.viewer.and::25,1,developer_plus_third_party,0,5,-0.5849131785270437,0.9115022000149093,True,0.00016199578810950914,1.0970900563746782
1752,jp.co.okinawatimes.viewer.and::25,1,developer_plus_third_party,1,5,-0.5849131785270437,0.9115022000149093,True,0.00016199578810950914,1.0970900563746782
1753,jp.co.okinawatimes.viewer.and::25,1,developer_plus_third_party,0,5,-0.5849131785270437,0.9115022000149093,True,0.00016199578810950914,1.0970900563746782
1754,net.mohadaratdiniya.fatawa.ibnuthaymeen::1002,1,developer_plus_third_party,1,5,-0.5909456353586763,0.9114485672151862,True,0.00016199578810950914,1.0971546129644718
1755,net.mohadaratdiniya.fatawa.ibnuthaymeen::1002,1,developer_plus_third_party,1,5,-0.5909456353586763,0.9114485672151862,True,0.00016199578810950914,1.0971546129644718
1756,net.mohadaratdiniya.fatawa.ibnuthaymeen::1002,1,developer_plus_third_party,1,5,-0.5909456353586763,0.9114485672151862,True,0.0008099789405475457,1.0971546129644718
1757,net.mohadaratdiniya.fatawa.ibnuthaymeen::1002,1,developer_plus_third_party,1,5,-0.5909456353586763,0.9114485672151862,True,0.00016199578810950914,1.0971546129644718
1758,net.mohadaratdiniya.fatawa.ibnuthaymeen::1002,1,developer_plus_third_party,1,5,-0.5909456353586763,0.9114485672151862,True,0.00016199578810950914,1.0971546129644718
1759,net.mohadaratdiniya.fatawa.ibnuthaymeen::1002,1,developer_plus_third_party,1,5,-0.5909456353586763,0.9114485672151862,True,0.00016199578810950914,1.0971546129644718
1760,quran.tilawatequran.mahermaaiqli::1001,1,developer_plus_third_party,1,5,5.375237432728273,0.9520675264788495,True,0.0008099789405475457,1.0503456658147192
1761,quran.tilawatequran.mahermaaiqli::1001,1,developer_plus_third_party,1,5,5.375237432728273,0.9520675264788495,True,0.00016199578810950914,1.0503456658147192
1762,quran.tilawatequran.mahermaaiqli::1001,1,developer_plus_third_party,1,5,5.375237432728273,0.9520675264788495,True,0.00016199578810950914,1.0503456658147192
1763,quran.tilawatequran.mahermaaiqli::1001,1,developer_plus_third_party,1,5,5.375237432728273,0.9520675264788495,True,0.00016199578810950914,1.0503456658147192
1764,quran.tilawatequran.mahermaaiqli::1001,1,developer_plus_third_party,1,5,5.375237432728273,0.9520675264788495,True,0.00016199578810950914,1.0503456658147192
1765,quran.tilawatequran.mahermaaiqli::1001,1,developer_plus_third_party,1,5,5.375237432728273,0.9520675264788495,True,0.00016199578810950914,1.0503456658147192
1766,robo.forrest.fairy.sword.tree.tower.craft::7,1,developer_plus_third_party,1,5,0.42032904671735555,0.9200392284329991,True,0.00016199578810950914,1.0869101763227957
1767,robo.forrest.fairy.sword.tree.tower.craft::7,1,developer_plus_third_party,1,5,0.42032904671735555,0.9200392284329991,True,0.00016199578810950914,1.0869101763227957
1768,so.ateya.ahmed.Lagna_Daamah::4,1,developer_plus_third_party,1,5,0.08752500636520179,0.9172996026481647,True,0.00016199578810950914,1.0901563645215657
1769,so.ateya.ahmed.Lagna_Daamah::4,1,developer_plus_third_party,1,5,0.08752500636520179,0.9172996026481647,True,0.00016199578810950914,1.0901563645215657
1770,uk.co.image_plus.propertyinvestor::39,1,developer_plus_third_party,0,5,0.2596357217475628,0.9187269105887758,True,0.00016199578810950914,1.0884627286678035
1771,uk.co.image_plus.propertyinvestor::39,1,developer_plus_third_party,0,5,0.2596357217475628,0.9187269105887758,True,0.00016199578810950914,1.0884627286678035
1772,uk.co.image_plus.propertyinvestor::39,1,developer_plus_third_party,1,5,0.2596357217475628,0.9187269105887758,True,0.00016199578810950914,1.0884627286678035
1773,uk.co.image_plus.propertyinvestor::39,1,developer_plus_third_party,0,5,0.2596357217475628,0.9187269105887758,True,0.00016199578810950914,1.0884627286678035
1774,uk.co.image_plus.propertyinvestor::39,1,developer_plus_third_party,0,5,0.2596357217475628,0.9187269105887758,True,0.00016199578810950914,1.0884627286678035
1775,uk.co.image_plus.propertyinvestor::39,1,developer_plus_third_party,1,5,0.2596357217475628,0.9187269105887758,True,0.00016199578810950914,1.0884627286678035
1776,uk.co.image_plus.propertyinvestor::39,1,developer_plus_third_party,1,5,0.2596357217475628,0.9187269105887758,True,0.00016199578810950914,1.0884627286678035
1777,uk.co.image_plus.propertyinvestor::39,1,developer_plus_third_party,1,5,0.2596357217475628,0.9187269105887758,True,0.00016199578810950914,1.0884627286678035
1778,uk.co.image_plus.propertyinvestor::39,1,developer_plus_third_party,1,5,0.2596357217475628,0.9187269105887758,True,0.00016199578810950914,1.0884627286678035
1779,br.lgfelicio::9268,1,developer_plus_third_party,0,9,1.3084623511352187,0.9375044691151481,True,0.00016199578810950914,1.0666615818310046
1780,br.lgfelicio::9268,1,developer_plus_third_party,1,9,1.3084623511352187,0.9375044691151481,True,0.00016199578810950914,1.0666615818310046
1781,br.lgfelicio::9268,1,developer_plus_third_party,1,9,1.3084623511352187,0.9375044691151481,True,0.00016199578810950914,1.0666615818310046
1782,br.lgfelicio::9268,1,developer_plus_third_party,1,9,1.3084623511352187,0.9375044691151481,True,0.00016199578810950914,1.0666615818310046
1783,br.lgfelicio::9268,1,developer_plus_third_party,1,9,1.3084623511352187,0.9375044691151481,True,0.00016199578810950914,1.0666615818310046
1784,br.lgfelicio::9268,1,developer_plus_third_party,1,9,1.3084623511352187,0.9375044691151481,True,0.00016199578810950914,1.0666615818310046
1785,br.lgfelicio::9268,1,developer_plus_third_party,1,9,1.3084623511352187,0.9375044691151481,True,0.00016199578810950914,1.0666615818310046
1786,br.lgfelicio::9268,1,developer_plus_third_party,1,9,1.3084623511352187,0.9375044691151481,True,0.00016199578810950914,1.0666615818310046
1787,br.lgfelicio::9268,1,developer_plus_third_party,1,9,1.3084623511352187,0.9375044691151481,True,0.00016199578810950914,1.0666615818310046
1788,br.lgfelicio::9268,1,developer_plus_third_party,1,9,1.3084623511352187,0.9375044691151481,True,0.00016199578810950914,1.0666615818310046
1789,br.lgfelicio::9268,1,developer_plus_third_party,1,9,1.3084623511352187,0.9375044691151481,True,0.00016199578810950914,1.0666615818310046
1790,br.lgfelicio::9268,1,developer_plus_third_party,1,9,1.3084623511352187,0.9375044691151481,True,0.00016199578810950914,1.0666615818310046
1791,br.lgfelicio::9268,1,developer_plus_third_party,0,9,1.3084623511352187,0.9375044691151481,True,0.00016199578810950914,1.0666615818310046
1792,br.lgfelicio::9268,1,developer_plus_third_party,1,9,1.3084623511352187,0.9375044691151481,True,0.00016199578810950914,1.0666615818310046
1793,br.lgfelicio::9268,1,developer_plus_third_party,1,9,1.3084623511352187,0.9375044691151481,True,0.00016199578810950914,1.0666615818310046
1794,br.lgfelicio::9268,1,developer_plus_third_party,0,9,1.3084623511352187,0.9375044691151481,True,0.00016199578810950914,1.0666615818310046
1795,br.lgfelicio::9268,1,developer_plus_third_party,0,9,1.3084623511352187,0.9375044691151481,True,0.00016199578810950914,1.0666615818310046
1796,br.lgfelicio::9268,1,developer_plus_third_party,0,9,1.3084623511352187,0.9375044691151481,True,0.00016199578810950914,1.0666615818310046
1797,br.lgfelicio::9268,1,developer_plus_third_party,0,9,1.3084623511352187,0.9375044691151481,True,0.00016199578810950914,1.0666615818310046
1798,br.lgfelicio::9268,1,developer_plus_third_party,1,9,1.3084623511352187,0.9375044691151481,True,0.00016199578810950914,1.0666615818310046
1799,br.lgfelicio::9268,1,developer_plus_third_party,1,9,1.3084623511352187,0.9375044691151481,True,0.00016199578810950914,1.0666615818310046
1800,br.lgfelicio::9268,1,developer_plus_third_party,0,9,1.3084623511352187,0.9375044691151481,True,0.00016199578810950914,1.0666615818310046
1801,br.lgfelicio::9268,1,developer_plus_third_party,0,9,1.3084623511352187,0.9375044691151481,True,0.00016199578810950914,1.0666615818310046
1802,br.lgfelicio::9268,1,developer_plus_third_party,0,9,1.3084623511352187,0.9375044691151481,True,0.00016199578810950914,1.0666615818310046
1803,br.lgfelicio::9268,1,developer_plus_third_party,1,9,1.3084623511352187,0.9375044691151481,True,0.00016199578810950914,1.0666615818310046
1804,br.lgfelicio::9268,1,developer_plus_third_party,0,9,1.3084623511352187,0.9375044691151481,True,0.00016199578810950914,1.0666615818310046
1805,br.lgfelicio::9268,1,developer_plus_third_party,1,9,1.3084623511352187,0.9375044691151481,True,0.00016199578810950914,1.0666615818310046
1806,br.lgfelicio::9268,1,developer_plus_third_party,1,9,1.3084623511352187,0.9375044691151481,True,0.00016199578810950914,1.0666615818310046
1807,br.lgfelicio::9268,1,developer_plus_third_party,0,9,1.3084623511352187,0.9375044691151481,True,0.00016199578810950914,1.0666615818310046
1808,br.lgfelicio::9268,1,developer_plus_third_party,0,9,1.3084623511352187,0.9375044691151481,True,0.00016199578810950914,1.0666615818310046
1809,br.lgfelicio::9268,1,developer_plus_third_party,0,9,1.3084623511352187,0.9375044691151481,True,0.00016199578810950914,1.0666615818310046
1810,br.lgfelicio::9268,1,developer_plus_third_party,0,9,1.3084623511352187,0.9375044691151481,True,0.00016199578810950914,1.0666615818310046
1811,br.lgfelicio::9268,1,developer_plus_third_party,0,9,1.3084623511352187,0.9375044691151481,True,0.00016199578810950914,1.0666615818310046
1812,br.lgfelicio::9268,1,developer_plus_third_party,1,9,1.3084623511352187,0.9375044691151481,True,0.00016199578810950914,1.0666615818310046
1813,br.lgfelicio::9268,1,developer_plus_third_party,0,9,1.3084623511352187,0.9375044691151481,True,0.00016199578810950914,1.0666615818310046
1814,br.lgfelicio::9268,1,developer_plus_third_party,1,9,1.3084623511352187,0.9375044691151481,True,0.00016199578810950914,1.0666615818310046
1815,br.lgfelicio::9268,1,developer_plus_third_party,0,9,1.3084623511352187,0.9375044691151481,True,0.00016199578810950914,1.0666615818310046
1816,br.lgfelicio::9268,1,developer_plus_third_party,1,9,1.3084623511352187,0.9375044691151481,True,0.00016199578810950914,1.0666615818310046
1817,br.lgfelicio::9268,1,developer_plus_third_party,0,9,1.3084623511352187,0.9375044691151481,True,0.00016199578810950914,1.0666615818310046
1818,br.lgfelicio::9268,1,developer_plus_third_party,1,9,1.3084623511352187,0.9375044691151481,True,0.00016199578810950914,1.0666615818310046
1819,br.lgfelicio::9268,1,developer_plus_third_party,1,9,1.3084623511352187,0.9375044691151481,True,0.00016199578810950914,1.0666615818310046
1820,chat.amor::110,1,developer_plus_third_party,1,9,-0.3819865060736656,0.9256603086675997,True,0.00016199578810950914,1.0803099048714806
1821,chat.amor::110,1,developer_plus_third_party,1,9,-0.3819865060736656,0.9256603086675997,True,0.00016199578810950914,1.0803099048714806
1822,chat.amor::110,1,developer_plus_third_party,1,9,-0.3819865060736656,0.9256603086675997,True,0.00016199578810950914,1.0803099048714806
1823,chat.amor::110,1,developer_plus_third_party,1,9,-0.3819865060736656,0.9256603086675997,True,0.00016199578810950914,1.0803099048714806
1824,chat.amor::110,1,developer_plus_third_party,1,9,-0.3819865060736656,0.9256603086675997,True,0.00016199578810950914,1.0803099048714806
1825,chat.amor::110,1,developer_plus_third_party,0,9,-0.3819865060736656,0.9256603086675997,True,0.00016199578810950914,1.0803099048714806
1826,chat.amor::110,1,developer_plus_third_party,1,9,-0.3819865060736656,0.9256603086675997,True,0.00016199578810950914,1.0803099048714806
1827,chat.amor::110,1,developer_plus_third_party,1,9,-0.3819865060736656,0.9256603086675997,True,0.00016199578810950914,1.0803099048714806
1828,chat.amor::110,1,developer_plus_third_party,0,9,-0.3819865060736656,0.9256603086675997,True,0.00016199578810950914,1.0803099048714806
1829,chat.amor::110,1,developer_plus_third_party,1,9,-0.3819865060736656,0.9256603086675997,True,0.00016199578810950914,1.0803099048714806
1830,chat.amor::110,1,developer_plus_third_party,0,9,-0.3819865060736656,0.9256603086675997,True,0.00016199578810950914,1.0803099048714806
1831,chat.amor::110,1,developer_plus_third_party,1,9,-0.3819865060736656,0.9256603086675997,True,0.00016199578810950914,1.0803099048714806
1832,chat.amor::110,1,developer_plus_third_party,1,9,-0.3819865060736656,0.9256603086675997,True,0.00016199578810950914,1.0803099048714806
1833,chat.amor::110,1,developer_plus_third_party,1,9,-0.3819865060736656,0.9256603086675997,True,0.00016199578810950914,1.0803099048714806
1834,com.angel.world.clock::14,1,developer_plus_third_party,1,9,-0.1269234801758104,0.9275712806009846,True,0.00016199578810950914,1.0780842625400044
1835,com.angel.world.clock::14,1,developer_plus_third_party,1,9,-0.1269234801758104,0.9275712806009846,True,0.00016199578810950914,1.0780842625400044
1836,com.angel.world.clock::14,1,developer_plus_third_party,1,9,-0.1269234801758104,0.9275712806009846,True,0.00016199578810950914,1.0780842625400044
1837,com.aplicativoslegais.topstickers::49,1,developer_plus_third_party,1,9,2.2736485107538,0.9434531220006481,True,0.00016199578810950914,1.0599360759752863
1838,com.aplicativoslegais.topstickers::49,1,developer_plus_third_party,1,9,2.2736485107538,0.9434531220006481,True,0.00016199578810950914,1.0599360759752863
1839,com.aplicativoslegais.topstickers::49,1,developer_plus_third_party,1,9,2.2736485107538,0.9434531220006481,True,0.00016199578810950914,1.0599360759752863
1840,com.aplicativoslegais.topstickers::49,1,developer_plus_third_party,1,9,2.2736485107538,0.9434531220006481,True,0.00016199578810950914,1.0599360759752863
1841,com.aplicativoslegais.topstickers::49,1,developer_plus_third_party,1,9,2.2736485107538,0.9434531220006481,True,0.00016199578810950914,1.0599360759752863
1842,com.aplicativoslegais.topstickers::49,1,developer_plus_third_party,1,9,2.2736485107538,0.9434531220006481,True,0.00016199578810950914,1.0599360759752863
1843,com.aplicativoslegais.topstickers::49,1,developer_plus_third_party,1,9,2.2736485107538,0.9434531220006481,True,0.00016199578810950914,1.0599360759752863
1844,com.aplicativoslegais.topstickers::49,1,developer_plus_third_party,1,9,2.2736485107538,0.9434531220006481,True,0.00016199578810950914,1.0599360759752863
1845,com.aplicativoslegais.topstickers::49,1,developer_plus_third_party,1,9,2.2736485107538,0.9434531220006481,True,0.00016199578810950914,1.0599360759752863
1846,com.aplicativoslegais.topstickers::49,1,developer_plus_third_party,1,9,2.2736485107538,0.9434531220006481,True,0.00016199578810950914,1.0599360759752863
1847,com.aplicativoslegais.topstickers::49,1,developer_plus_third_party,0,9,2.2736485107538,0.9434531220006481,True,0.00016199578810950914,1.0599360759752863
1848,com.aplicativoslegais.topstickers::49,1,developer_plus_third_party,0,9,2.2736485107538,0.9434531220006481,True,0.00016199578810950914,1.0599360759752863
1849,com.aplicativoslegais.topstickers::49,1,developer_plus_third_party,0,9,2.2736485107538,0.9434531220006481,True,0.00016199578810950914,1.0599360759752863
1850,com.aplicativoslegais.topstickers::49,1,developer_plus_third_party,0,9,2.2736485107538,0.9434531220006481,True,0.00016199578810950914,1.0599360759752863
1851,com.aplicativoslegais.topstickers::49,1,developer_plus_third_party,0,9,2.2736485107538,0.9434531220006481,True,0.00016199578810950914,1.0599360759752863
1852,com.aplicativoslegais.topstickers::49,1,developer_plus_third_party,1,9,2.2736485107538,0.9434531220006481,True,0.00016199578810950914,1.0599360759752863
1853,com.aplicativoslegais.topstickers::49,1,developer_plus_third_party,1,9,2.2736485107538,0.9434531220006481,True,0.00016199578810950914,1.0599360759752863
1854,com.aplicativoslegais.topstickers::49,1,developer_plus_third_party,0,9,2.2736485107538,0.9434531220006481,True,0.00016199578810950914,1.0599360759752863
1855,com.aplicativoslegais.topstickers::49,1,developer_plus_third_party,0,9,2.2736485107538,0.9434531220006481,True,0.00016199578810950914,1.0599360759752863
1856,com.aplicativoslegais.topstickers::49,1,developer_plus_third_party,0,9,2.2736485107538,0.9434531220006481,True,0.00016199578810950914,1.0599360759752863
1857,com.aplicativoslegais.topstickers::49,1,developer_plus_third_party,0,9,2.2736485107538,0.9434531220006481,True,0.00016199578810950914,1.0599360759752863
1858,com.aplicativoslegais.topstickers::49,1,developer_plus_third_party,1,9,2.2736485107538,0.9434531220006481,True,0.00016199578810950914,1.0599360759752863
1859,com.aplicativoslegais.topstickers::49,1,developer_plus_third_party,1,9,2.2736485107538,0.9434531220006481,True,0.00016199578810950914,1.0599360759752863
1860,com.aplicativoslegais.topstickers::49,1,developer_plus_third_party,0,9,2.2736485107538,0.9434531220006481,True,0.00016199578810950914,1.0599360759752863
1861,com.appg.ebridge::209411,1,developer_plus_third_party,1,9,0.21532312525589678,0.9300643083902427,True,0.00016199578810950914,1.0751944687898003
1862,com.appg.ebridge::209411,1,developer_plus_third_party,1,9,0.21532312525589678,0.9300643083902427,True,0.00016199578810950914,1.0751944687898003
1863,com.appg.ebridge::209411,1,developer_plus_third_party,1,9,0.21532312525589678,0.9300643083902427,True,0.00016199578810950914,1.0751944687898003
1864,com.appg.ebridge::209411,1,developer_plus_third_party,1,9,0.21532312525589678,0.9300643083902427,True,0.00016199578810950914,1.0751944687898003
1865,com.appg.ebridge::209411,1,developer_plus_third_party,1,9,0.21532312525589678,0.9300643083902427,True,0.00016199578810950914,1.0751944687898003
1866,com.appg.ebridge::209411,1,developer_plus_third_party,1,9,0.21532312525589678,0.9300643083902427,True,0.00016199578810950914,1.0751944687898003
1867,com.appg.ebridge::209411,1,developer_plus_third_party,1,9,0.21532312525589678,0.9300643083902427,True,0.00016199578810950914,1.0751944687898003
1868,com.appg.ebridge::209411,1,developer_plus_third_party,1,9,0.21532312525589678,0.9300643083902427,True,0.00016199578810950914,1.0751944687898003
1869,com.appg.ebridge::209411,1,developer_plus_third_party,1,9,0.21532312525589678,0.9300643083902427,True,0.00016199578810950914,1.0751944687898003
1870,com.appg.ebridge::209411,1,developer_plus_third_party,0,9,0.21532312525589678,0.9300643083902427,True,0.00016199578810950914,1.0751944687898003
1871,com.appg.ebridge::209411,1,developer_plus_third_party,1,9,0.21532312525589678,0.9300643083902427,True,0.00016199578810950914,1.0751944687898003
1872,com.appg.ebridge::209411,1,developer_plus_third_party,1,9,0.21532312525589678,0.9300643083902427,True,0.00016199578810950914,1.0751944687898003
1873,com.appg.ebridge::209411,1,developer_plus_third_party,0,9,0.21532312525589678,0.9300643083902427,True,0.00016199578810950914,1.0751944687898003
1874,com.appg.ebridge::209411,1,developer_plus_third_party,1,9,0.21532312525589678,0.9300643083902427,True,0.00016199578810950914,1.0751944687898003
1875,com.appg.ebridge::209411,1,developer_plus_third_party,0,9,0.21532312525589678,0.9300643083902427,True,0.00016199578810950914,1.0751944687898003
1876,com.appg.ebridge::209411,1,developer_plus_third_party,1,9,0.21532312525589678,0.9300643083902427,True,0.00016199578810950914,1.0751944687898003
1877,com.appg.ebridge::209411,1,developer_plus_third_party,0,9,0.21532312525589678,0.9300643083902427,True,0.00016199578810950914,1.0751944687898003
1878,com.appg.ebridge::209411,1,developer_plus_third_party,0,9,0.21532312525589678,0.9300643083902427,True,0.00016199578810950914,1.0751944687898003
1879,com.appg.ebridge::209411,1,developer_plus_third_party,1,9,0.21532312525589678,0.9300643083902427,True,0.00016199578810950914,1.0751944687898003
1880,com.appg.ebridge::209411,1,developer_plus_third_party,0,9,0.21532312525589678,0.9300643083902427,True,0.00016199578810950914,1.0751944687898003
1881,com.appg.ebridge::209411,1,developer_plus_third_party,1,9,0.21532312525589678,0.9300643083902427,True,0.00016199578810950914,1.0751944687898003
1882,com.appg.ebridge::209411,1,developer_plus_third_party,0,9,0.21532312525589678,0.9300643083902427,True,0.00016199578810950914,1.0751944687898003
1883,com.appg.ebridge::209411,1,developer_plus_third_party,1,9,0.21532312525589678,0.9300643083902427,True,0.00016199578810950914,1.0751944687898003
1884,com.appg.ebridge::209411,1,developer_plus_third_party,0,9,0.21532312525589678,0.9300643083902427,True,0.00016199578810950914,1.0751944687898003
1885,com.appg.ebridge::209411,1,developer_plus_third_party,0,9,0.21532312525589678,0.9300643083902427,True,0.00016199578810950914,1.0751944687898003
1886,com.appg.ebridge::209411,1,developer_plus_third_party,0,9,0.21532312525589678,0.9300643083902427,True,0.00016199578810950914,1.0751944687898003
1887,com.appg.ebridge::209411,1,developer_plus_third_party,0,9,0.21532312525589678,0.9300643083902427,True,0.00016199578810950914,1.0751944687898003
1888,com.appg.ebridge::209411,1,developer_plus_third_party,1,9,0.21532312525589678,0.9300643083902427,True,0.00016199578810950914,1.0751944687898003
1889,com.appg.ebridge::209411,1,developer_plus_third_party,0,9,0.21532312525589678,0.9300643083902427,True,0.00016199578810950914,1.0751944687898003
1890,com.appg.ebridge::209411,1,developer_plus_third_party,1,9,0.21532312525589678,0.9300643083902427,True,0.00016199578810950914,1.0751944687898003
1891,com.appg.ebridge::209411,1,developer_plus_third_party,0,9,0.21532312525589678,0.9300643083902427,True,0.00016199578810950914,1.0751944687898003
1892,com.appg.ebridge::209411,1,developer_plus_third_party,0,9,0.21532312525589678,0.9300643083902427,True,0.00016199578810950914,1.0751944687898003
1893,com.appg.ebridge::209411,1,developer_plus_third_party,1,9,0.21532312525589678,0.9300643083902427,True,0.00016199578810950914,1.0751944687898003
1894,com.appg.ebridge::209411,1,developer_plus_third_party,0,9,0.21532312525589678,0.9300643083902427,True,0.00016199578810950914,1.0751944687898003
1895,com.appg.ebridge::209411,1,developer_plus_third_party,1,9,0.21532312525589678,0.9300643083902427,True,0.00016199578810950914,1.0751944687898003
1896,com.astroid.yodha::45840004,1,developer_plus_third_party,0,9,0.8361893992244311,0.9343852622557149,True,0.00016199578810950914,1.070222359442917
1897,com.astroid.yodha::45840004,1,developer_plus_third_party,1,9,0.8361893992244311,0.9343852622557149,True,0.00016199578810950914,1.070222359442917
1898,com.astroid.yodha::45840004,1,developer_plus_third_party,1,9,0.8361893992244311,0.9343852622557149,True,0.00016199578810950914,1.070222359442917
1899,com.astroid.yodha::45840004,1,developer_plus_third_party,1,9,0.8361893992244311,0.9343852622557149,True,0.00016199578810950914,1.070222359442917
1900,com.astroid.yodha::45840004,1,developer_plus_third_party,0,9,0.8361893992244311,0.9343852622557149,True,0.00016199578810950914,1.070222359442917
1901,com.astroid.yodha::45840004,1,developer_plus_third_party,0,9,0.8361893992244311,0.9343852622557149,True,0.00016199578810950914,1.070222359442917
1902,com.astroid.yodha::45840004,1,developer_plus_third_party,1,9,0.8361893992244311,0.9343852622557149,True,0.00016199578810950914,1.070222359442917
1903,com.astroid.yodha::45840004,1,developer_plus_third_party,0,9,0.8361893992244311,0.9343852622557149,True,0.00016199578810950914,1.070222359442917
1904,com.astroid.yodha::45840004,1,developer_plus_third_party,0,9,0.8361893992244311,0.9343852622557149,True,0.00016199578810950914,1.070222359442917
1905,com.astroid.yodha::45840004,1,developer_plus_third_party,0,9,0.8361893992244311,0.9343852622557149,True,0.00016199578810950914,1.070222359442917
1906,com.astroid.yodha::45840004,1,developer_plus_third_party,0,9,0.8361893992244311,0.9343852622557149,True,0.00016199578810950914,1.070222359442917
1907,com.astroid.yodha::45840004,1,developer_plus_third_party,0,9,0.8361893992244311,0.9343852622557149,True,0.00016199578810950914,1.070222359442917
1908,com.astroid.yodha::45840004,1,developer_plus_third_party,0,9,0.8361893992244311,0.9343852622557149,True,0.00016199578810950914,1.070222359442917
1909,com.astroid.yodha::45840004,1,developer_plus_third_party,1,9,0.8361893992244311,0.9343852622557149,True,0.00016199578810950914,1.070222359442917
1910,com.astroid.yodha::45840004,1,developer_plus_third_party,0,9,0.8361893992244311,0.9343852622557149,True,0.00016199578810950914,1.070222359442917
1911,com.astroid.yodha::45840004,1,developer_plus_third_party,1,9,0.8361893992244311,0.9343852622557149,True,0.00016199578810950914,1.070222359442917
1912,com.astroid.yodha::45840004,1,developer_plus_third_party,0,9,0.8361893992244311,0.9343852622557149,True,0.00016199578810950914,1.070222359442917
1913,com.astroid.yodha::45840004,1,developer_plus_third_party,0,9,0.8361893992244311,0.9343852622557149,True,0.00016199578810950914,1.070222359442917
1914,com.astroid.yodha::45840004,1,developer_plus_third_party,1,9,0.8361893992244311,0.9343852622557149,True,0.00016199578810950914,1.070222359442917
1915,com.astroid.yodha::45840004,1,developer_plus_third_party,0,9,0.8361893992244311,0.9343852622557149,True,0.00016199578810950914,1.070222359442917
1916,com.astroid.yodha::45840004,1,developer_plus_third_party,1,9,0.8361893992244311,0.9343852622557149,True,0.00016199578810950914,1.070222359442917
1917,com.astroid.yodha::45840004,1,developer_plus_third_party,0,9,0.8361893992244311,0.9343852622557149,True,0.00016199578810950914,1.070222359442917
1918,com.astroid.yodha::45840004,1,developer_plus_third_party,0,9,0.8361893992244311,0.9343852622557149,True,0.00016199578810950914,1.070222359442917
1919,com.astroid.yodha::45840004,1,developer_plus_third_party,1,9,0.8361893992244311,0.9343852622557149,True,0.00016199578810950914,1.070222359442917
1920,com.awabe.learnenglish::60,1,developer_plus_third_party,1,9,-0.3636252427232465,0.9257994090178394,True,0.00016199578810950914,1.080147589487963
1921,com.awabe.learnenglish::60,1,developer_plus_third_party,1,9,-0.3636252427232465,0.9257994090178394,True,0.00016199578810950914,1.080147589487963
1922,com.balintinfotech.myphotokeyboard::4,1,developer_plus_third_party,0,9,0.5623863028454186,0.9325111797083094,True,0.00016199578810950914,1.0723732023382295
1923,com.balintinfotech.myphotokeyboard::4,1,developer_plus_third_party,0,9,0.5623863028454186,0.9325111797083094,True,0.00016199578810950914,1.0723732023382295
1924,com.bhima.filterfocusname::57,1,developer_plus_third_party,1,9,2.321241952006469,0.9437322436613917,True,0.00016199578810950914,1.0596225854489263
1925,com.bhima.filterfocusname::57,1,developer_plus_third_party,1,9,2.321241952006469,0.9437322436613917,True,0.00016199578810950914,1.0596225854489263
1926,com.bhima.filterfocusname::57,1,developer_plus_third_party,1,9,2.321241952006469,0.9437322436613917,True,0.00016199578810950914,1.0596225854489263
1927,com.bhima.filterfocusname::57,1,developer_plus_third_party,1,9,2.321241952006469,0.9437322436613917,True,0.00016199578810950914,1.0596225854489263
1928,com.bhima.filterfocusname::57,1,developer_plus_third_party,1,9,2.321241952006469,0.9437322436613917,True,0.00016199578810950914,1.0596225854489263
1929,com.bhima.filterfocusname::57,1,developer_plus_third_party,1,9,2.321241952006469,0.9437322436613917,True,0.00016199578810950914,1.0596225854489263
1930,com.bhima.filterfocusname::57,1,developer_plus_third_party,1,9,2.321241952006469,0.9437322436613917,True,0.00016199578810950914,1.0596225854489263
1931,com.buscounchollo::552,1,developer_plus_third_party,1,9,0.8215313177272995,0.9342861707390085,True,0.0003239915762190183,1.0703358685155455
1932,com.clogica.smartvideoeditor::18,1,developer_plus_third_party,1,9,-0.45092512322084094,0.9251359039012176,True,0.00016199578810950914,1.0809222685911195
1933,com.clogica.smartvideoeditor::18,1,developer_plus_third_party,1,9,-0.45092512322084094,0.9251359039012176,True,0.00016199578810950914,1.0809222685911195
1934,com.clogica.smartvideoeditor::18,1,developer_plus_third_party,1,9,-0.45092512322084094,0.9251359039012176,True,0.00016199578810950914,1.0809222685911195
1935,com.clogica.smartvideoeditor::18,1,developer_plus_third_party,1,9,-0.45092512322084094,0.9251359039012176,True,0.00016199578810950914,1.0809222685911195
1936,com.clogica.smartvideoeditor::18,1,developer_plus_third_party,1,9,-0.45092512322084094,0.9251359039012176,True,0.00016199578810950914,1.0809222685911195
1937,com.clogica.smartvideoeditor::18,1,developer_plus_third_party,0,9,-0.45092512322084094,0.9251359039012176,True,0.00016199578810950914,1.0809222685911195
1938,com.clogica.smartvideoeditor::18,1,developer_plus_third_party,1,9,-0.45092512322084094,0.9251359039012176,True,0.00016199578810950914,1.0809222685911195
1939,com.clogica.smartvideoeditor::18,1,developer_plus_third_party,0,9,-0.45092512322084094,0.9251359039012176,True,0.00016199578810950914,1.0809222685911195
1940,com.clogica.smartvideoeditor::18,1,developer_plus_third_party,0,9,-0.45092512322084094,0.9251359039012176,True,0.00016199578810950914,1.0809222685911195
1941,com.clogica.smartvideoeditor::18,1,developer_plus_third_party,0,9,-0.45092512322084094,0.9251359039012176,True,0.00016199578810950914,1.0809222685911195
1942,com.clogica.smartvideoeditor::18,1,developer_plus_third_party,1,9,-0.45092512322084094,0.9251359039012176,True,0.00016199578810950914,1.0809222685911195
1943,com.clogica.smartvideoeditor::18,1,developer_plus_third_party,0,9,-0.45092512322084094,0.9251359039012176,True,0.00016199578810950914,1.0809222685911195
1944,com.clogica.smartvideoeditor::18,1,developer_plus_third_party,0,9,-0.45092512322084094,0.9251359039012176,True,0.00016199578810950914,1.0809222685911195
1945,com.clogica.smartvideoeditor::18,1,developer_plus_third_party,1,9,-0.45092512322084094,0.9251359039012176,True,0.00016199578810950914,1.0809222685911195
1946,com.clogica.smartvideoeditor::18,1,developer_plus_third_party,0,9,-0.45092512322084094,0.9251359039012176,True,0.00016199578810950914,1.0809222685911195
1947,com.clogica.smartvideoeditor::18,1,developer_plus_third_party,1,9,-0.45092512322084094,0.9251359039012176,True,0.00016199578810950914,1.0809222685911195
1948,com.evansir.runicformulas::141,1,developer_plus_third_party,1,9,0.23423303493604986,0.9301997148610838,True,0.00016199578810950914,1.0750379558537493
1949,com.evansir.runicformulas::141,1,developer_plus_third_party,1,9,0.23423303493604986,0.9301997148610838,True,0.00016199578810950914,1.0750379558537493
1950,com.evansir.runicformulas::141,1,developer_plus_third_party,1,9,0.23423303493604986,0.9301997148610838,True,0.00016199578810950914,1.0750379558537493
1951,com.evansir.runicformulas::141,1,developer_plus_third_party,1,9,0.23423303493604986,0.9301997148610838,True,0.00016199578810950914,1.0750379558537493
1952,com.evansir.runicformulas::141,1,developer_plus_third_party,1,9,0.23423303493604986,0.9301997148610838,True,0.00016199578810950914,1.0750379558537493
1953,com.evansir.runicformulas::141,1,developer_plus_third_party,1,9,0.23423303493604986,0.9301997148610838,True,0.00016199578810950914,1.0750379558537493
1954,com.evansir.runicformulas::141,1,developer_plus_third_party,1,9,0.23423303493604986,0.9301997148610838,True,0.00016199578810950914,1.0750379558537493
1955,com.evansir.runicformulas::141,1,developer_plus_third_party,1,9,0.23423303493604986,0.9301997148610838,True,0.00016199578810950914,1.0750379558537493
1956,com.evansir.runicformulas::141,1,developer_plus_third_party,1,9,0.23423303493604986,0.9301997148610838,True,0.00016199578810950914,1.0750379558537493
1957,com.evansir.runicformulas::141,1,developer_plus_third_party,1,9,0.23423303493604986,0.9301997148610838,True,0.00016199578810950914,1.0750379558537493
1958,com.evansir.runicformulas::141,1,developer_plus_third_party,1,9,0.23423303493604986,0.9301997148610838,True,0.00016199578810950914,1.0750379558537493
1959,com.evansir.runicformulas::141,1,developer_plus_third_party,0,9,0.23423303493604986,0.9301997148610838,True,0.00016199578810950914,1.0750379558537493
1960,com.evansir.runicformulas::141,1,developer_plus_third_party,1,9,0.23423303493604986,0.9301997148610838,True,0.00016199578810950914,1.0750379558537493
1961,com.evansir.runicformulas::141,1,developer_plus_third_party,1,9,0.23423303493604986,0.9301997148610838,True,0.00016199578810950914,1.0750379558537493
1962,com.evansir.runicformulas::141,1,developer_plus_third_party,1,9,0.23423303493604986,0.9301997148610838,True,0.00016199578810950914,1.0750379558537493
1963,com.evansir.runicformulas::141,1,developer_plus_third_party,0,9,0.23423303493604986,0.9301997148610838,True,0.00016199578810950914,1.0750379558537493
1964,com.evansir.runicformulas::141,1,developer_plus_third_party,0,9,0.23423303493604986,0.9301997148610838,True,0.00016199578810950914,1.0750379558537493
1965,com.evansir.runicformulas::141,1,developer_plus_third_party,0,9,0.23423303493604986,0.9301997148610838,True,0.00016199578810950914,1.0750379558537493
1966,com.evansir.runicformulas::141,1,developer_plus_third_party,0,9,0.23423303493604986,0.9301997148610838,True,0.00016199578810950914,1.0750379558537493
1967,com.evansir.runicformulas::141,1,developer_plus_third_party,0,9,0.23423303493604986,0.9301997148610838,True,0.00016199578810950914,1.0750379558537493
1968,com.evansir.runicformulas::141,1,developer_plus_third_party,0,9,0.23423303493604986,0.9301997148610838,True,0.00016199578810950914,1.0750379558537493
1969,com.evansir.runicformulas::141,1,developer_plus_third_party,0,9,0.23423303493604986,0.9301997148610838,True,0.00016199578810950914,1.0750379558537493
1970,com.evansir.runicformulas::141,1,developer_plus_third_party,0,9,0.23423303493604986,0.9301997148610838,True,0.00016199578810950914,1.0750379558537493
1971,com.evansir.runicformulas::141,1,developer_plus_third_party,0,9,0.23423303493604986,0.9301997148610838,True,0.00016199578810950914,1.0750379558537493
1972,com.evansir.runicformulas::141,1,developer_plus_third_party,0,9,0.23423303493604986,0.9301997148610838,True,0.00016199578810950914,1.0750379558537493
1973,com.evansir.runicformulas::141,1,developer_plus_third_party,0,9,0.23423303493604986,0.9301997148610838,True,0.00016199578810950914,1.0750379558537493
1974,com.evansir.runicformulas::141,1,developer_plus_third_party,0,9,0.23423303493604986,0.9301997148610838,True,0.00016199578810950914,1.0750379558537493
1975,com.evansir.runicformulas::141,1,developer_plus_third_party,0,9,0.23423303493604986,0.9301997148610838,True,0.00016199578810950914,1.0750379558537493
1976,com.evansir.runicformulas::141,1,developer_plus_third_party,0,9,0.23423303493604986,0.9301997148610838,True,0.00016199578810950914,1.0750379558537493
1977,com.evansir.runicformulas::141,1,developer_plus_third_party,0,9,0.23423303493604986,0.9301997148610838,True,0.00016199578810950914,1.0750379558537493
1978,com.evansir.runicformulas::141,1,developer_plus_third_party,0,9,0.23423303493604986,0.9301997148610838,True,0.00016199578810950914,1.0750379558537493
1979,com.evansir.runicformulas::141,1,developer_plus_third_party,0,9,0.23423303493604986,0.9301997148610838,True,0.00016199578810950914,1.0750379558537493
1980,com.evansir.runicformulas::141,1,developer_plus_third_party,0,9,0.23423303493604986,0.9301997148610838,True,0.00016199578810950914,1.0750379558537493
1981,com.fanstudio.lienkhucnhacvang.nhactrutinh::22,1,developer_plus_third_party,1,9,-0.30175831502150846,0.9262663367069228,True,0.00016199578810950914,1.0796030907861947
1982,com.fanstudio.lienkhucnhacvang.nhactrutinh::22,1,developer_plus_third_party,1,9,-0.30175831502150846,0.9262663367069228,True,0.00016199578810950914,1.0796030907861947
1983,com.fanstudio.lienkhucnhacvang.nhactrutinh::22,1,developer_plus_third_party,1,9,-0.30175831502150846,0.9262663367069228,True,0.00016199578810950914,1.0796030907861947
1984,com.fanstudio.lienkhucnhacvang.nhactrutinh::22,1,developer_plus_third_party,1,9,-0.30175831502150846,0.9262663367069228,True,0.00016199578810950914,1.0796030907861947
1985,com.fourksoft.openvpn::407,1,developer_plus_third_party,1,9,0.05082804296588077,0.928876138294078,True,0.0016199578810950914,1.0765698016923377
1986,com.fourksoft.openvpn::407,1,developer_plus_third_party,0,9,0.05082804296588077,0.928876138294078,True,0.00016199578810950914,1.0765698016923377
1987,com.fourksoft.openvpn::407,1,developer_plus_third_party,1,9,0.05082804296588077,0.928876138294078,True,0.00016199578810950914,1.0765698016923377
1988,com.fourksoft.openvpn::407,1,developer_plus_third_party,0,9,0.05082804296588077,0.928876138294078,True,0.00016199578810950914,1.0765698016923377
1989,com.fourksoft.openvpn::407,1,developer_plus_third_party,1,9,0.05082804296588077,0.928876138294078,True,0.00016199578810950914,1.0765698016923377
1990,com.fourksoft.openvpn::407,1,developer_plus_third_party,0,9,0.05082804296588077,0.928876138294078,True,0.00016199578810950914,1.0765698016923377
1991,com.fourksoft.openvpn::407,1,developer_plus_third_party,0,9,0.05082804296588077,0.928876138294078,True,0.00016199578810950914,1.0765698016923377
1992,com.fourksoft.openvpn::407,1,developer_plus_third_party,1,9,0.05082804296588077,0.928876138294078,True,0.00016199578810950914,1.0765698016923377
1993,com.fourksoft.openvpn::407,1,developer_plus_third_party,0,9,0.05082804296588077,0.928876138294078,True,0.00016199578810950914,1.0765698016923377
1994,com.fourksoft.openvpn::407,1,developer_plus_third_party,0,9,0.05082804296588077,0.928876138294078,True,0.00016199578810950914,1.0765698016923377
1995,com.fourksoft.openvpn::407,1,developer_plus_third_party,1,9,0.05082804296588077,0.928876138294078,True,0.00016199578810950914,1.0765698016923377
1996,com.fourksoft.openvpn::407,1,developer_plus_third_party,1,9,0.05082804296588077,0.928876138294078,True,0.00016199578810950914,1.0765698016923377
1997,com.fourksoft.openvpn::407,1,developer_plus_third_party,0,9,0.05082804296588077,0.928876138294078,True,0.00016199578810950914,1.0765698016923377
1998,com.fourksoft.openvpn::407,1,developer_plus_third_party,1,9,0.05082804296588077,0.928876138294078,True,0.00016199578810950914,1.0765698016923377
1999,com.fourksoft.openvpn::407,1,developer_plus_third_party,0,9,0.05082804296588077,0.928876138294078,True,0.00016199578810950914,1.0765698016923377
2000,com.fourksoft.openvpn::407,1,developer_plus_third_party,0,9,0.05082804296588077,0.928876138294078,True,0.00016199578810950914,1.0765698016923377
2001,com.fourksoft.openvpn::407,1,developer_plus_third_party,0,9,0.05082804296588077,0.928876138294078,True,0.00016199578810950914,1.0765698016923377
2002,com.fourksoft.openvpn::407,1,developer_plus_third_party,1,9,0.05082804296588077,0.928876138294078,True,0.00016199578810950914,1.0765698016923377
2003,com.fourksoft.openvpn::407,1,developer_plus_third_party,0,9,0.05082804296588077,0.928876138294078,True,0.00016199578810950914,1.0765698016923377
2004,com.fourksoft.openvpn::407,1,developer_plus_third_party,0,9,0.05082804296588077,0.928876138294078,True,0.00016199578810950914,1.0765698016923377
2005,com.fourksoft.openvpn::407,1,developer_plus_third_party,0,9,0.05082804296588077,0.928876138294078,True,0.00016199578810950914,1.0765698016923377
2006,com.fourksoft.openvpn::407,1,developer_plus_third_party,0,9,0.05082804296588077,0.928876138294078,True,0.00016199578810950914,1.0765698016923377
2007,com.fourksoft.openvpn::407,1,developer_plus_third_party,1,9,0.05082804296588077,0.928876138294078,True,0.00016199578810950914,1.0765698016923377
2008,com.fourksoft.openvpn::407,1,developer_plus_third_party,1,9,0.05082804296588077,0.928876138294078,True,0.00016199578810950914,1.0765698016923377
2009,com.fourksoft.openvpn::407,1,developer_plus_third_party,1,9,0.05082804296588077,0.928876138294078,True,0.00016199578810950914,1.0765698016923377
2010,com.fourksoft.openvpn::407,1,developer_plus_third_party,0,9,0.05082804296588077,0.928876138294078,True,0.00016199578810950914,1.0765698016923377
2011,com.fourksoft.openvpn::407,1,developer_plus_third_party,1,9,0.05082804296588077,0.928876138294078,True,0.00016199578810950914,1.0765698016923377
2012,com.fourksoft.openvpn::407,1,developer_plus_third_party,1,9,0.05082804296588077,0.928876138294078,True,0.00016199578810950914,1.0765698016923377
2013,com.fourksoft.openvpn::407,1,developer_plus_third_party,0,9,0.05082804296588077,0.928876138294078,True,0.00016199578810950914,1.0765698016923377
2014,com.fourksoft.openvpn::407,1,developer_plus_third_party,1,9,0.05082804296588077,0.928876138294078,True,0.00016199578810950914,1.0765698016923377
2015,com.fourksoft.openvpn::407,1,developer_plus_third_party,0,9,0.05082804296588077,0.928876138294078,True,0.00016199578810950914,1.0765698016923377
2016,com.fourksoft.openvpn::407,1,developer_plus_third_party,1,9,0.05082804296588077,0.928876138294078,True,0.00016199578810950914,1.0765698016923377
2017,com.fourksoft.openvpn::407,1,developer_plus_third_party,1,9,0.05082804296588077,0.928876138294078,True,0.00016199578810950914,1.0765698016923377
2018,com.fourksoft.openvpn::407,1,developer_plus_third_party,1,9,0.05082804296588077,0.928876138294078,True,0.00016199578810950914,1.0765698016923377
2019,com.fourksoft.openvpn::407,1,developer_plus_third_party,1,9,0.05082804296588077,0.928876138294078,True,0.00016199578810950914,1.0765698016923377
2020,com.fourksoft.openvpn::407,1,developer_plus_third_party,1,9,0.05082804296588077,0.928876138294078,True,0.00016199578810950914,1.0765698016923377
2021,com.fourksoft.openvpn::407,1,developer_plus_third_party,1,9,0.05082804296588077,0.928876138294078,True,0.00016199578810950914,1.0765698016923377
2022,com.ihuaj.gamecc.global::143,1,developer_plus_third_party,0,9,3.0824924725422105,0.9480241179644987,True,0.00016199578810950914,1.0548254849751066
2023,com.ihuaj.gamecc.global::143,1,developer_plus_third_party,0,9,3.0824924725422105,0.9480241179644987,True,0.00016199578810950914,1.0548254849751066
2024,com.ihuaj.gamecc.global::143,1,developer_plus_third_party,1,9,3.0824924725422105,0.9480241179644987,True,0.00016199578810950914,1.0548254849751066
2025,com.ihuaj.gamecc.global::143,1,developer_plus_third_party,0,9,3.0824924725422105,0.9480241179644987,True,0.00016199578810950914,1.0548254849751066
2026,com.ihuaj.gamecc.global::143,1,developer_plus_third_party,0,9,3.0824924725422105,0.9480241179644987,True,0.00016199578810950914,1.0548254849751066
2027,com.ihuaj.gamecc.global::143,1,developer_plus_third_party,1,9,3.0824924725422105,0.9480241179644987,True,0.00016199578810950914,1.0548254849751066
2028,com.ihuaj.gamecc.global::143,1,developer_plus_third_party,0,9,3.0824924725422105,0.9480241179644987,True,0.00016199578810950914,1.0548254849751066
2029,com.ihuaj.gamecc.global::143,1,developer_plus_third_party,0,9,3.0824924725422105,0.9480241179644987,True,0.00016199578810950914,1.0548254849751066
2030,com.ihuaj.gamecc.global::143,1,developer_plus_third_party,0,9,3.0824924725422105,0.9480241179644987,True,0.00016199578810950914,1.0548254849751066
2031,com.ihuaj.gamecc.global::143,1,developer_plus_third_party,1,9,3.0824924725422105,0.9480241179644987,True,0.00016199578810950914,1.0548254849751066
2032,com.ihuaj.gamecc.global::143,1,developer_plus_third_party,1,9,3.0824924725422105,0.9480241179644987,True,0.00016199578810950914,1.0548254849751066
2033,com.ihuaj.gamecc.global::143,1,developer_plus_third_party,0,9,3.0824924725422105,0.9480241179644987,True,0.00016199578810950914,1.0548254849751066
2034,com.ihuaj.gamecc.global::143,1,developer_plus_third_party,1,9,3.0824924725422105,0.9480241179644987,True,0.00016199578810950914,1.0548254849751066
2035,com.ihuaj.gamecc.global::143,1,developer_plus_third_party,0,9,3.0824924725422105,0.9480241179644987,True,0.00016199578810950914,1.0548254849751066
2036,com.ihuaj.gamecc.global::143,1,developer_plus_third_party,0,9,3.0824924725422105,0.9480241179644987,True,0.00016199578810950914,1.0548254849751066
2037,com.ihuaj.gamecc.global::143,1,developer_plus_third_party,0,9,3.0824924725422105,0.9480241179644987,True,0.00016199578810950914,1.0548254849751066
2038,com.ihuaj.gamecc.global::143,1,developer_plus_third_party,1,9,3.0824924725422105,0.9480241179644987,True,0.00016199578810950914,1.0548254849751066
2039,com.ihuaj.gamecc.global::143,1,developer_plus_third_party,1,9,3.0824924725422105,0.9480241179644987,True,0.00016199578810950914,1.0548254849751066
2040,com.ihuaj.gamecc.global::143,1,developer_plus_third_party,0,9,3.0824924725422105,0.9480241179644987,True,0.00016199578810950914,1.0548254849751066
2041,com.ihuaj.gamecc.global::143,1,developer_plus_third_party,0,9,3.0824924725422105,0.9480241179644987,True,0.00016199578810950914,1.0548254849751066
2042,com.ihuaj.gamecc.global::143,1,developer_plus_third_party,1,9,3.0824924725422105,0.9480241179644987,True,0.00016199578810950914,1.0548254849751066
2043,com.ihuaj.gamecc.global::143,1,developer_plus_third_party,0,9,3.0824924725422105,0.9480241179644987,True,0.00016199578810950914,1.0548254849751066
2044,com.ihuaj.gamecc.global::143,1,developer_plus_third_party,1,9,3.0824924725422105,0.9480241179644987,True,0.00016199578810950914,1.0548254849751066
2045,com.ihuaj.gamecc.global::143,1,developer_plus_third_party,1,9,3.0824924725422105,0.9480241179644987,True,0.00016199578810950914,1.0548254849751066
2046,com.ihuaj.gamecc.global::143,1,developer_plus_third_party,1,9,3.0824924725422105,0.9480241179644987,True,0.00016199578810950914,1.0548254849751066
2047,com.ihuaj.gamecc.global::143,1,developer_plus_third_party,1,9,3.0824924725422105,0.9480241179644987,True,0.00016199578810950914,1.0548254849751066
2048,com.ihuaj.gamecc.global::143,1,developer_plus_third_party,1,9,3.0824924725422105,0.9480241179644987,True,0.00016199578810950914,1.0548254849751066
2049,com.ihuaj.gamecc.global::143,1,developer_plus_third_party,1,9,3.0824924725422105,0.9480241179644987,True,0.00016199578810950914,1.0548254849751066
2050,com.liogaming.dlskits::8,1,developer_plus_third_party,1,9,0.438082217003852,0.9316440738914352,True,0.00016199578810950914,1.0733712884825695
2051,com.liogaming.dlskits::8,1,developer_plus_third_party,1,9,0.438082217003852,0.9316440738914352,True,0.00016199578810950914,1.0733712884825695
2052,com.liogaming.dlskits::8,1,developer_plus_third_party,0,9,0.438082217003852,0.9316440738914352,True,0.00016199578810950914,1.0733712884825695
2053,com.liogaming.dlskits::8,1,developer_plus_third_party,0,9,0.438082217003852,0.9316440738914352,True,0.00016199578810950914,1.0733712884825695
2054,com.liogaming.dlskits::8,1,developer_plus_third_party,0,9,0.438082217003852,0.9316440738914352,True,0.00016199578810950914,1.0733712884825695
2055,com.liogaming.dlskits::8,1,developer_plus_third_party,0,9,0.438082217003852,0.9316440738914352,True,0.00016199578810950914,1.0733712884825695
2056,com.nudi.bkn.sapk::82,1,developer_plus_third_party,0,9,0.9735732135668541,0.9353072720899701,True,0.00016199578810950914,1.0691673526342549
2057,com.nudi.bkn.sapk::82,1,developer_plus_third_party,1,9,0.9735732135668541,0.9353072720899701,True,0.00016199578810950914,1.0691673526342549
2058,com.nudi.bkn.sapk::82,1,developer_plus_third_party,1,9,0.9735732135668541,0.9353072720899701,True,0.00016199578810950914,1.0691673526342549
2059,com.nudi.bkn.sapk::82,1,developer_plus_third_party,1,9,0.9735732135668541,0.9353072720899701,True,0.00016199578810950914,1.0691673526342549
2060,com.nudi.bkn.sapk::82,1,developer_plus_third_party,0,9,0.9735732135668541,0.9353072720899701,True,0.00016199578810950914,1.0691673526342549
2061,com.nudi.bkn.sapk::82,1,developer_plus_third_party,0,9,0.9735732135668541,0.9353072720899701,True,0.00016199578810950914,1.0691673526342549
2062,com.nudi.bkn.sapk::82,1,developer_plus_third_party,0,9,0.9735732135668541,0.9353072720899701,True,0.00016199578810950914,1.0691673526342549
2063,com.nudi.bkn.sapk::82,1,developer_plus_third_party,0,9,0.9735732135668541,0.9353072720899701,True,0.00016199578810950914,1.0691673526342549
2064,com.nudi.bkn.sapk::82,1,developer_plus_third_party,0,9,0.9735732135668541,0.9353072720899701,True,0.00016199578810950914,1.0691673526342549
2065,com.nudi.bkn.sapk::82,1,developer_plus_third_party,0,9,0.9735732135668541,0.9353072720899701,True,0.00016199578810950914,1.0691673526342549
2066,com.nudi.bkn.sapk::82,1,developer_plus_third_party,0,9,0.9735732135668541,0.9353072720899701,True,0.00016199578810950914,1.0691673526342549
2067,com.nudi.bkn.sapk::82,1,developer_plus_third_party,0,9,0.9735732135668541,0.9353072720899701,True,0.00016199578810950914,1.0691673526342549
2068,com.nudi.bkn.sapk::82,1,developer_plus_third_party,0,9,0.9735732135668541,0.9353072720899701,True,0.00016199578810950914,1.0691673526342549
2069,com.nudi.bkn.sapk::82,1,developer_plus_third_party,0,9,0.9735732135668541,0.9353072720899701,True,0.00016199578810950914,1.0691673526342549
2070,com.nudi.bkn.sapk::82,1,developer_plus_third_party,0,9,0.9735732135668541,0.9353072720899701,True,0.00016199578810950914,1.0691673526342549
2071,com.nudi.bkn.sapk::82,1,developer_plus_third_party,0,9,0.9735732135668541,0.9353072720899701,True,0.00016199578810950914,1.0691673526342549
2072,com.nudi.bkn.sapk::82,1,developer_plus_third_party,0,9,0.9735732135668541,0.9353072720899701,True,0.00016199578810950914,1.0691673526342549
2073,com.nudi.bkn.sapk::82,1,developer_plus_third_party,0,9,0.9735732135668541,0.9353072720899701,True,0.00016199578810950914,1.0691673526342549
2074,com.nudi.bkn.sapk::82,1,developer_plus_third_party,0,9,0.9735732135668541,0.9353072720899701,True,0.00016199578810950914,1.0691673526342549
2075,com.offline.poetry::202,1,developer_plus_third_party,1,9,1.5200180848300073,0.9388563804234389,True,0.00016199578810950914,1.065125636733687
2076,com.offline.poetry::202,1,developer_plus_third_party,1,9,1.5200180848300073,0.9388563804234389,True,0.00016199578810950914,1.065125636733687
2077,com.offline.poetry::202,1,developer_plus_third_party,1,9,1.5200180848300073,0.9388563804234389,True,0.00016199578810950914,1.065125636733687
2078,com.photoslideshow.birthdayvideomaker::32,1,developer_plus_third_party,1,9,-0.06929023312464877,0.927996760821629,True,0.00016199578810950914,1.0775899682177994
2079,com.photoslideshow.birthdayvideomaker::32,1,developer_plus_third_party,0,9,-0.06929023312464877,0.927996760821629,True,0.00016199578810950914,1.0775899682177994
2080,com.photoslideshow.birthdayvideomaker::32,1,developer_plus_third_party,1,9,-0.06929023312464877,0.927996760821629,True,0.0003239915762190183,1.0775899682177994
2081,com.photoslideshow.birthdayvideomaker::32,1,developer_plus_third_party,1,9,-0.06929023312464877,0.927996760821629,True,0.00016199578810950914,1.0775899682177994
2082,com.photoslideshow.birthdayvideomaker::32,1,developer_plus_third_party,0,9,-0.06929023312464877,0.927996760821629,True,0.00016199578810950914,1.0775899682177994
2083,com.photoslideshow.birthdayvideomaker::32,1,developer_plus_third_party,0,9,-0.06929023312464877,0.927996760821629,True,0.00016199578810950914,1.0775899682177994
2084,com.photoslideshow.birthdayvideomaker::32,1,developer_plus_third_party,1,9,-0.06929023312464877,0.927996760821629,True,0.00016199578810950914,1.0775899682177994
2085,com.photoslideshow.birthdayvideomaker::32,1,developer_plus_third_party,0,9,-0.06929023312464877,0.927996760821629,True,0.00016199578810950914,1.0775899682177994
2086,com.photoslideshow.birthdayvideomaker::32,1,developer_plus_third_party,0,9,-0.06929023312464877,0.927996760821629,True,0.00016199578810950914,1.0775899682177994
2087,com.photoslideshow.birthdayvideomaker::32,1,developer_plus_third_party,1,9,-0.06929023312464877,0.927996760821629,True,0.00016199578810950914,1.0775899682177994
2088,com.photoslideshow.birthdayvideomaker::32,1,developer_plus_third_party,0,9,-0.06929023312464877,0.927996760821629,True,0.00016199578810950914,1.0775899682177994
2089,com.photoslideshow.birthdayvideomaker::32,1,developer_plus_third_party,0,9,-0.06929023312464877,0.927996760821629,True,0.00016199578810950914,1.0775899682177994
2090,com.photoslideshow.birthdayvideomaker::32,1,developer_plus_third_party,0,9,-0.06929023312464877,0.927996760821629,True,0.00016199578810950914,1.0775899682177994
2091,com.photoslideshow.birthdayvideomaker::32,1,developer_plus_third_party,0,9,-0.06929023312464877,0.927996760821629,True,0.00016199578810950914,1.0775899682177994
2092,com.photoslideshow.birthdayvideomaker::32,1,developer_plus_third_party,1,9,-0.06929023312464877,0.927996760821629,True,0.00016199578810950914,1.0775899682177994
2093,com.photoslideshow.birthdayvideomaker::32,1,developer_plus_third_party,0,9,-0.06929023312464877,0.927996760821629,True,0.00016199578810950914,1.0775899682177994
2094,com.photoslideshow.birthdayvideomaker::32,1,developer_plus_third_party,0,9,-0.06929023312464877,0.927996760821629,True,0.00016199578810950914,1.0775899682177994
2095,com.photoslideshow.birthdayvideomaker::32,1,developer_plus_third_party,1,9,-0.06929023312464877,0.927996760821629,True,0.00016199578810950914,1.0775899682177994
2096,com.photoslideshow.birthdayvideomaker::32,1,developer_plus_third_party,1,9,-0.06929023312464877,0.927996760821629,True,0.00016199578810950914,1.0775899682177994
2097,com.photoslideshow.birthdayvideomaker::32,1,developer_plus_third_party,0,9,-0.06929023312464877,0.927996760821629,True,0.00016199578810950914,1.0775899682177994
2098,com.photoslideshow.birthdayvideomaker::32,1,developer_plus_third_party,0,9,-0.06929023312464877,0.927996760821629,True,0.00016199578810950914,1.0775899682177994
2099,com.photoslideshow.birthdayvideomaker::32,1,developer_plus_third_party,1,9,-0.06929023312464877,0.927996760821629,True,0.00016199578810950914,1.0775899682177994
2100,com.photoslideshow.birthdayvideomaker::32,1,developer_plus_third_party,0,9,-0.06929023312464877,0.927996760821629,True,0.00016199578810950914,1.0775899682177994
2101,com.photoslideshow.birthdayvideomaker::32,1,developer_plus_third_party,1,9,-0.06929023312464877,0.927996760821629,True,0.00016199578810950914,1.0775899682177994
2102,com.photoslideshow.birthdayvideomaker::32,1,developer_plus_third_party,1,9,-0.06929023312464877,0.927996760821629,True,0.00016199578810950914,1.0775899682177994
2103,com.photoslideshow.birthdayvideomaker::32,1,developer_plus_third_party,1,9,-0.06929023312464877,0.927996760821629,True,0.00016199578810950914,1.0775899682177994
2104,com.rewardstyle.liketoknowit::10640,1,developer_plus_third_party,0,9,5.099059481521984,0.9579444336850653,False,0.00016199578810950914,1.0439018849487474
2105,com.rewardstyle.liketoknowit::10640,1,developer_plus_third_party,0,9,5.099059481521984,0.9579444336850653,False,0.00016199578810950914,1.0439018849487474
2106,com.rewardstyle.liketoknowit::10640,1,developer_plus_third_party,1,9,5.099059481521984,0.9579444336850653,False,0.00016199578810950914,1.0439018849487474
2107,com.rewardstyle.liketoknowit::10640,1,developer_plus_third_party,0,9,5.099059481521984,0.9579444336850653,False,0.00016199578810950914,1.0439018849487474
2108,com.rewardstyle.liketoknowit::10640,1,developer_plus_third_party,0,9,5.099059481521984,0.9579444336850653,False,0.00016199578810950914,1.0439018849487474
2109,com.rewardstyle.liketoknowit::10640,1,developer_plus_third_party,1,9,5.099059481521984,0.9579444336850653,False,0.00016199578810950914,1.0439018849487474
2110,com.rewardstyle.liketoknowit::10640,1,developer_plus_third_party,0,9,5.099059481521984,0.9579444336850653,False,0.00016199578810950914,1.0439018849487474
2111,com.rewardstyle.liketoknowit::10640,1,developer_plus_third_party,0,9,5.099059481521984,0.9579444336850653,False,0.00016199578810950914,1.0439018849487474
2112,com.rewardstyle.liketoknowit::10640,1,developer_plus_third_party,0,9,5.099059481521984,0.9579444336850653,False,0.00016199578810950914,1.0439018849487474
2113,com.rewardstyle.liketoknowit::10640,1,developer_plus_third_party,1,9,5.099059481521984,0.9579444336850653,False,0.00016199578810950914,1.0439018849487474
2114,com.rewardstyle.liketoknowit::10640,1,developer_plus_third_party,0,9,5.099059481521984,0.9579444336850653,False,0.00016199578810950914,1.0439018849487474
2115,com.rewardstyle.liketoknowit::10640,1,developer_plus_third_party,0,9,5.099059481521984,0.9579444336850653,False,0.00016199578810950914,1.0439018849487474
2116,com.rewardstyle.liketoknowit::10640,1,developer_plus_third_party,0,9,5.099059481521984,0.9579444336850653,False,0.00016199578810950914,1.0439018849487474
2117,com.rewardstyle.liketoknowit::10640,1,developer_plus_third_party,0,9,5.099059481521984,0.9579444336850653,False,0.00016199578810950914,1.0439018849487474
2118,com.rewardstyle.liketoknowit::10640,1,developer_plus_third_party,1,9,5.099059481521984,0.9579444336850653,False,0.00016199578810950914,1.0439018849487474
2119,com.rewardstyle.liketoknowit::10640,1,developer_plus_third_party,0,9,5.099059481521984,0.9579444336850653,False,0.00016199578810950914,1.0439018849487474
2120,com.rewardstyle.liketoknowit::10640,1,developer_plus_third_party,0,9,5.099059481521984,0.9579444336850653,False,0.00016199578810950914,1.0439018849487474
2121,com.rewardstyle.liketoknowit::10640,1,developer_plus_third_party,1,9,5.099059481521984,0.9579444336850653,False,0.00016199578810950914,1.0439018849487474
2122,com.rewardstyle.liketoknowit::10640,1,developer_plus_third_party,1,9,5.099059481521984,0.9579444336850653,False,0.00016199578810950914,1.0439018849487474
2123,com.rewardstyle.liketoknowit::10640,1,developer_plus_third_party,0,9,5.099059481521984,0.9579444336850653,False,0.00016199578810950914,1.0439018849487474
2124,com.rewardstyle.liketoknowit::10640,1,developer_plus_third_party,1,9,5.099059481521984,0.9579444336850653,False,0.00016199578810950914,1.0439018849487474
2125,com.rewardstyle.liketoknowit::10640,1,developer_plus_third_party,0,9,5.099059481521984,0.9579444336850653,False,0.00016199578810950914,1.0439018849487474
2126,com.rewardstyle.liketoknowit::10640,1,developer_plus_third_party,1,9,5.099059481521984,0.9579444336850653,False,0.00016199578810950914,1.0439018849487474
2127,com.rewardstyle.liketoknowit::10640,1,developer_plus_third_party,1,9,5.099059481521984,0.9579444336850653,False,0.00016199578810950914,1.0439018849487474
2128,com.rewardstyle.liketoknowit::10640,1,developer_plus_third_party,0,9,5.099059481521984,0.9579444336850653,False,0.00016199578810950914,1.0439018849487474
2129,com.rewardstyle.liketoknowit::10640,1,developer_plus_third_party,0,9,5.099059481521984,0.9579444336850653,False,0.00016199578810950914,1.0439018849487474
2130,com.rewardstyle.liketoknowit::10640,1,developer_plus_third_party,0,9,5.099059481521984,0.9579444336850653,False,0.00016199578810950914,1.0439018849487474
2131,com.rewardstyle.liketoknowit::10640,1,developer_plus_third_party,0,9,5.099059481521984,0.9579444336850653,False,0.00016199578810950914,1.0439018849487474
2132,com.teegloyalty.timezone::245,1,developer_plus_third_party,1,9,1.092167518967638,0.9360934689472147,True,0.00016199578810950914,1.0682693910092742
2133,com.teegloyalty.timezone::245,1,developer_plus_third_party,1,9,1.092167518967638,0.9360934689472147,True,0.00016199578810950914,1.0682693910092742
2134,com.teegloyalty.timezone::245,1,developer_plus_third_party,0,9,1.092167518967638,0.9360934689472147,True,0.00016199578810950914,1.0682693910092742
2135,com.teegloyalty.timezone::245,1,developer_plus_third_party,1,9,1.092167518967638,0.9360934689472147,True,0.00016199578810950914,1.0682693910092742
2136,com.teegloyalty.timezone::245,1,developer_plus_third_party,1,9,1.092167518967638,0.9360934689472147,True,0.00016199578810950914,1.0682693910092742
2137,com.teegloyalty.timezone::245,1,developer_plus_third_party,1,9,1.092167518967638,0.9360934689472147,True,0.00016199578810950914,1.0682693910092742
2138,com.teegloyalty.timezone::245,1,developer_plus_third_party,0,9,1.092167518967638,0.9360934689472147,True,0.00016199578810950914,1.0682693910092742
2139,com.teegloyalty.timezone::245,1,developer_plus_third_party,1,9,1.092167518967638,0.9360934689472147,True,0.00016199578810950914,1.0682693910092742
2140,com.teegloyalty.timezone::245,1,developer_plus_third_party,1,9,1.092167518967638,0.9360934689472147,True,0.00016199578810950914,1.0682693910092742
2141,com.teegloyalty.timezone::245,1,developer_plus_third_party,0,9,1.092167518967638,0.9360934689472147,True,0.00016199578810950914,1.0682693910092742
2142,com.teegloyalty.timezone::245,1,developer_plus_third_party,0,9,1.092167518967638,0.9360934689472147,True,0.00016199578810950914,1.0682693910092742
2143,com.teegloyalty.timezone::245,1,developer_plus_third_party,1,9,1.092167518967638,0.9360934689472147,True,0.00016199578810950914,1.0682693910092742
2144,com.teegloyalty.timezone::245,1,developer_plus_third_party,0,9,1.092167518967638,0.9360934689472147,True,0.00016199578810950914,1.0682693910092742
2145,com.teegloyalty.timezone::245,1,developer_plus_third_party,1,9,1.092167518967638,0.9360934689472147,True,0.00016199578810950914,1.0682693910092742
2146,com.teegloyalty.timezone::245,1,developer_plus_third_party,0,9,1.092167518967638,0.9360934689472147,True,0.00016199578810950914,1.0682693910092742
2147,com.teegloyalty.timezone::245,1,developer_plus_third_party,1,9,1.092167518967638,0.9360934689472147,True,0.00016199578810950914,1.0682693910092742
2148,com.teegloyalty.timezone::245,1,developer_plus_third_party,1,9,1.092167518967638,0.9360934689472147,True,0.00016199578810950914,1.0682693910092742
2149,com.teegloyalty.timezone::245,1,developer_plus_third_party,0,9,1.092167518967638,0.9360934689472147,True,0.00016199578810950914,1.0682693910092742
2150,com.teegloyalty.timezone::245,1,developer_plus_third_party,1,9,1.092167518967638,0.9360934689472147,True,0.00016199578810950914,1.0682693910092742
2151,com.teegloyalty.timezone::245,1,developer_plus_third_party,1,9,1.092167518967638,0.9360934689472147,True,0.00016199578810950914,1.0682693910092742
2152,com.teegloyalty.timezone::245,1,developer_plus_third_party,0,9,1.092167518967638,0.9360934689472147,True,0.00016199578810950914,1.0682693910092742
2153,com.teegloyalty.timezone::245,1,developer_plus_third_party,0,9,1.092167518967638,0.9360934689472147,True,0.0004859873643285274,1.0682693910092742
2154,com.teegloyalty.timezone::245,1,developer_plus_third_party,0,9,1.092167518967638,0.9360934689472147,True,0.00016199578810950914,1.0682693910092742
2155,com.teegloyalty.timezone::245,1,developer_plus_third_party,0,9,1.092167518967638,0.9360934689472147,True,0.00016199578810950914,1.0682693910092742
2156,com.teegloyalty.timezone::245,1,developer_plus_third_party,0,9,1.092167518967638,0.9360934689472147,True,0.00016199578810950914,1.0682693910092742
2157,com.teegloyalty.timezone::245,1,developer_plus_third_party,0,9,1.092167518967638,0.9360934689472147,True,0.00016199578810950914,1.0682693910092742
2158,com.teegloyalty.timezone::245,1,developer_plus_third_party,1,9,1.092167518967638,0.9360934689472147,True,0.00016199578810950914,1.0682693910092742
2159,com.teegloyalty.timezone::245,1,developer_plus_third_party,1,9,1.092167518967638,0.9360934689472147,True,0.00016199578810950914,1.0682693910092742
2160,com.teegloyalty.timezone::245,1,developer_plus_third_party,0,9,1.092167518967638,0.9360934689472147,True,0.00016199578810950914,1.0682693910092742
2161,com.teegloyalty.timezone::245,1,developer_plus_third_party,1,9,1.092167518967638,0.9360934689472147,True,0.00016199578810950914,1.0682693910092742
2162,com.teegloyalty.timezone::245,1,developer_plus_third_party,0,9,1.092167518967638,0.9360934689472147,True,0.00016199578810950914,1.0682693910092742
2163,com.teegloyalty.timezone::245,1,developer_plus_third_party,0,9,1.092167518967638,0.9360934689472147,True,0.00016199578810950914,1.0682693910092742
2164,com.teegloyalty.timezone::245,1,developer_plus_third_party,0,9,1.092167518967638,0.9360934689472147,True,0.00016199578810950914,1.0682693910092742
2165,com.teegloyalty.timezone::245,1,developer_plus_third_party,0,9,1.092167518967638,0.9360934689472147,True,0.00016199578810950914,1.0682693910092742
2166,com.teegloyalty.timezone::245,1,developer_plus_third_party,1,9,1.092167518967638,0.9360934689472147,True,0.00016199578810950914,1.0682693910092742
2167,com.teegloyalty.timezone::245,1,developer_plus_third_party,0,9,1.092167518967638,0.9360934689472147,True,0.00016199578810950914,1.0682693910092742
2168,com.teegloyalty.timezone::245,1,developer_plus_third_party,1,9,1.092167518967638,0.9360934689472147,True,0.00016199578810950914,1.0682693910092742
2169,com.teegloyalty.timezone::245,1,developer_plus_third_party,0,9,1.092167518967638,0.9360934689472147,True,0.00016199578810950914,1.0682693910092742
2170,com.teegloyalty.timezone::245,1,developer_plus_third_party,0,9,1.092167518967638,0.9360934689472147,True,0.00016199578810950914,1.0682693910092742
2171,com.teegloyalty.timezone::245,1,developer_plus_third_party,0,9,1.092167518967638,0.9360934689472147,True,0.00016199578810950914,1.0682693910092742
2172,com.teegloyalty.timezone::245,1,developer_plus_third_party,0,9,1.092167518967638,0.9360934689472147,True,0.00016199578810950914,1.0682693910092742
2173,com.teegloyalty.timezone::245,1,developer_plus_third_party,0,9,1.092167518967638,0.9360934689472147,True,0.00016199578810950914,1.0682693910092742
2174,com.teegloyalty.timezone::245,1,developer_plus_third_party,0,9,1.092167518967638,0.9360934689472147,True,0.00016199578810950914,1.0682693910092742
2175,com.teegloyalty.timezone::245,1,developer_plus_third_party,0,9,1.092167518967638,0.9360934689472147,True,0.00016199578810950914,1.0682693910092742
2176,com.teegloyalty.timezone::245,1,developer_plus_third_party,0,9,1.092167518967638,0.9360934689472147,True,0.00016199578810950914,1.0682693910092742
2177,com.teegloyalty.timezone::245,1,developer_plus_third_party,0,9,1.092167518967638,0.9360934689472147,True,0.00016199578810950914,1.0682693910092742
2178,com.teegloyalty.timezone::245,1,developer_plus_third_party,0,9,1.092167518967638,0.9360934689472147,True,0.00016199578810950914,1.0682693910092742
2179,com.teegloyalty.timezone::245,1,developer_plus_third_party,0,9,1.092167518967638,0.9360934689472147,True,0.00016199578810950914,1.0682693910092742
2180,com.teegloyalty.timezone::245,1,developer_plus_third_party,0,9,1.092167518967638,0.9360934689472147,True,0.00016199578810950914,1.0682693910092742
2181,com.teegloyalty.timezone::245,1,developer_plus_third_party,1,9,1.092167518967638,0.9360934689472147,True,0.00016199578810950914,1.0682693910092742
2182,com.teegloyalty.timezone::245,1,developer_plus_third_party,0,9,1.092167518967638,0.9360934689472147,True,0.00016199578810950914,1.0682693910092742
2183,com.teegloyalty.timezone::245,1,developer_plus_third_party,0,9,1.092167518967638,0.9360934689472147,True,0.00016199578810950914,1.0682693910092742
2184,com.tempnumber.Temp_Number.Temp_Number::69,1,developer_plus_third_party,0,9,1.6599447241837333,0.9397354854502888,True,0.00016199578810950914,1.064129231558
2185,com.tempnumber.Temp_Number.Temp_Number::69,1,developer_plus_third_party,0,9,1.6599447241837333,0.9397354854502888,True,0.00016199578810950914,1.064129231558
2186,com.tempnumber.Temp_Number.Temp_Number::69,1,developer_plus_third_party,1,9,1.6599447241837333,0.9397354854502888,True,0.00016199578810950914,1.064129231558
2187,com.tempnumber.Temp_Number.Temp_Number::69,1,developer_plus_third_party,1,9,1.6599447241837333,0.9397354854502888,True,0.00016199578810950914,1.064129231558
2188,com.tempnumber.Temp_Number.Temp_Number::69,1,developer_plus_third_party,1,9,1.6599447241837333,0.9397354854502888,True,0.00016199578810950914,1.064129231558
2189,com.tempnumber.Temp_Number.Temp_Number::69,1,developer_plus_third_party,1,9,1.6599447241837333,0.9397354854502888,True,0.00016199578810950914,1.064129231558
2190,com.tempnumber.Temp_Number.Temp_Number::69,1,developer_plus_third_party,0,9,1.6599447241837333,0.9397354854502888,True,0.00016199578810950914,1.064129231558
2191,com.tempnumber.Temp_Number.Temp_Number::69,1,developer_plus_third_party,1,9,1.6599447241837333,0.9397354854502888,True,0.00016199578810950914,1.064129231558
2192,com.tempnumber.Temp_Number.Temp_Number::69,1,developer_plus_third_party,0,9,1.6599447241837333,0.9397354854502888,True,0.00016199578810950914,1.064129231558
2193,com.tempnumber.Temp_Number.Temp_Number::69,1,developer_plus_third_party,0,9,1.6599447241837333,0.9397354854502888,True,0.00016199578810950914,1.064129231558
2194,com.tempnumber.Temp_Number.Temp_Number::69,1,developer_plus_third_party,0,9,1.6599447241837333,0.9397354854502888,True,0.00016199578810950914,1.064129231558
2195,com.tempnumber.Temp_Number.Temp_Number::69,1,developer_plus_third_party,1,9,1.6599447241837333,0.9397354854502888,True,0.00016199578810950914,1.064129231558
2196,com.tempnumber.Temp_Number.Temp_Number::69,1,developer_plus_third_party,0,9,1.6599447241837333,0.9397354854502888,True,0.00016199578810950914,1.064129231558
2197,com.tempnumber.Temp_Number.Temp_Number::69,1,developer_plus_third_party,0,9,1.6599447241837333,0.9397354854502888,True,0.00016199578810950914,1.064129231558
2198,com.tempnumber.Temp_Number.Temp_Number::69,1,developer_plus_third_party,1,9,1.6599447241837333,0.9397354854502888,True,0.00016199578810950914,1.064129231558
2199,com.tempnumber.Temp_Number.Temp_Number::69,1,developer_plus_third_party,0,9,1.6599447241837333,0.9397354854502888,True,0.00016199578810950914,1.064129231558
2200,com.tempnumber.Temp_Number.Temp_Number::69,1,developer_plus_third_party,0,9,1.6599447241837333,0.9397354854502888,True,0.00016199578810950914,1.064129231558
2201,com.tempnumber.Temp_Number.Temp_Number::69,1,developer_plus_third_party,0,9,1.6599447241837333,0.9397354854502888,True,0.00016199578810950914,1.064129231558
2202,com.tempnumber.Temp_Number.Temp_Number::69,1,developer_plus_third_party,1,9,1.6599447241837333,0.9397354854502888,True,0.00016199578810950914,1.064129231558
2203,com.tempnumber.Temp_Number.Temp_Number::69,1,developer_plus_third_party,1,9,1.6599447241837333,0.9397354854502888,True,0.00016199578810950914,1.064129231558
2204,com.tempnumber.Temp_Number.Temp_Number::69,1,developer_plus_third_party,1,9,1.6599447241837333,0.9397354854502888,True,0.00016199578810950914,1.064129231558
2205,com.tempnumber.Temp_Number.Temp_Number::69,1,developer_plus_third_party,1,9,1.6599447241837333,0.9397354854502888,True,0.00016199578810950914,1.064129231558
2206,com.tempnumber.Temp_Number.Temp_Number::69,1,developer_plus_third_party,1,9,1.6599447241837333,0.9397354854502888,True,0.00016199578810950914,1.064129231558
2207,com.tempnumber.Temp_Number.Temp_Number::69,1,developer_plus_third_party,0,9,1.6599447241837333,0.9397354854502888,True,0.00016199578810950914,1.064129231558
2208,com.tempnumber.Temp_Number.Temp_Number::69,1,developer_plus_third_party,1,9,1.6599447241837333,0.9397354854502888,True,0.00016199578810950914,1.064129231558
2209,com.tempnumber.Temp_Number.Temp_Number::69,1,developer_plus_third_party,1,9,1.6599447241837333,0.9397354854502888,True,0.00016199578810950914,1.064129231558
2210,com.tempnumber.Temp_Number.Temp_Number::69,1,developer_plus_third_party,1,9,1.6599447241837333,0.9397354854502888,True,0.00016199578810950914,1.064129231558
2211,com.tempnumber.Temp_Number.Temp_Number::69,1,developer_plus_third_party,1,9,1.6599447241837333,0.9397354854502888,True,0.00016199578810950914,1.064129231558
2212,com.tempnumber.Temp_Number.Temp_Number::69,1,developer_plus_third_party,1,9,1.6599447241837333,0.9397354854502888,True,0.00016199578810950914,1.064129231558
2213,de.danoeh.antennapod::3080095,1,developer_plus_third_party,0,9,-0.29025482933873586,0.9263528581517614,True,0.0014579620929855823,1.0795022557550886
2214,de.danoeh.antennapod::3080095,1,developer_plus_third_party,0,9,-0.29025482933873586,0.9263528581517614,True,0.00016199578810950914,1.0795022557550886
2215,de.danoeh.antennapod::3080095,1,developer_plus_third_party,1,9,-0.29025482933873586,0.9263528581517614,True,0.00016199578810950914,1.0795022557550886
2216,de.danoeh.antennapod::3080095,1,developer_plus_third_party,0,9,-0.29025482933873586,0.9263528581517614,True,0.00016199578810950914,1.0795022557550886
2217,de.danoeh.antennapod::3080095,1,developer_plus_third_party,0,9,-0.29025482933873586,0.9263528581517614,True,0.00016199578810950914,1.0795022557550886
2218,de.danoeh.antennapod::3080095,1,developer_plus_third_party,1,9,-0.29025482933873586,0.9263528581517614,True,0.00016199578810950914,1.0795022557550886
2219,de.danoeh.antennapod::3080095,1,developer_plus_third_party,0,9,-0.29025482933873586,0.9263528581517614,True,0.00016199578810950914,1.0795022557550886
2220,de.danoeh.antennapod::3080095,1,developer_plus_third_party,0,9,-0.29025482933873586,0.9263528581517614,True,0.00016199578810950914,1.0795022557550886
2221,de.danoeh.antennapod::3080095,1,developer_plus_third_party,1,9,-0.29025482933873586,0.9263528581517614,True,0.00016199578810950914,1.0795022557550886
2222,de.danoeh.antennapod::3080095,1,developer_plus_third_party,0,9,-0.29025482933873586,0.9263528581517614,True,0.00016199578810950914,1.0795022557550886
2223,de.danoeh.antennapod::3080095,1,developer_plus_third_party,0,9,-0.29025482933873586,0.9263528581517614,True,0.00016199578810950914,1.0795022557550886
2224,de.danoeh.antennapod::3080095,1,developer_plus_third_party,0,9,-0.29025482933873586,0.9263528581517614,True,0.00016199578810950914,1.0795022557550886
2225,de.danoeh.antennapod::3080095,1,developer_plus_third_party,1,9,-0.29025482933873586,0.9263528581517614,True,0.00016199578810950914,1.0795022557550886
2226,de.danoeh.antennapod::3080095,1,developer_plus_third_party,0,9,-0.29025482933873586,0.9263528581517614,True,0.00016199578810950914,1.0795022557550886
2227,de.danoeh.antennapod::3080095,1,developer_plus_third_party,0,9,-0.29025482933873586,0.9263528581517614,True,0.00016199578810950914,1.0795022557550886
2228,de.danoeh.antennapod::3080095,1,developer_plus_third_party,1,9,-0.29025482933873586,0.9263528581517614,True,0.00016199578810950914,1.0795022557550886
2229,de.danoeh.antennapod::3080095,1,developer_plus_third_party,0,9,-0.29025482933873586,0.9263528581517614,True,0.00016199578810950914,1.0795022557550886
2230,de.danoeh.antennapod::3080095,1,developer_plus_third_party,0,9,-0.29025482933873586,0.9263528581517614,True,0.00016199578810950914,1.0795022557550886
2231,de.danoeh.antennapod::3080095,1,developer_plus_third_party,1,9,-0.29025482933873586,0.9263528581517614,True,0.00016199578810950914,1.0795022557550886
2232,de.danoeh.antennapod::3080095,1,developer_plus_third_party,0,9,-0.29025482933873586,0.9263528581517614,True,0.00016199578810950914,1.0795022557550886
2233,de.danoeh.antennapod::3080095,1,developer_plus_third_party,1,9,-0.29025482933873586,0.9263528581517614,True,0.00016199578810950914,1.0795022557550886
2234,de.danoeh.antennapod::3080095,1,developer_plus_third_party,1,9,-0.29025482933873586,0.9263528581517614,True,0.00016199578810950914,1.0795022557550886
2235,de.danoeh.antennapod::3080095,1,developer_plus_third_party,0,9,-0.29025482933873586,0.9263528581517614,True,0.00016199578810950914,1.0795022557550886
2236,de.danoeh.antennapod::3080095,1,developer_plus_third_party,1,9,-0.29025482933873586,0.9263528581517614,True,0.00016199578810950914,1.0795022557550886
2237,de.danoeh.antennapod::3080095,1,developer_plus_third_party,0,9,-0.29025482933873586,0.9263528581517614,True,0.00016199578810950914,1.0795022557550886
2238,de.danoeh.antennapod::3080095,1,developer_plus_third_party,0,9,-0.29025482933873586,0.9263528581517614,True,0.00016199578810950914,1.0795022557550886
2239,de.danoeh.antennapod::3080095,1,developer_plus_third_party,0,9,-0.29025482933873586,0.9263528581517614,True,0.00016199578810950914,1.0795022557550886
2240,de.danoeh.antennapod::3080095,1,developer_plus_third_party,1,9,-0.29025482933873586,0.9263528581517614,True,0.00016199578810950914,1.0795022557550886
2241,de.danoeh.antennapod::3080095,1,developer_plus_third_party,1,9,-0.29025482933873586,0.9263528581517614,True,0.00016199578810950914,1.0795022557550886
2242,de.danoeh.antennapod::3080095,1,developer_plus_third_party,0,9,-0.29025482933873586,0.9263528581517614,True,0.00016199578810950914,1.0795022557550886
2243,es.ottplayer.tv::16842877,1,developer_plus_third_party,0,9,-0.23257184237306538,0.9267853028807692,True,0.00016199578810950914,1.078998552190733
2244,es.ottplayer.tv::16842877,1,developer_plus_third_party,1,9,-0.23257184237306538,0.9267853028807692,True,0.00016199578810950914,1.078998552190733
2245,es.ottplayer.tv::16842877,1,developer_plus_third_party,0,9,-0.23257184237306538,0.9267853028807692,True,0.00016199578810950914,1.078998552190733
2246,es.ottplayer.tv::16842877,1,developer_plus_third_party,0,9,-0.23257184237306538,0.9267853028807692,True,0.00016199578810950914,1.078998552190733
2247,es.ottplayer.tv::16842877,1,developer_plus_third_party,1,9,-0.23257184237306538,0.9267853028807692,True,0.00016199578810950914,1.078998552190733
2248,es.ottplayer.tv::16842877,1,developer_plus_third_party,0,9,-0.23257184237306538,0.9267853028807692,True,0.00016199578810950914,1.078998552190733
2249,es.ottplayer.tv::16842877,1,developer_plus_third_party,1,9,-0.23257184237306538,0.9267853028807692,True,0.00016199578810950914,1.078998552190733
2250,es.ottplayer.tv::16842877,1,developer_plus_third_party,1,9,-0.23257184237306538,0.9267853028807692,True,0.00016199578810950914,1.078998552190733
2251,es.ottplayer.tv::16842877,1,developer_plus_third_party,0,9,-0.23257184237306538,0.9267853028807692,True,0.00016199578810950914,1.078998552190733
2252,es.ottplayer.tv::16842877,1,developer_plus_third_party,1,9,-0.23257184237306538,0.9267853028807692,True,0.00016199578810950914,1.078998552190733
2253,es.ottplayer.tv::16842877,1,developer_plus_third_party,0,9,-0.23257184237306538,0.9267853028807692,True,0.00016199578810950914,1.078998552190733
2254,es.ottplayer.tv::16842877,1,developer_plus_third_party,0,9,-0.23257184237306538,0.9267853028807692,True,0.00016199578810950914,1.078998552190733
2255,es.ottplayer.tv::16842877,1,developer_plus_third_party,0,9,-0.23257184237306538,0.9267853028807692,True,0.00016199578810950914,1.078998552190733
2256,es.ottplayer.tv::16842877,1,developer_plus_third_party,0,9,-0.23257184237306538,0.9267853028807692,True,0.00016199578810950914,1.078998552190733
2257,es.ottplayer.tv::16842877,1,developer_plus_third_party,0,9,-0.23257184237306538,0.9267853028807692,True,0.00016199578810950914,1.078998552190733
2258,es.ottplayer.tv::16842877,1,developer_plus_third_party,0,9,-0.23257184237306538,0.9267853028807692,True,0.00016199578810950914,1.078998552190733
2259,es.ottplayer.tv::16842877,1,developer_plus_third_party,1,9,-0.23257184237306538,0.9267853028807692,True,0.00016199578810950914,1.078998552190733
2260,es.ottplayer.tv::16842877,1,developer_plus_third_party,1,9,-0.23257184237306538,0.9267853028807692,True,0.00016199578810950914,1.078998552190733
2261,es.ottplayer.tv::16842877,1,developer_plus_third_party,0,9,-0.23257184237306538,0.9267853028807692,True,0.00016199578810950914,1.078998552190733
2262,es.ottplayer.tv::16842877,1,developer_plus_third_party,0,9,-0.23257184237306538,0.9267853028807692,True,0.00016199578810950914,1.078998552190733
2263,es.ottplayer.tv::16842877,1,developer_plus_third_party,1,9,-0.23257184237306538,0.9267853028807692,True,0.00016199578810950914,1.078998552190733
2264,es.ottplayer.tv::16842877,1,developer_plus_third_party,0,9,-0.23257184237306538,0.9267853028807692,True,0.00016199578810950914,1.078998552190733
2265,es.ottplayer.tv::16842877,1,developer_plus_third_party,0,9,-0.23257184237306538,0.9267853028807692,True,0.00016199578810950914,1.078998552190733
2266,es.ottplayer.tv::16842877,1,developer_plus_third_party,1,9,-0.23257184237306538,0.9267853028807692,True,0.00016199578810950914,1.078998552190733
2267,it.creaweb.ucicinemas::61,1,developer_plus_third_party,0,9,-0.4626093004475929,0.9250466880082041,True,0.00016199578810950914,1.0810265178649352
2268,it.creaweb.ucicinemas::61,1,developer_plus_third_party,0,9,-0.4626093004475929,0.9250466880082041,True,0.00016199578810950914,1.0810265178649352
2269,it.creaweb.ucicinemas::61,1,developer_plus_third_party,1,9,-0.4626093004475929,0.9250466880082041,True,0.00016199578810950914,1.0810265178649352
2270,it.creaweb.ucicinemas::61,1,developer_plus_third_party,0,9,-0.4626093004475929,0.9250466880082041,True,0.00016199578810950914,1.0810265178649352
2271,it.creaweb.ucicinemas::61,1,developer_plus_third_party,0,9,-0.4626093004475929,0.9250466880082041,True,0.00016199578810950914,1.0810265178649352
2272,it.creaweb.ucicinemas::61,1,developer_plus_third_party,0,9,-0.4626093004475929,0.9250466880082041,True,0.00016199578810950914,1.0810265178649352
2273,it.creaweb.ucicinemas::61,1,developer_plus_third_party,1,9,-0.4626093004475929,0.9250466880082041,True,0.00016199578810950914,1.0810265178649352
2274,it.creaweb.ucicinemas::61,1,developer_plus_third_party,0,9,-0.4626093004475929,0.9250466880082041,True,0.00016199578810950914,1.0810265178649352
2275,it.creaweb.ucicinemas::61,1,developer_plus_third_party,0,9,-0.4626093004475929,0.9250466880082041,True,0.00016199578810950914,1.0810265178649352
2276,it.creaweb.ucicinemas::61,1,developer_plus_third_party,1,9,-0.4626093004475929,0.9250466880082041,True,0.00016199578810950914,1.0810265178649352
2277,it.creaweb.ucicinemas::61,1,developer_plus_third_party,1,9,-0.4626093004475929,0.9250466880082041,True,0.00016199578810950914,1.0810265178649352
2278,it.creaweb.ucicinemas::61,1,developer_plus_third_party,1,9,-0.4626093004475929,0.9250466880082041,True,0.00016199578810950914,1.0810265178649352
2279,it.creaweb.ucicinemas::61,1,developer_plus_third_party,1,9,-0.4626093004475929,0.9250466880082041,True,0.00016199578810950914,1.0810265178649352
2280,it.creaweb.ucicinemas::61,1,developer_plus_third_party,1,9,-0.4626093004475929,0.9250466880082041,True,0.00016199578810950914,1.0810265178649352
2281,it.creaweb.ucicinemas::61,1,developer_plus_third_party,1,9,-0.4626093004475929,0.9250466880082041,True,0.00016199578810950914,1.0810265178649352
2282,it.creaweb.ucicinemas::61,1,developer_plus_third_party,1,9,-0.4626093004475929,0.9250466880082041,True,0.00016199578810950914,1.0810265178649352
2283,it.creaweb.ucicinemas::61,1,developer_plus_third_party,1,9,-0.4626093004475929,0.9250466880082041,True,0.00016199578810950914,1.0810265178649352
2284,it.creaweb.ucicinemas::61,1,developer_plus_third_party,1,9,-0.4626093004475929,0.9250466880082041,True,0.00016199578810950914,1.0810265178649352
2285,it.creaweb.ucicinemas::61,1,developer_plus_third_party,1,9,-0.4626093004475929,0.9250466880082041,True,0.00016199578810950914,1.0810265178649352
2286,it.creaweb.ucicinemas::61,1,developer_plus_third_party,1,9,-0.4626093004475929,0.9250466880082041,True,0.00016199578810950914,1.0810265178649352
2287,it.creaweb.ucicinemas::61,1,developer_plus_third_party,1,9,-0.4626093004475929,0.9250466880082041,True,0.00016199578810950914,1.0810265178649352
2288,it.creaweb.ucicinemas::61,1,developer_plus_third_party,1,9,-0.4626093004475929,0.9250466880082041,True,0.00016199578810950914,1.0810265178649352
2289,it.creaweb.ucicinemas::61,1,developer_plus_third_party,1,9,-0.4626093004475929,0.9250466880082041,True,0.00016199578810950914,1.0810265178649352
2290,it.creaweb.ucicinemas::61,1,developer_plus_third_party,1,9,-0.4626093004475929,0.9250466880082041,True,0.00016199578810950914,1.0810265178649352
2291,it.creaweb.ucicinemas::61,1,developer_plus_third_party,1,9,-0.4626093004475929,0.9250466880082041,True,0.00016199578810950914,1.0810265178649352
2292,it.creaweb.ucicinemas::61,1,developer_plus_third_party,1,9,-0.4626093004475929,0.9250466880082041,True,0.00016199578810950914,1.0810265178649352
2293,it.creaweb.ucicinemas::61,1,developer_plus_third_party,1,9,-0.4626093004475929,0.9250466880082041,True,0.00016199578810950914,1.0810265178649352
2294,it.creaweb.ucicinemas::61,1,developer_plus_third_party,1,9,-0.4626093004475929,0.9250466880082041,True,0.00016199578810950914,1.0810265178649352
2295,it.creaweb.ucicinemas::61,1,developer_plus_third_party,0,9,-0.4626093004475929,0.9250466880082041,True,0.00016199578810950914,1.0810265178649352
2296,it.creaweb.ucicinemas::61,1,developer_plus_third_party,0,9,-0.4626093004475929,0.9250466880082041,True,0.00016199578810950914,1.0810265178649352
2297,it.creaweb.ucicinemas::61,1,developer_plus_third_party,0,9,-0.4626093004475929,0.9250466880082041,True,0.00016199578810950914,1.0810265178649352
2298,it.creaweb.ucicinemas::61,1,developer_plus_third_party,0,9,-0.4626093004475929,0.9250466880082041,True,0.00016199578810950914,1.0810265178649352
2299,it.creaweb.ucicinemas::61,1,developer_plus_third_party,0,9,-0.4626093004475929,0.9250466880082041,True,0.00016199578810950914,1.0810265178649352
2300,it.creaweb.ucicinemas::61,1,developer_plus_third_party,0,9,-0.4626093004475929,0.9250466880082041,True,0.00016199578810950914,1.0810265178649352
2301,it.creaweb.ucicinemas::61,1,developer_plus_third_party,0,9,-0.4626093004475929,0.9250466880082041,True,0.00016199578810950914,1.0810265178649352
2302,it.creaweb.ucicinemas::61,1,developer_plus_third_party,0,9,-0.4626093004475929,0.9250466880082041,True,0.00016199578810950914,1.0810265178649352
2303,it.creaweb.ucicinemas::61,1,developer_plus_third_party,0,9,-0.4626093004475929,0.9250466880082041,True,0.00016199578810950914,1.0810265178649352
2304,it.creaweb.ucicinemas::61,1,developer_plus_third_party,0,9,-0.4626093004475929,0.9250466880082041,True,0.00016199578810950914,1.0810265178649352
2305,it.creaweb.ucicinemas::61,1,developer_plus_third_party,0,9,-0.4626093004475929,0.9250466880082041,True,0.00016199578810950914,1.0810265178649352
2306,it.creaweb.ucicinemas::61,1,developer_plus_third_party,0,9,-0.4626093004475929,0.9250466880082041,True,0.00016199578810950914,1.0810265178649352
2307,it.creaweb.ucicinemas::61,1,developer_plus_third_party,0,9,-0.4626093004475929,0.9250466880082041,True,0.00016199578810950914,1.0810265178649352
2308,org.solovyev.android.calculator::164,1,developer_plus_third_party,1,9,-0.48247108136443156,0.9248948068401267,True,0.00016199578810950914,1.0812040381289065
2309,org.solovyev.android.calculator::164,1,developer_plus_third_party,1,9,-0.48247108136443156,0.9248948068401267,True,0.00016199578810950914,1.0812040381289065
2310,org.solovyev.android.calculator::164,1,developer_plus_third_party,1,9,-0.48247108136443156,0.9248948068401267,True,0.00016199578810950914,1.0812040381289065
2311,org.solovyev.android.calculator::164,1,developer_plus_third_party,1,9,-0.48247108136443156,0.9248948068401267,True,0.00016199578810950914,1.0812040381289065
2312,org.solovyev.android.calculator::164,1,developer_plus_third_party,1,9,-0.48247108136443156,0.9248948068401267,True,0.00016199578810950914,1.0812040381289065
2313,org.solovyev.android.calculator::164,1,developer_plus_third_party,1,9,-0.48247108136443156,0.9248948068401267,True,0.00016199578810950914,1.0812040381289065
2314,org.solovyev.android.calculator::164,1,developer_plus_third_party,0,9,-0.48247108136443156,0.9248948068401267,True,0.00016199578810950914,1.0812040381289065
2315,org.solovyev.android.calculator::164,1,developer_plus_third_party,1,9,-0.48247108136443156,0.9248948068401267,True,0.00016199578810950914,1.0812040381289065
2316,pt.cp.mobiapp::285,1,developer_plus_third_party,0,9,0.6581129086412821,0.9331719721114928,True,0.00016199578810950914,1.071613839555527
2317,pt.cp.mobiapp::285,1,developer_plus_third_party,1,9,0.6581129086412821,0.9331719721114928,True,0.00016199578810950914,1.071613839555527
2318,pt.cp.mobiapp::285,1,developer_plus_third_party,0,9,0.6581129086412821,0.9331719721114928,True,0.00016199578810950914,1.071613839555527
2319,pt.cp.mobiapp::285,1,developer_plus_third_party,1,9,0.6581129086412821,0.9331719721114928,True,0.00016199578810950914,1.071613839555527
2320,pt.cp.mobiapp::285,1,developer_plus_third_party,0,9,0.6581129086412821,0.9331719721114928,True,0.00016199578810950914,1.071613839555527
2321,pt.cp.mobiapp::285,1,developer_plus_third_party,0,9,0.6581129086412821,0.9331719721114928,True,0.00016199578810950914,1.071613839555527
2322,pt.cp.mobiapp::285,1,developer_plus_third_party,0,9,0.6581129086412821,0.9331719721114928,True,0.00016199578810950914,1.071613839555527
2323,pt.cp.mobiapp::285,1,developer_plus_third_party,1,9,0.6581129086412821,0.9331719721114928,True,0.00016199578810950914,1.071613839555527
2324,pt.cp.mobiapp::285,1,developer_plus_third_party,0,9,0.6581129086412821,0.9331719721114928,True,0.00016199578810950914,1.071613839555527
2325,pt.cp.mobiapp::285,1,developer_plus_third_party,0,9,0.6581129086412821,0.9331719721114928,True,0.00016199578810950914,1.071613839555527
2326,pt.cp.mobiapp::285,1,developer_plus_third_party,0,9,0.6581129086412821,0.9331719721114928,True,0.00016199578810950914,1.071613839555527
2327,pt.cp.mobiapp::285,1,developer_plus_third_party,0,9,0.6581129086412821,0.9331719721114928,True,0.00016199578810950914,1.071613839555527
2328,pt.cp.mobiapp::285,1,developer_plus_third_party,1,9,0.6581129086412821,0.9331719721114928,True,0.00016199578810950914,1.071613839555527
2329,pt.cp.mobiapp::285,1,developer_plus_third_party,0,9,0.6581129086412821,0.9331719721114928,True,0.00016199578810950914,1.071613839555527
2330,pt.cp.mobiapp::285,1,developer_plus_third_party,0,9,0.6581129086412821,0.9331719721114928,True,0.00016199578810950914,1.071613839555527
2331,pt.cp.mobiapp::285,1,developer_plus_third_party,1,9,0.6581129086412821,0.9331719721114928,True,0.00016199578810950914,1.071613839555527
2332,pt.cp.mobiapp::285,1,developer_plus_third_party,0,9,0.6581129086412821,0.9331719721114928,True,0.00016199578810950914,1.071613839555527
2333,pt.cp.mobiapp::285,1,developer_plus_third_party,0,9,0.6581129086412821,0.9331719721114928,True,0.00016199578810950914,1.071613839555527
2334,pt.cp.mobiapp::285,1,developer_plus_third_party,0,9,0.6581129086412821,0.9331719721114928,True,0.00016199578810950914,1.071613839555527
2335,pt.cp.mobiapp::285,1,developer_plus_third_party,0,9,0.6581129086412821,0.9331719721114928,True,0.00016199578810950914,1.071613839555527
2336,pt.cp.mobiapp::285,1,developer_plus_third_party,0,9,0.6581129086412821,0.9331719721114928,True,0.00016199578810950914,1.071613839555527
2337,pt.cp.mobiapp::285,1,developer_plus_third_party,1,9,0.6581129086412821,0.9331719721114928,True,0.00016199578810950914,1.071613839555527
2338,pt.cp.mobiapp::285,1,developer_plus_third_party,0,9,0.6581129086412821,0.9331719721114928,True,0.00016199578810950914,1.071613839555527
2339,pt.cp.mobiapp::285,1,developer_plus_third_party,0,9,0.6581129086412821,0.9331719721114928,True,0.00016199578810950914,1.071613839555527
2340,pt.cp.mobiapp::285,1,developer_plus_third_party,1,9,0.6581129086412821,0.9331719721114928,True,0.00016199578810950914,1.071613839555527
2341,pt.cp.mobiapp::285,1,developer_plus_third_party,1,9,0.6581129086412821,0.9331719721114928,True,0.00016199578810950914,1.071613839555527
2342,pt.cp.mobiapp::285,1,developer_plus_third_party,1,9,0.6581129086412821,0.9331719721114928,True,0.00016199578810950914,1.071613839555527
2343,pt.cp.mobiapp::285,1,developer_plus_third_party,0,9,0.6581129086412821,0.9331719721114928,True,0.00016199578810950914,1.071613839555527
2344,pt.cp.mobiapp::285,1,developer_plus_third_party,1,9,0.6581129086412821,0.9331719721114928,True,0.00016199578810950914,1.071613839555527
2345,pt.cp.mobiapp::285,1,developer_plus_third_party,1,9,0.6581129086412821,0.9331719721114928,True,0.00016199578810950914,1.071613839555527
2346,pt.cp.mobiapp::285,1,developer_plus_third_party,1,9,0.6581129086412821,0.9331719721114928,True,0.00016199578810950914,1.071613839555527
2347,pt.cp.mobiapp::285,1,developer_plus_third_party,1,9,0.6581129086412821,0.9331719721114928,True,0.00016199578810950914,1.071613839555527
2348,pt.cp.mobiapp::285,1,developer_plus_third_party,1,9,0.6581129086412821,0.9331719721114928,True,0.00016199578810950914,1.071613839555527
2349,pt.cp.mobiapp::285,1,developer_plus_third_party,1,9,0.6581129086412821,0.9331719721114928,True,0.00016199578810950914,1.071613839555527
2350,pt.cp.mobiapp::285,1,developer_plus_third_party,1,9,0.6581129086412821,0.9331719721114928,True,0.00016199578810950914,1.071613839555527
2351,pt.cp.mobiapp::285,1,developer_plus_third_party,1,9,0.6581129086412821,0.9331719721114928,True,0.00016199578810950914,1.071613839555527
2352,pt.cp.mobiapp::285,1,developer_plus_third_party,0,9,0.6581129086412821,0.9331719721114928,True,0.00016199578810950914,1.071613839555527
2353,pt.iol.tviplayer.android::314,1,developer_plus_third_party,0,9,0.5427563400755938,0.9323749289514113,True,0.00016199578810950914,1.072529911464525
2354,pt.iol.tviplayer.android::314,1,developer_plus_third_party,1,9,0.5427563400755938,0.9323749289514113,True,0.00016199578810950914,1.072529911464525
2355,pt.iol.tviplayer.android::314,1,developer_plus_third_party,1,9,0.5427563400755938,0.9323749289514113,True,0.00016199578810950914,1.072529911464525
2356,pt.iol.tviplayer.android::314,1,developer_plus_third_party,1,9,0.5427563400755938,0.9323749289514113,True,0.00016199578810950914,1.072529911464525
2357,pt.iol.tviplayer.android::314,1,developer_plus_third_party,1,9,0.5427563400755938,0.9323749289514113,True,0.00016199578810950914,1.072529911464525
2358,pt.iol.tviplayer.android::314,1,developer_plus_third_party,1,9,0.5427563400755938,0.9323749289514113,True,0.00016199578810950914,1.072529911464525
2359,pt.iol.tviplayer.android::314,1,developer_plus_third_party,1,9,0.5427563400755938,0.9323749289514113,True,0.00016199578810950914,1.072529911464525
2360,pt.iol.tviplayer.android::314,1,developer_plus_third_party,1,9,0.5427563400755938,0.9323749289514113,True,0.00016199578810950914,1.072529911464525
2361,pt.iol.tviplayer.android::314,1,developer_plus_third_party,1,9,0.5427563400755938,0.9323749289514113,True,0.00016199578810950914,1.072529911464525
2362,pt.iol.tviplayer.android::314,1,developer_plus_third_party,1,9,0.5427563400755938,0.9323749289514113,True,0.00016199578810950914,1.072529911464525
2363,pt.iol.tviplayer.android::314,1,developer_plus_third_party,1,9,0.5427563400755938,0.9323749289514113,True,0.00016199578810950914,1.072529911464525
2364,pt.iol.tviplayer.android::314,1,developer_plus_third_party,0,9,0.5427563400755938,0.9323749289514113,True,0.00016199578810950914,1.072529911464525
2365,pt.iol.tviplayer.android::314,1,developer_plus_third_party,0,9,0.5427563400755938,0.9323749289514113,True,0.00016199578810950914,1.072529911464525
2366,pt.iol.tviplayer.android::314,1,developer_plus_third_party,0,9,0.5427563400755938,0.9323749289514113,True,0.00016199578810950914,1.072529911464525
2367,pt.iol.tviplayer.android::314,1,developer_plus_third_party,0,9,0.5427563400755938,0.9323749289514113,True,0.00016199578810950914,1.072529911464525
2368,pt.iol.tviplayer.android::314,1,developer_plus_third_party,0,9,0.5427563400755938,0.9323749289514113,True,0.00016199578810950914,1.072529911464525
2369,pt.iol.tviplayer.android::314,1,developer_plus_third_party,0,9,0.5427563400755938,0.9323749289514113,True,0.00016199578810950914,1.072529911464525
2370,pt.iol.tviplayer.android::314,1,developer_plus_third_party,0,9,0.5427563400755938,0.9323749289514113,True,0.00016199578810950914,1.072529911464525
2371,pt.iol.tviplayer.android::314,1,developer_plus_third_party,0,9,0.5427563400755938,0.9323749289514113,True,0.00016199578810950914,1.072529911464525
2372,pt.iol.tviplayer.android::314,1,developer_plus_third_party,0,9,0.5427563400755938,0.9323749289514113,True,0.00016199578810950914,1.072529911464525
2373,pt.iol.tviplayer.android::314,1,developer_plus_third_party,0,9,0.5427563400755938,0.9323749289514113,True,0.00016199578810950914,1.072529911464525
2374,pt.iol.tviplayer.android::314,1,developer_plus_third_party,0,9,0.5427563400755938,0.9323749289514113,True,0.00016199578810950914,1.072529911464525
2375,pt.iol.tviplayer.android::314,1,developer_plus_third_party,0,9,0.5427563400755938,0.9323749289514113,True,0.00016199578810950914,1.072529911464525
2376,pt.iol.tviplayer.android::314,1,developer_plus_third_party,0,9,0.5427563400755938,0.9323749289514113,True,0.00016199578810950914,1.072529911464525
2377,pt.iol.tviplayer.android::314,1,developer_plus_third_party,0,9,0.5427563400755938,0.9323749289514113,True,0.00016199578810950914,1.072529911464525
2378,pt.iol.tviplayer.android::314,1,developer_plus_third_party,0,9,0.5427563400755938,0.9323749289514113,True,0.00016199578810950914,1.072529911464525
2379,sportsguru.ipl.cricket.expert::10,1,developer_plus_third_party,1,9,0.1728002613244672,0.9297589310374319,True,0.00016199578810950914,1.0755476141371318
2380,sportsguru.ipl.cricket.expert::10,1,developer_plus_third_party,0,9,0.1728002613244672,0.9297589310374319,True,0.00016199578810950914,1.0755476141371318
2381,sportsguru.ipl.cricket.expert::10,1,developer_plus_third_party,1,9,0.1728002613244672,0.9297589310374319,True,0.00016199578810950914,1.0755476141371318
2382,sportsguru.ipl.cricket.expert::10,1,developer_plus_third_party,1,9,0.1728002613244672,0.9297589310374319,True,0.00016199578810950914,1.0755476141371318
2383,sportsguru.ipl.cricket.expert::10,1,developer_plus_third_party,1,9,0.1728002613244672,0.9297589310374319,True,0.00016199578810950914,1.0755476141371318
2384,sportsguru.ipl.cricket.expert::10,1,developer_plus_third_party,1,9,0.1728002613244672,0.9297589310374319,True,0.00016199578810950914,1.0755476141371318
2385,sportsguru.ipl.cricket.expert::10,1,developer_plus_third_party,1,9,0.1728002613244672,0.9297589310374319,True,0.00016199578810950914,1.0755476141371318
2386,sportsguru.ipl.cricket.expert::10,1,developer_plus_third_party,1,9,0.1728002613244672,0.9297589310374319,True,0.00016199578810950914,1.0755476141371318
2387,sportsguru.ipl.cricket.expert::10,1,developer_plus_third_party,1,9,0.1728002613244672,0.9297589310374319,True,0.00016199578810950914,1.0755476141371318
2388,sportsguru.ipl.cricket.expert::10,1,developer_plus_third_party,1,9,0.1728002613244672,0.9297589310374319,True,0.00016199578810950914,1.0755476141371318
2389,sportsguru.ipl.cricket.expert::10,1,developer_plus_third_party,1,9,0.1728002613244672,0.9297589310374319,True,0.00016199578810950914,1.0755476141371318
2390,sportsguru.ipl.cricket.expert::10,1,developer_plus_third_party,1,9,0.1728002613244672,0.9297589310374319,True,0.00016199578810950914,1.0755476141371318
2391,sportsguru.ipl.cricket.expert::10,1,developer_plus_third_party,0,9,0.1728002613244672,0.9297589310374319,True,0.00016199578810950914,1.0755476141371318
2392,sportsguru.ipl.cricket.expert::10,1,developer_plus_third_party,1,9,0.1728002613244672,0.9297589310374319,True,0.00016199578810950914,1.0755476141371318
2393,sportsguru.ipl.cricket.expert::10,1,developer_plus_third_party,1,9,0.1728002613244672,0.9297589310374319,True,0.00016199578810950914,1.0755476141371318
2394,sportsguru.ipl.cricket.expert::10,1,developer_plus_third_party,1,9,0.1728002613244672,0.9297589310374319,True,0.00016199578810950914,1.0755476141371318
2395,sportsguru.ipl.cricket.expert::10,1,developer_plus_third_party,0,9,0.1728002613244672,0.9297589310374319,True,0.00016199578810950914,1.0755476141371318
2396,sportsguru.ipl.cricket.expert::10,1,developer_plus_third_party,0,9,0.1728002613244672,0.9297589310374319,True,0.00016199578810950914,1.0755476141371318
2397,sportsguru.ipl.cricket.expert::10,1,developer_plus_third_party,0,9,0.1728002613244672,0.9297589310374319,True,0.00016199578810950914,1.0755476141371318
2398,sportsguru.ipl.cricket.expert::10,1,developer_plus_third_party,0,9,0.1728002613244672,0.9297589310374319,True,0.00016199578810950914,1.0755476141371318
2399,sportsguru.ipl.cricket.expert::10,1,developer_plus_third_party,0,9,0.1728002613244672,0.9297589310374319,True,0.00016199578810950914,1.0755476141371318
2400,sportsguru.ipl.cricket.expert::10,1,developer_plus_third_party,0,9,0.1728002613244672,0.9297589310374319,True,0.00016199578810950914,1.0755476141371318
2401,sportsguru.ipl.cricket.expert::10,1,developer_plus_third_party,0,9,0.1728002613244672,0.9297589310374319,True,0.00016199578810950914,1.0755476141371318
2402,sportsguru.ipl.cricket.expert::10,1,developer_plus_third_party,0,9,0.1728002613244672,0.9297589310374319,True,0.00016199578810950914,1.0755476141371318
2403,sportsguru.ipl.cricket.expert::10,1,developer_plus_third_party,0,9,0.1728002613244672,0.9297589310374319,True,0.00016199578810950914,1.0755476141371318
2404,sportsguru.ipl.cricket.expert::10,1,developer_plus_third_party,0,9,0.1728002613244672,0.9297589310374319,True,0.00016199578810950914,1.0755476141371318
2405,sportsguru.ipl.cricket.expert::10,1,developer_plus_third_party,0,9,0.1728002613244672,0.9297589310374319,True,0.00016199578810950914,1.0755476141371318
2406,sportsguru.ipl.cricket.expert::10,1,developer_plus_third_party,0,9,0.1728002613244672,0.9297589310374319,True,0.00016199578810950914,1.0755476141371318
2407,sportsguru.ipl.cricket.expert::10,1,developer_plus_third_party,0,9,0.1728002613244672,0.9297589310374319,True,0.00016199578810950914,1.0755476141371318
2408,sportsguru.ipl.cricket.expert::10,1,developer_plus_third_party,0,9,0.1728002613244672,0.9297589310374319,True,0.00016199578810950914,1.0755476141371318
2409,sportsguru.ipl.cricket.expert::10,1,developer_plus_third_party,0,9,0.1728002613244672,0.9297589310374319,True,0.00016199578810950914,1.0755476141371318
2410,sportsguru.ipl.cricket.expert::10,1,developer_plus_third_party,0,9,0.1728002613244672,0.9297589310374319,True,0.00016199578810950914,1.0755476141371318
2411,sportsguru.ipl.cricket.expert::10,1,developer_plus_third_party,0,9,0.1728002613244672,0.9297589310374319,True,0.00016199578810950914,1.0755476141371318
2412,sportsguru.ipl.cricket.expert::10,1,developer_plus_third_party,0,9,0.1728002613244672,0.9297589310374319,True,0.00016199578810950914,1.0755476141371318
2413,sportsguru.ipl.cricket.expert::10,1,developer_plus_third_party,0,9,0.1728002613244672,0.9297589310374319,True,0.00016199578810950914,1.0755476141371318
2414,sportsguru.ipl.cricket.expert::10,1,developer_plus_third_party,0,9,0.1728002613244672,0.9297589310374319,True,0.00016199578810950914,1.0755476141371318
2415,sportsguru.ipl.cricket.expert::10,1,developer_plus_third_party,0,9,0.1728002613244672,0.9297589310374319,True,0.00016199578810950914,1.0755476141371318
2416,sportsguru.ipl.cricket.expert::10,1,developer_plus_third_party,0,9,0.1728002613244672,0.9297589310374319,True,0.00016199578810950914,1.0755476141371318
2417,sportsguru.ipl.cricket.expert::10,1,developer_plus_third_party,0,9,0.1728002613244672,0.9297589310374319,True,0.00016199578810950914,1.0755476141371318
2418,sportsguru.ipl.cricket.expert::10,1,developer_plus_third_party,0,9,0.1728002613244672,0.9297589310374319,True,0.00016199578810950914,1.0755476141371318
2419,sportsguru.ipl.cricket.expert::10,1,developer_plus_third_party,0,9,0.1728002613244672,0.9297589310374319,True,0.00016199578810950914,1.0755476141371318
2420,sportsguru.ipl.cricket.expert::10,1,developer_plus_third_party,0,9,0.1728002613244672,0.9297589310374319,True,0.00016199578810950914,1.0755476141371318
2421,sportsguru.ipl.cricket.expert::10,1,developer_plus_third_party,0,9,0.1728002613244672,0.9297589310374319,True,0.00016199578810950914,1.0755476141371318
2422,sportsguru.ipl.cricket.expert::10,1,developer_plus_third_party,0,9,0.1728002613244672,0.9297589310374319,True,0.00016199578810950914,1.0755476141371318
2423,sportsguru.ipl.cricket.expert::10,1,developer_plus_third_party,0,9,0.1728002613244672,0.9297589310374319,True,0.00016199578810950914,1.0755476141371318
2424,sportsguru.ipl.cricket.expert::10,1,developer_plus_third_party,0,9,0.1728002613244672,0.9297589310374319,True,0.00016199578810950914,1.0755476141371318
2425,sportsguru.ipl.cricket.expert::10,1,developer_plus_third_party,0,9,0.1728002613244672,0.9297589310374319,True,0.00016199578810950914,1.0755476141371318
2426,sportsguru.ipl.cricket.expert::10,1,developer_plus_third_party,0,9,0.1728002613244672,0.9297589310374319,True,0.00016199578810950914,1.0755476141371318
2427,sportsguru.ipl.cricket.expert::10,1,developer_plus_third_party,0,9,0.1728002613244672,0.9297589310374319,True,0.00016199578810950914,1.0755476141371318
2428,chat.butler.panel::88,1,developer_plus_third_party,0,3,-0.091444813082526,0.9091083862965297,True,0.00016199578810950914,1.0999788529877488
2429,chat.butler.panel::88,1,developer_plus_third_party,0,3,-0.091444813082526,0.9091083862965297,True,0.00016199578810950914,1.0999788529877488
2430,chat.butler.panel::88,1,developer_plus_third_party,1,3,-0.091444813082526,0.9091083862965297,True,0.00016199578810950914,1.0999788529877488
2431,chat.butler.panel::88,1,developer_plus_third_party,1,3,-0.091444813082526,0.9091083862965297,True,0.00016199578810950914,1.0999788529877488
2432,chat.butler.panel::88,1,developer_plus_third_party,0,3,-0.091444813082526,0.9091083862965297,True,0.00016199578810950914,1.0999788529877488
2433,chat.butler.panel::88,1,developer_plus_third_party,0,3,-0.091444813082526,0.9091083862965297,True,0.00016199578810950914,1.0999788529877488
2434,chat.butler.panel::88,1,developer_plus_third_party,0,3,-0.091444813082526,0.9091083862965297,True,0.00016199578810950914,1.0999788529877488
2435,chat.butler.panel::88,1,developer_plus_third_party,1,3,-0.091444813082526,0.9091083862965297,True,0.00016199578810950914,1.0999788529877488
2436,chat.butler.panel::88,1,developer_plus_third_party,0,3,-0.091444813082526,0.9091083862965297,True,0.00016199578810950914,1.0999788529877488
2437,chat.butler.panel::88,1,developer_plus_third_party,1,3,-0.091444813082526,0.9091083862965297,True,0.00016199578810950914,1.0999788529877488
2438,chat.butler.panel::88,1,developer_plus_third_party,0,3,-0.091444813082526,0.9091083862965297,True,0.00016199578810950914,1.0999788529877488
2439,chat.butler.panel::88,1,developer_plus_third_party,0,3,-0.091444813082526,0.9091083862965297,True,0.00016199578810950914,1.0999788529877488
2440,chat.butler.panel::88,1,developer_plus_third_party,0,3,-0.091444813082526,0.9091083862965297,True,0.00016199578810950914,1.0999788529877488
2441,chat.butler.panel::88,1,developer_plus_third_party,0,3,-0.091444813082526,0.9091083862965297,True,0.00016199578810950914,1.0999788529877488
2442,chat.butler.panel::88,1,developer_plus_third_party,0,3,-0.091444813082526,0.9091083862965297,True,0.00016199578810950914,1.0999788529877488
2443,chat.butler.panel::88,1,developer_plus_third_party,1,3,-0.091444813082526,0.9091083862965297,True,0.00016199578810950914,1.0999788529877488
2444,chat.butler.panel::88,1,developer_plus_third_party,1,3,-0.091444813082526,0.9091083862965297,True,0.00016199578810950914,1.0999788529877488
2445,chat.butler.panel::88,1,developer_plus_third_party,1,3,-0.091444813082526,0.9091083862965297,True,0.00016199578810950914,1.0999788529877488
2446,chat.butler.panel::88,1,developer_plus_third_party,0,3,-0.091444813082526,0.9091083862965297,True,0.00016199578810950914,1.0999788529877488
2447,chat.butler.panel::88,1,developer_plus_third_party,0,3,-0.091444813082526,0.9091083862965297,True,0.00016199578810950914,1.0999788529877488
2448,chat.butler.panel::88,1,developer_plus_third_party,1,3,-0.091444813082526,0.9091083862965297,True,0.00016199578810950914,1.0999788529877488
2449,chat.butler.panel::88,1,developer_plus_third_party,0,3,-0.091444813082526,0.9091083862965297,True,0.00016199578810950914,1.0999788529877488
2450,chat.butler.panel::88,1,developer_plus_third_party,1,3,-0.091444813082526,0.9091083862965297,True,0.00016199578810950914,1.0999788529877488
2451,chat.butler.panel::88,1,developer_plus_third_party,0,3,-0.091444813082526,0.9091083862965297,True,0.00016199578810950914,1.0999788529877488
2452,chat.butler.panel::88,1,developer_plus_third_party,0,3,-0.091444813082526,0.9091083862965297,True,0.00016199578810950914,1.0999788529877488
2453,chat.butler.panel::88,1,developer_plus_third_party,0,3,-0.091444813082526,0.9091083862965297,True,0.00016199578810950914,1.0999788529877488
2454,chat.butler.panel::88,1,developer_plus_third_party,1,3,-0.091444813082526,0.9091083862965297,True,0.00016199578810950914,1.0999788529877488
2455,chat.butler.panel::88,1,developer_plus_third_party,0,3,-0.091444813082526,0.9091083862965297,True,0.00016199578810950914,1.0999788529877488
2456,chat.butler.panel::88,1,developer_plus_third_party,0,3,-0.091444813082526,0.9091083862965297,True,0.00016199578810950914,1.0999788529877488
2457,chat.butler.panel::88,1,developer_plus_third_party,0,3,-0.091444813082526,0.9091083862965297,True,0.00016199578810950914,1.0999788529877488
2458,cn.com.tiro.virtualremote::113,1,developer_plus_third_party,1,3,0.01983796604867988,0.910116515350642,True,0.00016199578810950914,1.0987604148846024
2459,cn.com.tiro.virtualremote::113,1,developer_plus_third_party,0,3,0.01983796604867988,0.910116515350642,True,0.00016199578810950914,1.0987604148846024
2460,cn.com.tiro.virtualremote::113,1,developer_plus_third_party,0,3,0.01983796604867988,0.910116515350642,True,0.00016199578810950914,1.0987604148846024
2461,cn.com.tiro.virtualremote::113,1,developer_plus_third_party,1,3,0.01983796604867988,0.910116515350642,True,0.00016199578810950914,1.0987604148846024
2462,cn.com.tiro.virtualremote::113,1,developer_plus_third_party,0,3,0.01983796604867988,0.910116515350642,True,0.00016199578810950914,1.0987604148846024
2463,cn.com.tiro.virtualremote::113,1,developer_plus_third_party,1,3,0.01983796604867988,0.910116515350642,True,0.00016199578810950914,1.0987604148846024
2464,cn.com.tiro.virtualremote::113,1,developer_plus_third_party,0,3,0.01983796604867988,0.910116515350642,True,0.00016199578810950914,1.0987604148846024
2465,cn.com.tiro.virtualremote::113,1,developer_plus_third_party,0,3,0.01983796604867988,0.910116515350642,True,0.00016199578810950914,1.0987604148846024
2466,cn.com.tiro.virtualremote::113,1,developer_plus_third_party,1,3,0.01983796604867988,0.910116515350642,True,0.00016199578810950914,1.0987604148846024
2467,cn.com.tiro.virtualremote::113,1,developer_plus_third_party,1,3,0.01983796604867988,0.910116515350642,True,0.00016199578810950914,1.0987604148846024
2468,cn.com.tiro.virtualremote::113,1,developer_plus_third_party,0,3,0.01983796604867988,0.910116515350642,True,0.00016199578810950914,1.0987604148846024
2469,cn.com.tiro.virtualremote::113,1,developer_plus_third_party,1,3,0.01983796604867988,0.910116515350642,True,0.00016199578810950914,1.0987604148846024
2470,cn.com.tiro.virtualremote::113,1,developer_plus_third_party,0,3,0.01983796604867988,0.910116515350642,True,0.00016199578810950914,1.0987604148846024
2471,com.Citron.petersapp::5,1,developer_plus_third_party,0,3,-0.3937863813561054,0.9063178763167473,True,0.00016199578810950914,1.1033656359774944
2472,com.Citron.petersapp::5,1,developer_plus_third_party,0,3,-0.3937863813561054,0.9063178763167473,True,0.00016199578810950914,1.1033656359774944
2473,com.Citron.petersapp::5,1,developer_plus_third_party,1,3,-0.3937863813561054,0.9063178763167473,True,0.00016199578810950914,1.1033656359774944
2474,com.Citron.petersapp::5,1,developer_plus_third_party,0,3,-0.3937863813561054,0.9063178763167473,True,0.00016199578810950914,1.1033656359774944
2475,com.Citron.petersapp::5,1,developer_plus_third_party,0,3,-0.3937863813561054,0.9063178763167473,True,0.00016199578810950914,1.1033656359774944
2476,com.Jupet.coloringfootballlogos::1,1,developer_plus_third_party,1,3,-0.42593597104401426,0.9060166693111429,True,0.00016199578810950914,1.1037324520312788
2477,com.Jupet.coloringfootballlogos::1,1,developer_plus_third_party,1,3,-0.42593597104401426,0.9060166693111429,True,0.00016199578810950914,1.1037324520312788
2478,com.Jupet.coloringfootballlogos::1,1,developer_plus_third_party,1,3,-0.42593597104401426,0.9060166693111429,True,0.00016199578810950914,1.1037324520312788
2479,com.androidappsworldmx.kissfmespana::20230326,1,developer_plus_third_party,1,3,-0.36162135722199745,0.9066183614612986,True,0.00016199578810950914,1.102999941880934
2480,com.androidappsworldmx.kissfmespana::20230326,1,developer_plus_third_party,1,3,-0.36162135722199745,0.9066183614612986,True,0.00016199578810950914,1.102999941880934
2481,com.androidappsworldmx.kissfmespana::20230326,1,developer_plus_third_party,0,3,-0.36162135722199745,0.9066183614612986,True,0.00016199578810950914,1.102999941880934
2482,com.androidappsworldmx.kissfmespana::20230326,1,developer_plus_third_party,1,3,-0.36162135722199745,0.9066183614612986,True,0.00016199578810950914,1.102999941880934
2483,com.androidappsworldmx.kissfmespana::20230326,1,developer_plus_third_party,0,3,-0.36162135722199745,0.9066183614612986,True,0.00016199578810950914,1.102999941880934
2484,com.androidappsworldmx.kissfmespana::20230326,1,developer_plus_third_party,0,3,-0.36162135722199745,0.9066183614612986,True,0.00016199578810950914,1.102999941880934
2485,com.androidappsworldmx.kissfmespana::20230326,1,developer_plus_third_party,1,3,-0.36162135722199745,0.9066183614612986,True,0.00016199578810950914,1.102999941880934
2486,com.androidappsworldmx.kissfmespana::20230326,1,developer_plus_third_party,0,3,-0.36162135722199745,0.9066183614612986,True,0.00016199578810950914,1.102999941880934
2487,com.androidappsworldmx.kissfmespana::20230326,1,developer_plus_third_party,1,3,-0.36162135722199745,0.9066183614612986,True,0.00016199578810950914,1.102999941880934
2488,com.androidappsworldmx.kissfmespana::20230326,1,developer_plus_third_party,0,3,-0.36162135722199745,0.9066183614612986,True,0.00016199578810950914,1.102999941880934
2489,com.androidappsworldmx.kissfmespana::20230326,1,developer_plus_third_party,0,3,-0.36162135722199745,0.9066183614612986,True,0.00016199578810950914,1.102999941880934
2490,com.androidappsworldmx.kissfmespana::20230326,1,developer_plus_third_party,0,3,-0.36162135722199745,0.9066183614612986,True,0.00016199578810950914,1.102999941880934
2491,com.androidappsworldmx.kissfmespana::20230326,1,developer_plus_third_party,0,3,-0.36162135722199745,0.9066183614612986,True,0.00016199578810950914,1.102999941880934
2492,com.androidappsworldmx.kissfmespana::20230326,1,developer_plus_third_party,1,3,-0.36162135722199745,0.9066183614612986,True,0.00016199578810950914,1.102999941880934
2493,com.androidappsworldmx.kissfmespana::20230326,1,developer_plus_third_party,1,3,-0.36162135722199745,0.9066183614612986,True,0.00016199578810950914,1.102999941880934
2494,com.androidappsworldmx.kissfmespana::20230326,1,developer_plus_third_party,0,3,-0.36162135722199745,0.9066183614612986,True,0.00016199578810950914,1.102999941880934
2495,com.androidappsworldmx.kissfmespana::20230326,1,developer_plus_third_party,0,3,-0.36162135722199745,0.9066183614612986,True,0.00016199578810950914,1.102999941880934
2496,com.androidappsworldmx.kissfmespana::20230326,1,developer_plus_third_party,1,3,-0.36162135722199745,0.9066183614612986,True,0.00016199578810950914,1.102999941880934
2497,com.androidappsworldmx.kissfmespana::20230326,1,developer_plus_third_party,1,3,-0.36162135722199745,0.9066183614612986,True,0.00016199578810950914,1.102999941880934
2498,com.asis.petechmobil::19,1,developer_plus_third_party,1,3,-0.03697864204245473,0.9096030696507139,True,0.003725903126518708,1.0993806346585862
2499,com.asis.petechmobil::19,1,developer_plus_third_party,1,3,-0.03697864204245473,0.9096030696507139,True,0.00016199578810950914,1.0993806346585862
2500,com.asis.petechmobil::19,1,developer_plus_third_party,1,3,-0.03697864204245473,0.9096030696507139,True,0.00016199578810950914,1.0993806346585862
2501,com.asis.petechmobil::19,1,developer_plus_third_party,1,3,-0.03697864204245473,0.9096030696507139,True,0.00016199578810950914,1.0993806346585862
2502,com.asis.petechmobil::19,1,developer_plus_third_party,1,3,-0.03697864204245473,0.9096030696507139,True,0.00016199578810950914,1.0993806346585862
2503,com.asis.petechmobil::19,1,developer_plus_third_party,1,3,-0.03697864204245473,0.9096030696507139,True,0.00016199578810950914,1.0993806346585862
2504,com.asis.petechmobil::19,1,developer_plus_third_party,1,3,-0.03697864204245473,0.9096030696507139,True,0.00016199578810950914,1.0993806346585862
2505,com.asis.petechmobil::19,1,developer_plus_third_party,1,3,-0.03697864204245473,0.9096030696507139,True,0.00016199578810950914,1.0993806346585862
2506,com.asis.petechmobil::19,1,developer_plus_third_party,1,3,-0.03697864204245473,0.9096030696507139,True,0.00016199578810950914,1.0993806346585862
2507,com.asis.petechmobil::19,1,developer_plus_third_party,1,3,-0.03697864204245473,0.9096030696507139,True,0.00016199578810950914,1.0993806346585862
2508,com.asis.petechmobil::19,1,developer_plus_third_party,1,3,-0.03697864204245473,0.9096030696507139,True,0.00016199578810950914,1.0993806346585862
2509,com.asis.petechmobil::19,1,developer_plus_third_party,1,3,-0.03697864204245473,0.9096030696507139,True,0.00016199578810950914,1.0993806346585862
2510,com.asis.petechmobil::19,1,developer_plus_third_party,1,3,-0.03697864204245473,0.9096030696507139,True,0.00016199578810950914,1.0993806346585862
2511,com.asis.petechmobil::19,1,developer_plus_third_party,1,3,-0.03697864204245473,0.9096030696507139,True,0.00016199578810950914,1.0993806346585862
2512,com.asis.petechmobil::19,1,developer_plus_third_party,1,3,-0.03697864204245473,0.9096030696507139,True,0.00016199578810950914,1.0993806346585862
2513,com.asis.petechmobil::19,1,developer_plus_third_party,1,3,-0.03697864204245473,0.9096030696507139,True,0.00016199578810950914,1.0993806346585862
2514,com.asis.petechmobil::19,1,developer_plus_third_party,1,3,-0.03697864204245473,0.9096030696507139,True,0.00016199578810950914,1.0993806346585862
2515,com.asis.petechmobil::19,1,developer_plus_third_party,1,3,-0.03697864204245473,0.9096030696507139,True,0.00016199578810950914,1.0993806346585862
2516,com.asis.petechmobil::19,1,developer_plus_third_party,1,3,-0.03697864204245473,0.9096030696507139,True,0.00016199578810950914,1.0993806346585862
2517,com.asis.petechmobil::19,1,developer_plus_third_party,1,3,-0.03697864204245473,0.9096030696507139,True,0.00016199578810950914,1.0993806346585862
2518,com.asis.petechmobil::19,1,developer_plus_third_party,1,3,-0.03697864204245473,0.9096030696507139,True,0.00016199578810950914,1.0993806346585862
2519,com.asis.petechmobil::19,1,developer_plus_third_party,1,3,-0.03697864204245473,0.9096030696507139,True,0.00016199578810950914,1.0993806346585862
2520,com.bfi.rca.gabon::2,1,developer_plus_third_party,1,3,0.0,0.9099375410685112,True,0.0008099789405475457,1.0989765284612076
2521,com.bfi.rca.gabon::2,1,developer_plus_third_party,1,3,0.0,0.9099375410685112,True,0.00016199578810950914,1.0989765284612076
2522,com.bfi.rca.gabon::2,1,developer_plus_third_party,0,3,0.0,0.9099375410685112,True,0.00016199578810950914,1.0989765284612076
2523,com.bfi.rca.gabon::2,1,developer_plus_third_party,0,3,0.0,0.9099375410685112,True,0.00016199578810950914,1.0989765284612076
2524,com.bfi.rca.gabon::2,1,developer_plus_third_party,0,3,0.0,0.9099375410685112,True,0.00016199578810950914,1.0989765284612076
2525,com.bfi.rca.gabon::2,1,developer_plus_third_party,1,3,0.0,0.9099375410685112,True,0.00016199578810950914,1.0989765284612076
2526,com.bfi.rca.gabon::2,1,developer_plus_third_party,1,3,0.0,0.9099375410685112,True,0.00016199578810950914,1.0989765284612076
2527,com.bfi.rca.gabon::2,1,developer_plus_third_party,1,3,0.0,0.9099375410685112,True,0.00016199578810950914,1.0989765284612076
2528,com.bfi.rca.gabon::2,1,developer_plus_third_party,1,3,0.0,0.9099375410685112,True,0.00016199578810950914,1.0989765284612076
2529,com.bfi.rca.gabon::2,1,developer_plus_third_party,0,3,0.0,0.9099375410685112,True,0.00016199578810950914,1.0989765284612076
2530,com.bfi.rca.gabon::2,1,developer_plus_third_party,0,3,0.0,0.9099375410685112,True,0.00016199578810950914,1.0989765284612076
2531,com.bfi.rca.gabon::2,1,developer_plus_third_party,0,3,0.0,0.9099375410685112,True,0.00016199578810950914,1.0989765284612076
2532,com.bfi.rca.gabon::2,1,developer_plus_third_party,0,3,0.0,0.9099375410685112,True,0.00016199578810950914,1.0989765284612076
2533,com.bfi.rca.gabon::2,1,developer_plus_third_party,0,3,0.0,0.9099375410685112,True,0.00016199578810950914,1.0989765284612076
2534,com.bfi.rca.gabon::2,1,developer_plus_third_party,0,3,0.0,0.9099375410685112,True,0.00016199578810950914,1.0989765284612076
2535,com.bfi.rca.gabon::2,1,developer_plus_third_party,0,3,0.0,0.9099375410685112,True,0.00016199578810950914,1.0989765284612076
2536,com.bfi.rca.gabon::2,1,developer_plus_third_party,0,3,0.0,0.9099375410685112,True,0.00016199578810950914,1.0989765284612076
2537,com.bfi.rca.gabon::2,1,developer_plus_third_party,0,3,0.0,0.9099375410685112,True,0.00016199578810950914,1.0989765284612076
2538,com.bfi.rca.gabon::2,1,developer_plus_third_party,0,3,0.0,0.9099375410685112,True,0.00016199578810950914,1.0989765284612076
2539,com.bfi.rca.gabon::2,1,developer_plus_third_party,0,3,0.0,0.9099375410685112,True,0.00016199578810950914,1.0989765284612076
2540,com.bfi.rca.gabon::2,1,developer_plus_third_party,0,3,0.0,0.9099375410685112,True,0.00016199578810950914,1.0989765284612076
2541,com.bfi.rca.gabon::2,1,developer_plus_third_party,0,3,0.0,0.9099375410685112,True,0.00016199578810950914,1.0989765284612076
2542,com.bfi.rca.gabon::2,1,developer_plus_third_party,0,3,0.0,0.9099375410685112,True,0.00016199578810950914,1.0989765284612076
2543,com.bfi.rca.gabon::2,1,developer_plus_third_party,0,3,0.0,0.9099375410685112,True,0.00016199578810950914,1.0989765284612076
2544,com.bfi.rca.gabon::2,1,developer_plus_third_party,0,3,0.0,0.9099375410685112,True,0.00016199578810950914,1.0989765284612076
2545,com.bfi.rca.gabon::2,1,developer_plus_third_party,0,3,0.0,0.9099375410685112,True,0.00016199578810950914,1.0989765284612076
2546,com.bfi.rca.gabon::2,1,developer_plus_third_party,0,3,0.0,0.9099375410685112,True,0.00016199578810950914,1.0989765284612076
2547,com.biosys.tdcheck::13,1,developer_plus_third_party,0,3,-0.4129300384890473,0.906138625285962,True,0.00016199578810950914,1.1035839021699543
2548,com.biosys.tdcheck::13,1,developer_plus_third_party,1,3,-0.4129300384890473,0.906138625285962,True,0.00016199578810950914,1.1035839021699543
2549,com.biosys.tdcheck::13,1,developer_plus_third_party,0,3,-0.4129300384890473,0.906138625285962,True,0.00016199578810950914,1.1035839021699543
2550,com.biosys.tdcheck::13,1,developer_plus_third_party,1,3,-0.4129300384890473,0.906138625285962,True,0.00016199578810950914,1.1035839021699543
2551,com.biosys.tdcheck::13,1,developer_plus_third_party,1,3,-0.4129300384890473,0.906138625285962,True,0.00016199578810950914,1.1035839021699543
2552,com.biosys.tdcheck::13,1,developer_plus_third_party,1,3,-0.4129300384890473,0.906138625285962,True,0.00016199578810950914,1.1035839021699543
2553,com.blackstar.apps.teammanager::15,1,developer_plus_third_party,1,3,-0.5299342944772959,0.9050363644286388,True,0.00016199578810950914,1.1049279778181211
2554,com.blackstar.apps.teammanager::15,1,developer_plus_third_party,1,3,-0.5299342944772959,0.9050363644286388,True,0.00016199578810950914,1.1049279778181211
2555,com.calculos.laborales::60,1,developer_plus_third_party,0,3,-0.34992060002374253,0.906727455131858,True,0.00016199578810950914,1.1028672335223135
2556,com.calculos.laborales::60,1,developer_plus_third_party,0,3,-0.34992060002374253,0.906727455131858,True,0.00016199578810950914,1.1028672335223135
2557,com.calculos.laborales::60,1,developer_plus_third_party,0,3,-0.34992060002374253,0.906727455131858,True,0.00016199578810950914,1.1028672335223135
2558,com.calculos.laborales::60,1,developer_plus_third_party,0,3,-0.34992060002374253,0.906727455131858,True,0.00016199578810950914,1.1028672335223135
2559,com.calculos.laborales::60,1,developer_plus_third_party,0,3,-0.34992060002374253,0.906727455131858,True,0.00016199578810950914,1.1028672335223135
2560,com.calculos.laborales::60,1,developer_plus_third_party,0,3,-0.34992060002374253,0.906727455131858,True,0.00016199578810950914,1.1028672335223135
2561,com.calculos.laborales::60,1,developer_plus_third_party,0,3,-0.34992060002374253,0.906727455131858,True,0.00016199578810950914,1.1028672335223135
2562,com.calculos.laborales::60,1,developer_plus_third_party,1,3,-0.34992060002374253,0.906727455131858,True,0.00016199578810950914,1.1028672335223135
2563,com.calculos.laborales::60,1,developer_plus_third_party,1,3,-0.34992060002374253,0.906727455131858,True,0.00016199578810950914,1.1028672335223135
2564,com.calculos.laborales::60,1,developer_plus_third_party,1,3,-0.34992060002374253,0.906727455131858,True,0.00016199578810950914,1.1028672335223135
2565,com.calculos.laborales::60,1,developer_plus_third_party,1,3,-0.34992060002374253,0.906727455131858,True,0.00016199578810950914,1.1028672335223135
2566,com.couponapp2.chain.tac15031::6080,1,developer_plus_third_party,1,3,-0.43363335846857015,0.9059444244134598,True,0.00016199578810950914,1.103820469613724
2567,com.couponapp2.chain.tac15031::6080,1,developer_plus_third_party,0,3,-0.43363335846857015,0.9059444244134598,True,0.00016199578810950914,1.103820469613724
2568,com.couponapp2.chain.tac15031::6080,1,developer_plus_third_party,1,3,-0.43363335846857015,0.9059444244134598,True,0.00016199578810950914,1.103820469613724
2569,com.couponapp2.chain.tac15031::6080,1,developer_plus_third_party,1,3,-0.43363335846857015,0.9059444244134598,True,0.00016199578810950914,1.103820469613724
2570,com.couponapp2.chain.tac15031::6080,1,developer_plus_third_party,0,3,-0.43363335846857015,0.9059444244134598,True,0.00016199578810950914,1.103820469613724
2571,com.couponapp2.chain.tac15031::6080,1,developer_plus_third_party,0,3,-0.43363335846857015,0.9059444244134598,True,0.00016199578810950914,1.103820469613724
2572,com.couponapp2.chain.tac15031::6080,1,developer_plus_third_party,0,3,-0.43363335846857015,0.9059444244134598,True,0.00016199578810950914,1.103820469613724
2573,com.couponapp2.chain.tac15031::6080,1,developer_plus_third_party,0,3,-0.43363335846857015,0.9059444244134598,True,0.00016199578810950914,1.103820469613724
2574,com.couponapp2.chain.tac15031::6080,1,developer_plus_third_party,1,3,-0.43363335846857015,0.9059444244134598,True,0.00016199578810950914,1.103820469613724
2575,com.couponapp2.chain.tac15031::6080,1,developer_plus_third_party,1,3,-0.43363335846857015,0.9059444244134598,True,0.00016199578810950914,1.103820469613724
2576,com.couponapp2.chain.tac15031::6080,1,developer_plus_third_party,1,3,-0.43363335846857015,0.9059444244134598,True,0.00016199578810950914,1.103820469613724
2577,com.couponapp2.chain.tac15031::6080,1,developer_plus_third_party,1,3,-0.43363335846857015,0.9059444244134598,True,0.00016199578810950914,1.103820469613724
2578,com.couponapp2.chain.tac15031::6080,1,developer_plus_third_party,0,3,-0.43363335846857015,0.9059444244134598,True,0.00016199578810950914,1.103820469613724
2579,com.couponapp2.chain.tac15031::6080,1,developer_plus_third_party,0,3,-0.43363335846857015,0.9059444244134598,True,0.00016199578810950914,1.103820469613724
2580,com.etms.employee::15,1,developer_plus_third_party,0,3,-0.3967938073143238,0.9062897367145992,True,0.00016199578810950914,1.1033998946353634
2581,com.etms.employee::15,1,developer_plus_third_party,1,3,-0.3967938073143238,0.9062897367145992,True,0.00016199578810950914,1.1033998946353634
2582,com.etms.employee::15,1,developer_plus_third_party,1,3,-0.3967938073143238,0.9062897367145992,True,0.00016199578810950914,1.1033998946353634
2583,com.etms.employee::15,1,developer_plus_third_party,0,3,-0.3967938073143238,0.9062897367145992,True,0.00016199578810950914,1.1033998946353634
2584,com.etms.employee::15,1,developer_plus_third_party,0,3,-0.3967938073143238,0.9062897367145992,True,0.00016199578810950914,1.1033998946353634
2585,com.etms.employee::15,1,developer_plus_third_party,0,3,-0.3967938073143238,0.9062897367145992,True,0.00016199578810950914,1.1033998946353634
2586,com.excelatlife.moodlog::240010001,1,developer_plus_third_party,1,3,-0.31807638326551524,0.9070237803613965,True,0.00016199578810950914,1.1025069261156062
2587,com.foodbooking.nizamat::5741,1,developer_plus_third_party,1,3,-0.3280447444595312,0.9069311110915086,True,0.00016199578810950914,1.102619579117185
2588,com.foodbooking.nizamat::5741,1,developer_plus_third_party,1,3,-0.3280447444595312,0.9069311110915086,True,0.00016199578810950914,1.102619579117185
2589,com.foodbooking.nizamat::5741,1,developer_plus_third_party,0,3,-0.3280447444595312,0.9069311110915086,True,0.00016199578810950914,1.102619579117185
2590,com.foodbooking.nizamat::5741,1,developer_plus_third_party,1,3,-0.3280447444595312,0.9069311110915086,True,0.00016199578810950914,1.102619579117185
2591,com.foodbooking.nizamat::5741,1,developer_plus_third_party,1,3,-0.3280447444595312,0.9069311110915086,True,0.00016199578810950914,1.102619579117185
2592,com.foodbooking.nizamat::5741,1,developer_plus_third_party,1,3,-0.3280447444595312,0.9069311110915086,True,0.00016199578810950914,1.102619579117185
2593,com.foodbooking.nizamat::5741,1,developer_plus_third_party,1,3,-0.3280447444595312,0.9069311110915086,True,0.00016199578810950914,1.102619579117185
2594,com.foodbooking.nizamat::5741,1,developer_plus_third_party,1,3,-0.3280447444595312,0.9069311110915086,True,0.00016199578810950914,1.102619579117185
2595,com.foodbooking.nizamat::5741,1,developer_plus_third_party,1,3,-0.3280447444595312,0.9069311110915086,True,0.00016199578810950914,1.102619579117185
2596,com.foodbooking.nizamat::5741,1,developer_plus_third_party,0,3,-0.3280447444595312,0.9069311110915086,True,0.00016199578810950914,1.102619579117185
2597,com.foodbooking.nizamat::5741,1,developer_plus_third_party,0,3,-0.3280447444595312,0.9069311110915086,True,0.00016199578810950914,1.102619579117185
2598,com.foodbooking.nizamat::5741,1,developer_plus_third_party,0,3,-0.3280447444595312,0.9069311110915086,True,0.00016199578810950914,1.102619579117185
2599,com.foodbooking.nizamat::5741,1,developer_plus_third_party,0,3,-0.3280447444595312,0.9069311110915086,True,0.00016199578810950914,1.102619579117185
2600,com.foodbooking.nizamat::5741,1,developer_plus_third_party,0,3,-0.3280447444595312,0.9069311110915086,True,0.00016199578810950914,1.102619579117185
2601,com.foodbooking.nizamat::5741,1,developer_plus_third_party,0,3,-0.3280447444595312,0.9069311110915086,True,0.00016199578810950914,1.102619579117185
2602,com.foodbooking.nizamat::5741,1,developer_plus_third_party,0,3,-0.3280447444595312,0.9069311110915086,True,0.00016199578810950914,1.102619579117185
2603,com.foodbooking.nizamat::5741,1,developer_plus_third_party,0,3,-0.3280447444595312,0.9069311110915086,True,0.00016199578810950914,1.102619579117185
2604,com.foodbooking.nizamat::5741,1,developer_plus_third_party,0,3,-0.3280447444595312,0.9069311110915086,True,0.00016199578810950914,1.102619579117185
2605,com.foodbooking.nizamat::5741,1,developer_plus_third_party,0,3,-0.3280447444595312,0.9069311110915086,True,0.00016199578810950914,1.102619579117185
2606,com.foodbooking.nizamat::5741,1,developer_plus_third_party,0,3,-0.3280447444595312,0.9069311110915086,True,0.00016199578810950914,1.102619579117185
2607,com.foodbooking.nizamat::5741,1,developer_plus_third_party,0,3,-0.3280447444595312,0.9069311110915086,True,0.00016199578810950914,1.102619579117185
2608,com.foodbooking.nizamat::5741,1,developer_plus_third_party,0,3,-0.3280447444595312,0.9069311110915086,True,0.00016199578810950914,1.102619579117185
2609,com.foodbooking.nizamat::5741,1,developer_plus_third_party,0,3,-0.3280447444595312,0.9069311110915086,True,0.00016199578810950914,1.102619579117185
2610,com.foodbooking.nizamat::5741,1,developer_plus_third_party,0,3,-0.3280447444595312,0.9069311110915086,True,0.00016199578810950914,1.102619579117185
2611,com.gcart.android.tokojsfashion::10,1,developer_plus_third_party,0,3,-0.7220464845727586,0.9032013950474634,True,0.00016199578810950914,1.107172780603876
2612,com.gcart.android.tokojsfashion::10,1,developer_plus_third_party,0,3,-0.7220464845727586,0.9032013950474634,True,0.00016199578810950914,1.107172780603876
2613,com.gcart.android.tokojsfashion::10,1,developer_plus_third_party,0,3,-0.7220464845727586,0.9032013950474634,True,0.00016199578810950914,1.107172780603876
2614,com.gcart.android.tokojsfashion::10,1,developer_plus_third_party,1,3,-0.7220464845727586,0.9032013950474634,True,0.00016199578810950914,1.107172780603876
2615,com.gcart.android.tokojsfashion::10,1,developer_plus_third_party,0,3,-0.7220464845727586,0.9032013950474634,True,0.00016199578810950914,1.107172780603876
2616,com.gcart.android.tokojsfashion::10,1,developer_plus_third_party,0,3,-0.7220464845727586,0.9032013950474634,True,0.00016199578810950914,1.107172780603876
2617,com.gcart.android.tokojsfashion::10,1,developer_plus_third_party,0,3,-0.7220464845727586,0.9032013950474634,True,0.00016199578810950914,1.107172780603876
2618,com.gcart.android.tokojsfashion::10,1,developer_plus_third_party,0,3,-0.7220464845727586,0.9032013950474634,True,0.00016199578810950914,1.107172780603876
2619,com.gcart.android.tokojsfashion::10,1,developer_plus_third_party,0,3,-0.7220464845727586,0.9032013950474634,True,0.00016199578810950914,1.107172780603876
2620,com.gcart.android.tokojsfashion::10,1,developer_plus_third_party,0,3,-0.7220464845727586,0.9032013950474634,True,0.00016199578810950914,1.107172780603876
2621,com.gcart.android.tokojsfashion::10,1,developer_plus_third_party,0,3,-0.7220464845727586,0.9032013950474634,True,0.00016199578810950914,1.107172780603876
2622,com.gcart.android.tokojsfashion::10,1,developer_plus_third_party,1,3,-0.7220464845727586,0.9032013950474634,True,0.00016199578810950914,1.107172780603876
2623,com.gcart.android.tokojsfashion::10,1,developer_plus_third_party,1,3,-0.7220464845727586,0.9032013950474634,True,0.00016199578810950914,1.107172780603876
2624,com.gcart.android.tokojsfashion::10,1,developer_plus_third_party,1,3,-0.7220464845727586,0.9032013950474634,True,0.00016199578810950914,1.107172780603876
2625,com.horairesprierefrance.frenchprayertimes::18,1,developer_plus_third_party,1,3,0.5788908505507294,0.9150299794461251,True,0.00016199578810950914,1.092860367925112
2626,com.horairesprierefrance.frenchprayertimes::18,1,developer_plus_third_party,1,3,0.5788908505507294,0.9150299794461251,True,0.00016199578810950914,1.092860367925112
2627,com.justlogin.newkiosk::40,1,developer_plus_third_party,0,3,-0.11001088429911064,0.9089392058284863,True,0.00016199578810950914,1.100183591584118
2628,com.justlogin.newkiosk::40,1,developer_plus_third_party,0,3,-0.11001088429911064,0.9089392058284863,True,0.00016199578810950914,1.100183591584118
2629,com.justlogin.newkiosk::40,1,developer_plus_third_party,1,3,-0.11001088429911064,0.9089392058284863,True,0.00016199578810950914,1.100183591584118
2630,com.justlogin.newkiosk::40,1,developer_plus_third_party,1,3,-0.11001088429911064,0.9089392058284863,True,0.00016199578810950914,1.100183591584118
2631,com.justlogin.newkiosk::40,1,developer_plus_third_party,0,3,-0.11001088429911064,0.9089392058284863,True,0.00016199578810950914,1.100183591584118
2632,com.justlogin.newkiosk::40,1,developer_plus_third_party,0,3,-0.11001088429911064,0.9089392058284863,True,0.00016199578810950914,1.100183591584118
2633,com.justlogin.newkiosk::40,1,developer_plus_third_party,1,3,-0.11001088429911064,0.9089392058284863,True,0.00016199578810950914,1.100183591584118
2634,com.justlogin.newkiosk::40,1,developer_plus_third_party,0,3,-0.11001088429911064,0.9089392058284863,True,0.00016199578810950914,1.100183591584118
2635,com.justlogin.newkiosk::40,1,developer_plus_third_party,0,3,-0.11001088429911064,0.9089392058284863,True,0.00016199578810950914,1.100183591584118
2636,com.justlogin.newkiosk::40,1,developer_plus_third_party,0,3,-0.11001088429911064,0.9089392058284863,True,0.00016199578810950914,1.100183591584118
2637,com.justlogin.newkiosk::40,1,developer_plus_third_party,0,3,-0.11001088429911064,0.9089392058284863,True,0.00016199578810950914,1.100183591584118
2638,com.justlogin.newkiosk::40,1,developer_plus_third_party,1,3,-0.11001088429911064,0.9089392058284863,True,0.00016199578810950914,1.100183591584118
2639,com.justlogin.newkiosk::40,1,developer_plus_third_party,0,3,-0.11001088429911064,0.9089392058284863,True,0.00016199578810950914,1.100183591584118
2640,com.justlogin.newkiosk::40,1,developer_plus_third_party,1,3,-0.11001088429911064,0.9089392058284863,True,0.00016199578810950914,1.100183591584118
2641,com.justlogin.newkiosk::40,1,developer_plus_third_party,0,3,-0.11001088429911064,0.9089392058284863,True,0.00016199578810950914,1.100183591584118
2642,com.justlogin.newkiosk::40,1,developer_plus_third_party,0,3,-0.11001088429911064,0.9089392058284863,True,0.00016199578810950914,1.100183591584118
2643,com.justlogin.newkiosk::40,1,developer_plus_third_party,1,3,-0.11001088429911064,0.9089392058284863,True,0.00016199578810950914,1.100183591584118
2644,com.justlogin.newkiosk::40,1,developer_plus_third_party,1,3,-0.11001088429911064,0.9089392058284863,True,0.00016199578810950914,1.100183591584118
2645,com.justlogin.newkiosk::40,1,developer_plus_third_party,0,3,-0.11001088429911064,0.9089392058284863,True,0.00016199578810950914,1.100183591584118
2646,com.justlogin.newkiosk::40,1,developer_plus_third_party,0,3,-0.11001088429911064,0.9089392058284863,True,0.00016199578810950914,1.100183591584118
2647,com.justlogin.newkiosk::40,1,developer_plus_third_party,1,3,-0.11001088429911064,0.9089392058284863,True,0.00016199578810950914,1.100183591584118
2648,com.justlogin.newkiosk::40,1,developer_plus_third_party,0,3,-0.11001088429911064,0.9089392058284863,True,0.00016199578810950914,1.100183591584118
2649,com.mamastudio.banglaquiz::6,1,developer_plus_third_party,1,3,-0.26387289926485613,0.9075262262185161,True,0.00016199578810950914,1.1018965304912498
2650,com.mamastudio.banglaquiz::6,1,developer_plus_third_party,1,3,-0.26387289926485613,0.9075262262185161,True,0.00016199578810950914,1.1018965304912498
2651,com.sadanimewallpaper.masmasstudio::6,1,developer_plus_third_party,1,3,-0.2447843479281095,0.9077025885132506,True,0.00016199578810950914,1.1016824372374279
2652,com.sadanimewallpaper.masmasstudio::6,1,developer_plus_third_party,1,3,-0.2447843479281095,0.9077025885132506,True,0.00016199578810950914,1.1016824372374279
2653,com.sadanimewallpaper.masmasstudio::6,1,developer_plus_third_party,1,3,-0.2447843479281095,0.9077025885132506,True,0.00016199578810950914,1.1016824372374279
2654,com.sanaedutech.accounts_auditing::234,1,developer_plus_third_party,1,3,-0.31364066812582475,0.907064989645473,True,0.00016199578810950914,1.1024568376195962
2655,com.sanaedutech.accounts_auditing::234,1,developer_plus_third_party,1,3,-0.31364066812582475,0.907064989645473,True,0.00016199578810950914,1.1024568376195962
2656,com.sejood.elsahw::1005,1,developer_plus_third_party,1,3,-0.4143869658031154,0.9061249708106995,True,0.0008099789405475457,1.1036005321708677
2657,com.sejood.elsahw::1005,1,developer_plus_third_party,1,3,-0.4143869658031154,0.9061249708106995,True,0.00016199578810950914,1.1036005321708677
2658,com.sejood.elsahw::1005,1,developer_plus_third_party,1,3,-0.4143869658031154,0.9061249708106995,True,0.00016199578810950914,1.1036005321708677
2659,com.sejood.elsahw::1005,1,developer_plus_third_party,1,3,-0.4143869658031154,0.9061249708106995,True,0.00016199578810950914,1.1036005321708677
2660,com.sejood.elsahw::1005,1,developer_plus_third_party,1,3,-0.4143869658031154,0.9061249708106995,True,0.00016199578810950914,1.1036005321708677
2661,com.sejood.elsahw::1005,1,developer_plus_third_party,1,3,-0.4143869658031154,0.9061249708106995,True,0.00016199578810950914,1.1036005321708677
2662,com.shuvic.alumni.sungnamob::18,1,developer_plus_third_party,1,3,-0.695830052759881,0.9034536552265806,True,0.00016199578810950914,1.1068636384554846
2663,com.shuvic.alumni.sungnamob::18,1,developer_plus_third_party,0,3,-0.695830052759881,0.9034536552265806,True,0.00016199578810950914,1.1068636384554846
2664,com.shuvic.alumni.sungnamob::18,1,developer_plus_third_party,1,3,-0.695830052759881,0.9034536552265806,True,0.00016199578810950914,1.1068636384554846
2665,com.shuvic.alumni.sungnamob::18,1,developer_plus_third_party,1,3,-0.695830052759881,0.9034536552265806,True,0.00016199578810950914,1.1068636384554846
2666,com.siamtele.user::94,1,developer_plus_third_party,1,3,-0.41618188337262185,0.9061081462072861,True,0.00016199578810950914,1.1036210238101476
2667,com.siamtele.user::94,1,developer_plus_third_party,0,3,-0.41618188337262185,0.9061081462072861,True,0.00016199578810950914,1.1036210238101476
2668,com.siamtele.user::94,1,developer_plus_third_party,0,3,-0.41618188337262185,0.9061081462072861,True,0.00016199578810950914,1.1036210238101476
2669,com.siamtele.user::94,1,developer_plus_third_party,0,3,-0.41618188337262185,0.9061081462072861,True,0.00016199578810950914,1.1036210238101476
2670,com.siamtele.user::94,1,developer_plus_third_party,0,3,-0.41618188337262185,0.9061081462072861,True,0.00016199578810950914,1.1036210238101476
2671,com.siamtele.user::94,1,developer_plus_third_party,0,3,-0.41618188337262185,0.9061081462072861,True,0.00016199578810950914,1.1036210238101476
2672,com.siamtele.user::94,1,developer_plus_third_party,0,3,-0.41618188337262185,0.9061081462072861,True,0.00016199578810950914,1.1036210238101476
2673,com.siamtele.user::94,1,developer_plus_third_party,0,3,-0.41618188337262185,0.9061081462072861,True,0.00016199578810950914,1.1036210238101476
2674,com.siamtele.user::94,1,developer_plus_third_party,0,3,-0.41618188337262185,0.9061081462072861,True,0.00016199578810950914,1.1036210238101476
2675,com.siamtele.user::94,1,developer_plus_third_party,0,3,-0.41618188337262185,0.9061081462072861,True,0.00016199578810950914,1.1036210238101476
2676,com.siamtele.user::94,1,developer_plus_third_party,0,3,-0.41618188337262185,0.9061081462072861,True,0.00016199578810950914,1.1036210238101476
2677,com.siamtele.user::94,1,developer_plus_third_party,1,3,-0.41618188337262185,0.9061081462072861,True,0.00016199578810950914,1.1036210238101476
2678,com.siamtele.user::94,1,developer_plus_third_party,1,3,-0.41618188337262185,0.9061081462072861,True,0.00016199578810950914,1.1036210238101476
2679,com.two.ukcitizenship::10,1,developer_plus_third_party,1,3,0.5136974982390563,0.9144698009203458,True,0.0009719747286570548,1.0935298235038209
2680,com.two.ukcitizenship::10,1,developer_plus_third_party,1,3,0.5136974982390563,0.9144698009203458,True,0.00016199578810950914,1.0935298235038209
2681,com.two.ukcitizenship::10,1,developer_plus_third_party,1,3,0.5136974982390563,0.9144698009203458,True,0.00016199578810950914,1.0935298235038209
2682,com.two.ukcitizenship::10,1,developer_plus_third_party,1,3,0.5136974982390563,0.9144698009203458,True,0.00016199578810950914,1.0935298235038209
2683,com.two.ukcitizenship::10,1,developer_plus_third_party,1,3,0.5136974982390563,0.9144698009203458,True,0.00016199578810950914,1.0935298235038209
2684,com.two.ukcitizenship::10,1,developer_plus_third_party,1,3,0.5136974982390563,0.9144698009203458,True,0.00016199578810950914,1.0935298235038209
2685,com.two.ukcitizenship::10,1,developer_plus_third_party,1,3,0.5136974982390563,0.9144698009203458,True,0.00016199578810950914,1.0935298235038209
2686,com.two.ukcitizenship::10,1,developer_plus_third_party,1,3,0.5136974982390563,0.9144698009203458,True,0.00016199578810950914,1.0935298235038209
2687,com.two.ukcitizenship::10,1,developer_plus_third_party,1,3,0.5136974982390563,0.9144698009203458,True,0.00016199578810950914,1.0935298235038209
2688,com.two.ukcitizenship::10,1,developer_plus_third_party,1,3,0.5136974982390563,0.9144698009203458,True,0.00016199578810950914,1.0935298235038209
2689,com.two.ukcitizenship::10,1,developer_plus_third_party,1,3,0.5136974982390563,0.9144698009203458,True,0.00016199578810950914,1.0935298235038209
2690,com.umnico.android::1054,1,developer_plus_third_party,0,3,0.0319131291488741,0.9102252981380137,True,0.00016199578810950914,1.0986290999004669
2691,com.umnico.android::1054,1,developer_plus_third_party,0,3,0.0319131291488741,0.9102252981380137,True,0.00016199578810950914,1.0986290999004669
2692,com.umnico.android::1054,1,developer_plus_third_party,0,3,0.0319131291488741,0.9102252981380137,True,0.00016199578810950914,1.0986290999004669
2693,com.umnico.android::1054,1,developer_plus_third_party,1,3,0.0319131291488741,0.9102252981380137,True,0.00016199578810950914,1.0986290999004669
2694,com.umnico.android::1054,1,developer_plus_third_party,0,3,0.0319131291488741,0.9102252981380137,True,0.00016199578810950914,1.0986290999004669
2695,com.umnico.android::1054,1,developer_plus_third_party,1,3,0.0319131291488741,0.9102252981380137,True,0.00016199578810950914,1.0986290999004669
2696,com.umnico.android::1054,1,developer_plus_third_party,1,3,0.0319131291488741,0.9102252981380137,True,0.00016199578810950914,1.0986290999004669
2697,com.umnico.android::1054,1,developer_plus_third_party,1,3,0.0319131291488741,0.9102252981380137,True,0.00016199578810950914,1.0986290999004669
2698,com.umnico.android::1054,1,developer_plus_third_party,1,3,0.0319131291488741,0.9102252981380137,True,0.00016199578810950914,1.0986290999004669
2699,com.umnico.android::1054,1,developer_plus_third_party,0,3,0.0319131291488741,0.9102252981380137,True,0.00016199578810950914,1.0986290999004669
2700,com.umnico.android::1054,1,developer_plus_third_party,1,3,0.0319131291488741,0.9102252981380137,True,0.00016199578810950914,1.0986290999004669
2701,com.umnico.android::1054,1,developer_plus_third_party,1,3,0.0319131291488741,0.9102252981380137,True,0.00016199578810950914,1.0986290999004669
2702,com.umnico.android::1054,1,developer_plus_third_party,1,3,0.0319131291488741,0.9102252981380137,True,0.00016199578810950914,1.0986290999004669
2703,com.umnico.android::1054,1,developer_plus_third_party,1,3,0.0319131291488741,0.9102252981380137,True,0.00016199578810950914,1.0986290999004669
2704,com.umnico.android::1054,1,developer_plus_third_party,1,3,0.0319131291488741,0.9102252981380137,True,0.00016199578810950914,1.0986290999004669
2705,com.umnico.android::1054,1,developer_plus_third_party,1,3,0.0319131291488741,0.9102252981380137,True,0.00016199578810950914,1.0986290999004669
2706,com.umnico.android::1054,1,developer_plus_third_party,1,3,0.0319131291488741,0.9102252981380137,True,0.00016199578810950914,1.0986290999004669
2707,com.umnico.android::1054,1,developer_plus_third_party,1,3,0.0319131291488741,0.9102252981380137,True,0.00016199578810950914,1.0986290999004669
2708,com.umnico.android::1054,1,developer_plus_third_party,0,3,0.0319131291488741,0.9102252981380137,True,0.00016199578810950914,1.0986290999004669
2709,com.umnico.android::1054,1,developer_plus_third_party,0,3,0.0319131291488741,0.9102252981380137,True,0.00016199578810950914,1.0986290999004669
2710,com.umnico.android::1054,1,developer_plus_third_party,0,3,0.0319131291488741,0.9102252981380137,True,0.00016199578810950914,1.0986290999004669
2711,com.umnico.android::1054,1,developer_plus_third_party,0,3,0.0319131291488741,0.9102252981380137,True,0.00016199578810950914,1.0986290999004669
2712,com.umnico.android::1054,1,developer_plus_third_party,0,3,0.0319131291488741,0.9102252981380137,True,0.00016199578810950914,1.0986290999004669
2713,com.umnico.android::1054,1,developer_plus_third_party,0,3,0.0319131291488741,0.9102252981380137,True,0.00016199578810950914,1.0986290999004669
2714,com.umnico.android::1054,1,developer_plus_third_party,0,3,0.0319131291488741,0.9102252981380137,True,0.00016199578810950914,1.0986290999004669
2715,com.umnico.android::1054,1,developer_plus_third_party,0,3,0.0319131291488741,0.9102252981380137,True,0.00016199578810950914,1.0986290999004669
2716,com.umnico.android::1054,1,developer_plus_third_party,0,3,0.0319131291488741,0.9102252981380137,True,0.00016199578810950914,1.0986290999004669
2717,com.umnico.android::1054,1,developer_plus_third_party,0,3,0.0319131291488741,0.9102252981380137,True,0.00016199578810950914,1.0986290999004669
2718,com.umnico.android::1054,1,developer_plus_third_party,0,3,0.0319131291488741,0.9102252981380137,True,0.00016199578810950914,1.0986290999004669
2719,com.umnico.android::1054,1,developer_plus_third_party,0,3,0.0319131291488741,0.9102252981380137,True,0.00016199578810950914,1.0986290999004669
2720,com.umnico.android::1054,1,developer_plus_third_party,0,3,0.0319131291488741,0.9102252981380137,True,0.00016199578810950914,1.0986290999004669
2721,com.umnico.android::1054,1,developer_plus_third_party,0,3,0.0319131291488741,0.9102252981380137,True,0.00016199578810950914,1.0986290999004669
2722,com.umnico.android::1054,1,developer_plus_third_party,0,3,0.0319131291488741,0.9102252981380137,True,0.00016199578810950914,1.0986290999004669
2723,com.walking.fun.rewards.fitness.fitzu::77,1,developer_plus_third_party,1,3,1.8334483380447584,0.9251793208999888,True,0.00016199578810950914,1.0808715428563922
2724,com.walking.fun.rewards.fitness.fitzu::77,1,developer_plus_third_party,1,3,1.8334483380447584,0.9251793208999888,True,0.00016199578810950914,1.0808715428563922
2725,com.walking.fun.rewards.fitness.fitzu::77,1,developer_plus_third_party,1,3,1.8334483380447584,0.9251793208999888,True,0.00016199578810950914,1.0808715428563922
2726,com.walking.fun.rewards.fitness.fitzu::77,1,developer_plus_third_party,1,3,1.8334483380447584,0.9251793208999888,True,0.00016199578810950914,1.0808715428563922
2727,com.walking.fun.rewards.fitness.fitzu::77,1,developer_plus_third_party,1,3,1.8334483380447584,0.9251793208999888,True,0.00016199578810950914,1.0808715428563922
2728,com.walking.fun.rewards.fitness.fitzu::77,1,developer_plus_third_party,1,3,1.8334483380447584,0.9251793208999888,True,0.00016199578810950914,1.0808715428563922
2729,com.walking.fun.rewards.fitness.fitzu::77,1,developer_plus_third_party,0,3,1.8334483380447584,0.9251793208999888,True,0.00016199578810950914,1.0808715428563922
2730,com.walking.fun.rewards.fitness.fitzu::77,1,developer_plus_third_party,1,3,1.8334483380447584,0.9251793208999888,True,0.00016199578810950914,1.0808715428563922
2731,com.walking.fun.rewards.fitness.fitzu::77,1,developer_plus_third_party,1,3,1.8334483380447584,0.9251793208999888,True,0.00016199578810950914,1.0808715428563922
2732,com.walking.fun.rewards.fitness.fitzu::77,1,developer_plus_third_party,1,3,1.8334483380447584,0.9251793208999888,True,0.00016199578810950914,1.0808715428563922
2733,com.walking.fun.rewards.fitness.fitzu::77,1,developer_plus_third_party,1,3,1.8334483380447584,0.9251793208999888,True,0.00016199578810950914,1.0808715428563922
2734,com.walking.fun.rewards.fitness.fitzu::77,1,developer_plus_third_party,1,3,1.8334483380447584,0.9251793208999888,True,0.00016199578810950914,1.0808715428563922
2735,com.walking.fun.rewards.fitness.fitzu::77,1,developer_plus_third_party,1,3,1.8334483380447584,0.9251793208999888,True,0.00016199578810950914,1.0808715428563922
2736,com.walking.fun.rewards.fitness.fitzu::77,1,developer_plus_third_party,0,3,1.8334483380447584,0.9251793208999888,True,0.00016199578810950914,1.0808715428563922
2737,com.walking.fun.rewards.fitness.fitzu::77,1,developer_plus_third_party,0,3,1.8334483380447584,0.9251793208999888,True,0.00016199578810950914,1.0808715428563922
2738,com.walking.fun.rewards.fitness.fitzu::77,1,developer_plus_third_party,0,3,1.8334483380447584,0.9251793208999888,True,0.00016199578810950914,1.0808715428563922
2739,com.walking.fun.rewards.fitness.fitzu::77,1,developer_plus_third_party,0,3,1.8334483380447584,0.9251793208999888,True,0.00016199578810950914,1.0808715428563922
2740,com.walking.fun.rewards.fitness.fitzu::77,1,developer_plus_third_party,0,3,1.8334483380447584,0.9251793208999888,True,0.00016199578810950914,1.0808715428563922
2741,com.walking.fun.rewards.fitness.fitzu::77,1,developer_plus_third_party,0,3,1.8334483380447584,0.9251793208999888,True,0.00016199578810950914,1.0808715428563922
2742,com.walking.fun.rewards.fitness.fitzu::77,1,developer_plus_third_party,0,3,1.8334483380447584,0.9251793208999888,True,0.00016199578810950914,1.0808715428563922
2743,com.walking.fun.rewards.fitness.fitzu::77,1,developer_plus_third_party,0,3,1.8334483380447584,0.9251793208999888,True,0.00016199578810950914,1.0808715428563922
2744,com.walking.fun.rewards.fitness.fitzu::77,1,developer_plus_third_party,0,3,1.8334483380447584,0.9251793208999888,True,0.00016199578810950914,1.0808715428563922
2745,com.walking.fun.rewards.fitness.fitzu::77,1,developer_plus_third_party,0,3,1.8334483380447584,0.9251793208999888,True,0.00016199578810950914,1.0808715428563922
2746,com.walking.fun.rewards.fitness.fitzu::77,1,developer_plus_third_party,0,3,1.8334483380447584,0.9251793208999888,True,0.00016199578810950914,1.0808715428563922
2747,com.walking.fun.rewards.fitness.fitzu::77,1,developer_plus_third_party,0,3,1.8334483380447584,0.9251793208999888,True,0.00016199578810950914,1.0808715428563922
2748,com.walking.fun.rewards.fitness.fitzu::77,1,developer_plus_third_party,0,3,1.8334483380447584,0.9251793208999888,True,0.00016199578810950914,1.0808715428563922
2749,com.walking.fun.rewards.fitness.fitzu::77,1,developer_plus_third_party,0,3,1.8334483380447584,0.9251793208999888,True,0.00016199578810950914,1.0808715428563922
2750,com.walking.fun.rewards.fitness.fitzu::77,1,developer_plus_third_party,0,3,1.8334483380447584,0.9251793208999888,True,0.00016199578810950914,1.0808715428563922
2751,com.weblogy.acotonou.com::20,1,developer_plus_third_party,1,3,-0.49998978070847366,0.9053195606720446,True,0.00016199578810950914,1.104582341353225
2752,com.weblogy.acotonou.com::20,1,developer_plus_third_party,1,3,-0.49998978070847366,0.9053195606720446,True,0.00016199578810950914,1.104582341353225
2753,com.weblogy.acotonou.com::20,1,developer_plus_third_party,1,3,-0.49998978070847366,0.9053195606720446,True,0.00016199578810950914,1.104582341353225
2754,com.weblogy.acotonou.com::20,1,developer_plus_third_party,1,3,-0.49998978070847366,0.9053195606720446,True,0.00016199578810950914,1.104582341353225
2755,com.weblogy.acotonou.com::20,1,developer_plus_third_party,1,3,-0.49998978070847366,0.9053195606720446,True,0.00016199578810950914,1.104582341353225
2756,com.weblogy.acotonou.com::20,1,developer_plus_third_party,1,3,-0.49998978070847366,0.9053195606720446,True,0.00016199578810950914,1.104582341353225
2757,com.weblogy.acotonou.com::20,1,developer_plus_third_party,1,3,-0.49998978070847366,0.9053195606720446,True,0.00016199578810950914,1.104582341353225
2758,com.winterfelltech.belarusian.keyboard::5,1,developer_plus_third_party,1,3,-0.4939050517485027,0.9053770136636529,True,0.00016199578810950914,1.104512247282986
2759,com.winterfelltech.belarusian.keyboard::5,1,developer_plus_third_party,1,3,-0.4939050517485027,0.9053770136636529,True,0.00016199578810950914,1.104512247282986
2760,com.ymaa.waterstyle::6,1,developer_plus_third_party,1,3,-0.4793344522101012,0.9055144647403732,True,0.0003239915762190183,1.1043445896656299
2761,com.ymaa.waterstyle::6,1,developer_plus_third_party,1,3,-0.4793344522101012,0.9055144647403732,True,0.00016199578810950914,1.1043445896656299
2762,com.ymaa.waterstyle::6,1,developer_plus_third_party,0,3,-0.4793344522101012,0.9055144647403732,True,0.00016199578810950914,1.1043445896656299
2763,com.ymaa.waterstyle::6,1,developer_plus_third_party,0,3,-0.4793344522101012,0.9055144647403732,True,0.00016199578810950914,1.1043445896656299
2764,com.ymaa.waterstyle::6,1,developer_plus_third_party,1,3,-0.4793344522101012,0.9055144647403732,True,0.00016199578810950914,1.1043445896656299
2765,com.zoop.caparao::107,1,developer_plus_third_party,0,3,-0.6173240685658391,0.9042055481487108,True,0.00016199578810950914,1.1059432250193784
2766,com.zoop.caparao::107,1,developer_plus_third_party,0,3,-0.6173240685658391,0.9042055481487108,True,0.00016199578810950914,1.1059432250193784
2767,com.zoop.caparao::107,1,developer_plus_third_party,0,3,-0.6173240685658391,0.9042055481487108,True,0.00016199578810950914,1.1059432250193784
2768,com.zoop.caparao::107,1,developer_plus_third_party,0,3,-0.6173240685658391,0.9042055481487108,True,0.0006479831524380366,1.1059432250193784
2769,com.zoop.caparao::107,1,developer_plus_third_party,1,3,-0.6173240685658391,0.9042055481487108,True,0.00016199578810950914,1.1059432250193784
2770,com.zoop.caparao::107,1,developer_plus_third_party,1,3,-0.6173240685658391,0.9042055481487108,True,0.00016199578810950914,1.1059432250193784
2771,com.zoop.caparao::107,1,developer_plus_third_party,0,3,-0.6173240685658391,0.9042055481487108,True,0.00016199578810950914,1.1059432250193784
2772,com.zoop.caparao::107,1,developer_plus_third_party,0,3,-0.6173240685658391,0.9042055481487108,True,0.00016199578810950914,1.1059432250193784
2773,com.zoop.caparao::107,1,developer_plus_third_party,0,3,-0.6173240685658391,0.9042055481487108,True,0.00016199578810950914,1.1059432250193784
2774,it.taxrefund.taxrefund::9,1,developer_plus_third_party,1,3,1.098254177233384,0.9193749775090055,True,0.0006479831524380366,1.0876954718840004
2775,it.taxrefund.taxrefund::9,1,developer_plus_third_party,0,3,1.098254177233384,0.9193749775090055,True,0.00016199578810950914,1.0876954718840004
2776,it.taxrefund.taxrefund::9,1,developer_plus_third_party,1,3,1.098254177233384,0.9193749775090055,True,0.00016199578810950914,1.0876954718840004
2777,sparking.photodialer.floatingdialer.neonphotodialer.lions.llc::4,1,developer_plus_third_party,1,3,-0.30479685103534687,0.9071471027545086,True,0.00016199578810950914,1.1023570454709584
2778,sparking.photodialer.floatingdialer.neonphotodialer.lions.llc::4,1,developer_plus_third_party,1,3,-0.30479685103534687,0.9071471027545086,True,0.00016199578810950914,1.1023570454709584
2779,ua.radio.gsmboom::168,1,developer_plus_third_party,1,3,-0.5589433361085191,0.9047612925077827,True,0.00016199578810950914,1.1052639058289488
2780,ua.radio.gsmboom::168,1,developer_plus_third_party,0,3,-0.5589433361085191,0.9047612925077827,True,0.0006479831524380366,1.1052639058289488
2781,ua.radio.gsmboom::168,1,developer_plus_third_party,1,3,-0.5589433361085191,0.9047612925077827,True,0.00016199578810950914,1.1052639058289488
2782,ua.radio.gsmboom::168,1,developer_plus_third_party,1,3,-0.5589433361085191,0.9047612925077827,True,0.00016199578810950914,1.1052639058289488
2783,ua.radio.gsmboom::168,1,developer_plus_third_party,0,3,-0.5589433361085191,0.9047612925077827,True,0.00016199578810950914,1.1052639058289488
2784,ua.radio.gsmboom::168,1,developer_plus_third_party,0,3,-0.5589433361085191,0.9047612925077827,True,0.00016199578810950914,1.1052639058289488
2785,ua.radio.gsmboom::168,1,developer_plus_third_party,1,3,-0.5589433361085191,0.9047612925077827,True,0.00016199578810950914,1.1052639058289488
2786,ua.radio.gsmboom::168,1,developer_plus_third_party,1,3,-0.5589433361085191,0.9047612925077827,True,0.00016199578810950914,1.1052639058289488
2787,br.com.movibrasil.taxi.drivermachine::915,1,developer_plus_third_party,0,2,-0.147895395693681,0.9050577497903614,True,0.0019439494573141097,1.1049018697775144
2788,br.com.movibrasil.taxi.drivermachine::915,1,developer_plus_third_party,0,2,-0.147895395693681,0.9050577497903614,True,0.00016199578810950914,1.1049018697775144
2789,br.com.movibrasil.taxi.drivermachine::915,1,developer_plus_third_party,0,2,-0.147895395693681,0.9050577497903614,True,0.00016199578810950914,1.1049018697775144
2790,br.com.movibrasil.taxi.drivermachine::915,1,developer_plus_third_party,0,2,-0.147895395693681,0.9050577497903614,True,0.00016199578810950914,1.1049018697775144
2791,br.com.movibrasil.taxi.drivermachine::915,1,developer_plus_third_party,0,2,-0.147895395693681,0.9050577497903614,True,0.00016199578810950914,1.1049018697775144
2792,br.com.movibrasil.taxi.drivermachine::915,1,developer_plus_third_party,1,2,-0.147895395693681,0.9050577497903614,True,0.00016199578810950914,1.1049018697775144
2793,br.com.movibrasil.taxi.drivermachine::915,1,developer_plus_third_party,0,2,-0.147895395693681,0.9050577497903614,True,0.00016199578810950914,1.1049018697775144
2794,br.com.movibrasil.taxi.drivermachine::915,1,developer_plus_third_party,0,2,-0.147895395693681,0.9050577497903614,True,0.00016199578810950914,1.1049018697775144
2795,br.com.movibrasil.taxi.drivermachine::915,1,developer_plus_third_party,0,2,-0.147895395693681,0.9050577497903614,True,0.00016199578810950914,1.1049018697775144
2796,br.com.movibrasil.taxi.drivermachine::915,1,developer_plus_third_party,1,2,-0.147895395693681,0.9050577497903614,True,0.00016199578810950914,1.1049018697775144
2797,br.com.movibrasil.taxi.drivermachine::915,1,developer_plus_third_party,0,2,-0.147895395693681,0.9050577497903614,True,0.00016199578810950914,1.1049018697775144
2798,br.com.movibrasil.taxi.drivermachine::915,1,developer_plus_third_party,0,2,-0.147895395693681,0.9050577497903614,True,0.00016199578810950914,1.1049018697775144
2799,br.com.movibrasil.taxi.drivermachine::915,1,developer_plus_third_party,0,2,-0.147895395693681,0.9050577497903614,True,0.00016199578810950914,1.1049018697775144
2800,br.com.movibrasil.taxi.drivermachine::915,1,developer_plus_third_party,1,2,-0.147895395693681,0.9050577497903614,True,0.00016199578810950914,1.1049018697775144
2801,br.com.movibrasil.taxi.drivermachine::915,1,developer_plus_third_party,0,2,-0.147895395693681,0.9050577497903614,True,0.00016199578810950914,1.1049018697775144
2802,br.com.movibrasil.taxi.drivermachine::915,1,developer_plus_third_party,0,2,-0.147895395693681,0.9050577497903614,True,0.00016199578810950914,1.1049018697775144
2803,br.com.movibrasil.taxi.drivermachine::915,1,developer_plus_third_party,0,2,-0.147895395693681,0.9050577497903614,True,0.00016199578810950914,1.1049018697775144
2804,br.com.movibrasil.taxi.drivermachine::915,1,developer_plus_third_party,1,2,-0.147895395693681,0.9050577497903614,True,0.00016199578810950914,1.1049018697775144
2805,br.com.movibrasil.taxi.drivermachine::915,1,developer_plus_third_party,0,2,-0.147895395693681,0.9050577497903614,True,0.00016199578810950914,1.1049018697775144
2806,br.com.movibrasil.taxi.drivermachine::915,1,developer_plus_third_party,1,2,-0.147895395693681,0.9050577497903614,True,0.00016199578810950914,1.1049018697775144
2807,br.com.movibrasil.taxi.drivermachine::915,1,developer_plus_third_party,0,2,-0.147895395693681,0.9050577497903614,True,0.00016199578810950914,1.1049018697775144
2808,br.com.movibrasil.taxi.drivermachine::915,1,developer_plus_third_party,0,2,-0.147895395693681,0.9050577497903614,True,0.00016199578810950914,1.1049018697775144
2809,br.com.movibrasil.taxi.drivermachine::915,1,developer_plus_third_party,1,2,-0.147895395693681,0.9050577497903614,True,0.00016199578810950914,1.1049018697775144
2810,br.com.movibrasil.taxi.drivermachine::915,1,developer_plus_third_party,0,2,-0.147895395693681,0.9050577497903614,True,0.00016199578810950914,1.1049018697775144
2811,br.com.movibrasil.taxi.drivermachine::915,1,developer_plus_third_party,1,2,-0.147895395693681,0.9050577497903614,True,0.00016199578810950914,1.1049018697775144
2812,br.com.movibrasil.taxi.drivermachine::915,1,developer_plus_third_party,0,2,-0.147895395693681,0.9050577497903614,True,0.00016199578810950914,1.1049018697775144
2813,br.com.movibrasil.taxi.drivermachine::915,1,developer_plus_third_party,0,2,-0.147895395693681,0.9050577497903614,True,0.00016199578810950914,1.1049018697775144
2814,br.com.movibrasil.taxi.drivermachine::915,1,developer_plus_third_party,1,2,-0.147895395693681,0.9050577497903614,True,0.00016199578810950914,1.1049018697775144
2815,br.com.movibrasil.taxi.drivermachine::915,1,developer_plus_third_party,1,2,-0.147895395693681,0.9050577497903614,True,0.00016199578810950914,1.1049018697775144
2816,br.com.movibrasil.taxi.drivermachine::915,1,developer_plus_third_party,0,2,-0.147895395693681,0.9050577497903614,True,0.00016199578810950914,1.1049018697775144
2817,br.com.movibrasil.taxi.drivermachine::915,1,developer_plus_third_party,0,2,-0.147895395693681,0.9050577497903614,True,0.00016199578810950914,1.1049018697775144
2818,br.com.movibrasil.taxi.drivermachine::915,1,developer_plus_third_party,1,2,-0.147895395693681,0.9050577497903614,True,0.00016199578810950914,1.1049018697775144
2819,br.com.movibrasil.taxi.drivermachine::915,1,developer_plus_third_party,0,2,-0.147895395693681,0.9050577497903614,True,0.00016199578810950914,1.1049018697775144
2820,br.com.movibrasil.taxi.drivermachine::915,1,developer_plus_third_party,0,2,-0.147895395693681,0.9050577497903614,True,0.00016199578810950914,1.1049018697775144
2821,br.com.movibrasil.taxi.drivermachine::915,1,developer_plus_third_party,0,2,-0.147895395693681,0.9050577497903614,True,0.00016199578810950914,1.1049018697775144
2822,br.com.movibrasil.taxi.drivermachine::915,1,developer_plus_third_party,1,2,-0.147895395693681,0.9050577497903614,True,0.00016199578810950914,1.1049018697775144
2823,br.com.movibrasil.taxi.drivermachine::915,1,developer_plus_third_party,1,2,-0.147895395693681,0.9050577497903614,True,0.00016199578810950914,1.1049018697775144
2824,br.com.movibrasil.taxi.drivermachine::915,1,developer_plus_third_party,0,2,-0.147895395693681,0.9050577497903614,True,0.00016199578810950914,1.1049018697775144
2825,br.com.movibrasil.taxi.drivermachine::915,1,developer_plus_third_party,0,2,-0.147895395693681,0.9050577497903614,True,0.00016199578810950914,1.1049018697775144
2826,br.com.movibrasil.taxi.drivermachine::915,1,developer_plus_third_party,0,2,-0.147895395693681,0.9050577497903614,True,0.00016199578810950914,1.1049018697775144
2827,br.com.movibrasil.taxi.drivermachine::915,1,developer_plus_third_party,0,2,-0.147895395693681,0.9050577497903614,True,0.00016199578810950914,1.1049018697775144
2828,br.com.movibrasil.taxi.drivermachine::915,1,developer_plus_third_party,0,2,-0.147895395693681,0.9050577497903614,True,0.00016199578810950914,1.1049018697775144
2829,br.com.movibrasil.taxi.drivermachine::915,1,developer_plus_third_party,0,2,-0.147895395693681,0.9050577497903614,True,0.00016199578810950914,1.1049018697775144
2830,br.com.movibrasil.taxi.drivermachine::915,1,developer_plus_third_party,1,2,-0.147895395693681,0.9050577497903614,True,0.00016199578810950914,1.1049018697775144
2831,br.com.movibrasil.taxi.drivermachine::915,1,developer_plus_third_party,0,2,-0.147895395693681,0.9050577497903614,True,0.00016199578810950914,1.1049018697775144
2832,br.com.movibrasil.taxi.drivermachine::915,1,developer_plus_third_party,0,2,-0.147895395693681,0.9050577497903614,True,0.00016199578810950914,1.1049018697775144
2833,com.app.user.sureEcosystem::51,1,developer_plus_third_party,1,2,-0.4255574653673033,0.9023960383359694,True,0.00016199578810950914,1.1081608933523397
2834,com.app.user.sureEcosystem::51,1,developer_plus_third_party,0,2,-0.4255574653673033,0.9023960383359694,True,0.00016199578810950914,1.1081608933523397
2835,com.app.user.sureEcosystem::51,1,developer_plus_third_party,1,2,-0.4255574653673033,0.9023960383359694,True,0.00016199578810950914,1.1081608933523397
2836,com.appsfreestations.radiosdeadalucia::7,1,developer_plus_third_party,1,2,-0.3498091826152427,0.9031287042759418,True,0.00016199578810950914,1.1072618944181627
2837,com.appsfreestations.radiosdeadalucia::7,1,developer_plus_third_party,1,2,-0.3498091826152427,0.9031287042759418,True,0.00016199578810950914,1.1072618944181627
2838,com.appsfreestations.radiosdeadalucia::7,1,developer_plus_third_party,1,2,-0.3498091826152427,0.9031287042759418,True,0.00016199578810950914,1.1072618944181627
2839,com.appsfreestations.radiosdeadalucia::7,1,developer_plus_third_party,0,2,-0.3498091826152427,0.9031287042759418,True,0.00016199578810950914,1.1072618944181627
2840,com.appsfreestations.radiosdeadalucia::7,1,developer_plus_third_party,0,2,-0.3498091826152427,0.9031287042759418,True,0.00016199578810950914,1.1072618944181627
2841,com.appsfreestations.radiosdeadalucia::7,1,developer_plus_third_party,0,2,-0.3498091826152427,0.9031287042759418,True,0.00016199578810950914,1.1072618944181627
2842,com.appsfreestations.radiosdeadalucia::7,1,developer_plus_third_party,0,2,-0.3498091826152427,0.9031287042759418,True,0.00016199578810950914,1.1072618944181627
2843,com.appsfreestations.radiosdeadalucia::7,1,developer_plus_third_party,0,2,-0.3498091826152427,0.9031287042759418,True,0.00016199578810950914,1.1072618944181627
2844,com.appsfreestations.radiosdeadalucia::7,1,developer_plus_third_party,0,2,-0.3498091826152427,0.9031287042759418,True,0.00016199578810950914,1.1072618944181627
2845,com.appsfreestations.radiosdeadalucia::7,1,developer_plus_third_party,0,2,-0.3498091826152427,0.9031287042759418,True,0.00016199578810950914,1.1072618944181627
2846,com.appsfreestations.radiosdeadalucia::7,1,developer_plus_third_party,1,2,-0.3498091826152427,0.9031287042759418,True,0.00016199578810950914,1.1072618944181627
2847,com.appsfreestations.radiosdeadalucia::7,1,developer_plus_third_party,1,2,-0.3498091826152427,0.9031287042759418,True,0.00016199578810950914,1.1072618944181627
2848,com.heydomo.vendors::19,1,developer_plus_third_party,0,2,-0.26315513722579215,0.903960830356624,True,0.00016199578810950914,1.1062426229303401
2849,com.heydomo.vendors::19,1,developer_plus_third_party,1,2,-0.26315513722579215,0.903960830356624,True,0.00016199578810950914,1.1062426229303401
2850,com.heydomo.vendors::19,1,developer_plus_third_party,1,2,-0.26315513722579215,0.903960830356624,True,0.00016199578810950914,1.1062426229303401
2851,com.heydomo.vendors::19,1,developer_plus_third_party,1,2,-0.26315513722579215,0.903960830356624,True,0.00016199578810950914,1.1062426229303401
2852,com.heydomo.vendors::19,1,developer_plus_third_party,0,2,-0.26315513722579215,0.903960830356624,True,0.00016199578810950914,1.1062426229303401
2853,com.heydomo.vendors::19,1,developer_plus_third_party,0,2,-0.26315513722579215,0.903960830356624,True,0.00016199578810950914,1.1062426229303401
2854,com.heydomo.vendors::19,1,developer_plus_third_party,1,2,-0.26315513722579215,0.903960830356624,True,0.00016199578810950914,1.1062426229303401
2855,com.heydomo.vendors::19,1,developer_plus_third_party,0,2,-0.26315513722579215,0.903960830356624,True,0.00016199578810950914,1.1062426229303401
2856,com.heydomo.vendors::19,1,developer_plus_third_party,0,2,-0.26315513722579215,0.903960830356624,True,0.00016199578810950914,1.1062426229303401
2857,com.heydomo.vendors::19,1,developer_plus_third_party,0,2,-0.26315513722579215,0.903960830356624,True,0.00016199578810950914,1.1062426229303401
2858,com.heydomo.vendors::19,1,developer_plus_third_party,1,2,-0.26315513722579215,0.903960830356624,True,0.00016199578810950914,1.1062426229303401
2859,com.heydomo.vendors::19,1,developer_plus_third_party,0,2,-0.26315513722579215,0.903960830356624,True,0.00016199578810950914,1.1062426229303401
2860,com.heydomo.vendors::19,1,developer_plus_third_party,0,2,-0.26315513722579215,0.903960830356624,True,0.00016199578810950914,1.1062426229303401
2861,com.heydomo.vendors::19,1,developer_plus_third_party,1,2,-0.26315513722579215,0.903960830356624,True,0.00016199578810950914,1.1062426229303401
2862,com.heydomo.vendors::19,1,developer_plus_third_party,0,2,-0.26315513722579215,0.903960830356624,True,0.00016199578810950914,1.1062426229303401
2863,com.heydomo.vendors::19,1,developer_plus_third_party,0,2,-0.26315513722579215,0.903960830356624,True,0.00016199578810950914,1.1062426229303401
2864,com.heydomo.vendors::19,1,developer_plus_third_party,0,2,-0.26315513722579215,0.903960830356624,True,0.00016199578810950914,1.1062426229303401
2865,com.heydomo.vendors::19,1,developer_plus_third_party,0,2,-0.26315513722579215,0.903960830356624,True,0.00016199578810950914,1.1062426229303401
2866,com.heydomo.vendors::19,1,developer_plus_third_party,0,2,-0.26315513722579215,0.903960830356624,True,0.00016199578810950914,1.1062426229303401
2867,com.heydomo.vendors::19,1,developer_plus_third_party,0,2,-0.26315513722579215,0.903960830356624,True,0.00016199578810950914,1.1062426229303401
2868,com.heydomo.vendors::19,1,developer_plus_third_party,0,2,-0.26315513722579215,0.903960830356624,True,0.00016199578810950914,1.1062426229303401
2869,com.heydomo.vendors::19,1,developer_plus_third_party,1,2,-0.26315513722579215,0.903960830356624,True,0.00016199578810950914,1.1062426229303401
2870,com.heydomo.vendors::19,1,developer_plus_third_party,0,2,-0.26315513722579215,0.903960830356624,True,0.00016199578810950914,1.1062426229303401
2871,com.heydomo.vendors::19,1,developer_plus_third_party,0,2,-0.26315513722579215,0.903960830356624,True,0.00016199578810950914,1.1062426229303401
2872,com.heydomo.vendors::19,1,developer_plus_third_party,0,2,-0.26315513722579215,0.903960830356624,True,0.00016199578810950914,1.1062426229303401
2873,com.heydomo.vendors::19,1,developer_plus_third_party,0,2,-0.26315513722579215,0.903960830356624,True,0.00016199578810950914,1.1062426229303401
2874,com.heydomo.vendors::19,1,developer_plus_third_party,0,2,-0.26315513722579215,0.903960830356624,True,0.00016199578810950914,1.1062426229303401
2875,com.heydomo.vendors::19,1,developer_plus_third_party,0,2,-0.26315513722579215,0.903960830356624,True,0.00016199578810950914,1.1062426229303401
2876,com.heydomo.vendors::19,1,developer_plus_third_party,0,2,-0.26315513722579215,0.903960830356624,True,0.00016199578810950914,1.1062426229303401
2877,com.heydomo.vendors::19,1,developer_plus_third_party,0,2,-0.26315513722579215,0.903960830356624,True,0.00016199578810950914,1.1062426229303401
2878,com.heydomo.vendors::19,1,developer_plus_third_party,0,2,-0.26315513722579215,0.903960830356624,True,0.00016199578810950914,1.1062426229303401
2879,com.heydomo.vendors::19,1,developer_plus_third_party,0,2,-0.26315513722579215,0.903960830356624,True,0.00016199578810950914,1.1062426229303401
2880,com.heydomo.vendors::19,1,developer_plus_third_party,0,2,-0.26315513722579215,0.903960830356624,True,0.00016199578810950914,1.1062426229303401
2881,com.heydomo.vendors::19,1,developer_plus_third_party,0,2,-0.26315513722579215,0.903960830356624,True,0.00016199578810950914,1.1062426229303401
2882,com.heydomo.vendors::19,1,developer_plus_third_party,0,2,-0.26315513722579215,0.903960830356624,True,0.00016199578810950914,1.1062426229303401
2883,com.heydomo.vendors::19,1,developer_plus_third_party,0,2,-0.26315513722579215,0.903960830356624,True,0.00016199578810950914,1.1062426229303401
2884,com.heydomo.vendors::19,1,developer_plus_third_party,0,2,-0.26315513722579215,0.903960830356624,True,0.00016199578810950914,1.1062426229303401
2885,com.ingeniando.ciudadelaelejercito::3,1,developer_plus_third_party,0,2,-0.43596395984463543,0.9022949975467508,True,0.00016199578810950914,1.108284987414204
2886,com.ingeniando.ciudadelaelejercito::3,1,developer_plus_third_party,0,2,-0.43596395984463543,0.9022949975467508,True,0.00016199578810950914,1.108284987414204
2887,com.ingeniando.ciudadelaelejercito::3,1,developer_plus_third_party,0,2,-0.43596395984463543,0.9022949975467508,True,0.00016199578810950914,1.108284987414204
2888,com.ingeniando.ciudadelaelejercito::3,1,developer_plus_third_party,0,2,-0.43596395984463543,0.9022949975467508,True,0.00016199578810950914,1.108284987414204
2889,com.ingeniando.ciudadelaelejercito::3,1,developer_plus_third_party,0,2,-0.43596395984463543,0.9022949975467508,True,0.00016199578810950914,1.108284987414204
2890,com.ingeniando.ciudadelaelejercito::3,1,developer_plus_third_party,0,2,-0.43596395984463543,0.9022949975467508,True,0.00016199578810950914,1.108284987414204
2891,com.ingeniando.ciudadelaelejercito::3,1,developer_plus_third_party,0,2,-0.43596395984463543,0.9022949975467508,True,0.00016199578810950914,1.108284987414204
2892,com.ingeniando.ciudadelaelejercito::3,1,developer_plus_third_party,1,2,-0.43596395984463543,0.9022949975467508,True,0.00016199578810950914,1.108284987414204
2893,com.ingeniando.ciudadelaelejercito::3,1,developer_plus_third_party,1,2,-0.43596395984463543,0.9022949975467508,True,0.00016199578810950914,1.108284987414204
2894,com.keywee.shipping.shipitto::29,1,developer_plus_third_party,1,2,-0.5193746010632766,0.9014817556844802,True,0.00016199578810950914,1.109284789951979
2895,com.keywee.shipping.shipitto::29,1,developer_plus_third_party,0,2,-0.5193746010632766,0.9014817556844802,True,0.00016199578810950914,1.109284789951979
2896,com.keywee.shipping.shipitto::29,1,developer_plus_third_party,1,2,-0.5193746010632766,0.9014817556844802,True,0.00016199578810950914,1.109284789951979
2897,com.keywee.shipping.shipitto::29,1,developer_plus_third_party,1,2,-0.5193746010632766,0.9014817556844802,True,0.00016199578810950914,1.109284789951979
2898,com.keywee.shipping.shipitto::29,1,developer_plus_third_party,0,2,-0.5193746010632766,0.9014817556844802,True,0.00016199578810950914,1.109284789951979
2899,com.keywee.shipping.shipitto::29,1,developer_plus_third_party,0,2,-0.5193746010632766,0.9014817556844802,True,0.00016199578810950914,1.109284789951979
2900,com.keywee.shipping.shipitto::29,1,developer_plus_third_party,0,2,-0.5193746010632766,0.9014817556844802,True,0.00016199578810950914,1.109284789951979
2901,com.keywee.shipping.shipitto::29,1,developer_plus_third_party,1,2,-0.5193746010632766,0.9014817556844802,True,0.00016199578810950914,1.109284789951979
2902,com.keywee.shipping.shipitto::29,1,developer_plus_third_party,0,2,-0.5193746010632766,0.9014817556844802,True,0.00016199578810950914,1.109284789951979
2903,com.keywee.shipping.shipitto::29,1,developer_plus_third_party,1,2,-0.5193746010632766,0.9014817556844802,True,0.00016199578810950914,1.109284789951979
2904,com.keywee.shipping.shipitto::29,1,developer_plus_third_party,0,2,-0.5193746010632766,0.9014817556844802,True,0.00016199578810950914,1.109284789951979
2905,com.keywee.shipping.shipitto::29,1,developer_plus_third_party,1,2,-0.5193746010632766,0.9014817556844802,True,0.00016199578810950914,1.109284789951979
2906,com.keywee.shipping.shipitto::29,1,developer_plus_third_party,0,2,-0.5193746010632766,0.9014817556844802,True,0.00016199578810950914,1.109284789951979
2907,com.keywee.shipping.shipitto::29,1,developer_plus_third_party,1,2,-0.5193746010632766,0.9014817556844802,True,0.00016199578810950914,1.109284789951979
2908,com.keywee.shipping.shipitto::29,1,developer_plus_third_party,1,2,-0.5193746010632766,0.9014817556844802,True,0.00016199578810950914,1.109284789951979
2909,com.keywee.shipping.shipitto::29,1,developer_plus_third_party,0,2,-0.5193746010632766,0.9014817556844802,True,0.00016199578810950914,1.109284789951979
2910,com.keywee.shipping.shipitto::29,1,developer_plus_third_party,0,2,-0.5193746010632766,0.9014817556844802,True,0.00016199578810950914,1.109284789951979
2911,com.keywee.shipping.shipitto::29,1,developer_plus_third_party,0,2,-0.5193746010632766,0.9014817556844802,True,0.00016199578810950914,1.109284789951979
2912,com.keywee.shipping.shipitto::29,1,developer_plus_third_party,0,2,-0.5193746010632766,0.9014817556844802,True,0.00016199578810950914,1.109284789951979
2913,com.keywee.shipping.shipitto::29,1,developer_plus_third_party,0,2,-0.5193746010632766,0.9014817556844802,True,0.00016199578810950914,1.109284789951979
2914,com.keywee.shipping.shipitto::29,1,developer_plus_third_party,0,2,-0.5193746010632766,0.9014817556844802,True,0.00016199578810950914,1.109284789951979
2915,com.keywee.shipping.shipitto::29,1,developer_plus_third_party,0,2,-0.5193746010632766,0.9014817556844802,True,0.00016199578810950914,1.109284789951979
2916,com.keywee.shipping.shipitto::29,1,developer_plus_third_party,1,2,-0.5193746010632766,0.9014817556844802,True,0.00016199578810950914,1.109284789951979
2917,com.keywee.shipping.shipitto::29,1,developer_plus_third_party,1,2,-0.5193746010632766,0.9014817556844802,True,0.00016199578810950914,1.109284789951979
2918,com.keywee.shipping.shipitto::29,1,developer_plus_third_party,0,2,-0.5193746010632766,0.9014817556844802,True,0.00016199578810950914,1.109284789951979
2919,com.keywee.shipping.shipitto::29,1,developer_plus_third_party,0,2,-0.5193746010632766,0.9014817556844802,True,0.00016199578810950914,1.109284789951979
2920,com.keywee.shipping.shipitto::29,1,developer_plus_third_party,0,2,-0.5193746010632766,0.9014817556844802,True,0.00016199578810950914,1.109284789951979
2921,com.keywee.shipping.shipitto::29,1,developer_plus_third_party,0,2,-0.5193746010632766,0.9014817556844802,True,0.00016199578810950914,1.109284789951979
2922,com.keywee.shipping.shipitto::29,1,developer_plus_third_party,0,2,-0.5193746010632766,0.9014817556844802,True,0.00016199578810950914,1.109284789951979
2923,com.keywee.shipping.shipitto::29,1,developer_plus_third_party,0,2,-0.5193746010632766,0.9014817556844802,True,0.00016199578810950914,1.109284789951979
2924,com.keywee.shipping.shipitto::29,1,developer_plus_third_party,0,2,-0.5193746010632766,0.9014817556844802,True,0.00016199578810950914,1.109284789951979
2925,com.keywee.shipping.shipitto::29,1,developer_plus_third_party,0,2,-0.5193746010632766,0.9014817556844802,True,0.00016199578810950914,1.109284789951979
2926,com.keywee.shipping.shipitto::29,1,developer_plus_third_party,0,2,-0.5193746010632766,0.9014817556844802,True,0.00016199578810950914,1.109284789951979
2927,com.keywee.shipping.shipitto::29,1,developer_plus_third_party,0,2,-0.5193746010632766,0.9014817556844802,True,0.00016199578810950914,1.109284789951979
2928,com.keywee.shipping.shipitto::29,1,developer_plus_third_party,0,2,-0.5193746010632766,0.9014817556844802,True,0.00016199578810950914,1.109284789951979
2929,com.keywee.shipping.shipitto::29,1,developer_plus_third_party,0,2,-0.5193746010632766,0.9014817556844802,True,0.00016199578810950914,1.109284789951979
2930,com.keywee.shipping.shipitto::29,1,developer_plus_third_party,0,2,-0.5193746010632766,0.9014817556844802,True,0.00016199578810950914,1.109284789951979
2931,com.keywee.shipping.shipitto::29,1,developer_plus_third_party,0,2,-0.5193746010632766,0.9014817556844802,True,0.00016199578810950914,1.109284789951979
2932,com.mappytom.manager_app::63,1,developer_plus_third_party,1,2,-0.6331137481907483,0.9003631015893083,True,0.0016199578810950914,1.1106630183254
2933,com.mappytom.manager_app::63,1,developer_plus_third_party,1,2,-0.6331137481907483,0.9003631015893083,True,0.00016199578810950914,1.1106630183254
2934,com.mappytom.manager_app::63,1,developer_plus_third_party,1,2,-0.6331137481907483,0.9003631015893083,True,0.00016199578810950914,1.1106630183254
2935,com.mappytom.manager_app::63,1,developer_plus_third_party,1,2,-0.6331137481907483,0.9003631015893083,True,0.00016199578810950914,1.1106630183254
2936,com.mappytom.manager_app::63,1,developer_plus_third_party,1,2,-0.6331137481907483,0.9003631015893083,True,0.00016199578810950914,1.1106630183254
2937,com.mappytom.manager_app::63,1,developer_plus_third_party,1,2,-0.6331137481907483,0.9003631015893083,True,0.00016199578810950914,1.1106630183254
2938,com.mappytom.manager_app::63,1,developer_plus_third_party,1,2,-0.6331137481907483,0.9003631015893083,True,0.00016199578810950914,1.1106630183254
2939,com.mappytom.manager_app::63,1,developer_plus_third_party,1,2,-0.6331137481907483,0.9003631015893083,True,0.00016199578810950914,1.1106630183254
2940,com.mappytom.manager_app::63,1,developer_plus_third_party,1,2,-0.6331137481907483,0.9003631015893083,True,0.00016199578810950914,1.1106630183254
2941,com.mappytom.manager_app::63,1,developer_plus_third_party,1,2,-0.6331137481907483,0.9003631015893083,True,0.00016199578810950914,1.1106630183254
2942,com.momosoft.goodmemo::4,1,developer_plus_third_party,1,2,-0.6637383422452188,0.9000599762791733,True,0.00016199578810950914,1.1110370712560471
2943,com.momosoft.goodmemo::4,1,developer_plus_third_party,1,2,-0.6637383422452188,0.9000599762791733,True,0.00016199578810950914,1.1110370712560471
2944,com.momosoft.goodmemo::4,1,developer_plus_third_party,1,2,-0.6637383422452188,0.9000599762791733,True,0.00016199578810950914,1.1110370712560471
2945,com.momosoft.goodmemo::4,1,developer_plus_third_party,1,2,-0.6637383422452188,0.9000599762791733,True,0.00016199578810950914,1.1110370712560471
2946,com.momosoft.goodmemo::4,1,developer_plus_third_party,1,2,-0.6637383422452188,0.9000599762791733,True,0.00016199578810950914,1.1110370712560471
2947,com.momosoft.goodmemo::4,1,developer_plus_third_party,1,2,-0.6637383422452188,0.9000599762791733,True,0.00016199578810950914,1.1110370712560471
2948,com.momosoft.goodmemo::4,1,developer_plus_third_party,1,2,-0.6637383422452188,0.9000599762791733,True,0.00016199578810950914,1.1110370712560471
2949,com.momosoft.goodmemo::4,1,developer_plus_third_party,0,2,-0.6637383422452188,0.9000599762791733,True,0.00016199578810950914,1.1110370712560471
2950,com.momosoft.goodmemo::4,1,developer_plus_third_party,1,2,-0.6637383422452188,0.9000599762791733,True,0.00016199578810950914,1.1110370712560471
2951,com.momosoft.goodmemo::4,1,developer_plus_third_party,1,2,-0.6637383422452188,0.9000599762791733,True,0.00016199578810950914,1.1110370712560471
2952,com.momosoft.goodmemo::4,1,developer_plus_third_party,1,2,-0.6637383422452188,0.9000599762791733,True,0.00016199578810950914,1.1110370712560471
2953,com.social.ekchat::78,1,developer_plus_third_party,1,2,1.3555744305970532,0.9183691055741916,True,0.0003239915762190183,1.0888868037157786
2954,com.social.ekchat::78,1,developer_plus_third_party,0,2,1.3555744305970532,0.9183691055741916,True,0.00016199578810950914,1.0888868037157786
2955,com.social.ekchat::78,1,developer_plus_third_party,1,2,1.3555744305970532,0.9183691055741916,True,0.00016199578810950914,1.0888868037157786
2956,com.social.ekchat::78,1,developer_plus_third_party,1,2,1.3555744305970532,0.9183691055741916,True,0.00016199578810950914,1.0888868037157786
2957,com.social.ekchat::78,1,developer_plus_third_party,1,2,1.3555744305970532,0.9183691055741916,True,0.00016199578810950914,1.0888868037157786
2958,com.social.ekchat::78,1,developer_plus_third_party,1,2,1.3555744305970532,0.9183691055741916,True,0.00016199578810950914,1.0888868037157786
2959,com.social.ekchat::78,1,developer_plus_third_party,1,2,1.3555744305970532,0.9183691055741916,True,0.00016199578810950914,1.0888868037157786
2960,com.social.ekchat::78,1,developer_plus_third_party,1,2,1.3555744305970532,0.9183691055741916,True,0.00016199578810950914,1.0888868037157786
2961,com.social.ekchat::78,1,developer_plus_third_party,1,2,1.3555744305970532,0.9183691055741916,True,0.00016199578810950914,1.0888868037157786
2962,com.social.ekchat::78,1,developer_plus_third_party,0,2,1.3555744305970532,0.9183691055741916,True,0.00016199578810950914,1.0888868037157786
2963,com.social.ekchat::78,1,developer_plus_third_party,1,2,1.3555744305970532,0.9183691055741916,True,0.00016199578810950914,1.0888868037157786
2964,com.social.ekchat::78,1,developer_plus_third_party,1,2,1.3555744305970532,0.9183691055741916,True,0.00016199578810950914,1.0888868037157786
2965,com.social.ekchat::78,1,developer_plus_third_party,1,2,1.3555744305970532,0.9183691055741916,True,0.00016199578810950914,1.0888868037157786
2966,com.social.ekchat::78,1,developer_plus_third_party,1,2,1.3555744305970532,0.9183691055741916,True,0.00016199578810950914,1.0888868037157786
2967,com.social.ekchat::78,1,developer_plus_third_party,1,2,1.3555744305970532,0.9183691055741916,True,0.00016199578810950914,1.0888868037157786
2968,com.social.ekchat::78,1,developer_plus_third_party,1,2,1.3555744305970532,0.9183691055741916,True,0.00016199578810950914,1.0888868037157786
2969,com.social.ekchat::78,1,developer_plus_third_party,0,2,1.3555744305970532,0.9183691055741916,True,0.00016199578810950914,1.0888868037157786
2970,com.social.ekchat::78,1,developer_plus_third_party,0,2,1.3555744305970532,0.9183691055741916,True,0.00016199578810950914,1.0888868037157786
2971,com.social.ekchat::78,1,developer_plus_third_party,0,2,1.3555744305970532,0.9183691055741916,True,0.00016199578810950914,1.0888868037157786
2972,com.social.ekchat::78,1,developer_plus_third_party,0,2,1.3555744305970532,0.9183691055741916,True,0.00016199578810950914,1.0888868037157786
2973,com.social.ekchat::78,1,developer_plus_third_party,0,2,1.3555744305970532,0.9183691055741916,True,0.00016199578810950914,1.0888868037157786
2974,com.social.ekchat::78,1,developer_plus_third_party,0,2,1.3555744305970532,0.9183691055741916,True,0.00016199578810950914,1.0888868037157786
2975,com.social.ekchat::78,1,developer_plus_third_party,0,2,1.3555744305970532,0.9183691055741916,True,0.00016199578810950914,1.0888868037157786
2976,com.social.ekchat::78,1,developer_plus_third_party,0,2,1.3555744305970532,0.9183691055741916,True,0.00016199578810950914,1.0888868037157786
2977,com.social.ekchat::78,1,developer_plus_third_party,0,2,1.3555744305970532,0.9183691055741916,True,0.00016199578810950914,1.0888868037157786
2978,com.social.ekchat::78,1,developer_plus_third_party,0,2,1.3555744305970532,0.9183691055741916,True,0.00016199578810950914,1.0888868037157786
2979,com.social.ekchat::78,1,developer_plus_third_party,0,2,1.3555744305970532,0.9183691055741916,True,0.00016199578810950914,1.0888868037157786
2980,com.social.ekchat::78,1,developer_plus_third_party,0,2,1.3555744305970532,0.9183691055741916,True,0.00016199578810950914,1.0888868037157786
2981,com.social.ekchat::78,1,developer_plus_third_party,0,2,1.3555744305970532,0.9183691055741916,True,0.00016199578810950914,1.0888868037157786
2982,com.social.ekchat::78,1,developer_plus_third_party,0,2,1.3555744305970532,0.9183691055741916,True,0.00016199578810950914,1.0888868037157786
2983,com.social.ekchat::78,1,developer_plus_third_party,0,2,1.3555744305970532,0.9183691055741916,True,0.00016199578810950914,1.0888868037157786
2984,com.social.ekchat::78,1,developer_plus_third_party,0,2,1.3555744305970532,0.9183691055741916,True,0.00016199578810950914,1.0888868037157786
2985,com.social.ekchat::78,1,developer_plus_third_party,0,2,1.3555744305970532,0.9183691055741916,True,0.00016199578810950914,1.0888868037157786
2986,com.social.ekchat::78,1,developer_plus_third_party,0,2,1.3555744305970532,0.9183691055741916,True,0.00016199578810950914,1.0888868037157786
2987,com.social.ekchat::78,1,developer_plus_third_party,0,2,1.3555744305970532,0.9183691055741916,True,0.00016199578810950914,1.0888868037157786
2988,com.social.ekchat::78,1,developer_plus_third_party,0,2,1.3555744305970532,0.9183691055741916,True,0.00016199578810950914,1.0888868037157786
2989,com.social.ekchat::78,1,developer_plus_third_party,0,2,1.3555744305970532,0.9183691055741916,True,0.00016199578810950914,1.0888868037157786
2990,com.social.ekchat::78,1,developer_plus_third_party,0,2,1.3555744305970532,0.9183691055741916,True,0.00016199578810950914,1.0888868037157786
2991,com.social.ekchat::78,1,developer_plus_third_party,0,2,1.3555744305970532,0.9183691055741916,True,0.00016199578810950914,1.0888868037157786
2992,com.social.ekchat::78,1,developer_plus_third_party,0,2,1.3555744305970532,0.9183691055741916,True,0.00016199578810950914,1.0888868037157786
2993,com.social.ekchat::78,1,developer_plus_third_party,0,2,1.3555744305970532,0.9183691055741916,True,0.00016199578810950914,1.0888868037157786
2994,com.social.ekchat::78,1,developer_plus_third_party,0,2,1.3555744305970532,0.9183691055741916,True,0.00016199578810950914,1.0888868037157786
2995,com.social.ekchat::78,1,developer_plus_third_party,0,2,1.3555744305970532,0.9183691055741916,True,0.00016199578810950914,1.0888868037157786
2996,com.social.ekchat::78,1,developer_plus_third_party,0,2,1.3555744305970532,0.9183691055741916,True,0.00016199578810950914,1.0888868037157786
2997,com.social.ekchat::78,1,developer_plus_third_party,0,2,1.3555744305970532,0.9183691055741916,True,0.00016199578810950914,1.0888868037157786
2998,com.social.ekchat::78,1,developer_plus_third_party,0,2,1.3555744305970532,0.9183691055741916,True,0.00016199578810950914,1.0888868037157786
2999,com.social.ekchat::78,1,developer_plus_third_party,0,2,1.3555744305970532,0.9183691055741916,True,0.00016199578810950914,1.0888868037157786
3000,com.social.ekchat::78,1,developer_plus_third_party,0,2,1.3555744305970532,0.9183691055741916,True,0.00016199578810950914,1.0888868037157786
3001,com.social.ekchat::78,1,developer_plus_third_party,0,2,1.3555744305970532,0.9183691055741916,True,0.00016199578810950914,1.0888868037157786
3002,com.socorroec.smartapps::626,1,developer_plus_third_party,1,2,1.1164057491623949,0.9163715779065137,True,0.00016199578810950914,1.0912603840076955
3003,com.socorroec.smartapps::626,1,developer_plus_third_party,1,2,1.1164057491623949,0.9163715779065137,True,0.00016199578810950914,1.0912603840076955
3004,com.socorroec.smartapps::626,1,developer_plus_third_party,1,2,1.1164057491623949,0.9163715779065137,True,0.00016199578810950914,1.0912603840076955
3005,com.socorroec.smartapps::626,1,developer_plus_third_party,1,2,1.1164057491623949,0.9163715779065137,True,0.00016199578810950914,1.0912603840076955
3006,com.socorroec.smartapps::626,1,developer_plus_third_party,1,2,1.1164057491623949,0.9163715779065137,True,0.00016199578810950914,1.0912603840076955
3007,com.socorroec.smartapps::626,1,developer_plus_third_party,1,2,1.1164057491623949,0.9163715779065137,True,0.00016199578810950914,1.0912603840076955
3008,com.socorroec.smartapps::626,1,developer_plus_third_party,1,2,1.1164057491623949,0.9163715779065137,True,0.00016199578810950914,1.0912603840076955
3009,com.socorroec.smartapps::626,1,developer_plus_third_party,1,2,1.1164057491623949,0.9163715779065137,True,0.00016199578810950914,1.0912603840076955
3010,com.socorroec.smartapps::626,1,developer_plus_third_party,0,2,1.1164057491623949,0.9163715779065137,True,0.00016199578810950914,1.0912603840076955
3011,com.socorroec.smartapps::626,1,developer_plus_third_party,0,2,1.1164057491623949,0.9163715779065137,True,0.00016199578810950914,1.0912603840076955
3012,com.socorroec.smartapps::626,1,developer_plus_third_party,0,2,1.1164057491623949,0.9163715779065137,True,0.00016199578810950914,1.0912603840076955
3013,com.socorroec.smartapps::626,1,developer_plus_third_party,1,2,1.1164057491623949,0.9163715779065137,True,0.00016199578810950914,1.0912603840076955
3014,com.socorroec.smartapps::626,1,developer_plus_third_party,0,2,1.1164057491623949,0.9163715779065137,True,0.0027539283978616543,1.0912603840076955
3015,com.socorroec.smartapps::626,1,developer_plus_third_party,1,2,1.1164057491623949,0.9163715779065137,True,0.00016199578810950914,1.0912603840076955
3016,com.socorroec.smartapps::626,1,developer_plus_third_party,1,2,1.1164057491623949,0.9163715779065137,True,0.00016199578810950914,1.0912603840076955
3017,com.socorroec.smartapps::626,1,developer_plus_third_party,0,2,1.1164057491623949,0.9163715779065137,True,0.00016199578810950914,1.0912603840076955
3018,com.socorroec.smartapps::626,1,developer_plus_third_party,0,2,1.1164057491623949,0.9163715779065137,True,0.00016199578810950914,1.0912603840076955
3019,com.socorroec.smartapps::626,1,developer_plus_third_party,0,2,1.1164057491623949,0.9163715779065137,True,0.00016199578810950914,1.0912603840076955
3020,com.socorroec.smartapps::626,1,developer_plus_third_party,0,2,1.1164057491623949,0.9163715779065137,True,0.00016199578810950914,1.0912603840076955
3021,com.socorroec.smartapps::626,1,developer_plus_third_party,0,2,1.1164057491623949,0.9163715779065137,True,0.00016199578810950914,1.0912603840076955
3022,com.socorroec.smartapps::626,1,developer_plus_third_party,0,2,1.1164057491623949,0.9163715779065137,True,0.00016199578810950914,1.0912603840076955
3023,com.socorroec.smartapps::626,1,developer_plus_third_party,0,2,1.1164057491623949,0.9163715779065137,True,0.00016199578810950914,1.0912603840076955
3024,com.socorroec.smartapps::626,1,developer_plus_third_party,0,2,1.1164057491623949,0.9163715779065137,True,0.00016199578810950914,1.0912603840076955
3025,com.socorroec.smartapps::626,1,developer_plus_third_party,1,2,1.1164057491623949,0.9163715779065137,True,0.00016199578810950914,1.0912603840076955
3026,com.socorroec.smartapps::626,1,developer_plus_third_party,1,2,1.1164057491623949,0.9163715779065137,True,0.00016199578810950914,1.0912603840076955
3027,com.stranger_thingss.wallpaper::10,1,developer_plus_third_party,1,2,-0.1792109223787834,0.904760836399232,True,0.00016199578810950914,1.1052644630152217
3028,com.stranger_thingss.wallpaper::10,1,developer_plus_third_party,1,2,-0.1792109223787834,0.904760836399232,True,0.00016199578810950914,1.1052644630152217
3029,com.tenapps.allindianews::7,1,developer_plus_third_party,1,2,-0.43904011732108417,0.9022651120558773,True,0.00016199578810950914,1.1083216968474228
3030,com.tenapps.allindianews::7,1,developer_plus_third_party,1,2,-0.43904011732108417,0.9022651120558773,True,0.00016199578810950914,1.1083216968474228
3031,com.tenapps.allindianews::7,1,developer_plus_third_party,1,2,-0.43904011732108417,0.9022651120558773,True,0.00016199578810950914,1.1083216968474228
3032,com.tenapps.allindianews::7,1,developer_plus_third_party,1,2,-0.43904011732108417,0.9022651120558773,True,0.00016199578810950914,1.1083216968474228
3033,com.tenapps.allindianews::7,1,developer_plus_third_party,0,2,-0.43904011732108417,0.9022651120558773,True,0.00016199578810950914,1.1083216968474228
3034,com.tokai.coraline::1,1,developer_plus_third_party,1,2,0.06422797593456325,0.9070472303125863,True,0.00016199578810950914,1.1024784229321558
3035,com.tokai.coraline::1,1,developer_plus_third_party,1,2,0.06422797593456325,0.9070472303125863,True,0.00016199578810950914,1.1024784229321558
3036,com.tokai.coraline::1,1,developer_plus_third_party,1,2,0.06422797593456325,0.9070472303125863,True,0.00016199578810950914,1.1024784229321558
3037,nl.mijnbezorgapp.kid_85::84,1,developer_plus_third_party,1,2,-0.6210263460570447,0.9004825186943117,True,0.0003239915762190183,1.1105157282231168
3038,nl.mijnbezorgapp.kid_85::84,1,developer_plus_third_party,1,2,-0.6210263460570447,0.9004825186943117,True,0.00016199578810950914,1.1105157282231168
3039,nl.mijnbezorgapp.kid_85::84,1,developer_plus_third_party,0,2,-0.6210263460570447,0.9004825186943117,True,0.00016199578810950914,1.1105157282231168
3040,nl.mijnbezorgapp.kid_85::84,1,developer_plus_third_party,0,2,-0.6210263460570447,0.9004825186943117,True,0.00016199578810950914,1.1105157282231168
3041,nl.mijnbezorgapp.kid_85::84,1,developer_plus_third_party,0,2,-0.6210263460570447,0.9004825186943117,True,0.00016199578810950914,1.1105157282231168
3042,ru.navikey.airlayobjectcollector::409,1,developer_plus_third_party,0,2,0.39870743747979126,0.9101083036819204,True,0.00016199578810950914,1.0987703287118853
3043,ru.navikey.airlayobjectcollector::409,1,developer_plus_third_party,1,2,0.39870743747979126,0.9101083036819204,True,0.00016199578810950914,1.0987703287118853
3044,ru.navikey.airlayobjectcollector::409,1,developer_plus_third_party,1,2,0.39870743747979126,0.9101083036819204,True,0.00016199578810950914,1.0987703287118853
3045,ru.navikey.airlayobjectcollector::409,1,developer_plus_third_party,1,2,0.39870743747979126,0.9101083036819204,True,0.00016199578810950914,1.0987703287118853
3046,ru.navikey.airlayobjectcollector::409,1,developer_plus_third_party,0,2,0.39870743747979126,0.9101083036819204,True,0.00016199578810950914,1.0987703287118853
3047,ru.navikey.airlayobjectcollector::409,1,developer_plus_third_party,0,2,0.39870743747979126,0.9101083036819204,True,0.00016199578810950914,1.0987703287118853
3048,ru.navikey.airlayobjectcollector::409,1,developer_plus_third_party,0,2,0.39870743747979126,0.9101083036819204,True,0.00016199578810950914,1.0987703287118853
3049,ru.navikey.airlayobjectcollector::409,1,developer_plus_third_party,0,2,0.39870743747979126,0.9101083036819204,True,0.00016199578810950914,1.0987703287118853
3050,ru.navikey.airlayobjectcollector::409,1,developer_plus_third_party,0,2,0.39870743747979126,0.9101083036819204,True,0.00016199578810950914,1.0987703287118853
3051,ru.navikey.airlayobjectcollector::409,1,developer_plus_third_party,0,2,0.39870743747979126,0.9101083036819204,True,0.00016199578810950914,1.0987703287118853
3052,ru.navikey.airlayobjectcollector::409,1,developer_plus_third_party,0,2,0.39870743747979126,0.9101083036819204,True,0.00016199578810950914,1.0987703287118853
3053,ru.navikey.airlayobjectcollector::409,1,developer_plus_third_party,0,2,0.39870743747979126,0.9101083036819204,True,0.00016199578810950914,1.0987703287118853
3054,ru.navikey.airlayobjectcollector::409,1,developer_plus_third_party,0,2,0.39870743747979126,0.9101083036819204,True,0.00016199578810950914,1.0987703287118853
3055,ru.navikey.airlayobjectcollector::409,1,developer_plus_third_party,0,2,0.39870743747979126,0.9101083036819204,True,0.00016199578810950914,1.0987703287118853
3056,ru.navikey.airlayobjectcollector::409,1,developer_plus_third_party,0,2,0.39870743747979126,0.9101083036819204,True,0.00016199578810950914,1.0987703287118853
3057,ru.navikey.airlayobjectcollector::409,1,developer_plus_third_party,0,2,0.39870743747979126,0.9101083036819204,True,0.00016199578810950914,1.0987703287118853
3058,ru.navikey.airlayobjectcollector::409,1,developer_plus_third_party,0,2,0.39870743747979126,0.9101083036819204,True,0.00016199578810950914,1.0987703287118853
3059,ru.navikey.airlayobjectcollector::409,1,developer_plus_third_party,0,2,0.39870743747979126,0.9101083036819204,True,0.00016199578810950914,1.0987703287118853
3060,ru.navikey.airlayobjectcollector::409,1,developer_plus_third_party,0,2,0.39870743747979126,0.9101083036819204,True,0.00016199578810950914,1.0987703287118853
3061,ru.navikey.airlayobjectcollector::409,1,developer_plus_third_party,0,2,0.39870743747979126,0.9101083036819204,True,0.00016199578810950914,1.0987703287118853
3062,ru.navikey.airlayobjectcollector::409,1,developer_plus_third_party,0,2,0.39870743747979126,0.9101083036819204,True,0.00016199578810950914,1.0987703287118853
3063,ru.navikey.airlayobjectcollector::409,1,developer_plus_third_party,0,2,0.39870743747979126,0.9101083036819204,True,0.00016199578810950914,1.0987703287118853
3064,to.ord.app::32,1,developer_plus_third_party,1,2,-0.5382702218225344,0.9012966903607538,True,0.00016199578810950914,1.1095125619508701
3065,to.ord.app::32,1,developer_plus_third_party,1,2,-0.5382702218225344,0.9012966903607538,True,0.00016199578810950914,1.1095125619508701
3066,to.ord.app::32,1,developer_plus_third_party,1,2,-0.5382702218225344,0.9012966903607538,True,0.0006479831524380366,1.1095125619508701
3067,to.ord.app::32,1,developer_plus_third_party,0,2,-0.5382702218225344,0.9012966903607538,True,0.00016199578810950914,1.1095125619508701
3068,to.ord.app::32,1,developer_plus_third_party,0,2,-0.5382702218225344,0.9012966903607538,True,0.00016199578810950914,1.1095125619508701
3069,to.ord.app::32,1,developer_plus_third_party,1,2,-0.5382702218225344,0.9012966903607538,True,0.00016199578810950914,1.1095125619508701
3070,to.ord.app::32,1,developer_plus_third_party,0,2,-0.5382702218225344,0.9012966903607538,True,0.00016199578810950914,1.1095125619508701
3071,to.ord.app::32,1,developer_plus_third_party,0,2,-0.5382702218225344,0.9012966903607538,True,0.00016199578810950914,1.1095125619508701
3072,to.ord.app::32,1,developer_plus_third_party,1,2,-0.5382702218225344,0.9012966903607538,True,0.00016199578810950914,1.1095125619508701
3073,to.ord.app::32,1,developer_plus_third_party,0,2,-0.5382702218225344,0.9012966903607538,True,0.00016199578810950914,1.1095125619508701
3074,to.ord.app::32,1,developer_plus_third_party,1,2,-0.5382702218225344,0.9012966903607538,True,0.00016199578810950914,1.1095125619508701
3075,to.ord.app::32,1,developer_plus_third_party,0,2,-0.5382702218225344,0.9012966903607538,True,0.00016199578810950914,1.1095125619508701
3076,to.ord.app::32,1,developer_plus_third_party,0,2,-0.5382702218225344,0.9012966903607538,True,0.00016199578810950914,1.1095125619508701
3077,to.ord.app::32,1,developer_plus_third_party,0,2,-0.5382702218225344,0.9012966903607538,True,0.00016199578810950914,1.1095125619508701
3078,to.ord.app::32,1,developer_plus_third_party,1,2,-0.5382702218225344,0.9012966903607538,True,0.00016199578810950914,1.1095125619508701
3079,to.ord.app::32,1,developer_plus_third_party,1,2,-0.5382702218225344,0.9012966903607538,True,0.00016199578810950914,1.1095125619508701
3080,to.ord.app::32,1,developer_plus_third_party,0,2,-0.5382702218225344,0.9012966903607538,True,0.00016199578810950914,1.1095125619508701
3081,to.ord.app::32,1,developer_plus_third_party,1,2,-0.5382702218225344,0.9012966903607538,True,0.00016199578810950914,1.1095125619508701
3082,to.ord.app::32,1,developer_plus_third_party,0,2,-0.5382702218225344,0.9012966903607538,True,0.00016199578810950914,1.1095125619508701
3083,to.ord.app::32,1,developer_plus_third_party,0,2,-0.5382702218225344,0.9012966903607538,True,0.00016199578810950914,1.1095125619508701
3084,to.ord.app::32,1,developer_plus_third_party,0,2,-0.5382702218225344,0.9012966903607538,True,0.00016199578810950914,1.1095125619508701
3085,to.ord.app::32,1,developer_plus_third_party,1,2,-0.5382702218225344,0.9012966903607538,True,0.00016199578810950914,1.1095125619508701
3086,to.ord.app::32,1,developer_plus_third_party,0,2,-0.5382702218225344,0.9012966903607538,True,0.00016199578810950914,1.1095125619508701
3087,to.ord.app::32,1,developer_plus_third_party,1,2,-0.5382702218225344,0.9012966903607538,True,0.00016199578810950914,1.1095125619508701
3088,to.ord.app::32,1,developer_plus_third_party,0,2,-0.5382702218225344,0.9012966903607538,True,0.00016199578810950914,1.1095125619508701
3089,uk.co.catalinasoftware.freedomgo.crawfords::3300,1,developer_plus_third_party,0,2,-0.5770871908144305,0.9009155422548482,True,0.001133970516766564,1.1099819606809749
3090,uk.co.catalinasoftware.freedomgo.crawfords::3300,1,developer_plus_third_party,0,2,-0.5770871908144305,0.9009155422548482,True,0.00016199578810950914,1.1099819606809749
3091,uk.co.catalinasoftware.freedomgo.crawfords::3300,1,developer_plus_third_party,0,2,-0.5770871908144305,0.9009155422548482,True,0.00016199578810950914,1.1099819606809749
3092,uk.co.catalinasoftware.freedomgo.crawfords::3300,1,developer_plus_third_party,0,2,-0.5770871908144305,0.9009155422548482,True,0.00016199578810950914,1.1099819606809749
3093,uk.co.catalinasoftware.freedomgo.crawfords::3300,1,developer_plus_third_party,0,2,-0.5770871908144305,0.9009155422548482,True,0.00016199578810950914,1.1099819606809749
3094,uk.co.catalinasoftware.freedomgo.crawfords::3300,1,developer_plus_third_party,0,2,-0.5770871908144305,0.9009155422548482,True,0.00016199578810950914,1.1099819606809749
3095,binaural.studymusic.brainwave.focusmusic.binauralbeats::32,1,developer_plus_third_party,1,8,2.615088606080798,0.9432273208774209,True,0.00016199578810950914,1.060189816246806
3096,binaural.studymusic.brainwave.focusmusic.binauralbeats::32,1,developer_plus_third_party,1,8,2.615088606080798,0.9432273208774209,True,0.00016199578810950914,1.060189816246806
3097,binaural.studymusic.brainwave.focusmusic.binauralbeats::32,1,developer_plus_third_party,1,8,2.615088606080798,0.9432273208774209,True,0.00016199578810950914,1.060189816246806
3098,com.androston.lovepictures::13,1,developer_plus_third_party,1,8,-0.5044989300492209,0.9217609163862683,True,0.00016199578810950914,1.0848800184764453
3099,com.androston.lovepictures::13,1,developer_plus_third_party,1,8,-0.5044989300492209,0.9217609163862683,True,0.00016199578810950914,1.0848800184764453
3100,com.androston.lovepictures::13,1,developer_plus_third_party,0,8,-0.5044989300492209,0.9217609163862683,True,0.00016199578810950914,1.0848800184764453
3101,com.androston.lovepictures::13,1,developer_plus_third_party,1,8,-0.5044989300492209,0.9217609163862683,True,0.00016199578810950914,1.0848800184764453
3102,com.androston.lovepictures::13,1,developer_plus_third_party,1,8,-0.5044989300492209,0.9217609163862683,True,0.00016199578810950914,1.0848800184764453
3103,com.androston.lovepictures::13,1,developer_plus_third_party,1,8,-0.5044989300492209,0.9217609163862683,True,0.00016199578810950914,1.0848800184764453
3104,com.androston.lovepictures::13,1,developer_plus_third_party,1,8,-0.5044989300492209,0.9217609163862683,True,0.00016199578810950914,1.0848800184764453
3105,com.androston.lovepictures::13,1,developer_plus_third_party,0,8,-0.5044989300492209,0.9217609163862683,True,0.00016199578810950914,1.0848800184764453
3106,com.androston.lovepictures::13,1,developer_plus_third_party,0,8,-0.5044989300492209,0.9217609163862683,True,0.00016199578810950914,1.0848800184764453
3107,com.androston.lovepictures::13,1,developer_plus_third_party,0,8,-0.5044989300492209,0.9217609163862683,True,0.00016199578810950914,1.0848800184764453
3108,com.androston.lovepictures::13,1,developer_plus_third_party,0,8,-0.5044989300492209,0.9217609163862683,True,0.00016199578810950914,1.0848800184764453
3109,com.androston.lovepictures::13,1,developer_plus_third_party,0,8,-0.5044989300492209,0.9217609163862683,True,0.00016199578810950914,1.0848800184764453
3110,com.androston.lovepictures::13,1,developer_plus_third_party,0,8,-0.5044989300492209,0.9217609163862683,True,0.00016199578810950914,1.0848800184764453
3111,com.androston.lovepictures::13,1,developer_plus_third_party,0,8,-0.5044989300492209,0.9217609163862683,True,0.00016199578810950914,1.0848800184764453
3112,com.androston.lovepictures::13,1,developer_plus_third_party,0,8,-0.5044989300492209,0.9217609163862683,True,0.00016199578810950914,1.0848800184764453
3113,com.androston.lovepictures::13,1,developer_plus_third_party,0,8,-0.5044989300492209,0.9217609163862683,True,0.00016199578810950914,1.0848800184764453
3114,com.androston.lovepictures::13,1,developer_plus_third_party,0,8,-0.5044989300492209,0.9217609163862683,True,0.00016199578810950914,1.0848800184764453
3115,com.androston.lovepictures::13,1,developer_plus_third_party,0,8,-0.5044989300492209,0.9217609163862683,True,0.00016199578810950914,1.0848800184764453
3116,com.androston.lovepictures::13,1,developer_plus_third_party,0,8,-0.5044989300492209,0.9217609163862683,True,0.00016199578810950914,1.0848800184764453
3117,com.androston.lovepictures::13,1,developer_plus_third_party,0,8,-0.5044989300492209,0.9217609163862683,True,0.00016199578810950914,1.0848800184764453
3118,com.androston.lovepictures::13,1,developer_plus_third_party,0,8,-0.5044989300492209,0.9217609163862683,True,0.00016199578810950914,1.0848800184764453
3119,com.androston.lovepictures::13,1,developer_plus_third_party,0,8,-0.5044989300492209,0.9217609163862683,True,0.00016199578810950914,1.0848800184764453
3120,com.androston.lovepictures::13,1,developer_plus_third_party,0,8,-0.5044989300492209,0.9217609163862683,True,0.00016199578810950914,1.0848800184764453
3121,com.androston.lovepictures::13,1,developer_plus_third_party,0,8,-0.5044989300492209,0.9217609163862683,True,0.00016199578810950914,1.0848800184764453
3122,com.androston.lovepictures::13,1,developer_plus_third_party,0,8,-0.5044989300492209,0.9217609163862683,True,0.00016199578810950914,1.0848800184764453
3123,com.bekids.gogotown.unicorns::144,1,developer_plus_third_party,1,8,2.0089519787954826,0.9395431697236746,True,0.00016199578810950914,1.064347048889841
3124,com.bekids.gogotown.unicorns::144,1,developer_plus_third_party,1,8,2.0089519787954826,0.9395431697236746,True,0.00016199578810950914,1.064347048889841
3125,com.bekids.gogotown.unicorns::144,1,developer_plus_third_party,1,8,2.0089519787954826,0.9395431697236746,True,0.00016199578810950914,1.064347048889841
3126,com.bekids.gogotown.unicorns::144,1,developer_plus_third_party,1,8,2.0089519787954826,0.9395431697236746,True,0.00016199578810950914,1.064347048889841
3127,com.bekids.gogotown.unicorns::144,1,developer_plus_third_party,0,8,2.0089519787954826,0.9395431697236746,True,0.00016199578810950914,1.064347048889841
3128,com.bekids.gogotown.unicorns::144,1,developer_plus_third_party,1,8,2.0089519787954826,0.9395431697236746,True,0.00016199578810950914,1.064347048889841
3129,com.bekids.gogotown.unicorns::144,1,developer_plus_third_party,0,8,2.0089519787954826,0.9395431697236746,True,0.00016199578810950914,1.064347048889841
3130,com.bekids.gogotown.unicorns::144,1,developer_plus_third_party,0,8,2.0089519787954826,0.9395431697236746,True,0.00016199578810950914,1.064347048889841
3131,com.bekids.gogotown.unicorns::144,1,developer_plus_third_party,1,8,2.0089519787954826,0.9395431697236746,True,0.00016199578810950914,1.064347048889841
3132,com.bekids.gogotown.unicorns::144,1,developer_plus_third_party,1,8,2.0089519787954826,0.9395431697236746,True,0.00016199578810950914,1.064347048889841
3133,com.bekids.gogotown.unicorns::144,1,developer_plus_third_party,1,8,2.0089519787954826,0.9395431697236746,True,0.00016199578810950914,1.064347048889841
3134,com.bekids.gogotown.unicorns::144,1,developer_plus_third_party,0,8,2.0089519787954826,0.9395431697236746,True,0.00016199578810950914,1.064347048889841
3135,com.bekids.gogotown.unicorns::144,1,developer_plus_third_party,1,8,2.0089519787954826,0.9395431697236746,True,0.00016199578810950914,1.064347048889841
3136,com.bekids.gogotown.unicorns::144,1,developer_plus_third_party,1,8,2.0089519787954826,0.9395431697236746,True,0.00016199578810950914,1.064347048889841
3137,com.bekids.gogotown.unicorns::144,1,developer_plus_third_party,1,8,2.0089519787954826,0.9395431697236746,True,0.00016199578810950914,1.064347048889841
3138,com.bekids.gogotown.unicorns::144,1,developer_plus_third_party,1,8,2.0089519787954826,0.9395431697236746,True,0.00016199578810950914,1.064347048889841
3139,com.bekids.gogotown.unicorns::144,1,developer_plus_third_party,1,8,2.0089519787954826,0.9395431697236746,True,0.00016199578810950914,1.064347048889841
3140,com.bekids.gogotown.unicorns::144,1,developer_plus_third_party,0,8,2.0089519787954826,0.9395431697236746,True,0.00016199578810950914,1.064347048889841
3141,com.bekids.gogotown.unicorns::144,1,developer_plus_third_party,1,8,2.0089519787954826,0.9395431697236746,True,0.00016199578810950914,1.064347048889841
3142,com.bekids.gogotown.unicorns::144,1,developer_plus_third_party,1,8,2.0089519787954826,0.9395431697236746,True,0.00016199578810950914,1.064347048889841
3143,com.bekids.gogotown.unicorns::144,1,developer_plus_third_party,0,8,2.0089519787954826,0.9395431697236746,True,0.00016199578810950914,1.064347048889841
3144,com.bekids.gogotown.unicorns::144,1,developer_plus_third_party,0,8,2.0089519787954826,0.9395431697236746,True,0.00016199578810950914,1.064347048889841
3145,com.bekids.gogotown.unicorns::144,1,developer_plus_third_party,1,8,2.0089519787954826,0.9395431697236746,True,0.00016199578810950914,1.064347048889841
3146,com.bekids.gogotown.unicorns::144,1,developer_plus_third_party,0,8,2.0089519787954826,0.9395431697236746,True,0.00016199578810950914,1.064347048889841
3147,com.bekids.gogotown.unicorns::144,1,developer_plus_third_party,0,8,2.0089519787954826,0.9395431697236746,True,0.00016199578810950914,1.064347048889841
3148,com.bekids.gogotown.unicorns::144,1,developer_plus_third_party,1,8,2.0089519787954826,0.9395431697236746,True,0.00016199578810950914,1.064347048889841
3149,com.bekids.gogotown.unicorns::144,1,developer_plus_third_party,0,8,2.0089519787954826,0.9395431697236746,True,0.00016199578810950914,1.064347048889841
3150,com.bekids.gogotown.unicorns::144,1,developer_plus_third_party,1,8,2.0089519787954826,0.9395431697236746,True,0.00016199578810950914,1.064347048889841
3151,com.bekids.gogotown.unicorns::144,1,developer_plus_third_party,0,8,2.0089519787954826,0.9395431697236746,True,0.00016199578810950914,1.064347048889841
3152,com.bmw.ConnectedRide::551010,1,developer_plus_third_party,0,8,9.15189743906966,0.971543745603838,False,0.00016199578810950914,1.0292897304160769
3153,com.bmw.ConnectedRide::551010,1,developer_plus_third_party,0,8,9.15189743906966,0.971543745603838,False,0.00016199578810950914,1.0292897304160769
3154,com.bmw.ConnectedRide::551010,1,developer_plus_third_party,1,8,9.15189743906966,0.971543745603838,False,0.00016199578810950914,1.0292897304160769
3155,com.bmw.ConnectedRide::551010,1,developer_plus_third_party,0,8,9.15189743906966,0.971543745603838,False,0.00016199578810950914,1.0292897304160769
3156,com.bmw.ConnectedRide::551010,1,developer_plus_third_party,1,8,9.15189743906966,0.971543745603838,False,0.00016199578810950914,1.0292897304160769
3157,com.bmw.ConnectedRide::551010,1,developer_plus_third_party,0,8,9.15189743906966,0.971543745603838,False,0.00016199578810950914,1.0292897304160769
3158,com.bmw.ConnectedRide::551010,1,developer_plus_third_party,0,8,9.15189743906966,0.971543745603838,False,0.00016199578810950914,1.0292897304160769
3159,com.bmw.ConnectedRide::551010,1,developer_plus_third_party,0,8,9.15189743906966,0.971543745603838,False,0.00016199578810950914,1.0292897304160769
3160,com.bmw.ConnectedRide::551010,1,developer_plus_third_party,1,8,9.15189743906966,0.971543745603838,False,0.00016199578810950914,1.0292897304160769
3161,com.bmw.ConnectedRide::551010,1,developer_plus_third_party,1,8,9.15189743906966,0.971543745603838,False,0.00016199578810950914,1.0292897304160769
3162,com.bmw.ConnectedRide::551010,1,developer_plus_third_party,0,8,9.15189743906966,0.971543745603838,False,0.00016199578810950914,1.0292897304160769
3163,com.bmw.ConnectedRide::551010,1,developer_plus_third_party,0,8,9.15189743906966,0.971543745603838,False,0.00016199578810950914,1.0292897304160769
3164,com.bmw.ConnectedRide::551010,1,developer_plus_third_party,0,8,9.15189743906966,0.971543745603838,False,0.00016199578810950914,1.0292897304160769
3165,com.bmw.ConnectedRide::551010,1,developer_plus_third_party,1,8,9.15189743906966,0.971543745603838,False,0.00016199578810950914,1.0292897304160769
3166,com.bmw.ConnectedRide::551010,1,developer_plus_third_party,0,8,9.15189743906966,0.971543745603838,False,0.00016199578810950914,1.0292897304160769
3167,com.bmw.ConnectedRide::551010,1,developer_plus_third_party,0,8,9.15189743906966,0.971543745603838,False,0.00016199578810950914,1.0292897304160769
3168,com.bmw.ConnectedRide::551010,1,developer_plus_third_party,1,8,9.15189743906966,0.971543745603838,False,0.00016199578810950914,1.0292897304160769
3169,com.bmw.ConnectedRide::551010,1,developer_plus_third_party,0,8,9.15189743906966,0.971543745603838,False,0.00016199578810950914,1.0292897304160769
3170,com.bmw.ConnectedRide::551010,1,developer_plus_third_party,0,8,9.15189743906966,0.971543745603838,False,0.00016199578810950914,1.0292897304160769
3171,com.bmw.ConnectedRide::551010,1,developer_plus_third_party,1,8,9.15189743906966,0.971543745603838,False,0.00016199578810950914,1.0292897304160769
3172,com.bmw.ConnectedRide::551010,1,developer_plus_third_party,1,8,9.15189743906966,0.971543745603838,False,0.00016199578810950914,1.0292897304160769
3173,com.bmw.ConnectedRide::551010,1,developer_plus_third_party,0,8,9.15189743906966,0.971543745603838,False,0.00016199578810950914,1.0292897304160769
3174,com.callhistory.contacts.calllog::86,1,developer_plus_third_party,1,8,0.0027701816387125334,0.9256980310565377,True,0.00016199578810950914,1.0802658820162536
3175,com.callhistory.contacts.calllog::86,1,developer_plus_third_party,1,8,0.0027701816387125334,0.9256980310565377,True,0.00016199578810950914,1.0802658820162536
3176,com.callhistory.contacts.calllog::86,1,developer_plus_third_party,1,8,0.0027701816387125334,0.9256980310565377,True,0.00016199578810950914,1.0802658820162536
3177,com.callhistory.contacts.calllog::86,1,developer_plus_third_party,1,8,0.0027701816387125334,0.9256980310565377,True,0.0003239915762190183,1.0802658820162536
3178,com.callhistory.contacts.calllog::86,1,developer_plus_third_party,1,8,0.0027701816387125334,0.9256980310565377,True,0.00016199578810950914,1.0802658820162536
3179,com.callhistory.contacts.calllog::86,1,developer_plus_third_party,1,8,0.0027701816387125334,0.9256980310565377,True,0.00016199578810950914,1.0802658820162536
3180,com.callhistory.contacts.calllog::86,1,developer_plus_third_party,1,8,0.0027701816387125334,0.9256980310565377,True,0.00016199578810950914,1.0802658820162536
3181,com.callhistory.contacts.calllog::86,1,developer_plus_third_party,1,8,0.0027701816387125334,0.9256980310565377,True,0.00016199578810950914,1.0802658820162536
3182,com.ecs.roboshadow::3601,1,developer_plus_third_party,1,8,0.15373932317662367,0.9268341154750631,True,0.00016199578810950914,1.0789417257126261
3183,com.ecs.roboshadow::3601,1,developer_plus_third_party,1,8,0.15373932317662367,0.9268341154750631,True,0.00016199578810950914,1.0789417257126261
3184,com.ecs.roboshadow::3601,1,developer_plus_third_party,1,8,0.15373932317662367,0.9268341154750631,True,0.00016199578810950914,1.0789417257126261
3185,com.ecs.roboshadow::3601,1,developer_plus_third_party,1,8,0.15373932317662367,0.9268341154750631,True,0.00016199578810950914,1.0789417257126261
3186,com.ecs.roboshadow::3601,1,developer_plus_third_party,1,8,0.15373932317662367,0.9268341154750631,True,0.00016199578810950914,1.0789417257126261
3187,com.ecs.roboshadow::3601,1,developer_plus_third_party,1,8,0.15373932317662367,0.9268341154750631,True,0.00016199578810950914,1.0789417257126261
3188,com.ecs.roboshadow::3601,1,developer_plus_third_party,0,8,0.15373932317662367,0.9268341154750631,True,0.00016199578810950914,1.0789417257126261
3189,com.ecs.roboshadow::3601,1,developer_plus_third_party,1,8,0.15373932317662367,0.9268341154750631,True,0.00016199578810950914,1.0789417257126261
3190,com.ecs.roboshadow::3601,1,developer_plus_third_party,1,8,0.15373932317662367,0.9268341154750631,True,0.00016199578810950914,1.0789417257126261
3191,com.ecs.roboshadow::3601,1,developer_plus_third_party,1,8,0.15373932317662367,0.9268341154750631,True,0.00016199578810950914,1.0789417257126261
3192,com.ecs.roboshadow::3601,1,developer_plus_third_party,1,8,0.15373932317662367,0.9268341154750631,True,0.00016199578810950914,1.0789417257126261
3193,com.ecs.roboshadow::3601,1,developer_plus_third_party,0,8,0.15373932317662367,0.9268341154750631,True,0.00016199578810950914,1.0789417257126261
3194,com.ecs.roboshadow::3601,1,developer_plus_third_party,1,8,0.15373932317662367,0.9268341154750631,True,0.00016199578810950914,1.0789417257126261
3195,com.ecs.roboshadow::3601,1,developer_plus_third_party,1,8,0.15373932317662367,0.9268341154750631,True,0.00016199578810950914,1.0789417257126261
3196,com.ecs.roboshadow::3601,1,developer_plus_third_party,1,8,0.15373932317662367,0.9268341154750631,True,0.00016199578810950914,1.0789417257126261
3197,com.ecs.roboshadow::3601,1,developer_plus_third_party,1,8,0.15373932317662367,0.9268341154750631,True,0.00016199578810950914,1.0789417257126261
3198,com.ecs.roboshadow::3601,1,developer_plus_third_party,0,8,0.15373932317662367,0.9268341154750631,True,0.00016199578810950914,1.0789417257126261
3199,com.ecs.roboshadow::3601,1,developer_plus_third_party,0,8,0.15373932317662367,0.9268341154750631,True,0.00016199578810950914,1.0789417257126261
3200,com.ecs.roboshadow::3601,1,developer_plus_third_party,1,8,0.15373932317662367,0.9268341154750631,True,0.00016199578810950914,1.0789417257126261
3201,com.ecs.roboshadow::3601,1,developer_plus_third_party,1,8,0.15373932317662367,0.9268341154750631,True,0.00016199578810950914,1.0789417257126261
3202,com.ecs.roboshadow::3601,1,developer_plus_third_party,0,8,0.15373932317662367,0.9268341154750631,True,0.00016199578810950914,1.0789417257126261
3203,com.ecs.roboshadow::3601,1,developer_plus_third_party,0,8,0.15373932317662367,0.9268341154750631,True,0.00016199578810950914,1.0789417257126261
3204,com.ecs.roboshadow::3601,1,developer_plus_third_party,0,8,0.15373932317662367,0.9268341154750631,True,0.00016199578810950914,1.0789417257126261
3205,com.ecs.roboshadow::3601,1,developer_plus_third_party,0,8,0.15373932317662367,0.9268341154750631,True,0.00016199578810950914,1.0789417257126261
3206,com.ecs.roboshadow::3601,1,developer_plus_third_party,0,8,0.15373932317662367,0.9268341154750631,True,0.00016199578810950914,1.0789417257126261
3207,com.ecs.roboshadow::3601,1,developer_plus_third_party,0,8,0.15373932317662367,0.9268341154750631,True,0.00016199578810950914,1.0789417257126261
3208,com.ecs.roboshadow::3601,1,developer_plus_third_party,0,8,0.15373932317662367,0.9268341154750631,True,0.00016199578810950914,1.0789417257126261
3209,com.ecs.roboshadow::3601,1,developer_plus_third_party,0,8,0.15373932317662367,0.9268341154750631,True,0.00016199578810950914,1.0789417257126261
3210,com.ecs.roboshadow::3601,1,developer_plus_third_party,0,8,0.15373932317662367,0.9268341154750631,True,0.00016199578810950914,1.0789417257126261
3211,com.ecs.roboshadow::3601,1,developer_plus_third_party,0,8,0.15373932317662367,0.9268341154750631,True,0.00016199578810950914,1.0789417257126261
3212,com.ecs.roboshadow::3601,1,developer_plus_third_party,0,8,0.15373932317662367,0.9268341154750631,True,0.00016199578810950914,1.0789417257126261
3213,com.ecs.roboshadow::3601,1,developer_plus_third_party,0,8,0.15373932317662367,0.9268341154750631,True,0.00016199578810950914,1.0789417257126261
3214,com.ecs.roboshadow::3601,1,developer_plus_third_party,0,8,0.15373932317662367,0.9268341154750631,True,0.00016199578810950914,1.0789417257126261
3215,com.ecs.roboshadow::3601,1,developer_plus_third_party,0,8,0.15373932317662367,0.9268341154750631,True,0.00016199578810950914,1.0789417257126261
3216,com.ecs.roboshadow::3601,1,developer_plus_third_party,0,8,0.15373932317662367,0.9268341154750631,True,0.00016199578810950914,1.0789417257126261
3217,com.ecs.roboshadow::3601,1,developer_plus_third_party,0,8,0.15373932317662367,0.9268341154750631,True,0.00016199578810950914,1.0789417257126261
3218,com.ecs.roboshadow::3601,1,developer_plus_third_party,0,8,0.15373932317662367,0.9268341154750631,True,0.00016199578810950914,1.0789417257126261
3219,com.ecs.roboshadow::3601,1,developer_plus_third_party,0,8,0.15373932317662367,0.9268341154750631,True,0.00016199578810950914,1.0789417257126261
3220,com.etoos.india.app::200,1,developer_plus_third_party,1,8,0.7061834310375982,0.9308562423941715,True,0.0003239915762190183,1.0742797377906497
3221,com.etoos.india.app::200,1,developer_plus_third_party,1,8,0.7061834310375982,0.9308562423941715,True,0.00016199578810950914,1.0742797377906497
3222,com.etoos.india.app::200,1,developer_plus_third_party,1,8,0.7061834310375982,0.9308562423941715,True,0.00016199578810950914,1.0742797377906497
3223,com.etoos.india.app::200,1,developer_plus_third_party,1,8,0.7061834310375982,0.9308562423941715,True,0.00016199578810950914,1.0742797377906497
3224,com.etoos.india.app::200,1,developer_plus_third_party,1,8,0.7061834310375982,0.9308562423941715,True,0.00016199578810950914,1.0742797377906497
3225,com.etoos.india.app::200,1,developer_plus_third_party,1,8,0.7061834310375982,0.9308562423941715,True,0.00016199578810950914,1.0742797377906497
3226,com.etoos.india.app::200,1,developer_plus_third_party,1,8,0.7061834310375982,0.9308562423941715,True,0.00016199578810950914,1.0742797377906497
3227,com.etoos.india.app::200,1,developer_plus_third_party,1,8,0.7061834310375982,0.9308562423941715,True,0.00016199578810950914,1.0742797377906497
3228,com.etoos.india.app::200,1,developer_plus_third_party,1,8,0.7061834310375982,0.9308562423941715,True,0.00016199578810950914,1.0742797377906497
3229,com.etoos.india.app::200,1,developer_plus_third_party,1,8,0.7061834310375982,0.9308562423941715,True,0.00016199578810950914,1.0742797377906497
3230,com.etoos.india.app::200,1,developer_plus_third_party,0,8,0.7061834310375982,0.9308562423941715,True,0.00016199578810950914,1.0742797377906497
3231,com.etoos.india.app::200,1,developer_plus_third_party,0,8,0.7061834310375982,0.9308562423941715,True,0.00016199578810950914,1.0742797377906497
3232,com.etoos.india.app::200,1,developer_plus_third_party,1,8,0.7061834310375982,0.9308562423941715,True,0.00016199578810950914,1.0742797377906497
3233,com.etoos.india.app::200,1,developer_plus_third_party,1,8,0.7061834310375982,0.9308562423941715,True,0.00016199578810950914,1.0742797377906497
3234,com.etoos.india.app::200,1,developer_plus_third_party,0,8,0.7061834310375982,0.9308562423941715,True,0.00016199578810950914,1.0742797377906497
3235,com.etoos.india.app::200,1,developer_plus_third_party,1,8,0.7061834310375982,0.9308562423941715,True,0.00016199578810950914,1.0742797377906497
3236,com.etoos.india.app::200,1,developer_plus_third_party,1,8,0.7061834310375982,0.9308562423941715,True,0.00016199578810950914,1.0742797377906497
3237,com.etoos.india.app::200,1,developer_plus_third_party,0,8,0.7061834310375982,0.9308562423941715,True,0.00016199578810950914,1.0742797377906497
3238,com.etoos.india.app::200,1,developer_plus_third_party,0,8,0.7061834310375982,0.9308562423941715,True,0.00016199578810950914,1.0742797377906497
3239,com.etoos.india.app::200,1,developer_plus_third_party,0,8,0.7061834310375982,0.9308562423941715,True,0.00016199578810950914,1.0742797377906497
3240,com.etoos.india.app::200,1,developer_plus_third_party,0,8,0.7061834310375982,0.9308562423941715,True,0.00016199578810950914,1.0742797377906497
3241,com.etoos.india.app::200,1,developer_plus_third_party,0,8,0.7061834310375982,0.9308562423941715,True,0.00016199578810950914,1.0742797377906497
3242,com.etoos.india.app::200,1,developer_plus_third_party,0,8,0.7061834310375982,0.9308562423941715,True,0.00016199578810950914,1.0742797377906497
3243,com.etoos.india.app::200,1,developer_plus_third_party,1,8,0.7061834310375982,0.9308562423941715,True,0.00016199578810950914,1.0742797377906497
3244,com.etoos.india.app::200,1,developer_plus_third_party,1,8,0.7061834310375982,0.9308562423941715,True,0.00016199578810950914,1.0742797377906497
3245,com.etoos.india.app::200,1,developer_plus_third_party,0,8,0.7061834310375982,0.9308562423941715,True,0.00016199578810950914,1.0742797377906497
3246,com.etoos.india.app::200,1,developer_plus_third_party,0,8,0.7061834310375982,0.9308562423941715,True,0.00016199578810950914,1.0742797377906497
3247,com.etoos.india.app::200,1,developer_plus_third_party,1,8,0.7061834310375982,0.9308562423941715,True,0.00016199578810950914,1.0742797377906497
3248,com.etoos.india.app::200,1,developer_plus_third_party,1,8,0.7061834310375982,0.9308562423941715,True,0.00016199578810950914,1.0742797377906497
3249,com.etoos.india.app::200,1,developer_plus_third_party,1,8,0.7061834310375982,0.9308562423941715,True,0.00016199578810950914,1.0742797377906497
3250,com.etoos.india.app::200,1,developer_plus_third_party,0,8,0.7061834310375982,0.9308562423941715,True,0.00016199578810950914,1.0742797377906497
3251,com.etoos.india.app::200,1,developer_plus_third_party,1,8,0.7061834310375982,0.9308562423941715,True,0.00016199578810950914,1.0742797377906497
3252,com.etoos.india.app::200,1,developer_plus_third_party,1,8,0.7061834310375982,0.9308562423941715,True,0.00016199578810950914,1.0742797377906497
3253,com.etoos.india.app::200,1,developer_plus_third_party,1,8,0.7061834310375982,0.9308562423941715,True,0.00016199578810950914,1.0742797377906497
3254,com.etoos.india.app::200,1,developer_plus_third_party,0,8,0.7061834310375982,0.9308562423941715,True,0.00016199578810950914,1.0742797377906497
3255,com.etoos.india.app::200,1,developer_plus_third_party,0,8,0.7061834310375982,0.9308562423941715,True,0.00016199578810950914,1.0742797377906497
3256,com.etoos.india.app::200,1,developer_plus_third_party,1,8,0.7061834310375982,0.9308562423941715,True,0.00016199578810950914,1.0742797377906497
3257,com.etoos.india.app::200,1,developer_plus_third_party,0,8,0.7061834310375982,0.9308562423941715,True,0.00016199578810950914,1.0742797377906497
3258,com.etoos.india.app::200,1,developer_plus_third_party,1,8,0.7061834310375982,0.9308562423941715,True,0.00016199578810950914,1.0742797377906497
3259,com.findpenguins.app::436,1,developer_plus_third_party,0,8,0.8233385949119263,0.9316824886288518,True,0.00016199578810950914,1.0733270316926213
3260,com.findpenguins.app::436,1,developer_plus_third_party,0,8,0.8233385949119263,0.9316824886288518,True,0.00016199578810950914,1.0733270316926213
3261,com.findpenguins.app::436,1,developer_plus_third_party,1,8,0.8233385949119263,0.9316824886288518,True,0.00016199578810950914,1.0733270316926213
3262,com.findpenguins.app::436,1,developer_plus_third_party,1,8,0.8233385949119263,0.9316824886288518,True,0.00016199578810950914,1.0733270316926213
3263,com.findpenguins.app::436,1,developer_plus_third_party,0,8,0.8233385949119263,0.9316824886288518,True,0.00016199578810950914,1.0733270316926213
3264,com.findpenguins.app::436,1,developer_plus_third_party,0,8,0.8233385949119263,0.9316824886288518,True,0.00016199578810950914,1.0733270316926213
3265,com.findpenguins.app::436,1,developer_plus_third_party,0,8,0.8233385949119263,0.9316824886288518,True,0.00016199578810950914,1.0733270316926213
3266,com.findpenguins.app::436,1,developer_plus_third_party,1,8,0.8233385949119263,0.9316824886288518,True,0.00016199578810950914,1.0733270316926213
3267,com.findpenguins.app::436,1,developer_plus_third_party,0,8,0.8233385949119263,0.9316824886288518,True,0.00016199578810950914,1.0733270316926213
3268,com.findpenguins.app::436,1,developer_plus_third_party,0,8,0.8233385949119263,0.9316824886288518,True,0.00016199578810950914,1.0733270316926213
3269,com.findpenguins.app::436,1,developer_plus_third_party,0,8,0.8233385949119263,0.9316824886288518,True,0.00016199578810950914,1.0733270316926213
3270,com.findpenguins.app::436,1,developer_plus_third_party,0,8,0.8233385949119263,0.9316824886288518,True,0.00016199578810950914,1.0733270316926213
3271,com.findpenguins.app::436,1,developer_plus_third_party,0,8,0.8233385949119263,0.9316824886288518,True,0.00016199578810950914,1.0733270316926213
3272,com.findpenguins.app::436,1,developer_plus_third_party,1,8,0.8233385949119263,0.9316824886288518,True,0.00016199578810950914,1.0733270316926213
3273,com.findpenguins.app::436,1,developer_plus_third_party,1,8,0.8233385949119263,0.9316824886288518,True,0.00016199578810950914,1.0733270316926213
3274,com.findpenguins.app::436,1,developer_plus_third_party,1,8,0.8233385949119263,0.9316824886288518,True,0.00016199578810950914,1.0733270316926213
3275,com.findpenguins.app::436,1,developer_plus_third_party,1,8,0.8233385949119263,0.9316824886288518,True,0.00016199578810950914,1.0733270316926213
3276,com.findpenguins.app::436,1,developer_plus_third_party,0,8,0.8233385949119263,0.9316824886288518,True,0.00016199578810950914,1.0733270316926213
3277,com.findpenguins.app::436,1,developer_plus_third_party,0,8,0.8233385949119263,0.9316824886288518,True,0.00016199578810950914,1.0733270316926213
3278,com.findpenguins.app::436,1,developer_plus_third_party,0,8,0.8233385949119263,0.9316824886288518,True,0.00016199578810950914,1.0733270316926213
3279,com.findpenguins.app::436,1,developer_plus_third_party,1,8,0.8233385949119263,0.9316824886288518,True,0.00016199578810950914,1.0733270316926213
3280,com.findpenguins.app::436,1,developer_plus_third_party,0,8,0.8233385949119263,0.9316824886288518,True,0.00016199578810950914,1.0733270316926213
3281,com.findpenguins.app::436,1,developer_plus_third_party,1,8,0.8233385949119263,0.9316824886288518,True,0.00016199578810950914,1.0733270316926213
3282,com.hafeziquran.islamicapp::63,1,developer_plus_third_party,1,8,1.7585374342898048,0.9379567417967213,True,0.00016199578810950914,1.0661472490558899
3283,com.hafeziquran.islamicapp::63,1,developer_plus_third_party,1,8,1.7585374342898048,0.9379567417967213,True,0.00016199578810950914,1.0661472490558899
3284,com.hafeziquran.islamicapp::63,1,developer_plus_third_party,1,8,1.7585374342898048,0.9379567417967213,True,0.00016199578810950914,1.0661472490558899
3285,com.hafeziquran.islamicapp::63,1,developer_plus_third_party,1,8,1.7585374342898048,0.9379567417967213,True,0.00016199578810950914,1.0661472490558899
3286,com.ideabuilderapp.banglawordbook::8,1,developer_plus_third_party,1,8,-0.21889746565790502,0.9240005041835457,True,0.00016199578810950914,1.0822504917176512
3287,com.ideabuilderapp.banglawordbook::8,1,developer_plus_third_party,1,8,-0.21889746565790502,0.9240005041835457,True,0.00016199578810950914,1.0822504917176512
3288,com.infinityapps.gps.location.navigation.route.maps::40,1,developer_plus_third_party,1,8,0.1645296892123531,0.9269147003772652,True,0.0017819536692046006,1.0788479237549995
3289,com.infinityapps.gps.location.navigation.route.maps::40,1,developer_plus_third_party,1,8,0.1645296892123531,0.9269147003772652,True,0.00016199578810950914,1.0788479237549995
3290,com.infinityapps.gps.location.navigation.route.maps::40,1,developer_plus_third_party,0,8,0.1645296892123531,0.9269147003772652,True,0.00016199578810950914,1.0788479237549995
3291,com.infinityapps.gps.location.navigation.route.maps::40,1,developer_plus_third_party,1,8,0.1645296892123531,0.9269147003772652,True,0.00016199578810950914,1.0788479237549995
3292,com.infinityapps.gps.location.navigation.route.maps::40,1,developer_plus_third_party,0,8,0.1645296892123531,0.9269147003772652,True,0.00016199578810950914,1.0788479237549995
3293,com.infinityapps.gps.location.navigation.route.maps::40,1,developer_plus_third_party,0,8,0.1645296892123531,0.9269147003772652,True,0.00016199578810950914,1.0788479237549995
3294,com.infinityapps.gps.location.navigation.route.maps::40,1,developer_plus_third_party,1,8,0.1645296892123531,0.9269147003772652,True,0.00016199578810950914,1.0788479237549995
3295,com.infinityapps.gps.location.navigation.route.maps::40,1,developer_plus_third_party,1,8,0.1645296892123531,0.9269147003772652,True,0.00016199578810950914,1.0788479237549995
3296,com.infinityapps.gps.location.navigation.route.maps::40,1,developer_plus_third_party,0,8,0.1645296892123531,0.9269147003772652,True,0.00016199578810950914,1.0788479237549995
3297,com.infinityapps.gps.location.navigation.route.maps::40,1,developer_plus_third_party,1,8,0.1645296892123531,0.9269147003772652,True,0.00016199578810950914,1.0788479237549995
3298,com.infinityapps.gps.location.navigation.route.maps::40,1,developer_plus_third_party,0,8,0.1645296892123531,0.9269147003772652,True,0.00016199578810950914,1.0788479237549995
3299,com.infinityapps.gps.location.navigation.route.maps::40,1,developer_plus_third_party,1,8,0.1645296892123531,0.9269147003772652,True,0.00016199578810950914,1.0788479237549995
3300,com.infinityapps.gps.location.navigation.route.maps::40,1,developer_plus_third_party,0,8,0.1645296892123531,0.9269147003772652,True,0.00016199578810950914,1.0788479237549995
3301,com.infinityapps.gps.location.navigation.route.maps::40,1,developer_plus_third_party,0,8,0.1645296892123531,0.9269147003772652,True,0.00016199578810950914,1.0788479237549995
3302,com.infinityapps.gps.location.navigation.route.maps::40,1,developer_plus_third_party,0,8,0.1645296892123531,0.9269147003772652,True,0.00016199578810950914,1.0788479237549995
3303,com.infinityapps.gps.location.navigation.route.maps::40,1,developer_plus_third_party,0,8,0.1645296892123531,0.9269147003772652,True,0.00016199578810950914,1.0788479237549995
3304,com.infinityapps.gps.location.navigation.route.maps::40,1,developer_plus_third_party,0,8,0.1645296892123531,0.9269147003772652,True,0.00016199578810950914,1.0788479237549995
3305,com.infinityapps.gps.location.navigation.route.maps::40,1,developer_plus_third_party,0,8,0.1645296892123531,0.9269147003772652,True,0.00016199578810950914,1.0788479237549995
3306,com.infinityapps.gps.location.navigation.route.maps::40,1,developer_plus_third_party,1,8,0.1645296892123531,0.9269147003772652,True,0.00016199578810950914,1.0788479237549995
3307,com.infinityapps.gps.location.navigation.route.maps::40,1,developer_plus_third_party,0,8,0.1645296892123531,0.9269147003772652,True,0.00016199578810950914,1.0788479237549995
3308,com.infinityapps.gps.location.navigation.route.maps::40,1,developer_plus_third_party,1,8,0.1645296892123531,0.9269147003772652,True,0.00016199578810950914,1.0788479237549995
3309,com.infinityapps.gps.location.navigation.route.maps::40,1,developer_plus_third_party,0,8,0.1645296892123531,0.9269147003772652,True,0.00016199578810950914,1.0788479237549995
3310,com.infinityapps.gps.location.navigation.route.maps::40,1,developer_plus_third_party,1,8,0.1645296892123531,0.9269147003772652,True,0.00016199578810950914,1.0788479237549995
3311,com.infinityapps.gps.location.navigation.route.maps::40,1,developer_plus_third_party,0,8,0.1645296892123531,0.9269147003772652,True,0.00016199578810950914,1.0788479237549995
3312,com.infinityapps.gps.location.navigation.route.maps::40,1,developer_plus_third_party,1,8,0.1645296892123531,0.9269147003772652,True,0.00016199578810950914,1.0788479237549995
3313,com.infinityapps.gps.location.navigation.route.maps::40,1,developer_plus_third_party,1,8,0.1645296892123531,0.9269147003772652,True,0.00016199578810950914,1.0788479237549995
3314,com.infinityapps.gps.location.navigation.route.maps::40,1,developer_plus_third_party,1,8,0.1645296892123531,0.9269147003772652,True,0.00016199578810950914,1.0788479237549995
3315,com.infinityapps.gps.location.navigation.route.maps::40,1,developer_plus_third_party,1,8,0.1645296892123531,0.9269147003772652,True,0.00016199578810950914,1.0788479237549995
3316,com.infinityapps.gps.location.navigation.route.maps::40,1,developer_plus_third_party,1,8,0.1645296892123531,0.9269147003772652,True,0.00016199578810950914,1.0788479237549995
3317,com.infinityapps.gps.location.navigation.route.maps::40,1,developer_plus_third_party,1,8,0.1645296892123531,0.9269147003772652,True,0.00016199578810950914,1.0788479237549995
3318,com.infinityapps.gps.location.navigation.route.maps::40,1,developer_plus_third_party,1,8,0.1645296892123531,0.9269147003772652,True,0.00016199578810950914,1.0788479237549995
3319,com.infinityapps.gps.location.navigation.route.maps::40,1,developer_plus_third_party,1,8,0.1645296892123531,0.9269147003772652,True,0.00016199578810950914,1.0788479237549995
3320,com.infinityapps.gps.location.navigation.route.maps::40,1,developer_plus_third_party,1,8,0.1645296892123531,0.9269147003772652,True,0.00016199578810950914,1.0788479237549995
3321,com.infinityapps.gps.location.navigation.route.maps::40,1,developer_plus_third_party,1,8,0.1645296892123531,0.9269147003772652,True,0.00016199578810950914,1.0788479237549995
3322,com.londonandpartners.londonguide::31940000,1,developer_plus_third_party,0,8,4.969313728451539,0.9556235552167212,True,0.00016199578810950914,1.0464371608893785
3323,com.londonandpartners.londonguide::31940000,1,developer_plus_third_party,1,8,4.969313728451539,0.9556235552167212,True,0.00016199578810950914,1.0464371608893785
3324,com.londonandpartners.londonguide::31940000,1,developer_plus_third_party,0,8,4.969313728451539,0.9556235552167212,True,0.00016199578810950914,1.0464371608893785
3325,com.londonandpartners.londonguide::31940000,1,developer_plus_third_party,0,8,4.969313728451539,0.9556235552167212,True,0.00016199578810950914,1.0464371608893785
3326,com.londonandpartners.londonguide::31940000,1,developer_plus_third_party,1,8,4.969313728451539,0.9556235552167212,True,0.00016199578810950914,1.0464371608893785
3327,com.londonandpartners.londonguide::31940000,1,developer_plus_third_party,0,8,4.969313728451539,0.9556235552167212,True,0.00016199578810950914,1.0464371608893785
3328,com.londonandpartners.londonguide::31940000,1,developer_plus_third_party,0,8,4.969313728451539,0.9556235552167212,True,0.00016199578810950914,1.0464371608893785
3329,com.londonandpartners.londonguide::31940000,1,developer_plus_third_party,1,8,4.969313728451539,0.9556235552167212,True,0.00016199578810950914,1.0464371608893785
3330,com.londonandpartners.londonguide::31940000,1,developer_plus_third_party,1,8,4.969313728451539,0.9556235552167212,True,0.00016199578810950914,1.0464371608893785
3331,com.londonandpartners.londonguide::31940000,1,developer_plus_third_party,1,8,4.969313728451539,0.9556235552167212,True,0.00016199578810950914,1.0464371608893785
3332,com.londonandpartners.londonguide::31940000,1,developer_plus_third_party,0,8,4.969313728451539,0.9556235552167212,True,0.00016199578810950914,1.0464371608893785
3333,com.londonandpartners.londonguide::31940000,1,developer_plus_third_party,0,8,4.969313728451539,0.9556235552167212,True,0.00016199578810950914,1.0464371608893785
3334,com.londonandpartners.londonguide::31940000,1,developer_plus_third_party,0,8,4.969313728451539,0.9556235552167212,True,0.00016199578810950914,1.0464371608893785
3335,com.londonandpartners.londonguide::31940000,1,developer_plus_third_party,0,8,4.969313728451539,0.9556235552167212,True,0.00016199578810950914,1.0464371608893785
3336,com.londonandpartners.londonguide::31940000,1,developer_plus_third_party,1,8,4.969313728451539,0.9556235552167212,True,0.00016199578810950914,1.0464371608893785
3337,com.londonandpartners.londonguide::31940000,1,developer_plus_third_party,1,8,4.969313728451539,0.9556235552167212,True,0.00016199578810950914,1.0464371608893785
3338,com.londonandpartners.londonguide::31940000,1,developer_plus_third_party,0,8,4.969313728451539,0.9556235552167212,True,0.00016199578810950914,1.0464371608893785
3339,com.londonandpartners.londonguide::31940000,1,developer_plus_third_party,0,8,4.969313728451539,0.9556235552167212,True,0.00016199578810950914,1.0464371608893785
3340,com.londonandpartners.londonguide::31940000,1,developer_plus_third_party,0,8,4.969313728451539,0.9556235552167212,True,0.00016199578810950914,1.0464371608893785
3341,com.londonandpartners.londonguide::31940000,1,developer_plus_third_party,0,8,4.969313728451539,0.9556235552167212,True,0.00016199578810950914,1.0464371608893785
3342,com.londonandpartners.londonguide::31940000,1,developer_plus_third_party,1,8,4.969313728451539,0.9556235552167212,True,0.00016199578810950914,1.0464371608893785
3343,com.londonandpartners.londonguide::31940000,1,developer_plus_third_party,0,8,4.969313728451539,0.9556235552167212,True,0.00016199578810950914,1.0464371608893785
3344,com.moall.farmerstore88::38,1,developer_plus_third_party,0,8,-0.5049265124415805,0.9217575185867724,True,0.00016199578810950914,1.0848840175810968
3345,com.moall.farmerstore88::38,1,developer_plus_third_party,1,8,-0.5049265124415805,0.9217575185867724,True,0.00016199578810950914,1.0848840175810968
3346,com.moall.farmerstore88::38,1,developer_plus_third_party,1,8,-0.5049265124415805,0.9217575185867724,True,0.00016199578810950914,1.0848840175810968
3347,com.moall.farmerstore88::38,1,developer_plus_third_party,1,8,-0.5049265124415805,0.9217575185867724,True,0.00016199578810950914,1.0848840175810968
3348,com.moall.farmerstore88::38,1,developer_plus_third_party,0,8,-0.5049265124415805,0.9217575185867724,True,0.00016199578810950914,1.0848840175810968
3349,com.moall.farmerstore88::38,1,developer_plus_third_party,0,8,-0.5049265124415805,0.9217575185867724,True,0.00016199578810950914,1.0848840175810968
3350,com.moall.farmerstore88::38,1,developer_plus_third_party,0,8,-0.5049265124415805,0.9217575185867724,True,0.00016199578810950914,1.0848840175810968
3351,com.moall.farmerstore88::38,1,developer_plus_third_party,0,8,-0.5049265124415805,0.9217575185867724,True,0.00016199578810950914,1.0848840175810968
3352,com.moall.farmerstore88::38,1,developer_plus_third_party,0,8,-0.5049265124415805,0.9217575185867724,True,0.00016199578810950914,1.0848840175810968
3353,com.moall.farmerstore88::38,1,developer_plus_third_party,0,8,-0.5049265124415805,0.9217575185867724,True,0.00016199578810950914,1.0848840175810968
3354,com.moall.farmerstore88::38,1,developer_plus_third_party,0,8,-0.5049265124415805,0.9217575185867724,True,0.00016199578810950914,1.0848840175810968
3355,com.moall.farmerstore88::38,1,developer_plus_third_party,0,8,-0.5049265124415805,0.9217575185867724,True,0.00016199578810950914,1.0848840175810968
3356,com.moall.farmerstore88::38,1,developer_plus_third_party,0,8,-0.5049265124415805,0.9217575185867724,True,0.00016199578810950914,1.0848840175810968
3357,com.moall.farmerstore88::38,1,developer_plus_third_party,0,8,-0.5049265124415805,0.9217575185867724,True,0.00016199578810950914,1.0848840175810968
3358,com.moall.farmerstore88::38,1,developer_plus_third_party,0,8,-0.5049265124415805,0.9217575185867724,True,0.00016199578810950914,1.0848840175810968
3359,com.moall.farmerstore88::38,1,developer_plus_third_party,0,8,-0.5049265124415805,0.9217575185867724,True,0.00016199578810950914,1.0848840175810968
3360,com.monotype.android.font.bel.round::19,1,developer_plus_third_party,1,8,-0.5575187849569858,0.9213385610334958,True,0.00016199578810950914,1.0853773436751275
3361,com.monotype.android.font.bel.round::19,1,developer_plus_third_party,1,8,-0.5575187849569858,0.9213385610334958,True,0.00016199578810950914,1.0853773436751275
3362,com.peachlive.android::28,1,developer_plus_third_party,1,8,4.651548807487057,0.9541148249923164,True,0.0003239915762190183,1.048091879306092
3363,com.peachlive.android::28,1,developer_plus_third_party,0,8,4.651548807487057,0.9541148249923164,True,0.00016199578810950914,1.048091879306092
3364,com.peachlive.android::28,1,developer_plus_third_party,1,8,4.651548807487057,0.9541148249923164,True,0.00016199578810950914,1.048091879306092
3365,com.peachlive.android::28,1,developer_plus_third_party,1,8,4.651548807487057,0.9541148249923164,True,0.00016199578810950914,1.048091879306092
3366,com.peachlive.android::28,1,developer_plus_third_party,0,8,4.651548807487057,0.9541148249923164,True,0.00016199578810950914,1.048091879306092
3367,com.peachlive.android::28,1,developer_plus_third_party,1,8,4.651548807487057,0.9541148249923164,True,0.00016199578810950914,1.048091879306092
3368,com.peachlive.android::28,1,developer_plus_third_party,1,8,4.651548807487057,0.9541148249923164,True,0.00016199578810950914,1.048091879306092
3369,com.peachlive.android::28,1,developer_plus_third_party,1,8,4.651548807487057,0.9541148249923164,True,0.00016199578810950914,1.048091879306092
3370,com.peachlive.android::28,1,developer_plus_third_party,1,8,4.651548807487057,0.9541148249923164,True,0.00016199578810950914,1.048091879306092
3371,com.peachlive.android::28,1,developer_plus_third_party,0,8,4.651548807487057,0.9541148249923164,True,0.00016199578810950914,1.048091879306092
3372,com.peachlive.android::28,1,developer_plus_third_party,1,8,4.651548807487057,0.9541148249923164,True,0.00016199578810950914,1.048091879306092
3373,com.peachlive.android::28,1,developer_plus_third_party,0,8,4.651548807487057,0.9541148249923164,True,0.00016199578810950914,1.048091879306092
3374,com.peachlive.android::28,1,developer_plus_third_party,1,8,4.651548807487057,0.9541148249923164,True,0.00016199578810950914,1.048091879306092
3375,com.peachlive.android::28,1,developer_plus_third_party,0,8,4.651548807487057,0.9541148249923164,True,0.00016199578810950914,1.048091879306092
3376,com.peachlive.android::28,1,developer_plus_third_party,0,8,4.651548807487057,0.9541148249923164,True,0.00016199578810950914,1.048091879306092
3377,com.peachlive.android::28,1,developer_plus_third_party,1,8,4.651548807487057,0.9541148249923164,True,0.00016199578810950914,1.048091879306092
3378,com.peachlive.android::28,1,developer_plus_third_party,0,8,4.651548807487057,0.9541148249923164,True,0.00016199578810950914,1.048091879306092
3379,com.peachlive.android::28,1,developer_plus_third_party,1,8,4.651548807487057,0.9541148249923164,True,0.00016199578810950914,1.048091879306092
3380,com.peachlive.android::28,1,developer_plus_third_party,0,8,4.651548807487057,0.9541148249923164,True,0.00016199578810950914,1.048091879306092
3381,com.peachlive.android::28,1,developer_plus_third_party,0,8,4.651548807487057,0.9541148249923164,True,0.00016199578810950914,1.048091879306092
3382,com.peachlive.android::28,1,developer_plus_third_party,0,8,4.651548807487057,0.9541148249923164,True,0.00016199578810950914,1.048091879306092
3383,com.peachlive.android::28,1,developer_plus_third_party,0,8,4.651548807487057,0.9541148249923164,True,0.00016199578810950914,1.048091879306092
3384,com.peachlive.android::28,1,developer_plus_third_party,1,8,4.651548807487057,0.9541148249923164,True,0.00016199578810950914,1.048091879306092
3385,com.peachlive.android::28,1,developer_plus_third_party,0,8,4.651548807487057,0.9541148249923164,True,0.00016199578810950914,1.048091879306092
3386,com.peachlive.android::28,1,developer_plus_third_party,0,8,4.651548807487057,0.9541148249923164,True,0.00016199578810950914,1.048091879306092
3387,com.peachlive.android::28,1,developer_plus_third_party,1,8,4.651548807487057,0.9541148249923164,True,0.00016199578810950914,1.048091879306092
3388,com.peachlive.android::28,1,developer_plus_third_party,1,8,4.651548807487057,0.9541148249923164,True,0.00016199578810950914,1.048091879306092
3389,com.peachlive.android::28,1,developer_plus_third_party,0,8,4.651548807487057,0.9541148249923164,True,0.00016199578810950914,1.048091879306092
3390,com.peachlive.android::28,1,developer_plus_third_party,0,8,4.651548807487057,0.9541148249923164,True,0.00016199578810950914,1.048091879306092
3391,com.peachlive.android::28,1,developer_plus_third_party,0,8,4.651548807487057,0.9541148249923164,True,0.00016199578810950914,1.048091879306092
3392,com.peachlive.android::28,1,developer_plus_third_party,1,8,4.651548807487057,0.9541148249923164,True,0.00016199578810950914,1.048091879306092
3393,com.peachlive.android::28,1,developer_plus_third_party,1,8,4.651548807487057,0.9541148249923164,True,0.00016199578810950914,1.048091879306092
3394,com.peachlive.android::28,1,developer_plus_third_party,0,8,4.651548807487057,0.9541148249923164,True,0.00016199578810950914,1.048091879306092
3395,com.peachlive.android::28,1,developer_plus_third_party,1,8,4.651548807487057,0.9541148249923164,True,0.00016199578810950914,1.048091879306092
3396,com.peachlive.android::28,1,developer_plus_third_party,1,8,4.651548807487057,0.9541148249923164,True,0.00016199578810950914,1.048091879306092
3397,com.peachlive.android::28,1,developer_plus_third_party,1,8,4.651548807487057,0.9541148249923164,True,0.00016199578810950914,1.048091879306092
3398,com.peachlive.android::28,1,developer_plus_third_party,1,8,4.651548807487057,0.9541148249923164,True,0.00016199578810950914,1.048091879306092
3399,com.peachlive.android::28,1,developer_plus_third_party,1,8,4.651548807487057,0.9541148249923164,True,0.00016199578810950914,1.048091879306092
3400,com.peachlive.android::28,1,developer_plus_third_party,1,8,4.651548807487057,0.9541148249923164,True,0.00016199578810950914,1.048091879306092
3401,com.peachlive.android::28,1,developer_plus_third_party,1,8,4.651548807487057,0.9541148249923164,True,0.00016199578810950914,1.048091879306092
3402,com.peachlive.android::28,1,developer_plus_third_party,1,8,4.651548807487057,0.9541148249923164,True,0.00016199578810950914,1.048091879306092
3403,com.peachlive.android::28,1,developer_plus_third_party,1,8,4.651548807487057,0.9541148249923164,True,0.00016199578810950914,1.048091879306092
3404,com.peachlive.android::28,1,developer_plus_third_party,1,8,4.651548807487057,0.9541148249923164,True,0.00016199578810950914,1.048091879306092
3405,com.peachlive.android::28,1,developer_plus_third_party,1,8,4.651548807487057,0.9541148249923164,True,0.00016199578810950914,1.048091879306092
3406,com.peachlive.android::28,1,developer_plus_third_party,1,8,4.651548807487057,0.9541148249923164,True,0.00016199578810950914,1.048091879306092
3407,com.peachlive.android::28,1,developer_plus_third_party,1,8,4.651548807487057,0.9541148249923164,True,0.00016199578810950914,1.048091879306092
3408,com.peachlive.android::28,1,developer_plus_third_party,1,8,4.651548807487057,0.9541148249923164,True,0.00016199578810950914,1.048091879306092
3409,com.peachlive.android::28,1,developer_plus_third_party,1,8,4.651548807487057,0.9541148249923164,True,0.00016199578810950914,1.048091879306092
3410,com.peachlive.android::28,1,developer_plus_third_party,1,8,4.651548807487057,0.9541148249923164,True,0.00016199578810950914,1.048091879306092
3411,com.peachlive.android::28,1,developer_plus_third_party,1,8,4.651548807487057,0.9541148249923164,True,0.00016199578810950914,1.048091879306092
3412,com.peachlive.android::28,1,developer_plus_third_party,1,8,4.651548807487057,0.9541148249923164,True,0.00016199578810950914,1.048091879306092
3413,com.peachlive.android::28,1,developer_plus_third_party,1,8,4.651548807487057,0.9541148249923164,True,0.00016199578810950914,1.048091879306092
3414,com.peachlive.android::28,1,developer_plus_third_party,1,8,4.651548807487057,0.9541148249923164,True,0.00016199578810950914,1.048091879306092
3415,com.peachlive.android::28,1,developer_plus_third_party,1,8,4.651548807487057,0.9541148249923164,True,0.00016199578810950914,1.048091879306092
3416,com.peachlive.android::28,1,developer_plus_third_party,1,8,4.651548807487057,0.9541148249923164,True,0.00016199578810950914,1.048091879306092
3417,com.peachlive.android::28,1,developer_plus_third_party,1,8,4.651548807487057,0.9541148249923164,True,0.00016199578810950914,1.048091879306092
3418,com.peachlive.android::28,1,developer_plus_third_party,1,8,4.651548807487057,0.9541148249923164,True,0.00016199578810950914,1.048091879306092
3419,com.peachlive.android::28,1,developer_plus_third_party,1,8,4.651548807487057,0.9541148249923164,True,0.00016199578810950914,1.048091879306092
3420,com.peachlive.android::28,1,developer_plus_third_party,1,8,4.651548807487057,0.9541148249923164,True,0.00016199578810950914,1.048091879306092
3421,com.peachlive.android::28,1,developer_plus_third_party,1,8,4.651548807487057,0.9541148249923164,True,0.00016199578810950914,1.048091879306092
3422,com.peachlive.android::28,1,developer_plus_third_party,1,8,4.651548807487057,0.9541148249923164,True,0.00016199578810950914,1.048091879306092
3423,com.peachlive.android::28,1,developer_plus_third_party,1,8,4.651548807487057,0.9541148249923164,True,0.00016199578810950914,1.048091879306092
3424,com.peachlive.android::28,1,developer_plus_third_party,1,8,4.651548807487057,0.9541148249923164,True,0.00016199578810950914,1.048091879306092
3425,com.peachlive.android::28,1,developer_plus_third_party,1,8,4.651548807487057,0.9541148249923164,True,0.00016199578810950914,1.048091879306092
3426,com.peachlive.android::28,1,developer_plus_third_party,1,8,4.651548807487057,0.9541148249923164,True,0.00016199578810950914,1.048091879306092
3427,com.peachlive.android::28,1,developer_plus_third_party,1,8,4.651548807487057,0.9541148249923164,True,0.00016199578810950914,1.048091879306092
3428,com.peachlive.android::28,1,developer_plus_third_party,1,8,4.651548807487057,0.9541148249923164,True,0.00016199578810950914,1.048091879306092
3429,com.peachlive.android::28,1,developer_plus_third_party,1,8,4.651548807487057,0.9541148249923164,True,0.00016199578810950914,1.048091879306092
3430,com.peachlive.android::28,1,developer_plus_third_party,1,8,4.651548807487057,0.9541148249923164,True,0.00016199578810950914,1.048091879306092
3431,com.pixsterstudio.captions::38,1,developer_plus_third_party,0,8,2.2024421152498537,0.9407428929550203,True,0.00016199578810950914,1.0629896940904267
3432,com.pixsterstudio.captions::38,1,developer_plus_third_party,1,8,2.2024421152498537,0.9407428929550203,True,0.00016199578810950914,1.0629896940904267
3433,com.pixsterstudio.captions::38,1,developer_plus_third_party,0,8,2.2024421152498537,0.9407428929550203,True,0.00016199578810950914,1.0629896940904267
3434,com.pixsterstudio.captions::38,1,developer_plus_third_party,0,8,2.2024421152498537,0.9407428929550203,True,0.00016199578810950914,1.0629896940904267
3435,com.pixsterstudio.captions::38,1,developer_plus_third_party,1,8,2.2024421152498537,0.9407428929550203,True,0.00016199578810950914,1.0629896940904267
3436,com.pixsterstudio.captions::38,1,developer_plus_third_party,0,8,2.2024421152498537,0.9407428929550203,True,0.00016199578810950914,1.0629896940904267
3437,com.pixsterstudio.captions::38,1,developer_plus_third_party,1,8,2.2024421152498537,0.9407428929550203,True,0.00016199578810950914,1.0629896940904267
3438,com.pixsterstudio.captions::38,1,developer_plus_third_party,1,8,2.2024421152498537,0.9407428929550203,True,0.00016199578810950914,1.0629896940904267
3439,com.pixsterstudio.captions::38,1,developer_plus_third_party,0,8,2.2024421152498537,0.9407428929550203,True,0.00016199578810950914,1.0629896940904267
3440,com.pixsterstudio.captions::38,1,developer_plus_third_party,0,8,2.2024421152498537,0.9407428929550203,True,0.00016199578810950914,1.0629896940904267
3441,com.pixsterstudio.captions::38,1,developer_plus_third_party,0,8,2.2024421152498537,0.9407428929550203,True,0.00016199578810950914,1.0629896940904267
3442,com.pixsterstudio.captions::38,1,developer_plus_third_party,1,8,2.2024421152498537,0.9407428929550203,True,0.00016199578810950914,1.0629896940904267
3443,com.pixsterstudio.captions::38,1,developer_plus_third_party,0,8,2.2024421152498537,0.9407428929550203,True,0.00016199578810950914,1.0629896940904267
3444,com.pixsterstudio.captions::38,1,developer_plus_third_party,1,8,2.2024421152498537,0.9407428929550203,True,0.00016199578810950914,1.0629896940904267
3445,com.pixsterstudio.captions::38,1,developer_plus_third_party,1,8,2.2024421152498537,0.9407428929550203,True,0.00016199578810950914,1.0629896940904267
3446,com.pixsterstudio.captions::38,1,developer_plus_third_party,0,8,2.2024421152498537,0.9407428929550203,True,0.00016199578810950914,1.0629896940904267
3447,com.pixsterstudio.captions::38,1,developer_plus_third_party,0,8,2.2024421152498537,0.9407428929550203,True,0.00016199578810950914,1.0629896940904267
3448,com.pixsterstudio.captions::38,1,developer_plus_third_party,1,8,2.2024421152498537,0.9407428929550203,True,0.00016199578810950914,1.0629896940904267
3449,com.pixsterstudio.captions::38,1,developer_plus_third_party,0,8,2.2024421152498537,0.9407428929550203,True,0.00016199578810950914,1.0629896940904267
3450,com.pixsterstudio.captions::38,1,developer_plus_third_party,1,8,2.2024421152498537,0.9407428929550203,True,0.00016199578810950914,1.0629896940904267
3451,com.pixsterstudio.captions::38,1,developer_plus_third_party,0,8,2.2024421152498537,0.9407428929550203,True,0.00016199578810950914,1.0629896940904267
3452,com.pixsterstudio.captions::38,1,developer_plus_third_party,0,8,2.2024421152498537,0.9407428929550203,True,0.00016199578810950914,1.0629896940904267
3453,com.pixsterstudio.captions::38,1,developer_plus_third_party,0,8,2.2024421152498537,0.9407428929550203,True,0.00016199578810950914,1.0629896940904267
3454,com.pixsterstudio.captions::38,1,developer_plus_third_party,0,8,2.2024421152498537,0.9407428929550203,True,0.00016199578810950914,1.0629896940904267
3455,com.pixsterstudio.captions::38,1,developer_plus_third_party,0,8,2.2024421152498537,0.9407428929550203,True,0.00016199578810950914,1.0629896940904267
3456,com.pixsterstudio.captions::38,1,developer_plus_third_party,0,8,2.2024421152498537,0.9407428929550203,True,0.00016199578810950914,1.0629896940904267
3457,com.pixsterstudio.captions::38,1,developer_plus_third_party,0,8,2.2024421152498537,0.9407428929550203,True,0.00016199578810950914,1.0629896940904267
3458,com.pixsterstudio.captions::38,1,developer_plus_third_party,1,8,2.2024421152498537,0.9407428929550203,True,0.00016199578810950914,1.0629896940904267
3459,com.pixsterstudio.captions::38,1,developer_plus_third_party,0,8,2.2024421152498537,0.9407428929550203,True,0.00016199578810950914,1.0629896940904267
3460,com.pixsterstudio.captions::38,1,developer_plus_third_party,1,8,2.2024421152498537,0.9407428929550203,True,0.00016199578810950914,1.0629896940904267
3461,com.pixsterstudio.captions::38,1,developer_plus_third_party,0,8,2.2024421152498537,0.9407428929550203,True,0.00016199578810950914,1.0629896940904267
3462,com.pixsterstudio.captions::38,1,developer_plus_third_party,1,8,2.2024421152498537,0.9407428929550203,True,0.00016199578810950914,1.0629896940904267
3463,com.pixsterstudio.captions::38,1,developer_plus_third_party,1,8,2.2024421152498537,0.9407428929550203,True,0.00016199578810950914,1.0629896940904267
3464,com.pixsterstudio.captions::38,1,developer_plus_third_party,1,8,2.2024421152498537,0.9407428929550203,True,0.00016199578810950914,1.0629896940904267
3465,com.pixsterstudio.captions::38,1,developer_plus_third_party,1,8,2.2024421152498537,0.9407428929550203,True,0.00016199578810950914,1.0629896940904267
3466,com.pixsterstudio.captions::38,1,developer_plus_third_party,1,8,2.2024421152498537,0.9407428929550203,True,0.00016199578810950914,1.0629896940904267
3467,com.pixsterstudio.captions::38,1,developer_plus_third_party,1,8,2.2024421152498537,0.9407428929550203,True,0.00016199578810950914,1.0629896940904267
3468,com.pixsterstudio.captions::38,1,developer_plus_third_party,1,8,2.2024421152498537,0.9407428929550203,True,0.00016199578810950914,1.0629896940904267
3469,com.pocketgroup.pocketpay::340,1,developer_plus_third_party,1,8,4.613955440392078,0.953933136004179,True,0.0009719747286570548,1.048291502053053
3470,com.pocketgroup.pocketpay::340,1,developer_plus_third_party,1,8,4.613955440392078,0.953933136004179,True,0.00016199578810950914,1.048291502053053
3471,com.pocketgroup.pocketpay::340,1,developer_plus_third_party,1,8,4.613955440392078,0.953933136004179,True,0.00016199578810950914,1.048291502053053
3472,com.pocketgroup.pocketpay::340,1,developer_plus_third_party,1,8,4.613955440392078,0.953933136004179,True,0.00016199578810950914,1.048291502053053
3473,com.pocketgroup.pocketpay::340,1,developer_plus_third_party,1,8,4.613955440392078,0.953933136004179,True,0.00016199578810950914,1.048291502053053
3474,com.pocketgroup.pocketpay::340,1,developer_plus_third_party,1,8,4.613955440392078,0.953933136004179,True,0.00016199578810950914,1.048291502053053
3475,com.pocketgroup.pocketpay::340,1,developer_plus_third_party,1,8,4.613955440392078,0.953933136004179,True,0.00016199578810950914,1.048291502053053
3476,com.pocketgroup.pocketpay::340,1,developer_plus_third_party,1,8,4.613955440392078,0.953933136004179,True,0.00016199578810950914,1.048291502053053
3477,com.pocketgroup.pocketpay::340,1,developer_plus_third_party,1,8,4.613955440392078,0.953933136004179,True,0.00016199578810950914,1.048291502053053
3478,com.pocketgroup.pocketpay::340,1,developer_plus_third_party,0,8,4.613955440392078,0.953933136004179,True,0.00016199578810950914,1.048291502053053
3479,com.pocketgroup.pocketpay::340,1,developer_plus_third_party,1,8,4.613955440392078,0.953933136004179,True,0.00016199578810950914,1.048291502053053
3480,com.pocketgroup.pocketpay::340,1,developer_plus_third_party,0,8,4.613955440392078,0.953933136004179,True,0.00016199578810950914,1.048291502053053
3481,com.pocketgroup.pocketpay::340,1,developer_plus_third_party,0,8,4.613955440392078,0.953933136004179,True,0.00016199578810950914,1.048291502053053
3482,com.pocketgroup.pocketpay::340,1,developer_plus_third_party,1,8,4.613955440392078,0.953933136004179,True,0.00016199578810950914,1.048291502053053
3483,com.pocketgroup.pocketpay::340,1,developer_plus_third_party,1,8,4.613955440392078,0.953933136004179,True,0.00016199578810950914,1.048291502053053
3484,com.pocketgroup.pocketpay::340,1,developer_plus_third_party,0,8,4.613955440392078,0.953933136004179,True,0.00016199578810950914,1.048291502053053
3485,com.pocketgroup.pocketpay::340,1,developer_plus_third_party,1,8,4.613955440392078,0.953933136004179,True,0.00016199578810950914,1.048291502053053
3486,com.pocketgroup.pocketpay::340,1,developer_plus_third_party,0,8,4.613955440392078,0.953933136004179,True,0.00016199578810950914,1.048291502053053
3487,com.pocketgroup.pocketpay::340,1,developer_plus_third_party,0,8,4.613955440392078,0.953933136004179,True,0.00016199578810950914,1.048291502053053
3488,com.pocketgroup.pocketpay::340,1,developer_plus_third_party,0,8,4.613955440392078,0.953933136004179,True,0.00016199578810950914,1.048291502053053
3489,com.pocketgroup.pocketpay::340,1,developer_plus_third_party,0,8,4.613955440392078,0.953933136004179,True,0.00016199578810950914,1.048291502053053
3490,com.pocketgroup.pocketpay::340,1,developer_plus_third_party,1,8,4.613955440392078,0.953933136004179,True,0.00016199578810950914,1.048291502053053
3491,com.pocketgroup.pocketpay::340,1,developer_plus_third_party,0,8,4.613955440392078,0.953933136004179,True,0.00016199578810950914,1.048291502053053
3492,com.pocketgroup.pocketpay::340,1,developer_plus_third_party,1,8,4.613955440392078,0.953933136004179,True,0.00016199578810950914,1.048291502053053
3493,com.pocketgroup.pocketpay::340,1,developer_plus_third_party,1,8,4.613955440392078,0.953933136004179,True,0.00016199578810950914,1.048291502053053
3494,com.pocketgroup.pocketpay::340,1,developer_plus_third_party,0,8,4.613955440392078,0.953933136004179,True,0.00016199578810950914,1.048291502053053
3495,com.pocketgroup.pocketpay::340,1,developer_plus_third_party,1,8,4.613955440392078,0.953933136004179,True,0.00016199578810950914,1.048291502053053
3496,com.pocketgroup.pocketpay::340,1,developer_plus_third_party,0,8,4.613955440392078,0.953933136004179,True,0.00016199578810950914,1.048291502053053
3497,com.pocketgroup.pocketpay::340,1,developer_plus_third_party,0,8,4.613955440392078,0.953933136004179,True,0.00016199578810950914,1.048291502053053
3498,com.pocketgroup.pocketpay::340,1,developer_plus_third_party,1,8,4.613955440392078,0.953933136004179,True,0.00016199578810950914,1.048291502053053
3499,com.pocketgroup.pocketpay::340,1,developer_plus_third_party,0,8,4.613955440392078,0.953933136004179,True,0.00016199578810950914,1.048291502053053
3500,com.pocketgroup.pocketpay::340,1,developer_plus_third_party,0,8,4.613955440392078,0.953933136004179,True,0.00016199578810950914,1.048291502053053
3501,com.pocketgroup.pocketpay::340,1,developer_plus_third_party,0,8,4.613955440392078,0.953933136004179,True,0.00016199578810950914,1.048291502053053
3502,com.pocketgroup.pocketpay::340,1,developer_plus_third_party,0,8,4.613955440392078,0.953933136004179,True,0.00016199578810950914,1.048291502053053
3503,com.pocketgroup.pocketpay::340,1,developer_plus_third_party,0,8,4.613955440392078,0.953933136004179,True,0.00016199578810950914,1.048291502053053
3504,com.pocketgroup.pocketpay::340,1,developer_plus_third_party,0,8,4.613955440392078,0.953933136004179,True,0.00016199578810950914,1.048291502053053
3505,com.pocketgroup.pocketpay::340,1,developer_plus_third_party,0,8,4.613955440392078,0.953933136004179,True,0.00016199578810950914,1.048291502053053
3506,com.pocketgroup.pocketpay::340,1,developer_plus_third_party,1,8,4.613955440392078,0.953933136004179,True,0.00016199578810950914,1.048291502053053
3507,com.pocketgroup.pocketpay::340,1,developer_plus_third_party,0,8,4.613955440392078,0.953933136004179,True,0.00016199578810950914,1.048291502053053
3508,com.prompt.ma.maapplicationfinalAmul::50,1,developer_plus_third_party,1,8,-0.16519331010810925,0.924415007992071,True,0.0014579620929855823,1.081765215140879
3509,com.prompt.ma.maapplicationfinalAmul::50,1,developer_plus_third_party,1,8,-0.16519331010810925,0.924415007992071,True,0.00016199578810950914,1.081765215140879
3510,com.prompt.ma.maapplicationfinalAmul::50,1,developer_plus_third_party,0,8,-0.16519331010810925,0.924415007992071,True,0.00016199578810950914,1.081765215140879
3511,com.prompt.ma.maapplicationfinalAmul::50,1,developer_plus_third_party,0,8,-0.16519331010810925,0.924415007992071,True,0.00016199578810950914,1.081765215140879
3512,com.prompt.ma.maapplicationfinalAmul::50,1,developer_plus_third_party,1,8,-0.16519331010810925,0.924415007992071,True,0.00016199578810950914,1.081765215140879
3513,com.prompt.ma.maapplicationfinalAmul::50,1,developer_plus_third_party,1,8,-0.16519331010810925,0.924415007992071,True,0.00016199578810950914,1.081765215140879
3514,com.prompt.ma.maapplicationfinalAmul::50,1,developer_plus_third_party,1,8,-0.16519331010810925,0.924415007992071,True,0.00016199578810950914,1.081765215140879
3515,com.prompt.ma.maapplicationfinalAmul::50,1,developer_plus_third_party,1,8,-0.16519331010810925,0.924415007992071,True,0.00016199578810950914,1.081765215140879
3516,com.prompt.ma.maapplicationfinalAmul::50,1,developer_plus_third_party,1,8,-0.16519331010810925,0.924415007992071,True,0.00016199578810950914,1.081765215140879
3517,com.prompt.ma.maapplicationfinalAmul::50,1,developer_plus_third_party,1,8,-0.16519331010810925,0.924415007992071,True,0.00016199578810950914,1.081765215140879
3518,com.prompt.ma.maapplicationfinalAmul::50,1,developer_plus_third_party,1,8,-0.16519331010810925,0.924415007992071,True,0.00016199578810950914,1.081765215140879
3519,com.prompt.ma.maapplicationfinalAmul::50,1,developer_plus_third_party,1,8,-0.16519331010810925,0.924415007992071,True,0.00016199578810950914,1.081765215140879
3520,com.prompt.ma.maapplicationfinalAmul::50,1,developer_plus_third_party,1,8,-0.16519331010810925,0.924415007992071,True,0.00016199578810950914,1.081765215140879
3521,com.prompt.ma.maapplicationfinalAmul::50,1,developer_plus_third_party,0,8,-0.16519331010810925,0.924415007992071,True,0.00016199578810950914,1.081765215140879
3522,com.prompt.ma.maapplicationfinalAmul::50,1,developer_plus_third_party,0,8,-0.16519331010810925,0.924415007992071,True,0.00016199578810950914,1.081765215140879
3523,com.prompt.ma.maapplicationfinalAmul::50,1,developer_plus_third_party,0,8,-0.16519331010810925,0.924415007992071,True,0.00016199578810950914,1.081765215140879
3524,com.prompt.ma.maapplicationfinalAmul::50,1,developer_plus_third_party,0,8,-0.16519331010810925,0.924415007992071,True,0.00016199578810950914,1.081765215140879
3525,com.prompt.ma.maapplicationfinalAmul::50,1,developer_plus_third_party,0,8,-0.16519331010810925,0.924415007992071,True,0.00016199578810950914,1.081765215140879
3526,com.prompt.ma.maapplicationfinalAmul::50,1,developer_plus_third_party,0,8,-0.16519331010810925,0.924415007992071,True,0.00016199578810950914,1.081765215140879
3527,com.prompt.ma.maapplicationfinalAmul::50,1,developer_plus_third_party,0,8,-0.16519331010810925,0.924415007992071,True,0.00016199578810950914,1.081765215140879
3528,com.prompt.ma.maapplicationfinalAmul::50,1,developer_plus_third_party,0,8,-0.16519331010810925,0.924415007992071,True,0.00016199578810950914,1.081765215140879
3529,com.prompt.ma.maapplicationfinalAmul::50,1,developer_plus_third_party,0,8,-0.16519331010810925,0.924415007992071,True,0.00016199578810950914,1.081765215140879
3530,com.prompt.ma.maapplicationfinalAmul::50,1,developer_plus_third_party,0,8,-0.16519331010810925,0.924415007992071,True,0.00016199578810950914,1.081765215140879
3531,com.prompt.ma.maapplicationfinalAmul::50,1,developer_plus_third_party,0,8,-0.16519331010810925,0.924415007992071,True,0.00016199578810950914,1.081765215140879
3532,com.prompt.ma.maapplicationfinalAmul::50,1,developer_plus_third_party,0,8,-0.16519331010810925,0.924415007992071,True,0.00016199578810950914,1.081765215140879
3533,com.prompt.ma.maapplicationfinalAmul::50,1,developer_plus_third_party,0,8,-0.16519331010810925,0.924415007992071,True,0.00016199578810950914,1.081765215140879
3534,com.prompt.ma.maapplicationfinalAmul::50,1,developer_plus_third_party,0,8,-0.16519331010810925,0.924415007992071,True,0.00016199578810950914,1.081765215140879
3535,com.prompt.ma.maapplicationfinalAmul::50,1,developer_plus_third_party,0,8,-0.16519331010810925,0.924415007992071,True,0.00016199578810950914,1.081765215140879
3536,com.prompt.ma.maapplicationfinalAmul::50,1,developer_plus_third_party,0,8,-0.16519331010810925,0.924415007992071,True,0.00016199578810950914,1.081765215140879
3537,com.prompt.ma.maapplicationfinalAmul::50,1,developer_plus_third_party,0,8,-0.16519331010810925,0.924415007992071,True,0.00016199578810950914,1.081765215140879
3538,com.prompt.ma.maapplicationfinalAmul::50,1,developer_plus_third_party,0,8,-0.16519331010810925,0.924415007992071,True,0.00016199578810950914,1.081765215140879
3539,com.rms.mobile.number.locator.mobilecall.tracker.callerid.location::5,1,developer_plus_third_party,1,8,-0.318975922083057,0.9232225004322229,True,0.00016199578810950914,1.0831625090721169
3540,com.rms.mobile.number.locator.mobilecall.tracker.callerid.location::5,1,developer_plus_third_party,1,8,-0.318975922083057,0.9232225004322229,True,0.00016199578810950914,1.0831625090721169
3541,com.rmtheis.price.comparison.scanner::102,1,developer_plus_third_party,1,8,-0.43238353007127517,0.9223320556254394,True,0.00016199578810950914,1.084208224034774
3542,com.rmtheis.price.comparison.scanner::102,1,developer_plus_third_party,1,8,-0.43238353007127517,0.9223320556254394,True,0.00016199578810950914,1.084208224034774
3543,com.rtve.mas24::87,1,developer_plus_third_party,1,8,-0.036095080288361274,0.9254029439017228,True,0.0009719747286570548,1.0806103509718241
3544,com.rtve.mas24::87,1,developer_plus_third_party,1,8,-0.036095080288361274,0.9254029439017228,True,0.00016199578810950914,1.0806103509718241
3545,com.rtve.mas24::87,1,developer_plus_third_party,0,8,-0.036095080288361274,0.9254029439017228,True,0.00016199578810950914,1.0806103509718241
3546,com.rtve.mas24::87,1,developer_plus_third_party,1,8,-0.036095080288361274,0.9254029439017228,True,0.00016199578810950914,1.0806103509718241
3547,com.rtve.mas24::87,1,developer_plus_third_party,1,8,-0.036095080288361274,0.9254029439017228,True,0.00016199578810950914,1.0806103509718241
3548,com.rtve.mas24::87,1,developer_plus_third_party,1,8,-0.036095080288361274,0.9254029439017228,True,0.00016199578810950914,1.0806103509718241
3549,com.rtve.mas24::87,1,developer_plus_third_party,1,8,-0.036095080288361274,0.9254029439017228,True,0.00016199578810950914,1.0806103509718241
3550,com.rtve.mas24::87,1,developer_plus_third_party,0,8,-0.036095080288361274,0.9254029439017228,True,0.00016199578810950914,1.0806103509718241
3551,com.rtve.mas24::87,1,developer_plus_third_party,0,8,-0.036095080288361274,0.9254029439017228,True,0.00016199578810950914,1.0806103509718241
3552,com.rtve.mas24::87,1,developer_plus_third_party,0,8,-0.036095080288361274,0.9254029439017228,True,0.00016199578810950914,1.0806103509718241
3553,com.rtve.mas24::87,1,developer_plus_third_party,1,8,-0.036095080288361274,0.9254029439017228,True,0.00016199578810950914,1.0806103509718241
3554,com.rtve.mas24::87,1,developer_plus_third_party,1,8,-0.036095080288361274,0.9254029439017228,True,0.00016199578810950914,1.0806103509718241
3555,com.rtve.mas24::87,1,developer_plus_third_party,1,8,-0.036095080288361274,0.9254029439017228,True,0.00016199578810950914,1.0806103509718241
3556,com.rtve.mas24::87,1,developer_plus_third_party,1,8,-0.036095080288361274,0.9254029439017228,True,0.00016199578810950914,1.0806103509718241
3557,com.rtve.mas24::87,1,developer_plus_third_party,1,8,-0.036095080288361274,0.9254029439017228,True,0.00016199578810950914,1.0806103509718241
3558,com.rtve.mas24::87,1,developer_plus_third_party,1,8,-0.036095080288361274,0.9254029439017228,True,0.00016199578810950914,1.0806103509718241
3559,com.rtve.mas24::87,1,developer_plus_third_party,1,8,-0.036095080288361274,0.9254029439017228,True,0.00016199578810950914,1.0806103509718241
3560,com.rtve.mas24::87,1,developer_plus_third_party,0,8,-0.036095080288361274,0.9254029439017228,True,0.00016199578810950914,1.0806103509718241
3561,com.rtve.mas24::87,1,developer_plus_third_party,0,8,-0.036095080288361274,0.9254029439017228,True,0.00016199578810950914,1.0806103509718241
3562,com.rtve.mas24::87,1,developer_plus_third_party,0,8,-0.036095080288361274,0.9254029439017228,True,0.00016199578810950914,1.0806103509718241
3563,com.rtve.mas24::87,1,developer_plus_third_party,0,8,-0.036095080288361274,0.9254029439017228,True,0.00016199578810950914,1.0806103509718241
3564,com.rtve.mas24::87,1,developer_plus_third_party,0,8,-0.036095080288361274,0.9254029439017228,True,0.00016199578810950914,1.0806103509718241
3565,com.rtve.mas24::87,1,developer_plus_third_party,0,8,-0.036095080288361274,0.9254029439017228,True,0.00016199578810950914,1.0806103509718241
3566,com.rtve.mas24::87,1,developer_plus_third_party,0,8,-0.036095080288361274,0.9254029439017228,True,0.00016199578810950914,1.0806103509718241
3567,com.rtve.mas24::87,1,developer_plus_third_party,0,8,-0.036095080288361274,0.9254029439017228,True,0.00016199578810950914,1.0806103509718241
3568,com.rtve.mas24::87,1,developer_plus_third_party,0,8,-0.036095080288361274,0.9254029439017228,True,0.00016199578810950914,1.0806103509718241
3569,com.rtve.mas24::87,1,developer_plus_third_party,0,8,-0.036095080288361274,0.9254029439017228,True,0.00016199578810950914,1.0806103509718241
3570,com.rtve.mas24::87,1,developer_plus_third_party,0,8,-0.036095080288361274,0.9254029439017228,True,0.00016199578810950914,1.0806103509718241
3571,com.rtve.mas24::87,1,developer_plus_third_party,0,8,-0.036095080288361274,0.9254029439017228,True,0.00016199578810950914,1.0806103509718241
3572,com.rtve.mas24::87,1,developer_plus_third_party,0,8,-0.036095080288361274,0.9254029439017228,True,0.00016199578810950914,1.0806103509718241
3573,com.rtve.mas24::87,1,developer_plus_third_party,0,8,-0.036095080288361274,0.9254029439017228,True,0.00016199578810950914,1.0806103509718241
3574,com.rtve.mas24::87,1,developer_plus_third_party,0,8,-0.036095080288361274,0.9254029439017228,True,0.00016199578810950914,1.0806103509718241
3575,com.x2line.android.milkybaby::26144281,1,developer_plus_third_party,1,8,7.806205575850446,0.9671449090772664,False,0.00016199578810950914,1.0339712183917507
3576,com.x2line.android.milkybaby::26144281,1,developer_plus_third_party,1,8,7.806205575850446,0.9671449090772664,False,0.00016199578810950914,1.0339712183917507
3577,com.x2line.android.milkybaby::26144281,1,developer_plus_third_party,1,8,7.806205575850446,0.9671449090772664,False,0.00016199578810950914,1.0339712183917507
3578,de.rooehler.bikecomputer::262,1,developer_plus_third_party,1,8,-0.3320080208475959,0.9231206539796292,True,0.00016199578810950914,1.0832820126913414
3579,de.rooehler.bikecomputer::262,1,developer_plus_third_party,1,8,-0.3320080208475959,0.9231206539796292,True,0.00016199578810950914,1.0832820126913414
3580,de.rooehler.bikecomputer::262,1,developer_plus_third_party,1,8,-0.3320080208475959,0.9231206539796292,True,0.00016199578810950914,1.0832820126913414
3581,de.rooehler.bikecomputer::262,1,developer_plus_third_party,1,8,-0.3320080208475959,0.9231206539796292,True,0.00016199578810950914,1.0832820126913414
3582,de.rooehler.bikecomputer::262,1,developer_plus_third_party,1,8,-0.3320080208475959,0.9231206539796292,True,0.00016199578810950914,1.0832820126913414
3583,de.rooehler.bikecomputer::262,1,developer_plus_third_party,1,8,-0.3320080208475959,0.9231206539796292,True,0.00016199578810950914,1.0832820126913414
3584,de.rooehler.bikecomputer::262,1,developer_plus_third_party,1,8,-0.3320080208475959,0.9231206539796292,True,0.00016199578810950914,1.0832820126913414
3585,de.rooehler.bikecomputer::262,1,developer_plus_third_party,0,8,-0.3320080208475959,0.9231206539796292,True,0.00016199578810950914,1.0832820126913414
3586,de.rooehler.bikecomputer::262,1,developer_plus_third_party,0,8,-0.3320080208475959,0.9231206539796292,True,0.00016199578810950914,1.0832820126913414
3587,de.rooehler.bikecomputer::262,1,developer_plus_third_party,0,8,-0.3320080208475959,0.9231206539796292,True,0.00016199578810950914,1.0832820126913414
3588,de.rooehler.bikecomputer::262,1,developer_plus_third_party,0,8,-0.3320080208475959,0.9231206539796292,True,0.00016199578810950914,1.0832820126913414
3589,de.rooehler.bikecomputer::262,1,developer_plus_third_party,0,8,-0.3320080208475959,0.9231206539796292,True,0.00016199578810950914,1.0832820126913414
3590,de.rooehler.bikecomputer::262,1,developer_plus_third_party,0,8,-0.3320080208475959,0.9231206539796292,True,0.00016199578810950914,1.0832820126913414
3591,de.rooehler.bikecomputer::262,1,developer_plus_third_party,0,8,-0.3320080208475959,0.9231206539796292,True,0.00016199578810950914,1.0832820126913414
3592,de.rooehler.bikecomputer::262,1,developer_plus_third_party,1,8,-0.3320080208475959,0.9231206539796292,True,0.00016199578810950914,1.0832820126913414
3593,de.rooehler.bikecomputer::262,1,developer_plus_third_party,1,8,-0.3320080208475959,0.9231206539796292,True,0.00016199578810950914,1.0832820126913414
3594,de.rooehler.bikecomputer::262,1,developer_plus_third_party,1,8,-0.3320080208475959,0.9231206539796292,True,0.00016199578810950914,1.0832820126913414
3595,de.rooehler.bikecomputer::262,1,developer_plus_third_party,0,8,-0.3320080208475959,0.9231206539796292,True,0.00016199578810950914,1.0832820126913414
3596,de.rooehler.bikecomputer::262,1,developer_plus_third_party,0,8,-0.3320080208475959,0.9231206539796292,True,0.00016199578810950914,1.0832820126913414
3597,de.rooehler.bikecomputer::262,1,developer_plus_third_party,0,8,-0.3320080208475959,0.9231206539796292,True,0.00016199578810950914,1.0832820126913414
3598,org.chennaimetrorail.appv1::161,1,developer_plus_third_party,1,8,-0.03131028138502691,0.9254393308901616,True,0.0017819536692046006,1.0805678628745117
3599,org.chennaimetrorail.appv1::161,1,developer_plus_third_party,1,8,-0.03131028138502691,0.9254393308901616,True,0.00016199578810950914,1.0805678628745117
3600,org.chennaimetrorail.appv1::161,1,developer_plus_third_party,1,8,-0.03131028138502691,0.9254393308901616,True,0.00016199578810950914,1.0805678628745117
3601,org.chennaimetrorail.appv1::161,1,developer_plus_third_party,1,8,-0.03131028138502691,0.9254393308901616,True,0.00016199578810950914,1.0805678628745117
3602,org.chennaimetrorail.appv1::161,1,developer_plus_third_party,1,8,-0.03131028138502691,0.9254393308901616,True,0.00016199578810950914,1.0805678628745117
3603,org.chennaimetrorail.appv1::161,1,developer_plus_third_party,1,8,-0.03131028138502691,0.9254393308901616,True,0.00016199578810950914,1.0805678628745117
3604,org.chennaimetrorail.appv1::161,1,developer_plus_third_party,1,8,-0.03131028138502691,0.9254393308901616,True,0.00016199578810950914,1.0805678628745117
3605,org.chennaimetrorail.appv1::161,1,developer_plus_third_party,1,8,-0.03131028138502691,0.9254393308901616,True,0.00016199578810950914,1.0805678628745117
3606,org.chennaimetrorail.appv1::161,1,developer_plus_third_party,1,8,-0.03131028138502691,0.9254393308901616,True,0.00016199578810950914,1.0805678628745117
3607,org.chennaimetrorail.appv1::161,1,developer_plus_third_party,1,8,-0.03131028138502691,0.9254393308901616,True,0.00016199578810950914,1.0805678628745117
3608,org.chennaimetrorail.appv1::161,1,developer_plus_third_party,1,8,-0.03131028138502691,0.9254393308901616,True,0.00016199578810950914,1.0805678628745117
3609,org.chennaimetrorail.appv1::161,1,developer_plus_third_party,1,8,-0.03131028138502691,0.9254393308901616,True,0.00016199578810950914,1.0805678628745117
3610,org.chennaimetrorail.appv1::161,1,developer_plus_third_party,1,8,-0.03131028138502691,0.9254393308901616,True,0.00016199578810950914,1.0805678628745117
3611,org.chennaimetrorail.appv1::161,1,developer_plus_third_party,1,8,-0.03131028138502691,0.9254393308901616,True,0.00016199578810950914,1.0805678628745117
3612,org.chennaimetrorail.appv1::161,1,developer_plus_third_party,1,8,-0.03131028138502691,0.9254393308901616,True,0.00016199578810950914,1.0805678628745117
3613,org.chennaimetrorail.appv1::161,1,developer_plus_third_party,1,8,-0.03131028138502691,0.9254393308901616,True,0.00016199578810950914,1.0805678628745117
3614,org.chennaimetrorail.appv1::161,1,developer_plus_third_party,1,8,-0.03131028138502691,0.9254393308901616,True,0.00016199578810950914,1.0805678628745117
3615,org.chennaimetrorail.appv1::161,1,developer_plus_third_party,1,8,-0.03131028138502691,0.9254393308901616,True,0.00016199578810950914,1.0805678628745117
3616,org.chennaimetrorail.appv1::161,1,developer_plus_third_party,1,8,-0.03131028138502691,0.9254393308901616,True,0.00016199578810950914,1.0805678628745117
3617,org.chennaimetrorail.appv1::161,1,developer_plus_third_party,1,8,-0.03131028138502691,0.9254393308901616,True,0.00016199578810950914,1.0805678628745117
3618,org.chennaimetrorail.appv1::161,1,developer_plus_third_party,0,8,-0.03131028138502691,0.9254393308901616,True,0.00016199578810950914,1.0805678628745117
3619,org.chennaimetrorail.appv1::161,1,developer_plus_third_party,0,8,-0.03131028138502691,0.9254393308901616,True,0.00016199578810950914,1.0805678628745117
3620,org.chennaimetrorail.appv1::161,1,developer_plus_third_party,1,8,-0.03131028138502691,0.9254393308901616,True,0.00016199578810950914,1.0805678628745117
3621,org.chennaimetrorail.appv1::161,1,developer_plus_third_party,0,8,-0.03131028138502691,0.9254393308901616,True,0.00016199578810950914,1.0805678628745117
3622,org.chennaimetrorail.appv1::161,1,developer_plus_third_party,0,8,-0.03131028138502691,0.9254393308901616,True,0.00016199578810950914,1.0805678628745117
3623,pt.sapo.android.cloudpt::120,1,developer_plus_third_party,1,8,-0.5648939783171353,0.9212796454057356,True,0.0012959663048760731,1.0854467533140773
3624,pt.sapo.android.cloudpt::120,1,developer_plus_third_party,1,8,-0.5648939783171353,0.9212796454057356,True,0.00016199578810950914,1.0854467533140773
3625,pt.sapo.android.cloudpt::120,1,developer_plus_third_party,1,8,-0.5648939783171353,0.9212796454057356,True,0.00016199578810950914,1.0854467533140773
3626,pt.sapo.android.cloudpt::120,1,developer_plus_third_party,1,8,-0.5648939783171353,0.9212796454057356,True,0.00016199578810950914,1.0854467533140773
3627,pt.sapo.android.cloudpt::120,1,developer_plus_third_party,1,8,-0.5648939783171353,0.9212796454057356,True,0.00016199578810950914,1.0854467533140773
3628,pt.sapo.android.cloudpt::120,1,developer_plus_third_party,1,8,-0.5648939783171353,0.9212796454057356,True,0.00016199578810950914,1.0854467533140773
3629,pt.sapo.android.cloudpt::120,1,developer_plus_third_party,1,8,-0.5648939783171353,0.9212796454057356,True,0.00016199578810950914,1.0854467533140773
3630,pt.sapo.android.cloudpt::120,1,developer_plus_third_party,1,8,-0.5648939783171353,0.9212796454057356,True,0.00016199578810950914,1.0854467533140773
3631,pt.sapo.android.cloudpt::120,1,developer_plus_third_party,1,8,-0.5648939783171353,0.9212796454057356,True,0.00016199578810950914,1.0854467533140773
3632,pt.sapo.android.cloudpt::120,1,developer_plus_third_party,1,8,-0.5648939783171353,0.9212796454057356,True,0.00016199578810950914,1.0854467533140773
3633,pt.sapo.android.cloudpt::120,1,developer_plus_third_party,1,8,-0.5648939783171353,0.9212796454057356,True,0.00016199578810950914,1.0854467533140773
3634,se.jagareforbundet.wehunt::2401321,1,developer_plus_third_party,1,8,5.009555610339801,0.9558112134712625,True,0.00016199578810950914,1.046231709678583
3635,se.jagareforbundet.wehunt::2401321,1,developer_plus_third_party,0,8,5.009555610339801,0.9558112134712625,True,0.00016199578810950914,1.046231709678583
3636,se.jagareforbundet.wehunt::2401321,1,developer_plus_third_party,0,8,5.009555610339801,0.9558112134712625,True,0.00016199578810950914,1.046231709678583
3637,se.jagareforbundet.wehunt::2401321,1,developer_plus_third_party,0,8,5.009555610339801,0.9558112134712625,True,0.00016199578810950914,1.046231709678583
3638,se.jagareforbundet.wehunt::2401321,1,developer_plus_third_party,1,8,5.009555610339801,0.9558112134712625,True,0.00016199578810950914,1.046231709678583
3639,se.jagareforbundet.wehunt::2401321,1,developer_plus_third_party,1,8,5.009555610339801,0.9558112134712625,True,0.00016199578810950914,1.046231709678583
3640,se.jagareforbundet.wehunt::2401321,1,developer_plus_third_party,0,8,5.009555610339801,0.9558112134712625,True,0.00016199578810950914,1.046231709678583
3641,se.jagareforbundet.wehunt::2401321,1,developer_plus_third_party,1,8,5.009555610339801,0.9558112134712625,True,0.00016199578810950914,1.046231709678583
3642,se.jagareforbundet.wehunt::2401321,1,developer_plus_third_party,1,8,5.009555610339801,0.9558112134712625,True,0.00016199578810950914,1.046231709678583
3643,se.jagareforbundet.wehunt::2401321,1,developer_plus_third_party,1,8,5.009555610339801,0.9558112134712625,True,0.00016199578810950914,1.046231709678583
3644,se.jagareforbundet.wehunt::2401321,1,developer_plus_third_party,1,8,5.009555610339801,0.9558112134712625,True,0.00016199578810950914,1.046231709678583
3645,se.jagareforbundet.wehunt::2401321,1,developer_plus_third_party,1,8,5.009555610339801,0.9558112134712625,True,0.00016199578810950914,1.046231709678583
3646,se.jagareforbundet.wehunt::2401321,1,developer_plus_third_party,1,8,5.009555610339801,0.9558112134712625,True,0.00016199578810950914,1.046231709678583
3647,se.jagareforbundet.wehunt::2401321,1,developer_plus_third_party,1,8,5.009555610339801,0.9558112134712625,True,0.00016199578810950914,1.046231709678583
3648,se.jagareforbundet.wehunt::2401321,1,developer_plus_third_party,1,8,5.009555610339801,0.9558112134712625,True,0.00016199578810950914,1.046231709678583
3649,se.jagareforbundet.wehunt::2401321,1,developer_plus_third_party,1,8,5.009555610339801,0.9558112134712625,True,0.00016199578810950914,1.046231709678583
3650,se.jagareforbundet.wehunt::2401321,1,developer_plus_third_party,0,8,5.009555610339801,0.9558112134712625,True,0.00016199578810950914,1.046231709678583
3651,se.jagareforbundet.wehunt::2401321,1,developer_plus_third_party,0,8,5.009555610339801,0.9558112134712625,True,0.00016199578810950914,1.046231709678583
3652,se.jagareforbundet.wehunt::2401321,1,developer_plus_third_party,0,8,5.009555610339801,0.9558112134712625,True,0.00016199578810950914,1.046231709678583
3653,se.jagareforbundet.wehunt::2401321,1,developer_plus_third_party,0,8,5.009555610339801,0.9558112134712625,True,0.00016199578810950914,1.046231709678583
3654,se.jagareforbundet.wehunt::2401321,1,developer_plus_third_party,0,8,5.009555610339801,0.9558112134712625,True,0.00016199578810950914,1.046231709678583
3655,se.jagareforbundet.wehunt::2401321,1,developer_plus_third_party,0,8,5.009555610339801,0.9558112134712625,True,0.00016199578810950914,1.046231709678583
3656,se.jagareforbundet.wehunt::2401321,1,developer_plus_third_party,0,8,5.009555610339801,0.9558112134712625,True,0.00016199578810950914,1.046231709678583
3657,se.jagareforbundet.wehunt::2401321,1,developer_plus_third_party,0,8,5.009555610339801,0.9558112134712625,True,0.00016199578810950914,1.046231709678583
3658,se.jagareforbundet.wehunt::2401321,1,developer_plus_third_party,0,8,5.009555610339801,0.9558112134712625,True,0.00016199578810950914,1.046231709678583
3659,se.jagareforbundet.wehunt::2401321,1,developer_plus_third_party,0,8,5.009555610339801,0.9558112134712625,True,0.00016199578810950914,1.046231709678583
3660,se.jagareforbundet.wehunt::2401321,1,developer_plus_third_party,0,8,5.009555610339801,0.9558112134712625,True,0.00016199578810950914,1.046231709678583
3661,se.jagareforbundet.wehunt::2401321,1,developer_plus_third_party,0,8,5.009555610339801,0.9558112134712625,True,0.00016199578810950914,1.046231709678583
3662,systems.altura.aclient.cnel::1280,1,developer_plus_third_party,1,8,-0.3260330814443772,0.923167363771921,True,0.0014579620929855823,1.0832272015273077
3663,systems.altura.aclient.cnel::1280,1,developer_plus_third_party,1,8,-0.3260330814443772,0.923167363771921,True,0.00016199578810950914,1.0832272015273077
3664,systems.altura.aclient.cnel::1280,1,developer_plus_third_party,1,8,-0.3260330814443772,0.923167363771921,True,0.00016199578810950914,1.0832272015273077
3665,systems.altura.aclient.cnel::1280,1,developer_plus_third_party,1,8,-0.3260330814443772,0.923167363771921,True,0.00016199578810950914,1.0832272015273077
3666,systems.altura.aclient.cnel::1280,1,developer_plus_third_party,1,8,-0.3260330814443772,0.923167363771921,True,0.00016199578810950914,1.0832272015273077
3667,systems.altura.aclient.cnel::1280,1,developer_plus_third_party,1,8,-0.3260330814443772,0.923167363771921,True,0.00016199578810950914,1.0832272015273077
3668,systems.altura.aclient.cnel::1280,1,developer_plus_third_party,1,8,-0.3260330814443772,0.923167363771921,True,0.00016199578810950914,1.0832272015273077
3669,systems.altura.aclient.cnel::1280,1,developer_plus_third_party,1,8,-0.3260330814443772,0.923167363771921,True,0.00016199578810950914,1.0832272015273077
3670,systems.altura.aclient.cnel::1280,1,developer_plus_third_party,0,8,-0.3260330814443772,0.923167363771921,True,0.00016199578810950914,1.0832272015273077
3671,systems.altura.aclient.cnel::1280,1,developer_plus_third_party,0,8,-0.3260330814443772,0.923167363771921,True,0.00016199578810950914,1.0832272015273077
3672,systems.altura.aclient.cnel::1280,1,developer_plus_third_party,0,8,-0.3260330814443772,0.923167363771921,True,0.00016199578810950914,1.0832272015273077
3673,systems.altura.aclient.cnel::1280,1,developer_plus_third_party,1,8,-0.3260330814443772,0.923167363771921,True,0.00016199578810950914,1.0832272015273077
3674,systems.altura.aclient.cnel::1280,1,developer_plus_third_party,1,8,-0.3260330814443772,0.923167363771921,True,0.00016199578810950914,1.0832272015273077
3675,systems.altura.aclient.cnel::1280,1,developer_plus_third_party,0,8,-0.3260330814443772,0.923167363771921,True,0.00016199578810950914,1.0832272015273077
3676,volume.bass.virtrualizer.equalizer.sound.effect::7,1,developer_plus_third_party,1,8,-0.020866286026695442,0.9255186977245505,True,0.00016199578810950914,1.0804751999700997
3677,volume.bass.virtrualizer.equalizer.sound.effect::7,1,developer_plus_third_party,1,8,-0.020866286026695442,0.9255186977245505,True,0.00016199578810950914,1.0804751999700997
3678,volume.bass.virtrualizer.equalizer.sound.effect::7,1,developer_plus_third_party,0,8,-0.020866286026695442,0.9255186977245505,True,0.00016199578810950914,1.0804751999700997
3679,volume.bass.virtrualizer.equalizer.sound.effect::7,1,developer_plus_third_party,1,8,-0.020866286026695442,0.9255186977245505,True,0.00016199578810950914,1.0804751999700997
3680,volume.bass.virtrualizer.equalizer.sound.effect::7,1,developer_plus_third_party,0,8,-0.020866286026695442,0.9255186977245505,True,0.00016199578810950914,1.0804751999700997
3681,volume.bass.virtrualizer.equalizer.sound.effect::7,1,developer_plus_third_party,1,8,-0.020866286026695442,0.9255186977245505,True,0.00016199578810950914,1.0804751999700997
3682,volume.bass.virtrualizer.equalizer.sound.effect::7,1,developer_plus_third_party,1,8,-0.020866286026695442,0.9255186977245505,True,0.00016199578810950914,1.0804751999700997
3683,volume.bass.virtrualizer.equalizer.sound.effect::7,1,developer_plus_third_party,0,8,-0.020866286026695442,0.9255186977245505,True,0.00016199578810950914,1.0804751999700997
3684,volume.bass.virtrualizer.equalizer.sound.effect::7,1,developer_plus_third_party,1,8,-0.020866286026695442,0.9255186977245505,True,0.00016199578810950914,1.0804751999700997
3685,volume.bass.virtrualizer.equalizer.sound.effect::7,1,developer_plus_third_party,0,8,-0.020866286026695442,0.9255186977245505,True,0.00016199578810950914,1.0804751999700997
3686,volume.bass.virtrualizer.equalizer.sound.effect::7,1,developer_plus_third_party,0,8,-0.020866286026695442,0.9255186977245505,True,0.00016199578810950914,1.0804751999700997
3687,volume.bass.virtrualizer.equalizer.sound.effect::7,1,developer_plus_third_party,0,8,-0.020866286026695442,0.9255186977245505,True,0.00016199578810950914,1.0804751999700997
3688,volume.bass.virtrualizer.equalizer.sound.effect::7,1,developer_plus_third_party,1,8,-0.020866286026695442,0.9255186977245505,True,0.00016199578810950914,1.0804751999700997
3689,volume.bass.virtrualizer.equalizer.sound.effect::7,1,developer_plus_third_party,1,8,-0.020866286026695442,0.9255186977245505,True,0.00016199578810950914,1.0804751999700997
3690,volume.bass.virtrualizer.equalizer.sound.effect::7,1,developer_plus_third_party,0,8,-0.020866286026695442,0.9255186977245505,True,0.00016199578810950914,1.0804751999700997
3691,volume.bass.virtrualizer.equalizer.sound.effect::7,1,developer_plus_third_party,1,8,-0.020866286026695442,0.9255186977245505,True,0.00016199578810950914,1.0804751999700997
3692,volume.bass.virtrualizer.equalizer.sound.effect::7,1,developer_plus_third_party,0,8,-0.020866286026695442,0.9255186977245505,True,0.00016199578810950914,1.0804751999700997
3693,volume.bass.virtrualizer.equalizer.sound.effect::7,1,developer_plus_third_party,1,8,-0.020866286026695442,0.9255186977245505,True,0.00016199578810950914,1.0804751999700997
3694,volume.bass.virtrualizer.equalizer.sound.effect::7,1,developer_plus_third_party,0,8,-0.020866286026695442,0.9255186977245505,True,0.00016199578810950914,1.0804751999700997
3695,volume.bass.virtrualizer.equalizer.sound.effect::7,1,developer_plus_third_party,0,8,-0.020866286026695442,0.9255186977245505,True,0.00016199578810950914,1.0804751999700997
3696,volume.bass.virtrualizer.equalizer.sound.effect::7,1,developer_plus_third_party,0,8,-0.020866286026695442,0.9255186977245505,True,0.00016199578810950914,1.0804751999700997
3697,app.typographic.typographic::33,1,developer_plus_third_party,1,6,1.5340725950736263,0.9313392507670153,True,0.00016199578810950914,1.0737225980505367
3698,app.typographic.typographic::33,1,developer_plus_third_party,0,6,1.5340725950736263,0.9313392507670153,True,0.00016199578810950914,1.0737225980505367
3699,app.typographic.typographic::33,1,developer_plus_third_party,0,6,1.5340725950736263,0.9313392507670153,True,0.00016199578810950914,1.0737225980505367
3700,app.typographic.typographic::33,1,developer_plus_third_party,0,6,1.5340725950736263,0.9313392507670153,True,0.00016199578810950914,1.0737225980505367
3701,app.typographic.typographic::33,1,developer_plus_third_party,0,6,1.5340725950736263,0.9313392507670153,True,0.00016199578810950914,1.0737225980505367
3702,app.typographic.typographic::33,1,developer_plus_third_party,1,6,1.5340725950736263,0.9313392507670153,True,0.00016199578810950914,1.0737225980505367
3703,app.typographic.typographic::33,1,developer_plus_third_party,1,6,1.5340725950736263,0.9313392507670153,True,0.00016199578810950914,1.0737225980505367
3704,app.typographic.typographic::33,1,developer_plus_third_party,1,6,1.5340725950736263,0.9313392507670153,True,0.00016199578810950914,1.0737225980505367
3705,app.typographic.typographic::33,1,developer_plus_third_party,0,6,1.5340725950736263,0.9313392507670153,True,0.00016199578810950914,1.0737225980505367
3706,app.typographic.typographic::33,1,developer_plus_third_party,1,6,1.5340725950736263,0.9313392507670153,True,0.00016199578810950914,1.0737225980505367
3707,app.typographic.typographic::33,1,developer_plus_third_party,0,6,1.5340725950736263,0.9313392507670153,True,0.00016199578810950914,1.0737225980505367
3708,app.typographic.typographic::33,1,developer_plus_third_party,0,6,1.5340725950736263,0.9313392507670153,True,0.00016199578810950914,1.0737225980505367
3709,app.typographic.typographic::33,1,developer_plus_third_party,1,6,1.5340725950736263,0.9313392507670153,True,0.00016199578810950914,1.0737225980505367
3710,app.typographic.typographic::33,1,developer_plus_third_party,0,6,1.5340725950736263,0.9313392507670153,True,0.00016199578810950914,1.0737225980505367
3711,app.typographic.typographic::33,1,developer_plus_third_party,1,6,1.5340725950736263,0.9313392507670153,True,0.00016199578810950914,1.0737225980505367
3712,app.typographic.typographic::33,1,developer_plus_third_party,1,6,1.5340725950736263,0.9313392507670153,True,0.00016199578810950914,1.0737225980505367
3713,app.typographic.typographic::33,1,developer_plus_third_party,0,6,1.5340725950736263,0.9313392507670153,True,0.00016199578810950914,1.0737225980505367
3714,app.typographic.typographic::33,1,developer_plus_third_party,1,6,1.5340725950736263,0.9313392507670153,True,0.00016199578810950914,1.0737225980505367
3715,app.typographic.typographic::33,1,developer_plus_third_party,0,6,1.5340725950736263,0.9313392507670153,True,0.00016199578810950914,1.0737225980505367
3716,app.typographic.typographic::33,1,developer_plus_third_party,1,6,1.5340725950736263,0.9313392507670153,True,0.00016199578810950914,1.0737225980505367
3717,app.typographic.typographic::33,1,developer_plus_third_party,0,6,1.5340725950736263,0.9313392507670153,True,0.00016199578810950914,1.0737225980505367
3718,app.typographic.typographic::33,1,developer_plus_third_party,0,6,1.5340725950736263,0.9313392507670153,True,0.00016199578810950914,1.0737225980505367
3719,app.typographic.typographic::33,1,developer_plus_third_party,0,6,1.5340725950736263,0.9313392507670153,True,0.00016199578810950914,1.0737225980505367
3720,app.typographic.typographic::33,1,developer_plus_third_party,0,6,1.5340725950736263,0.9313392507670153,True,0.00016199578810950914,1.0737225980505367
3721,app.typographic.typographic::33,1,developer_plus_third_party,0,6,1.5340725950736263,0.9313392507670153,True,0.00016199578810950914,1.0737225980505367
3722,app.typographic.typographic::33,1,developer_plus_third_party,0,6,1.5340725950736263,0.9313392507670153,True,0.00016199578810950914,1.0737225980505367
3723,app.typographic.typographic::33,1,developer_plus_third_party,1,6,1.5340725950736263,0.9313392507670153,True,0.00016199578810950914,1.0737225980505367
3724,app.typographic.typographic::33,1,developer_plus_third_party,0,6,1.5340725950736263,0.9313392507670153,True,0.00016199578810950914,1.0737225980505367
3725,app.typographic.typographic::33,1,developer_plus_third_party,1,6,1.5340725950736263,0.9313392507670153,True,0.00016199578810950914,1.0737225980505367
3726,app.typographic.typographic::33,1,developer_plus_third_party,1,6,1.5340725950736263,0.9313392507670153,True,0.00016199578810950914,1.0737225980505367
3727,app.typographic.typographic::33,1,developer_plus_third_party,0,6,1.5340725950736263,0.9313392507670153,True,0.00016199578810950914,1.0737225980505367
3728,app.typographic.typographic::33,1,developer_plus_third_party,1,6,1.5340725950736263,0.9313392507670153,True,0.00016199578810950914,1.0737225980505367
3729,app.typographic.typographic::33,1,developer_plus_third_party,1,6,1.5340725950736263,0.9313392507670153,True,0.00016199578810950914,1.0737225980505367
3730,app.typographic.typographic::33,1,developer_plus_third_party,1,6,1.5340725950736263,0.9313392507670153,True,0.00016199578810950914,1.0737225980505367
3731,au.com.idfish.app::68,1,developer_plus_third_party,1,6,0.907694354797041,0.9267922172430577,True,0.00016199578810950914,1.078990502288328
3732,au.com.idfish.app::68,1,developer_plus_third_party,1,6,0.907694354797041,0.9267922172430577,True,0.00016199578810950914,1.078990502288328
3733,au.com.idfish.app::68,1,developer_plus_third_party,1,6,0.907694354797041,0.9267922172430577,True,0.00016199578810950914,1.078990502288328
3734,au.com.idfish.app::68,1,developer_plus_third_party,1,6,0.907694354797041,0.9267922172430577,True,0.00016199578810950914,1.078990502288328
3735,au.com.idfish.app::68,1,developer_plus_third_party,1,6,0.907694354797041,0.9267922172430577,True,0.00016199578810950914,1.078990502288328
3736,com.aicsm.sscpreviousyearsgk::16,1,developer_plus_third_party,1,6,-0.3127854430503,0.9171278335959496,True,0.00016199578810950914,1.0903605401213465
3737,com.aicsm.sscpreviousyearsgk::16,1,developer_plus_third_party,1,6,-0.3127854430503,0.9171278335959496,True,0.00016199578810950914,1.0903605401213465
3738,com.app.azantime::58,1,developer_plus_third_party,1,6,0.5947651784665118,0.9244180688982984,True,0.00016199578810950914,1.0817616332313567
3739,com.app.azantime::58,1,developer_plus_third_party,0,6,0.5947651784665118,0.9244180688982984,True,0.00016199578810950914,1.0817616332313567
3740,com.app.azantime::58,1,developer_plus_third_party,1,6,0.5947651784665118,0.9244180688982984,True,0.00016199578810950914,1.0817616332313567
3741,com.app.azantime::58,1,developer_plus_third_party,1,6,0.5947651784665118,0.9244180688982984,True,0.00016199578810950914,1.0817616332313567
3742,com.app.azantime::58,1,developer_plus_third_party,0,6,0.5947651784665118,0.9244180688982984,True,0.00016199578810950914,1.0817616332313567
3743,com.app.azantime::58,1,developer_plus_third_party,0,6,0.5947651784665118,0.9244180688982984,True,0.00016199578810950914,1.0817616332313567
3744,com.app.azantime::58,1,developer_plus_third_party,0,6,0.5947651784665118,0.9244180688982984,True,0.00016199578810950914,1.0817616332313567
3745,com.app.azantime::58,1,developer_plus_third_party,1,6,0.5947651784665118,0.9244180688982984,True,0.00016199578810950914,1.0817616332313567
3746,com.app.azantime::58,1,developer_plus_third_party,1,6,0.5947651784665118,0.9244180688982984,True,0.00016199578810950914,1.0817616332313567
3747,com.app.azantime::58,1,developer_plus_third_party,1,6,0.5947651784665118,0.9244180688982984,True,0.00016199578810950914,1.0817616332313567
3748,com.app.azantime::58,1,developer_plus_third_party,0,6,0.5947651784665118,0.9244180688982984,True,0.00016199578810950914,1.0817616332313567
3749,com.app.azantime::58,1,developer_plus_third_party,1,6,0.5947651784665118,0.9244180688982984,True,0.00016199578810950914,1.0817616332313567
3750,com.app.azantime::58,1,developer_plus_third_party,0,6,0.5947651784665118,0.9244180688982984,True,0.00016199578810950914,1.0817616332313567
3751,com.app.azantime::58,1,developer_plus_third_party,1,6,0.5947651784665118,0.9244180688982984,True,0.00016199578810950914,1.0817616332313567
3752,com.app.azantime::58,1,developer_plus_third_party,0,6,0.5947651784665118,0.9244180688982984,True,0.00016199578810950914,1.0817616332313567
3753,com.app.azantime::58,1,developer_plus_third_party,0,6,0.5947651784665118,0.9244180688982984,True,0.00016199578810950914,1.0817616332313567
3754,com.app.azantime::58,1,developer_plus_third_party,0,6,0.5947651784665118,0.9244180688982984,True,0.00016199578810950914,1.0817616332313567
3755,com.app.azantime::58,1,developer_plus_third_party,0,6,0.5947651784665118,0.9244180688982984,True,0.00016199578810950914,1.0817616332313567
3756,com.app.azantime::58,1,developer_plus_third_party,0,6,0.5947651784665118,0.9244180688982984,True,0.00016199578810950914,1.0817616332313567
3757,com.app.azantime::58,1,developer_plus_third_party,0,6,0.5947651784665118,0.9244180688982984,True,0.00016199578810950914,1.0817616332313567
3758,com.app.azantime::58,1,developer_plus_third_party,0,6,0.5947651784665118,0.9244180688982984,True,0.00016199578810950914,1.0817616332313567
3759,com.app.azantime::58,1,developer_plus_third_party,1,6,0.5947651784665118,0.9244180688982984,True,0.00016199578810950914,1.0817616332313567
3760,com.app.azantime::58,1,developer_plus_third_party,0,6,0.5947651784665118,0.9244180688982984,True,0.00016199578810950914,1.0817616332313567
3761,com.app.azantime::58,1,developer_plus_third_party,1,6,0.5947651784665118,0.9244180688982984,True,0.00016199578810950914,1.0817616332313567
3762,com.app.azantime::58,1,developer_plus_third_party,1,6,0.5947651784665118,0.9244180688982984,True,0.00016199578810950914,1.0817616332313567
3763,com.app.azantime::58,1,developer_plus_third_party,1,6,0.5947651784665118,0.9244180688982984,True,0.00016199578810950914,1.0817616332313567
3764,com.app.azantime::58,1,developer_plus_third_party,0,6,0.5947651784665118,0.9244180688982984,True,0.00016199578810950914,1.0817616332313567
3765,com.app.azantime::58,1,developer_plus_third_party,0,6,0.5947651784665118,0.9244180688982984,True,0.00016199578810950914,1.0817616332313567
3766,com.app.azantime::58,1,developer_plus_third_party,0,6,0.5947651784665118,0.9244180688982984,True,0.00016199578810950914,1.0817616332313567
3767,com.app.azantime::58,1,developer_plus_third_party,0,6,0.5947651784665118,0.9244180688982984,True,0.00016199578810950914,1.0817616332313567
3768,com.app.radiojibi::23,1,developer_plus_third_party,1,6,-0.0023449505877660187,0.9196908391898937,True,0.001133970516766564,1.0873219101332425
3769,com.app.radiojibi::23,1,developer_plus_third_party,1,6,-0.0023449505877660187,0.9196908391898937,True,0.00016199578810950914,1.0873219101332425
3770,com.app.radiojibi::23,1,developer_plus_third_party,0,6,-0.0023449505877660187,0.9196908391898937,True,0.00016199578810950914,1.0873219101332425
3771,com.app.radiojibi::23,1,developer_plus_third_party,1,6,-0.0023449505877660187,0.9196908391898937,True,0.00016199578810950914,1.0873219101332425
3772,com.app.radiojibi::23,1,developer_plus_third_party,1,6,-0.0023449505877660187,0.9196908391898937,True,0.00016199578810950914,1.0873219101332425
3773,com.app.radiojibi::23,1,developer_plus_third_party,1,6,-0.0023449505877660187,0.9196908391898937,True,0.00016199578810950914,1.0873219101332425
3774,com.app.radiojibi::23,1,developer_plus_third_party,1,6,-0.0023449505877660187,0.9196908391898937,True,0.00016199578810950914,1.0873219101332425
3775,com.app.radiojibi::23,1,developer_plus_third_party,1,6,-0.0023449505877660187,0.9196908391898937,True,0.00016199578810950914,1.0873219101332425
3776,com.app.radiojibi::23,1,developer_plus_third_party,1,6,-0.0023449505877660187,0.9196908391898937,True,0.00016199578810950914,1.0873219101332425
3777,com.app.radiojibi::23,1,developer_plus_third_party,0,6,-0.0023449505877660187,0.9196908391898937,True,0.00016199578810950914,1.0873219101332425
3778,com.app.radiojibi::23,1,developer_plus_third_party,1,6,-0.0023449505877660187,0.9196908391898937,True,0.00016199578810950914,1.0873219101332425
3779,com.app.radiojibi::23,1,developer_plus_third_party,0,6,-0.0023449505877660187,0.9196908391898937,True,0.00016199578810950914,1.0873219101332425
3780,com.app.radiojibi::23,1,developer_plus_third_party,0,6,-0.0023449505877660187,0.9196908391898937,True,0.00016199578810950914,1.0873219101332425
3781,com.app.radiojibi::23,1,developer_plus_third_party,1,6,-0.0023449505877660187,0.9196908391898937,True,0.00016199578810950914,1.0873219101332425
3782,com.app.radiojibi::23,1,developer_plus_third_party,0,6,-0.0023449505877660187,0.9196908391898937,True,0.00016199578810950914,1.0873219101332425
3783,com.app.radiojibi::23,1,developer_plus_third_party,0,6,-0.0023449505877660187,0.9196908391898937,True,0.00016199578810950914,1.0873219101332425
3784,com.app.radiojibi::23,1,developer_plus_third_party,1,6,-0.0023449505877660187,0.9196908391898937,True,0.00016199578810950914,1.0873219101332425
3785,com.app.radiojibi::23,1,developer_plus_third_party,0,6,-0.0023449505877660187,0.9196908391898937,True,0.00016199578810950914,1.0873219101332425
3786,com.app.radiojibi::23,1,developer_plus_third_party,0,6,-0.0023449505877660187,0.9196908391898937,True,0.00016199578810950914,1.0873219101332425
3787,com.app.radiojibi::23,1,developer_plus_third_party,1,6,-0.0023449505877660187,0.9196908391898937,True,0.00016199578810950914,1.0873219101332425
3788,com.app.radiojibi::23,1,developer_plus_third_party,0,6,-0.0023449505877660187,0.9196908391898937,True,0.00016199578810950914,1.0873219101332425
3789,com.app.radiojibi::23,1,developer_plus_third_party,0,6,-0.0023449505877660187,0.9196908391898937,True,0.00016199578810950914,1.0873219101332425
3790,com.app.radiojibi::23,1,developer_plus_third_party,1,6,-0.0023449505877660187,0.9196908391898937,True,0.00016199578810950914,1.0873219101332425
3791,com.app.radiojibi::23,1,developer_plus_third_party,1,6,-0.0023449505877660187,0.9196908391898937,True,0.00016199578810950914,1.0873219101332425
3792,com.app.radiojibi::23,1,developer_plus_third_party,0,6,-0.0023449505877660187,0.9196908391898937,True,0.00016199578810950914,1.0873219101332425
3793,com.app.radiojibi::23,1,developer_plus_third_party,0,6,-0.0023449505877660187,0.9196908391898937,True,0.00016199578810950914,1.0873219101332425
3794,com.app.radiojibi::23,1,developer_plus_third_party,0,6,-0.0023449505877660187,0.9196908391898937,True,0.00016199578810950914,1.0873219101332425
3795,com.app.radiojibi::23,1,developer_plus_third_party,1,6,-0.0023449505877660187,0.9196908391898937,True,0.00016199578810950914,1.0873219101332425
3796,com.app.radiojibi::23,1,developer_plus_third_party,0,6,-0.0023449505877660187,0.9196908391898937,True,0.00016199578810950914,1.0873219101332425
3797,com.app.radiojibi::23,1,developer_plus_third_party,1,6,-0.0023449505877660187,0.9196908391898937,True,0.00016199578810950914,1.0873219101332425
3798,com.app.radiojibi::23,1,developer_plus_third_party,0,6,-0.0023449505877660187,0.9196908391898937,True,0.00016199578810950914,1.0873219101332425
3799,com.ax.hud.compass::5,1,developer_plus_third_party,1,6,-0.49761944769160676,0.9155667082352872,True,0.00016199578810950914,1.0922197050255946
3800,com.craftsilicon.wazalendo::33,1,developer_plus_third_party,0,6,-0.4858651522580987,0.915666775914995,True,0.0006479831524380366,1.0921003429448815
3801,com.craftsilicon.wazalendo::33,1,developer_plus_third_party,0,6,-0.4858651522580987,0.915666775914995,True,0.00016199578810950914,1.0921003429448815
3802,com.craftsilicon.wazalendo::33,1,developer_plus_third_party,0,6,-0.4858651522580987,0.915666775914995,True,0.00016199578810950914,1.0921003429448815
3803,com.craftsilicon.wazalendo::33,1,developer_plus_third_party,0,6,-0.4858651522580987,0.915666775914995,True,0.00016199578810950914,1.0921003429448815
3804,com.craftsilicon.wazalendo::33,1,developer_plus_third_party,0,6,-0.4858651522580987,0.915666775914995,True,0.00016199578810950914,1.0921003429448815
3805,com.craftsilicon.wazalendo::33,1,developer_plus_third_party,0,6,-0.4858651522580987,0.915666775914995,True,0.00016199578810950914,1.0921003429448815
3806,com.craftsilicon.wazalendo::33,1,developer_plus_third_party,0,6,-0.4858651522580987,0.915666775914995,True,0.00016199578810950914,1.0921003429448815
3807,com.craftsilicon.wazalendo::33,1,developer_plus_third_party,1,6,-0.4858651522580987,0.915666775914995,True,0.00016199578810950914,1.0921003429448815
3808,com.craftsilicon.wazalendo::33,1,developer_plus_third_party,1,6,-0.4858651522580987,0.915666775914995,True,0.00016199578810950914,1.0921003429448815
3809,com.craftsilicon.wazalendo::33,1,developer_plus_third_party,0,6,-0.4858651522580987,0.915666775914995,True,0.00016199578810950914,1.0921003429448815
3810,com.craftsilicon.wazalendo::33,1,developer_plus_third_party,1,6,-0.4858651522580987,0.915666775914995,True,0.00016199578810950914,1.0921003429448815
3811,com.craftsilicon.wazalendo::33,1,developer_plus_third_party,1,6,-0.4858651522580987,0.915666775914995,True,0.00016199578810950914,1.0921003429448815
3812,com.craftsilicon.wazalendo::33,1,developer_plus_third_party,1,6,-0.4858651522580987,0.915666775914995,True,0.00016199578810950914,1.0921003429448815
3813,com.craftsilicon.wazalendo::33,1,developer_plus_third_party,1,6,-0.4858651522580987,0.915666775914995,True,0.00016199578810950914,1.0921003429448815
3814,com.craftsilicon.wazalendo::33,1,developer_plus_third_party,1,6,-0.4858651522580987,0.915666775914995,True,0.00016199578810950914,1.0921003429448815
3815,com.craftsilicon.wazalendo::33,1,developer_plus_third_party,1,6,-0.4858651522580987,0.915666775914995,True,0.00016199578810950914,1.0921003429448815
3816,com.craftsilicon.wazalendo::33,1,developer_plus_third_party,1,6,-0.4858651522580987,0.915666775914995,True,0.00016199578810950914,1.0921003429448815
3817,com.getjoydev.ghanaradios::19,1,developer_plus_third_party,1,6,-0.03497511828603851,0.9194248837540153,True,0.0006479831524380366,1.0876364319366647
3818,com.getjoydev.ghanaradios::19,1,developer_plus_third_party,0,6,-0.03497511828603851,0.9194248837540153,True,0.00016199578810950914,1.0876364319366647
3819,com.getjoydev.ghanaradios::19,1,developer_plus_third_party,1,6,-0.03497511828603851,0.9194248837540153,True,0.00016199578810950914,1.0876364319366647
3820,com.getjoydev.ghanaradios::19,1,developer_plus_third_party,0,6,-0.03497511828603851,0.9194248837540153,True,0.00016199578810950914,1.0876364319366647
3821,com.getjoydev.ghanaradios::19,1,developer_plus_third_party,1,6,-0.03497511828603851,0.9194248837540153,True,0.00016199578810950914,1.0876364319366647
3822,com.getjoydev.ghanaradios::19,1,developer_plus_third_party,0,6,-0.03497511828603851,0.9194248837540153,True,0.00016199578810950914,1.0876364319366647
3823,com.getjoydev.ghanaradios::19,1,developer_plus_third_party,0,6,-0.03497511828603851,0.9194248837540153,True,0.00016199578810950914,1.0876364319366647
3824,com.getjoydev.ghanaradios::19,1,developer_plus_third_party,0,6,-0.03497511828603851,0.9194248837540153,True,0.00016199578810950914,1.0876364319366647
3825,com.getjoydev.ghanaradios::19,1,developer_plus_third_party,0,6,-0.03497511828603851,0.9194248837540153,True,0.00016199578810950914,1.0876364319366647
3826,com.getjoydev.ghanaradios::19,1,developer_plus_third_party,0,6,-0.03497511828603851,0.9194248837540153,True,0.00016199578810950914,1.0876364319366647
3827,com.getjoydev.ghanaradios::19,1,developer_plus_third_party,1,6,-0.03497511828603851,0.9194248837540153,True,0.00016199578810950914,1.0876364319366647
3828,com.getjoydev.ghanaradios::19,1,developer_plus_third_party,1,6,-0.03497511828603851,0.9194248837540153,True,0.00016199578810950914,1.0876364319366647
3829,com.getjoydev.ghanaradios::19,1,developer_plus_third_party,0,6,-0.03497511828603851,0.9194248837540153,True,0.00016199578810950914,1.0876364319366647
3830,com.getjoydev.ghanaradios::19,1,developer_plus_third_party,1,6,-0.03497511828603851,0.9194248837540153,True,0.00016199578810950914,1.0876364319366647
3831,com.getjoydev.ghanaradios::19,1,developer_plus_third_party,0,6,-0.03497511828603851,0.9194248837540153,True,0.00016199578810950914,1.0876364319366647
3832,com.getjoydev.ghanaradios::19,1,developer_plus_third_party,0,6,-0.03497511828603851,0.9194248837540153,True,0.00016199578810950914,1.0876364319366647
3833,com.getjoydev.ghanaradios::19,1,developer_plus_third_party,1,6,-0.03497511828603851,0.9194248837540153,True,0.00016199578810950914,1.0876364319366647
3834,com.getjoydev.ghanaradios::19,1,developer_plus_third_party,0,6,-0.03497511828603851,0.9194248837540153,True,0.00016199578810950914,1.0876364319366647
3835,com.getjoydev.ghanaradios::19,1,developer_plus_third_party,0,6,-0.03497511828603851,0.9194248837540153,True,0.00016199578810950914,1.0876364319366647
3836,com.getjoydev.ghanaradios::19,1,developer_plus_third_party,1,6,-0.03497511828603851,0.9194248837540153,True,0.00016199578810950914,1.0876364319366647
3837,com.getjoydev.ghanaradios::19,1,developer_plus_third_party,0,6,-0.03497511828603851,0.9194248837540153,True,0.00016199578810950914,1.0876364319366647
3838,com.getjoydev.ghanaradios::19,1,developer_plus_third_party,1,6,-0.03497511828603851,0.9194248837540153,True,0.00016199578810950914,1.0876364319366647
3839,com.getjoydev.ghanaradios::19,1,developer_plus_third_party,0,6,-0.03497511828603851,0.9194248837540153,True,0.00016199578810950914,1.0876364319366647
3840,com.getjoydev.ghanaradios::19,1,developer_plus_third_party,1,6,-0.03497511828603851,0.9194248837540153,True,0.00016199578810950914,1.0876364319366647
3841,com.getjoydev.ghanaradios::19,1,developer_plus_third_party,1,6,-0.03497511828603851,0.9194248837540153,True,0.00016199578810950914,1.0876364319366647
3842,com.getjoydev.ghanaradios::19,1,developer_plus_third_party,0,6,-0.03497511828603851,0.9194248837540153,True,0.00016199578810950914,1.0876364319366647
3843,com.getjoydev.ghanaradios::19,1,developer_plus_third_party,1,6,-0.03497511828603851,0.9194248837540153,True,0.00016199578810950914,1.0876364319366647
3844,com.getjoydev.ghanaradios::19,1,developer_plus_third_party,1,6,-0.03497511828603851,0.9194248837540153,True,0.00016199578810950914,1.0876364319366647
3845,com.goder.busquerysystembeta::587,1,developer_plus_third_party,1,6,0.13228508121503096,0.920779701014556,True,0.0043738862789567436,1.0860361049425347
3846,com.goder.busquerysystembeta::587,1,developer_plus_third_party,1,6,0.13228508121503096,0.920779701014556,True,0.00016199578810950914,1.0860361049425347
3847,com.goder.busquerysystembeta::587,1,developer_plus_third_party,0,6,0.13228508121503096,0.920779701014556,True,0.00016199578810950914,1.0860361049425347
3848,com.goder.busquerysystembeta::587,1,developer_plus_third_party,1,6,0.13228508121503096,0.920779701014556,True,0.00016199578810950914,1.0860361049425347
3849,com.goder.busquerysystembeta::587,1,developer_plus_third_party,1,6,0.13228508121503096,0.920779701014556,True,0.00016199578810950914,1.0860361049425347
3850,com.goder.busquerysystembeta::587,1,developer_plus_third_party,1,6,0.13228508121503096,0.920779701014556,True,0.00016199578810950914,1.0860361049425347
3851,com.goder.busquerysystembeta::587,1,developer_plus_third_party,1,6,0.13228508121503096,0.920779701014556,True,0.00016199578810950914,1.0860361049425347
3852,com.goder.busquerysystembeta::587,1,developer_plus_third_party,0,6,0.13228508121503096,0.920779701014556,True,0.00016199578810950914,1.0860361049425347
3853,com.goder.busquerysystembeta::587,1,developer_plus_third_party,1,6,0.13228508121503096,0.920779701014556,True,0.00016199578810950914,1.0860361049425347
3854,com.goder.busquerysystembeta::587,1,developer_plus_third_party,0,6,0.13228508121503096,0.920779701014556,True,0.00016199578810950914,1.0860361049425347
3855,com.goder.busquerysystembeta::587,1,developer_plus_third_party,1,6,0.13228508121503096,0.920779701014556,True,0.00016199578810950914,1.0860361049425347
3856,com.goder.busquerysystembeta::587,1,developer_plus_third_party,1,6,0.13228508121503096,0.920779701014556,True,0.00016199578810950914,1.0860361049425347
3857,com.goder.busquerysystembeta::587,1,developer_plus_third_party,0,6,0.13228508121503096,0.920779701014556,True,0.00016199578810950914,1.0860361049425347
3858,com.goder.busquerysystembeta::587,1,developer_plus_third_party,1,6,0.13228508121503096,0.920779701014556,True,0.00016199578810950914,1.0860361049425347
3859,com.goder.busquerysystembeta::587,1,developer_plus_third_party,1,6,0.13228508121503096,0.920779701014556,True,0.00016199578810950914,1.0860361049425347
3860,com.goder.busquerysystembeta::587,1,developer_plus_third_party,1,6,0.13228508121503096,0.920779701014556,True,0.00016199578810950914,1.0860361049425347
3861,com.goder.busquerysystembeta::587,1,developer_plus_third_party,0,6,0.13228508121503096,0.920779701014556,True,0.00016199578810950914,1.0860361049425347
3862,com.goder.busquerysystembeta::587,1,developer_plus_third_party,1,6,0.13228508121503096,0.920779701014556,True,0.00016199578810950914,1.0860361049425347
3863,com.goder.busquerysystembeta::587,1,developer_plus_third_party,1,6,0.13228508121503096,0.920779701014556,True,0.00016199578810950914,1.0860361049425347
3864,com.goder.busquerysystembeta::587,1,developer_plus_third_party,1,6,0.13228508121503096,0.920779701014556,True,0.00016199578810950914,1.0860361049425347
3865,com.goder.busquerysystembeta::587,1,developer_plus_third_party,0,6,0.13228508121503096,0.920779701014556,True,0.00016199578810950914,1.0860361049425347
3866,com.goder.busquerysystembeta::587,1,developer_plus_third_party,1,6,0.13228508121503096,0.920779701014556,True,0.00016199578810950914,1.0860361049425347
3867,com.goder.busquerysystembeta::587,1,developer_plus_third_party,0,6,0.13228508121503096,0.920779701014556,True,0.00016199578810950914,1.0860361049425347
3868,com.goder.busquerysystembeta::587,1,developer_plus_third_party,1,6,0.13228508121503096,0.920779701014556,True,0.00016199578810950914,1.0860361049425347
3869,com.goder.busquerysystembeta::587,1,developer_plus_third_party,1,6,0.13228508121503096,0.920779701014556,True,0.00016199578810950914,1.0860361049425347
3870,com.goder.busquerysystembeta::587,1,developer_plus_third_party,1,6,0.13228508121503096,0.920779701014556,True,0.00016199578810950914,1.0860361049425347
3871,com.goder.busquerysystembeta::587,1,developer_plus_third_party,1,6,0.13228508121503096,0.920779701014556,True,0.00016199578810950914,1.0860361049425347
3872,com.goder.busquerysystembeta::587,1,developer_plus_third_party,1,6,0.13228508121503096,0.920779701014556,True,0.00016199578810950914,1.0860361049425347
3873,com.goethe.hu::819,1,developer_plus_third_party,1,6,0.5437647037970004,0.9240244972655143,True,0.00016199578810950914,1.0822223901631631
3874,com.goethe.hu::819,1,developer_plus_third_party,1,6,0.5437647037970004,0.9240244972655143,True,0.00016199578810950914,1.0822223901631631
3875,com.goethe.hu::819,1,developer_plus_third_party,1,6,0.5437647037970004,0.9240244972655143,True,0.00016199578810950914,1.0822223901631631
3876,com.goethe.hu::819,1,developer_plus_third_party,0,6,0.5437647037970004,0.9240244972655143,True,0.00016199578810950914,1.0822223901631631
3877,com.goethe.hu::819,1,developer_plus_third_party,0,6,0.5437647037970004,0.9240244972655143,True,0.00016199578810950914,1.0822223901631631
3878,com.goethe.hu::819,1,developer_plus_third_party,0,6,0.5437647037970004,0.9240244972655143,True,0.00016199578810950914,1.0822223901631631
3879,com.goethe.hu::819,1,developer_plus_third_party,0,6,0.5437647037970004,0.9240244972655143,True,0.00016199578810950914,1.0822223901631631
3880,com.goethe.hu::819,1,developer_plus_third_party,1,6,0.5437647037970004,0.9240244972655143,True,0.00016199578810950914,1.0822223901631631
3881,com.goethe.hu::819,1,developer_plus_third_party,1,6,0.5437647037970004,0.9240244972655143,True,0.00016199578810950914,1.0822223901631631
3882,com.golfboxdk::238,1,developer_plus_third_party,0,6,-0.4275119726988763,0.9161619607065733,True,0.0006479831524380366,1.0915100636013835
3883,com.golfboxdk::238,1,developer_plus_third_party,1,6,-0.4275119726988763,0.9161619607065733,True,0.00016199578810950914,1.0915100636013835
3884,com.golfboxdk::238,1,developer_plus_third_party,1,6,-0.4275119726988763,0.9161619607065733,True,0.00016199578810950914,1.0915100636013835
3885,com.golfboxdk::238,1,developer_plus_third_party,0,6,-0.4275119726988763,0.9161619607065733,True,0.00016199578810950914,1.0915100636013835
3886,com.golfboxdk::238,1,developer_plus_third_party,0,6,-0.4275119726988763,0.9161619607065733,True,0.00016199578810950914,1.0915100636013835
3887,com.golfboxdk::238,1,developer_plus_third_party,1,6,-0.4275119726988763,0.9161619607065733,True,0.00016199578810950914,1.0915100636013835
3888,com.golfboxdk::238,1,developer_plus_third_party,0,6,-0.4275119726988763,0.9161619607065733,True,0.00016199578810950914,1.0915100636013835
3889,com.golfboxdk::238,1,developer_plus_third_party,1,6,-0.4275119726988763,0.9161619607065733,True,0.00016199578810950914,1.0915100636013835
3890,com.golfboxdk::238,1,developer_plus_third_party,0,6,-0.4275119726988763,0.9161619607065733,True,0.00016199578810950914,1.0915100636013835
3891,com.golfboxdk::238,1,developer_plus_third_party,0,6,-0.4275119726988763,0.9161619607065733,True,0.00016199578810950914,1.0915100636013835
3892,com.golfboxdk::238,1,developer_plus_third_party,1,6,-0.4275119726988763,0.9161619607065733,True,0.00016199578810950914,1.0915100636013835
3893,com.golfboxdk::238,1,developer_plus_third_party,1,6,-0.4275119726988763,0.9161619607065733,True,0.00016199578810950914,1.0915100636013835
3894,com.golfboxdk::238,1,developer_plus_third_party,1,6,-0.4275119726988763,0.9161619607065733,True,0.00016199578810950914,1.0915100636013835
3895,com.golfboxdk::238,1,developer_plus_third_party,1,6,-0.4275119726988763,0.9161619607065733,True,0.00016199578810950914,1.0915100636013835
3896,com.golfboxdk::238,1,developer_plus_third_party,0,6,-0.4275119726988763,0.9161619607065733,True,0.00016199578810950914,1.0915100636013835
3897,com.golfboxdk::238,1,developer_plus_third_party,0,6,-0.4275119726988763,0.9161619607065733,True,0.00016199578810950914,1.0915100636013835
3898,com.golfboxdk::238,1,developer_plus_third_party,0,6,-0.4275119726988763,0.9161619607065733,True,0.00016199578810950914,1.0915100636013835
3899,com.golfboxdk::238,1,developer_plus_third_party,0,6,-0.4275119726988763,0.9161619607065733,True,0.00016199578810950914,1.0915100636013835
3900,com.golfboxdk::238,1,developer_plus_third_party,0,6,-0.4275119726988763,0.9161619607065733,True,0.00016199578810950914,1.0915100636013835
3901,com.golfboxdk::238,1,developer_plus_third_party,0,6,-0.4275119726988763,0.9161619607065733,True,0.00016199578810950914,1.0915100636013835
3902,com.golfboxdk::238,1,developer_plus_third_party,0,6,-0.4275119726988763,0.9161619607065733,True,0.00016199578810950914,1.0915100636013835
3903,com.golfboxdk::238,1,developer_plus_third_party,0,6,-0.4275119726988763,0.9161619607065733,True,0.00016199578810950914,1.0915100636013835
3904,com.golfboxdk::238,1,developer_plus_third_party,1,6,-0.4275119726988763,0.9161619607065733,True,0.00016199578810950914,1.0915100636013835
3905,com.golfboxdk::238,1,developer_plus_third_party,1,6,-0.4275119726988763,0.9161619607065733,True,0.00016199578810950914,1.0915100636013835
3906,com.golfboxdk::238,1,developer_plus_third_party,0,6,-0.4275119726988763,0.9161619607065733,True,0.00016199578810950914,1.0915100636013835
3907,com.kbmmobile.kbm.user.muzammilhasballahmp3::17,1,developer_plus_third_party,1,6,3.59507073226861,0.944513984974696,True,0.00016199578810950914,1.058745572758026
3908,com.kbmmobile.kbm.user.muzammilhasballahmp3::17,1,developer_plus_third_party,1,6,3.59507073226861,0.944513984974696,True,0.00016199578810950914,1.058745572758026
3909,com.manhajona.OmarAbdelkafy::1005,1,developer_plus_third_party,1,6,5.419667837453818,0.9541560910466287,True,0.0008099789405475457,1.0480465506467442
3910,com.manhajona.OmarAbdelkafy::1005,1,developer_plus_third_party,1,6,5.419667837453818,0.9541560910466287,True,0.00016199578810950914,1.0480465506467442
3911,com.manhajona.OmarAbdelkafy::1005,1,developer_plus_third_party,1,6,5.419667837453818,0.9541560910466287,True,0.00016199578810950914,1.0480465506467442
3912,com.manhajona.OmarAbdelkafy::1005,1,developer_plus_third_party,1,6,5.419667837453818,0.9541560910466287,True,0.00016199578810950914,1.0480465506467442
3913,com.manhajona.OmarAbdelkafy::1005,1,developer_plus_third_party,1,6,5.419667837453818,0.9541560910466287,True,0.00016199578810950914,1.0480465506467442
3914,com.manhajona.OmarAbdelkafy::1005,1,developer_plus_third_party,1,6,5.419667837453818,0.9541560910466287,True,0.00016199578810950914,1.0480465506467442
3915,com.messages.chattext::14,1,developer_plus_third_party,1,6,1.3120098621287948,0.9297579829141047,True,0.0008099789405475457,1.075548710929847
3916,com.messages.chattext::14,1,developer_plus_third_party,1,6,1.3120098621287948,0.9297579829141047,True,0.00016199578810950914,1.075548710929847
3917,com.messages.chattext::14,1,developer_plus_third_party,1,6,1.3120098621287948,0.9297579829141047,True,0.00016199578810950914,1.075548710929847
3918,com.messages.chattext::14,1,developer_plus_third_party,1,6,1.3120098621287948,0.9297579829141047,True,0.00016199578810950914,1.075548710929847
3919,com.messages.chattext::14,1,developer_plus_third_party,1,6,1.3120098621287948,0.9297579829141047,True,0.00016199578810950914,1.075548710929847
3920,com.messages.chattext::14,1,developer_plus_third_party,1,6,1.3120098621287948,0.9297579829141047,True,0.00016199578810950914,1.075548710929847
3921,com.messages.chattext::14,1,developer_plus_third_party,1,6,1.3120098621287948,0.9297579829141047,True,0.00016199578810950914,1.075548710929847
3922,com.messages.chattext::14,1,developer_plus_third_party,1,6,1.3120098621287948,0.9297579829141047,True,0.00016199578810950914,1.075548710929847
3923,com.minimiew.kamkomsawaddee::9,1,developer_plus_third_party,1,6,-0.5550618140526653,0.9150761329561986,True,0.00016199578810950914,1.0928052475474916
3924,com.minimiew.kamkomsawaddee::9,1,developer_plus_third_party,1,6,-0.5550618140526653,0.9150761329561986,True,0.00016199578810950914,1.0928052475474916
3925,com.nenotech.imagecompressor::8,1,developer_plus_third_party,1,6,-0.5463876552887668,0.9151503783175896,True,0.00016199578810950914,1.0927165891996873
3926,com.nenotech.imagecompressor::8,1,developer_plus_third_party,1,6,-0.5463876552887668,0.9151503783175896,True,0.00016199578810950914,1.0927165891996873
3927,com.nenotech.imagecompressor::8,1,developer_plus_third_party,1,6,-0.5463876552887668,0.9151503783175896,True,0.00016199578810950914,1.0927165891996873
3928,com.phonecleaner.junkcleaner.cache.clean.phone.booster::23,1,developer_plus_third_party,1,6,-0.07996025871266951,0.9190569103131084,True,0.00016199578810950914,1.0880719015096851
3929,com.phonecleaner.junkcleaner.cache.clean.phone.booster::23,1,developer_plus_third_party,1,6,-0.07996025871266951,0.9190569103131084,True,0.00016199578810950914,1.0880719015096851
3930,com.phonecleaner.junkcleaner.cache.clean.phone.booster::23,1,developer_plus_third_party,1,6,-0.07996025871266951,0.9190569103131084,True,0.00016199578810950914,1.0880719015096851
3931,com.phonecleaner.junkcleaner.cache.clean.phone.booster::23,1,developer_plus_third_party,1,6,-0.07996025871266951,0.9190569103131084,True,0.00016199578810950914,1.0880719015096851
3932,com.phonecleaner.junkcleaner.cache.clean.phone.booster::23,1,developer_plus_third_party,1,6,-0.07996025871266951,0.9190569103131084,True,0.00016199578810950914,1.0880719015096851
3933,com.phonecleaner.junkcleaner.cache.clean.phone.booster::23,1,developer_plus_third_party,1,6,-0.07996025871266951,0.9190569103131084,True,0.00016199578810950914,1.0880719015096851
3934,com.phonecleaner.junkcleaner.cache.clean.phone.booster::23,1,developer_plus_third_party,1,6,-0.07996025871266951,0.9190569103131084,True,0.00016199578810950914,1.0880719015096851
3935,com.phonecleaner.junkcleaner.cache.clean.phone.booster::23,1,developer_plus_third_party,1,6,-0.07996025871266951,0.9190569103131084,True,0.00016199578810950914,1.0880719015096851
3936,com.phonecleaner.junkcleaner.cache.clean.phone.booster::23,1,developer_plus_third_party,1,6,-0.07996025871266951,0.9190569103131084,True,0.00016199578810950914,1.0880719015096851
3937,com.qgroupmedia.qnews::9,1,developer_plus_third_party,0,6,-0.4758389721816415,0.9157520465489786,True,0.0008099789405475457,1.0919986515656839
3938,com.qgroupmedia.qnews::9,1,developer_plus_third_party,1,6,-0.4758389721816415,0.9157520465489786,True,0.00016199578810950914,1.0919986515656839
3939,com.qgroupmedia.qnews::9,1,developer_plus_third_party,0,6,-0.4758389721816415,0.9157520465489786,True,0.00016199578810950914,1.0919986515656839
3940,com.qgroupmedia.qnews::9,1,developer_plus_third_party,0,6,-0.4758389721816415,0.9157520465489786,True,0.00016199578810950914,1.0919986515656839
3941,com.qgroupmedia.qnews::9,1,developer_plus_third_party,1,6,-0.4758389721816415,0.9157520465489786,True,0.00016199578810950914,1.0919986515656839
3942,com.qgroupmedia.qnews::9,1,developer_plus_third_party,0,6,-0.4758389721816415,0.9157520465489786,True,0.00016199578810950914,1.0919986515656839
3943,com.qgroupmedia.qnews::9,1,developer_plus_third_party,0,6,-0.4758389721816415,0.9157520465489786,True,0.00016199578810950914,1.0919986515656839
3944,com.qgroupmedia.qnews::9,1,developer_plus_third_party,1,6,-0.4758389721816415,0.9157520465489786,True,0.00016199578810950914,1.0919986515656839
3945,com.qgroupmedia.qnews::9,1,developer_plus_third_party,1,6,-0.4758389721816415,0.9157520465489786,True,0.00016199578810950914,1.0919986515656839
3946,com.qgroupmedia.qnews::9,1,developer_plus_third_party,0,6,-0.4758389721816415,0.9157520465489786,True,0.00016199578810950914,1.0919986515656839
3947,com.qgroupmedia.qnews::9,1,developer_plus_third_party,1,6,-0.4758389721816415,0.9157520465489786,True,0.00016199578810950914,1.0919986515656839
3948,com.qgroupmedia.qnews::9,1,developer_plus_third_party,0,6,-0.4758389721816415,0.9157520465489786,True,0.00016199578810950914,1.0919986515656839
3949,com.qgroupmedia.qnews::9,1,developer_plus_third_party,1,6,-0.4758389721816415,0.9157520465489786,True,0.00016199578810950914,1.0919986515656839
3950,com.qgroupmedia.qnews::9,1,developer_plus_third_party,0,6,-0.4758389721816415,0.9157520465489786,True,0.00016199578810950914,1.0919986515656839
3951,com.qgroupmedia.qnews::9,1,developer_plus_third_party,0,6,-0.4758389721816415,0.9157520465489786,True,0.00016199578810950914,1.0919986515656839
3952,com.qgroupmedia.qnews::9,1,developer_plus_third_party,1,6,-0.4758389721816415,0.9157520465489786,True,0.00016199578810950914,1.0919986515656839
3953,com.qgroupmedia.qnews::9,1,developer_plus_third_party,0,6,-0.4758389721816415,0.9157520465489786,True,0.00016199578810950914,1.0919986515656839
3954,com.qgroupmedia.qnews::9,1,developer_plus_third_party,0,6,-0.4758389721816415,0.9157520465489786,True,0.00016199578810950914,1.0919986515656839
3955,com.qgroupmedia.qnews::9,1,developer_plus_third_party,0,6,-0.4758389721816415,0.9157520465489786,True,0.00016199578810950914,1.0919986515656839
3956,com.qgroupmedia.qnews::9,1,developer_plus_third_party,0,6,-0.4758389721816415,0.9157520465489786,True,0.00016199578810950914,1.0919986515656839
3957,com.qgroupmedia.qnews::9,1,developer_plus_third_party,1,6,-0.4758389721816415,0.9157520465489786,True,0.00016199578810950914,1.0919986515656839
3958,com.qgroupmedia.qnews::9,1,developer_plus_third_party,0,6,-0.4758389721816415,0.9157520465489786,True,0.00016199578810950914,1.0919986515656839
3959,com.qgroupmedia.qnews::9,1,developer_plus_third_party,1,6,-0.4758389721816415,0.9157520465489786,True,0.00016199578810950914,1.0919986515656839
3960,com.qgroupmedia.qnews::9,1,developer_plus_third_party,0,6,-0.4758389721816415,0.9157520465489786,True,0.00016199578810950914,1.0919986515656839
3961,com.qgroupmedia.qnews::9,1,developer_plus_third_party,0,6,-0.4758389721816415,0.9157520465489786,True,0.00016199578810950914,1.0919986515656839
3962,com.qgroupmedia.qnews::9,1,developer_plus_third_party,0,6,-0.4758389721816415,0.9157520465489786,True,0.00016199578810950914,1.0919986515656839
3963,com.qgroupmedia.qnews::9,1,developer_plus_third_party,0,6,-0.4758389721816415,0.9157520465489786,True,0.00016199578810950914,1.0919986515656839
3964,com.qgroupmedia.qnews::9,1,developer_plus_third_party,1,6,-0.4758389721816415,0.9157520465489786,True,0.00016199578810950914,1.0919986515656839
3965,com.qgroupmedia.qnews::9,1,developer_plus_third_party,0,6,-0.4758389721816415,0.9157520465489786,True,0.00016199578810950914,1.0919986515656839
3966,com.qgroupmedia.qnews::9,1,developer_plus_third_party,0,6,-0.4758389721816415,0.9157520465489786,True,0.00016199578810950914,1.0919986515656839
3967,com.qgroupmedia.qnews::9,1,developer_plus_third_party,1,6,-0.4758389721816415,0.9157520465489786,True,0.00016199578810950914,1.0919986515656839
3968,com.qgroupmedia.qnews::9,1,developer_plus_third_party,1,6,-0.4758389721816415,0.9157520465489786,True,0.00016199578810950914,1.0919986515656839
3969,com.quarantadue.cocktails::41,1,developer_plus_third_party,0,6,1.1020383899292168,0.9282319123360427,True,0.00016199578810950914,1.0773169794209525
3970,com.quarantadue.cocktails::41,1,developer_plus_third_party,1,6,1.1020383899292168,0.9282319123360427,True,0.00016199578810950914,1.0773169794209525
3971,com.quarantadue.cocktails::41,1,developer_plus_third_party,1,6,1.1020383899292168,0.9282319123360427,True,0.00016199578810950914,1.0773169794209525
3972,com.quarantadue.cocktails::41,1,developer_plus_third_party,1,6,1.1020383899292168,0.9282319123360427,True,0.00016199578810950914,1.0773169794209525
3973,com.quarantadue.cocktails::41,1,developer_plus_third_party,0,6,1.1020383899292168,0.9282319123360427,True,0.00016199578810950914,1.0773169794209525
3974,com.quarantadue.cocktails::41,1,developer_plus_third_party,0,6,1.1020383899292168,0.9282319123360427,True,0.00016199578810950914,1.0773169794209525
3975,com.quarantadue.cocktails::41,1,developer_plus_third_party,0,6,1.1020383899292168,0.9282319123360427,True,0.00016199578810950914,1.0773169794209525
3976,com.quarantadue.cocktails::41,1,developer_plus_third_party,0,6,1.1020383899292168,0.9282319123360427,True,0.00016199578810950914,1.0773169794209525
3977,com.quarantadue.cocktails::41,1,developer_plus_third_party,0,6,1.1020383899292168,0.9282319123360427,True,0.00016199578810950914,1.0773169794209525
3978,com.quarantadue.cocktails::41,1,developer_plus_third_party,0,6,1.1020383899292168,0.9282319123360427,True,0.00016199578810950914,1.0773169794209525
3979,com.quarantadue.cocktails::41,1,developer_plus_third_party,0,6,1.1020383899292168,0.9282319123360427,True,0.00016199578810950914,1.0773169794209525
3980,com.quarantadue.cocktails::41,1,developer_plus_third_party,0,6,1.1020383899292168,0.9282319123360427,True,0.00016199578810950914,1.0773169794209525
3981,com.quarantadue.cocktails::41,1,developer_plus_third_party,0,6,1.1020383899292168,0.9282319123360427,True,0.00016199578810950914,1.0773169794209525
3982,com.quarantadue.cocktails::41,1,developer_plus_third_party,0,6,1.1020383899292168,0.9282319123360427,True,0.00016199578810950914,1.0773169794209525
3983,com.quarantadue.cocktails::41,1,developer_plus_third_party,0,6,1.1020383899292168,0.9282319123360427,True,0.00016199578810950914,1.0773169794209525
3984,com.quarantadue.cocktails::41,1,developer_plus_third_party,0,6,1.1020383899292168,0.9282319123360427,True,0.00016199578810950914,1.0773169794209525
3985,com.quarantadue.cocktails::41,1,developer_plus_third_party,0,6,1.1020383899292168,0.9282319123360427,True,0.00016199578810950914,1.0773169794209525
3986,com.quarantadue.cocktails::41,1,developer_plus_third_party,0,6,1.1020383899292168,0.9282319123360427,True,0.00016199578810950914,1.0773169794209525
3987,com.quarantadue.cocktails::41,1,developer_plus_third_party,0,6,1.1020383899292168,0.9282319123360427,True,0.00016199578810950914,1.0773169794209525
3988,com.quarantadue.cocktails::41,1,developer_plus_third_party,0,6,1.1020383899292168,0.9282319123360427,True,0.00016199578810950914,1.0773169794209525
3989,com.quarantadue.cocktails::41,1,developer_plus_third_party,0,6,1.1020383899292168,0.9282319123360427,True,0.00016199578810950914,1.0773169794209525
3990,com.quarantadue.cocktails::41,1,developer_plus_third_party,0,6,1.1020383899292168,0.9282319123360427,True,0.00016199578810950914,1.0773169794209525
3991,com.rsudalihsan.mobile::36,1,developer_plus_third_party,1,6,-0.22828799977234193,0.9178327260944055,True,0.0003239915762190183,1.0895231468322508
3992,com.rsudalihsan.mobile::36,1,developer_plus_third_party,0,6,-0.22828799977234193,0.9178327260944055,True,0.00016199578810950914,1.0895231468322508
3993,com.rsudalihsan.mobile::36,1,developer_plus_third_party,0,6,-0.22828799977234193,0.9178327260944055,True,0.00016199578810950914,1.0895231468322508
3994,com.rsudalihsan.mobile::36,1,developer_plus_third_party,0,6,-0.22828799977234193,0.9178327260944055,True,0.00016199578810950914,1.0895231468322508
3995,com.rsudalihsan.mobile::36,1,developer_plus_third_party,0,6,-0.22828799977234193,0.9178327260944055,True,0.00016199578810950914,1.0895231468322508
3996,com.rsudalihsan.mobile::36,1,developer_plus_third_party,0,6,-0.22828799977234193,0.9178327260944055,True,0.00016199578810950914,1.0895231468322508
3997,com.rsudalihsan.mobile::36,1,developer_plus_third_party,0,6,-0.22828799977234193,0.9178327260944055,True,0.00016199578810950914,1.0895231468322508
3998,com.rsudalihsan.mobile::36,1,developer_plus_third_party,0,6,-0.22828799977234193,0.9178327260944055,True,0.00016199578810950914,1.0895231468322508
3999,com.rsudalihsan.mobile::36,1,developer_plus_third_party,0,6,-0.22828799977234193,0.9178327260944055,True,0.00016199578810950914,1.0895231468322508
4000,com.rsudalihsan.mobile::36,1,developer_plus_third_party,0,6,-0.22828799977234193,0.9178327260944055,True,0.00016199578810950914,1.0895231468322508
4001,com.rsudalihsan.mobile::36,1,developer_plus_third_party,0,6,-0.22828799977234193,0.9178327260944055,True,0.00016199578810950914,1.0895231468322508
4002,com.rsudalihsan.mobile::36,1,developer_plus_third_party,0,6,-0.22828799977234193,0.9178327260944055,True,0.00016199578810950914,1.0895231468322508
4003,com.rsudalihsan.mobile::36,1,developer_plus_third_party,0,6,-0.22828799977234193,0.9178327260944055,True,0.00016199578810950914,1.0895231468322508
4004,com.rsudalihsan.mobile::36,1,developer_plus_third_party,0,6,-0.22828799977234193,0.9178327260944055,True,0.00016199578810950914,1.0895231468322508
4005,com.rsudalihsan.mobile::36,1,developer_plus_third_party,0,6,-0.22828799977234193,0.9178327260944055,True,0.00016199578810950914,1.0895231468322508
4006,com.rsudalihsan.mobile::36,1,developer_plus_third_party,0,6,-0.22828799977234193,0.9178327260944055,True,0.00016199578810950914,1.0895231468322508
4007,com.rsudalihsan.mobile::36,1,developer_plus_third_party,0,6,-0.22828799977234193,0.9178327260944055,True,0.00016199578810950914,1.0895231468322508
4008,com.rsudalihsan.mobile::36,1,developer_plus_third_party,1,6,-0.22828799977234193,0.9178327260944055,True,0.00016199578810950914,1.0895231468322508
4009,com.rsudalihsan.mobile::36,1,developer_plus_third_party,1,6,-0.22828799977234193,0.9178327260944055,True,0.00016199578810950914,1.0895231468322508
4010,com.rsudalihsan.mobile::36,1,developer_plus_third_party,1,6,-0.22828799977234193,0.9178327260944055,True,0.00016199578810950914,1.0895231468322508
4011,com.safeme.calculator::50,1,developer_plus_third_party,1,6,-0.4048792866536595,0.9163533096258197,True,0.00016199578810950914,1.0912821392093146
4012,com.safeme.calculator::50,1,developer_plus_third_party,0,6,-0.4048792866536595,0.9163533096258197,True,0.00016199578810950914,1.0912821392093146
4013,com.safeme.calculator::50,1,developer_plus_third_party,1,6,-0.4048792866536595,0.9163533096258197,True,0.00016199578810950914,1.0912821392093146
4014,com.safeme.calculator::50,1,developer_plus_third_party,1,6,-0.4048792866536595,0.9163533096258197,True,0.00016199578810950914,1.0912821392093146
4015,com.silvertrac.mob::4058,1,developer_plus_third_party,0,6,-0.35527894535946797,0.9167712703312251,True,0.00016199578810950914,1.0907846181073113
4016,com.silvertrac.mob::4058,1,developer_plus_third_party,1,6,-0.35527894535946797,0.9167712703312251,True,0.00016199578810950914,1.0907846181073113
4017,com.silvertrac.mob::4058,1,developer_plus_third_party,1,6,-0.35527894535946797,0.9167712703312251,True,0.00016199578810950914,1.0907846181073113
4018,com.silvertrac.mob::4058,1,developer_plus_third_party,1,6,-0.35527894535946797,0.9167712703312251,True,0.00016199578810950914,1.0907846181073113
4019,com.silvertrac.mob::4058,1,developer_plus_third_party,0,6,-0.35527894535946797,0.9167712703312251,True,0.00016199578810950914,1.0907846181073113
4020,com.silvertrac.mob::4058,1,developer_plus_third_party,0,6,-0.35527894535946797,0.9167712703312251,True,0.00016199578810950914,1.0907846181073113
4021,com.silvertrac.mob::4058,1,developer_plus_third_party,0,6,-0.35527894535946797,0.9167712703312251,True,0.00016199578810950914,1.0907846181073113
4022,com.silvertrac.mob::4058,1,developer_plus_third_party,0,6,-0.35527894535946797,0.9167712703312251,True,0.00016199578810950914,1.0907846181073113
4023,com.silvertrac.mob::4058,1,developer_plus_third_party,0,6,-0.35527894535946797,0.9167712703312251,True,0.00016199578810950914,1.0907846181073113
4024,com.silvertrac.mob::4058,1,developer_plus_third_party,0,6,-0.35527894535946797,0.9167712703312251,True,0.00016199578810950914,1.0907846181073113
4025,com.silvertrac.mob::4058,1,developer_plus_third_party,0,6,-0.35527894535946797,0.9167712703312251,True,0.00016199578810950914,1.0907846181073113
4026,com.silvertrac.mob::4058,1,developer_plus_third_party,0,6,-0.35527894535946797,0.9167712703312251,True,0.00016199578810950914,1.0907846181073113
4027,com.silvertrac.mob::4058,1,developer_plus_third_party,0,6,-0.35527894535946797,0.9167712703312251,True,0.00016199578810950914,1.0907846181073113
4028,com.silvertrac.mob::4058,1,developer_plus_third_party,0,6,-0.35527894535946797,0.9167712703312251,True,0.00016199578810950914,1.0907846181073113
4029,com.silvertrac.mob::4058,1,developer_plus_third_party,0,6,-0.35527894535946797,0.9167712703312251,True,0.00016199578810950914,1.0907846181073113
4030,com.silvertrac.mob::4058,1,developer_plus_third_party,0,6,-0.35527894535946797,0.9167712703312251,True,0.00016199578810950914,1.0907846181073113
4031,com.silvertrac.mob::4058,1,developer_plus_third_party,0,6,-0.35527894535946797,0.9167712703312251,True,0.00016199578810950914,1.0907846181073113
4032,com.silvertrac.mob::4058,1,developer_plus_third_party,0,6,-0.35527894535946797,0.9167712703312251,True,0.00016199578810950914,1.0907846181073113
4033,com.silvertrac.mob::4058,1,developer_plus_third_party,0,6,-0.35527894535946797,0.9167712703312251,True,0.00016199578810950914,1.0907846181073113
4034,com.silvertrac.mob::4058,1,developer_plus_third_party,0,6,-0.35527894535946797,0.9167712703312251,True,0.00016199578810950914,1.0907846181073113
4035,com.silvertrac.mob::4058,1,developer_plus_third_party,0,6,-0.35527894535946797,0.9167712703312251,True,0.00016199578810950914,1.0907846181073113
4036,com.silvertrac.mob::4058,1,developer_plus_third_party,0,6,-0.35527894535946797,0.9167712703312251,True,0.00016199578810950914,1.0907846181073113
4037,com.speechtotext.voicetyping.alllanguages.converter.notes::9,1,developer_plus_third_party,1,6,-0.15161823234955019,0.9184675904770752,True,0.0008099789405475457,1.0887700452016764
4038,com.speechtotext.voicetyping.alllanguages.converter.notes::9,1,developer_plus_third_party,1,6,-0.15161823234955019,0.9184675904770752,True,0.00016199578810950914,1.0887700452016764
4039,com.speechtotext.voicetyping.alllanguages.converter.notes::9,1,developer_plus_third_party,1,6,-0.15161823234955019,0.9184675904770752,True,0.00016199578810950914,1.0887700452016764
4040,com.speechtotext.voicetyping.alllanguages.converter.notes::9,1,developer_plus_third_party,1,6,-0.15161823234955019,0.9184675904770752,True,0.00016199578810950914,1.0887700452016764
4041,com.speechtotext.voicetyping.alllanguages.converter.notes::9,1,developer_plus_third_party,1,6,-0.15161823234955019,0.9184675904770752,True,0.00016199578810950914,1.0887700452016764
4042,com.speechtotext.voicetyping.alllanguages.converter.notes::9,1,developer_plus_third_party,1,6,-0.15161823234955019,0.9184675904770752,True,0.00016199578810950914,1.0887700452016764
4043,com.speechtotext.voicetyping.alllanguages.converter.notes::9,1,developer_plus_third_party,1,6,-0.15161823234955019,0.9184675904770752,True,0.00016199578810950914,1.0887700452016764
4044,com.speechtotext.voicetyping.alllanguages.converter.notes::9,1,developer_plus_third_party,1,6,-0.15161823234955019,0.9184675904770752,True,0.00016199578810950914,1.0887700452016764
4045,com.speechtotext.voicetyping.alllanguages.converter.notes::9,1,developer_plus_third_party,1,6,-0.15161823234955019,0.9184675904770752,True,0.00016199578810950914,1.0887700452016764
4046,com.speechtotext.voicetyping.alllanguages.converter.notes::9,1,developer_plus_third_party,1,6,-0.15161823234955019,0.9184675904770752,True,0.00016199578810950914,1.0887700452016764
4047,de.virality.dieschulapp.ui::149,1,developer_plus_third_party,0,6,-0.45269465836124645,0.9159485853842185,True,0.00016199578810950914,1.0917643369474979
4048,de.virality.dieschulapp.ui::149,1,developer_plus_third_party,1,6,-0.45269465836124645,0.9159485853842185,True,0.00016199578810950914,1.0917643369474979
4049,de.virality.dieschulapp.ui::149,1,developer_plus_third_party,0,6,-0.45269465836124645,0.9159485853842185,True,0.00016199578810950914,1.0917643369474979
4050,de.virality.dieschulapp.ui::149,1,developer_plus_third_party,0,6,-0.45269465836124645,0.9159485853842185,True,0.00016199578810950914,1.0917643369474979
4051,de.virality.dieschulapp.ui::149,1,developer_plus_third_party,1,6,-0.45269465836124645,0.9159485853842185,True,0.00016199578810950914,1.0917643369474979
4052,de.virality.dieschulapp.ui::149,1,developer_plus_third_party,0,6,-0.45269465836124645,0.9159485853842185,True,0.00016199578810950914,1.0917643369474979
4053,de.virality.dieschulapp.ui::149,1,developer_plus_third_party,1,6,-0.45269465836124645,0.9159485853842185,True,0.00016199578810950914,1.0917643369474979
4054,de.virality.dieschulapp.ui::149,1,developer_plus_third_party,0,6,-0.45269465836124645,0.9159485853842185,True,0.00016199578810950914,1.0917643369474979
4055,de.virality.dieschulapp.ui::149,1,developer_plus_third_party,0,6,-0.45269465836124645,0.9159485853842185,True,0.00016199578810950914,1.0917643369474979
4056,de.virality.dieschulapp.ui::149,1,developer_plus_third_party,0,6,-0.45269465836124645,0.9159485853842185,True,0.00016199578810950914,1.0917643369474979
4057,de.virality.dieschulapp.ui::149,1,developer_plus_third_party,0,6,-0.45269465836124645,0.9159485853842185,True,0.00016199578810950914,1.0917643369474979
4058,de.virality.dieschulapp.ui::149,1,developer_plus_third_party,0,6,-0.45269465836124645,0.9159485853842185,True,0.00016199578810950914,1.0917643369474979
4059,de.virality.dieschulapp.ui::149,1,developer_plus_third_party,1,6,-0.45269465836124645,0.9159485853842185,True,0.00016199578810950914,1.0917643369474979
4060,de.virality.dieschulapp.ui::149,1,developer_plus_third_party,1,6,-0.45269465836124645,0.9159485853842185,True,0.00016199578810950914,1.0917643369474979
4061,de.virality.dieschulapp.ui::149,1,developer_plus_third_party,0,6,-0.45269465836124645,0.9159485853842185,True,0.00016199578810950914,1.0917643369474979
4062,de.virality.dieschulapp.ui::149,1,developer_plus_third_party,1,6,-0.45269465836124645,0.9159485853842185,True,0.00016199578810950914,1.0917643369474979
4063,de.virality.dieschulapp.ui::149,1,developer_plus_third_party,0,6,-0.45269465836124645,0.9159485853842185,True,0.00016199578810950914,1.0917643369474979
4064,de.virality.dieschulapp.ui::149,1,developer_plus_third_party,1,6,-0.45269465836124645,0.9159485853842185,True,0.00016199578810950914,1.0917643369474979
4065,de.virality.dieschulapp.ui::149,1,developer_plus_third_party,0,6,-0.45269465836124645,0.9159485853842185,True,0.00016199578810950914,1.0917643369474979
4066,de.virality.dieschulapp.ui::149,1,developer_plus_third_party,0,6,-0.45269465836124645,0.9159485853842185,True,0.00016199578810950914,1.0917643369474979
4067,de.virality.dieschulapp.ui::149,1,developer_plus_third_party,1,6,-0.45269465836124645,0.9159485853842185,True,0.00016199578810950914,1.0917643369474979
4068,de.virality.dieschulapp.ui::149,1,developer_plus_third_party,0,6,-0.45269465836124645,0.9159485853842185,True,0.00016199578810950914,1.0917643369474979
4069,jp.co.ponos.nanimoshinai::1000002,1,developer_plus_third_party,1,6,0.5703954540250352,0.9242302413657518,True,0.0003239915762190183,1.0819814752244872
4070,org.katieone::44,1,developer_plus_third_party,0,6,1.3427117489958718,0.9299785942722871,True,0.00016199578810950914,1.0752935671411932
4071,org.katieone::44,1,developer_plus_third_party,1,6,1.3427117489958718,0.9299785942722871,True,0.0009719747286570548,1.0752935671411932
4072,org.katieone::44,1,developer_plus_third_party,0,6,1.3427117489958718,0.9299785942722871,True,0.00016199578810950914,1.0752935671411932
4073,org.katieone::44,1,developer_plus_third_party,1,6,1.3427117489958718,0.9299785942722871,True,0.00016199578810950914,1.0752935671411932
4074,org.katieone::44,1,developer_plus_third_party,0,6,1.3427117489958718,0.9299785942722871,True,0.00016199578810950914,1.0752935671411932
4075,org.katieone::44,1,developer_plus_third_party,1,6,1.3427117489958718,0.9299785942722871,True,0.00016199578810950914,1.0752935671411932
4076,org.katieone::44,1,developer_plus_third_party,0,6,1.3427117489958718,0.9299785942722871,True,0.00016199578810950914,1.0752935671411932
4077,org.katieone::44,1,developer_plus_third_party,0,6,1.3427117489958718,0.9299785942722871,True,0.00016199578810950914,1.0752935671411932
4078,org.katieone::44,1,developer_plus_third_party,0,6,1.3427117489958718,0.9299785942722871,True,0.00016199578810950914,1.0752935671411932
4079,org.katieone::44,1,developer_plus_third_party,0,6,1.3427117489958718,0.9299785942722871,True,0.00016199578810950914,1.0752935671411932
4080,org.katieone::44,1,developer_plus_third_party,1,6,1.3427117489958718,0.9299785942722871,True,0.00016199578810950914,1.0752935671411932
4081,org.katieone::44,1,developer_plus_third_party,0,6,1.3427117489958718,0.9299785942722871,True,0.00016199578810950914,1.0752935671411932
4082,org.katieone::44,1,developer_plus_third_party,0,6,1.3427117489958718,0.9299785942722871,True,0.00016199578810950914,1.0752935671411932
4083,org.katieone::44,1,developer_plus_third_party,1,6,1.3427117489958718,0.9299785942722871,True,0.00016199578810950914,1.0752935671411932
4084,org.katieone::44,1,developer_plus_third_party,0,6,1.3427117489958718,0.9299785942722871,True,0.00016199578810950914,1.0752935671411932
4085,org.katieone::44,1,developer_plus_third_party,0,6,1.3427117489958718,0.9299785942722871,True,0.00016199578810950914,1.0752935671411932
4086,org.katieone::44,1,developer_plus_third_party,1,6,1.3427117489958718,0.9299785942722871,True,0.00016199578810950914,1.0752935671411932
4087,org.katieone::44,1,developer_plus_third_party,0,6,1.3427117489958718,0.9299785942722871,True,0.00016199578810950914,1.0752935671411932
4088,ru.edpankov.transistors::3,1,developer_plus_third_party,1,6,-0.37663792784842554,0.9165915206743597,True,0.00016199578810950914,1.0909985281821881
4089,ru.webvo.book.AOTNDEZKOFBQNZJW::10,1,developer_plus_third_party,1,6,-0.4306176123791976,0.9161356729488125,True,0.00016199578810950914,1.091541383582684
4090,ru.webvo.book.AOTNDEZKOFBQNZJW::10,1,developer_plus_third_party,1,6,-0.4306176123791976,0.9161356729488125,True,0.00016199578810950914,1.091541383582684
4091,ru.webvo.book.AOTNDEZKOFBQNZJW::10,1,developer_plus_third_party,1,6,-0.4306176123791976,0.9161356729488125,True,0.00016199578810950914,1.091541383582684
4092,ru.webvo.book.AOTNDEZKOFBQNZJW::10,1,developer_plus_third_party,0,6,-0.4306176123791976,0.9161356729488125,True,0.00016199578810950914,1.091541383582684
4093,ru.webvo.book.AOTNDEZKOFBQNZJW::10,1,developer_plus_third_party,0,6,-0.4306176123791976,0.9161356729488125,True,0.00016199578810950914,1.091541383582684
4094,ru.webvo.book.AOTNDEZKOFBQNZJW::10,1,developer_plus_third_party,0,6,-0.4306176123791976,0.9161356729488125,True,0.00016199578810950914,1.091541383582684
4095,ru.webvo.book.AOTNDEZKOFBQNZJW::10,1,developer_plus_third_party,0,6,-0.4306176123791976,0.9161356729488125,True,0.00016199578810950914,1.091541383582684
4096,ru.webvo.book.AOTNDEZKOFBQNZJW::10,1,developer_plus_third_party,0,6,-0.4306176123791976,0.9161356729488125,True,0.00016199578810950914,1.091541383582684
4097,ru.webvo.book.AOTNDEZKOFBQNZJW::10,1,developer_plus_third_party,0,6,-0.4306176123791976,0.9161356729488125,True,0.00016199578810950914,1.091541383582684
4098,ru.webvo.book.AOTNDEZKOFBQNZJW::10,1,developer_plus_third_party,0,6,-0.4306176123791976,0.9161356729488125,True,0.00016199578810950914,1.091541383582684
4099,ru.webvo.book.AOTNDEZKOFBQNZJW::10,1,developer_plus_third_party,1,6,-0.4306176123791976,0.9161356729488125,True,0.00016199578810950914,1.091541383582684
4100,ru.webvo.book.AOTNDEZKOFBQNZJW::10,1,developer_plus_third_party,1,6,-0.4306176123791976,0.9161356729488125,True,0.00016199578810950914,1.091541383582684
4101,smartcoder.click_tv::133,1,developer_plus_third_party,0,6,-0.045112112862940854,0.9193420977101416,True,0.00016199578810950914,1.0877343727549926
4102,smartcoder.click_tv::133,1,developer_plus_third_party,0,6,-0.045112112862940854,0.9193420977101416,True,0.00016199578810950914,1.0877343727549926
4103,smartcoder.click_tv::133,1,developer_plus_third_party,0,6,-0.045112112862940854,0.9193420977101416,True,0.00016199578810950914,1.0877343727549926
4104,smartcoder.click_tv::133,1,developer_plus_third_party,0,6,-0.045112112862940854,0.9193420977101416,True,0.00016199578810950914,1.0877343727549926
4105,smartcoder.click_tv::133,1,developer_plus_third_party,0,6,-0.045112112862940854,0.9193420977101416,True,0.00016199578810950914,1.0877343727549926
4106,smartcoder.click_tv::133,1,developer_plus_third_party,0,6,-0.045112112862940854,0.9193420977101416,True,0.00016199578810950914,1.0877343727549926
4107,smartcoder.click_tv::133,1,developer_plus_third_party,0,6,-0.045112112862940854,0.9193420977101416,True,0.00016199578810950914,1.0877343727549926
4108,smartcoder.click_tv::133,1,developer_plus_third_party,1,6,-0.045112112862940854,0.9193420977101416,True,0.00016199578810950914,1.0877343727549926
4109,smartcoder.click_tv::133,1,developer_plus_third_party,1,6,-0.045112112862940854,0.9193420977101416,True,0.00016199578810950914,1.0877343727549926
4110,aplus.droitfiscal::37,1,developer_plus_third_party,1,4,-0.6760481571602838,0.9072262325116058,True,0.00016199578810950914,1.1022608960849325
4111,co.dudo.podcastvn::28,1,developer_plus_third_party,1,4,1.027297084210037,0.9218615711197541,True,0.00016199578810950914,1.0847615643478161
4112,co.dudo.podcastvn::28,1,developer_plus_third_party,1,4,1.027297084210037,0.9218615711197541,True,0.00016199578810950914,1.0847615643478161
4113,co.dudo.podcastvn::28,1,developer_plus_third_party,1,4,1.027297084210037,0.9218615711197541,True,0.00016199578810950914,1.0847615643478161
4114,co.dudo.podcastvn::28,1,developer_plus_third_party,1,4,1.027297084210037,0.9218615711197541,True,0.00016199578810950914,1.0847615643478161
4115,co.dudo.podcastvn::28,1,developer_plus_third_party,1,4,1.027297084210037,0.9218615711197541,True,0.00016199578810950914,1.0847615643478161
4116,co.dudo.podcastvn::28,1,developer_plus_third_party,1,4,1.027297084210037,0.9218615711197541,True,0.00016199578810950914,1.0847615643478161
4117,co.dudo.podcastvn::28,1,developer_plus_third_party,1,4,1.027297084210037,0.9218615711197541,True,0.00016199578810950914,1.0847615643478161
4118,co.dudo.podcastvn::28,1,developer_plus_third_party,1,4,1.027297084210037,0.9218615711197541,True,0.00016199578810950914,1.0847615643478161
4119,co.dudo.podcastvn::28,1,developer_plus_third_party,0,4,1.027297084210037,0.9218615711197541,True,0.0003239915762190183,1.0847615643478161
4120,co.dudo.podcastvn::28,1,developer_plus_third_party,1,4,1.027297084210037,0.9218615711197541,True,0.00016199578810950914,1.0847615643478161
4121,co.dudo.podcastvn::28,1,developer_plus_third_party,1,4,1.027297084210037,0.9218615711197541,True,0.00016199578810950914,1.0847615643478161
4122,co.dudo.podcastvn::28,1,developer_plus_third_party,1,4,1.027297084210037,0.9218615711197541,True,0.00016199578810950914,1.0847615643478161
4123,co.dudo.podcastvn::28,1,developer_plus_third_party,1,4,1.027297084210037,0.9218615711197541,True,0.00016199578810950914,1.0847615643478161
4124,co.dudo.podcastvn::28,1,developer_plus_third_party,1,4,1.027297084210037,0.9218615711197541,True,0.00016199578810950914,1.0847615643478161
4125,co.dudo.podcastvn::28,1,developer_plus_third_party,1,4,1.027297084210037,0.9218615711197541,True,0.00016199578810950914,1.0847615643478161
4126,co.dudo.podcastvn::28,1,developer_plus_third_party,0,4,1.027297084210037,0.9218615711197541,True,0.00016199578810950914,1.0847615643478161
4127,co.dudo.podcastvn::28,1,developer_plus_third_party,0,4,1.027297084210037,0.9218615711197541,True,0.00016199578810950914,1.0847615643478161
4128,co.dudo.podcastvn::28,1,developer_plus_third_party,0,4,1.027297084210037,0.9218615711197541,True,0.00016199578810950914,1.0847615643478161
4129,co.dudo.podcastvn::28,1,developer_plus_third_party,0,4,1.027297084210037,0.9218615711197541,True,0.00016199578810950914,1.0847615643478161
4130,co.dudo.podcastvn::28,1,developer_plus_third_party,1,4,1.027297084210037,0.9218615711197541,True,0.00016199578810950914,1.0847615643478161
4131,co.dudo.podcastvn::28,1,developer_plus_third_party,0,4,1.027297084210037,0.9218615711197541,True,0.00016199578810950914,1.0847615643478161
4132,co.dudo.podcastvn::28,1,developer_plus_third_party,1,4,1.027297084210037,0.9218615711197541,True,0.00016199578810950914,1.0847615643478161
4133,co.dudo.podcastvn::28,1,developer_plus_third_party,1,4,1.027297084210037,0.9218615711197541,True,0.00016199578810950914,1.0847615643478161
4134,co.dudo.podcastvn::28,1,developer_plus_third_party,0,4,1.027297084210037,0.9218615711197541,True,0.00016199578810950914,1.0847615643478161
4135,co.dudo.podcastvn::28,1,developer_plus_third_party,0,4,1.027297084210037,0.9218615711197541,True,0.00016199578810950914,1.0847615643478161
4136,co.dudo.podcastvn::28,1,developer_plus_third_party,0,4,1.027297084210037,0.9218615711197541,True,0.00016199578810950914,1.0847615643478161
4137,co.dudo.podcastvn::28,1,developer_plus_third_party,0,4,1.027297084210037,0.9218615711197541,True,0.00016199578810950914,1.0847615643478161
4138,co.dudo.podcastvn::28,1,developer_plus_third_party,1,4,1.027297084210037,0.9218615711197541,True,0.00016199578810950914,1.0847615643478161
4139,co.dudo.podcastvn::28,1,developer_plus_third_party,0,4,1.027297084210037,0.9218615711197541,True,0.00016199578810950914,1.0847615643478161
4140,co.dudo.podcastvn::28,1,developer_plus_third_party,1,4,1.027297084210037,0.9218615711197541,True,0.00016199578810950914,1.0847615643478161
4141,co.dudo.podcastvn::28,1,developer_plus_third_party,1,4,1.027297084210037,0.9218615711197541,True,0.00016199578810950914,1.0847615643478161
4142,co.dudo.podcastvn::28,1,developer_plus_third_party,0,4,1.027297084210037,0.9218615711197541,True,0.00016199578810950914,1.0847615643478161
4143,co.dudo.podcastvn::28,1,developer_plus_third_party,0,4,1.027297084210037,0.9218615711197541,True,0.00016199578810950914,1.0847615643478161
4144,com.AwamiSolution.flipimagemirrorimage::13,1,developer_plus_third_party,1,4,0.008960841543885949,0.9133867410076973,True,0.00016199578810950914,1.0948264903612968
4145,com.AwamiSolution.flipimagemirrorimage::13,1,developer_plus_third_party,1,4,0.008960841543885949,0.9133867410076973,True,0.00016199578810950914,1.0948264903612968
4146,com.appking.juzs.juz9::7,1,developer_plus_third_party,1,4,0.7945122344212628,0.919993844832538,True,0.00016199578810950914,1.086963793961062
4147,com.appking.juzs.juz9::7,1,developer_plus_third_party,1,4,0.7945122344212628,0.919993844832538,True,0.00016199578810950914,1.086963793961062
4148,com.apprancher.freestuff::80000000,1,developer_plus_third_party,1,4,-0.2982174963073389,0.9106713375438438,True,0.00016199578810950914,1.098091000313113
4149,com.apprancher.freestuff::80000000,1,developer_plus_third_party,1,4,-0.2982174963073389,0.9106713375438438,True,0.00016199578810950914,1.098091000313113
4150,com.apprancher.freestuff::80000000,1,developer_plus_third_party,1,4,-0.2982174963073389,0.9106713375438438,True,0.00016199578810950914,1.098091000313113
4151,com.appscho.appschov2.esg::13001,1,developer_plus_third_party,0,4,-0.43392498509460564,0.9094474244746951,True,0.00016199578810950914,1.0995687854936846
4152,com.appscho.appschov2.esg::13001,1,developer_plus_third_party,1,4,-0.43392498509460564,0.9094474244746951,True,0.00016199578810950914,1.0995687854936846
4153,com.appscho.appschov2.esg::13001,1,developer_plus_third_party,0,4,-0.43392498509460564,0.9094474244746951,True,0.00016199578810950914,1.0995687854936846
4154,com.appscho.appschov2.esg::13001,1,developer_plus_third_party,0,4,-0.43392498509460564,0.9094474244746951,True,0.00016199578810950914,1.0995687854936846
4155,com.appscho.appschov2.esg::13001,1,developer_plus_third_party,0,4,-0.43392498509460564,0.9094474244746951,True,0.00016199578810950914,1.0995687854936846
4156,com.appscho.appschov2.esg::13001,1,developer_plus_third_party,1,4,-0.43392498509460564,0.9094474244746951,True,0.00016199578810950914,1.0995687854936846
4157,com.appscho.appschov2.esg::13001,1,developer_plus_third_party,0,4,-0.43392498509460564,0.9094474244746951,True,0.00016199578810950914,1.0995687854936846
4158,com.appscho.appschov2.esg::13001,1,developer_plus_third_party,0,4,-0.43392498509460564,0.9094474244746951,True,0.00016199578810950914,1.0995687854936846
4159,com.appscho.appschov2.esg::13001,1,developer_plus_third_party,1,4,-0.43392498509460564,0.9094474244746951,True,0.00016199578810950914,1.0995687854936846
4160,com.appscho.appschov2.esg::13001,1,developer_plus_third_party,0,4,-0.43392498509460564,0.9094474244746951,True,0.00016199578810950914,1.0995687854936846
4161,com.appscho.appschov2.esg::13001,1,developer_plus_third_party,1,4,-0.43392498509460564,0.9094474244746951,True,0.00016199578810950914,1.0995687854936846
4162,com.appscho.appschov2.esg::13001,1,developer_plus_third_party,0,4,-0.43392498509460564,0.9094474244746951,True,0.00016199578810950914,1.0995687854936846
4163,com.appscho.appschov2.esg::13001,1,developer_plus_third_party,0,4,-0.43392498509460564,0.9094474244746951,True,0.00016199578810950914,1.0995687854936846
4164,com.appscho.appschov2.esg::13001,1,developer_plus_third_party,0,4,-0.43392498509460564,0.9094474244746951,True,0.00016199578810950914,1.0995687854936846
4165,com.appscho.appschov2.esg::13001,1,developer_plus_third_party,0,4,-0.43392498509460564,0.9094474244746951,True,0.00016199578810950914,1.0995687854936846
4166,com.appscho.appschov2.esg::13001,1,developer_plus_third_party,0,4,-0.43392498509460564,0.9094474244746951,True,0.00016199578810950914,1.0995687854936846
4167,com.appscho.appschov2.esg::13001,1,developer_plus_third_party,1,4,-0.43392498509460564,0.9094474244746951,True,0.00016199578810950914,1.0995687854936846
4168,com.appscho.appschov2.esg::13001,1,developer_plus_third_party,1,4,-0.43392498509460564,0.9094474244746951,True,0.00016199578810950914,1.0995687854936846
4169,com.appscho.appschov2.esg::13001,1,developer_plus_third_party,0,4,-0.43392498509460564,0.9094474244746951,True,0.00016199578810950914,1.0995687854936846
4170,com.appscho.appschov2.esg::13001,1,developer_plus_third_party,1,4,-0.43392498509460564,0.9094474244746951,True,0.00016199578810950914,1.0995687854936846
4171,com.appscho.appschov2.esg::13001,1,developer_plus_third_party,0,4,-0.43392498509460564,0.9094474244746951,True,0.00016199578810950914,1.0995687854936846
4172,com.appscho.appschov2.esg::13001,1,developer_plus_third_party,1,4,-0.43392498509460564,0.9094474244746951,True,0.00016199578810950914,1.0995687854936846
4173,com.appscho.appschov2.esg::13001,1,developer_plus_third_party,0,4,-0.43392498509460564,0.9094474244746951,True,0.00016199578810950914,1.0995687854936846
4174,com.appscho.appschov2.esg::13001,1,developer_plus_third_party,0,4,-0.43392498509460564,0.9094474244746951,True,0.00016199578810950914,1.0995687854936846
4175,com.appscho.appschov2.esg::13001,1,developer_plus_third_party,1,4,-0.43392498509460564,0.9094474244746951,True,0.00016199578810950914,1.0995687854936846
4176,com.appscho.appschov2.esg::13001,1,developer_plus_third_party,0,4,-0.43392498509460564,0.9094474244746951,True,0.00016199578810950914,1.0995687854936846
4177,com.appscho.appschov2.esg::13001,1,developer_plus_third_party,1,4,-0.43392498509460564,0.9094474244746951,True,0.00016199578810950914,1.0995687854936846
4178,com.coverforyou.app::25,1,developer_plus_third_party,1,4,-0.21603576257649623,0.9114052429126964,True,0.00016199578810950914,1.0972067669966103
4179,com.coverforyou.app::25,1,developer_plus_third_party,0,4,-0.21603576257649623,0.9114052429126964,True,0.00016199578810950914,1.0972067669966103
4180,com.coverforyou.app::25,1,developer_plus_third_party,0,4,-0.21603576257649623,0.9114052429126964,True,0.00016199578810950914,1.0972067669966103
4181,com.coverforyou.app::25,1,developer_plus_third_party,0,4,-0.21603576257649623,0.9114052429126964,True,0.0008099789405475457,1.0972067669966103
4182,com.coverforyou.app::25,1,developer_plus_third_party,0,4,-0.21603576257649623,0.9114052429126964,True,0.00016199578810950914,1.0972067669966103
4183,com.coverforyou.app::25,1,developer_plus_third_party,0,4,-0.21603576257649623,0.9114052429126964,True,0.00016199578810950914,1.0972067669966103
4184,com.coverforyou.app::25,1,developer_plus_third_party,1,4,-0.21603576257649623,0.9114052429126964,True,0.00016199578810950914,1.0972067669966103
4185,com.coverforyou.app::25,1,developer_plus_third_party,0,4,-0.21603576257649623,0.9114052429126964,True,0.00016199578810950914,1.0972067669966103
4186,com.coverforyou.app::25,1,developer_plus_third_party,0,4,-0.21603576257649623,0.9114052429126964,True,0.00016199578810950914,1.0972067669966103
4187,com.coverforyou.app::25,1,developer_plus_third_party,0,4,-0.21603576257649623,0.9114052429126964,True,0.00016199578810950914,1.0972067669966103
4188,com.coverforyou.app::25,1,developer_plus_third_party,0,4,-0.21603576257649623,0.9114052429126964,True,0.00016199578810950914,1.0972067669966103
4189,com.ctappstudio.imdoodle::23,1,developer_plus_third_party,1,4,-0.5470627314375613,0.9084155426460474,True,0.00016199578810950914,1.1008178009451313
4190,com.ctappstudio.imdoodle::23,1,developer_plus_third_party,1,4,-0.5470627314375613,0.9084155426460474,True,0.00016199578810950914,1.1008178009451313
4191,com.ctappstudio.imdoodle::23,1,developer_plus_third_party,0,4,-0.5470627314375613,0.9084155426460474,True,0.00016199578810950914,1.1008178009451313
4192,com.ctappstudio.imdoodle::23,1,developer_plus_third_party,0,4,-0.5470627314375613,0.9084155426460474,True,0.00016199578810950914,1.1008178009451313
4193,com.ctappstudio.imdoodle::23,1,developer_plus_third_party,0,4,-0.5470627314375613,0.9084155426460474,True,0.00016199578810950914,1.1008178009451313
4194,com.ctappstudio.imdoodle::23,1,developer_plus_third_party,0,4,-0.5470627314375613,0.9084155426460474,True,0.00016199578810950914,1.1008178009451313
4195,com.delivery.asiaExpress::245,1,developer_plus_third_party,1,4,-0.37162963092923146,0.910011115029898,True,0.00016199578810950914,1.0988876767369435
4196,com.delivery.asiaExpress::245,1,developer_plus_third_party,0,4,-0.37162963092923146,0.910011115029898,True,0.00016199578810950914,1.0988876767369435
4197,com.delivery.asiaExpress::245,1,developer_plus_third_party,1,4,-0.37162963092923146,0.910011115029898,True,0.00016199578810950914,1.0988876767369435
4198,com.delivery.asiaExpress::245,1,developer_plus_third_party,0,4,-0.37162963092923146,0.910011115029898,True,0.00016199578810950914,1.0988876767369435
4199,com.delivery.asiaExpress::245,1,developer_plus_third_party,0,4,-0.37162963092923146,0.910011115029898,True,0.00016199578810950914,1.0988876767369435
4200,com.delivery.asiaExpress::245,1,developer_plus_third_party,0,4,-0.37162963092923146,0.910011115029898,True,0.00016199578810950914,1.0988876767369435
4201,com.delivery.asiaExpress::245,1,developer_plus_third_party,0,4,-0.37162963092923146,0.910011115029898,True,0.00016199578810950914,1.0988876767369435
4202,com.delivery.asiaExpress::245,1,developer_plus_third_party,1,4,-0.37162963092923146,0.910011115029898,True,0.00016199578810950914,1.0988876767369435
4203,com.delivery.asiaExpress::245,1,developer_plus_third_party,1,4,-0.37162963092923146,0.910011115029898,True,0.00016199578810950914,1.0988876767369435
4204,com.delivery.asiaExpress::245,1,developer_plus_third_party,1,4,-0.37162963092923146,0.910011115029898,True,0.00016199578810950914,1.0988876767369435
4205,com.delivery.asiaExpress::245,1,developer_plus_third_party,0,4,-0.37162963092923146,0.910011115029898,True,0.00016199578810950914,1.0988876767369435
4206,com.delivery.asiaExpress::245,1,developer_plus_third_party,1,4,-0.37162963092923146,0.910011115029898,True,0.00016199578810950914,1.0988876767369435
4207,com.delivery.asiaExpress::245,1,developer_plus_third_party,0,4,-0.37162963092923146,0.910011115029898,True,0.00016199578810950914,1.0988876767369435
4208,com.delivery.asiaExpress::245,1,developer_plus_third_party,1,4,-0.37162963092923146,0.910011115029898,True,0.00016199578810950914,1.0988876767369435
4209,com.delivery.asiaExpress::245,1,developer_plus_third_party,1,4,-0.37162963092923146,0.910011115029898,True,0.00016199578810950914,1.0988876767369435
4210,com.delivery.asiaExpress::245,1,developer_plus_third_party,1,4,-0.37162963092923146,0.910011115029898,True,0.00016199578810950914,1.0988876767369435
4211,com.delivery.asiaExpress::245,1,developer_plus_third_party,0,4,-0.37162963092923146,0.910011115029898,True,0.00016199578810950914,1.0988876767369435
4212,com.delivery.asiaExpress::245,1,developer_plus_third_party,0,4,-0.37162963092923146,0.910011115029898,True,0.00016199578810950914,1.0988876767369435
4213,com.delivery.asiaExpress::245,1,developer_plus_third_party,0,4,-0.37162963092923146,0.910011115029898,True,0.00016199578810950914,1.0988876767369435
4214,com.delivery.asiaExpress::245,1,developer_plus_third_party,0,4,-0.37162963092923146,0.910011115029898,True,0.00016199578810950914,1.0988876767369435
4215,com.delivery.asiaExpress::245,1,developer_plus_third_party,1,4,-0.37162963092923146,0.910011115029898,True,0.00016199578810950914,1.0988876767369435
4216,com.delivery.asiaExpress::245,1,developer_plus_third_party,0,4,-0.37162963092923146,0.910011115029898,True,0.00016199578810950914,1.0988876767369435
4217,com.delivery.asiaExpress::245,1,developer_plus_third_party,0,4,-0.37162963092923146,0.910011115029898,True,0.00016199578810950914,1.0988876767369435
4218,com.delivery.asiaExpress::245,1,developer_plus_third_party,0,4,-0.37162963092923146,0.910011115029898,True,0.00016199578810950914,1.0988876767369435
4219,com.delivery.asiaExpress::245,1,developer_plus_third_party,1,4,-0.37162963092923146,0.910011115029898,True,0.00016199578810950914,1.0988876767369435
4220,com.delivery.asiaExpress::245,1,developer_plus_third_party,1,4,-0.37162963092923146,0.910011115029898,True,0.00016199578810950914,1.0988876767369435
4221,com.delivery.asiaExpress::245,1,developer_plus_third_party,0,4,-0.37162963092923146,0.910011115029898,True,0.00016199578810950914,1.0988876767369435
4222,com.delivery.asiaExpress::245,1,developer_plus_third_party,1,4,-0.37162963092923146,0.910011115029898,True,0.00016199578810950914,1.0988876767369435
4223,com.delivery.asiaExpress::245,1,developer_plus_third_party,1,4,-0.37162963092923146,0.910011115029898,True,0.00016199578810950914,1.0988876767369435
4224,com.deutschlandradiofm.germanyradio::7,1,developer_plus_third_party,1,4,-0.3564806616940016,0.910147714395982,True,0.00016199578810950914,1.0987227503654704
4225,com.deutschlandradiofm.germanyradio::7,1,developer_plus_third_party,1,4,-0.3564806616940016,0.910147714395982,True,0.00016199578810950914,1.0987227503654704
4226,com.deutschlandradiofm.germanyradio::7,1,developer_plus_third_party,1,4,-0.3564806616940016,0.910147714395982,True,0.00016199578810950914,1.0987227503654704
4227,com.deutschlandradiofm.germanyradio::7,1,developer_plus_third_party,0,4,-0.3564806616940016,0.910147714395982,True,0.00016199578810950914,1.0987227503654704
4228,com.deutschlandradiofm.germanyradio::7,1,developer_plus_third_party,0,4,-0.3564806616940016,0.910147714395982,True,0.00016199578810950914,1.0987227503654704
4229,com.deutschlandradiofm.germanyradio::7,1,developer_plus_third_party,0,4,-0.3564806616940016,0.910147714395982,True,0.00016199578810950914,1.0987227503654704
4230,com.deutschlandradiofm.germanyradio::7,1,developer_plus_third_party,0,4,-0.3564806616940016,0.910147714395982,True,0.00016199578810950914,1.0987227503654704
4231,com.deutschlandradiofm.germanyradio::7,1,developer_plus_third_party,0,4,-0.3564806616940016,0.910147714395982,True,0.00016199578810950914,1.0987227503654704
4232,com.deutschlandradiofm.germanyradio::7,1,developer_plus_third_party,0,4,-0.3564806616940016,0.910147714395982,True,0.00016199578810950914,1.0987227503654704
4233,com.deutschlandradiofm.germanyradio::7,1,developer_plus_third_party,0,4,-0.3564806616940016,0.910147714395982,True,0.00016199578810950914,1.0987227503654704
4234,com.deutschlandradiofm.germanyradio::7,1,developer_plus_third_party,1,4,-0.3564806616940016,0.910147714395982,True,0.00016199578810950914,1.0987227503654704
4235,com.deutschlandradiofm.germanyradio::7,1,developer_plus_third_party,1,4,-0.3564806616940016,0.910147714395982,True,0.00016199578810950914,1.0987227503654704
4236,com.dragoma.frko::229,1,developer_plus_third_party,1,4,0.25334853626283943,0.9154934860502735,True,0.00016199578810950914,1.0923070619697297
4237,com.dragoma.frko::229,1,developer_plus_third_party,1,4,0.25334853626283943,0.9154934860502735,True,0.00016199578810950914,1.0923070619697297
4238,com.dragoma.frko::229,1,developer_plus_third_party,1,4,0.25334853626283943,0.9154934860502735,True,0.00016199578810950914,1.0923070619697297
4239,com.dragoma.frko::229,1,developer_plus_third_party,0,4,0.25334853626283943,0.9154934860502735,True,0.00016199578810950914,1.0923070619697297
4240,com.dragoma.frko::229,1,developer_plus_third_party,0,4,0.25334853626283943,0.9154934860502735,True,0.00016199578810950914,1.0923070619697297
4241,com.dragoma.frko::229,1,developer_plus_third_party,0,4,0.25334853626283943,0.9154934860502735,True,0.00016199578810950914,1.0923070619697297
4242,com.dragoma.frko::229,1,developer_plus_third_party,0,4,0.25334853626283943,0.9154934860502735,True,0.00016199578810950914,1.0923070619697297
4243,com.dragoma.frko::229,1,developer_plus_third_party,0,4,0.25334853626283943,0.9154934860502735,True,0.00016199578810950914,1.0923070619697297
4244,com.dragoma.frko::229,1,developer_plus_third_party,0,4,0.25334853626283943,0.9154934860502735,True,0.00016199578810950914,1.0923070619697297
4245,com.dragoma.frko::229,1,developer_plus_third_party,0,4,0.25334853626283943,0.9154934860502735,True,0.00016199578810950914,1.0923070619697297
4246,com.dragoma.frko::229,1,developer_plus_third_party,0,4,0.25334853626283943,0.9154934860502735,True,0.00016199578810950914,1.0923070619697297
4247,com.dragoma.frko::229,1,developer_plus_third_party,0,4,0.25334853626283943,0.9154934860502735,True,0.00016199578810950914,1.0923070619697297
4248,com.dragoma.frko::229,1,developer_plus_third_party,0,4,0.25334853626283943,0.9154934860502735,True,0.00016199578810950914,1.0923070619697297
4249,com.dragoma.frko::229,1,developer_plus_third_party,0,4,0.25334853626283943,0.9154934860502735,True,0.0009719747286570548,1.0923070619697297
4250,com.dragoma.frko::229,1,developer_plus_third_party,1,4,0.25334853626283943,0.9154934860502735,True,0.00016199578810950914,1.0923070619697297
4251,com.dragoma.frko::229,1,developer_plus_third_party,1,4,0.25334853626283943,0.9154934860502735,True,0.00016199578810950914,1.0923070619697297
4252,com.dragoma.frko::229,1,developer_plus_third_party,1,4,0.25334853626283943,0.9154934860502735,True,0.00016199578810950914,1.0923070619697297
4253,com.dragoma.frko::229,1,developer_plus_third_party,1,4,0.25334853626283943,0.9154934860502735,True,0.00016199578810950914,1.0923070619697297
4254,com.dragoma.frko::229,1,developer_plus_third_party,0,4,0.25334853626283943,0.9154934860502735,True,0.00016199578810950914,1.0923070619697297
4255,com.dragoma.frko::229,1,developer_plus_third_party,0,4,0.25334853626283943,0.9154934860502735,True,0.00016199578810950914,1.0923070619697297
4256,com.dragoma.frko::229,1,developer_plus_third_party,0,4,0.25334853626283943,0.9154934860502735,True,0.00016199578810950914,1.0923070619697297
4257,com.dragoma.frko::229,1,developer_plus_third_party,0,4,0.25334853626283943,0.9154934860502735,True,0.00016199578810950914,1.0923070619697297
4258,com.eco.tour::47,1,developer_plus_third_party,1,4,2.2556488113637556,0.9310711263327129,True,0.00016199578810950914,1.0740318024239275
4259,com.eco.tour::47,1,developer_plus_third_party,0,4,2.2556488113637556,0.9310711263327129,True,0.00016199578810950914,1.0740318024239275
4260,com.eco.tour::47,1,developer_plus_third_party,1,4,2.2556488113637556,0.9310711263327129,True,0.00016199578810950914,1.0740318024239275
4261,com.eco.tour::47,1,developer_plus_third_party,1,4,2.2556488113637556,0.9310711263327129,True,0.00016199578810950914,1.0740318024239275
4262,com.fox.foxfast.universal::434,1,developer_plus_third_party,0,4,1.5759727755662105,0.9261068568891903,True,0.00016199578810950914,1.079789003354341
4263,com.fox.foxfast.universal::434,1,developer_plus_third_party,1,4,1.5759727755662105,0.9261068568891903,True,0.00016199578810950914,1.079789003354341
4264,com.fox.foxfast.universal::434,1,developer_plus_third_party,0,4,1.5759727755662105,0.9261068568891903,True,0.0021059452454236186,1.079789003354341
4265,com.fox.foxfast.universal::434,1,developer_plus_third_party,1,4,1.5759727755662105,0.9261068568891903,True,0.00016199578810950914,1.079789003354341
4266,com.fox.foxfast.universal::434,1,developer_plus_third_party,0,4,1.5759727755662105,0.9261068568891903,True,0.00016199578810950914,1.079789003354341
4267,com.fox.foxfast.universal::434,1,developer_plus_third_party,0,4,1.5759727755662105,0.9261068568891903,True,0.00016199578810950914,1.079789003354341
4268,com.fox.foxfast.universal::434,1,developer_plus_third_party,0,4,1.5759727755662105,0.9261068568891903,True,0.00016199578810950914,1.079789003354341
4269,com.fox.foxfast.universal::434,1,developer_plus_third_party,1,4,1.5759727755662105,0.9261068568891903,True,0.00016199578810950914,1.079789003354341
4270,com.fox.foxfast.universal::434,1,developer_plus_third_party,0,4,1.5759727755662105,0.9261068568891903,True,0.00016199578810950914,1.079789003354341
4271,com.fox.foxfast.universal::434,1,developer_plus_third_party,0,4,1.5759727755662105,0.9261068568891903,True,0.00016199578810950914,1.079789003354341
4272,com.fox.foxfast.universal::434,1,developer_plus_third_party,1,4,1.5759727755662105,0.9261068568891903,True,0.00016199578810950914,1.079789003354341
4273,com.fox.foxfast.universal::434,1,developer_plus_third_party,1,4,1.5759727755662105,0.9261068568891903,True,0.00016199578810950914,1.079789003354341
4274,com.fox.foxfast.universal::434,1,developer_plus_third_party,0,4,1.5759727755662105,0.9261068568891903,True,0.00016199578810950914,1.079789003354341
4275,com.fox.foxfast.universal::434,1,developer_plus_third_party,1,4,1.5759727755662105,0.9261068568891903,True,0.00016199578810950914,1.079789003354341
4276,com.fox.foxfast.universal::434,1,developer_plus_third_party,0,4,1.5759727755662105,0.9261068568891903,True,0.00016199578810950914,1.079789003354341
4277,com.fox.foxfast.universal::434,1,developer_plus_third_party,0,4,1.5759727755662105,0.9261068568891903,True,0.00016199578810950914,1.079789003354341
4278,com.fox.foxfast.universal::434,1,developer_plus_third_party,0,4,1.5759727755662105,0.9261068568891903,True,0.00016199578810950914,1.079789003354341
4279,com.fox.foxfast.universal::434,1,developer_plus_third_party,0,4,1.5759727755662105,0.9261068568891903,True,0.00016199578810950914,1.079789003354341
4280,com.fox.foxfast.universal::434,1,developer_plus_third_party,0,4,1.5759727755662105,0.9261068568891903,True,0.00016199578810950914,1.079789003354341
4281,com.fox.foxfast.universal::434,1,developer_plus_third_party,1,4,1.5759727755662105,0.9261068568891903,True,0.00016199578810950914,1.079789003354341
4282,com.fox.foxfast.universal::434,1,developer_plus_third_party,1,4,1.5759727755662105,0.9261068568891903,True,0.00016199578810950914,1.079789003354341
4283,com.fox.foxfast.universal::434,1,developer_plus_third_party,0,4,1.5759727755662105,0.9261068568891903,True,0.00016199578810950914,1.079789003354341
4284,com.fox.foxfast.universal::434,1,developer_plus_third_party,0,4,1.5759727755662105,0.9261068568891903,True,0.00016199578810950914,1.079789003354341
4285,com.fox.foxfast.universal::434,1,developer_plus_third_party,1,4,1.5759727755662105,0.9261068568891903,True,0.00016199578810950914,1.079789003354341
4286,com.fox.foxfast.universal::434,1,developer_plus_third_party,0,4,1.5759727755662105,0.9261068568891903,True,0.00016199578810950914,1.079789003354341
4287,com.fox.foxfast.universal::434,1,developer_plus_third_party,0,4,1.5759727755662105,0.9261068568891903,True,0.00016199578810950914,1.079789003354341
4288,com.fox.foxfast.universal::434,1,developer_plus_third_party,0,4,1.5759727755662105,0.9261068568891903,True,0.00016199578810950914,1.079789003354341
4289,com.fox.foxfast.universal::434,1,developer_plus_third_party,0,4,1.5759727755662105,0.9261068568891903,True,0.00016199578810950914,1.079789003354341
4290,com.fox.foxfast.universal::434,1,developer_plus_third_party,0,4,1.5759727755662105,0.9261068568891903,True,0.00016199578810950914,1.079789003354341
4291,com.fox.foxfast.universal::434,1,developer_plus_third_party,0,4,1.5759727755662105,0.9261068568891903,True,0.00016199578810950914,1.079789003354341
4292,com.fox.foxfast.universal::434,1,developer_plus_third_party,1,4,1.5759727755662105,0.9261068568891903,True,0.00016199578810950914,1.079789003354341
4293,com.fox.foxfast.universal::434,1,developer_plus_third_party,1,4,1.5759727755662105,0.9261068568891903,True,0.00016199578810950914,1.079789003354341
4294,com.fox.foxfast.universal::434,1,developer_plus_third_party,1,4,1.5759727755662105,0.9261068568891903,True,0.00016199578810950914,1.079789003354341
4295,com.fox.foxfast.universal::434,1,developer_plus_third_party,1,4,1.5759727755662105,0.9261068568891903,True,0.00016199578810950914,1.079789003354341
4296,com.fox.foxfast.universal::434,1,developer_plus_third_party,1,4,1.5759727755662105,0.9261068568891903,True,0.00016199578810950914,1.079789003354341
4297,com.fox.foxfast.universal::434,1,developer_plus_third_party,1,4,1.5759727755662105,0.9261068568891903,True,0.00016199578810950914,1.079789003354341
4298,com.fox.foxfast.universal::434,1,developer_plus_third_party,0,4,1.5759727755662105,0.9261068568891903,True,0.00016199578810950914,1.079789003354341
4299,com.fox.foxfast.universal::434,1,developer_plus_third_party,0,4,1.5759727755662105,0.9261068568891903,True,0.00016199578810950914,1.079789003354341
4300,com.fox.foxfast.universal::434,1,developer_plus_third_party,0,4,1.5759727755662105,0.9261068568891903,True,0.00016199578810950914,1.079789003354341
4301,com.fox.foxfast.universal::434,1,developer_plus_third_party,0,4,1.5759727755662105,0.9261068568891903,True,0.00016199578810950914,1.079789003354341
4302,com.fox.foxfast.universal::434,1,developer_plus_third_party,0,4,1.5759727755662105,0.9261068568891903,True,0.00016199578810950914,1.079789003354341
4303,com.fox.foxfast.universal::434,1,developer_plus_third_party,0,4,1.5759727755662105,0.9261068568891903,True,0.00016199578810950914,1.079789003354341
4304,com.fox.foxfast.universal::434,1,developer_plus_third_party,0,4,1.5759727755662105,0.9261068568891903,True,0.00016199578810950914,1.079789003354341
4305,com.fox.foxfast.universal::434,1,developer_plus_third_party,0,4,1.5759727755662105,0.9261068568891903,True,0.00016199578810950914,1.079789003354341
4306,com.fox.foxfast.universal::434,1,developer_plus_third_party,0,4,1.5759727755662105,0.9261068568891903,True,0.00016199578810950914,1.079789003354341
4307,com.fox.foxfast.universal::434,1,developer_plus_third_party,0,4,1.5759727755662105,0.9261068568891903,True,0.00016199578810950914,1.079789003354341
4308,com.fox.foxfast.universal::434,1,developer_plus_third_party,1,4,1.5759727755662105,0.9261068568891903,True,0.00016199578810950914,1.079789003354341
4309,com.fox.foxfast.universal::434,1,developer_plus_third_party,1,4,1.5759727755662105,0.9261068568891903,True,0.00016199578810950914,1.079789003354341
4310,com.fox.foxfast.universal::434,1,developer_plus_third_party,1,4,1.5759727755662105,0.9261068568891903,True,0.00016199578810950914,1.079789003354341
4311,com.fox.foxfast.universal::434,1,developer_plus_third_party,1,4,1.5759727755662105,0.9261068568891903,True,0.00016199578810950914,1.079789003354341
4312,com.fox.foxfast.universal::434,1,developer_plus_third_party,0,4,1.5759727755662105,0.9261068568891903,True,0.00016199578810950914,1.079789003354341
4313,com.fox.foxfast.universal::434,1,developer_plus_third_party,1,4,1.5759727755662105,0.9261068568891903,True,0.00016199578810950914,1.079789003354341
4314,com.fox.foxfast.universal::434,1,developer_plus_third_party,0,4,1.5759727755662105,0.9261068568891903,True,0.00016199578810950914,1.079789003354341
4315,com.fox.foxfast.universal::434,1,developer_plus_third_party,0,4,1.5759727755662105,0.9261068568891903,True,0.00016199578810950914,1.079789003354341
4316,com.fox.foxfast.universal::434,1,developer_plus_third_party,0,4,1.5759727755662105,0.9261068568891903,True,0.00016199578810950914,1.079789003354341
4317,com.fox.foxfast.universal::434,1,developer_plus_third_party,1,4,1.5759727755662105,0.9261068568891903,True,0.00016199578810950914,1.079789003354341
4318,com.fox.foxfast.universal::434,1,developer_plus_third_party,1,4,1.5759727755662105,0.9261068568891903,True,0.00016199578810950914,1.079789003354341
4319,com.fox.foxfast.universal::434,1,developer_plus_third_party,0,4,1.5759727755662105,0.9261068568891903,True,0.00016199578810950914,1.079789003354341
4320,com.gpsmycity.android.u134::55,1,developer_plus_third_party,1,4,1.8202352462822127,0.9279276936468794,True,0.0003239915762190183,1.0776701750002382
4321,com.gpsmycity.android.u134::55,1,developer_plus_third_party,1,4,1.8202352462822127,0.9279276936468794,True,0.00016199578810950914,1.0776701750002382
4322,com.gpsmycity.android.u134::55,1,developer_plus_third_party,1,4,1.8202352462822127,0.9279276936468794,True,0.00016199578810950914,1.0776701750002382
4323,com.gpsmycity.android.u134::55,1,developer_plus_third_party,1,4,1.8202352462822127,0.9279276936468794,True,0.00016199578810950914,1.0776701750002382
4324,com.landl.gzbus::42,1,developer_plus_third_party,1,4,-0.45036634803578884,0.9092981224751572,True,0.0003239915762190183,1.099749328941698
4325,com.landl.gzbus::42,1,developer_plus_third_party,1,4,-0.45036634803578884,0.9092981224751572,True,0.00016199578810950914,1.099749328941698
4326,com.landl.gzbus::42,1,developer_plus_third_party,1,4,-0.45036634803578884,0.9092981224751572,True,0.00016199578810950914,1.099749328941698
4327,com.landl.gzbus::42,1,developer_plus_third_party,1,4,-0.45036634803578884,0.9092981224751572,True,0.00016199578810950914,1.099749328941698
4328,com.landl.gzbus::42,1,developer_plus_third_party,1,4,-0.45036634803578884,0.9092981224751572,True,0.00016199578810950914,1.099749328941698
4329,com.landl.gzbus::42,1,developer_plus_third_party,1,4,-0.45036634803578884,0.9092981224751572,True,0.00016199578810950914,1.099749328941698
4330,com.landl.gzbus::42,1,developer_plus_third_party,1,4,-0.45036634803578884,0.9092981224751572,True,0.00016199578810950914,1.099749328941698
4331,com.landl.gzbus::42,1,developer_plus_third_party,1,4,-0.45036634803578884,0.9092981224751572,True,0.00016199578810950914,1.099749328941698
4332,com.landl.gzbus::42,1,developer_plus_third_party,1,4,-0.45036634803578884,0.9092981224751572,True,0.00016199578810950914,1.099749328941698
4333,com.landl.gzbus::42,1,developer_plus_third_party,1,4,-0.45036634803578884,0.9092981224751572,True,0.00016199578810950914,1.099749328941698
4334,com.landl.gzbus::42,1,developer_plus_third_party,1,4,-0.45036634803578884,0.9092981224751572,True,0.00016199578810950914,1.099749328941698
4335,com.landl.gzbus::42,1,developer_plus_third_party,1,4,-0.45036634803578884,0.9092981224751572,True,0.00016199578810950914,1.099749328941698
4336,com.landl.gzbus::42,1,developer_plus_third_party,1,4,-0.45036634803578884,0.9092981224751572,True,0.00016199578810950914,1.099749328941698
4337,com.landl.gzbus::42,1,developer_plus_third_party,1,4,-0.45036634803578884,0.9092981224751572,True,0.00016199578810950914,1.099749328941698
4338,com.landl.gzbus::42,1,developer_plus_third_party,0,4,-0.45036634803578884,0.9092981224751572,True,0.00016199578810950914,1.099749328941698
4339,com.landl.gzbus::42,1,developer_plus_third_party,1,4,-0.45036634803578884,0.9092981224751572,True,0.00016199578810950914,1.099749328941698
4340,com.landl.gzbus::42,1,developer_plus_third_party,0,4,-0.45036634803578884,0.9092981224751572,True,0.00016199578810950914,1.099749328941698
4341,com.landl.gzbus::42,1,developer_plus_third_party,0,4,-0.45036634803578884,0.9092981224751572,True,0.00016199578810950914,1.099749328941698
4342,com.landl.gzbus::42,1,developer_plus_third_party,0,4,-0.45036634803578884,0.9092981224751572,True,0.00016199578810950914,1.099749328941698
4343,com.landl.gzbus::42,1,developer_plus_third_party,1,4,-0.45036634803578884,0.9092981224751572,True,0.00016199578810950914,1.099749328941698
4344,com.landl.gzbus::42,1,developer_plus_third_party,1,4,-0.45036634803578884,0.9092981224751572,True,0.00016199578810950914,1.099749328941698
4345,com.landl.gzbus::42,1,developer_plus_third_party,1,4,-0.45036634803578884,0.9092981224751572,True,0.00016199578810950914,1.099749328941698
4346,com.landl.gzbus::42,1,developer_plus_third_party,0,4,-0.45036634803578884,0.9092981224751572,True,0.00016199578810950914,1.099749328941698
4347,com.landl.gzbus::42,1,developer_plus_third_party,0,4,-0.45036634803578884,0.9092981224751572,True,0.00016199578810950914,1.099749328941698
4348,com.landl.gzbus::42,1,developer_plus_third_party,0,4,-0.45036634803578884,0.9092981224751572,True,0.00016199578810950914,1.099749328941698
4349,com.landl.gzbus::42,1,developer_plus_third_party,1,4,-0.45036634803578884,0.9092981224751572,True,0.00016199578810950914,1.099749328941698
4350,com.landl.gzbus::42,1,developer_plus_third_party,0,4,-0.45036634803578884,0.9092981224751572,True,0.00016199578810950914,1.099749328941698
4351,com.landl.gzbus::42,1,developer_plus_third_party,0,4,-0.45036634803578884,0.9092981224751572,True,0.00016199578810950914,1.099749328941698
4352,com.landl.gzbus::42,1,developer_plus_third_party,0,4,-0.45036634803578884,0.9092981224751572,True,0.00016199578810950914,1.099749328941698
4353,com.landl.gzbus::42,1,developer_plus_third_party,0,4,-0.45036634803578884,0.9092981224751572,True,0.00016199578810950914,1.099749328941698
4354,com.landl.gzbus::42,1,developer_plus_third_party,1,4,-0.45036634803578884,0.9092981224751572,True,0.00016199578810950914,1.099749328941698
4355,com.landl.gzbus::42,1,developer_plus_third_party,1,4,-0.45036634803578884,0.9092981224751572,True,0.00016199578810950914,1.099749328941698
4356,com.landl.gzbus::42,1,developer_plus_third_party,0,4,-0.45036634803578884,0.9092981224751572,True,0.00016199578810950914,1.099749328941698
4357,com.landl.gzbus::42,1,developer_plus_third_party,0,4,-0.45036634803578884,0.9092981224751572,True,0.00016199578810950914,1.099749328941698
4358,com.landl.gzbus::42,1,developer_plus_third_party,1,4,-0.45036634803578884,0.9092981224751572,True,0.00016199578810950914,1.099749328941698
4359,com.landl.gzbus::42,1,developer_plus_third_party,0,4,-0.45036634803578884,0.9092981224751572,True,0.00016199578810950914,1.099749328941698
4360,com.landl.gzbus::42,1,developer_plus_third_party,1,4,-0.45036634803578884,0.9092981224751572,True,0.00016199578810950914,1.099749328941698
4361,com.landl.gzbus::42,1,developer_plus_third_party,1,4,-0.45036634803578884,0.9092981224751572,True,0.00016199578810950914,1.099749328941698
4362,com.landl.gzbus::42,1,developer_plus_third_party,1,4,-0.45036634803578884,0.9092981224751572,True,0.00016199578810950914,1.099749328941698
4363,com.landl.gzbus::42,1,developer_plus_third_party,1,4,-0.45036634803578884,0.9092981224751572,True,0.00016199578810950914,1.099749328941698
4364,com.landl.gzbus::42,1,developer_plus_third_party,1,4,-0.45036634803578884,0.9092981224751572,True,0.00016199578810950914,1.099749328941698
4365,com.landl.gzbus::42,1,developer_plus_third_party,1,4,-0.45036634803578884,0.9092981224751572,True,0.00016199578810950914,1.099749328941698
4366,com.landl.gzbus::42,1,developer_plus_third_party,1,4,-0.45036634803578884,0.9092981224751572,True,0.00016199578810950914,1.099749328941698
4367,com.landl.gzbus::42,1,developer_plus_third_party,1,4,-0.45036634803578884,0.9092981224751572,True,0.00016199578810950914,1.099749328941698
4368,com.landl.gzbus::42,1,developer_plus_third_party,1,4,-0.45036634803578884,0.9092981224751572,True,0.00016199578810950914,1.099749328941698
4369,com.landl.gzbus::42,1,developer_plus_third_party,1,4,-0.45036634803578884,0.9092981224751572,True,0.00016199578810950914,1.099749328941698
4370,com.landl.gzbus::42,1,developer_plus_third_party,1,4,-0.45036634803578884,0.9092981224751572,True,0.00016199578810950914,1.099749328941698
4371,com.landl.gzbus::42,1,developer_plus_third_party,1,4,-0.45036634803578884,0.9092981224751572,True,0.00016199578810950914,1.099749328941698
4372,com.landl.gzbus::42,1,developer_plus_third_party,1,4,-0.45036634803578884,0.9092981224751572,True,0.00016199578810950914,1.099749328941698
4373,com.landl.gzbus::42,1,developer_plus_third_party,1,4,-0.45036634803578884,0.9092981224751572,True,0.00016199578810950914,1.099749328941698
4374,com.landl.gzbus::42,1,developer_plus_third_party,1,4,-0.45036634803578884,0.9092981224751572,True,0.00016199578810950914,1.099749328941698
4375,com.landl.gzbus::42,1,developer_plus_third_party,1,4,-0.45036634803578884,0.9092981224751572,True,0.00016199578810950914,1.099749328941698
4376,com.landl.gzbus::42,1,developer_plus_third_party,1,4,-0.45036634803578884,0.9092981224751572,True,0.00016199578810950914,1.099749328941698
4377,com.landl.gzbus::42,1,developer_plus_third_party,1,4,-0.45036634803578884,0.9092981224751572,True,0.00016199578810950914,1.099749328941698
4378,com.landl.gzbus::42,1,developer_plus_third_party,1,4,-0.45036634803578884,0.9092981224751572,True,0.00016199578810950914,1.099749328941698
4379,com.landl.gzbus::42,1,developer_plus_third_party,1,4,-0.45036634803578884,0.9092981224751572,True,0.00016199578810950914,1.099749328941698
4380,com.landl.gzbus::42,1,developer_plus_third_party,1,4,-0.45036634803578884,0.9092981224751572,True,0.00016199578810950914,1.099749328941698
4381,com.landl.gzbus::42,1,developer_plus_third_party,1,4,-0.45036634803578884,0.9092981224751572,True,0.00016199578810950914,1.099749328941698
4382,com.learnateso.learn_ateso::40,1,developer_plus_third_party,1,4,0.37201428626809985,0.9164995809050336,True,0.00016199578810950914,1.0911079730254876
4383,com.learnateso.learn_ateso::40,1,developer_plus_third_party,1,4,0.37201428626809985,0.9164995809050336,True,0.00016199578810950914,1.0911079730254876
4384,com.lekseek.aptekarzInterakcje::134,1,developer_plus_third_party,1,4,-0.4039963880984262,0.9097186344272752,True,0.0006479831524380366,1.0992409764471436
4385,com.lekseek.aptekarzInterakcje::134,1,developer_plus_third_party,0,4,-0.4039963880984262,0.9097186344272752,True,0.00016199578810950914,1.0992409764471436
4386,com.lekseek.aptekarzInterakcje::134,1,developer_plus_third_party,1,4,-0.4039963880984262,0.9097186344272752,True,0.00016199578810950914,1.0992409764471436
4387,com.multiestetica.companies::112,1,developer_plus_third_party,0,4,-0.07706286347442527,0.9126339294501131,True,0.00016199578810950914,1.0957295885355998
4388,com.multiestetica.companies::112,1,developer_plus_third_party,1,4,-0.07706286347442527,0.9126339294501131,True,0.00016199578810950914,1.0957295885355998
4389,com.multiestetica.companies::112,1,developer_plus_third_party,0,4,-0.07706286347442527,0.9126339294501131,True,0.00016199578810950914,1.0957295885355998
4390,com.multiestetica.companies::112,1,developer_plus_third_party,1,4,-0.07706286347442527,0.9126339294501131,True,0.00016199578810950914,1.0957295885355998
4391,com.multiestetica.companies::112,1,developer_plus_third_party,0,4,-0.07706286347442527,0.9126339294501131,True,0.00016199578810950914,1.0957295885355998
4392,com.multiestetica.companies::112,1,developer_plus_third_party,0,4,-0.07706286347442527,0.9126339294501131,True,0.00016199578810950914,1.0957295885355998
4393,com.multiestetica.companies::112,1,developer_plus_third_party,1,4,-0.07706286347442527,0.9126339294501131,True,0.00016199578810950914,1.0957295885355998
4394,com.multiestetica.companies::112,1,developer_plus_third_party,0,4,-0.07706286347442527,0.9126339294501131,True,0.00016199578810950914,1.0957295885355998
4395,com.multiestetica.companies::112,1,developer_plus_third_party,1,4,-0.07706286347442527,0.9126339294501131,True,0.00016199578810950914,1.0957295885355998
4396,com.multiestetica.companies::112,1,developer_plus_third_party,0,4,-0.07706286347442527,0.9126339294501131,True,0.00016199578810950914,1.0957295885355998
4397,com.multiestetica.companies::112,1,developer_plus_third_party,0,4,-0.07706286347442527,0.9126339294501131,True,0.00016199578810950914,1.0957295885355998
4398,com.multiestetica.companies::112,1,developer_plus_third_party,0,4,-0.07706286347442527,0.9126339294501131,True,0.00016199578810950914,1.0957295885355998
4399,com.multiestetica.companies::112,1,developer_plus_third_party,0,4,-0.07706286347442527,0.9126339294501131,True,0.00016199578810950914,1.0957295885355998
4400,com.multiestetica.companies::112,1,developer_plus_third_party,1,4,-0.07706286347442527,0.9126339294501131,True,0.00016199578810950914,1.0957295885355998
4401,com.multiestetica.companies::112,1,developer_plus_third_party,0,4,-0.07706286347442527,0.9126339294501131,True,0.00016199578810950914,1.0957295885355998
4402,com.multiestetica.companies::112,1,developer_plus_third_party,1,4,-0.07706286347442527,0.9126339294501131,True,0.00016199578810950914,1.0957295885355998
4403,com.multiestetica.companies::112,1,developer_plus_third_party,0,4,-0.07706286347442527,0.9126339294501131,True,0.00016199578810950914,1.0957295885355998
4404,com.multiestetica.companies::112,1,developer_plus_third_party,0,4,-0.07706286347442527,0.9126339294501131,True,0.00016199578810950914,1.0957295885355998
4405,com.multiestetica.companies::112,1,developer_plus_third_party,1,4,-0.07706286347442527,0.9126339294501131,True,0.00016199578810950914,1.0957295885355998
4406,com.multiestetica.companies::112,1,developer_plus_third_party,0,4,-0.07706286347442527,0.9126339294501131,True,0.00016199578810950914,1.0957295885355998
4407,com.multiestetica.companies::112,1,developer_plus_third_party,1,4,-0.07706286347442527,0.9126339294501131,True,0.0009719747286570548,1.0957295885355998
4408,com.multiestetica.companies::112,1,developer_plus_third_party,0,4,-0.07706286347442527,0.9126339294501131,True,0.00016199578810950914,1.0957295885355998
4409,com.multiestetica.companies::112,1,developer_plus_third_party,0,4,-0.07706286347442527,0.9126339294501131,True,0.00016199578810950914,1.0957295885355998
4410,com.multiestetica.companies::112,1,developer_plus_third_party,1,4,-0.07706286347442527,0.9126339294501131,True,0.00016199578810950914,1.0957295885355998
4411,com.multiestetica.companies::112,1,developer_plus_third_party,0,4,-0.07706286347442527,0.9126339294501131,True,0.00016199578810950914,1.0957295885355998
4412,com.multiestetica.companies::112,1,developer_plus_third_party,1,4,-0.07706286347442527,0.9126339294501131,True,0.00016199578810950914,1.0957295885355998
4413,com.multiestetica.companies::112,1,developer_plus_third_party,0,4,-0.07706286347442527,0.9126339294501131,True,0.00016199578810950914,1.0957295885355998
4414,com.mysalesforce.mycommunity.C00D2p000000UXa9EAG.A0OT2p000000KyjHGAS.app1::111200000,1,developer_plus_third_party,1,4,0.18775322515112947,0.9149326321029714,True,0.00016199578810950914,1.0929766464898092
4415,com.mysalesforce.mycommunity.C00D2p000000UXa9EAG.A0OT2p000000KyjHGAS.app1::111200000,1,developer_plus_third_party,1,4,0.18775322515112947,0.9149326321029714,True,0.00016199578810950914,1.0929766464898092
4416,com.mysalesforce.mycommunity.C00D2p000000UXa9EAG.A0OT2p000000KyjHGAS.app1::111200000,1,developer_plus_third_party,1,4,0.18775322515112947,0.9149326321029714,True,0.00016199578810950914,1.0929766464898092
4417,com.mysalesforce.mycommunity.C00D2p000000UXa9EAG.A0OT2p000000KyjHGAS.app1::111200000,1,developer_plus_third_party,1,4,0.18775322515112947,0.9149326321029714,True,0.00016199578810950914,1.0929766464898092
4418,com.mysalesforce.mycommunity.C00D2p000000UXa9EAG.A0OT2p000000KyjHGAS.app1::111200000,1,developer_plus_third_party,1,4,0.18775322515112947,0.9149326321029714,True,0.00016199578810950914,1.0929766464898092
4419,com.mysalesforce.mycommunity.C00D2p000000UXa9EAG.A0OT2p000000KyjHGAS.app1::111200000,1,developer_plus_third_party,1,4,0.18775322515112947,0.9149326321029714,True,0.00016199578810950914,1.0929766464898092
4420,com.mysalesforce.mycommunity.C00D2p000000UXa9EAG.A0OT2p000000KyjHGAS.app1::111200000,1,developer_plus_third_party,1,4,0.18775322515112947,0.9149326321029714,True,0.00016199578810950914,1.0929766464898092
4421,com.mysalesforce.mycommunity.C00D2p000000UXa9EAG.A0OT2p000000KyjHGAS.app1::111200000,1,developer_plus_third_party,1,4,0.18775322515112947,0.9149326321029714,True,0.00016199578810950914,1.0929766464898092
4422,com.mysalesforce.mycommunity.C00D2p000000UXa9EAG.A0OT2p000000KyjHGAS.app1::111200000,1,developer_plus_third_party,1,4,0.18775322515112947,0.9149326321029714,True,0.00016199578810950914,1.0929766464898092
4423,com.mysalesforce.mycommunity.C00D2p000000UXa9EAG.A0OT2p000000KyjHGAS.app1::111200000,1,developer_plus_third_party,1,4,0.18775322515112947,0.9149326321029714,True,0.00016199578810950914,1.0929766464898092
4424,com.mysalesforce.mycommunity.C00D2p000000UXa9EAG.A0OT2p000000KyjHGAS.app1::111200000,1,developer_plus_third_party,1,4,0.18775322515112947,0.9149326321029714,True,0.00016199578810950914,1.0929766464898092
4425,com.mysalesforce.mycommunity.C00D2p000000UXa9EAG.A0OT2p000000KyjHGAS.app1::111200000,1,developer_plus_third_party,1,4,0.18775322515112947,0.9149326321029714,True,0.00016199578810950914,1.0929766464898092
4426,com.mysalesforce.mycommunity.C00D2p000000UXa9EAG.A0OT2p000000KyjHGAS.app1::111200000,1,developer_plus_third_party,1,4,0.18775322515112947,0.9149326321029714,True,0.00016199578810950914,1.0929766464898092
4427,com.mysalesforce.mycommunity.C00D2p000000UXa9EAG.A0OT2p000000KyjHGAS.app1::111200000,1,developer_plus_third_party,0,4,0.18775322515112947,0.9149326321029714,True,0.00016199578810950914,1.0929766464898092
4428,com.mysalesforce.mycommunity.C00D2p000000UXa9EAG.A0OT2p000000KyjHGAS.app1::111200000,1,developer_plus_third_party,0,4,0.18775322515112947,0.9149326321029714,True,0.00016199578810950914,1.0929766464898092
4429,com.mysalesforce.mycommunity.C00D2p000000UXa9EAG.A0OT2p000000KyjHGAS.app1::111200000,1,developer_plus_third_party,0,4,0.18775322515112947,0.9149326321029714,True,0.00016199578810950914,1.0929766464898092
4430,com.mysalesforce.mycommunity.C00D2p000000UXa9EAG.A0OT2p000000KyjHGAS.app1::111200000,1,developer_plus_third_party,1,4,0.18775322515112947,0.9149326321029714,True,0.00016199578810950914,1.0929766464898092
4431,com.mysalesforce.mycommunity.C00D2p000000UXa9EAG.A0OT2p000000KyjHGAS.app1::111200000,1,developer_plus_third_party,0,4,0.18775322515112947,0.9149326321029714,True,0.00016199578810950914,1.0929766464898092
4432,com.mysalesforce.mycommunity.C00D2p000000UXa9EAG.A0OT2p000000KyjHGAS.app1::111200000,1,developer_plus_third_party,0,4,0.18775322515112947,0.9149326321029714,True,0.00016199578810950914,1.0929766464898092
4433,com.mysalesforce.mycommunity.C00D2p000000UXa9EAG.A0OT2p000000KyjHGAS.app1::111200000,1,developer_plus_third_party,1,4,0.18775322515112947,0.9149326321029714,True,0.00016199578810950914,1.0929766464898092
4434,com.mysalesforce.mycommunity.C00D2p000000UXa9EAG.A0OT2p000000KyjHGAS.app1::111200000,1,developer_plus_third_party,1,4,0.18775322515112947,0.9149326321029714,True,0.00016199578810950914,1.0929766464898092
4435,com.mysalesforce.mycommunity.C00D2p000000UXa9EAG.A0OT2p000000KyjHGAS.app1::111200000,1,developer_plus_third_party,0,4,0.18775322515112947,0.9149326321029714,True,0.00016199578810950914,1.0929766464898092
4436,com.mysalesforce.mycommunity.C00D2p000000UXa9EAG.A0OT2p000000KyjHGAS.app1::111200000,1,developer_plus_third_party,1,4,0.18775322515112947,0.9149326321029714,True,0.00016199578810950914,1.0929766464898092
4437,com.mysalesforce.mycommunity.C00D2p000000UXa9EAG.A0OT2p000000KyjHGAS.app1::111200000,1,developer_plus_third_party,0,4,0.18775322515112947,0.9149326321029714,True,0.00016199578810950914,1.0929766464898092
4438,com.mysalesforce.mycommunity.C00D2p000000UXa9EAG.A0OT2p000000KyjHGAS.app1::111200000,1,developer_plus_third_party,1,4,0.18775322515112947,0.9149326321029714,True,0.00016199578810950914,1.0929766464898092
4439,com.mysalesforce.mycommunity.C00D2p000000UXa9EAG.A0OT2p000000KyjHGAS.app1::111200000,1,developer_plus_third_party,0,4,0.18775322515112947,0.9149326321029714,True,0.00016199578810950914,1.0929766464898092
4440,com.mysalesforce.mycommunity.C00D2p000000UXa9EAG.A0OT2p000000KyjHGAS.app1::111200000,1,developer_plus_third_party,1,4,0.18775322515112947,0.9149326321029714,True,0.00016199578810950914,1.0929766464898092
4441,com.mysalesforce.mycommunity.C00D2p000000UXa9EAG.A0OT2p000000KyjHGAS.app1::111200000,1,developer_plus_third_party,0,4,0.18775322515112947,0.9149326321029714,True,0.00016199578810950914,1.0929766464898092
4442,com.mysalesforce.mycommunity.C00D2p000000UXa9EAG.A0OT2p000000KyjHGAS.app1::111200000,1,developer_plus_third_party,0,4,0.18775322515112947,0.9149326321029714,True,0.00016199578810950914,1.0929766464898092
4443,com.mysalesforce.mycommunity.C00D2p000000UXa9EAG.A0OT2p000000KyjHGAS.app1::111200000,1,developer_plus_third_party,0,4,0.18775322515112947,0.9149326321029714,True,0.00016199578810950914,1.0929766464898092
4444,com.mysalesforce.mycommunity.C00D2p000000UXa9EAG.A0OT2p000000KyjHGAS.app1::111200000,1,developer_plus_third_party,0,4,0.18775322515112947,0.9149326321029714,True,0.00016199578810950914,1.0929766464898092
4445,com.mysalesforce.mycommunity.C00D2p000000UXa9EAG.A0OT2p000000KyjHGAS.app1::111200000,1,developer_plus_third_party,0,4,0.18775322515112947,0.9149326321029714,True,0.00016199578810950914,1.0929766464898092
4446,com.mysalesforce.mycommunity.C00D2p000000UXa9EAG.A0OT2p000000KyjHGAS.app1::111200000,1,developer_plus_third_party,0,4,0.18775322515112947,0.9149326321029714,True,0.00016199578810950914,1.0929766464898092
4447,com.mysalesforce.mycommunity.C00D2p000000UXa9EAG.A0OT2p000000KyjHGAS.app1::111200000,1,developer_plus_third_party,1,4,0.18775322515112947,0.9149326321029714,True,0.00016199578810950914,1.0929766464898092
4448,com.mysalesforce.mycommunity.C00D2p000000UXa9EAG.A0OT2p000000KyjHGAS.app1::111200000,1,developer_plus_third_party,0,4,0.18775322515112947,0.9149326321029714,True,0.00016199578810950914,1.0929766464898092
4449,com.mysalesforce.mycommunity.C00D2p000000UXa9EAG.A0OT2p000000KyjHGAS.app1::111200000,1,developer_plus_third_party,1,4,0.18775322515112947,0.9149326321029714,True,0.00016199578810950914,1.0929766464898092
4450,com.mysalesforce.mycommunity.C00D2p000000UXa9EAG.A0OT2p000000KyjHGAS.app1::111200000,1,developer_plus_third_party,0,4,0.18775322515112947,0.9149326321029714,True,0.00016199578810950914,1.0929766464898092
4451,com.mysalesforce.mycommunity.C00D2p000000UXa9EAG.A0OT2p000000KyjHGAS.app1::111200000,1,developer_plus_third_party,1,4,0.18775322515112947,0.9149326321029714,True,0.00016199578810950914,1.0929766464898092
4452,com.mysalesforce.mycommunity.C00D2p000000UXa9EAG.A0OT2p000000KyjHGAS.app1::111200000,1,developer_plus_third_party,0,4,0.18775322515112947,0.9149326321029714,True,0.00016199578810950914,1.0929766464898092
4453,com.mysalesforce.mycommunity.C00D2p000000UXa9EAG.A0OT2p000000KyjHGAS.app1::111200000,1,developer_plus_third_party,0,4,0.18775322515112947,0.9149326321029714,True,0.00016199578810950914,1.0929766464898092
4454,com.mysalesforce.mycommunity.C00D2p000000UXa9EAG.A0OT2p000000KyjHGAS.app1::111200000,1,developer_plus_third_party,0,4,0.18775322515112947,0.9149326321029714,True,0.00016199578810950914,1.0929766464898092
4455,com.online.quiz::10,1,developer_plus_third_party,1,4,-0.44248893226611374,0.9093696839546671,True,0.00016199578810950914,1.0996627858223729
4456,com.online.quiz::10,1,developer_plus_third_party,1,4,-0.44248893226611374,0.9093696839546671,True,0.00016199578810950914,1.0996627858223729
4457,com.online.quiz::10,1,developer_plus_third_party,1,4,-0.44248893226611374,0.9093696839546671,True,0.00016199578810950914,1.0996627858223729
4458,com.online.quiz::10,1,developer_plus_third_party,1,4,-0.44248893226611374,0.9093696839546671,True,0.00016199578810950914,1.0996627858223729
4459,com.online.quiz::10,1,developer_plus_third_party,1,4,-0.44248893226611374,0.9093696839546671,True,0.00016199578810950914,1.0996627858223729
4460,com.online.quiz::10,1,developer_plus_third_party,1,4,-0.44248893226611374,0.9093696839546671,True,0.00016199578810950914,1.0996627858223729
4461,com.pragma.scientistsinventionsanddiscoveries::5,1,developer_plus_third_party,1,4,-0.41351371377675655,0.9096324688103151,True,0.0006479831524380366,1.099345102872014
4462,com.pragma.scientistsinventionsanddiscoveries::5,1,developer_plus_third_party,1,4,-0.41351371377675655,0.9096324688103151,True,0.00016199578810950914,1.099345102872014
4463,com.pragma.scientistsinventionsanddiscoveries::5,1,developer_plus_third_party,1,4,-0.41351371377675655,0.9096324688103151,True,0.00016199578810950914,1.099345102872014
4464,com.pragma.scientistsinventionsanddiscoveries::5,1,developer_plus_third_party,0,4,-0.41351371377675655,0.9096324688103151,True,0.00016199578810950914,1.099345102872014
4465,com.pragma.scientistsinventionsanddiscoveries::5,1,developer_plus_third_party,1,4,-0.41351371377675655,0.9096324688103151,True,0.00016199578810950914,1.099345102872014
4466,com.pragma.scientistsinventionsanddiscoveries::5,1,developer_plus_third_party,1,4,-0.41351371377675655,0.9096324688103151,True,0.00016199578810950914,1.099345102872014
4467,com.pragma.scientistsinventionsanddiscoveries::5,1,developer_plus_third_party,1,4,-0.41351371377675655,0.9096324688103151,True,0.00016199578810950914,1.099345102872014
4468,com.pragma.scientistsinventionsanddiscoveries::5,1,developer_plus_third_party,1,4,-0.41351371377675655,0.9096324688103151,True,0.00016199578810950914,1.099345102872014
4469,com.pragma.scientistsinventionsanddiscoveries::5,1,developer_plus_third_party,1,4,-0.41351371377675655,0.9096324688103151,True,0.00016199578810950914,1.099345102872014
4470,com.pragma.scientistsinventionsanddiscoveries::5,1,developer_plus_third_party,0,4,-0.41351371377675655,0.9096324688103151,True,0.00016199578810950914,1.099345102872014
4471,com.pragma.scientistsinventionsanddiscoveries::5,1,developer_plus_third_party,0,4,-0.41351371377675655,0.9096324688103151,True,0.00016199578810950914,1.099345102872014
4472,com.pragma.scientistsinventionsanddiscoveries::5,1,developer_plus_third_party,0,4,-0.41351371377675655,0.9096324688103151,True,0.00016199578810950914,1.099345102872014
4473,com.pragma.scientistsinventionsanddiscoveries::5,1,developer_plus_third_party,0,4,-0.41351371377675655,0.9096324688103151,True,0.00016199578810950914,1.099345102872014
4474,com.pragma.scientistsinventionsanddiscoveries::5,1,developer_plus_third_party,0,4,-0.41351371377675655,0.9096324688103151,True,0.00016199578810950914,1.099345102872014
4475,com.pragma.scientistsinventionsanddiscoveries::5,1,developer_plus_third_party,0,4,-0.41351371377675655,0.9096324688103151,True,0.00016199578810950914,1.099345102872014
4476,com.pragma.scientistsinventionsanddiscoveries::5,1,developer_plus_third_party,0,4,-0.41351371377675655,0.9096324688103151,True,0.00016199578810950914,1.099345102872014
4477,com.pragma.scientistsinventionsanddiscoveries::5,1,developer_plus_third_party,0,4,-0.41351371377675655,0.9096324688103151,True,0.00016199578810950914,1.099345102872014
4478,com.pragma.scientistsinventionsanddiscoveries::5,1,developer_plus_third_party,0,4,-0.41351371377675655,0.9096324688103151,True,0.00016199578810950914,1.099345102872014
4479,com.pragma.scientistsinventionsanddiscoveries::5,1,developer_plus_third_party,0,4,-0.41351371377675655,0.9096324688103151,True,0.00016199578810950914,1.099345102872014
4480,com.pragma.scientistsinventionsanddiscoveries::5,1,developer_plus_third_party,0,4,-0.41351371377675655,0.9096324688103151,True,0.00016199578810950914,1.099345102872014
4481,com.pragma.scientistsinventionsanddiscoveries::5,1,developer_plus_third_party,0,4,-0.41351371377675655,0.9096324688103151,True,0.00016199578810950914,1.099345102872014
4482,com.pragma.scientistsinventionsanddiscoveries::5,1,developer_plus_third_party,0,4,-0.41351371377675655,0.9096324688103151,True,0.00016199578810950914,1.099345102872014
4483,com.pragma.scientistsinventionsanddiscoveries::5,1,developer_plus_third_party,0,4,-0.41351371377675655,0.9096324688103151,True,0.00016199578810950914,1.099345102872014
4484,com.pragma.scientistsinventionsanddiscoveries::5,1,developer_plus_third_party,0,4,-0.41351371377675655,0.9096324688103151,True,0.00016199578810950914,1.099345102872014
4485,com.virenter.books.aaaav::10,1,developer_plus_third_party,1,4,-0.37004524885240975,0.9100254102768579,True,0.00016199578810950914,1.0988704147236603
4486,com.virenter.books.aaaav::10,1,developer_plus_third_party,1,4,-0.37004524885240975,0.9100254102768579,True,0.00016199578810950914,1.0988704147236603
4487,com.virenter.books.aaaav::10,1,developer_plus_third_party,1,4,-0.37004524885240975,0.9100254102768579,True,0.00016199578810950914,1.0988704147236603
4488,com.virenter.books.aaaav::10,1,developer_plus_third_party,0,4,-0.37004524885240975,0.9100254102768579,True,0.00016199578810950914,1.0988704147236603
4489,com.virenter.books.aaaav::10,1,developer_plus_third_party,0,4,-0.37004524885240975,0.9100254102768579,True,0.00016199578810950914,1.0988704147236603
4490,com.virenter.books.aaaav::10,1,developer_plus_third_party,0,4,-0.37004524885240975,0.9100254102768579,True,0.00016199578810950914,1.0988704147236603
4491,com.virenter.books.aaaav::10,1,developer_plus_third_party,0,4,-0.37004524885240975,0.9100254102768579,True,0.00016199578810950914,1.0988704147236603
4492,com.virenter.books.aaaav::10,1,developer_plus_third_party,0,4,-0.37004524885240975,0.9100254102768579,True,0.00016199578810950914,1.0988704147236603
4493,com.virenter.books.aaaav::10,1,developer_plus_third_party,0,4,-0.37004524885240975,0.9100254102768579,True,0.00016199578810950914,1.0988704147236603
4494,com.virenter.books.aaaav::10,1,developer_plus_third_party,0,4,-0.37004524885240975,0.9100254102768579,True,0.00016199578810950914,1.0988704147236603
4495,com.virenter.books.aaaav::10,1,developer_plus_third_party,1,4,-0.37004524885240975,0.9100254102768579,True,0.00016199578810950914,1.0988704147236603
4496,com.virenter.books.aaaav::10,1,developer_plus_third_party,1,4,-0.37004524885240975,0.9100254102768579,True,0.00016199578810950914,1.0988704147236603
4497,countries.of.the.world::4,1,developer_plus_third_party,0,4,-0.49923717058385075,0.9088530234109056,True,0.00016199578810950914,1.1002879170132722
4498,countries.of.the.world::4,1,developer_plus_third_party,0,4,-0.49923717058385075,0.9088530234109056,True,0.00016199578810950914,1.1002879170132722
4499,countries.of.the.world::4,1,developer_plus_third_party,0,4,-0.49923717058385075,0.9088530234109056,True,0.00016199578810950914,1.1002879170132722
4500,countries.of.the.world::4,1,developer_plus_third_party,1,4,-0.49923717058385075,0.9088530234109056,True,0.00016199578810950914,1.1002879170132722
4501,countries.of.the.world::4,1,developer_plus_third_party,0,4,-0.49923717058385075,0.9088530234109056,True,0.00016199578810950914,1.1002879170132722
4502,de.nitri.bigfive::32,1,developer_plus_third_party,1,4,-0.371439473728794,0.9100128308504748,True,0.00016199578810950914,1.098885604794633
4503,de.nitri.bigfive::32,1,developer_plus_third_party,1,4,-0.371439473728794,0.9100128308504748,True,0.00016199578810950914,1.098885604794633
4504,de.nitri.bigfive::32,1,developer_plus_third_party,1,4,-0.371439473728794,0.9100128308504748,True,0.00016199578810950914,1.098885604794633
4505,de.nitri.bigfive::32,1,developer_plus_third_party,1,4,-0.371439473728794,0.9100128308504748,True,0.00016199578810950914,1.098885604794633
4506,de.nitri.bigfive::32,1,developer_plus_third_party,1,4,-0.371439473728794,0.9100128308504748,True,0.00016199578810950914,1.098885604794633
4507,de.nitri.bigfive::32,1,developer_plus_third_party,1,4,-0.371439473728794,0.9100128308504748,True,0.00016199578810950914,1.098885604794633
4508,in.co.mfonline::33,1,developer_plus_third_party,1,4,-0.11257740359696151,0.9123214120901522,True,0.00016199578810950914,1.0961049327001697
4509,in.co.mfonline::33,1,developer_plus_third_party,1,4,-0.11257740359696151,0.9123214120901522,True,0.00016199578810950914,1.0961049327001697
4510,in.co.mfonline::33,1,developer_plus_third_party,1,4,-0.11257740359696151,0.9123214120901522,True,0.00016199578810950914,1.0961049327001697
4511,in.co.mfonline::33,1,developer_plus_third_party,0,4,-0.11257740359696151,0.9123214120901522,True,0.00016199578810950914,1.0961049327001697
4512,in.co.mfonline::33,1,developer_plus_third_party,0,4,-0.11257740359696151,0.9123214120901522,True,0.00016199578810950914,1.0961049327001697
4513,in.co.mfonline::33,1,developer_plus_third_party,1,4,-0.11257740359696151,0.9123214120901522,True,0.00016199578810950914,1.0961049327001697
4514,in.myinnos.batteryinfopro::50,1,developer_plus_third_party,1,4,-0.2287957086451649,0.9112916511469464,True,0.00016199578810950914,1.0973435329308743
4515,in.myinnos.batteryinfopro::50,1,developer_plus_third_party,1,4,-0.2287957086451649,0.9112916511469464,True,0.00016199578810950914,1.0973435329308743
4516,in.myinnos.batteryinfopro::50,1,developer_plus_third_party,1,4,-0.2287957086451649,0.9112916511469464,True,0.00016199578810950914,1.0973435329308743
4517,in.myinnos.batteryinfopro::50,1,developer_plus_third_party,0,4,-0.2287957086451649,0.9112916511469464,True,0.00016199578810950914,1.0973435329308743
4518,in.myinnos.batteryinfopro::50,1,developer_plus_third_party,0,4,-0.2287957086451649,0.9112916511469464,True,0.00016199578810950914,1.0973435329308743
4519,in.myinnos.batteryinfopro::50,1,developer_plus_third_party,0,4,-0.2287957086451649,0.9112916511469464,True,0.00016199578810950914,1.0973435329308743
4520,in.myinnos.batteryinfopro::50,1,developer_plus_third_party,0,4,-0.2287957086451649,0.9112916511469464,True,0.00016199578810950914,1.0973435329308743
4521,mobi.coolapps.traffic.us.oregon::223,1,developer_plus_third_party,1,4,0.05634965580280614,0.9137989379540404,True,0.00016199578810950914,1.09433263540332
4522,mobi.coolapps.traffic.us.oregon::223,1,developer_plus_third_party,1,4,0.05634965580280614,0.9137989379540404,True,0.00016199578810950914,1.09433263540332
4523,mobi.coolapps.traffic.us.oregon::223,1,developer_plus_third_party,1,4,0.05634965580280614,0.9137989379540404,True,0.00016199578810950914,1.09433263540332
4524,mobi.coolapps.traffic.us.oregon::223,1,developer_plus_third_party,1,4,0.05634965580280614,0.9137989379540404,True,0.00016199578810950914,1.09433263540332
4525,mobi.coolapps.traffic.us.oregon::223,1,developer_plus_third_party,1,4,0.05634965580280614,0.9137989379540404,True,0.00016199578810950914,1.09433263540332
4526,play.musicplayer.musicapps.music.mp3player::2,1,developer_plus_third_party,1,4,-0.20822810326874439,0.9114746835901779,True,0.00016199578810950914,1.0971231763246925
4527,play.musicplayer.musicapps.music.mp3player::2,1,developer_plus_third_party,1,4,-0.20822810326874439,0.9114746835901779,True,0.00016199578810950914,1.0971231763246925
4528,play.musicplayer.musicapps.music.mp3player::2,1,developer_plus_third_party,1,4,-0.20822810326874439,0.9114746835901779,True,0.00016199578810950914,1.0971231763246925
4529,so.ateya.ahmed.Akedah_Wastyah_Lib_BT::7,1,developer_plus_third_party,1,4,0.3402892041414719,0.9162316743946929,True,0.00016199578810950914,1.0914270134359287
4530,so.ateya.ahmed.Akedah_Wastyah_Lib_BT::7,1,developer_plus_third_party,1,4,0.3402892041414719,0.9162316743946929,True,0.00016199578810950914,1.0914270134359287
4531,all.language.translator.hub.malayalamtosamoantranslator::1,1,developer_plus_third_party,1,0,0.018549852989914493,0.8992914769082164,True,0.00016199578810950914,1.1119865201414136
4532,all.language.translator.hub.malayalamtosamoantranslator::1,1,developer_plus_third_party,1,0,0.018549852989914493,0.8992914769082164,True,0.00016199578810950914,1.1119865201414136
4533,all.language.translator.hub.malayalamtosamoantranslator::1,1,developer_plus_third_party,1,0,0.018549852989914493,0.8992914769082164,True,0.00016199578810950914,1.1119865201414136
4534,all.language.translator.hub.malayalamtosamoantranslator::1,1,developer_plus_third_party,1,0,0.018549852989914493,0.8992914769082164,True,0.00016199578810950914,1.1119865201414136
4535,aplus.strafrecht::37,1,developer_plus_third_party,1,0,-0.6809871799439983,0.8920926911421754,False,0.00016199578810950914,1.1209597499556547
4536,co.massmobileapps.porkmafia::3,1,developer_plus_third_party,1,0,0.2972217333642746,0.9020384922654252,True,0.00016199578810950914,1.1086001413183038
4537,co.massmobileapps.porkmafia::3,1,developer_plus_third_party,1,0,0.2972217333642746,0.9020384922654252,True,0.00016199578810950914,1.1086001413183038
4538,co.massmobileapps.porkmafia::3,1,developer_plus_third_party,0,0,0.2972217333642746,0.9020384922654252,True,0.00016199578810950914,1.1086001413183038
4539,co.massmobileapps.porkmafia::3,1,developer_plus_third_party,0,0,0.2972217333642746,0.9020384922654252,True,0.00016199578810950914,1.1086001413183038
4540,co.massmobileapps.porkmafia::3,1,developer_plus_third_party,0,0,0.2972217333642746,0.9020384922654252,True,0.00016199578810950914,1.1086001413183038
4541,co.massmobileapps.porkmafia::3,1,developer_plus_third_party,0,0,0.2972217333642746,0.9020384922654252,True,0.00016199578810950914,1.1086001413183038
4542,co.massmobileapps.porkmafia::3,1,developer_plus_third_party,0,0,0.2972217333642746,0.9020384922654252,True,0.00016199578810950914,1.1086001413183038
4543,co.massmobileapps.porkmafia::3,1,developer_plus_third_party,0,0,0.2972217333642746,0.9020384922654252,True,0.00016199578810950914,1.1086001413183038
4544,co.massmobileapps.porkmafia::3,1,developer_plus_third_party,1,0,0.2972217333642746,0.9020384922654252,True,0.00016199578810950914,1.1086001413183038
4545,co.massmobileapps.porkmafia::3,1,developer_plus_third_party,0,0,0.2972217333642746,0.9020384922654252,True,0.00016199578810950914,1.1086001413183038
4546,co.massmobileapps.porkmafia::3,1,developer_plus_third_party,0,0,0.2972217333642746,0.9020384922654252,True,0.00016199578810950914,1.1086001413183038
4547,co.massmobileapps.porkmafia::3,1,developer_plus_third_party,1,0,0.2972217333642746,0.9020384922654252,True,0.00016199578810950914,1.1086001413183038
4548,co.massmobileapps.porkmafia::3,1,developer_plus_third_party,0,0,0.2972217333642746,0.9020384922654252,True,0.00016199578810950914,1.1086001413183038
4549,co.massmobileapps.porkmafia::3,1,developer_plus_third_party,0,0,0.2972217333642746,0.9020384922654252,True,0.00016199578810950914,1.1086001413183038
4550,co.massmobileapps.porkmafia::3,1,developer_plus_third_party,1,0,0.2972217333642746,0.9020384922654252,True,0.00016199578810950914,1.1086001413183038
4551,co.massmobileapps.porkmafia::3,1,developer_plus_third_party,0,0,0.2972217333642746,0.9020384922654252,True,0.00016199578810950914,1.1086001413183038
4552,co.massmobileapps.porkmafia::3,1,developer_plus_third_party,0,0,0.2972217333642746,0.9020384922654252,True,0.00016199578810950914,1.1086001413183038
4553,co.massmobileapps.porkmafia::3,1,developer_plus_third_party,0,0,0.2972217333642746,0.9020384922654252,True,0.00016199578810950914,1.1086001413183038
4554,co.massmobileapps.porkmafia::3,1,developer_plus_third_party,0,0,0.2972217333642746,0.9020384922654252,True,0.00016199578810950914,1.1086001413183038
4555,co.massmobileapps.porkmafia::3,1,developer_plus_third_party,1,0,0.2972217333642746,0.9020384922654252,True,0.00016199578810950914,1.1086001413183038
4556,co.massmobileapps.porkmafia::3,1,developer_plus_third_party,1,0,0.2972217333642746,0.9020384922654252,True,0.00016199578810950914,1.1086001413183038
4557,co.massmobileapps.porkmafia::3,1,developer_plus_third_party,1,0,0.2972217333642746,0.9020384922654252,True,0.00016199578810950914,1.1086001413183038
4558,co.massmobileapps.porkmafia::3,1,developer_plus_third_party,0,0,0.2972217333642746,0.9020384922654252,True,0.00016199578810950914,1.1086001413183038
4559,co.massmobileapps.porkmafia::3,1,developer_plus_third_party,0,0,0.2972217333642746,0.9020384922654252,True,0.00016199578810950914,1.1086001413183038
4560,co.massmobileapps.porkmafia::3,1,developer_plus_third_party,1,0,0.2972217333642746,0.9020384922654252,True,0.00016199578810950914,1.1086001413183038
4561,co.massmobileapps.porkmafia::3,1,developer_plus_third_party,0,0,0.2972217333642746,0.9020384922654252,True,0.00016199578810950914,1.1086001413183038
4562,co.massmobileapps.porkmafia::3,1,developer_plus_third_party,0,0,0.2972217333642746,0.9020384922654252,True,0.00016199578810950914,1.1086001413183038
4563,co.massmobileapps.porkmafia::3,1,developer_plus_third_party,1,0,0.2972217333642746,0.9020384922654252,True,0.00016199578810950914,1.1086001413183038
4564,co.massmobileapps.porkmafia::3,1,developer_plus_third_party,0,0,0.2972217333642746,0.9020384922654252,True,0.00016199578810950914,1.1086001413183038
4565,co.massmobileapps.porkmafia::3,1,developer_plus_third_party,1,0,0.2972217333642746,0.9020384922654252,True,0.00016199578810950914,1.1086001413183038
4566,co.massmobileapps.porkmafia::3,1,developer_plus_third_party,0,0,0.2972217333642746,0.9020384922654252,True,0.00016199578810950914,1.1086001413183038
4567,co.massmobileapps.porkmafia::3,1,developer_plus_third_party,0,0,0.2972217333642746,0.9020384922654252,True,0.00016199578810950914,1.1086001413183038
4568,co.massmobileapps.porkmafia::3,1,developer_plus_third_party,1,0,0.2972217333642746,0.9020384922654252,True,0.00016199578810950914,1.1086001413183038
4569,co.massmobileapps.porkmafia::3,1,developer_plus_third_party,0,0,0.2972217333642746,0.9020384922654252,True,0.00016199578810950914,1.1086001413183038
4570,co.massmobileapps.porkmafia::3,1,developer_plus_third_party,1,0,0.2972217333642746,0.9020384922654252,True,0.00016199578810950914,1.1086001413183038
4571,co.massmobileapps.porkmafia::3,1,developer_plus_third_party,0,0,0.2972217333642746,0.9020384922654252,True,0.00016199578810950914,1.1086001413183038
4572,com.app.radioelsalvador::2,1,developer_plus_third_party,1,0,-0.5189269418326969,0.8937996497462218,True,0.00016199578810950914,1.1188189660668717
4573,com.app.radioelsalvador::2,1,developer_plus_third_party,1,0,-0.5189269418326969,0.8937996497462218,True,0.00016199578810950914,1.1188189660668717
4574,com.app.soivyfi::135,1,developer_plus_third_party,0,0,0.8587491936858405,0.9073715055794226,True,0.00016199578810950914,1.102084420605017
4575,com.app.soivyfi::135,1,developer_plus_third_party,0,0,0.8587491936858405,0.9073715055794226,True,0.00016199578810950914,1.102084420605017
4576,com.app.soivyfi::135,1,developer_plus_third_party,1,0,0.8587491936858405,0.9073715055794226,True,0.00016199578810950914,1.102084420605017
4577,com.app.soivyfi::135,1,developer_plus_third_party,1,0,0.8587491936858405,0.9073715055794226,True,0.00016199578810950914,1.102084420605017
4578,com.app.soivyfi::135,1,developer_plus_third_party,0,0,0.8587491936858405,0.9073715055794226,True,0.00016199578810950914,1.102084420605017
4579,com.app.soivyfi::135,1,developer_plus_third_party,1,0,0.8587491936858405,0.9073715055794226,True,0.00016199578810950914,1.102084420605017
4580,com.app.soivyfi::135,1,developer_plus_third_party,0,0,0.8587491936858405,0.9073715055794226,True,0.00016199578810950914,1.102084420605017
4581,com.app.soivyfi::135,1,developer_plus_third_party,1,0,0.8587491936858405,0.9073715055794226,True,0.00016199578810950914,1.102084420605017
4582,com.app.soivyfi::135,1,developer_plus_third_party,1,0,0.8587491936858405,0.9073715055794226,True,0.00016199578810950914,1.102084420605017
4583,com.app.soivyfi::135,1,developer_plus_third_party,1,0,0.8587491936858405,0.9073715055794226,True,0.00016199578810950914,1.102084420605017
4584,com.app.soivyfi::135,1,developer_plus_third_party,0,0,0.8587491936858405,0.9073715055794226,True,0.00016199578810950914,1.102084420605017
4585,com.app.soivyfi::135,1,developer_plus_third_party,1,0,0.8587491936858405,0.9073715055794226,True,0.00016199578810950914,1.102084420605017
4586,com.app.soivyfi::135,1,developer_plus_third_party,1,0,0.8587491936858405,0.9073715055794226,True,0.00016199578810950914,1.102084420605017
4587,com.app.soivyfi::135,1,developer_plus_third_party,0,0,0.8587491936858405,0.9073715055794226,True,0.00016199578810950914,1.102084420605017
4588,com.app.soivyfi::135,1,developer_plus_third_party,1,0,0.8587491936858405,0.9073715055794226,True,0.00016199578810950914,1.102084420605017
4589,com.app.soivyfi::135,1,developer_plus_third_party,0,0,0.8587491936858405,0.9073715055794226,True,0.00016199578810950914,1.102084420605017
4590,com.app.soivyfi::135,1,developer_plus_third_party,1,0,0.8587491936858405,0.9073715055794226,True,0.00016199578810950914,1.102084420605017
4591,com.app.soivyfi::135,1,developer_plus_third_party,1,0,0.8587491936858405,0.9073715055794226,True,0.00016199578810950914,1.102084420605017
4592,com.app.soivyfi::135,1,developer_plus_third_party,1,0,0.8587491936858405,0.9073715055794226,True,0.00016199578810950914,1.102084420605017
4593,com.app.soivyfi::135,1,developer_plus_third_party,0,0,0.8587491936858405,0.9073715055794226,True,0.00016199578810950914,1.102084420605017
4594,com.app.soivyfi::135,1,developer_plus_third_party,1,0,0.8587491936858405,0.9073715055794226,True,0.00016199578810950914,1.102084420605017
4595,com.app.soivyfi::135,1,developer_plus_third_party,0,0,0.8587491936858405,0.9073715055794226,True,0.00016199578810950914,1.102084420605017
4596,com.chownow.communitylanes::139,1,developer_plus_third_party,1,0,0.19454781805464844,0.901034239361756,True,0.005831848371942324,1.1098357379940922
4597,com.chownow.communitylanes::139,1,developer_plus_third_party,1,0,0.19454781805464844,0.901034239361756,True,0.00016199578810950914,1.1098357379940922
4598,com.chownow.communitylanes::139,1,developer_plus_third_party,1,0,0.19454781805464844,0.901034239361756,True,0.00016199578810950914,1.1098357379940922
4599,com.chownow.communitylanes::139,1,developer_plus_third_party,0,0,0.19454781805464844,0.901034239361756,True,0.00016199578810950914,1.1098357379940922
4600,com.chownow.communitylanes::139,1,developer_plus_third_party,1,0,0.19454781805464844,0.901034239361756,True,0.00016199578810950914,1.1098357379940922
4601,com.chownow.communitylanes::139,1,developer_plus_third_party,1,0,0.19454781805464844,0.901034239361756,True,0.00016199578810950914,1.1098357379940922
4602,com.chownow.communitylanes::139,1,developer_plus_third_party,1,0,0.19454781805464844,0.901034239361756,True,0.00016199578810950914,1.1098357379940922
4603,com.chownow.communitylanes::139,1,developer_plus_third_party,0,0,0.19454781805464844,0.901034239361756,True,0.00016199578810950914,1.1098357379940922
4604,com.chownow.communitylanes::139,1,developer_plus_third_party,1,0,0.19454781805464844,0.901034239361756,True,0.00016199578810950914,1.1098357379940922
4605,com.chownow.communitylanes::139,1,developer_plus_third_party,1,0,0.19454781805464844,0.901034239361756,True,0.00016199578810950914,1.1098357379940922
4606,com.chownow.communitylanes::139,1,developer_plus_third_party,0,0,0.19454781805464844,0.901034239361756,True,0.00016199578810950914,1.1098357379940922
4607,com.chownow.communitylanes::139,1,developer_plus_third_party,1,0,0.19454781805464844,0.901034239361756,True,0.00016199578810950914,1.1098357379940922
4608,com.chownow.communitylanes::139,1,developer_plus_third_party,0,0,0.19454781805464844,0.901034239361756,True,0.00016199578810950914,1.1098357379940922
4609,com.chownow.communitylanes::139,1,developer_plus_third_party,0,0,0.19454781805464844,0.901034239361756,True,0.00016199578810950914,1.1098357379940922
4610,com.chownow.communitylanes::139,1,developer_plus_third_party,0,0,0.19454781805464844,0.901034239361756,True,0.00016199578810950914,1.1098357379940922
4611,com.chownow.communitylanes::139,1,developer_plus_third_party,0,0,0.19454781805464844,0.901034239361756,True,0.00016199578810950914,1.1098357379940922
4612,com.chownow.communitylanes::139,1,developer_plus_third_party,1,0,0.19454781805464844,0.901034239361756,True,0.00016199578810950914,1.1098357379940922
4613,com.chownow.communitylanes::139,1,developer_plus_third_party,0,0,0.19454781805464844,0.901034239361756,True,0.00016199578810950914,1.1098357379940922
4614,com.chownow.communitylanes::139,1,developer_plus_third_party,0,0,0.19454781805464844,0.901034239361756,True,0.00016199578810950914,1.1098357379940922
4615,com.chownow.communitylanes::139,1,developer_plus_third_party,0,0,0.19454781805464844,0.901034239361756,True,0.00016199578810950914,1.1098357379940922
4616,com.chownow.communitylanes::139,1,developer_plus_third_party,0,0,0.19454781805464844,0.901034239361756,True,0.00016199578810950914,1.1098357379940922
4617,com.chownow.communitylanes::139,1,developer_plus_third_party,0,0,0.19454781805464844,0.901034239361756,True,0.00016199578810950914,1.1098357379940922
4618,com.chownow.communitylanes::139,1,developer_plus_third_party,0,0,0.19454781805464844,0.901034239361756,True,0.00016199578810950914,1.1098357379940922
4619,com.chownow.communitylanes::139,1,developer_plus_third_party,0,0,0.19454781805464844,0.901034239361756,True,0.00016199578810950914,1.1098357379940922
4620,com.chownow.communitylanes::139,1,developer_plus_third_party,0,0,0.19454781805464844,0.901034239361756,True,0.00016199578810950914,1.1098357379940922
4621,com.chownow.communitylanes::139,1,developer_plus_third_party,0,0,0.19454781805464844,0.901034239361756,True,0.00016199578810950914,1.1098357379940922
4622,com.chownow.communitylanes::139,1,developer_plus_third_party,0,0,0.19454781805464844,0.901034239361756,True,0.00016199578810950914,1.1098357379940922
4623,com.chownow.communitylanes::139,1,developer_plus_third_party,1,0,0.19454781805464844,0.901034239361756,True,0.00016199578810950914,1.1098357379940922
4624,com.chownow.communitylanes::139,1,developer_plus_third_party,1,0,0.19454781805464844,0.901034239361756,True,0.00016199578810950914,1.1098357379940922
4625,com.chownow.communitylanes::139,1,developer_plus_third_party,1,0,0.19454781805464844,0.901034239361756,True,0.00016199578810950914,1.1098357379940922
4626,com.chownow.communitylanes::139,1,developer_plus_third_party,0,0,0.19454781805464844,0.901034239361756,True,0.00016199578810950914,1.1098357379940922
4627,com.chownow.communitylanes::139,1,developer_plus_third_party,0,0,0.19454781805464844,0.901034239361756,True,0.00016199578810950914,1.1098357379940922
4628,com.chownow.communitylanes::139,1,developer_plus_third_party,0,0,0.19454781805464844,0.901034239361756,True,0.00016199578810950914,1.1098357379940922
4629,com.chownow.communitylanes::139,1,developer_plus_third_party,0,0,0.19454781805464844,0.901034239361756,True,0.00016199578810950914,1.1098357379940922
4630,com.chownow.communitylanes::139,1,developer_plus_third_party,0,0,0.19454781805464844,0.901034239361756,True,0.00016199578810950914,1.1098357379940922
4631,com.chownow.communitylanes::139,1,developer_plus_third_party,1,0,0.19454781805464844,0.901034239361756,True,0.00016199578810950914,1.1098357379940922
4632,com.chownow.communitylanes::139,1,developer_plus_third_party,1,0,0.19454781805464844,0.901034239361756,True,0.00016199578810950914,1.1098357379940922
4633,com.chownow.communitylanes::139,1,developer_plus_third_party,1,0,0.19454781805464844,0.901034239361756,True,0.00016199578810950914,1.1098357379940922
4634,com.chownow.communitylanes::139,1,developer_plus_third_party,0,0,0.19454781805464844,0.901034239361756,True,0.00016199578810950914,1.1098357379940922
4635,com.chownow.communitylanes::139,1,developer_plus_third_party,0,0,0.19454781805464844,0.901034239361756,True,0.00016199578810950914,1.1098357379940922
4636,com.chownow.communitylanes::139,1,developer_plus_third_party,0,0,0.19454781805464844,0.901034239361756,True,0.00016199578810950914,1.1098357379940922
4637,com.chownow.communitylanes::139,1,developer_plus_third_party,0,0,0.19454781805464844,0.901034239361756,True,0.00016199578810950914,1.1098357379940922
4638,com.chownow.communitylanes::139,1,developer_plus_third_party,1,0,0.19454781805464844,0.901034239361756,True,0.00016199578810950914,1.1098357379940922
4639,com.chownow.communitylanes::139,1,developer_plus_third_party,1,0,0.19454781805464844,0.901034239361756,True,0.00016199578810950914,1.1098357379940922
4640,com.chownow.communitylanes::139,1,developer_plus_third_party,0,0,0.19454781805464844,0.901034239361756,True,0.00016199578810950914,1.1098357379940922
4641,com.chownow.communitylanes::139,1,developer_plus_third_party,1,0,0.19454781805464844,0.901034239361756,True,0.00016199578810950914,1.1098357379940922
4642,com.chownow.communitylanes::139,1,developer_plus_third_party,1,0,0.19454781805464844,0.901034239361756,True,0.00016199578810950914,1.1098357379940922
4643,com.chownow.communitylanes::139,1,developer_plus_third_party,1,0,0.19454781805464844,0.901034239361756,True,0.00016199578810950914,1.1098357379940922
4644,com.chownow.communitylanes::139,1,developer_plus_third_party,1,0,0.19454781805464844,0.901034239361756,True,0.00016199578810950914,1.1098357379940922
4645,com.chownow.communitylanes::139,1,developer_plus_third_party,1,0,0.19454781805464844,0.901034239361756,True,0.00016199578810950914,1.1098357379940922
4646,com.chownow.communitylanes::139,1,developer_plus_third_party,1,0,0.19454781805464844,0.901034239361756,True,0.00016199578810950914,1.1098357379940922
4647,com.chownow.communitylanes::139,1,developer_plus_third_party,1,0,0.19454781805464844,0.901034239361756,True,0.00016199578810950914,1.1098357379940922
4648,com.chownow.communitylanes::139,1,developer_plus_third_party,1,0,0.19454781805464844,0.901034239361756,True,0.00016199578810950914,1.1098357379940922
4649,com.chownow.communitylanes::139,1,developer_plus_third_party,1,0,0.19454781805464844,0.901034239361756,True,0.00016199578810950914,1.1098357379940922
4650,com.chownow.communitylanes::139,1,developer_plus_third_party,0,0,0.19454781805464844,0.901034239361756,True,0.00016199578810950914,1.1098357379940922
4651,com.chownow.communitylanes::139,1,developer_plus_third_party,0,0,0.19454781805464844,0.901034239361756,True,0.00016199578810950914,1.1098357379940922
4652,com.chownow.communitylanes::139,1,developer_plus_third_party,0,0,0.19454781805464844,0.901034239361756,True,0.00016199578810950914,1.1098357379940922
4653,com.chownow.communitylanes::139,1,developer_plus_third_party,0,0,0.19454781805464844,0.901034239361756,True,0.00016199578810950914,1.1098357379940922
4654,com.chownow.communitylanes::139,1,developer_plus_third_party,0,0,0.19454781805464844,0.901034239361756,True,0.00016199578810950914,1.1098357379940922
4655,com.chownow.communitylanes::139,1,developer_plus_third_party,0,0,0.19454781805464844,0.901034239361756,True,0.00016199578810950914,1.1098357379940922
4656,com.chownow.howardscharro::140,1,developer_plus_third_party,0,0,0.59662641592203,0.9049152624635584,True,0.00016199578810950914,1.105075846856181
4657,com.chownow.howardscharro::140,1,developer_plus_third_party,1,0,0.59662641592203,0.9049152624635584,True,0.00016199578810950914,1.105075846856181
4658,com.chownow.howardscharro::140,1,developer_plus_third_party,1,0,0.59662641592203,0.9049152624635584,True,0.00016199578810950914,1.105075846856181
4659,com.chownow.howardscharro::140,1,developer_plus_third_party,1,0,0.59662641592203,0.9049152624635584,True,0.00016199578810950914,1.105075846856181
4660,com.chownow.howardscharro::140,1,developer_plus_third_party,0,0,0.59662641592203,0.9049152624635584,True,0.00016199578810950914,1.105075846856181
4661,com.chownow.howardscharro::140,1,developer_plus_third_party,0,0,0.59662641592203,0.9049152624635584,True,0.00016199578810950914,1.105075846856181
4662,com.chownow.howardscharro::140,1,developer_plus_third_party,1,0,0.59662641592203,0.9049152624635584,True,0.00016199578810950914,1.105075846856181
4663,com.chownow.howardscharro::140,1,developer_plus_third_party,1,0,0.59662641592203,0.9049152624635584,True,0.00016199578810950914,1.105075846856181
4664,com.chownow.howardscharro::140,1,developer_plus_third_party,1,0,0.59662641592203,0.9049152624635584,True,0.00016199578810950914,1.105075846856181
4665,com.chownow.howardscharro::140,1,developer_plus_third_party,1,0,0.59662641592203,0.9049152624635584,True,0.00016199578810950914,1.105075846856181
4666,com.chownow.howardscharro::140,1,developer_plus_third_party,1,0,0.59662641592203,0.9049152624635584,True,0.00016199578810950914,1.105075846856181
4667,com.chownow.howardscharro::140,1,developer_plus_third_party,0,0,0.59662641592203,0.9049152624635584,True,0.00016199578810950914,1.105075846856181
4668,com.chownow.howardscharro::140,1,developer_plus_third_party,0,0,0.59662641592203,0.9049152624635584,True,0.00016199578810950914,1.105075846856181
4669,com.chownow.howardscharro::140,1,developer_plus_third_party,1,0,0.59662641592203,0.9049152624635584,True,0.00016199578810950914,1.105075846856181
4670,com.chownow.howardscharro::140,1,developer_plus_third_party,0,0,0.59662641592203,0.9049152624635584,True,0.00016199578810950914,1.105075846856181
4671,com.chownow.howardscharro::140,1,developer_plus_third_party,1,0,0.59662641592203,0.9049152624635584,True,0.00016199578810950914,1.105075846856181
4672,com.chownow.howardscharro::140,1,developer_plus_third_party,1,0,0.59662641592203,0.9049152624635584,True,0.00016199578810950914,1.105075846856181
4673,com.chownow.howardscharro::140,1,developer_plus_third_party,0,0,0.59662641592203,0.9049152624635584,True,0.00016199578810950914,1.105075846856181
4674,com.chownow.howardscharro::140,1,developer_plus_third_party,1,0,0.59662641592203,0.9049152624635584,True,0.00016199578810950914,1.105075846856181
4675,com.chownow.howardscharro::140,1,developer_plus_third_party,1,0,0.59662641592203,0.9049152624635584,True,0.00016199578810950914,1.105075846856181
4676,com.chownow.howardscharro::140,1,developer_plus_third_party,1,0,0.59662641592203,0.9049152624635584,True,0.00016199578810950914,1.105075846856181
4677,com.chownow.howardscharro::140,1,developer_plus_third_party,0,0,0.59662641592203,0.9049152624635584,True,0.00016199578810950914,1.105075846856181
4678,com.chownow.howardscharro::140,1,developer_plus_third_party,1,0,0.59662641592203,0.9049152624635584,True,0.00016199578810950914,1.105075846856181
4679,com.chownow.howardscharro::140,1,developer_plus_third_party,1,0,0.59662641592203,0.9049152624635584,True,0.00016199578810950914,1.105075846856181
4680,com.chownow.howardscharro::140,1,developer_plus_third_party,1,0,0.59662641592203,0.9049152624635584,True,0.00016199578810950914,1.105075846856181
4681,com.chownow.pizzaparlor::1,1,developer_plus_third_party,0,0,0.12748352146777725,0.9003733453123719,True,0.00016199578810950914,1.1106503820957339
4682,com.chownow.pizzaparlor::1,1,developer_plus_third_party,1,0,0.12748352146777725,0.9003733453123719,True,0.00016199578810950914,1.1106503820957339
4683,com.chownow.pizzaparlor::1,1,developer_plus_third_party,1,0,0.12748352146777725,0.9003733453123719,True,0.00016199578810950914,1.1106503820957339
4684,com.chownow.pizzaparlor::1,1,developer_plus_third_party,0,0,0.12748352146777725,0.9003733453123719,True,0.00016199578810950914,1.1106503820957339
4685,com.chownow.pizzaparlor::1,1,developer_plus_third_party,0,0,0.12748352146777725,0.9003733453123719,True,0.00016199578810950914,1.1106503820957339
4686,com.chownow.pizzaparlor::1,1,developer_plus_third_party,0,0,0.12748352146777725,0.9003733453123719,True,0.00016199578810950914,1.1106503820957339
4687,com.chownow.pizzaparlor::1,1,developer_plus_third_party,0,0,0.12748352146777725,0.9003733453123719,True,0.00016199578810950914,1.1106503820957339
4688,com.chownow.pizzaparlor::1,1,developer_plus_third_party,0,0,0.12748352146777725,0.9003733453123719,True,0.00016199578810950914,1.1106503820957339
4689,com.chownow.pizzaparlor::1,1,developer_plus_third_party,0,0,0.12748352146777725,0.9003733453123719,True,0.00016199578810950914,1.1106503820957339
4690,com.chownow.pizzaparlor::1,1,developer_plus_third_party,0,0,0.12748352146777725,0.9003733453123719,True,0.00016199578810950914,1.1106503820957339
4691,com.chownow.pizzaparlor::1,1,developer_plus_third_party,0,0,0.12748352146777725,0.9003733453123719,True,0.00016199578810950914,1.1106503820957339
4692,com.chownow.pizzaparlor::1,1,developer_plus_third_party,1,0,0.12748352146777725,0.9003733453123719,True,0.00016199578810950914,1.1106503820957339
4693,com.chownow.pizzaparlor::1,1,developer_plus_third_party,1,0,0.12748352146777725,0.9003733453123719,True,0.00016199578810950914,1.1106503820957339
4694,com.chownow.pizzaparlor::1,1,developer_plus_third_party,1,0,0.12748352146777725,0.9003733453123719,True,0.00016199578810950914,1.1106503820957339
4695,com.chownow.pizzaparlor::1,1,developer_plus_third_party,0,0,0.12748352146777725,0.9003733453123719,True,0.00016199578810950914,1.1106503820957339
4696,com.chownow.pizzaparlor::1,1,developer_plus_third_party,0,0,0.12748352146777725,0.9003733453123719,True,0.00016199578810950914,1.1106503820957339
4697,com.chownow.pizzaparlor::1,1,developer_plus_third_party,1,0,0.12748352146777725,0.9003733453123719,True,0.00016199578810950914,1.1106503820957339
4698,com.chownow.pizzaparlor::1,1,developer_plus_third_party,1,0,0.12748352146777725,0.9003733453123719,True,0.00016199578810950914,1.1106503820957339
4699,com.chownow.pizzaparlor::1,1,developer_plus_third_party,0,0,0.12748352146777725,0.9003733453123719,True,0.00016199578810950914,1.1106503820957339
4700,com.chownow.pizzaparlor::1,1,developer_plus_third_party,0,0,0.12748352146777725,0.9003733453123719,True,0.00016199578810950914,1.1106503820957339
4701,com.chownow.pizzaparlor::1,1,developer_plus_third_party,1,0,0.12748352146777725,0.9003733453123719,True,0.00016199578810950914,1.1106503820957339
4702,com.chownow.pizzaparlor::1,1,developer_plus_third_party,1,0,0.12748352146777725,0.9003733453123719,True,0.00016199578810950914,1.1106503820957339
4703,com.chownow.pizzaparlor::1,1,developer_plus_third_party,0,0,0.12748352146777725,0.9003733453123719,True,0.00016199578810950914,1.1106503820957339
4704,com.chownow.pizzaparlor::1,1,developer_plus_third_party,1,0,0.12748352146777725,0.9003733453123719,True,0.00016199578810950914,1.1106503820957339
4705,com.chownow.pizzaparlor::1,1,developer_plus_third_party,1,0,0.12748352146777725,0.9003733453123719,True,0.00016199578810950914,1.1106503820957339
4706,com.chownow.pizzaparlor::1,1,developer_plus_third_party,1,0,0.12748352146777725,0.9003733453123719,True,0.00016199578810950914,1.1106503820957339
4707,com.cofox.kahunas.TheLabMethod::210,1,developer_plus_third_party,1,0,-0.13899213186901438,0.8977084073613102,True,0.00016199578810950914,1.1139474597763452
4708,com.cofox.kahunas.TheLabMethod::210,1,developer_plus_third_party,1,0,-0.13899213186901438,0.8977084073613102,True,0.00016199578810950914,1.1139474597763452
4709,com.cofox.kahunas.TheLabMethod::210,1,developer_plus_third_party,1,0,-0.13899213186901438,0.8977084073613102,True,0.00016199578810950914,1.1139474597763452
4710,com.cofox.kahunas.TheLabMethod::210,1,developer_plus_third_party,0,0,-0.13899213186901438,0.8977084073613102,True,0.00016199578810950914,1.1139474597763452
4711,com.cofox.kahunas.TheLabMethod::210,1,developer_plus_third_party,1,0,-0.13899213186901438,0.8977084073613102,True,0.00016199578810950914,1.1139474597763452
4712,com.cofox.kahunas.TheLabMethod::210,1,developer_plus_third_party,1,0,-0.13899213186901438,0.8977084073613102,True,0.00016199578810950914,1.1139474597763452
4713,com.cofox.kahunas.TheLabMethod::210,1,developer_plus_third_party,0,0,-0.13899213186901438,0.8977084073613102,True,0.00016199578810950914,1.1139474597763452
4714,com.cofox.kahunas.TheLabMethod::210,1,developer_plus_third_party,0,0,-0.13899213186901438,0.8977084073613102,True,0.0006479831524380366,1.1139474597763452
4715,com.cofox.kahunas.TheLabMethod::210,1,developer_plus_third_party,0,0,-0.13899213186901438,0.8977084073613102,True,0.00016199578810950914,1.1139474597763452
4716,com.cofox.kahunas.TheLabMethod::210,1,developer_plus_third_party,0,0,-0.13899213186901438,0.8977084073613102,True,0.00016199578810950914,1.1139474597763452
4717,com.cofox.kahunas.TheLabMethod::210,1,developer_plus_third_party,1,0,-0.13899213186901438,0.8977084073613102,True,0.00016199578810950914,1.1139474597763452
4718,com.cofox.kahunas.TheLabMethod::210,1,developer_plus_third_party,0,0,-0.13899213186901438,0.8977084073613102,True,0.00016199578810950914,1.1139474597763452
4719,com.cofox.kahunas.TheLabMethod::210,1,developer_plus_third_party,0,0,-0.13899213186901438,0.8977084073613102,True,0.00016199578810950914,1.1139474597763452
4720,com.cofox.kahunas.TheLabMethod::210,1,developer_plus_third_party,0,0,-0.13899213186901438,0.8977084073613102,True,0.00016199578810950914,1.1139474597763452
4721,com.cofox.kahunas.TheLabMethod::210,1,developer_plus_third_party,0,0,-0.13899213186901438,0.8977084073613102,True,0.00016199578810950914,1.1139474597763452
4722,com.cofox.kahunas.TheLabMethod::210,1,developer_plus_third_party,1,0,-0.13899213186901438,0.8977084073613102,True,0.00016199578810950914,1.1139474597763452
4723,com.cofox.kahunas.TheLabMethod::210,1,developer_plus_third_party,0,0,-0.13899213186901438,0.8977084073613102,True,0.00016199578810950914,1.1139474597763452
4724,com.cofox.kahunas.TheLabMethod::210,1,developer_plus_third_party,0,0,-0.13899213186901438,0.8977084073613102,True,0.00016199578810950914,1.1139474597763452
4725,com.cofox.kahunas.TheLabMethod::210,1,developer_plus_third_party,1,0,-0.13899213186901438,0.8977084073613102,True,0.00016199578810950914,1.1139474597763452
4726,com.cofox.kahunas.TheLabMethod::210,1,developer_plus_third_party,1,0,-0.13899213186901438,0.8977084073613102,True,0.00016199578810950914,1.1139474597763452
4727,com.cofox.kahunas.TheLabMethod::210,1,developer_plus_third_party,0,0,-0.13899213186901438,0.8977084073613102,True,0.00016199578810950914,1.1139474597763452
4728,com.cofox.kahunas.TheLabMethod::210,1,developer_plus_third_party,1,0,-0.13899213186901438,0.8977084073613102,True,0.00016199578810950914,1.1139474597763452
4729,com.cofox.kahunas.TheLabMethod::210,1,developer_plus_third_party,0,0,-0.13899213186901438,0.8977084073613102,True,0.00016199578810950914,1.1139474597763452
4730,com.cofox.kahunas.TheLabMethod::210,1,developer_plus_third_party,1,0,-0.13899213186901438,0.8977084073613102,True,0.00016199578810950914,1.1139474597763452
4731,com.cofox.kahunas.TheLabMethod::210,1,developer_plus_third_party,0,0,-0.13899213186901438,0.8977084073613102,True,0.00016199578810950914,1.1139474597763452
4732,com.cofox.kahunas.TheLabMethod::210,1,developer_plus_third_party,0,0,-0.13899213186901438,0.8977084073613102,True,0.00016199578810950914,1.1139474597763452
4733,com.cofox.kahunas.TheLabMethod::210,1,developer_plus_third_party,0,0,-0.13899213186901438,0.8977084073613102,True,0.00016199578810950914,1.1139474597763452
4734,com.cofox.kahunas.TheLabMethod::210,1,developer_plus_third_party,0,0,-0.13899213186901438,0.8977084073613102,True,0.00016199578810950914,1.1139474597763452
4735,com.cofox.kahunas.TheLabMethod::210,1,developer_plus_third_party,1,0,-0.13899213186901438,0.8977084073613102,True,0.00016199578810950914,1.1139474597763452
4736,com.cofox.kahunas.TheLabMethod::210,1,developer_plus_third_party,0,0,-0.13899213186901438,0.8977084073613102,True,0.00016199578810950914,1.1139474597763452
4737,com.cofox.kahunas.TheLabMethod::210,1,developer_plus_third_party,0,0,-0.13899213186901438,0.8977084073613102,True,0.00016199578810950914,1.1139474597763452
4738,com.cofox.kahunas.TheLabMethod::210,1,developer_plus_third_party,0,0,-0.13899213186901438,0.8977084073613102,True,0.00016199578810950914,1.1139474597763452
4739,com.cofox.kahunas.TheLabMethod::210,1,developer_plus_third_party,1,0,-0.13899213186901438,0.8977084073613102,True,0.00016199578810950914,1.1139474597763452
4740,com.cofox.kahunas.TheLabMethod::210,1,developer_plus_third_party,1,0,-0.13899213186901438,0.8977084073613102,True,0.00016199578810950914,1.1139474597763452
4741,com.cofox.kahunas.TheLabMethod::210,1,developer_plus_third_party,1,0,-0.13899213186901438,0.8977084073613102,True,0.00016199578810950914,1.1139474597763452
4742,com.cofox.kahunas.TheLabMethod::210,1,developer_plus_third_party,1,0,-0.13899213186901438,0.8977084073613102,True,0.00016199578810950914,1.1139474597763452
4743,com.cofox.kahunas.TheLabMethod::210,1,developer_plus_third_party,0,0,-0.13899213186901438,0.8977084073613102,True,0.00016199578810950914,1.1139474597763452
4744,com.cofox.kahunas.TheLabMethod::210,1,developer_plus_third_party,1,0,-0.13899213186901438,0.8977084073613102,True,0.00016199578810950914,1.1139474597763452
4745,com.cofox.kahunas.TheLabMethod::210,1,developer_plus_third_party,0,0,-0.13899213186901438,0.8977084073613102,True,0.00016199578810950914,1.1139474597763452
4746,com.cofox.kahunas.TheLabMethod::210,1,developer_plus_third_party,0,0,-0.13899213186901438,0.8977084073613102,True,0.00016199578810950914,1.1139474597763452
4747,com.dieffetech.eolas::2,1,developer_plus_third_party,0,0,-0.2647098562263249,0.8964293463773642,True,0.00016199578810950914,1.115536884240999
4748,com.dieffetech.eolas::2,1,developer_plus_third_party,1,0,-0.2647098562263249,0.8964293463773642,True,0.00016199578810950914,1.115536884240999
4749,com.dieffetech.eolas::2,1,developer_plus_third_party,1,0,-0.2647098562263249,0.8964293463773642,True,0.00016199578810950914,1.115536884240999
4750,com.dieffetech.eolas::2,1,developer_plus_third_party,1,0,-0.2647098562263249,0.8964293463773642,True,0.00016199578810950914,1.115536884240999
4751,com.dieffetech.eolas::2,1,developer_plus_third_party,0,0,-0.2647098562263249,0.8964293463773642,True,0.00016199578810950914,1.115536884240999
4752,com.dieffetech.eolas::2,1,developer_plus_third_party,1,0,-0.2647098562263249,0.8964293463773642,True,0.00016199578810950914,1.115536884240999
4753,com.dieffetech.eolas::2,1,developer_plus_third_party,0,0,-0.2647098562263249,0.8964293463773642,True,0.00016199578810950914,1.115536884240999
4754,com.dieffetech.eolas::2,1,developer_plus_third_party,0,0,-0.2647098562263249,0.8964293463773642,True,0.00016199578810950914,1.115536884240999
4755,com.dieffetech.eolas::2,1,developer_plus_third_party,0,0,-0.2647098562263249,0.8964293463773642,True,0.00016199578810950914,1.115536884240999
4756,com.dieffetech.eolas::2,1,developer_plus_third_party,0,0,-0.2647098562263249,0.8964293463773642,True,0.00016199578810950914,1.115536884240999
4757,com.dieffetech.eolas::2,1,developer_plus_third_party,0,0,-0.2647098562263249,0.8964293463773642,True,0.00016199578810950914,1.115536884240999
4758,com.dieffetech.eolas::2,1,developer_plus_third_party,1,0,-0.2647098562263249,0.8964293463773642,True,0.00016199578810950914,1.115536884240999
4759,com.dieffetech.eolas::2,1,developer_plus_third_party,0,0,-0.2647098562263249,0.8964293463773642,True,0.00016199578810950914,1.115536884240999
4760,com.dieffetech.eolas::2,1,developer_plus_third_party,1,0,-0.2647098562263249,0.8964293463773642,True,0.00016199578810950914,1.115536884240999
4761,com.dieffetech.eolas::2,1,developer_plus_third_party,1,0,-0.2647098562263249,0.8964293463773642,True,0.00016199578810950914,1.115536884240999
4762,com.dieffetech.eolas::2,1,developer_plus_third_party,0,0,-0.2647098562263249,0.8964293463773642,True,0.00016199578810950914,1.115536884240999
4763,com.dieffetech.eolas::2,1,developer_plus_third_party,0,0,-0.2647098562263249,0.8964293463773642,True,0.00016199578810950914,1.115536884240999
4764,com.dieffetech.eolas::2,1,developer_plus_third_party,1,0,-0.2647098562263249,0.8964293463773642,True,0.00016199578810950914,1.115536884240999
4765,com.dieffetech.eolas::2,1,developer_plus_third_party,0,0,-0.2647098562263249,0.8964293463773642,True,0.00016199578810950914,1.115536884240999
4766,com.dieffetech.eolas::2,1,developer_plus_third_party,0,0,-0.2647098562263249,0.8964293463773642,True,0.00016199578810950914,1.115536884240999
4767,com.dieffetech.eolas::2,1,developer_plus_third_party,1,0,-0.2647098562263249,0.8964293463773642,True,0.00016199578810950914,1.115536884240999
4768,com.dieffetech.eolas::2,1,developer_plus_third_party,0,0,-0.2647098562263249,0.8964293463773642,True,0.00016199578810950914,1.115536884240999
4769,com.divy.englishtolithuanian::26,1,developer_plus_third_party,1,0,-0.4378950140528824,0.8946441938799256,True,0.00016199578810950914,1.1177628009445448
4770,com.divy.englishtolithuanian::26,1,developer_plus_third_party,1,0,-0.4378950140528824,0.8946441938799256,True,0.00016199578810950914,1.1177628009445448
4771,com.emcan.ahmedsharifapp::15,1,developer_plus_third_party,0,0,-0.08122045712850448,0.8982914735894234,True,0.00016199578810950914,1.113224414792858
4772,com.emcan.ahmedsharifapp::15,1,developer_plus_third_party,0,0,-0.08122045712850448,0.8982914735894234,True,0.00016199578810950914,1.113224414792858
4773,com.emcan.ahmedsharifapp::15,1,developer_plus_third_party,1,0,-0.08122045712850448,0.8982914735894234,True,0.00016199578810950914,1.113224414792858
4774,com.emcan.ahmedsharifapp::15,1,developer_plus_third_party,0,0,-0.08122045712850448,0.8982914735894234,True,0.00016199578810950914,1.113224414792858
4775,com.emcan.ahmedsharifapp::15,1,developer_plus_third_party,1,0,-0.08122045712850448,0.8982914735894234,True,0.00016199578810950914,1.113224414792858
4776,com.emcan.ahmedsharifapp::15,1,developer_plus_third_party,0,0,-0.08122045712850448,0.8982914735894234,True,0.00016199578810950914,1.113224414792858
4777,com.emcan.ahmedsharifapp::15,1,developer_plus_third_party,0,0,-0.08122045712850448,0.8982914735894234,True,0.00016199578810950914,1.113224414792858
4778,com.emcan.ahmedsharifapp::15,1,developer_plus_third_party,1,0,-0.08122045712850448,0.8982914735894234,True,0.00016199578810950914,1.113224414792858
4779,com.emcan.ahmedsharifapp::15,1,developer_plus_third_party,1,0,-0.08122045712850448,0.8982914735894234,True,0.00016199578810950914,1.113224414792858
4780,com.emcan.ahmedsharifapp::15,1,developer_plus_third_party,0,0,-0.08122045712850448,0.8982914735894234,True,0.00016199578810950914,1.113224414792858
4781,com.emcan.ahmedsharifapp::15,1,developer_plus_third_party,0,0,-0.08122045712850448,0.8982914735894234,True,0.00016199578810950914,1.113224414792858
4782,com.emcan.ahmedsharifapp::15,1,developer_plus_third_party,0,0,-0.08122045712850448,0.8982914735894234,True,0.00016199578810950914,1.113224414792858
4783,com.emcan.ahmedsharifapp::15,1,developer_plus_third_party,0,0,-0.08122045712850448,0.8982914735894234,True,0.00016199578810950914,1.113224414792858
4784,com.emcan.ahmedsharifapp::15,1,developer_plus_third_party,0,0,-0.08122045712850448,0.8982914735894234,True,0.00016199578810950914,1.113224414792858
4785,com.emcan.ahmedsharifapp::15,1,developer_plus_third_party,0,0,-0.08122045712850448,0.8982914735894234,True,0.00016199578810950914,1.113224414792858
4786,com.emcan.ahmedsharifapp::15,1,developer_plus_third_party,1,0,-0.08122045712850448,0.8982914735894234,True,0.00016199578810950914,1.113224414792858
4787,com.emcan.ahmedsharifapp::15,1,developer_plus_third_party,0,0,-0.08122045712850448,0.8982914735894234,True,0.00016199578810950914,1.113224414792858
4788,com.emcan.ahmedsharifapp::15,1,developer_plus_third_party,1,0,-0.08122045712850448,0.8982914735894234,True,0.00016199578810950914,1.113224414792858
4789,com.emcan.ahmedsharifapp::15,1,developer_plus_third_party,0,0,-0.08122045712850448,0.8982914735894234,True,0.00016199578810950914,1.113224414792858
4790,com.emcan.ahmedsharifapp::15,1,developer_plus_third_party,1,0,-0.08122045712850448,0.8982914735894234,True,0.00016199578810950914,1.113224414792858
4791,com.emcan.ahmedsharifapp::15,1,developer_plus_third_party,1,0,-0.08122045712850448,0.8982914735894234,True,0.00016199578810950914,1.113224414792858
4792,com.emcan.ahmedsharifapp::15,1,developer_plus_third_party,0,0,-0.08122045712850448,0.8982914735894234,True,0.00016199578810950914,1.113224414792858
4793,com.foodbooking.plazamerengue::5469,1,developer_plus_third_party,1,0,-0.34235862574826165,0.8956322928326241,True,0.00016199578810950914,1.1165296383377281
4794,com.foodbooking.plazamerengue::5469,1,developer_plus_third_party,1,0,-0.34235862574826165,0.8956322928326241,True,0.00016199578810950914,1.1165296383377281
4795,com.foodbooking.plazamerengue::5469,1,developer_plus_third_party,0,0,-0.34235862574826165,0.8956322928326241,True,0.00016199578810950914,1.1165296383377281
4796,com.foodbooking.plazamerengue::5469,1,developer_plus_third_party,1,0,-0.34235862574826165,0.8956322928326241,True,0.00016199578810950914,1.1165296383377281
4797,com.foodbooking.plazamerengue::5469,1,developer_plus_third_party,1,0,-0.34235862574826165,0.8956322928326241,True,0.00016199578810950914,1.1165296383377281
4798,com.foodbooking.plazamerengue::5469,1,developer_plus_third_party,1,0,-0.34235862574826165,0.8956322928326241,True,0.00016199578810950914,1.1165296383377281
4799,com.foodbooking.plazamerengue::5469,1,developer_plus_third_party,1,0,-0.34235862574826165,0.8956322928326241,True,0.00016199578810950914,1.1165296383377281
4800,com.foodbooking.plazamerengue::5469,1,developer_plus_third_party,1,0,-0.34235862574826165,0.8956322928326241,True,0.00016199578810950914,1.1165296383377281
4801,com.foodbooking.plazamerengue::5469,1,developer_plus_third_party,1,0,-0.34235862574826165,0.8956322928326241,True,0.00016199578810950914,1.1165296383377281
4802,com.foodbooking.plazamerengue::5469,1,developer_plus_third_party,0,0,-0.34235862574826165,0.8956322928326241,True,0.00016199578810950914,1.1165296383377281
4803,com.foodbooking.plazamerengue::5469,1,developer_plus_third_party,0,0,-0.34235862574826165,0.8956322928326241,True,0.00016199578810950914,1.1165296383377281
4804,com.foodbooking.plazamerengue::5469,1,developer_plus_third_party,0,0,-0.34235862574826165,0.8956322928326241,True,0.00016199578810950914,1.1165296383377281
4805,com.foodbooking.plazamerengue::5469,1,developer_plus_third_party,0,0,-0.34235862574826165,0.8956322928326241,True,0.00016199578810950914,1.1165296383377281
4806,com.foodbooking.plazamerengue::5469,1,developer_plus_third_party,0,0,-0.34235862574826165,0.8956322928326241,True,0.00016199578810950914,1.1165296383377281
4807,com.foodbooking.plazamerengue::5469,1,developer_plus_third_party,0,0,-0.34235862574826165,0.8956322928326241,True,0.00016199578810950914,1.1165296383377281
4808,com.foodbooking.plazamerengue::5469,1,developer_plus_third_party,0,0,-0.34235862574826165,0.8956322928326241,True,0.00016199578810950914,1.1165296383377281
4809,com.foodbooking.plazamerengue::5469,1,developer_plus_third_party,0,0,-0.34235862574826165,0.8956322928326241,True,0.00016199578810950914,1.1165296383377281
4810,com.foodbooking.plazamerengue::5469,1,developer_plus_third_party,0,0,-0.34235862574826165,0.8956322928326241,True,0.00016199578810950914,1.1165296383377281
4811,com.foodbooking.plazamerengue::5469,1,developer_plus_third_party,0,0,-0.34235862574826165,0.8956322928326241,True,0.00016199578810950914,1.1165296383377281
4812,com.foodbooking.plazamerengue::5469,1,developer_plus_third_party,0,0,-0.34235862574826165,0.8956322928326241,True,0.00016199578810950914,1.1165296383377281
4813,com.foodbooking.plazamerengue::5469,1,developer_plus_third_party,0,0,-0.34235862574826165,0.8956322928326241,True,0.00016199578810950914,1.1165296383377281
4814,com.foodbooking.plazamerengue::5469,1,developer_plus_third_party,0,0,-0.34235862574826165,0.8956322928326241,True,0.00016199578810950914,1.1165296383377281
4815,com.foodbooking.plazamerengue::5469,1,developer_plus_third_party,0,0,-0.34235862574826165,0.8956322928326241,True,0.00016199578810950914,1.1165296383377281
4816,com.foodbooking.plazamerengue::5469,1,developer_plus_third_party,0,0,-0.34235862574826165,0.8956322928326241,True,0.00016199578810950914,1.1165296383377281
4817,com.foodbooking.popeheaven::5397,1,developer_plus_third_party,1,0,-0.33593789612943276,0.8956984056962386,True,0.00016199578810950914,1.1164472255844715
4818,com.foodbooking.popeheaven::5397,1,developer_plus_third_party,1,0,-0.33593789612943276,0.8956984056962386,True,0.00016199578810950914,1.1164472255844715
4819,com.foodbooking.popeheaven::5397,1,developer_plus_third_party,1,0,-0.33593789612943276,0.8956984056962386,True,0.00016199578810950914,1.1164472255844715
4820,com.foodbooking.popeheaven::5397,1,developer_plus_third_party,0,0,-0.33593789612943276,0.8956984056962386,True,0.00016199578810950914,1.1164472255844715
4821,com.foodbooking.popeheaven::5397,1,developer_plus_third_party,1,0,-0.33593789612943276,0.8956984056962386,True,0.00016199578810950914,1.1164472255844715
4822,com.foodbooking.popeheaven::5397,1,developer_plus_third_party,1,0,-0.33593789612943276,0.8956984056962386,True,0.00016199578810950914,1.1164472255844715
4823,com.foodbooking.popeheaven::5397,1,developer_plus_third_party,1,0,-0.33593789612943276,0.8956984056962386,True,0.00016199578810950914,1.1164472255844715
4824,com.foodbooking.popeheaven::5397,1,developer_plus_third_party,1,0,-0.33593789612943276,0.8956984056962386,True,0.00016199578810950914,1.1164472255844715
4825,com.foodbooking.popeheaven::5397,1,developer_plus_third_party,1,0,-0.33593789612943276,0.8956984056962386,True,0.00016199578810950914,1.1164472255844715
4826,com.foodbooking.popeheaven::5397,1,developer_plus_third_party,0,0,-0.33593789612943276,0.8956984056962386,True,0.00016199578810950914,1.1164472255844715
4827,com.foodbooking.popeheaven::5397,1,developer_plus_third_party,0,0,-0.33593789612943276,0.8956984056962386,True,0.00016199578810950914,1.1164472255844715
4828,com.foodbooking.popeheaven::5397,1,developer_plus_third_party,0,0,-0.33593789612943276,0.8956984056962386,True,0.00016199578810950914,1.1164472255844715
4829,com.foodbooking.popeheaven::5397,1,developer_plus_third_party,0,0,-0.33593789612943276,0.8956984056962386,True,0.00016199578810950914,1.1164472255844715
4830,com.foodbooking.popeheaven::5397,1,developer_plus_third_party,0,0,-0.33593789612943276,0.8956984056962386,True,0.00016199578810950914,1.1164472255844715
4831,com.foodbooking.popeheaven::5397,1,developer_plus_third_party,0,0,-0.33593789612943276,0.8956984056962386,True,0.00016199578810950914,1.1164472255844715
4832,com.foodbooking.popeheaven::5397,1,developer_plus_third_party,0,0,-0.33593789612943276,0.8956984056962386,True,0.00016199578810950914,1.1164472255844715
4833,com.foodbooking.popeheaven::5397,1,developer_plus_third_party,0,0,-0.33593789612943276,0.8956984056962386,True,0.00016199578810950914,1.1164472255844715
4834,com.foodbooking.popeheaven::5397,1,developer_plus_third_party,0,0,-0.33593789612943276,0.8956984056962386,True,0.00016199578810950914,1.1164472255844715
4835,com.foodbooking.popeheaven::5397,1,developer_plus_third_party,0,0,-0.33593789612943276,0.8956984056962386,True,0.00016199578810950914,1.1164472255844715
4836,com.foodbooking.popeheaven::5397,1,developer_plus_third_party,0,0,-0.33593789612943276,0.8956984056962386,True,0.00016199578810950914,1.1164472255844715
4837,com.foodbooking.popeheaven::5397,1,developer_plus_third_party,0,0,-0.33593789612943276,0.8956984056962386,True,0.00016199578810950914,1.1164472255844715
4838,com.foodbooking.popeheaven::5397,1,developer_plus_third_party,0,0,-0.33593789612943276,0.8956984056962386,True,0.00016199578810950914,1.1164472255844715
4839,com.foodbooking.popeheaven::5397,1,developer_plus_third_party,0,0,-0.33593789612943276,0.8956984056962386,True,0.00016199578810950914,1.1164472255844715
4840,com.foodbooking.popeheaven::5397,1,developer_plus_third_party,0,0,-0.33593789612943276,0.8956984056962386,True,0.00016199578810950914,1.1164472255844715
4841,com.kuwagata.sifi_fridge::2,1,developer_plus_third_party,1,0,-0.5210529162150132,0.8937774119636559,True,0.00016199578810950914,1.118846803034516
4842,com.mohit.ingenium.tca639::157,1,developer_plus_third_party,0,0,1.5180916127229758,0.9132996096171813,True,0.00016199578810950914,1.0949309399345524
4843,com.mohit.ingenium.tca639::157,1,developer_plus_third_party,1,0,1.5180916127229758,0.9132996096171813,True,0.00016199578810950914,1.0949309399345524
4844,com.mohit.ingenium.tca639::157,1,developer_plus_third_party,0,0,1.5180916127229758,0.9132996096171813,True,0.00016199578810950914,1.0949309399345524
4845,com.mohit.ingenium.tca639::157,1,developer_plus_third_party,1,0,1.5180916127229758,0.9132996096171813,True,0.00016199578810950914,1.0949309399345524
4846,com.mohit.ingenium.tca639::157,1,developer_plus_third_party,0,0,1.5180916127229758,0.9132996096171813,True,0.00016199578810950914,1.0949309399345524
4847,com.mohit.ingenium.tca639::157,1,developer_plus_third_party,1,0,1.5180916127229758,0.9132996096171813,True,0.00016199578810950914,1.0949309399345524
4848,com.mohit.ingenium.tca639::157,1,developer_plus_third_party,0,0,1.5180916127229758,0.9132996096171813,True,0.00016199578810950914,1.0949309399345524
4849,com.mohit.ingenium.tca639::157,1,developer_plus_third_party,0,0,1.5180916127229758,0.9132996096171813,True,0.00016199578810950914,1.0949309399345524
4850,com.mohit.ingenium.tca639::157,1,developer_plus_third_party,0,0,1.5180916127229758,0.9132996096171813,True,0.00016199578810950914,1.0949309399345524
4851,com.mohit.ingenium.tca639::157,1,developer_plus_third_party,1,0,1.5180916127229758,0.9132996096171813,True,0.00016199578810950914,1.0949309399345524
4852,com.mohit.ingenium.tca639::157,1,developer_plus_third_party,1,0,1.5180916127229758,0.9132996096171813,True,0.00016199578810950914,1.0949309399345524
4853,com.mohit.ingenium.tca639::157,1,developer_plus_third_party,0,0,1.5180916127229758,0.9132996096171813,True,0.00016199578810950914,1.0949309399345524
4854,com.mohit.ingenium.tca639::157,1,developer_plus_third_party,0,0,1.5180916127229758,0.9132996096171813,True,0.00016199578810950914,1.0949309399345524
4855,com.mohit.ingenium.tca639::157,1,developer_plus_third_party,0,0,1.5180916127229758,0.9132996096171813,True,0.00016199578810950914,1.0949309399345524
4856,com.mohit.ingenium.tca639::157,1,developer_plus_third_party,0,0,1.5180916127229758,0.9132996096171813,True,0.00016199578810950914,1.0949309399345524
4857,com.mohit.ingenium.tca639::157,1,developer_plus_third_party,0,0,1.5180916127229758,0.9132996096171813,True,0.00016199578810950914,1.0949309399345524
4858,com.mohit.ingenium.tca639::157,1,developer_plus_third_party,1,0,1.5180916127229758,0.9132996096171813,True,0.00016199578810950914,1.0949309399345524
4859,com.mohit.ingenium.tca639::157,1,developer_plus_third_party,0,0,1.5180916127229758,0.9132996096171813,True,0.00016199578810950914,1.0949309399345524
4860,com.mohit.ingenium.tca639::157,1,developer_plus_third_party,0,0,1.5180916127229758,0.9132996096171813,True,0.00016199578810950914,1.0949309399345524
4861,com.mohit.ingenium.tca639::157,1,developer_plus_third_party,1,0,1.5180916127229758,0.9132996096171813,True,0.00016199578810950914,1.0949309399345524
4862,com.mohit.ingenium.tca639::157,1,developer_plus_third_party,1,0,1.5180916127229758,0.9132996096171813,True,0.00016199578810950914,1.0949309399345524
4863,com.mohit.ingenium.tca639::157,1,developer_plus_third_party,0,0,1.5180916127229758,0.9132996096171813,True,0.00016199578810950914,1.0949309399345524
4864,com.mohit.ingenium.tca639::157,1,developer_plus_third_party,0,0,1.5180916127229758,0.9132996096171813,True,0.00016199578810950914,1.0949309399345524
4865,com.mohit.ingenium.tca639::157,1,developer_plus_third_party,1,0,1.5180916127229758,0.9132996096171813,True,0.00016199578810950914,1.0949309399345524
4866,com.mohit.ingenium.tca639::157,1,developer_plus_third_party,1,0,1.5180916127229758,0.9132996096171813,True,0.00016199578810950914,1.0949309399345524
4867,com.mohit.ingenium.tca639::157,1,developer_plus_third_party,0,0,1.5180916127229758,0.9132996096171813,True,0.00016199578810950914,1.0949309399345524
4868,com.mohit.ingenium.tca639::157,1,developer_plus_third_party,1,0,1.5180916127229758,0.9132996096171813,True,0.00016199578810950914,1.0949309399345524
4869,com.mohit.ingenium.tca639::157,1,developer_plus_third_party,0,0,1.5180916127229758,0.9132996096171813,True,0.00016199578810950914,1.0949309399345524
4870,com.mohit.ingenium.tca639::157,1,developer_plus_third_party,1,0,1.5180916127229758,0.9132996096171813,True,0.00016199578810950914,1.0949309399345524
4871,com.mohit.ingenium.tca639::157,1,developer_plus_third_party,1,0,1.5180916127229758,0.9132996096171813,True,0.00016199578810950914,1.0949309399345524
4872,com.noursal.Al3qlwFadlhBook::1,1,developer_plus_third_party,1,0,-0.3823219641152743,0.8952199661292275,True,0.00016199578810950914,1.1170438974052632
4873,com.noursal.Al3qlwFadlhBook::1,1,developer_plus_third_party,1,0,-0.3823219641152743,0.8952199661292275,True,0.00016199578810950914,1.1170438974052632
4874,com.nupuit.agpc::5,1,developer_plus_third_party,1,0,0.19738763557367334,0.9010621384144595,True,0.00016199578810950914,1.109801374808218
4875,com.nupuit.agpc::5,1,developer_plus_third_party,1,0,0.19738763557367334,0.9010621384144595,True,0.00016199578810950914,1.109801374808218
4876,com.nupuit.agpc::5,1,developer_plus_third_party,1,0,0.19738763557367334,0.9010621384144595,True,0.00016199578810950914,1.109801374808218
4877,com.nupuit.agpc::5,1,developer_plus_third_party,1,0,0.19738763557367334,0.9010621384144595,True,0.00016199578810950914,1.109801374808218
4878,com.pegasustech.smartstores::10,1,developer_plus_third_party,1,0,-0.017274883326740535,0.8989334122477817,True,0.00016199578810950914,1.1124294484721637
4879,com.pegasustech.smartstores::10,1,developer_plus_third_party,1,0,-0.017274883326740535,0.8989334122477817,True,0.00016199578810950914,1.1124294484721637
4880,com.pegasustech.smartstores::10,1,developer_plus_third_party,1,0,-0.017274883326740535,0.8989334122477817,True,0.00016199578810950914,1.1124294484721637
4881,com.pegasustech.smartstores::10,1,developer_plus_third_party,1,0,-0.017274883326740535,0.8989334122477817,True,0.00016199578810950914,1.1124294484721637
4882,com.pegasustech.smartstores::10,1,developer_plus_third_party,1,0,-0.017274883326740535,0.8989334122477817,True,0.00016199578810950914,1.1124294484721637
4883,com.pegasustech.smartstores::10,1,developer_plus_third_party,1,0,-0.017274883326740535,0.8989334122477817,True,0.00016199578810950914,1.1124294484721637
4884,com.pegasustech.smartstores::10,1,developer_plus_third_party,1,0,-0.017274883326740535,0.8989334122477817,True,0.00016199578810950914,1.1124294484721637
4885,com.pegasustech.smartstores::10,1,developer_plus_third_party,1,0,-0.017274883326740535,0.8989334122477817,True,0.00016199578810950914,1.1124294484721637
4886,com.pegasustech.smartstores::10,1,developer_plus_third_party,1,0,-0.017274883326740535,0.8989334122477817,True,0.00016199578810950914,1.1124294484721637
4887,com.pegasustech.smartstores::10,1,developer_plus_third_party,1,0,-0.017274883326740535,0.8989334122477817,True,0.00016199578810950914,1.1124294484721637
4888,com.pegasustech.smartstores::10,1,developer_plus_third_party,0,0,-0.017274883326740535,0.8989334122477817,True,0.0017819536692046006,1.1124294484721637
4889,com.pegasustech.smartstores::10,1,developer_plus_third_party,1,0,-0.017274883326740535,0.8989334122477817,True,0.00016199578810950914,1.1124294484721637
4890,com.pegasustech.smartstores::10,1,developer_plus_third_party,1,0,-0.017274883326740535,0.8989334122477817,True,0.00016199578810950914,1.1124294484721637
4891,com.pegasustech.smartstores::10,1,developer_plus_third_party,1,0,-0.017274883326740535,0.8989334122477817,True,0.00016199578810950914,1.1124294484721637
4892,com.pegasustech.smartstores::10,1,developer_plus_third_party,1,0,-0.017274883326740535,0.8989334122477817,True,0.00016199578810950914,1.1124294484721637
4893,com.pegasustech.smartstores::10,1,developer_plus_third_party,0,0,-0.017274883326740535,0.8989334122477817,True,0.00016199578810950914,1.1124294484721637
4894,com.pegasustech.smartstores::10,1,developer_plus_third_party,0,0,-0.017274883326740535,0.8989334122477817,True,0.00016199578810950914,1.1124294484721637
4895,com.pegasustech.smartstores::10,1,developer_plus_third_party,0,0,-0.017274883326740535,0.8989334122477817,True,0.00016199578810950914,1.1124294484721637
4896,com.pegasustech.smartstores::10,1,developer_plus_third_party,0,0,-0.017274883326740535,0.8989334122477817,True,0.00016199578810950914,1.1124294484721637
4897,com.pegasustech.smartstores::10,1,developer_plus_third_party,0,0,-0.017274883326740535,0.8989334122477817,True,0.00016199578810950914,1.1124294484721637
4898,com.pegasustech.smartstores::10,1,developer_plus_third_party,0,0,-0.017274883326740535,0.8989334122477817,True,0.00016199578810950914,1.1124294484721637
4899,com.pegasustech.smartstores::10,1,developer_plus_third_party,0,0,-0.017274883326740535,0.8989334122477817,True,0.00016199578810950914,1.1124294484721637
4900,com.pegasustech.smartstores::10,1,developer_plus_third_party,0,0,-0.017274883326740535,0.8989334122477817,True,0.00016199578810950914,1.1124294484721637
4901,com.pegasustech.smartstores::10,1,developer_plus_third_party,0,0,-0.017274883326740535,0.8989334122477817,True,0.00016199578810950914,1.1124294484721637
4902,com.pegasustech.smartstores::10,1,developer_plus_third_party,0,0,-0.017274883326740535,0.8989334122477817,True,0.00016199578810950914,1.1124294484721637
4903,com.pegasustech.smartstores::10,1,developer_plus_third_party,0,0,-0.017274883326740535,0.8989334122477817,True,0.00016199578810950914,1.1124294484721637
4904,com.pegasustech.smartstores::10,1,developer_plus_third_party,0,0,-0.017274883326740535,0.8989334122477817,True,0.00016199578810950914,1.1124294484721637
4905,com.pegasustech.smartstores::10,1,developer_plus_third_party,0,0,-0.017274883326740535,0.8989334122477817,True,0.00016199578810950914,1.1124294484721637
4906,com.pegasustech.smartstores::10,1,developer_plus_third_party,0,0,-0.017274883326740535,0.8989334122477817,True,0.00016199578810950914,1.1124294484721637
4907,com.pegasustech.smartstores::10,1,developer_plus_third_party,0,0,-0.017274883326740535,0.8989334122477817,True,0.00016199578810950914,1.1124294484721637
4908,com.pegasustech.smartstores::10,1,developer_plus_third_party,0,0,-0.017274883326740535,0.8989334122477817,True,0.00016199578810950914,1.1124294484721637
4909,com.pegasustech.smartstores::10,1,developer_plus_third_party,0,0,-0.017274883326740535,0.8989334122477817,True,0.00016199578810950914,1.1124294484721637
4910,com.pegasustech.smartstores::10,1,developer_plus_third_party,0,0,-0.017274883326740535,0.8989334122477817,True,0.00016199578810950914,1.1124294484721637
4911,com.pilbeo.pilbeo_pumpkin_android::17,1,developer_plus_third_party,0,0,-0.5112103819320032,0.8938803308263953,True,0.00016199578810950914,1.1187179821660207
4912,com.pilbeo.pilbeo_pumpkin_android::17,1,developer_plus_third_party,1,0,-0.5112103819320032,0.8938803308263953,True,0.00016199578810950914,1.1187179821660207
4913,com.pilbeo.pilbeo_pumpkin_android::17,1,developer_plus_third_party,1,0,-0.5112103819320032,0.8938803308263953,True,0.00016199578810950914,1.1187179821660207
4914,com.pilbeo.pilbeo_pumpkin_android::17,1,developer_plus_third_party,0,0,-0.5112103819320032,0.8938803308263953,True,0.00016199578810950914,1.1187179821660207
4915,com.pilbeo.pilbeo_pumpkin_android::17,1,developer_plus_third_party,0,0,-0.5112103819320032,0.8938803308263953,True,0.00016199578810950914,1.1187179821660207
4916,com.pilbeo.pilbeo_pumpkin_android::17,1,developer_plus_third_party,0,0,-0.5112103819320032,0.8938803308263953,True,0.00016199578810950914,1.1187179821660207
4917,com.pilbeo.pilbeo_pumpkin_android::17,1,developer_plus_third_party,0,0,-0.5112103819320032,0.8938803308263953,True,0.00016199578810950914,1.1187179821660207
4918,com.pilbeo.pilbeo_pumpkin_android::17,1,developer_plus_third_party,1,0,-0.5112103819320032,0.8938803308263953,True,0.00016199578810950914,1.1187179821660207
4919,com.pilbeo.pilbeo_pumpkin_android::17,1,developer_plus_third_party,1,0,-0.5112103819320032,0.8938803308263953,True,0.00016199578810950914,1.1187179821660207
4920,com.pilbeo.pilbeo_pumpkin_android::17,1,developer_plus_third_party,1,0,-0.5112103819320032,0.8938803308263953,True,0.00016199578810950914,1.1187179821660207
4921,com.pilbeo.pilbeo_pumpkin_android::17,1,developer_plus_third_party,1,0,-0.5112103819320032,0.8938803308263953,True,0.00016199578810950914,1.1187179821660207
4922,com.pilbeo.pilbeo_pumpkin_android::17,1,developer_plus_third_party,1,0,-0.5112103819320032,0.8938803308263953,True,0.00016199578810950914,1.1187179821660207
4923,com.pilbeo.pilbeo_pumpkin_android::17,1,developer_plus_third_party,1,0,-0.5112103819320032,0.8938803308263953,True,0.00016199578810950914,1.1187179821660207
4924,com.pilbeo.pilbeo_pumpkin_android::17,1,developer_plus_third_party,0,0,-0.5112103819320032,0.8938803308263953,True,0.00016199578810950914,1.1187179821660207
4925,com.pilbeo.pilbeo_pumpkin_android::17,1,developer_plus_third_party,0,0,-0.5112103819320032,0.8938803308263953,True,0.00016199578810950914,1.1187179821660207
4926,com.pilbeo.pilbeo_pumpkin_android::17,1,developer_plus_third_party,0,0,-0.5112103819320032,0.8938803308263953,True,0.00016199578810950914,1.1187179821660207
4927,com.pilbeo.pilbeo_pumpkin_android::17,1,developer_plus_third_party,0,0,-0.5112103819320032,0.8938803308263953,True,0.00016199578810950914,1.1187179821660207
4928,com.pilbeo.pilbeo_pumpkin_android::17,1,developer_plus_third_party,0,0,-0.5112103819320032,0.8938803308263953,True,0.00016199578810950914,1.1187179821660207
4929,com.pilbeo.pilbeo_pumpkin_android::17,1,developer_plus_third_party,0,0,-0.5112103819320032,0.8938803308263953,True,0.00016199578810950914,1.1187179821660207
4930,com.pilbeo.pilbeo_pumpkin_android::17,1,developer_plus_third_party,0,0,-0.5112103819320032,0.8938803308263953,True,0.00016199578810950914,1.1187179821660207
4931,com.pilbeo.pilbeo_pumpkin_android::17,1,developer_plus_third_party,1,0,-0.5112103819320032,0.8938803308263953,True,0.00016199578810950914,1.1187179821660207
4932,com.pilbeo.pilbeo_pumpkin_android::17,1,developer_plus_third_party,1,0,-0.5112103819320032,0.8938803308263953,True,0.00016199578810950914,1.1187179821660207
4933,com.pioneers.misrel_mostaabal::1,1,developer_plus_third_party,0,0,-0.6096278869573926,0.8928472611903027,False,0.00016199578810950914,1.1200123957000734
4934,com.pioneers.misrel_mostaabal::1,1,developer_plus_third_party,0,0,-0.6096278869573926,0.8928472611903027,False,0.00016199578810950914,1.1200123957000734
4935,com.pioneers.misrel_mostaabal::1,1,developer_plus_third_party,0,0,-0.6096278869573926,0.8928472611903027,False,0.00016199578810950914,1.1200123957000734
4936,com.pioneers.misrel_mostaabal::1,1,developer_plus_third_party,0,0,-0.6096278869573926,0.8928472611903027,False,0.00016199578810950914,1.1200123957000734
4937,com.pioneers.misrel_mostaabal::1,1,developer_plus_third_party,0,0,-0.6096278869573926,0.8928472611903027,False,0.00016199578810950914,1.1200123957000734
4938,com.pioneers.misrel_mostaabal::1,1,developer_plus_third_party,0,0,-0.6096278869573926,0.8928472611903027,False,0.00016199578810950914,1.1200123957000734
4939,com.pioneers.misrel_mostaabal::1,1,developer_plus_third_party,0,0,-0.6096278869573926,0.8928472611903027,False,0.00016199578810950914,1.1200123957000734
4940,com.pioneers.misrel_mostaabal::1,1,developer_plus_third_party,1,0,-0.6096278869573926,0.8928472611903027,False,0.00016199578810950914,1.1200123957000734
4941,com.pioneers.misrel_mostaabal::1,1,developer_plus_third_party,1,0,-0.6096278869573926,0.8928472611903027,False,0.00016199578810950914,1.1200123957000734
4942,com.pioneers.wahtal_abnaa_al_alamia::4,1,developer_plus_third_party,0,0,-0.5721074717370269,0.8932421455659101,True,0.00016199578810950914,1.1195172607607469
4943,com.pioneers.wahtal_abnaa_al_alamia::4,1,developer_plus_third_party,0,0,-0.5721074717370269,0.8932421455659101,True,0.00016199578810950914,1.1195172607607469
4944,com.pioneers.wahtal_abnaa_al_alamia::4,1,developer_plus_third_party,0,0,-0.5721074717370269,0.8932421455659101,True,0.00016199578810950914,1.1195172607607469
4945,com.pioneers.wahtal_abnaa_al_alamia::4,1,developer_plus_third_party,0,0,-0.5721074717370269,0.8932421455659101,True,0.00016199578810950914,1.1195172607607469
4946,com.pioneers.wahtal_abnaa_al_alamia::4,1,developer_plus_third_party,0,0,-0.5721074717370269,0.8932421455659101,True,0.00016199578810950914,1.1195172607607469
4947,com.pioneers.wahtal_abnaa_al_alamia::4,1,developer_plus_third_party,0,0,-0.5721074717370269,0.8932421455659101,True,0.00016199578810950914,1.1195172607607469
4948,com.pioneers.wahtal_abnaa_al_alamia::4,1,developer_plus_third_party,0,0,-0.5721074717370269,0.8932421455659101,True,0.00016199578810950914,1.1195172607607469
4949,com.pioneers.wahtal_abnaa_al_alamia::4,1,developer_plus_third_party,1,0,-0.5721074717370269,0.8932421455659101,True,0.00016199578810950914,1.1195172607607469
4950,com.pioneers.wahtal_abnaa_al_alamia::4,1,developer_plus_third_party,1,0,-0.5721074717370269,0.8932421455659101,True,0.00016199578810950914,1.1195172607607469
4951,com.quantresearch.exam.ccrn::10,1,developer_plus_third_party,0,0,-0.37649534009350016,0.8952801724866,True,0.00016199578810950914,1.1169687777431119
4952,com.quantresearch.exam.ccrn::10,1,developer_plus_third_party,0,0,-0.37649534009350016,0.8952801724866,True,0.00016199578810950914,1.1169687777431119
4953,com.quantresearch.exam.ccrn::10,1,developer_plus_third_party,1,0,-0.37649534009350016,0.8952801724866,True,0.00016199578810950914,1.1169687777431119
4954,com.quantresearch.exam.ccrn::10,1,developer_plus_third_party,1,0,-0.37649534009350016,0.8952801724866,True,0.00016199578810950914,1.1169687777431119
4955,com.quantresearch.exam.ccrn::10,1,developer_plus_third_party,0,0,-0.37649534009350016,0.8952801724866,True,0.00016199578810950914,1.1169687777431119
4956,com.quantresearch.exam.ccrn::10,1,developer_plus_third_party,0,0,-0.37649534009350016,0.8952801724866,True,0.00016199578810950914,1.1169687777431119
4957,com.quantresearch.exam.ccrn::10,1,developer_plus_third_party,0,0,-0.37649534009350016,0.8952801724866,True,0.00016199578810950914,1.1169687777431119
4958,com.quantresearch.exam.ccrn::10,1,developer_plus_third_party,1,0,-0.37649534009350016,0.8952801724866,True,0.00016199578810950914,1.1169687777431119
4959,com.quantresearch.exam.ccrn::10,1,developer_plus_third_party,0,0,-0.37649534009350016,0.8952801724866,True,0.00016199578810950914,1.1169687777431119
4960,com.quantresearch.exam.ccrn::10,1,developer_plus_third_party,0,0,-0.37649534009350016,0.8952801724866,True,0.00016199578810950914,1.1169687777431119
4961,com.quantresearch.exam.ccrn::10,1,developer_plus_third_party,0,0,-0.37649534009350016,0.8952801724866,True,0.00016199578810950914,1.1169687777431119
4962,com.quantresearch.exam.ccrn::10,1,developer_plus_third_party,0,0,-0.37649534009350016,0.8952801724866,True,0.00016199578810950914,1.1169687777431119
4963,com.quantresearch.exam.ccrn::10,1,developer_plus_third_party,0,0,-0.37649534009350016,0.8952801724866,True,0.00016199578810950914,1.1169687777431119
4964,com.quantresearch.exam.ccrn::10,1,developer_plus_third_party,0,0,-0.37649534009350016,0.8952801724866,True,0.00016199578810950914,1.1169687777431119
4965,com.quantresearch.exam.ccrn::10,1,developer_plus_third_party,0,0,-0.37649534009350016,0.8952801724866,True,0.00016199578810950914,1.1169687777431119
4966,com.quantresearch.exam.ccrn::10,1,developer_plus_third_party,0,0,-0.37649534009350016,0.8952801724866,True,0.00016199578810950914,1.1169687777431119
4967,com.quantresearch.exam.ccrn::10,1,developer_plus_third_party,1,0,-0.37649534009350016,0.8952801724866,True,0.00016199578810950914,1.1169687777431119
4968,com.quantresearch.exam.ccrn::10,1,developer_plus_third_party,1,0,-0.37649534009350016,0.8952801724866,True,0.00016199578810950914,1.1169687777431119
4969,com.quantresearch.exam.ccrn::10,1,developer_plus_third_party,1,0,-0.37649534009350016,0.8952801724866,True,0.00016199578810950914,1.1169687777431119
4970,com.quantresearch.exam.ccrn::10,1,developer_plus_third_party,1,0,-0.37649534009350016,0.8952801724866,True,0.00016199578810950914,1.1169687777431119
4971,com.quantresearch.exam.ccrn::10,1,developer_plus_third_party,1,0,-0.37649534009350016,0.8952801724866,True,0.00016199578810950914,1.1169687777431119
4972,com.quantresearch.exam.ccrn::10,1,developer_plus_third_party,1,0,-0.37649534009350016,0.8952801724866,True,0.00016199578810950914,1.1169687777431119
4973,com.quantresearch.exam.ccrn::10,1,developer_plus_third_party,0,0,-0.37649534009350016,0.8952801724866,True,0.00016199578810950914,1.1169687777431119
4974,com.quantresearch.exam.ccrn::10,1,developer_plus_third_party,1,0,-0.37649534009350016,0.8952801724866,True,0.00016199578810950914,1.1169687777431119
4975,com.quantresearch.exam.ccrn::10,1,developer_plus_third_party,1,0,-0.37649534009350016,0.8952801724866,True,0.00016199578810950914,1.1169687777431119
4976,com.quantresearch.exam.ccrn::10,1,developer_plus_third_party,1,0,-0.37649534009350016,0.8952801724866,True,0.00016199578810950914,1.1169687777431119
4977,com.rsmnm.driver::26,1,developer_plus_third_party,1,0,0.1425984263979192,0.9005226389378151,True,0.0006479831524380366,1.1104662523304472
4978,com.rsmnm.driver::26,1,developer_plus_third_party,1,0,0.1425984263979192,0.9005226389378151,True,0.00016199578810950914,1.1104662523304472
4979,com.rsmnm.driver::26,1,developer_plus_third_party,1,0,0.1425984263979192,0.9005226389378151,True,0.00016199578810950914,1.1104662523304472
4980,com.rsmnm.driver::26,1,developer_plus_third_party,1,0,0.1425984263979192,0.9005226389378151,True,0.00016199578810950914,1.1104662523304472
4981,com.rsmnm.driver::26,1,developer_plus_third_party,1,0,0.1425984263979192,0.9005226389378151,True,0.00016199578810950914,1.1104662523304472
4982,com.rsmnm.driver::26,1,developer_plus_third_party,1,0,0.1425984263979192,0.9005226389378151,True,0.00016199578810950914,1.1104662523304472
4983,com.rsmnm.driver::26,1,developer_plus_third_party,1,0,0.1425984263979192,0.9005226389378151,True,0.00016199578810950914,1.1104662523304472
4984,com.rsmnm.driver::26,1,developer_plus_third_party,1,0,0.1425984263979192,0.9005226389378151,True,0.00016199578810950914,1.1104662523304472
4985,com.schoolmatenuvo.pierrepaul::100,1,developer_plus_third_party,1,0,-0.22344321151756963,0.8968507481064246,True,0.00016199578810950914,1.1150127288307008
4986,com.schoolmatenuvo.pierrepaul::100,1,developer_plus_third_party,0,0,-0.22344321151756963,0.8968507481064246,True,0.0003239915762190183,1.1150127288307008
4987,com.schoolmatenuvo.pierrepaul::100,1,developer_plus_third_party,1,0,-0.22344321151756963,0.8968507481064246,True,0.00016199578810950914,1.1150127288307008
4988,com.schoolmatenuvo.pierrepaul::100,1,developer_plus_third_party,1,0,-0.22344321151756963,0.8968507481064246,True,0.00016199578810950914,1.1150127288307008
4989,com.schoolmatenuvo.pierrepaul::100,1,developer_plus_third_party,1,0,-0.22344321151756963,0.8968507481064246,True,0.00016199578810950914,1.1150127288307008
4990,com.schoolmatenuvo.pierrepaul::100,1,developer_plus_third_party,1,0,-0.22344321151756963,0.8968507481064246,True,0.00016199578810950914,1.1150127288307008
4991,com.schoolmatenuvo.pierrepaul::100,1,developer_plus_third_party,0,0,-0.22344321151756963,0.8968507481064246,True,0.00016199578810950914,1.1150127288307008
4992,com.schoolmatenuvo.pierrepaul::100,1,developer_plus_third_party,0,0,-0.22344321151756963,0.8968507481064246,True,0.00016199578810950914,1.1150127288307008
4993,com.schoolmatenuvo.pierrepaul::100,1,developer_plus_third_party,0,0,-0.22344321151756963,0.8968507481064246,True,0.00016199578810950914,1.1150127288307008
4994,com.schoolmatenuvo.pierrepaul::100,1,developer_plus_third_party,0,0,-0.22344321151756963,0.8968507481064246,True,0.00016199578810950914,1.1150127288307008
4995,com.schoolmatenuvo.pierrepaul::100,1,developer_plus_third_party,0,0,-0.22344321151756963,0.8968507481064246,True,0.00016199578810950914,1.1150127288307008
4996,com.schoolmatenuvo.pierrepaul::100,1,developer_plus_third_party,0,0,-0.22344321151756963,0.8968507481064246,True,0.00016199578810950914,1.1150127288307008
4997,com.schoolmatenuvo.pierrepaul::100,1,developer_plus_third_party,0,0,-0.22344321151756963,0.8968507481064246,True,0.00016199578810950914,1.1150127288307008
4998,com.schoolmatenuvo.pierrepaul::100,1,developer_plus_third_party,1,0,-0.22344321151756963,0.8968507481064246,True,0.00016199578810950914,1.1150127288307008
4999,com.schoolmatenuvo.pierrepaul::100,1,developer_plus_third_party,1,0,-0.22344321151756963,0.8968507481064246,True,0.00016199578810950914,1.1150127288307008
5000,com.service.madactylo::3,1,developer_plus_third_party,0,0,-0.4436851018465446,0.8945840445800999,True,0.00016199578810950914,1.1178379561524376
5001,com.service.madactylo::3,1,developer_plus_third_party,1,0,-0.4436851018465446,0.8945840445800999,True,0.00016199578810950914,1.1178379561524376
5002,com.service.madactylo::3,1,developer_plus_third_party,1,0,-0.4436851018465446,0.8945840445800999,True,0.00016199578810950914,1.1178379561524376
5003,com.service.madactylo::3,1,developer_plus_third_party,1,0,-0.4436851018465446,0.8945840445800999,True,0.00016199578810950914,1.1178379561524376
5004,com.service.madactylo::3,1,developer_plus_third_party,0,0,-0.4436851018465446,0.8945840445800999,True,0.00016199578810950914,1.1178379561524376
5005,com.service.madactylo::3,1,developer_plus_third_party,0,0,-0.4436851018465446,0.8945840445800999,True,0.00016199578810950914,1.1178379561524376
5006,com.service.madactylo::3,1,developer_plus_third_party,0,0,-0.4436851018465446,0.8945840445800999,True,0.00016199578810950914,1.1178379561524376
5007,com.service.madactylo::3,1,developer_plus_third_party,0,0,-0.4436851018465446,0.8945840445800999,True,0.00016199578810950914,1.1178379561524376
5008,com.service.madactylo::3,1,developer_plus_third_party,0,0,-0.4436851018465446,0.8945840445800999,True,0.00016199578810950914,1.1178379561524376
5009,com.service.madactylo::3,1,developer_plus_third_party,0,0,-0.4436851018465446,0.8945840445800999,True,0.00016199578810950914,1.1178379561524376
5010,com.service.madactylo::3,1,developer_plus_third_party,0,0,-0.4436851018465446,0.8945840445800999,True,0.00016199578810950914,1.1178379561524376
5011,com.service.madactylo::3,1,developer_plus_third_party,0,0,-0.4436851018465446,0.8945840445800999,True,0.00016199578810950914,1.1178379561524376
5012,com.service.madactylo::3,1,developer_plus_third_party,0,0,-0.4436851018465446,0.8945840445800999,True,0.00016199578810950914,1.1178379561524376
5013,com.service.madactylo::3,1,developer_plus_third_party,0,0,-0.4436851018465446,0.8945840445800999,True,0.00016199578810950914,1.1178379561524376
5014,com.service.madactylo::3,1,developer_plus_third_party,0,0,-0.4436851018465446,0.8945840445800999,True,0.00016199578810950914,1.1178379561524376
5015,com.service.madactylo::3,1,developer_plus_third_party,0,0,-0.4436851018465446,0.8945840445800999,True,0.00016199578810950914,1.1178379561524376
5016,com.service.madactylo::3,1,developer_plus_third_party,0,0,-0.4436851018465446,0.8945840445800999,True,0.00016199578810950914,1.1178379561524376
5017,com.service.madactylo::3,1,developer_plus_third_party,0,0,-0.4436851018465446,0.8945840445800999,True,0.00016199578810950914,1.1178379561524376
5018,com.service.madactylo::3,1,developer_plus_third_party,0,0,-0.4436851018465446,0.8945840445800999,True,0.00016199578810950914,1.1178379561524376
5019,com.service.madactylo::3,1,developer_plus_third_party,0,0,-0.4436851018465446,0.8945840445800999,True,0.00016199578810950914,1.1178379561524376
5020,com.service.madactylo::3,1,developer_plus_third_party,0,0,-0.4436851018465446,0.8945840445800999,True,0.00016199578810950914,1.1178379561524376
5021,com.service.madactylo::3,1,developer_plus_third_party,0,0,-0.4436851018465446,0.8945840445800999,True,0.00016199578810950914,1.1178379561524376
5022,com.shoutcast.stm.radiosupergospelpr::1,1,developer_plus_third_party,0,0,-0.5015688571944144,0.8939810626086233,True,0.00016199578810950914,1.1185919275314569
5023,com.shoutcast.stm.radiosupergospelpr::1,1,developer_plus_third_party,0,0,-0.5015688571944144,0.8939810626086233,True,0.00016199578810950914,1.1185919275314569
5024,com.shoutcast.stm.radiosupergospelpr::1,1,developer_plus_third_party,1,0,-0.5015688571944144,0.8939810626086233,True,0.00016199578810950914,1.1185919275314569
5025,com.shoutcast.stm.radiosupergospelpr::1,1,developer_plus_third_party,0,0,-0.5015688571944144,0.8939810626086233,True,0.00016199578810950914,1.1185919275314569
5026,com.shoutcast.stm.radiosupergospelpr::1,1,developer_plus_third_party,0,0,-0.5015688571944144,0.8939810626086233,True,0.00016199578810950914,1.1185919275314569
5027,com.yardi.systems.rentcafe.resident.thomassafran.astra::2,1,developer_plus_third_party,1,0,-0.3485817221067754,0.8955681796274103,True,0.004211890490847235,1.1166095700452836
5028,com.yardi.systems.rentcafe.resident.thomassafran.astra::2,1,developer_plus_third_party,1,0,-0.3485817221067754,0.8955681796274103,True,0.00016199578810950914,1.1166095700452836
5029,com.yardi.systems.rentcafe.resident.thomassafran.astra::2,1,developer_plus_third_party,0,0,-0.3485817221067754,0.8955681796274103,True,0.00016199578810950914,1.1166095700452836
5030,com.yardi.systems.rentcafe.resident.thomassafran.astra::2,1,developer_plus_third_party,0,0,-0.3485817221067754,0.8955681796274103,True,0.00016199578810950914,1.1166095700452836
5031,com.yardi.systems.rentcafe.resident.thomassafran.astra::2,1,developer_plus_third_party,0,0,-0.3485817221067754,0.8955681796274103,True,0.00016199578810950914,1.1166095700452836
5032,com.yardi.systems.rentcafe.resident.thomassafran.astra::2,1,developer_plus_third_party,1,0,-0.3485817221067754,0.8955681796274103,True,0.00016199578810950914,1.1166095700452836
5033,com.yardi.systems.rentcafe.resident.thomassafran.astra::2,1,developer_plus_third_party,1,0,-0.3485817221067754,0.8955681796274103,True,0.00016199578810950914,1.1166095700452836
5034,com.yardi.systems.rentcafe.resident.thomassafran.astra::2,1,developer_plus_third_party,0,0,-0.3485817221067754,0.8955681796274103,True,0.00016199578810950914,1.1166095700452836
5035,com.yardi.systems.rentcafe.resident.thomassafran.astra::2,1,developer_plus_third_party,0,0,-0.3485817221067754,0.8955681796274103,True,0.00016199578810950914,1.1166095700452836
5036,com.yardi.systems.rentcafe.resident.thomassafran.astra::2,1,developer_plus_third_party,0,0,-0.3485817221067754,0.8955681796274103,True,0.00016199578810950914,1.1166095700452836
5037,com.yardi.systems.rentcafe.resident.thomassafran.astra::2,1,developer_plus_third_party,0,0,-0.3485817221067754,0.8955681796274103,True,0.00016199578810950914,1.1166095700452836
5038,com.yardi.systems.rentcafe.resident.thomassafran.astra::2,1,developer_plus_third_party,0,0,-0.3485817221067754,0.8955681796274103,True,0.00016199578810950914,1.1166095700452836
5039,com.yardi.systems.rentcafe.resident.thomassafran.astra::2,1,developer_plus_third_party,0,0,-0.3485817221067754,0.8955681796274103,True,0.00016199578810950914,1.1166095700452836
5040,com.yardi.systems.rentcafe.resident.thomassafran.astra::2,1,developer_plus_third_party,1,0,-0.3485817221067754,0.8955681796274103,True,0.00016199578810950914,1.1166095700452836
5041,com.yardi.systems.rentcafe.resident.thomassafran.astra::2,1,developer_plus_third_party,0,0,-0.3485817221067754,0.8955681796274103,True,0.00016199578810950914,1.1166095700452836
5042,com.yardi.systems.rentcafe.resident.thomassafran.astra::2,1,developer_plus_third_party,0,0,-0.3485817221067754,0.8955681796274103,True,0.00016199578810950914,1.1166095700452836
5043,com.yardi.systems.rentcafe.resident.thomassafran.astra::2,1,developer_plus_third_party,0,0,-0.3485817221067754,0.8955681796274103,True,0.00016199578810950914,1.1166095700452836
5044,com.yardi.systems.rentcafe.resident.thomassafran.astra::2,1,developer_plus_third_party,0,0,-0.3485817221067754,0.8955681796274103,True,0.00016199578810950914,1.1166095700452836
5045,com.yardi.systems.rentcafe.resident.thomassafran.astra::2,1,developer_plus_third_party,0,0,-0.3485817221067754,0.8955681796274103,True,0.00016199578810950914,1.1166095700452836
5046,com.yardi.systems.rentcafe.resident.thomassafran.astra::2,1,developer_plus_third_party,0,0,-0.3485817221067754,0.8955681796274103,True,0.00016199578810950914,1.1166095700452836
5047,com.yardi.systems.rentcafe.resident.thomassafran.astra::2,1,developer_plus_third_party,0,0,-0.3485817221067754,0.8955681796274103,True,0.00016199578810950914,1.1166095700452836
5048,com.yardi.systems.rentcafe.resident.thomassafran.astra::2,1,developer_plus_third_party,0,0,-0.3485817221067754,0.8955681796274103,True,0.00016199578810950914,1.1166095700452836
5049,com.yardi.systems.rentcafe.resident.thomassafran.astra::2,1,developer_plus_third_party,1,0,-0.3485817221067754,0.8955681796274103,True,0.00016199578810950914,1.1166095700452836
5050,com.yardi.systems.rentcafe.resident.thomassafran.astra::2,1,developer_plus_third_party,0,0,-0.3485817221067754,0.8955681796274103,True,0.00016199578810950914,1.1166095700452836
5051,com.yardi.systems.rentcafe.resident.thomassafran.astra::2,1,developer_plus_third_party,0,0,-0.3485817221067754,0.8955681796274103,True,0.00016199578810950914,1.1166095700452836
5052,conversor.conversaotaxasbasico.krwisk::37,1,developer_plus_third_party,1,0,-0.3723725945249799,0.8953227542550861,True,0.00016199578810950914,1.116915654435708
5053,conversor.conversaotaxasbasico.krwisk::37,1,developer_plus_third_party,1,0,-0.3723725945249799,0.8953227542550861,True,0.00016199578810950914,1.116915654435708
5054,conversor.conversaotaxasbasico.krwisk::37,1,developer_plus_third_party,1,0,-0.3723725945249799,0.8953227542550861,True,0.00016199578810950914,1.116915654435708
5055,conversor.conversaotaxasbasico.krwisk::37,1,developer_plus_third_party,1,0,-0.3723725945249799,0.8953227542550861,True,0.00016199578810950914,1.116915654435708
5056,conversor.conversaotaxasbasico.krwisk::37,1,developer_plus_third_party,0,0,-0.3723725945249799,0.8953227542550861,True,0.00016199578810950914,1.116915654435708
5057,es.wemakeit.couto::51,1,developer_plus_third_party,0,0,-0.12792352376606275,0.897820347244069,True,0.00016199578810950914,1.1138085732514078
5058,es.wemakeit.couto::51,1,developer_plus_third_party,0,0,-0.12792352376606275,0.897820347244069,True,0.00016199578810950914,1.1138085732514078
5059,es.wemakeit.couto::51,1,developer_plus_third_party,0,0,-0.12792352376606275,0.897820347244069,True,0.00016199578810950914,1.1138085732514078
5060,es.wemakeit.couto::51,1,developer_plus_third_party,0,0,-0.12792352376606275,0.897820347244069,True,0.00016199578810950914,1.1138085732514078
5061,es.wemakeit.couto::51,1,developer_plus_third_party,1,0,-0.12792352376606275,0.897820347244069,True,0.00016199578810950914,1.1138085732514078
5062,es.wemakeit.couto::51,1,developer_plus_third_party,0,0,-0.12792352376606275,0.897820347244069,True,0.00016199578810950914,1.1138085732514078
5063,es.wemakeit.couto::51,1,developer_plus_third_party,1,0,-0.12792352376606275,0.897820347244069,True,0.00016199578810950914,1.1138085732514078
5064,es.wemakeit.couto::51,1,developer_plus_third_party,1,0,-0.12792352376606275,0.897820347244069,True,0.00016199578810950914,1.1138085732514078
5065,es.wemakeit.couto::51,1,developer_plus_third_party,1,0,-0.12792352376606275,0.897820347244069,True,0.00016199578810950914,1.1138085732514078
5066,es.wemakeit.couto::51,1,developer_plus_third_party,1,0,-0.12792352376606275,0.897820347244069,True,0.00016199578810950914,1.1138085732514078
5067,es.wemakeit.couto::51,1,developer_plus_third_party,1,0,-0.12792352376606275,0.897820347244069,True,0.00016199578810950914,1.1138085732514078
5068,es.wemakeit.couto::51,1,developer_plus_third_party,0,0,-0.12792352376606275,0.897820347244069,True,0.00016199578810950914,1.1138085732514078
5069,es.wemakeit.couto::51,1,developer_plus_third_party,0,0,-0.12792352376606275,0.897820347244069,True,0.00016199578810950914,1.1138085732514078
5070,es.wemakeit.couto::51,1,developer_plus_third_party,0,0,-0.12792352376606275,0.897820347244069,True,0.00016199578810950914,1.1138085732514078
5071,es.wemakeit.couto::51,1,developer_plus_third_party,0,0,-0.12792352376606275,0.897820347244069,True,0.00016199578810950914,1.1138085732514078
5072,es.wemakeit.couto::51,1,developer_plus_third_party,0,0,-0.12792352376606275,0.897820347244069,True,0.00016199578810950914,1.1138085732514078
5073,es.wemakeit.couto::51,1,developer_plus_third_party,0,0,-0.12792352376606275,0.897820347244069,True,0.00016199578810950914,1.1138085732514078
5074,es.wemakeit.couto::51,1,developer_plus_third_party,0,0,-0.12792352376606275,0.897820347244069,True,0.00016199578810950914,1.1138085732514078
5075,es.wemakeit.couto::51,1,developer_plus_third_party,0,0,-0.12792352376606275,0.897820347244069,True,0.00016199578810950914,1.1138085732514078
5076,es.wemakeit.couto::51,1,developer_plus_third_party,0,0,-0.12792352376606275,0.897820347244069,True,0.00016199578810950914,1.1138085732514078
5077,es.wemakeit.couto::51,1,developer_plus_third_party,0,0,-0.12792352376606275,0.897820347244069,True,0.00016199578810950914,1.1138085732514078
5078,es.wemakeit.couto::51,1,developer_plus_third_party,0,0,-0.12792352376606275,0.897820347244069,True,0.00016199578810950914,1.1138085732514078
5079,es.wemakeit.couto::51,1,developer_plus_third_party,0,0,-0.12792352376606275,0.897820347244069,True,0.00016199578810950914,1.1138085732514078
5080,es.wemakeit.couto::51,1,developer_plus_third_party,0,0,-0.12792352376606275,0.897820347244069,True,0.00016199578810950914,1.1138085732514078
5081,es.wemakeit.couto::51,1,developer_plus_third_party,0,0,-0.12792352376606275,0.897820347244069,True,0.00016199578810950914,1.1138085732514078
5082,es.wemakeit.couto::51,1,developer_plus_third_party,0,0,-0.12792352376606275,0.897820347244069,True,0.00016199578810950914,1.1138085732514078
5083,es.wemakeit.couto::51,1,developer_plus_third_party,0,0,-0.12792352376606275,0.897820347244069,True,0.00016199578810950914,1.1138085732514078
5084,es.wemakeit.couto::51,1,developer_plus_third_party,0,0,-0.12792352376606275,0.897820347244069,True,0.00016199578810950914,1.1138085732514078
5085,es.wemakeit.couto::51,1,developer_plus_third_party,0,0,-0.12792352376606275,0.897820347244069,True,0.00016199578810950914,1.1138085732514078
5086,es.wemakeit.couto::51,1,developer_plus_third_party,0,0,-0.12792352376606275,0.897820347244069,True,0.00016199578810950914,1.1138085732514078
5087,es.wemakeit.couto::51,1,developer_plus_third_party,0,0,-0.12792352376606275,0.897820347244069,True,0.00016199578810950914,1.1138085732514078
5088,es.wemakeit.couto::51,1,developer_plus_third_party,0,0,-0.12792352376606275,0.897820347244069,True,0.00016199578810950914,1.1138085732514078
5089,es.wemakeit.couto::51,1,developer_plus_third_party,0,0,-0.12792352376606275,0.897820347244069,True,0.00016199578810950914,1.1138085732514078
5090,hu.tell.tellmonapp::22,1,developer_plus_third_party,0,0,-0.5895242796198327,0.8930590016047693,True,0.00016199578810950914,1.1197468456205746
5091,hu.tell.tellmonapp::22,1,developer_plus_third_party,1,0,-0.5895242796198327,0.8930590016047693,True,0.00016199578810950914,1.1197468456205746
5092,hu.tell.tellmonapp::22,1,developer_plus_third_party,1,0,-0.5895242796198327,0.8930590016047693,True,0.0006479831524380366,1.1197468456205746
5093,ie.flipdish.fd24065::64301,1,developer_plus_third_party,1,0,0.1296692440383095,0.9003949465481758,True,0.00016199578810950914,1.1106237366543181
5094,ie.flipdish.fd24065::64301,1,developer_plus_third_party,0,0,0.1296692440383095,0.9003949465481758,True,0.00016199578810950914,1.1106237366543181
5095,ie.flipdish.fd24065::64301,1,developer_plus_third_party,0,0,0.1296692440383095,0.9003949465481758,True,0.00016199578810950914,1.1106237366543181
5096,ie.flipdish.fd24065::64301,1,developer_plus_third_party,0,0,0.1296692440383095,0.9003949465481758,True,0.00016199578810950914,1.1106237366543181
5097,ie.flipdish.fd24065::64301,1,developer_plus_third_party,1,0,0.1296692440383095,0.9003949465481758,True,0.00016199578810950914,1.1106237366543181
5098,ie.flipdish.fd24065::64301,1,developer_plus_third_party,0,0,0.1296692440383095,0.9003949465481758,True,0.00016199578810950914,1.1106237366543181
5099,ie.flipdish.fd24065::64301,1,developer_plus_third_party,0,0,0.1296692440383095,0.9003949465481758,True,0.00016199578810950914,1.1106237366543181
5100,ie.flipdish.fd24065::64301,1,developer_plus_third_party,1,0,0.1296692440383095,0.9003949465481758,True,0.00016199578810950914,1.1106237366543181
5101,ie.flipdish.fd24065::64301,1,developer_plus_third_party,0,0,0.1296692440383095,0.9003949465481758,True,0.00016199578810950914,1.1106237366543181
5102,ie.flipdish.fd24065::64301,1,developer_plus_third_party,1,0,0.1296692440383095,0.9003949465481758,True,0.00016199578810950914,1.1106237366543181
5103,ie.flipdish.fd24065::64301,1,developer_plus_third_party,1,0,0.1296692440383095,0.9003949465481758,True,0.00016199578810950914,1.1106237366543181
5104,ie.flipdish.fd24065::64301,1,developer_plus_third_party,0,0,0.1296692440383095,0.9003949465481758,True,0.00016199578810950914,1.1106237366543181
5105,ie.flipdish.fd24065::64301,1,developer_plus_third_party,0,0,0.1296692440383095,0.9003949465481758,True,0.00016199578810950914,1.1106237366543181
5106,ie.flipdish.fd24065::64301,1,developer_plus_third_party,1,0,0.1296692440383095,0.9003949465481758,True,0.00016199578810950914,1.1106237366543181
5107,ie.flipdish.fd24065::64301,1,developer_plus_third_party,0,0,0.1296692440383095,0.9003949465481758,True,0.00016199578810950914,1.1106237366543181
5108,ie.flipdish.fd24065::64301,1,developer_plus_third_party,1,0,0.1296692440383095,0.9003949465481758,True,0.00016199578810950914,1.1106237366543181
5109,ie.flipdish.fd24065::64301,1,developer_plus_third_party,0,0,0.1296692440383095,0.9003949465481758,True,0.00016199578810950914,1.1106237366543181
5110,ie.flipdish.fd24065::64301,1,developer_plus_third_party,0,0,0.1296692440383095,0.9003949465481758,True,0.00016199578810950914,1.1106237366543181
5111,ie.flipdish.fd24065::64301,1,developer_plus_third_party,0,0,0.1296692440383095,0.9003949465481758,True,0.00016199578810950914,1.1106237366543181
5112,ie.flipdish.fd24065::64301,1,developer_plus_third_party,0,0,0.1296692440383095,0.9003949465481758,True,0.00016199578810950914,1.1106237366543181
5113,ie.flipdish.fd24065::64301,1,developer_plus_third_party,0,0,0.1296692440383095,0.9003949465481758,True,0.00016199578810950914,1.1106237366543181
5114,ie.flipdish.fd24065::64301,1,developer_plus_third_party,1,0,0.1296692440383095,0.9003949465481758,True,0.00016199578810950914,1.1106237366543181
5115,ie.flipdish.fd24065::64301,1,developer_plus_third_party,1,0,0.1296692440383095,0.9003949465481758,True,0.00016199578810950914,1.1106237366543181
5116,ie.flipdish.fd24065::64301,1,developer_plus_third_party,0,0,0.1296692440383095,0.9003949465481758,True,0.00016199578810950914,1.1106237366543181
5117,ie.flipdish.fd24065::64301,1,developer_plus_third_party,0,0,0.1296692440383095,0.9003949465481758,True,0.00016199578810950914,1.1106237366543181
5118,ie.flipdish.fd24065::64301,1,developer_plus_third_party,1,0,0.1296692440383095,0.9003949465481758,True,0.00016199578810950914,1.1106237366543181
5119,ie.flipdish.fd24065::64301,1,developer_plus_third_party,0,0,0.1296692440383095,0.9003949465481758,True,0.00016199578810950914,1.1106237366543181
5120,ie.flipdish.fd24065::64301,1,developer_plus_third_party,1,0,0.1296692440383095,0.9003949465481758,True,0.00016199578810950914,1.1106237366543181
5121,ie.flipdish.fd24065::64301,1,developer_plus_third_party,1,0,0.1296692440383095,0.9003949465481758,True,0.00016199578810950914,1.1106237366543181
5122,io.mimin.keyboard::5,1,developer_plus_third_party,0,0,-0.520456037240907,0.8937836557573777,True,0.00016199578810950914,1.1188389869946953
5123,io.mimin.keyboard::5,1,developer_plus_third_party,1,0,-0.520456037240907,0.8937836557573777,True,0.00016199578810950914,1.1188389869946953
5124,io.mimin.keyboard::5,1,developer_plus_third_party,1,0,-0.520456037240907,0.8937836557573777,True,0.00016199578810950914,1.1188389869946953
5125,io.mimin.keyboard::5,1,developer_plus_third_party,1,0,-0.520456037240907,0.8937836557573777,True,0.00016199578810950914,1.1188389869946953
5126,io.mimin.keyboard::5,1,developer_plus_third_party,1,0,-0.520456037240907,0.8937836557573777,True,0.00016199578810950914,1.1188389869946953
5127,io.mimin.keyboard::5,1,developer_plus_third_party,0,0,-0.520456037240907,0.8937836557573777,True,0.00016199578810950914,1.1188389869946953
5128,io.mimin.keyboard::5,1,developer_plus_third_party,0,0,-0.520456037240907,0.8937836557573777,True,0.00016199578810950914,1.1188389869946953
5129,io.mimin.keyboard::5,1,developer_plus_third_party,0,0,-0.520456037240907,0.8937836557573777,True,0.00016199578810950914,1.1188389869946953
5130,io.mimin.keyboard::5,1,developer_plus_third_party,0,0,-0.520456037240907,0.8937836557573777,True,0.00016199578810950914,1.1188389869946953
5131,io.mimin.keyboard::5,1,developer_plus_third_party,0,0,-0.520456037240907,0.8937836557573777,True,0.00016199578810950914,1.1188389869946953
5132,io.mimin.keyboard::5,1,developer_plus_third_party,0,0,-0.520456037240907,0.8937836557573777,True,0.00016199578810950914,1.1188389869946953
5133,io.mimin.keyboard::5,1,developer_plus_third_party,0,0,-0.520456037240907,0.8937836557573777,True,0.00016199578810950914,1.1188389869946953
5134,io.mimin.keyboard::5,1,developer_plus_third_party,0,0,-0.520456037240907,0.8937836557573777,True,0.00016199578810950914,1.1188389869946953
5135,io.mimin.keyboard::5,1,developer_plus_third_party,0,0,-0.520456037240907,0.8937836557573777,True,0.00016199578810950914,1.1188389869946953
5136,io.mimin.keyboard::5,1,developer_plus_third_party,0,0,-0.520456037240907,0.8937836557573777,True,0.00016199578810950914,1.1188389869946953
5137,io.mimin.keyboard::5,1,developer_plus_third_party,0,0,-0.520456037240907,0.8937836557573777,True,0.00016199578810950914,1.1188389869946953
5138,io.mimin.keyboard::5,1,developer_plus_third_party,0,0,-0.520456037240907,0.8937836557573777,True,0.00016199578810950914,1.1188389869946953
5139,io.mimin.keyboard::5,1,developer_plus_third_party,0,0,-0.520456037240907,0.8937836557573777,True,0.00016199578810950914,1.1188389869946953
5140,io.mimin.keyboard::5,1,developer_plus_third_party,0,0,-0.520456037240907,0.8937836557573777,True,0.00016199578810950914,1.1188389869946953
5141,io.mimin.keyboard::5,1,developer_plus_third_party,0,0,-0.520456037240907,0.8937836557573777,True,0.00016199578810950914,1.1188389869946953
5142,io.mimin.keyboard::5,1,developer_plus_third_party,0,0,-0.520456037240907,0.8937836557573777,True,0.00016199578810950914,1.1188389869946953
5143,io.mimin.keyboard::5,1,developer_plus_third_party,0,0,-0.520456037240907,0.8937836557573777,True,0.00016199578810950914,1.1188389869946953
5144,io.mimin.keyboard::5,1,developer_plus_third_party,0,0,-0.520456037240907,0.8937836557573777,True,0.00016199578810950914,1.1188389869946953
5145,net.wdsvlc.usa_radio_chicago_illinois_united_states::24,1,developer_plus_third_party,1,0,-0.36786320402101086,0.8953693119755454,True,0.00016199578810950914,1.1168575766725768
5146,net.wdsvlc.usa_radio_chicago_illinois_united_states::24,1,developer_plus_third_party,1,0,-0.36786320402101086,0.8953693119755454,True,0.00016199578810950914,1.1168575766725768
5147,net.wdsvlc.usa_radio_chicago_illinois_united_states::24,1,developer_plus_third_party,1,0,-0.36786320402101086,0.8953693119755454,True,0.00016199578810950914,1.1168575766725768
5148,translateapp.chinese.english::1,1,developer_plus_third_party,1,0,-0.23749108977258732,0.8967074663075865,True,0.00016199578810950914,1.1151908928758516
5149,translateapp.chinese.english::1,1,developer_plus_third_party,0,0,-0.23749108977258732,0.8967074663075865,True,0.00016199578810950914,1.1151908928758516
5150,translateapp.chinese.english::1,1,developer_plus_third_party,1,0,-0.23749108977258732,0.8967074663075865,True,0.00016199578810950914,1.1151908928758516
5151,translateapp.chinese.english::1,1,developer_plus_third_party,1,0,-0.23749108977258732,0.8967074663075865,True,0.00016199578810950914,1.1151908928758516
5152,translateapp.chinese.english::1,1,developer_plus_third_party,1,0,-0.23749108977258732,0.8967074663075865,True,0.00016199578810950914,1.1151908928758516
5153,translateapp.chinese.english::1,1,developer_plus_third_party,1,0,-0.23749108977258732,0.8967074663075865,True,0.00016199578810950914,1.1151908928758516
5154,translateapp.chinese.english::1,1,developer_plus_third_party,1,0,-0.23749108977258732,0.8967074663075865,True,0.00016199578810950914,1.1151908928758516
5155,translateapp.chinese.english::1,1,developer_plus_third_party,1,0,-0.23749108977258732,0.8967074663075865,True,0.00016199578810950914,1.1151908928758516
5156,translateapp.chinese.english::1,1,developer_plus_third_party,1,0,-0.23749108977258732,0.8967074663075865,True,0.00016199578810950914,1.1151908928758516
5157,appinventor.ai_mmfrutos7878.Ancleaner::188,1,developer_plus_third_party,1,10,0.5326532289313629,0.934898451312323,True,0.00016199578810950914,1.0696348877210071
5158,cleaner.clean.booster::231,1,developer_plus_third_party,0,10,-0.06727067201397878,0.930757648156466,True,0.00016199578810950914,1.0743935351814524
5159,cleaner.clean.booster::231,1,developer_plus_third_party,0,10,-0.06727067201397878,0.930757648156466,True,0.00016199578810950914,1.0743935351814524
5160,cleaner.clean.booster::231,1,developer_plus_third_party,0,10,-0.06727067201397878,0.930757648156466,True,0.00016199578810950914,1.0743935351814524
5161,cleaner.clean.booster::231,1,developer_plus_third_party,0,10,-0.06727067201397878,0.930757648156466,True,0.00016199578810950914,1.0743935351814524
5162,cleaner.clean.booster::231,1,developer_plus_third_party,1,10,-0.06727067201397878,0.930757648156466,True,0.00016199578810950914,1.0743935351814524
5163,cleaner.clean.booster::231,1,developer_plus_third_party,0,10,-0.06727067201397878,0.930757648156466,True,0.00016199578810950914,1.0743935351814524
5164,cleaner.clean.booster::231,1,developer_plus_third_party,0,10,-0.06727067201397878,0.930757648156466,True,0.00016199578810950914,1.0743935351814524
5165,cleaner.clean.booster::231,1,developer_plus_third_party,1,10,-0.06727067201397878,0.930757648156466,True,0.00016199578810950914,1.0743935351814524
5166,cleaner.clean.booster::231,1,developer_plus_third_party,0,10,-0.06727067201397878,0.930757648156466,True,0.00016199578810950914,1.0743935351814524
5167,cleaner.clean.booster::231,1,developer_plus_third_party,0,10,-0.06727067201397878,0.930757648156466,True,0.00016199578810950914,1.0743935351814524
5168,cleaner.clean.booster::231,1,developer_plus_third_party,1,10,-0.06727067201397878,0.930757648156466,True,0.00016199578810950914,1.0743935351814524
5169,cleaner.clean.booster::231,1,developer_plus_third_party,0,10,-0.06727067201397878,0.930757648156466,True,0.00016199578810950914,1.0743935351814524
5170,cleaner.clean.booster::231,1,developer_plus_third_party,1,10,-0.06727067201397878,0.930757648156466,True,0.00016199578810950914,1.0743935351814524
5171,cleaner.clean.booster::231,1,developer_plus_third_party,0,10,-0.06727067201397878,0.930757648156466,True,0.00016199578810950914,1.0743935351814524
5172,cleaner.clean.booster::231,1,developer_plus_third_party,1,10,-0.06727067201397878,0.930757648156466,True,0.00016199578810950914,1.0743935351814524
5173,cleaner.clean.booster::231,1,developer_plus_third_party,1,10,-0.06727067201397878,0.930757648156466,True,0.00016199578810950914,1.0743935351814524
5174,cleaner.clean.booster::231,1,developer_plus_third_party,0,10,-0.06727067201397878,0.930757648156466,True,0.00016199578810950914,1.0743935351814524
5175,cleaner.clean.booster::231,1,developer_plus_third_party,0,10,-0.06727067201397878,0.930757648156466,True,0.00016199578810950914,1.0743935351814524
5176,cleaner.clean.booster::231,1,developer_plus_third_party,1,10,-0.06727067201397878,0.930757648156466,True,0.00016199578810950914,1.0743935351814524
5177,cleaner.clean.booster::231,1,developer_plus_third_party,0,10,-0.06727067201397878,0.930757648156466,True,0.00016199578810950914,1.0743935351814524
5178,cleaner.clean.booster::231,1,developer_plus_third_party,0,10,-0.06727067201397878,0.930757648156466,True,0.00016199578810950914,1.0743935351814524
5179,cleaner.clean.booster::231,1,developer_plus_third_party,0,10,-0.06727067201397878,0.930757648156466,True,0.00016199578810950914,1.0743935351814524
5180,cleaner.clean.booster::231,1,developer_plus_third_party,0,10,-0.06727067201397878,0.930757648156466,True,0.00016199578810950914,1.0743935351814524
5181,cleaner.clean.booster::231,1,developer_plus_third_party,0,10,-0.06727067201397878,0.930757648156466,True,0.00016199578810950914,1.0743935351814524
5182,cleaner.clean.booster::231,1,developer_plus_third_party,1,10,-0.06727067201397878,0.930757648156466,True,0.00016199578810950914,1.0743935351814524
5183,cleaner.clean.booster::231,1,developer_plus_third_party,1,10,-0.06727067201397878,0.930757648156466,True,0.00016199578810950914,1.0743935351814524
5184,cleaner.clean.booster::231,1,developer_plus_third_party,0,10,-0.06727067201397878,0.930757648156466,True,0.00016199578810950914,1.0743935351814524
5185,cleaner.clean.booster::231,1,developer_plus_third_party,1,10,-0.06727067201397878,0.930757648156466,True,0.00016199578810950914,1.0743935351814524
5186,cleaner.clean.booster::231,1,developer_plus_third_party,1,10,-0.06727067201397878,0.930757648156466,True,0.00016199578810950914,1.0743935351814524
5187,cleaner.clean.booster::231,1,developer_plus_third_party,1,10,-0.06727067201397878,0.930757648156466,True,0.00016199578810950914,1.0743935351814524
5188,cleaner.clean.booster::231,1,developer_plus_third_party,1,10,-0.06727067201397878,0.930757648156466,True,0.00016199578810950914,1.0743935351814524
5189,cleaner.clean.booster::231,1,developer_plus_third_party,1,10,-0.06727067201397878,0.930757648156466,True,0.00016199578810950914,1.0743935351814524
5190,com.SouthernPacificOceanFisher.VoiceToText_memo::186,1,developer_plus_third_party,1,10,-0.08938479684138882,0.9306004449835913,True,0.00016199578810950914,1.0745750288327365
5191,com.SouthernPacificOceanFisher.VoiceToText_memo::186,1,developer_plus_third_party,1,10,-0.08938479684138882,0.9306004449835913,True,0.00016199578810950914,1.0745750288327365
5192,com.SouthernPacificOceanFisher.VoiceToText_memo::186,1,developer_plus_third_party,1,10,-0.08938479684138882,0.9306004449835913,True,0.00016199578810950914,1.0745750288327365
5193,com.SouthernPacificOceanFisher.VoiceToText_memo::186,1,developer_plus_third_party,1,10,-0.08938479684138882,0.9306004449835913,True,0.00016199578810950914,1.0745750288327365
5194,com.SouthernPacificOceanFisher.VoiceToText_memo::186,1,developer_plus_third_party,0,10,-0.08938479684138882,0.9306004449835913,True,0.00016199578810950914,1.0745750288327365
5195,com.SouthernPacificOceanFisher.VoiceToText_memo::186,1,developer_plus_third_party,0,10,-0.08938479684138882,0.9306004449835913,True,0.00016199578810950914,1.0745750288327365
5196,com.SouthernPacificOceanFisher.VoiceToText_memo::186,1,developer_plus_third_party,0,10,-0.08938479684138882,0.9306004449835913,True,0.00016199578810950914,1.0745750288327365
5197,com.aryservices.arynews.en::80970,1,developer_plus_third_party,1,10,0.07416727696034499,0.9317553187288832,True,0.0006479831524380366,1.073243135723891
5198,com.aryservices.arynews.en::80970,1,developer_plus_third_party,0,10,0.07416727696034499,0.9317553187288832,True,0.00016199578810950914,1.073243135723891
5199,com.aryservices.arynews.en::80970,1,developer_plus_third_party,1,10,0.07416727696034499,0.9317553187288832,True,0.00016199578810950914,1.073243135723891
5200,com.aryservices.arynews.en::80970,1,developer_plus_third_party,0,10,0.07416727696034499,0.9317553187288832,True,0.00016199578810950914,1.073243135723891
5201,com.aryservices.arynews.en::80970,1,developer_plus_third_party,1,10,0.07416727696034499,0.9317553187288832,True,0.00016199578810950914,1.073243135723891
5202,com.aryservices.arynews.en::80970,1,developer_plus_third_party,1,10,0.07416727696034499,0.9317553187288832,True,0.00016199578810950914,1.073243135723891
5203,com.aryservices.arynews.en::80970,1,developer_plus_third_party,1,10,0.07416727696034499,0.9317553187288832,True,0.00016199578810950914,1.073243135723891
5204,com.aryservices.arynews.en::80970,1,developer_plus_third_party,1,10,0.07416727696034499,0.9317553187288832,True,0.00016199578810950914,1.073243135723891
5205,com.aryservices.arynews.en::80970,1,developer_plus_third_party,0,10,0.07416727696034499,0.9317553187288832,True,0.00016199578810950914,1.073243135723891
5206,com.aryservices.arynews.en::80970,1,developer_plus_third_party,0,10,0.07416727696034499,0.9317553187288832,True,0.00016199578810950914,1.073243135723891
5207,com.aryservices.arynews.en::80970,1,developer_plus_third_party,0,10,0.07416727696034499,0.9317553187288832,True,0.00016199578810950914,1.073243135723891
5208,com.aryservices.arynews.en::80970,1,developer_plus_third_party,0,10,0.07416727696034499,0.9317553187288832,True,0.00016199578810950914,1.073243135723891
5209,com.aryservices.arynews.en::80970,1,developer_plus_third_party,0,10,0.07416727696034499,0.9317553187288832,True,0.00016199578810950914,1.073243135723891
5210,com.aryservices.arynews.en::80970,1,developer_plus_third_party,0,10,0.07416727696034499,0.9317553187288832,True,0.00016199578810950914,1.073243135723891
5211,com.aryservices.arynews.en::80970,1,developer_plus_third_party,0,10,0.07416727696034499,0.9317553187288832,True,0.00016199578810950914,1.073243135723891
5212,com.aryservices.arynews.en::80970,1,developer_plus_third_party,0,10,0.07416727696034499,0.9317553187288832,True,0.00016199578810950914,1.073243135723891
5213,com.aryservices.arynews.en::80970,1,developer_plus_third_party,0,10,0.07416727696034499,0.9317553187288832,True,0.00016199578810950914,1.073243135723891
5214,com.aryservices.arynews.en::80970,1,developer_plus_third_party,0,10,0.07416727696034499,0.9317553187288832,True,0.00016199578810950914,1.073243135723891
5215,com.aryservices.arynews.en::80970,1,developer_plus_third_party,0,10,0.07416727696034499,0.9317553187288832,True,0.00016199578810950914,1.073243135723891
5216,com.aryservices.arynews.en::80970,1,developer_plus_third_party,0,10,0.07416727696034499,0.9317553187288832,True,0.00016199578810950914,1.073243135723891
5217,com.aryservices.arynews.en::80970,1,developer_plus_third_party,0,10,0.07416727696034499,0.9317553187288832,True,0.00016199578810950914,1.073243135723891
5218,com.aryservices.arynews.en::80970,1,developer_plus_third_party,0,10,0.07416727696034499,0.9317553187288832,True,0.00016199578810950914,1.073243135723891
5219,com.aryservices.arynews.en::80970,1,developer_plus_third_party,0,10,0.07416727696034499,0.9317553187288832,True,0.00016199578810950914,1.073243135723891
5220,com.chase.sig.android::464474918,1,developer_plus_third_party,0,10,4.324784157409164,0.9561579671724754,True,0.00016199578810950914,1.0458522904506806
5221,com.chase.sig.android::464474918,1,developer_plus_third_party,1,10,4.324784157409164,0.9561579671724754,True,0.00016199578810950914,1.0458522904506806
5222,com.chase.sig.android::464474918,1,developer_plus_third_party,1,10,4.324784157409164,0.9561579671724754,True,0.0008099789405475457,1.0458522904506806
5223,com.chase.sig.android::464474918,1,developer_plus_third_party,1,10,4.324784157409164,0.9561579671724754,True,0.00016199578810950914,1.0458522904506806
5224,com.chase.sig.android::464474918,1,developer_plus_third_party,1,10,4.324784157409164,0.9561579671724754,True,0.00016199578810950914,1.0458522904506806
5225,com.cutestudio.led.color.sms::244,1,developer_plus_third_party,1,10,0.5430846235113522,0.9349683724215881,True,0.00016199578810950914,1.069554895648479
5226,com.cutestudio.led.color.sms::244,1,developer_plus_third_party,1,10,0.5430846235113522,0.9349683724215881,True,0.00016199578810950914,1.069554895648479
5227,com.cutestudio.led.color.sms::244,1,developer_plus_third_party,1,10,0.5430846235113522,0.9349683724215881,True,0.00016199578810950914,1.069554895648479
5228,com.cutestudio.led.color.sms::244,1,developer_plus_third_party,1,10,0.5430846235113522,0.9349683724215881,True,0.00016199578810950914,1.069554895648479
5229,com.cutestudio.led.color.sms::244,1,developer_plus_third_party,1,10,0.5430846235113522,0.9349683724215881,True,0.00016199578810950914,1.069554895648479
5230,com.cutestudio.led.color.sms::244,1,developer_plus_third_party,0,10,0.5430846235113522,0.9349683724215881,True,0.00016199578810950914,1.069554895648479
5231,com.cutestudio.led.color.sms::244,1,developer_plus_third_party,0,10,0.5430846235113522,0.9349683724215881,True,0.00016199578810950914,1.069554895648479
5232,com.cutestudio.led.color.sms::244,1,developer_plus_third_party,0,10,0.5430846235113522,0.9349683724215881,True,0.00016199578810950914,1.069554895648479
5233,com.cutestudio.led.color.sms::244,1,developer_plus_third_party,0,10,0.5430846235113522,0.9349683724215881,True,0.00016199578810950914,1.069554895648479
5234,com.erudite.translator::86,1,developer_plus_third_party,1,10,0.03649492891020691,0.931490895832083,True,0.00016199578810950914,1.073547797916714
5235,com.erudite.translator::86,1,developer_plus_third_party,1,10,0.03649492891020691,0.931490895832083,True,0.0006479831524380366,1.073547797916714
5236,com.erudite.translator::86,1,developer_plus_third_party,1,10,0.03649492891020691,0.931490895832083,True,0.00016199578810950914,1.073547797916714
5237,com.erudite.translator::86,1,developer_plus_third_party,1,10,0.03649492891020691,0.931490895832083,True,0.00016199578810950914,1.073547797916714
5238,com.erudite.translator::86,1,developer_plus_third_party,1,10,0.03649492891020691,0.931490895832083,True,0.00016199578810950914,1.073547797916714
5239,com.erudite.translator::86,1,developer_plus_third_party,1,10,0.03649492891020691,0.931490895832083,True,0.00016199578810950914,1.073547797916714
5240,com.erudite.translator::86,1,developer_plus_third_party,1,10,0.03649492891020691,0.931490895832083,True,0.00016199578810950914,1.073547797916714
5241,com.erudite.translator::86,1,developer_plus_third_party,1,10,0.03649492891020691,0.931490895832083,True,0.00016199578810950914,1.073547797916714
5242,com.fehmin.bikeometer::40,1,developer_plus_third_party,1,10,-0.2891111127590598,0.9291656167629044,True,0.00016199578810950914,1.0762343999381656
5243,com.fehmin.bikeometer::40,1,developer_plus_third_party,1,10,-0.2891111127590598,0.9291656167629044,True,0.00016199578810950914,1.0762343999381656
5244,com.fehmin.bikeometer::40,1,developer_plus_third_party,1,10,-0.2891111127590598,0.9291656167629044,True,0.00016199578810950914,1.0762343999381656
5245,com.free.neo.vpn::77761,1,developer_plus_third_party,1,10,-0.07418355547782061,0.9307085418331708,True,0.00016199578810950914,1.074450222655472
5246,com.free.neo.vpn::77761,1,developer_plus_third_party,1,10,-0.07418355547782061,0.9307085418331708,True,0.00016199578810950914,1.074450222655472
5247,com.free.neo.vpn::77761,1,developer_plus_third_party,1,10,-0.07418355547782061,0.9307085418331708,True,0.00016199578810950914,1.074450222655472
5248,com.free.neo.vpn::77761,1,developer_plus_third_party,1,10,-0.07418355547782061,0.9307085418331708,True,0.00016199578810950914,1.074450222655472
5249,com.free.neo.vpn::77761,1,developer_plus_third_party,1,10,-0.07418355547782061,0.9307085418331708,True,0.00016199578810950914,1.074450222655472
5250,com.free.neo.vpn::77761,1,developer_plus_third_party,1,10,-0.07418355547782061,0.9307085418331708,True,0.00016199578810950914,1.074450222655472
5251,com.free.neo.vpn::77761,1,developer_plus_third_party,1,10,-0.07418355547782061,0.9307085418331708,True,0.00016199578810950914,1.074450222655472
5252,com.free.neo.vpn::77761,1,developer_plus_third_party,1,10,-0.07418355547782061,0.9307085418331708,True,0.00016199578810950914,1.074450222655472
5253,com.free.neo.vpn::77761,1,developer_plus_third_party,1,10,-0.07418355547782061,0.9307085418331708,True,0.00016199578810950914,1.074450222655472
5254,com.free.neo.vpn::77761,1,developer_plus_third_party,1,10,-0.07418355547782061,0.9307085418331708,True,0.00016199578810950914,1.074450222655472
5255,com.free.neo.vpn::77761,1,developer_plus_third_party,1,10,-0.07418355547782061,0.9307085418331708,True,0.00016199578810950914,1.074450222655472
5256,com.free.neo.vpn::77761,1,developer_plus_third_party,1,10,-0.07418355547782061,0.9307085418331708,True,0.00016199578810950914,1.074450222655472
5257,com.free.neo.vpn::77761,1,developer_plus_third_party,1,10,-0.07418355547782061,0.9307085418331708,True,0.00016199578810950914,1.074450222655472
5258,com.free.neo.vpn::77761,1,developer_plus_third_party,1,10,-0.07418355547782061,0.9307085418331708,True,0.00016199578810950914,1.074450222655472
5259,com.free.neo.vpn::77761,1,developer_plus_third_party,1,10,-0.07418355547782061,0.9307085418331708,True,0.00016199578810950914,1.074450222655472
5260,com.free.neo.vpn::77761,1,developer_plus_third_party,1,10,-0.07418355547782061,0.9307085418331708,True,0.00016199578810950914,1.074450222655472
5261,com.free.neo.vpn::77761,1,developer_plus_third_party,1,10,-0.07418355547782061,0.9307085418331708,True,0.00016199578810950914,1.074450222655472
5262,com.free.neo.vpn::77761,1,developer_plus_third_party,0,10,-0.07418355547782061,0.9307085418331708,True,0.00016199578810950914,1.074450222655472
5263,com.free.neo.vpn::77761,1,developer_plus_third_party,1,10,-0.07418355547782061,0.9307085418331708,True,0.00016199578810950914,1.074450222655472
5264,com.free.neo.vpn::77761,1,developer_plus_third_party,1,10,-0.07418355547782061,0.9307085418331708,True,0.00016199578810950914,1.074450222655472
5265,com.free.neo.vpn::77761,1,developer_plus_third_party,0,10,-0.07418355547782061,0.9307085418331708,True,0.00016199578810950914,1.074450222655472
5266,com.free.neo.vpn::77761,1,developer_plus_third_party,0,10,-0.07418355547782061,0.9307085418331708,True,0.00016199578810950914,1.074450222655472
5267,com.free.neo.vpn::77761,1,developer_plus_third_party,0,10,-0.07418355547782061,0.9307085418331708,True,0.00016199578810950914,1.074450222655472
5268,com.free.neo.vpn::77761,1,developer_plus_third_party,0,10,-0.07418355547782061,0.9307085418331708,True,0.00016199578810950914,1.074450222655472
5269,com.free.neo.vpn::77761,1,developer_plus_third_party,1,10,-0.07418355547782061,0.9307085418331708,True,0.00016199578810950914,1.074450222655472
5270,com.free.neo.vpn::77761,1,developer_plus_third_party,0,10,-0.07418355547782061,0.9307085418331708,True,0.00016199578810950914,1.074450222655472
5271,com.free.neo.vpn::77761,1,developer_plus_third_party,0,10,-0.07418355547782061,0.9307085418331708,True,0.00016199578810950914,1.074450222655472
5272,com.free.neo.vpn::77761,1,developer_plus_third_party,0,10,-0.07418355547782061,0.9307085418331708,True,0.00016199578810950914,1.074450222655472
5273,com.free.neo.vpn::77761,1,developer_plus_third_party,0,10,-0.07418355547782061,0.9307085418331708,True,0.00016199578810950914,1.074450222655472
5274,com.free.neo.vpn::77761,1,developer_plus_third_party,0,10,-0.07418355547782061,0.9307085418331708,True,0.00016199578810950914,1.074450222655472
5275,com.free.neo.vpn::77761,1,developer_plus_third_party,1,10,-0.07418355547782061,0.9307085418331708,True,0.00016199578810950914,1.074450222655472
5276,com.free.neo.vpn::77761,1,developer_plus_third_party,0,10,-0.07418355547782061,0.9307085418331708,True,0.00016199578810950914,1.074450222655472
5277,com.free.neo.vpn::77761,1,developer_plus_third_party,1,10,-0.07418355547782061,0.9307085418331708,True,0.00016199578810950914,1.074450222655472
5278,com.free.neo.vpn::77761,1,developer_plus_third_party,0,10,-0.07418355547782061,0.9307085418331708,True,0.00016199578810950914,1.074450222655472
5279,com.free.neo.vpn::77761,1,developer_plus_third_party,1,10,-0.07418355547782061,0.9307085418331708,True,0.00016199578810950914,1.074450222655472
5280,com.free.neo.vpn::77761,1,developer_plus_third_party,0,10,-0.07418355547782061,0.9307085418331708,True,0.00016199578810950914,1.074450222655472
5281,com.free.neo.vpn::77761,1,developer_plus_third_party,0,10,-0.07418355547782061,0.9307085418331708,True,0.00016199578810950914,1.074450222655472
5282,com.free.neo.vpn::77761,1,developer_plus_third_party,1,10,-0.07418355547782061,0.9307085418331708,True,0.00016199578810950914,1.074450222655472
5283,com.free.neo.vpn::77761,1,developer_plus_third_party,1,10,-0.07418355547782061,0.9307085418331708,True,0.00016199578810950914,1.074450222655472
5284,com.free.neo.vpn::77761,1,developer_plus_third_party,1,10,-0.07418355547782061,0.9307085418331708,True,0.00016199578810950914,1.074450222655472
5285,com.free.neo.vpn::77761,1,developer_plus_third_party,0,10,-0.07418355547782061,0.9307085418331708,True,0.00016199578810950914,1.074450222655472
5286,com.free.neo.vpn::77761,1,developer_plus_third_party,1,10,-0.07418355547782061,0.9307085418331708,True,0.00016199578810950914,1.074450222655472
5287,com.free.neo.vpn::77761,1,developer_plus_third_party,1,10,-0.07418355547782061,0.9307085418331708,True,0.00016199578810950914,1.074450222655472
5288,com.free.neo.vpn::77761,1,developer_plus_third_party,1,10,-0.07418355547782061,0.9307085418331708,True,0.00016199578810950914,1.074450222655472
5289,com.gameloft.android.ANMP.GloftIVHM::21401,1,developer_plus_third_party,1,10,3.475770903862271,0.9520646890763068,True,0.0017819536692046006,1.0503487961203561
5290,com.gameloft.android.ANMP.GloftIVHM::21401,1,developer_plus_third_party,1,10,3.475770903862271,0.9520646890763068,True,0.00016199578810950914,1.0503487961203561
5291,com.gameloft.android.ANMP.GloftIVHM::21401,1,developer_plus_third_party,1,10,3.475770903862271,0.9520646890763068,True,0.00016199578810950914,1.0503487961203561
5292,com.gameloft.android.ANMP.GloftIVHM::21401,1,developer_plus_third_party,1,10,3.475770903862271,0.9520646890763068,True,0.00016199578810950914,1.0503487961203561
5293,com.gameloft.android.ANMP.GloftIVHM::21401,1,developer_plus_third_party,1,10,3.475770903862271,0.9520646890763068,True,0.00016199578810950914,1.0503487961203561
5294,com.gameloft.android.ANMP.GloftIVHM::21401,1,developer_plus_third_party,1,10,3.475770903862271,0.9520646890763068,True,0.00016199578810950914,1.0503487961203561
5295,com.gameloft.android.ANMP.GloftIVHM::21401,1,developer_plus_third_party,1,10,3.475770903862271,0.9520646890763068,True,0.00016199578810950914,1.0503487961203561
5296,com.gameloft.android.ANMP.GloftIVHM::21401,1,developer_plus_third_party,0,10,3.475770903862271,0.9520646890763068,True,0.00016199578810950914,1.0503487961203561
5297,com.gameloft.android.ANMP.GloftIVHM::21401,1,developer_plus_third_party,1,10,3.475770903862271,0.9520646890763068,True,0.00016199578810950914,1.0503487961203561
5298,com.gameloft.android.ANMP.GloftIVHM::21401,1,developer_plus_third_party,1,10,3.475770903862271,0.9520646890763068,True,0.00016199578810950914,1.0503487961203561
5299,com.gameloft.android.ANMP.GloftIVHM::21401,1,developer_plus_third_party,1,10,3.475770903862271,0.9520646890763068,True,0.00016199578810950914,1.0503487961203561
5300,com.gameloft.android.ANMP.GloftIVHM::21401,1,developer_plus_third_party,0,10,3.475770903862271,0.9520646890763068,True,0.00016199578810950914,1.0503487961203561
5301,com.gameloft.android.ANMP.GloftIVHM::21401,1,developer_plus_third_party,0,10,3.475770903862271,0.9520646890763068,True,0.00016199578810950914,1.0503487961203561
5302,com.gameloft.android.ANMP.GloftIVHM::21401,1,developer_plus_third_party,1,10,3.475770903862271,0.9520646890763068,True,0.00016199578810950914,1.0503487961203561
5303,com.gameloft.android.ANMP.GloftIVHM::21401,1,developer_plus_third_party,0,10,3.475770903862271,0.9520646890763068,True,0.00016199578810950914,1.0503487961203561
5304,com.gameloft.android.ANMP.GloftIVHM::21401,1,developer_plus_third_party,1,10,3.475770903862271,0.9520646890763068,True,0.00016199578810950914,1.0503487961203561
5305,com.gameloft.android.ANMP.GloftIVHM::21401,1,developer_plus_third_party,1,10,3.475770903862271,0.9520646890763068,True,0.00016199578810950914,1.0503487961203561
5306,com.gameloft.android.ANMP.GloftIVHM::21401,1,developer_plus_third_party,1,10,3.475770903862271,0.9520646890763068,True,0.00016199578810950914,1.0503487961203561
5307,com.hardgrnd.lineup11::122,1,developer_plus_third_party,0,10,1.0924024119457307,0.9385531099879807,True,0.00016199578810950914,1.065469805979127
5308,com.hardgrnd.lineup11::122,1,developer_plus_third_party,1,10,1.0924024119457307,0.9385531099879807,True,0.0009719747286570548,1.065469805979127
5309,com.hardgrnd.lineup11::122,1,developer_plus_third_party,1,10,1.0924024119457307,0.9385531099879807,True,0.00016199578810950914,1.065469805979127
5310,com.hardgrnd.lineup11::122,1,developer_plus_third_party,1,10,1.0924024119457307,0.9385531099879807,True,0.00016199578810950914,1.065469805979127
5311,com.hardgrnd.lineup11::122,1,developer_plus_third_party,0,10,1.0924024119457307,0.9385531099879807,True,0.00016199578810950914,1.065469805979127
5312,com.hardgrnd.lineup11::122,1,developer_plus_third_party,1,10,1.0924024119457307,0.9385531099879807,True,0.00016199578810950914,1.065469805979127
5313,com.hardgrnd.lineup11::122,1,developer_plus_third_party,1,10,1.0924024119457307,0.9385531099879807,True,0.00016199578810950914,1.065469805979127
5314,com.hblackcat.mob_android_finder::16,1,developer_plus_third_party,1,10,-0.06696282716127314,0.9307598342122244,True,0.00016199578810950914,1.074391011776286
5315,com.hblackcat.mob_android_finder::16,1,developer_plus_third_party,1,10,-0.06696282716127314,0.9307598342122244,True,0.00016199578810950914,1.074391011776286
5316,com.kddi.android.videopass::40000131,1,developer_plus_third_party,1,10,0.10038937610893632,0.9319388134900118,True,0.00016199578810950914,1.0730318187468835
5317,com.kddi.android.videopass::40000131,1,developer_plus_third_party,0,10,0.10038937610893632,0.9319388134900118,True,0.00016199578810950914,1.0730318187468835
5318,com.kddi.android.videopass::40000131,1,developer_plus_third_party,1,10,0.10038937610893632,0.9319388134900118,True,0.00016199578810950914,1.0730318187468835
5319,com.kddi.android.videopass::40000131,1,developer_plus_third_party,0,10,0.10038937610893632,0.9319388134900118,True,0.00016199578810950914,1.0730318187468835
5320,com.kddi.android.videopass::40000131,1,developer_plus_third_party,0,10,0.10038937610893632,0.9319388134900118,True,0.00016199578810950914,1.0730318187468835
5321,com.kddi.android.videopass::40000131,1,developer_plus_third_party,0,10,0.10038937610893632,0.9319388134900118,True,0.00016199578810950914,1.0730318187468835
5322,com.kddi.android.videopass::40000131,1,developer_plus_third_party,0,10,0.10038937610893632,0.9319388134900118,True,0.00016199578810950914,1.0730318187468835
5323,com.kddi.android.videopass::40000131,1,developer_plus_third_party,0,10,0.10038937610893632,0.9319388134900118,True,0.00016199578810950914,1.0730318187468835
5324,com.kddi.android.videopass::40000131,1,developer_plus_third_party,0,10,0.10038937610893632,0.9319388134900118,True,0.00016199578810950914,1.0730318187468835
5325,com.kddi.android.videopass::40000131,1,developer_plus_third_party,1,10,0.10038937610893632,0.9319388134900118,True,0.00016199578810950914,1.0730318187468835
5326,com.kddi.android.videopass::40000131,1,developer_plus_third_party,1,10,0.10038937610893632,0.9319388134900118,True,0.00016199578810950914,1.0730318187468835
5327,com.kddi.android.videopass::40000131,1,developer_plus_third_party,1,10,0.10038937610893632,0.9319388134900118,True,0.00016199578810950914,1.0730318187468835
5328,com.kddi.android.videopass::40000131,1,developer_plus_third_party,0,10,0.10038937610893632,0.9319388134900118,True,0.00016199578810950914,1.0730318187468835
5329,com.kddi.android.videopass::40000131,1,developer_plus_third_party,0,10,0.10038937610893632,0.9319388134900118,True,0.00016199578810950914,1.0730318187468835
5330,com.kddi.android.videopass::40000131,1,developer_plus_third_party,0,10,0.10038937610893632,0.9319388134900118,True,0.00016199578810950914,1.0730318187468835
5331,com.kddi.android.videopass::40000131,1,developer_plus_third_party,1,10,0.10038937610893632,0.9319388134900118,True,0.00016199578810950914,1.0730318187468835
5332,com.kddi.android.videopass::40000131,1,developer_plus_third_party,0,10,0.10038937610893632,0.9319388134900118,True,0.00016199578810950914,1.0730318187468835
5333,com.kddi.android.videopass::40000131,1,developer_plus_third_party,0,10,0.10038937610893632,0.9319388134900118,True,0.00016199578810950914,1.0730318187468835
5334,com.kddi.android.videopass::40000131,1,developer_plus_third_party,0,10,0.10038937610893632,0.9319388134900118,True,0.00016199578810950914,1.0730318187468835
5335,com.kddi.android.videopass::40000131,1,developer_plus_third_party,1,10,0.10038937610893632,0.9319388134900118,True,0.00016199578810950914,1.0730318187468835
5336,com.kddi.android.videopass::40000131,1,developer_plus_third_party,0,10,0.10038937610893632,0.9319388134900118,True,0.00016199578810950914,1.0730318187468835
5337,com.kddi.android.videopass::40000131,1,developer_plus_third_party,0,10,0.10038937610893632,0.9319388134900118,True,0.00016199578810950914,1.0730318187468835
5338,com.kddi.android.videopass::40000131,1,developer_plus_third_party,1,10,0.10038937610893632,0.9319388134900118,True,0.00016199578810950914,1.0730318187468835
5339,com.kddi.android.videopass::40000131,1,developer_plus_third_party,1,10,0.10038937610893632,0.9319388134900118,True,0.00016199578810950914,1.0730318187468835
5340,com.kddi.android.videopass::40000131,1,developer_plus_third_party,0,10,0.10038937610893632,0.9319388134900118,True,0.00016199578810950914,1.0730318187468835
5341,com.kddi.android.videopass::40000131,1,developer_plus_third_party,1,10,0.10038937610893632,0.9319388134900118,True,0.00016199578810950914,1.0730318187468835
5342,com.kddi.android.videopass::40000131,1,developer_plus_third_party,0,10,0.10038937610893632,0.9319388134900118,True,0.00016199578810950914,1.0730318187468835
5343,com.kddi.android.videopass::40000131,1,developer_plus_third_party,0,10,0.10038937610893632,0.9319388134900118,True,0.00016199578810950914,1.0730318187468835
5344,com.kddi.android.videopass::40000131,1,developer_plus_third_party,0,10,0.10038937610893632,0.9319388134900118,True,0.00016199578810950914,1.0730318187468835
5345,com.kddi.android.videopass::40000131,1,developer_plus_third_party,0,10,0.10038937610893632,0.9319388134900118,True,0.00016199578810950914,1.0730318187468835
5346,com.kddi.android.videopass::40000131,1,developer_plus_third_party,1,10,0.10038937610893632,0.9319388134900118,True,0.00016199578810950914,1.0730318187468835
5347,com.kddi.android.videopass::40000131,1,developer_plus_third_party,1,10,0.10038937610893632,0.9319388134900118,True,0.00016199578810950914,1.0730318187468835
5348,com.kddi.android.videopass::40000131,1,developer_plus_third_party,1,10,0.10038937610893632,0.9319388134900118,True,0.00016199578810950914,1.0730318187468835
5349,com.kddi.android.videopass::40000131,1,developer_plus_third_party,0,10,0.10038937610893632,0.9319388134900118,True,0.00016199578810950914,1.0730318187468835
5350,com.kddi.android.videopass::40000131,1,developer_plus_third_party,1,10,0.10038937610893632,0.9319388134900118,True,0.00016199578810950914,1.0730318187468835
5351,com.kddi.android.videopass::40000131,1,developer_plus_third_party,1,10,0.10038937610893632,0.9319388134900118,True,0.00016199578810950914,1.0730318187468835
5352,com.kddi.android.videopass::40000131,1,developer_plus_third_party,0,10,0.10038937610893632,0.9319388134900118,True,0.00016199578810950914,1.0730318187468835
5353,com.kddi.android.videopass::40000131,1,developer_plus_third_party,0,10,0.10038937610893632,0.9319388134900118,True,0.00016199578810950914,1.0730318187468835
5354,com.kddi.android.videopass::40000131,1,developer_plus_third_party,1,10,0.10038937610893632,0.9319388134900118,True,0.00016199578810950914,1.0730318187468835
5355,com.kddi.android.videopass::40000131,1,developer_plus_third_party,1,10,0.10038937610893632,0.9319388134900118,True,0.00016199578810950914,1.0730318187468835
5356,com.kddi.android.videopass::40000131,1,developer_plus_third_party,1,10,0.10038937610893632,0.9319388134900118,True,0.00016199578810950914,1.0730318187468835
5357,com.kddi.android.videopass::40000131,1,developer_plus_third_party,1,10,0.10038937610893632,0.9319388134900118,True,0.00016199578810950914,1.0730318187468835
5358,com.kddi.android.videopass::40000131,1,developer_plus_third_party,1,10,0.10038937610893632,0.9319388134900118,True,0.00016199578810950914,1.0730318187468835
5359,com.kddi.android.videopass::40000131,1,developer_plus_third_party,0,10,0.10038937610893632,0.9319388134900118,True,0.00016199578810950914,1.0730318187468835
5360,com.kddi.android.videopass::40000131,1,developer_plus_third_party,1,10,0.10038937610893632,0.9319388134900118,True,0.00016199578810950914,1.0730318187468835
5361,com.kddi.android.videopass::40000131,1,developer_plus_third_party,1,10,0.10038937610893632,0.9319388134900118,True,0.00016199578810950914,1.0730318187468835
5362,com.kddi.android.videopass::40000131,1,developer_plus_third_party,1,10,0.10038937610893632,0.9319388134900118,True,0.00016199578810950914,1.0730318187468835
5363,com.kddi.android.videopass::40000131,1,developer_plus_third_party,1,10,0.10038937610893632,0.9319388134900118,True,0.00016199578810950914,1.0730318187468835
5364,com.kddi.android.videopass::40000131,1,developer_plus_third_party,1,10,0.10038937610893632,0.9319388134900118,True,0.00016199578810950914,1.0730318187468835
5365,com.kddi.android.videopass::40000131,1,developer_plus_third_party,1,10,0.10038937610893632,0.9319388134900118,True,0.00016199578810950914,1.0730318187468835
5366,com.kddi.android.videopass::40000131,1,developer_plus_third_party,1,10,0.10038937610893632,0.9319388134900118,True,0.00016199578810950914,1.0730318187468835
5367,com.kddi.android.videopass::40000131,1,developer_plus_third_party,0,10,0.10038937610893632,0.9319388134900118,True,0.00016199578810950914,1.0730318187468835
5368,com.kddi.android.videopass::40000131,1,developer_plus_third_party,1,10,0.10038937610893632,0.9319388134900118,True,0.00016199578810950914,1.0730318187468835
5369,com.kddi.android.videopass::40000131,1,developer_plus_third_party,1,10,0.10038937610893632,0.9319388134900118,True,0.00016199578810950914,1.0730318187468835
5370,com.kddi.android.videopass::40000131,1,developer_plus_third_party,1,10,0.10038937610893632,0.9319388134900118,True,0.00016199578810950914,1.0730318187468835
5371,com.kddi.android.videopass::40000131,1,developer_plus_third_party,1,10,0.10038937610893632,0.9319388134900118,True,0.00016199578810950914,1.0730318187468835
5372,com.kddi.android.videopass::40000131,1,developer_plus_third_party,1,10,0.10038937610893632,0.9319388134900118,True,0.00016199578810950914,1.0730318187468835
5373,com.kddi.android.videopass::40000131,1,developer_plus_third_party,1,10,0.10038937610893632,0.9319388134900118,True,0.00016199578810950914,1.0730318187468835
5374,com.kddi.android.videopass::40000131,1,developer_plus_third_party,1,10,0.10038937610893632,0.9319388134900118,True,0.00016199578810950914,1.0730318187468835
5375,com.kddi.android.videopass::40000131,1,developer_plus_third_party,0,10,0.10038937610893632,0.9319388134900118,True,0.00016199578810950914,1.0730318187468835
5376,com.kddi.android.videopass::40000131,1,developer_plus_third_party,0,10,0.10038937610893632,0.9319388134900118,True,0.00016199578810950914,1.0730318187468835
5377,com.kddi.android.videopass::40000131,1,developer_plus_third_party,1,10,0.10038937610893632,0.9319388134900118,True,0.00016199578810950914,1.0730318187468835
5378,com.kddi.android.videopass::40000131,1,developer_plus_third_party,1,10,0.10038937610893632,0.9319388134900118,True,0.00016199578810950914,1.0730318187468835
5379,com.kddi.android.videopass::40000131,1,developer_plus_third_party,1,10,0.10038937610893632,0.9319388134900118,True,0.00016199578810950914,1.0730318187468835
5380,com.kumobius.android.walljumper::23,1,developer_plus_third_party,0,10,0.9803468252700711,0.9378371776204605,True,0.00016199578810950914,1.0662831713893695
5381,com.kumobius.android.walljumper::23,1,developer_plus_third_party,1,10,0.9803468252700711,0.9378371776204605,True,0.00016199578810950914,1.0662831713893695
5382,com.kumobius.android.walljumper::23,1,developer_plus_third_party,1,10,0.9803468252700711,0.9378371776204605,True,0.00016199578810950914,1.0662831713893695
5383,com.kumobius.android.walljumper::23,1,developer_plus_third_party,1,10,0.9803468252700711,0.9378371776204605,True,0.00016199578810950914,1.0662831713893695
5384,com.kumobius.android.walljumper::23,1,developer_plus_third_party,1,10,0.9803468252700711,0.9378371776204605,True,0.00016199578810950914,1.0662831713893695
5385,com.kumobius.android.walljumper::23,1,developer_plus_third_party,1,10,0.9803468252700711,0.9378371776204605,True,0.00016199578810950914,1.0662831713893695
5386,com.kumobius.android.walljumper::23,1,developer_plus_third_party,0,10,0.9803468252700711,0.9378371776204605,True,0.00016199578810950914,1.0662831713893695
5387,com.kumobius.android.walljumper::23,1,developer_plus_third_party,1,10,0.9803468252700711,0.9378371776204605,True,0.00016199578810950914,1.0662831713893695
5388,com.kumobius.android.walljumper::23,1,developer_plus_third_party,1,10,0.9803468252700711,0.9378371776204605,True,0.00016199578810950914,1.0662831713893695
5389,com.kumobius.android.walljumper::23,1,developer_plus_third_party,1,10,0.9803468252700711,0.9378371776204605,True,0.00016199578810950914,1.0662831713893695
5390,com.kumobius.android.walljumper::23,1,developer_plus_third_party,1,10,0.9803468252700711,0.9378371776204605,True,0.00016199578810950914,1.0662831713893695
5391,com.kumobius.android.walljumper::23,1,developer_plus_third_party,1,10,0.9803468252700711,0.9378371776204605,True,0.00016199578810950914,1.0662831713893695
5392,com.kumobius.android.walljumper::23,1,developer_plus_third_party,1,10,0.9803468252700711,0.9378371776204605,True,0.00016199578810950914,1.0662831713893695
5393,com.kumobius.android.walljumper::23,1,developer_plus_third_party,1,10,0.9803468252700711,0.9378371776204605,True,0.00016199578810950914,1.0662831713893695
5394,com.kumobius.android.walljumper::23,1,developer_plus_third_party,1,10,0.9803468252700711,0.9378371776204605,True,0.00016199578810950914,1.0662831713893695
5395,com.kumobius.android.walljumper::23,1,developer_plus_third_party,1,10,0.9803468252700711,0.9378371776204605,True,0.00016199578810950914,1.0662831713893695
5396,com.kumobius.android.walljumper::23,1,developer_plus_third_party,1,10,0.9803468252700711,0.9378371776204605,True,0.00016199578810950914,1.0662831713893695
5397,com.kumobius.android.walljumper::23,1,developer_plus_third_party,1,10,0.9803468252700711,0.9378371776204605,True,0.00016199578810950914,1.0662831713893695
5398,com.kumobius.android.walljumper::23,1,developer_plus_third_party,1,10,0.9803468252700711,0.9378371776204605,True,0.00016199578810950914,1.0662831713893695
5399,com.kumobius.android.walljumper::23,1,developer_plus_third_party,1,10,0.9803468252700711,0.9378371776204605,True,0.00016199578810950914,1.0662831713893695
5400,com.kumobius.android.walljumper::23,1,developer_plus_third_party,0,10,0.9803468252700711,0.9378371776204605,True,0.00016199578810950914,1.0662831713893695
5401,com.kumobius.android.walljumper::23,1,developer_plus_third_party,0,10,0.9803468252700711,0.9378371776204605,True,0.00016199578810950914,1.0662831713893695
5402,com.kumobius.android.walljumper::23,1,developer_plus_third_party,0,10,0.9803468252700711,0.9378371776204605,True,0.00016199578810950914,1.0662831713893695
5403,com.kumobius.android.walljumper::23,1,developer_plus_third_party,0,10,0.9803468252700711,0.9378371776204605,True,0.00016199578810950914,1.0662831713893695
5404,com.kumobius.android.walljumper::23,1,developer_plus_third_party,0,10,0.9803468252700711,0.9378371776204605,True,0.00016199578810950914,1.0662831713893695
5405,com.kumobius.android.walljumper::23,1,developer_plus_third_party,0,10,0.9803468252700711,0.9378371776204605,True,0.00016199578810950914,1.0662831713893695
5406,com.kumobius.android.walljumper::23,1,developer_plus_third_party,0,10,0.9803468252700711,0.9378371776204605,True,0.00016199578810950914,1.0662831713893695
5407,com.kumobius.android.walljumper::23,1,developer_plus_third_party,0,10,0.9803468252700711,0.9378371776204605,True,0.00016199578810950914,1.0662831713893695
5408,com.kumobius.android.walljumper::23,1,developer_plus_third_party,0,10,0.9803468252700711,0.9378371776204605,True,0.00016199578810950914,1.0662831713893695
5409,com.kumobius.android.walljumper::23,1,developer_plus_third_party,0,10,0.9803468252700711,0.9378371776204605,True,0.00016199578810950914,1.0662831713893695
5410,com.kumobius.android.walljumper::23,1,developer_plus_third_party,0,10,0.9803468252700711,0.9378371776204605,True,0.00016199578810950914,1.0662831713893695
5411,com.kumobius.android.walljumper::23,1,developer_plus_third_party,0,10,0.9803468252700711,0.9378371776204605,True,0.00016199578810950914,1.0662831713893695
5412,com.kumobius.android.walljumper::23,1,developer_plus_third_party,0,10,0.9803468252700711,0.9378371776204605,True,0.00016199578810950914,1.0662831713893695
5413,com.kumobius.android.walljumper::23,1,developer_plus_third_party,0,10,0.9803468252700711,0.9378371776204605,True,0.00016199578810950914,1.0662831713893695
5414,com.kumobius.android.walljumper::23,1,developer_plus_third_party,0,10,0.9803468252700711,0.9378371776204605,True,0.00016199578810950914,1.0662831713893695
5415,com.kumobius.android.walljumper::23,1,developer_plus_third_party,0,10,0.9803468252700711,0.9378371776204605,True,0.00016199578810950914,1.0662831713893695
5416,com.kumobius.android.walljumper::23,1,developer_plus_third_party,0,10,0.9803468252700711,0.9378371776204605,True,0.00016199578810950914,1.0662831713893695
5417,com.kumobius.android.walljumper::23,1,developer_plus_third_party,0,10,0.9803468252700711,0.9378371776204605,True,0.00016199578810950914,1.0662831713893695
5418,com.rvappstudios.flashlight::209,1,developer_plus_third_party,1,10,0.061072837502955,0.9316635160373271,True,0.00016199578810950914,1.0733488891497336
5419,com.rvappstudios.flashlight::209,1,developer_plus_third_party,1,10,0.061072837502955,0.9316635160373271,True,0.00016199578810950914,1.0733488891497336
5420,com.rvappstudios.flashlight::209,1,developer_plus_third_party,1,10,0.061072837502955,0.9316635160373271,True,0.00016199578810950914,1.0733488891497336
5421,com.sensustech.acremotecontrol::14,1,developer_plus_third_party,1,10,-0.008951074433400576,0.9311706464166072,True,0.00016199578810950914,1.073917013866649
5422,com.sensustech.acremotecontrol::14,1,developer_plus_third_party,1,10,-0.008951074433400576,0.9311706464166072,True,0.00016199578810950914,1.073917013866649
5423,com.sensustech.acremotecontrol::14,1,developer_plus_third_party,1,10,-0.008951074433400576,0.9311706464166072,True,0.00016199578810950914,1.073917013866649
5424,com.sensustech.acremotecontrol::14,1,developer_plus_third_party,1,10,-0.008951074433400576,0.9311706464166072,True,0.00016199578810950914,1.073917013866649
5425,com.sensustech.acremotecontrol::14,1,developer_plus_third_party,1,10,-0.008951074433400576,0.9311706464166072,True,0.00016199578810950914,1.073917013866649
5426,com.sensustech.acremotecontrol::14,1,developer_plus_third_party,1,10,-0.008951074433400576,0.9311706464166072,True,0.00016199578810950914,1.073917013866649
5427,com.sensustech.acremotecontrol::14,1,developer_plus_third_party,1,10,-0.008951074433400576,0.9311706464166072,True,0.00016199578810950914,1.073917013866649
5428,com.sensustech.acremotecontrol::14,1,developer_plus_third_party,1,10,-0.008951074433400576,0.9311706464166072,True,0.00016199578810950914,1.073917013866649
5429,com.tmobile.vvm.application::784457,1,developer_plus_third_party,1,10,-0.23690277209285723,0.9295433040120998,True,0.0003239915762190183,1.0757971099181658
5430,com.tmobtech.halkbank::5221,1,developer_plus_third_party,0,10,5.482319329407075,0.9612041874761528,False,0.00016199578810950914,1.04036167656085
5431,com.tmobtech.halkbank::5221,1,developer_plus_third_party,1,10,5.482319329407075,0.9612041874761528,False,0.00016199578810950914,1.04036167656085
5432,com.tmobtech.halkbank::5221,1,developer_plus_third_party,1,10,5.482319329407075,0.9612041874761528,False,0.00016199578810950914,1.04036167656085
5433,com.tmobtech.halkbank::5221,1,developer_plus_third_party,1,10,5.482319329407075,0.9612041874761528,False,0.00016199578810950914,1.04036167656085
5434,com.tmobtech.halkbank::5221,1,developer_plus_third_party,1,10,5.482319329407075,0.9612041874761528,False,0.00016199578810950914,1.04036167656085
5435,com.tmobtech.halkbank::5221,1,developer_plus_third_party,0,10,5.482319329407075,0.9612041874761528,False,0.00016199578810950914,1.04036167656085
5436,com.tmobtech.halkbank::5221,1,developer_plus_third_party,1,10,5.482319329407075,0.9612041874761528,False,0.00016199578810950914,1.04036167656085
5437,com.tmobtech.halkbank::5221,1,developer_plus_third_party,1,10,5.482319329407075,0.9612041874761528,False,0.00016199578810950914,1.04036167656085
5438,com.tmobtech.halkbank::5221,1,developer_plus_third_party,0,10,5.482319329407075,0.9612041874761528,False,0.00016199578810950914,1.04036167656085
5439,com.tmobtech.halkbank::5221,1,developer_plus_third_party,0,10,5.482319329407075,0.9612041874761528,False,0.00016199578810950914,1.04036167656085
5440,com.tmobtech.halkbank::5221,1,developer_plus_third_party,1,10,5.482319329407075,0.9612041874761528,False,0.00016199578810950914,1.04036167656085
5441,com.tmobtech.halkbank::5221,1,developer_plus_third_party,0,10,5.482319329407075,0.9612041874761528,False,0.00016199578810950914,1.04036167656085
5442,com.tmobtech.halkbank::5221,1,developer_plus_third_party,1,10,5.482319329407075,0.9612041874761528,False,0.00016199578810950914,1.04036167656085
5443,com.tmobtech.halkbank::5221,1,developer_plus_third_party,0,10,5.482319329407075,0.9612041874761528,False,0.00016199578810950914,1.04036167656085
5444,com.tmobtech.halkbank::5221,1,developer_plus_third_party,0,10,5.482319329407075,0.9612041874761528,False,0.00016199578810950914,1.04036167656085
5445,com.tmobtech.halkbank::5221,1,developer_plus_third_party,0,10,5.482319329407075,0.9612041874761528,False,0.00016199578810950914,1.04036167656085
5446,com.tmobtech.halkbank::5221,1,developer_plus_third_party,1,10,5.482319329407075,0.9612041874761528,False,0.00016199578810950914,1.04036167656085
5447,com.tmobtech.halkbank::5221,1,developer_plus_third_party,0,10,5.482319329407075,0.9612041874761528,False,0.00016199578810950914,1.04036167656085
5448,com.tmobtech.halkbank::5221,1,developer_plus_third_party,0,10,5.482319329407075,0.9612041874761528,False,0.00016199578810950914,1.04036167656085
5449,com.tmobtech.halkbank::5221,1,developer_plus_third_party,0,10,5.482319329407075,0.9612041874761528,False,0.00016199578810950914,1.04036167656085
5450,com.tmobtech.halkbank::5221,1,developer_plus_third_party,0,10,5.482319329407075,0.9612041874761528,False,0.00016199578810950914,1.04036167656085
5451,com.tmobtech.halkbank::5221,1,developer_plus_third_party,1,10,5.482319329407075,0.9612041874761528,False,0.00016199578810950914,1.04036167656085
5452,com.tmobtech.halkbank::5221,1,developer_plus_third_party,0,10,5.482319329407075,0.9612041874761528,False,0.00016199578810950914,1.04036167656085
5453,com.tmobtech.halkbank::5221,1,developer_plus_third_party,1,10,5.482319329407075,0.9612041874761528,False,0.00016199578810950914,1.04036167656085
5454,com.tmobtech.halkbank::5221,1,developer_plus_third_party,1,10,5.482319329407075,0.9612041874761528,False,0.00016199578810950914,1.04036167656085
5455,com.tmobtech.halkbank::5221,1,developer_plus_third_party,0,10,5.482319329407075,0.9612041874761528,False,0.00016199578810950914,1.04036167656085
5456,com.tmobtech.halkbank::5221,1,developer_plus_third_party,1,10,5.482319329407075,0.9612041874761528,False,0.00016199578810950914,1.04036167656085
5457,com.tmobtech.halkbank::5221,1,developer_plus_third_party,0,10,5.482319329407075,0.9612041874761528,False,0.00016199578810950914,1.04036167656085
5458,com.tmobtech.halkbank::5221,1,developer_plus_third_party,1,10,5.482319329407075,0.9612041874761528,False,0.00016199578810950914,1.04036167656085
5459,com.tmobtech.halkbank::5221,1,developer_plus_third_party,0,10,5.482319329407075,0.9612041874761528,False,0.00016199578810950914,1.04036167656085
5460,com.tmobtech.halkbank::5221,1,developer_plus_third_party,0,10,5.482319329407075,0.9612041874761528,False,0.00016199578810950914,1.04036167656085
5461,com.tmobtech.halkbank::5221,1,developer_plus_third_party,1,10,5.482319329407075,0.9612041874761528,False,0.00016199578810950914,1.04036167656085
5462,com.tmobtech.halkbank::5221,1,developer_plus_third_party,0,10,5.482319329407075,0.9612041874761528,False,0.00016199578810950914,1.04036167656085
5463,com.tmobtech.halkbank::5221,1,developer_plus_third_party,1,10,5.482319329407075,0.9612041874761528,False,0.00016199578810950914,1.04036167656085
5464,com.vpnoneclick.android::315,1,developer_plus_third_party,1,10,2.9687708700391293,0.9494498191595974,True,0.00016199578810950914,1.053241550864844
5465,com.vpnoneclick.android::315,1,developer_plus_third_party,1,10,2.9687708700391293,0.9494498191595974,True,0.00016199578810950914,1.053241550864844
5466,com.vpnoneclick.android::315,1,developer_plus_third_party,0,10,2.9687708700391293,0.9494498191595974,True,0.00016199578810950914,1.053241550864844
5467,com.vpnoneclick.android::315,1,developer_plus_third_party,1,10,2.9687708700391293,0.9494498191595974,True,0.00016199578810950914,1.053241550864844
5468,com.vpnoneclick.android::315,1,developer_plus_third_party,0,10,2.9687708700391293,0.9494498191595974,True,0.00016199578810950914,1.053241550864844
5469,com.vpnoneclick.android::315,1,developer_plus_third_party,0,10,2.9687708700391293,0.9494498191595974,True,0.00016199578810950914,1.053241550864844
5470,com.vpnoneclick.android::315,1,developer_plus_third_party,0,10,2.9687708700391293,0.9494498191595974,True,0.00016199578810950914,1.053241550864844
5471,com.vpnoneclick.android::315,1,developer_plus_third_party,0,10,2.9687708700391293,0.9494498191595974,True,0.00016199578810950914,1.053241550864844
5472,com.vpnoneclick.android::315,1,developer_plus_third_party,0,10,2.9687708700391293,0.9494498191595974,True,0.00016199578810950914,1.053241550864844
5473,com.vpnoneclick.android::315,1,developer_plus_third_party,0,10,2.9687708700391293,0.9494498191595974,True,0.00016199578810950914,1.053241550864844
5474,com.vpnoneclick.android::315,1,developer_plus_third_party,1,10,2.9687708700391293,0.9494498191595974,True,0.00016199578810950914,1.053241550864844
5475,com.vpnoneclick.android::315,1,developer_plus_third_party,0,10,2.9687708700391293,0.9494498191595974,True,0.00016199578810950914,1.053241550864844
5476,com.vpnoneclick.android::315,1,developer_plus_third_party,1,10,2.9687708700391293,0.9494498191595974,True,0.00016199578810950914,1.053241550864844
5477,com.vpnoneclick.android::315,1,developer_plus_third_party,0,10,2.9687708700391293,0.9494498191595974,True,0.00016199578810950914,1.053241550864844
5478,com.vpnoneclick.android::315,1,developer_plus_third_party,1,10,2.9687708700391293,0.9494498191595974,True,0.00016199578810950914,1.053241550864844
5479,com.vpnoneclick.android::315,1,developer_plus_third_party,1,10,2.9687708700391293,0.9494498191595974,True,0.00016199578810950914,1.053241550864844
5480,com.vpnoneclick.android::315,1,developer_plus_third_party,0,10,2.9687708700391293,0.9494498191595974,True,0.00016199578810950914,1.053241550864844
5481,com.vpnoneclick.android::315,1,developer_plus_third_party,1,10,2.9687708700391293,0.9494498191595974,True,0.00016199578810950914,1.053241550864844
5482,com.vpnoneclick.android::315,1,developer_plus_third_party,1,10,2.9687708700391293,0.9494498191595974,True,0.00016199578810950914,1.053241550864844
5483,com.vpnoneclick.android::315,1,developer_plus_third_party,0,10,2.9687708700391293,0.9494498191595974,True,0.00016199578810950914,1.053241550864844
5484,com.vpnoneclick.android::315,1,developer_plus_third_party,0,10,2.9687708700391293,0.9494498191595974,True,0.00016199578810950914,1.053241550864844
5485,com.vpnoneclick.android::315,1,developer_plus_third_party,0,10,2.9687708700391293,0.9494498191595974,True,0.00016199578810950914,1.053241550864844
5486,com.vpnoneclick.android::315,1,developer_plus_third_party,1,10,2.9687708700391293,0.9494498191595974,True,0.00016199578810950914,1.053241550864844
5487,com.vpnoneclick.android::315,1,developer_plus_third_party,0,10,2.9687708700391293,0.9494498191595974,True,0.00016199578810950914,1.053241550864844
5488,com.vpnoneclick.android::315,1,developer_plus_third_party,1,10,2.9687708700391293,0.9494498191595974,True,0.00016199578810950914,1.053241550864844
5489,imagetopdf.pdfconverter.jpgtopdf.pdfeditor::80,1,developer_plus_third_party,1,10,-0.014060780487387254,0.9311345527024231,True,0.00016199578810950914,1.0739586422796892
5490,imagetopdf.pdfconverter.jpgtopdf.pdfeditor::80,1,developer_plus_third_party,1,10,-0.014060780487387254,0.9311345527024231,True,0.00016199578810950914,1.0739586422796892
5491,imagetopdf.pdfconverter.jpgtopdf.pdfeditor::80,1,developer_plus_third_party,1,10,-0.014060780487387254,0.9311345527024231,True,0.00016199578810950914,1.0739586422796892
5492,imagetopdf.pdfconverter.jpgtopdf.pdfeditor::80,1,developer_plus_third_party,1,10,-0.014060780487387254,0.9311345527024231,True,0.00016199578810950914,1.0739586422796892
5493,imagetopdf.pdfconverter.jpgtopdf.pdfeditor::80,1,developer_plus_third_party,0,10,-0.014060780487387254,0.9311345527024231,True,0.00016199578810950914,1.0739586422796892
5494,imagetopdf.pdfconverter.jpgtopdf.pdfeditor::80,1,developer_plus_third_party,1,10,-0.014060780487387254,0.9311345527024231,True,0.00016199578810950914,1.0739586422796892
5495,imagetopdf.pdfconverter.jpgtopdf.pdfeditor::80,1,developer_plus_third_party,1,10,-0.014060780487387254,0.9311345527024231,True,0.00016199578810950914,1.0739586422796892
5496,imagetopdf.pdfconverter.jpgtopdf.pdfeditor::80,1,developer_plus_third_party,1,10,-0.014060780487387254,0.9311345527024231,True,0.00016199578810950914,1.0739586422796892
5497,imagetopdf.pdfconverter.jpgtopdf.pdfeditor::80,1,developer_plus_third_party,1,10,-0.014060780487387254,0.9311345527024231,True,0.00016199578810950914,1.0739586422796892
5498,imagetopdf.pdfconverter.jpgtopdf.pdfeditor::80,1,developer_plus_third_party,1,10,-0.014060780487387254,0.9311345527024231,True,0.00016199578810950914,1.0739586422796892
5499,imagetopdf.pdfconverter.jpgtopdf.pdfeditor::80,1,developer_plus_third_party,1,10,-0.014060780487387254,0.9311345527024231,True,0.00016199578810950914,1.0739586422796892
5500,imagetopdf.pdfconverter.jpgtopdf.pdfeditor::80,1,developer_plus_third_party,1,10,-0.014060780487387254,0.9311345527024231,True,0.00016199578810950914,1.0739586422796892
5501,imagetopdf.pdfconverter.jpgtopdf.pdfeditor::80,1,developer_plus_third_party,1,10,-0.014060780487387254,0.9311345527024231,True,0.00016199578810950914,1.0739586422796892
5502,imagetopdf.pdfconverter.jpgtopdf.pdfeditor::80,1,developer_plus_third_party,1,10,-0.014060780487387254,0.9311345527024231,True,0.00016199578810950914,1.0739586422796892
5503,imagetopdf.pdfconverter.jpgtopdf.pdfeditor::80,1,developer_plus_third_party,1,10,-0.014060780487387254,0.9311345527024231,True,0.00016199578810950914,1.0739586422796892
5504,imagetopdf.pdfconverter.jpgtopdf.pdfeditor::80,1,developer_plus_third_party,1,10,-0.014060780487387254,0.9311345527024231,True,0.00016199578810950914,1.0739586422796892
5505,in.vineetsirohi.customwidget::319,1,developer_plus_third_party,1,10,0.5769832494658084,0.9351951109788342,True,0.00016199578810950914,1.0692955814892326
5506,in.vineetsirohi.customwidget::319,1,developer_plus_third_party,0,10,0.5769832494658084,0.9351951109788342,True,0.00016199578810950914,1.0692955814892326
5507,in.vineetsirohi.customwidget::319,1,developer_plus_third_party,1,10,0.5769832494658084,0.9351951109788342,True,0.00016199578810950914,1.0692955814892326
5508,in.vineetsirohi.customwidget::319,1,developer_plus_third_party,0,10,0.5769832494658084,0.9351951109788342,True,0.00016199578810950914,1.0692955814892326
5509,in.vineetsirohi.customwidget::319,1,developer_plus_third_party,1,10,0.5769832494658084,0.9351951109788342,True,0.00016199578810950914,1.0692955814892326
5510,in.vineetsirohi.customwidget::319,1,developer_plus_third_party,0,10,0.5769832494658084,0.9351951109788342,True,0.00016199578810950914,1.0692955814892326
5511,in.vineetsirohi.customwidget::319,1,developer_plus_third_party,0,10,0.5769832494658084,0.9351951109788342,True,0.00016199578810950914,1.0692955814892326
5512,in.vineetsirohi.customwidget::319,1,developer_plus_third_party,0,10,0.5769832494658084,0.9351951109788342,True,0.00016199578810950914,1.0692955814892326
5513,in.vineetsirohi.customwidget::319,1,developer_plus_third_party,0,10,0.5769832494658084,0.9351951109788342,True,0.00016199578810950914,1.0692955814892326
5514,in.vineetsirohi.customwidget::319,1,developer_plus_third_party,0,10,0.5769832494658084,0.9351951109788342,True,0.00016199578810950914,1.0692955814892326
5515,in.vineetsirohi.customwidget::319,1,developer_plus_third_party,0,10,0.5769832494658084,0.9351951109788342,True,0.00016199578810950914,1.0692955814892326
5516,in.vineetsirohi.customwidget::319,1,developer_plus_third_party,1,10,0.5769832494658084,0.9351951109788342,True,0.00016199578810950914,1.0692955814892326
5517,in.vineetsirohi.customwidget::319,1,developer_plus_third_party,0,10,0.5769832494658084,0.9351951109788342,True,0.00016199578810950914,1.0692955814892326
5518,in.vineetsirohi.customwidget::319,1,developer_plus_third_party,1,10,0.5769832494658084,0.9351951109788342,True,0.00016199578810950914,1.0692955814892326
5519,in.vineetsirohi.customwidget::319,1,developer_plus_third_party,1,10,0.5769832494658084,0.9351951109788342,True,0.00016199578810950914,1.0692955814892326
5520,in.vineetsirohi.customwidget::319,1,developer_plus_third_party,0,10,0.5769832494658084,0.9351951109788342,True,0.00016199578810950914,1.0692955814892326
5521,in.vineetsirohi.customwidget::319,1,developer_plus_third_party,0,10,0.5769832494658084,0.9351951109788342,True,0.00016199578810950914,1.0692955814892326
5522,in.vineetsirohi.customwidget::319,1,developer_plus_third_party,0,10,0.5769832494658084,0.9351951109788342,True,0.00016199578810950914,1.0692955814892326
5523,in.vineetsirohi.customwidget::319,1,developer_plus_third_party,0,10,0.5769832494658084,0.9351951109788342,True,0.00016199578810950914,1.0692955814892326
5524,in.vineetsirohi.customwidget::319,1,developer_plus_third_party,1,10,0.5769832494658084,0.9351951109788342,True,0.00016199578810950914,1.0692955814892326
5525,in.vineetsirohi.customwidget::319,1,developer_plus_third_party,1,10,0.5769832494658084,0.9351951109788342,True,0.00016199578810950914,1.0692955814892326
5526,in.vineetsirohi.customwidget::319,1,developer_plus_third_party,1,10,0.5769832494658084,0.9351951109788342,True,0.00016199578810950914,1.0692955814892326
5527,in.vineetsirohi.customwidget::319,1,developer_plus_third_party,1,10,0.5769832494658084,0.9351951109788342,True,0.00016199578810950914,1.0692955814892326
5528,in.vineetsirohi.customwidget::319,1,developer_plus_third_party,1,10,0.5769832494658084,0.9351951109788342,True,0.00016199578810950914,1.0692955814892326
5529,in.vineetsirohi.customwidget::319,1,developer_plus_third_party,1,10,0.5769832494658084,0.9351951109788342,True,0.00016199578810950914,1.0692955814892326
5530,it.vincenzoamoruso.theinterpreter::20299,1,developer_plus_third_party,1,10,0.4370906744171703,0.9342546377965907,True,0.00016199578810950914,1.0703719944687324
5531,it.vincenzoamoruso.theinterpreter::20299,1,developer_plus_third_party,1,10,0.4370906744171703,0.9342546377965907,True,0.00016199578810950914,1.0703719944687324
5532,it.vincenzoamoruso.theinterpreter::20299,1,developer_plus_third_party,1,10,0.4370906744171703,0.9342546377965907,True,0.00016199578810950914,1.0703719944687324
5533,it.vincenzoamoruso.theinterpreter::20299,1,developer_plus_third_party,1,10,0.4370906744171703,0.9342546377965907,True,0.00016199578810950914,1.0703719944687324
5534,it.vincenzoamoruso.theinterpreter::20299,1,developer_plus_third_party,1,10,0.4370906744171703,0.9342546377965907,True,0.00016199578810950914,1.0703719944687324
5535,it.vincenzoamoruso.theinterpreter::20299,1,developer_plus_third_party,1,10,0.4370906744171703,0.9342546377965907,True,0.00016199578810950914,1.0703719944687324
5536,it.vincenzoamoruso.theinterpreter::20299,1,developer_plus_third_party,1,10,0.4370906744171703,0.9342546377965907,True,0.00016199578810950914,1.0703719944687324
5537,it.vincenzoamoruso.theinterpreter::20299,1,developer_plus_third_party,1,10,0.4370906744171703,0.9342546377965907,True,0.00016199578810950914,1.0703719944687324
5538,it.vincenzoamoruso.theinterpreter::20299,1,developer_plus_third_party,0,10,0.4370906744171703,0.9342546377965907,True,0.00016199578810950914,1.0703719944687324
5539,it.vincenzoamoruso.theinterpreter::20299,1,developer_plus_third_party,0,10,0.4370906744171703,0.9342546377965907,True,0.00016199578810950914,1.0703719944687324
5540,it.vincenzoamoruso.theinterpreter::20299,1,developer_plus_third_party,1,10,0.4370906744171703,0.9342546377965907,True,0.00016199578810950914,1.0703719944687324
5541,it.vincenzoamoruso.theinterpreter::20299,1,developer_plus_third_party,0,10,0.4370906744171703,0.9342546377965907,True,0.00016199578810950914,1.0703719944687324
5542,it.vincenzoamoruso.theinterpreter::20299,1,developer_plus_third_party,1,10,0.4370906744171703,0.9342546377965907,True,0.00016199578810950914,1.0703719944687324
5543,it.vincenzoamoruso.theinterpreter::20299,1,developer_plus_third_party,0,10,0.4370906744171703,0.9342546377965907,True,0.00016199578810950914,1.0703719944687324
5544,it.vincenzoamoruso.theinterpreter::20299,1,developer_plus_third_party,0,10,0.4370906744171703,0.9342546377965907,True,0.00016199578810950914,1.0703719944687324
5545,it.vincenzoamoruso.theinterpreter::20299,1,developer_plus_third_party,1,10,0.4370906744171703,0.9342546377965907,True,0.00016199578810950914,1.0703719944687324
5546,it.vincenzoamoruso.theinterpreter::20299,1,developer_plus_third_party,0,10,0.4370906744171703,0.9342546377965907,True,0.00016199578810950914,1.0703719944687324
5547,it.vincenzoamoruso.theinterpreter::20299,1,developer_plus_third_party,0,10,0.4370906744171703,0.9342546377965907,True,0.00016199578810950914,1.0703719944687324
5548,it.vincenzoamoruso.theinterpreter::20299,1,developer_plus_third_party,0,10,0.4370906744171703,0.9342546377965907,True,0.00016199578810950914,1.0703719944687324
5549,it.vincenzoamoruso.theinterpreter::20299,1,developer_plus_third_party,0,10,0.4370906744171703,0.9342546377965907,True,0.00016199578810950914,1.0703719944687324
5550,it.vincenzoamoruso.theinterpreter::20299,1,developer_plus_third_party,0,10,0.4370906744171703,0.9342546377965907,True,0.00016199578810950914,1.0703719944687324
5551,it.vincenzoamoruso.theinterpreter::20299,1,developer_plus_third_party,1,10,0.4370906744171703,0.9342546377965907,True,0.00016199578810950914,1.0703719944687324
5552,it.vincenzoamoruso.theinterpreter::20299,1,developer_plus_third_party,0,10,0.4370906744171703,0.9342546377965907,True,0.00016199578810950914,1.0703719944687324
5553,it.vincenzoamoruso.theinterpreter::20299,1,developer_plus_third_party,0,10,0.4370906744171703,0.9342546377965907,True,0.00016199578810950914,1.0703719944687324
5554,it.vincenzoamoruso.theinterpreter::20299,1,developer_plus_third_party,0,10,0.4370906744171703,0.9342546377965907,True,0.00016199578810950914,1.0703719944687324
5555,it.vincenzoamoruso.theinterpreter::20299,1,developer_plus_third_party,1,10,0.4370906744171703,0.9342546377965907,True,0.00016199578810950914,1.0703719944687324
5556,it.vincenzoamoruso.theinterpreter::20299,1,developer_plus_third_party,0,10,0.4370906744171703,0.9342546377965907,True,0.00016199578810950914,1.0703719944687324
5557,it.vincenzoamoruso.theinterpreter::20299,1,developer_plus_third_party,1,10,0.4370906744171703,0.9342546377965907,True,0.00016199578810950914,1.0703719944687324
5558,it.vincenzoamoruso.theinterpreter::20299,1,developer_plus_third_party,1,10,0.4370906744171703,0.9342546377965907,True,0.00016199578810950914,1.0703719944687324
5559,jp.happyon.android::300002717,1,developer_plus_third_party,0,10,0.015490576938996015,0.9313430540542448,True,0.0009719747286570548,1.0737182133338339
5560,jp.happyon.android::300002717,1,developer_plus_third_party,1,10,0.015490576938996015,0.9313430540542448,True,0.00016199578810950914,1.0737182133338339
5561,jp.happyon.android::300002717,1,developer_plus_third_party,1,10,0.015490576938996015,0.9313430540542448,True,0.00016199578810950914,1.0737182133338339
5562,jp.happyon.android::300002717,1,developer_plus_third_party,0,10,0.015490576938996015,0.9313430540542448,True,0.00016199578810950914,1.0737182133338339
5563,jp.happyon.android::300002717,1,developer_plus_third_party,0,10,0.015490576938996015,0.9313430540542448,True,0.00016199578810950914,1.0737182133338339
5564,jp.happyon.android::300002717,1,developer_plus_third_party,0,10,0.015490576938996015,0.9313430540542448,True,0.00016199578810950914,1.0737182133338339
5565,jp.happyon.android::300002717,1,developer_plus_third_party,1,10,0.015490576938996015,0.9313430540542448,True,0.00016199578810950914,1.0737182133338339
5566,jp.happyon.android::300002717,1,developer_plus_third_party,0,10,0.015490576938996015,0.9313430540542448,True,0.00016199578810950914,1.0737182133338339
5567,jp.happyon.android::300002717,1,developer_plus_third_party,0,10,0.015490576938996015,0.9313430540542448,True,0.00016199578810950914,1.0737182133338339
5568,jp.happyon.android::300002717,1,developer_plus_third_party,0,10,0.015490576938996015,0.9313430540542448,True,0.00016199578810950914,1.0737182133338339
5569,jp.happyon.android::300002717,1,developer_plus_third_party,1,10,0.015490576938996015,0.9313430540542448,True,0.00016199578810950914,1.0737182133338339
5570,jp.happyon.android::300002717,1,developer_plus_third_party,0,10,0.015490576938996015,0.9313430540542448,True,0.00016199578810950914,1.0737182133338339
5571,jp.happyon.android::300002717,1,developer_plus_third_party,0,10,0.015490576938996015,0.9313430540542448,True,0.00016199578810950914,1.0737182133338339
5572,jp.happyon.android::300002717,1,developer_plus_third_party,1,10,0.015490576938996015,0.9313430540542448,True,0.00016199578810950914,1.0737182133338339
5573,jp.happyon.android::300002717,1,developer_plus_third_party,1,10,0.015490576938996015,0.9313430540542448,True,0.00016199578810950914,1.0737182133338339
5574,jp.happyon.android::300002717,1,developer_plus_third_party,0,10,0.015490576938996015,0.9313430540542448,True,0.00016199578810950914,1.0737182133338339
5575,jp.happyon.android::300002717,1,developer_plus_third_party,0,10,0.015490576938996015,0.9313430540542448,True,0.00016199578810950914,1.0737182133338339
5576,jp.happyon.android::300002717,1,developer_plus_third_party,1,10,0.015490576938996015,0.9313430540542448,True,0.00016199578810950914,1.0737182133338339
5577,jp.happyon.android::300002717,1,developer_plus_third_party,0,10,0.015490576938996015,0.9313430540542448,True,0.00016199578810950914,1.0737182133338339
5578,jp.happyon.android::300002717,1,developer_plus_third_party,0,10,0.015490576938996015,0.9313430540542448,True,0.00016199578810950914,1.0737182133338339
5579,jp.happyon.android::300002717,1,developer_plus_third_party,1,10,0.015490576938996015,0.9313430540542448,True,0.00016199578810950914,1.0737182133338339
5580,jp.happyon.android::300002717,1,developer_plus_third_party,1,10,0.015490576938996015,0.9313430540542448,True,0.00016199578810950914,1.0737182133338339
5581,jp.happyon.android::300002717,1,developer_plus_third_party,1,10,0.015490576938996015,0.9313430540542448,True,0.00016199578810950914,1.0737182133338339
5582,jp.happyon.android::300002717,1,developer_plus_third_party,1,10,0.015490576938996015,0.9313430540542448,True,0.00016199578810950914,1.0737182133338339
5583,jp.happyon.android::300002717,1,developer_plus_third_party,1,10,0.015490576938996015,0.9313430540542448,True,0.00016199578810950914,1.0737182133338339
5584,jp.happyon.android::300002717,1,developer_plus_third_party,0,10,0.015490576938996015,0.9313430540542448,True,0.00016199578810950914,1.0737182133338339
5585,jp.happyon.android::300002717,1,developer_plus_third_party,1,10,0.015490576938996015,0.9313430540542448,True,0.00016199578810950914,1.0737182133338339
5586,jp.happyon.android::300002717,1,developer_plus_third_party,1,10,0.015490576938996015,0.9313430540542448,True,0.00016199578810950914,1.0737182133338339
5587,jp.happyon.android::300002717,1,developer_plus_third_party,1,10,0.015490576938996015,0.9313430540542448,True,0.00016199578810950914,1.0737182133338339
5588,jp.happyon.android::300002717,1,developer_plus_third_party,1,10,0.015490576938996015,0.9313430540542448,True,0.00016199578810950914,1.0737182133338339
5589,jp.happyon.android::300002717,1,developer_plus_third_party,1,10,0.015490576938996015,0.9313430540542448,True,0.00016199578810950914,1.0737182133338339
5590,jp.happyon.android::300002717,1,developer_plus_third_party,1,10,0.015490576938996015,0.9313430540542448,True,0.00016199578810950914,1.0737182133338339
5591,jp.happyon.android::300002717,1,developer_plus_third_party,1,10,0.015490576938996015,0.9313430540542448,True,0.00016199578810950914,1.0737182133338339
5592,jp.or.nhk.news::81,1,developer_plus_third_party,0,10,-0.3406415436086109,0.9287910004522857,True,0.00016199578810950914,1.076668485712112
5593,jp.or.nhk.news::81,1,developer_plus_third_party,1,10,-0.3406415436086109,0.9287910004522857,True,0.00016199578810950914,1.076668485712112
5594,jp.or.nhk.news::81,1,developer_plus_third_party,0,10,-0.3406415436086109,0.9287910004522857,True,0.00016199578810950914,1.076668485712112
5595,jp.or.nhk.news::81,1,developer_plus_third_party,0,10,-0.3406415436086109,0.9287910004522857,True,0.00016199578810950914,1.076668485712112
5596,jp.or.nhk.news::81,1,developer_plus_third_party,1,10,-0.3406415436086109,0.9287910004522857,True,0.00016199578810950914,1.076668485712112
5597,jp.or.nhk.news::81,1,developer_plus_third_party,0,10,-0.3406415436086109,0.9287910004522857,True,0.00016199578810950914,1.076668485712112
5598,jp.or.nhk.news::81,1,developer_plus_third_party,1,10,-0.3406415436086109,0.9287910004522857,True,0.00016199578810950914,1.076668485712112
5599,jp.or.nhk.news::81,1,developer_plus_third_party,0,10,-0.3406415436086109,0.9287910004522857,True,0.00016199578810950914,1.076668485712112
5600,jp.or.nhk.news::81,1,developer_plus_third_party,0,10,-0.3406415436086109,0.9287910004522857,True,0.00016199578810950914,1.076668485712112
5601,jp.or.nhk.news::81,1,developer_plus_third_party,1,10,-0.3406415436086109,0.9287910004522857,True,0.00016199578810950914,1.076668485712112
5602,jp.or.nhk.news::81,1,developer_plus_third_party,0,10,-0.3406415436086109,0.9287910004522857,True,0.00016199578810950914,1.076668485712112
5603,jp.or.nhk.news::81,1,developer_plus_third_party,0,10,-0.3406415436086109,0.9287910004522857,True,0.00016199578810950914,1.076668485712112
5604,jp.or.nhk.news::81,1,developer_plus_third_party,1,10,-0.3406415436086109,0.9287910004522857,True,0.00016199578810950914,1.076668485712112
5605,jp.or.nhk.news::81,1,developer_plus_third_party,1,10,-0.3406415436086109,0.9287910004522857,True,0.00016199578810950914,1.076668485712112
5606,jp.or.nhk.news::81,1,developer_plus_third_party,1,10,-0.3406415436086109,0.9287910004522857,True,0.00016199578810950914,1.076668485712112
5607,jp.or.nhk.news::81,1,developer_plus_third_party,0,10,-0.3406415436086109,0.9287910004522857,True,0.00016199578810950914,1.076668485712112
5608,jp.or.nhk.news::81,1,developer_plus_third_party,0,10,-0.3406415436086109,0.9287910004522857,True,0.00016199578810950914,1.076668485712112
5609,jp.or.nhk.news::81,1,developer_plus_third_party,0,10,-0.3406415436086109,0.9287910004522857,True,0.00016199578810950914,1.076668485712112
5610,jp.or.nhk.news::81,1,developer_plus_third_party,0,10,-0.3406415436086109,0.9287910004522857,True,0.00016199578810950914,1.076668485712112
5611,jp.or.nhk.news::81,1,developer_plus_third_party,0,10,-0.3406415436086109,0.9287910004522857,True,0.00016199578810950914,1.076668485712112
5612,jp.or.nhk.news::81,1,developer_plus_third_party,1,10,-0.3406415436086109,0.9287910004522857,True,0.00016199578810950914,1.076668485712112
5613,jp.or.nhk.news::81,1,developer_plus_third_party,0,10,-0.3406415436086109,0.9287910004522857,True,0.00016199578810950914,1.076668485712112
5614,kim.uno.s8::209,1,developer_plus_third_party,1,10,-0.0432318838037011,0.9309281593007589,True,0.00016199578810950914,1.0741967465578897
5615,kim.uno.s8::209,1,developer_plus_third_party,1,10,-0.0432318838037011,0.9309281593007589,True,0.00016199578810950914,1.0741967465578897
5616,kim.uno.s8::209,1,developer_plus_third_party,1,10,-0.0432318838037011,0.9309281593007589,True,0.00016199578810950914,1.0741967465578897
5617,musicdownloader.monster.videodownloader::24,1,developer_plus_third_party,1,10,-0.09193835361606466,0.9305822712005913,True,0.00016199578810950914,1.0745960147186657
5618,musicdownloader.monster.videodownloader::24,1,developer_plus_third_party,1,10,-0.09193835361606466,0.9305822712005913,True,0.00016199578810950914,1.0745960147186657
5619,vidstatus.com::30,1,developer_plus_third_party,1,10,-0.3233888472982816,0.9289166274917973,True,0.0014579620929855823,1.0765228766548594
5620,vidstatus.com::30,1,developer_plus_third_party,1,10,-0.3233888472982816,0.9289166274917973,True,0.00016199578810950914,1.0765228766548594
5621,vidstatus.com::30,1,developer_plus_third_party,1,10,-0.3233888472982816,0.9289166274917973,True,0.00016199578810950914,1.0765228766548594
5622,vidstatus.com::30,1,developer_plus_third_party,1,10,-0.3233888472982816,0.9289166274917973,True,0.00016199578810950914,1.0765228766548594
5623,vidstatus.com::30,1,developer_plus_third_party,1,10,-0.3233888472982816,0.9289166274917973,True,0.00016199578810950914,1.0765228766548594
5624,vidstatus.com::30,1,developer_plus_third_party,0,10,-0.3233888472982816,0.9289166274917973,True,0.00016199578810950914,1.0765228766548594
5625,vidstatus.com::30,1,developer_plus_third_party,0,10,-0.3233888472982816,0.9289166274917973,True,0.00016199578810950914,1.0765228766548594
5626,vidstatus.com::30,1,developer_plus_third_party,1,10,-0.3233888472982816,0.9289166274917973,True,0.00016199578810950914,1.0765228766548594
5627,vidstatus.com::30,1,developer_plus_third_party,1,10,-0.3233888472982816,0.9289166274917973,True,0.00016199578810950914,1.0765228766548594
5628,vidstatus.com::30,1,developer_plus_third_party,1,10,-0.3233888472982816,0.9289166274917973,True,0.00016199578810950914,1.0765228766548594
5629,vidstatus.com::30,1,developer_plus_third_party,1,10,-0.3233888472982816,0.9289166274917973,True,0.00016199578810950914,1.0765228766548594
5630,vidstatus.com::30,1,developer_plus_third_party,1,10,-0.3233888472982816,0.9289166274917973,True,0.00016199578810950914,1.0765228766548594
5631,vidstatus.com::30,1,developer_plus_third_party,0,10,-0.3233888472982816,0.9289166274917973,True,0.00016199578810950914,1.0765228766548594
5632,vidstatus.com::30,1,developer_plus_third_party,1,10,-0.3233888472982816,0.9289166274917973,True,0.00016199578810950914,1.0765228766548594
5633,vidstatus.com::30,1,developer_plus_third_party,0,10,-0.3233888472982816,0.9289166274917973,True,0.00016199578810950914,1.0765228766548594
5634,vidstatus.com::30,1,developer_plus_third_party,1,10,-0.3233888472982816,0.9289166274917973,True,0.00016199578810950914,1.0765228766548594
5635,vidstatus.com::30,1,developer_plus_third_party,1,10,-0.3233888472982816,0.9289166274917973,True,0.00016199578810950914,1.0765228766548594
5636,vidstatus.com::30,1,developer_plus_third_party,0,10,-0.3233888472982816,0.9289166274917973,True,0.00016199578810950914,1.0765228766548594
5637,vidstatus.com::30,1,developer_plus_third_party,1,10,-0.3233888472982816,0.9289166274917973,True,0.00016199578810950914,1.0765228766548594
5638,vidstatus.com::30,1,developer_plus_third_party,1,10,-0.3233888472982816,0.9289166274917973,True,0.00016199578810950914,1.0765228766548594
5639,vidstatus.com::30,1,developer_plus_third_party,1,10,-0.3233888472982816,0.9289166274917973,True,0.00016199578810950914,1.0765228766548594
5640,vidstatus.com::30,1,developer_plus_third_party,1,10,-0.3233888472982816,0.9289166274917973,True,0.00016199578810950914,1.0765228766548594
5641,vidstatus.com::30,1,developer_plus_third_party,1,10,-0.3233888472982816,0.9289166274917973,True,0.00016199578810950914,1.0765228766548594
5642,vidstatus.com::30,1,developer_plus_third_party,1,10,-0.3233888472982816,0.9289166274917973,True,0.00016199578810950914,1.0765228766548594
5643,vidstatus.com::30,1,developer_plus_third_party,0,10,-0.3233888472982816,0.9289166274917973,True,0.00016199578810950914,1.0765228766548594
5644,vidstatus.com::30,1,developer_plus_third_party,1,10,-0.3233888472982816,0.9289166274917973,True,0.00016199578810950914,1.0765228766548594
5645,vidstatus.com::30,1,developer_plus_third_party,0,10,-0.3233888472982816,0.9289166274917973,True,0.00016199578810950914,1.0765228766548594
5646,vidstatus.com::30,1,developer_plus_third_party,0,10,-0.3233888472982816,0.9289166274917973,True,0.00016199578810950914,1.0765228766548594
5647,vidstatus.com::30,1,developer_plus_third_party,0,10,-0.3233888472982816,0.9289166274917973,True,0.00016199578810950914,1.0765228766548594
5648,vidstatus.com::30,1,developer_plus_third_party,0,10,-0.3233888472982816,0.9289166274917973,True,0.00016199578810950914,1.0765228766548594
5649,vidstatus.com::30,1,developer_plus_third_party,1,10,-0.3233888472982816,0.9289166274917973,True,0.00016199578810950914,1.0765228766548594
5650,vidstatus.com::30,1,developer_plus_third_party,1,10,-0.3233888472982816,0.9289166274917973,True,0.00016199578810950914,1.0765228766548594
5651,vidstatus.com::30,1,developer_plus_third_party,1,10,-0.3233888472982816,0.9289166274917973,True,0.00016199578810950914,1.0765228766548594
5652,vidstatus.com::30,1,developer_plus_third_party,1,10,-0.3233888472982816,0.9289166274917973,True,0.00016199578810950914,1.0765228766548594
5653,vidstatus.com::30,1,developer_plus_third_party,1,10,-0.3233888472982816,0.9289166274917973,True,0.00016199578810950914,1.0765228766548594
5654,vidstatus.com::30,1,developer_plus_third_party,1,10,-0.3233888472982816,0.9289166274917973,True,0.00016199578810950914,1.0765228766548594
5655,vidstatus.com::30,1,developer_plus_third_party,1,10,-0.3233888472982816,0.9289166274917973,True,0.00016199578810950914,1.0765228766548594
5656,vidstatus.com::30,1,developer_plus_third_party,0,10,-0.3233888472982816,0.9289166274917973,True,0.00016199578810950914,1.0765228766548594
5657,vidstatus.com::30,1,developer_plus_third_party,0,10,-0.3233888472982816,0.9289166274917973,True,0.00016199578810950914,1.0765228766548594
5658,vidstatus.com::30,1,developer_plus_third_party,0,10,-0.3233888472982816,0.9289166274917973,True,0.00016199578810950914,1.0765228766548594
5659,vidstatus.com::30,1,developer_plus_third_party,0,10,-0.3233888472982816,0.9289166274917973,True,0.00016199578810950914,1.0765228766548594
5660,vidstatus.com::30,1,developer_plus_third_party,0,10,-0.3233888472982816,0.9289166274917973,True,0.00016199578810950914,1.0765228766548594
5661,vidstatus.com::30,1,developer_plus_third_party,0,10,-0.3233888472982816,0.9289166274917973,True,0.00016199578810950914,1.0765228766548594
5662,vidstatus.com::30,1,developer_plus_third_party,0,10,-0.3233888472982816,0.9289166274917973,True,0.00016199578810950914,1.0765228766548594
5663,vidstatus.com::30,1,developer_plus_third_party,0,10,-0.3233888472982816,0.9289166274917973,True,0.00016199578810950914,1.0765228766548594
5664,vidstatus.com::30,1,developer_plus_third_party,0,10,-0.3233888472982816,0.9289166274917973,True,0.00016199578810950914,1.0765228766548594
5665,vidstatus.com::30,1,developer_plus_third_party,0,10,-0.3233888472982816,0.9289166274917973,True,0.00016199578810950914,1.0765228766548594
5666,vidstatus.com::30,1,developer_plus_third_party,0,10,-0.3233888472982816,0.9289166274917973,True,0.00016199578810950914,1.0765228766548594
5667,vidstatus.com::30,1,developer_plus_third_party,0,10,-0.3233888472982816,0.9289166274917973,True,0.00016199578810950914,1.0765228766548594
5668,vidstatus.com::30,1,developer_plus_third_party,0,10,-0.3233888472982816,0.9289166274917973,True,0.00016199578810950914,1.0765228766548594
5669,vidstatus.com::30,1,developer_plus_third_party,0,10,-0.3233888472982816,0.9289166274917973,True,0.00016199578810950914,1.0765228766548594
5670,vidstatus.com::30,1,developer_plus_third_party,0,10,-0.3233888472982816,0.9289166274917973,True,0.00016199578810950914,1.0765228766548594
5671,vidstatus.com::30,1,developer_plus_third_party,0,10,-0.3233888472982816,0.9289166274917973,True,0.00016199578810950914,1.0765228766548594
5672,vidstatus.com::30,1,developer_plus_third_party,0,10,-0.3233888472982816,0.9289166274917973,True,0.00016199578810950914,1.0765228766548594
5673,vidstatus.com::30,1,developer_plus_third_party,0,10,-0.3233888472982816,0.9289166274917973,True,0.00016199578810950914,1.0765228766548594
5674,vidstatus.com::30,1,developer_plus_third_party,0,10,-0.3233888472982816,0.9289166274917973,True,0.00016199578810950914,1.0765228766548594
115,com.avempace.smaart.doorphone::7365,0,developer_only,1,1,0.7319153056469514,0.9096875923136429,True,0.0027539283978616543,11.07267567788544
116,com.avempace.smaart.doorphone::7365,0,developer_only,1,1,0.7319153056469514,0.9096875923136429,True,0.00016199578810950914,11.07267567788544
117,com.avempace.smaart.doorphone::7365,0,developer_only,0,1,0.7319153056469514,0.9096875923136429,True,0.00016199578810950914,11.07267567788544
128,com.cta.liquorestorehash::46,0,developer_only,1,1,0.32454612930918736,0.9059314536628937,True,0.00016199578810950914,10.630545904434161
140,com.cta.liquorestorehash::46,0,developer_only,1,1,0.32454612930918736,0.9059314536628937,True,0.00793779361736594,10.630545904434161
242,com.omning.omniboard.lck1203::31,0,developer_only,1,1,-0.4725196618867513,0.8981754551887645,True,0.012797667260651234,9.820814832551635
243,com.omning.omniboard.lck1203::31,0,developer_only,1,1,-0.4725196618867513,0.8981754551887645,True,0.00016199578810950914,9.820814832551635
244,com.omning.omniboard.lck1203::31,0,developer_only,1,1,-0.4725196618867513,0.8981754551887645,True,0.00016199578810950914,9.820814832551635
245,com.omning.omniboard.lck1203::31,0,developer_only,1,1,-0.4725196618867513,0.8981754551887645,True,0.00016199578810950914,9.820814832551635
466,es.tpc.matchpoint.appclient.costaricatennisclub::81,0,developer_only,0,1,-0.3046103715740428,0.8998550933493529,True,0.012311679896322704,9.985530302489309
467,es.tpc.matchpoint.appclient.costaricatennisclub::81,0,developer_only,0,1,-0.3046103715740428,0.8998550933493529,True,0.00016199578810950914,9.985530302489309
468,es.tpc.matchpoint.appclient.costaricatennisclub::81,0,developer_only,1,1,-0.3046103715740428,0.8998550933493529,True,0.00016199578810950914,9.985530302489309
469,es.tpc.matchpoint.appclient.costaricatennisclub::81,0,developer_only,1,1,-0.3046103715740428,0.8998550933493529,True,0.00016199578810950914,9.985530302489309
539,mobile.en.com.educationalnetworksmobile.wheeler::15,0,developer_only,1,1,0.6426179304734873,0.9088759656043165,True,0.010529726227118097,10.974053186207144
566,radfan.yemoney::567,0,developer_only,1,1,-0.42169264386456345,0.898686509479542,True,0.00016199578810950914,9.870353838002178
567,radfan.yemoney::567,0,developer_only,1,1,-0.42169264386456345,0.898686509479542,True,0.005831848371942324,9.870353838002178
568,radfan.yemoney::567,0,developer_only,1,1,-0.42169264386456345,0.898686509479542,True,0.00016199578810950914,9.870353838002178
569,radfan.yemoney::567,0,developer_only,1,1,-0.42169264386456345,0.898686509479542,True,0.00016199578810950914,9.870353838002178
570,radfan.yemoney::567,0,developer_only,0,1,-0.42169264386456345,0.898686509479542,True,0.00016199578810950914,9.870353838002178
571,radfan.yemoney::567,0,developer_only,0,1,-0.42169264386456345,0.898686509479542,True,0.00016199578810950914,9.870353838002178
572,radfan.yemoney::567,0,developer_only,1,1,-0.42169264386456345,0.898686509479542,True,0.00016199578810950914,9.870353838002178
573,radfan.yemoney::567,0,developer_only,0,1,-0.42169264386456345,0.898686509479542,True,0.00016199578810950914,9.870353838002178
574,radfan.yemoney::567,0,developer_only,0,1,-0.42169264386456345,0.898686509479542,True,0.00016199578810950914,9.870353838002178
575,radfan.yemoney::567,0,developer_only,0,1,-0.42169264386456345,0.898686509479542,True,0.00016199578810950914,9.870353838002178
576,radfan.yemoney::567,0,developer_only,0,1,-0.42169264386456345,0.898686509479542,True,0.00016199578810950914,9.870353838002178
577,radfan.yemoney::567,0,developer_only,0,1,-0.42169264386456345,0.898686509479542,True,0.00016199578810950914,9.870353838002178
578,radfan.yemoney::567,0,developer_only,0,1,-0.42169264386456345,0.898686509479542,True,0.00016199578810950914,9.870353838002178
579,radfan.yemoney::567,0,developer_only,1,1,-0.42169264386456345,0.898686509479542,True,0.00016199578810950914,9.870353838002178
580,radfan.yemoney::567,0,developer_only,1,1,-0.42169264386456345,0.898686509479542,True,0.00016199578810950914,9.870353838002178
710,com.androidfin.STFCUnoPackage::118,0,developer_only,0,7,-0.423755433482752,0.9193513882162718,True,0.00340191155029969,12.399469474833069
711,com.androidfin.STFCUnoPackage::118,0,developer_only,0,7,-0.423755433482752,0.9193513882162718,True,0.00016199578810950914,12.399469474833069
712,com.androidfin.STFCUnoPackage::118,0,developer_only,1,7,-0.423755433482752,0.9193513882162718,True,0.00016199578810950914,12.399469474833069
713,com.androidfin.STFCUnoPackage::118,0,developer_only,1,7,-0.423755433482752,0.9193513882162718,True,0.00016199578810950914,12.399469474833069
714,com.androidfin.STFCUnoPackage::118,0,developer_only,1,7,-0.423755433482752,0.9193513882162718,True,0.00016199578810950914,12.399469474833069
715,com.androidfin.STFCUnoPackage::118,0,developer_only,1,7,-0.423755433482752,0.9193513882162718,True,0.00016199578810950914,12.399469474833069
716,com.androidfin.STFCUnoPackage::118,0,developer_only,1,7,-0.423755433482752,0.9193513882162718,True,0.00016199578810950914,12.399469474833069
717,com.androidfin.STFCUnoPackage::118,0,developer_only,1,7,-0.423755433482752,0.9193513882162718,True,0.00016199578810950914,12.399469474833069
718,com.androidfin.STFCUnoPackage::118,0,developer_only,1,7,-0.423755433482752,0.9193513882162718,True,0.00016199578810950914,12.399469474833069
719,com.androidfin.STFCUnoPackage::118,0,developer_only,0,7,-0.423755433482752,0.9193513882162718,True,0.00016199578810950914,12.399469474833069
720,com.androidfin.STFCUnoPackage::118,0,developer_only,0,7,-0.423755433482752,0.9193513882162718,True,0.00016199578810950914,12.399469474833069
756,com.arppha::375,0,developer_only,1,7,0.7790583745827951,0.9286477300440905,True,0.005345861007613797,14.01497108105919
757,com.arppha::375,0,developer_only,0,7,0.7790583745827951,0.9286477300440905,True,0.00016199578810950914,14.01497108105919
758,com.arppha::375,0,developer_only,1,7,0.7790583745827951,0.9286477300440905,True,0.00016199578810950914,14.01497108105919
759,com.arppha::375,0,developer_only,1,7,0.7790583745827951,0.9286477300440905,True,0.00016199578810950914,14.01497108105919
760,com.arppha::375,0,developer_only,1,7,0.7790583745827951,0.9286477300440905,True,0.00016199578810950914,14.01497108105919
761,com.arppha::375,0,developer_only,0,7,0.7790583745827951,0.9286477300440905,True,0.00016199578810950914,14.01497108105919
762,com.arppha::375,0,developer_only,1,7,0.7790583745827951,0.9286477300440905,True,0.00016199578810950914,14.01497108105919
763,com.arppha::375,0,developer_only,0,7,0.7790583745827951,0.9286477300440905,True,0.00016199578810950914,14.01497108105919
764,com.arppha::375,0,developer_only,1,7,0.7790583745827951,0.9286477300440905,True,0.00016199578810950914,14.01497108105919
821,com.byappsc.shehj::266,0,developer_only,1,7,-0.6251021250881075,0.9176910689231119,True,0.0022679410335331275,12.149349856892927
822,com.byappsc.shehj::266,0,developer_only,1,7,-0.6251021250881075,0.9176910689231119,True,0.00016199578810950914,12.149349856892927
823,com.byappsc.shehj::266,0,developer_only,1,7,-0.6251021250881075,0.9176910689231119,True,0.00016199578810950914,12.149349856892927
824,com.byappsc.shehj::266,0,developer_only,1,7,-0.6251021250881075,0.9176910689231119,True,0.00016199578810950914,12.149349856892927
825,com.byappsc.shehj::266,0,developer_only,1,7,-0.6251021250881075,0.9176910689231119,True,0.00016199578810950914,12.149349856892927
826,com.byappsc.shehj::266,0,developer_only,1,7,-0.6251021250881075,0.9176910689231119,True,0.00016199578810950914,12.149349856892927
827,com.byappsc.shehj::266,0,developer_only,1,7,-0.6251021250881075,0.9176910689231119,True,0.00016199578810950914,12.149349856892927
828,com.byappsc.shehj::266,0,developer_only,1,7,-0.6251021250881075,0.9176910689231119,True,0.00016199578810950914,12.149349856892927
829,com.byappsc.shehj::266,0,developer_only,1,7,-0.6251021250881075,0.9176910689231119,True,0.00016199578810950914,12.149349856892927
862,com.frontphoto.gallery::20,0,developer_only,1,7,-0.44311312297509564,0.9191931003305511,True,0.00340191155029969,12.375180882952199
863,com.frontphoto.gallery::20,0,developer_only,1,7,-0.44311312297509564,0.9191931003305511,True,0.00016199578810950914,12.375180882952199
864,com.frontphoto.gallery::20,0,developer_only,1,7,-0.44311312297509564,0.9191931003305511,True,0.00016199578810950914,12.375180882952199
865,com.frontphoto.gallery::20,0,developer_only,1,7,-0.44311312297509564,0.9191931003305511,True,0.005669852583832815,12.375180882952199
938,com.ihad.ptt::40762,0,developer_only,0,7,1.059388372689061,0.9306675334686563,True,0.00016199578810950914,14.423257241943373
939,com.ihad.ptt::40762,0,developer_only,0,7,1.059388372689061,0.9306675334686563,True,0.00016199578810950914,14.423257241943373
940,com.ihad.ptt::40762,0,developer_only,0,7,1.059388372689061,0.9306675334686563,True,0.019925481937469663,14.423257241943373
973,com.ilib.stepbystepsalah::6,0,developer_only,1,7,0.1256254794249487,0.9237272434705105,True,0.0045358820670662525,13.110841216461973
1107,com.sagamill.stocksalerter::44,0,developer_only,1,7,-0.004909600870647464,0.9227076780769168,True,0.015875587234731918,12.937895707094183
1108,com.sagamill.stocksalerter::44,0,developer_only,1,7,-0.004909600870647464,0.9227076780769168,True,0.00016199578810950914,12.937895707094183
1109,com.sagamill.stocksalerter::44,0,developer_only,1,7,-0.004909600870647464,0.9227076780769168,True,0.00016199578810950914,12.937895707094183
1189,dk.mochsoft.vnc::26,0,developer_only,1,7,-0.6512304720342004,0.917473345614448,True,0.00842378098169447,12.117297222884527
1190,dk.mochsoft.vnc::26,0,developer_only,1,7,-0.6512304720342004,0.917473345614448,True,0.00016199578810950914,12.117297222884527
1191,dk.mochsoft.vnc::26,0,developer_only,1,7,-0.6512304720342004,0.917473345614448,True,0.00016199578810950914,12.117297222884527
1192,dk.mochsoft.vnc::26,0,developer_only,1,7,-0.6512304720342004,0.917473345614448,True,0.00016199578810950914,12.117297222884527
1311,br.com.originalsoftware.taxifonecliente.teleTaxiSalvador::3665,0,developer_only,1,5,0.5509460019267736,0.9210916388946232,True,0.004049894702737726,12.672928267570624
1319,br.com.originalsoftware.taxifonecliente.teleTaxiSalvador::3665,0,developer_only,0,5,0.5509460019267736,0.9210916388946232,True,0.00016199578810950914,12.672928267570624
1320,br.com.originalsoftware.taxifonecliente.teleTaxiSalvador::3665,0,developer_only,0,5,0.5509460019267736,0.9210916388946232,True,0.00016199578810950914,12.672928267570624
1321,br.com.originalsoftware.taxifonecliente.teleTaxiSalvador::3665,0,developer_only,0,5,0.5509460019267736,0.9210916388946232,True,0.00016199578810950914,12.672928267570624
1424,com.homecu.bwuccu::2097,0,developer_only,0,5,-0.6326009748902662,0.911077420288891,True,0.004049894702737726,11.245737620847178
1425,com.homecu.bwuccu::2097,0,developer_only,0,5,-0.6326009748902662,0.911077420288891,True,0.00016199578810950914,11.245737620847178
1426,com.homecu.bwuccu::2097,0,developer_only,0,5,-0.6326009748902662,0.911077420288891,True,0.00016199578810950914,11.245737620847178
1439,com.homecu.bwuccu::2097,0,developer_only,1,5,-0.6326009748902662,0.911077420288891,True,0.00016199578810950914,11.245737620847178
1440,com.homecu.bwuccu::2097,0,developer_only,1,5,-0.6326009748902662,0.911077420288891,True,0.00016199578810950914,11.245737620847178
1441,com.homecu.bwuccu::2097,0,developer_only,1,5,-0.6326009748902662,0.911077420288891,True,0.00016199578810950914,11.245737620847178
1442,com.homecu.bwuccu::2097,0,developer_only,1,5,-0.6326009748902662,0.911077420288891,True,0.00016199578810950914,11.245737620847178
1443,com.homecu.bwuccu::2097,0,developer_only,1,5,-0.6326009748902662,0.911077420288891,True,0.00016199578810950914,11.245737620847178
1444,com.imzhiqiang.period::10701,0,developer_only,1,5,-0.36123224036352464,0.9134702774943891,True,0.02186943139478378,11.556722604018022
1445,com.imzhiqiang.period::10701,0,developer_only,1,5,-0.36123224036352464,0.9134702774943891,True,0.00016199578810950914,11.556722604018022
1492,com.locatify.guide.bslauschtour::979,0,developer_only,1,5,-0.006078760170229883,0.9165138085879521,True,0.012473675684432214,11.978028738482966
1540,com.mysiteanalytics.msa::116,0,developer_only,1,5,-0.5908822094313269,0.9114491312690733,True,0.008585776769803979,11.292943980466529
1572,com.proapps.sword.sounds::1001,0,developer_only,1,5,-0.6134096277302012,0.9112485882747978,True,0.00016199578810950914,11.267426405523151
1573,com.proapps.sword.sounds::1001,0,developer_only,1,5,-0.6134096277302012,0.9112485882747978,True,0.00016199578810950914,11.267426405523151
1574,com.proapps.sword.sounds::1001,0,developer_only,1,5,-0.6134096277302012,0.9112485882747978,True,0.00016199578810950914,11.267426405523151
1575,com.proapps.sword.sounds::1001,0,developer_only,1,5,-0.6134096277302012,0.9112485882747978,True,0.0021059452454236186,11.267426405523151
1602,com.simplexi.messenger::2021020104,0,developer_only,1,5,-0.28121446422244123,0.9141646464904182,True,0.00793779361736594,11.65021123712585
1603,com.simplexi.messenger::2021020104,0,developer_only,0,5,-0.28121446422244123,0.9141646464904182,True,0.00016199578810950914,11.65021123712585
1604,com.simplexi.messenger::2021020104,0,developer_only,0,5,-0.28121446422244123,0.9141646464904182,True,0.00016199578810950914,11.65021123712585
1605,com.simplexi.messenger::2021020104,0,developer_only,0,5,-0.28121446422244123,0.9141646464904182,True,0.00016199578810950914,11.65021123712585
1606,com.simplexi.messenger::2021020104,0,developer_only,1,5,-0.28121446422244123,0.9141646464904182,True,0.00016199578810950914,11.65021123712585
1607,com.simplexi.messenger::2021020104,0,developer_only,1,5,-0.28121446422244123,0.9141646464904182,True,0.00016199578810950914,11.65021123712585
1608,com.simplexi.messenger::2021020104,0,developer_only,1,5,-0.28121446422244123,0.9141646464904182,True,0.00016199578810950914,11.65021123712585
1609,com.simplexi.messenger::2021020104,0,developer_only,1,5,-0.28121446422244123,0.9141646464904182,True,0.00016199578810950914,11.65021123712585
1610,com.simplexi.messenger::2021020104,0,developer_only,1,5,-0.28121446422244123,0.9141646464904182,True,0.00016199578810950914,11.65021123712585
1611,com.sonidos.chilenos::6,0,developer_only,1,5,-0.16914247844769503,0.9151286840396617,True,0.013121658836870253,11.782543827496633
1756,net.mohadaratdiniya.fatawa.ibnuthaymeen::1002,0,developer_only,1,5,-0.5909456353586763,0.9114485672151862,True,0.00016199578810950914,11.292872046803241
1757,net.mohadaratdiniya.fatawa.ibnuthaymeen::1002,0,developer_only,1,5,-0.5909456353586763,0.9114485672151862,True,0.00016199578810950914,11.292872046803241
1758,net.mohadaratdiniya.fatawa.ibnuthaymeen::1002,0,developer_only,1,5,-0.5909456353586763,0.9114485672151862,True,0.00016199578810950914,11.292872046803241
1759,net.mohadaratdiniya.fatawa.ibnuthaymeen::1002,0,developer_only,1,5,-0.5909456353586763,0.9114485672151862,True,0.001133970516766564,11.292872046803241
1762,quran.tilawatequran.mahermaaiqli::1001,0,developer_only,1,5,5.375237432728273,0.9520675264788495,True,0.00016199578810950914,20.862682990034806
1763,quran.tilawatequran.mahermaaiqli::1001,0,developer_only,1,5,5.375237432728273,0.9520675264788495,True,0.00016199578810950914,20.862682990034806
1764,quran.tilawatequran.mahermaaiqli::1001,0,developer_only,1,5,5.375237432728273,0.9520675264788495,True,0.001133970516766564,20.862682990034806
1765,quran.tilawatequran.mahermaaiqli::1001,0,developer_only,1,5,5.375237432728273,0.9520675264788495,True,0.00016199578810950914,20.862682990034806
1931,com.buscounchollo::552,0,developer_only,1,9,0.8215313177272995,0.9342861707390085,True,0.020411469301798192,15.217497005514065
1985,com.fourksoft.openvpn::407,0,developer_only,1,9,0.05082804296588077,0.928876138294078,True,0.009719747286570548,14.059978972102646
1986,com.fourksoft.openvpn::407,0,developer_only,0,9,0.05082804296588077,0.928876138294078,True,0.00016199578810950914,14.059978972102646
1987,com.fourksoft.openvpn::407,0,developer_only,1,9,0.05082804296588077,0.928876138294078,True,0.00016199578810950914,14.059978972102646
2008,com.fourksoft.openvpn::407,0,developer_only,1,9,0.05082804296588077,0.928876138294078,True,0.00016199578810950914,14.059978972102646
2009,com.fourksoft.openvpn::407,0,developer_only,1,9,0.05082804296588077,0.928876138294078,True,0.00016199578810950914,14.059978972102646
2010,com.fourksoft.openvpn::407,0,developer_only,0,9,0.05082804296588077,0.928876138294078,True,0.00016199578810950914,14.059978972102646
2015,com.fourksoft.openvpn::407,0,developer_only,0,9,0.05082804296588077,0.928876138294078,True,0.00016199578810950914,14.059978972102646
2016,com.fourksoft.openvpn::407,0,developer_only,1,9,0.05082804296588077,0.928876138294078,True,0.00016199578810950914,14.059978972102646
2017,com.fourksoft.openvpn::407,0,developer_only,1,9,0.05082804296588077,0.928876138294078,True,0.00016199578810950914,14.059978972102646
2078,com.photoslideshow.birthdayvideomaker::32,0,developer_only,1,9,-0.06929023312464877,0.927996760821629,True,0.011663696743884665,13.888264075491604
2133,com.teegloyalty.timezone::245,0,developer_only,1,9,1.092167518967638,0.9360934689472147,True,0.015713591446622408,15.647852942823999
2134,com.teegloyalty.timezone::245,0,developer_only,0,9,1.092167518967638,0.9360934689472147,True,0.00016199578810950914,15.647852942823999
2213,de.danoeh.antennapod::3080095,0,developer_only,0,9,-0.29025482933873586,0.9263528581517614,True,0.00016199578810950914,13.578259453172745
2236,de.danoeh.antennapod::3080095,0,developer_only,1,9,-0.29025482933873586,0.9263528581517614,True,0.00016199578810950914,13.578259453172745
2237,de.danoeh.antennapod::3080095,0,developer_only,0,9,-0.29025482933873586,0.9263528581517614,True,0.00016199578810950914,13.578259453172745
2238,de.danoeh.antennapod::3080095,0,developer_only,0,9,-0.29025482933873586,0.9263528581517614,True,0.00016199578810950914,13.578259453172745
2239,de.danoeh.antennapod::3080095,0,developer_only,0,9,-0.29025482933873586,0.9263528581517614,True,0.00016199578810950914,13.578259453172745
2240,de.danoeh.antennapod::3080095,0,developer_only,1,9,-0.29025482933873586,0.9263528581517614,True,0.005669852583832815,13.578259453172745
2241,de.danoeh.antennapod::3080095,0,developer_only,1,9,-0.29025482933873586,0.9263528581517614,True,0.00016199578810950914,13.578259453172745
2242,de.danoeh.antennapod::3080095,0,developer_only,0,9,-0.29025482933873586,0.9263528581517614,True,0.00016199578810950914,13.578259453172745
2498,com.asis.petechmobil::19,0,developer_only,1,3,-0.03697864204245473,0.9096030696507139,True,0.003725903126518708,11.062322538343777
2499,com.asis.petechmobil::19,0,developer_only,1,3,-0.03697864204245473,0.9096030696507139,True,0.00016199578810950914,11.062322538343777
2500,com.asis.petechmobil::19,0,developer_only,1,3,-0.03697864204245473,0.9096030696507139,True,0.00016199578810950914,11.062322538343777
2501,com.asis.petechmobil::19,0,developer_only,1,3,-0.03697864204245473,0.9096030696507139,True,0.00016199578810950914,11.062322538343777
2502,com.asis.petechmobil::19,0,developer_only,1,3,-0.03697864204245473,0.9096030696507139,True,0.00016199578810950914,11.062322538343777
2503,com.asis.petechmobil::19,0,developer_only,1,3,-0.03697864204245473,0.9096030696507139,True,0.00016199578810950914,11.062322538343777
2504,com.asis.petechmobil::19,0,developer_only,1,3,-0.03697864204245473,0.9096030696507139,True,0.00016199578810950914,11.062322538343777
2505,com.asis.petechmobil::19,0,developer_only,1,3,-0.03697864204245473,0.9096030696507139,True,0.00016199578810950914,11.062322538343777
2506,com.asis.petechmobil::19,0,developer_only,1,3,-0.03697864204245473,0.9096030696507139,True,0.00016199578810950914,11.062322538343777
2507,com.asis.petechmobil::19,0,developer_only,1,3,-0.03697864204245473,0.9096030696507139,True,0.00016199578810950914,11.062322538343777
2508,com.asis.petechmobil::19,0,developer_only,1,3,-0.03697864204245473,0.9096030696507139,True,0.00016199578810950914,11.062322538343777
2509,com.asis.petechmobil::19,0,developer_only,1,3,-0.03697864204245473,0.9096030696507139,True,0.00016199578810950914,11.062322538343777
2510,com.asis.petechmobil::19,0,developer_only,1,3,-0.03697864204245473,0.9096030696507139,True,0.00016199578810950914,11.062322538343777
2511,com.asis.petechmobil::19,0,developer_only,1,3,-0.03697864204245473,0.9096030696507139,True,0.00016199578810950914,11.062322538343777
2512,com.asis.petechmobil::19,0,developer_only,1,3,-0.03697864204245473,0.9096030696507139,True,0.00016199578810950914,11.062322538343777
2513,com.asis.petechmobil::19,0,developer_only,1,3,-0.03697864204245473,0.9096030696507139,True,0.00016199578810950914,11.062322538343777
2514,com.asis.petechmobil::19,0,developer_only,1,3,-0.03697864204245473,0.9096030696507139,True,0.00016199578810950914,11.062322538343777
2515,com.asis.petechmobil::19,0,developer_only,1,3,-0.03697864204245473,0.9096030696507139,True,0.00016199578810950914,11.062322538343777
2516,com.asis.petechmobil::19,0,developer_only,1,3,-0.03697864204245473,0.9096030696507139,True,0.00016199578810950914,11.062322538343777
2517,com.asis.petechmobil::19,0,developer_only,1,3,-0.03697864204245473,0.9096030696507139,True,0.00016199578810950914,11.062322538343777
2518,com.asis.petechmobil::19,0,developer_only,1,3,-0.03697864204245473,0.9096030696507139,True,0.00016199578810950914,11.062322538343777
2519,com.asis.petechmobil::19,0,developer_only,1,3,-0.03697864204245473,0.9096030696507139,True,0.00016199578810950914,11.062322538343777
2520,com.bfi.rca.gabon::2,0,developer_only,1,3,0.0,0.9099375410685112,True,0.025109347156973976,11.103405479531796
2521,com.bfi.rca.gabon::2,0,developer_only,1,3,0.0,0.9099375410685112,True,0.00016199578810950914,11.103405479531796
2522,com.bfi.rca.gabon::2,0,developer_only,0,3,0.0,0.9099375410685112,True,0.00016199578810950914,11.103405479531796
2523,com.bfi.rca.gabon::2,0,developer_only,0,3,0.0,0.9099375410685112,True,0.00016199578810950914,11.103405479531796
2658,com.sejood.elsahw::1005,0,developer_only,1,3,-0.4143869658031154,0.9061249708106995,True,0.00016199578810950914,10.65246006990298
2659,com.sejood.elsahw::1005,0,developer_only,1,3,-0.4143869658031154,0.9061249708106995,True,0.00016199578810950914,10.65246006990298
2660,com.sejood.elsahw::1005,0,developer_only,1,3,-0.4143869658031154,0.9061249708106995,True,0.00016199578810950914,10.65246006990298
2661,com.sejood.elsahw::1005,0,developer_only,1,3,-0.4143869658031154,0.9061249708106995,True,0.019763486149360153,10.65246006990298
2679,com.two.ukcitizenship::10,0,developer_only,1,3,0.5136974982390563,0.9144698009203458,True,0.00016199578810950914,11.691776831580865
2680,com.two.ukcitizenship::10,0,developer_only,1,3,0.5136974982390563,0.9144698009203458,True,0.0022679410335331275,11.691776831580865
2681,com.two.ukcitizenship::10,0,developer_only,1,3,0.5136974982390563,0.9144698009203458,True,0.00016199578810950914,11.691776831580865
2682,com.two.ukcitizenship::10,0,developer_only,1,3,0.5136974982390563,0.9144698009203458,True,0.00016199578810950914,11.691776831580865
2685,com.two.ukcitizenship::10,0,developer_only,1,3,0.5136974982390563,0.9144698009203458,True,0.00016199578810950914,11.691776831580865
2760,com.ymaa.waterstyle::6,0,developer_only,1,3,-0.4793344522101012,0.9055144647403732,True,0.0024299368216426365,10.583630576386176
2771,com.zoop.caparao::107,0,developer_only,0,3,-0.6173240685658391,0.9042055481487108,True,0.02300340191155035,10.439017925092307
2772,com.zoop.caparao::107,0,developer_only,0,3,-0.6173240685658391,0.9042055481487108,True,0.00016199578810950914,10.439017925092307
2773,com.zoop.caparao::107,0,developer_only,0,3,-0.6173240685658391,0.9042055481487108,True,0.00016199578810950914,10.439017925092307
2774,it.taxrefund.taxrefund::9,0,developer_only,1,3,1.098254177233384,0.9193749775090055,True,0.0006479831524380366,12.403097315249699
2775,it.taxrefund.taxrefund::9,0,developer_only,0,3,1.098254177233384,0.9193749775090055,True,0.00016199578810950914,12.403097315249699
2776,it.taxrefund.taxrefund::9,0,developer_only,1,3,1.098254177233384,0.9193749775090055,True,0.00016199578810950914,12.403097315249699
2779,ua.radio.gsmboom::168,0,developer_only,1,3,-0.5589433361085191,0.9047612925077827,True,0.0017819536692046006,10.499932499416982
2780,ua.radio.gsmboom::168,0,developer_only,0,3,-0.5589433361085191,0.9047612925077827,True,0.00016199578810950914,10.499932499416982
2781,ua.radio.gsmboom::168,0,developer_only,1,3,-0.5589433361085191,0.9047612925077827,True,0.00016199578810950914,10.499932499416982
2787,br.com.movibrasil.taxi.drivermachine::915,0,developer_only,0,2,-0.147895395693681,0.9050577497903614,True,0.017333549327717506,10.532718550402326
2788,br.com.movibrasil.taxi.drivermachine::915,0,developer_only,0,2,-0.147895395693681,0.9050577497903614,True,0.00016199578810950914,10.532718550402326
2789,br.com.movibrasil.taxi.drivermachine::915,0,developer_only,0,2,-0.147895395693681,0.9050577497903614,True,0.00016199578810950914,10.532718550402326
2790,br.com.movibrasil.taxi.drivermachine::915,0,developer_only,0,2,-0.147895395693681,0.9050577497903614,True,0.00016199578810950914,10.532718550402326
2791,br.com.movibrasil.taxi.drivermachine::915,0,developer_only,0,2,-0.147895395693681,0.9050577497903614,True,0.00016199578810950914,10.532718550402326
2792,br.com.movibrasil.taxi.drivermachine::915,0,developer_only,1,2,-0.147895395693681,0.9050577497903614,True,0.00016199578810950914,10.532718550402326
2793,br.com.movibrasil.taxi.drivermachine::915,0,developer_only,0,2,-0.147895395693681,0.9050577497903614,True,0.00016199578810950914,10.532718550402326
2794,br.com.movibrasil.taxi.drivermachine::915,0,developer_only,0,2,-0.147895395693681,0.9050577497903614,True,0.00016199578810950914,10.532718550402326
2795,br.com.movibrasil.taxi.drivermachine::915,0,developer_only,0,2,-0.147895395693681,0.9050577497903614,True,0.00016199578810950914,10.532718550402326
2796,br.com.movibrasil.taxi.drivermachine::915,0,developer_only,1,2,-0.147895395693681,0.9050577497903614,True,0.00016199578810950914,10.532718550402326
2797,br.com.movibrasil.taxi.drivermachine::915,0,developer_only,0,2,-0.147895395693681,0.9050577497903614,True,0.00016199578810950914,10.532718550402326
2932,com.mappytom.manager_app::63,0,developer_only,1,2,-0.6331137481907483,0.9003631015893083,True,0.010691722015227606,10.036442482162748
2933,com.mappytom.manager_app::63,0,developer_only,1,2,-0.6331137481907483,0.9003631015893083,True,0.00016199578810950914,10.036442482162748
2934,com.mappytom.manager_app::63,0,developer_only,1,2,-0.6331137481907483,0.9003631015893083,True,0.00016199578810950914,10.036442482162748
2935,com.mappytom.manager_app::63,0,developer_only,1,2,-0.6331137481907483,0.9003631015893083,True,0.00016199578810950914,10.036442482162748
2936,com.mappytom.manager_app::63,0,developer_only,1,2,-0.6331137481907483,0.9003631015893083,True,0.00016199578810950914,10.036442482162748
2937,com.mappytom.manager_app::63,0,developer_only,1,2,-0.6331137481907483,0.9003631015893083,True,0.00016199578810950914,10.036442482162748
2938,com.mappytom.manager_app::63,0,developer_only,1,2,-0.6331137481907483,0.9003631015893083,True,0.00016199578810950914,10.036442482162748
2939,com.mappytom.manager_app::63,0,developer_only,1,2,-0.6331137481907483,0.9003631015893083,True,0.00016199578810950914,10.036442482162748
2940,com.mappytom.manager_app::63,0,developer_only,1,2,-0.6331137481907483,0.9003631015893083,True,0.00016199578810950914,10.036442482162748
2953,com.social.ekchat::78,0,developer_only,1,2,1.3555744305970532,0.9183691055741916,True,0.00809978940547545,12.250263910912635
3002,com.socorroec.smartapps::626,0,developer_only,1,2,1.1164057491623949,0.9163715779065137,True,0.00485987364328527,11.95765715730141
3003,com.socorroec.smartapps::626,0,developer_only,1,2,1.1164057491623949,0.9163715779065137,True,0.00016199578810950914,11.95765715730141
3004,com.socorroec.smartapps::626,0,developer_only,1,2,1.1164057491623949,0.9163715779065137,True,0.00016199578810950914,11.95765715730141
3005,com.socorroec.smartapps::626,0,developer_only,1,2,1.1164057491623949,0.9163715779065137,True,0.00016199578810950914,11.95765715730141
3006,com.socorroec.smartapps::626,0,developer_only,1,2,1.1164057491623949,0.9163715779065137,True,0.00016199578810950914,11.95765715730141
3007,com.socorroec.smartapps::626,0,developer_only,1,2,1.1164057491623949,0.9163715779065137,True,0.00016199578810950914,11.95765715730141
3008,com.socorroec.smartapps::626,0,developer_only,1,2,1.1164057491623949,0.9163715779065137,True,0.00016199578810950914,11.95765715730141
3009,com.socorroec.smartapps::626,0,developer_only,1,2,1.1164057491623949,0.9163715779065137,True,0.00016199578810950914,11.95765715730141
3010,com.socorroec.smartapps::626,0,developer_only,0,2,1.1164057491623949,0.9163715779065137,True,0.00016199578810950914,11.95765715730141
3011,com.socorroec.smartapps::626,0,developer_only,0,2,1.1164057491623949,0.9163715779065137,True,0.00016199578810950914,11.95765715730141
3012,com.socorroec.smartapps::626,0,developer_only,0,2,1.1164057491623949,0.9163715779065137,True,0.00016199578810950914,11.95765715730141
3013,com.socorroec.smartapps::626,0,developer_only,1,2,1.1164057491623949,0.9163715779065137,True,0.00016199578810950914,11.95765715730141
3014,com.socorroec.smartapps::626,0,developer_only,0,2,1.1164057491623949,0.9163715779065137,True,0.00016199578810950914,11.95765715730141
3015,com.socorroec.smartapps::626,0,developer_only,1,2,1.1164057491623949,0.9163715779065137,True,0.00016199578810950914,11.95765715730141
3016,com.socorroec.smartapps::626,0,developer_only,1,2,1.1164057491623949,0.9163715779065137,True,0.00016199578810950914,11.95765715730141
3017,com.socorroec.smartapps::626,0,developer_only,0,2,1.1164057491623949,0.9163715779065137,True,0.00016199578810950914,11.95765715730141
3037,nl.mijnbezorgapp.kid_85::84,0,developer_only,1,2,-0.6210263460570447,0.9004825186943117,True,0.005183865219504288,10.048485822589257
3064,to.ord.app::32,0,developer_only,1,2,-0.5382702218225344,0.9012966903607538,True,0.02105945245423623,10.131372531021816
3065,to.ord.app::32,0,developer_only,1,2,-0.5382702218225344,0.9012966903607538,True,0.00016199578810950914,10.131372531021816
3066,to.ord.app::32,0,developer_only,1,2,-0.5382702218225344,0.9012966903607538,True,0.00016199578810950914,10.131372531021816
3089,uk.co.catalinasoftware.freedomgo.crawfords::3300,0,developer_only,0,2,-0.5770871908144305,0.9009155422548482,True,0.007289810464927904,10.09240018825182
3090,uk.co.catalinasoftware.freedomgo.crawfords::3300,0,developer_only,0,2,-0.5770871908144305,0.9009155422548482,True,0.00016199578810950914,10.09240018825182
3091,uk.co.catalinasoftware.freedomgo.crawfords::3300,0,developer_only,0,2,-0.5770871908144305,0.9009155422548482,True,0.00016199578810950914,10.09240018825182
3092,uk.co.catalinasoftware.freedomgo.crawfords::3300,0,developer_only,0,2,-0.5770871908144305,0.9009155422548482,True,0.00016199578810950914,10.09240018825182
3093,uk.co.catalinasoftware.freedomgo.crawfords::3300,0,developer_only,0,2,-0.5770871908144305,0.9009155422548482,True,0.00016199578810950914,10.09240018825182
3094,uk.co.catalinasoftware.freedomgo.crawfords::3300,0,developer_only,0,2,-0.5770871908144305,0.9009155422548482,True,0.00016199578810950914,10.09240018825182
3174,com.callhistory.contacts.calllog::86,0,developer_only,1,8,0.0027701816387125334,0.9256980310565377,True,0.007775797829256431,13.458593550339398
3220,com.etoos.india.app::200,0,developer_only,1,8,0.7061834310375982,0.9308562423941715,True,0.007613802041146922,14.46262156738362
3312,com.infinityapps.gps.location.navigation.route.maps::40,0,developer_only,1,8,0.1645296892123531,0.9269147003772652,True,0.00016199578810950914,13.682642134081474
3313,com.infinityapps.gps.location.navigation.route.maps::40,0,developer_only,1,8,0.1645296892123531,0.9269147003772652,True,0.017009557751498487,13.682642134081474
3314,com.infinityapps.gps.location.navigation.route.maps::40,0,developer_only,1,8,0.1645296892123531,0.9269147003772652,True,0.00016199578810950914,13.682642134081474
3315,com.infinityapps.gps.location.navigation.route.maps::40,0,developer_only,1,8,0.1645296892123531,0.9269147003772652,True,0.00016199578810950914,13.682642134081474
3316,com.infinityapps.gps.location.navigation.route.maps::40,0,developer_only,1,8,0.1645296892123531,0.9269147003772652,True,0.00016199578810950914,13.682642134081474
3317,com.infinityapps.gps.location.navigation.route.maps::40,0,developer_only,1,8,0.1645296892123531,0.9269147003772652,True,0.00016199578810950914,13.682642134081474
3318,com.infinityapps.gps.location.navigation.route.maps::40,0,developer_only,1,8,0.1645296892123531,0.9269147003772652,True,0.00016199578810950914,13.682642134081474
3319,com.infinityapps.gps.location.navigation.route.maps::40,0,developer_only,1,8,0.1645296892123531,0.9269147003772652,True,0.00016199578810950914,13.682642134081474
3320,com.infinityapps.gps.location.navigation.route.maps::40,0,developer_only,1,8,0.1645296892123531,0.9269147003772652,True,0.00016199578810950914,13.682642134081474
3321,com.infinityapps.gps.location.navigation.route.maps::40,0,developer_only,1,8,0.1645296892123531,0.9269147003772652,True,0.00016199578810950914,13.682642134081474
3392,com.peachlive.android::28,0,developer_only,1,8,4.651548807487057,0.9541148249923164,True,0.011339705167665646,21.79353134934206
3469,com.pocketgroup.pocketpay::340,0,developer_only,1,8,4.613955440392078,0.953933136004179,True,0.00016199578810950914,21.707577057789628
3470,com.pocketgroup.pocketpay::340,0,developer_only,1,8,4.613955440392078,0.953933136004179,True,0.00647983152438036,21.707577057789628
3471,com.pocketgroup.pocketpay::340,0,developer_only,1,8,4.613955440392078,0.953933136004179,True,0.00016199578810950914,21.707577057789628
3472,com.pocketgroup.pocketpay::340,0,developer_only,1,8,4.613955440392078,0.953933136004179,True,0.00016199578810950914,21.707577057789628
3473,com.pocketgroup.pocketpay::340,0,developer_only,1,8,4.613955440392078,0.953933136004179,True,0.00016199578810950914,21.707577057789628
3508,com.prompt.ma.maapplicationfinalAmul::50,0,developer_only,1,8,-0.16519331010810925,0.924415007992071,True,0.02105945245423623,13.23013965384951
3509,com.prompt.ma.maapplicationfinalAmul::50,0,developer_only,1,8,-0.16519331010810925,0.924415007992071,True,0.00016199578810950914,13.23013965384951
3510,com.prompt.ma.maapplicationfinalAmul::50,0,developer_only,0,8,-0.16519331010810925,0.924415007992071,True,0.00016199578810950914,13.23013965384951
3516,com.prompt.ma.maapplicationfinalAmul::50,0,developer_only,1,8,-0.16519331010810925,0.924415007992071,True,0.00016199578810950914,13.23013965384951
3517,com.prompt.ma.maapplicationfinalAmul::50,0,developer_only,1,8,-0.16519331010810925,0.924415007992071,True,0.00016199578810950914,13.23013965384951
3518,com.prompt.ma.maapplicationfinalAmul::50,0,developer_only,1,8,-0.16519331010810925,0.924415007992071,True,0.00016199578810950914,13.23013965384951
3519,com.prompt.ma.maapplicationfinalAmul::50,0,developer_only,1,8,-0.16519331010810925,0.924415007992071,True,0.00016199578810950914,13.23013965384951
3520,com.prompt.ma.maapplicationfinalAmul::50,0,developer_only,1,8,-0.16519331010810925,0.924415007992071,True,0.00016199578810950914,13.23013965384951
3554,com.rtve.mas24::87,0,developer_only,1,8,-0.036095080288361274,0.9254029439017228,True,0.00016199578810950914,13.405354745937425
3555,com.rtve.mas24::87,0,developer_only,1,8,-0.036095080288361274,0.9254029439017228,True,0.00016199578810950914,13.405354745937425
3556,com.rtve.mas24::87,0,developer_only,1,8,-0.036095080288361274,0.9254029439017228,True,0.019115502996922114,13.405354745937425
3557,com.rtve.mas24::87,0,developer_only,1,8,-0.036095080288361274,0.9254029439017228,True,0.00016199578810950914,13.405354745937425
3558,com.rtve.mas24::87,0,developer_only,1,8,-0.036095080288361274,0.9254029439017228,True,0.00016199578810950914,13.405354745937425
3608,org.chennaimetrorail.appv1::161,0,developer_only,1,8,-0.03131028138502691,0.9254393308901616,True,0.00016199578810950914,13.411896807509317
3609,org.chennaimetrorail.appv1::161,0,developer_only,1,8,-0.03131028138502691,0.9254393308901616,True,0.00016199578810950914,13.411896807509317
3610,org.chennaimetrorail.appv1::161,0,developer_only,1,8,-0.03131028138502691,0.9254393308901616,True,0.00016199578810950914,13.411896807509317
3611,org.chennaimetrorail.appv1::161,0,developer_only,1,8,-0.03131028138502691,0.9254393308901616,True,0.004211890490847235,13.411896807509317
3612,org.chennaimetrorail.appv1::161,0,developer_only,1,8,-0.03131028138502691,0.9254393308901616,True,0.00016199578810950914,13.411896807509317
3613,org.chennaimetrorail.appv1::161,0,developer_only,1,8,-0.03131028138502691,0.9254393308901616,True,0.003563907338409199,13.411896807509317
3614,org.chennaimetrorail.appv1::161,0,developer_only,1,8,-0.03131028138502691,0.9254393308901616,True,0.00016199578810950914,13.411896807509317
3615,org.chennaimetrorail.appv1::161,0,developer_only,1,8,-0.03131028138502691,0.9254393308901616,True,0.00016199578810950914,13.411896807509317
3616,org.chennaimetrorail.appv1::161,0,developer_only,1,8,-0.03131028138502691,0.9254393308901616,True,0.00016199578810950914,13.411896807509317
3617,org.chennaimetrorail.appv1::161,0,developer_only,1,8,-0.03131028138502691,0.9254393308901616,True,0.00016199578810950914,13.411896807509317
3623,pt.sapo.android.cloudpt::120,0,developer_only,1,8,-0.5648939783171353,0.9212796454057356,True,0.0027539283978616543,12.70319481097536
3624,pt.sapo.android.cloudpt::120,0,developer_only,1,8,-0.5648939783171353,0.9212796454057356,True,0.00016199578810950914,12.70319481097536
3625,pt.sapo.android.cloudpt::120,0,developer_only,1,8,-0.5648939783171353,0.9212796454057356,True,0.00016199578810950914,12.70319481097536
3626,pt.sapo.android.cloudpt::120,0,developer_only,1,8,-0.5648939783171353,0.9212796454057356,True,0.00016199578810950914,12.70319481097536
3627,pt.sapo.android.cloudpt::120,0,developer_only,1,8,-0.5648939783171353,0.9212796454057356,True,0.00016199578810950914,12.70319481097536
3628,pt.sapo.android.cloudpt::120,0,developer_only,1,8,-0.5648939783171353,0.9212796454057356,True,0.00016199578810950914,12.70319481097536
3629,pt.sapo.android.cloudpt::120,0,developer_only,1,8,-0.5648939783171353,0.9212796454057356,True,0.00016199578810950914,12.70319481097536
3662,systems.altura.aclient.cnel::1280,0,developer_only,1,8,-0.3260330814443772,0.923167363771921,True,0.00016199578810950914,13.015302469011772
3663,systems.altura.aclient.cnel::1280,0,developer_only,1,8,-0.3260330814443772,0.923167363771921,True,0.00016199578810950914,13.015302469011772
3664,systems.altura.aclient.cnel::1280,0,developer_only,1,8,-0.3260330814443772,0.923167363771921,True,0.010853717803337116,13.015302469011772
3665,systems.altura.aclient.cnel::1280,0,developer_only,1,8,-0.3260330814443772,0.923167363771921,True,0.00016199578810950914,13.015302469011772
3666,systems.altura.aclient.cnel::1280,0,developer_only,1,8,-0.3260330814443772,0.923167363771921,True,0.00016199578810950914,13.015302469011772
3667,systems.altura.aclient.cnel::1280,0,developer_only,1,8,-0.3260330814443772,0.923167363771921,True,0.00016199578810950914,13.015302469011772
3668,systems.altura.aclient.cnel::1280,0,developer_only,1,8,-0.3260330814443772,0.923167363771921,True,0.00016199578810950914,13.015302469011772
3669,systems.altura.aclient.cnel::1280,0,developer_only,1,8,-0.3260330814443772,0.923167363771921,True,0.00016199578810950914,13.015302469011772
3768,com.app.radiojibi::23,0,developer_only,1,6,-0.0023449505877660187,0.9196908391898937,True,0.00016199578810950914,12.451879585250971
3769,com.app.radiojibi::23,0,developer_only,1,6,-0.0023449505877660187,0.9196908391898937,True,0.010529726227118097,12.451879585250971
3770,com.app.radiojibi::23,0,developer_only,0,6,-0.0023449505877660187,0.9196908391898937,True,0.00016199578810950914,12.451879585250971
3771,com.app.radiojibi::23,0,developer_only,1,6,-0.0023449505877660187,0.9196908391898937,True,0.00016199578810950914,12.451879585250971
3772,com.app.radiojibi::23,0,developer_only,1,6,-0.0023449505877660187,0.9196908391898937,True,0.00016199578810950914,12.451879585250971
3773,com.app.radiojibi::23,0,developer_only,1,6,-0.0023449505877660187,0.9196908391898937,True,0.00016199578810950914,12.451879585250971
3807,com.craftsilicon.wazalendo::33,0,developer_only,1,6,-0.4858651522580987,0.915666775914995,True,0.00016199578810950914,11.857722870787372
3808,com.craftsilicon.wazalendo::33,0,developer_only,1,6,-0.4858651522580987,0.915666775914995,True,0.0029159241859711632,11.857722870787372
3809,com.craftsilicon.wazalendo::33,0,developer_only,0,6,-0.4858651522580987,0.915666775914995,True,0.00016199578810950914,11.857722870787372
3838,com.getjoydev.ghanaradios::19,0,developer_only,1,6,-0.03497511828603851,0.9194248837540153,True,0.004697877855175761,12.410779488634411
3839,com.getjoydev.ghanaradios::19,0,developer_only,0,6,-0.03497511828603851,0.9194248837540153,True,0.00016199578810950914,12.410779488634411
3840,com.getjoydev.ghanaradios::19,0,developer_only,1,6,-0.03497511828603851,0.9194248837540153,True,0.00016199578810950914,12.410779488634411
3845,com.goder.busquerysystembeta::587,0,developer_only,1,6,0.13228508121503096,0.920779701014556,True,0.007451806253037413,12.623027340299997
3846,com.goder.busquerysystembeta::587,0,developer_only,1,6,0.13228508121503096,0.920779701014556,True,0.00016199578810950914,12.623027340299997
3847,com.goder.busquerysystembeta::587,0,developer_only,0,6,0.13228508121503096,0.920779701014556,True,0.00016199578810950914,12.623027340299997
3848,com.goder.busquerysystembeta::587,0,developer_only,1,6,0.13228508121503096,0.920779701014556,True,0.00016199578810950914,12.623027340299997
3849,com.goder.busquerysystembeta::587,0,developer_only,1,6,0.13228508121503096,0.920779701014556,True,0.00016199578810950914,12.623027340299997
3850,com.goder.busquerysystembeta::587,0,developer_only,1,6,0.13228508121503096,0.920779701014556,True,0.00016199578810950914,12.623027340299997
3851,com.goder.busquerysystembeta::587,0,developer_only,1,6,0.13228508121503096,0.920779701014556,True,0.00016199578810950914,12.623027340299997
3852,com.goder.busquerysystembeta::587,0,developer_only,0,6,0.13228508121503096,0.920779701014556,True,0.0003239915762190183,12.623027340299997
3853,com.goder.busquerysystembeta::587,0,developer_only,1,6,0.13228508121503096,0.920779701014556,True,0.00016199578810950914,12.623027340299997
3854,com.goder.busquerysystembeta::587,0,developer_only,0,6,0.13228508121503096,0.920779701014556,True,0.00016199578810950914,12.623027340299997
3855,com.goder.busquerysystembeta::587,0,developer_only,1,6,0.13228508121503096,0.920779701014556,True,0.00016199578810950914,12.623027340299997
3856,com.goder.busquerysystembeta::587,0,developer_only,1,6,0.13228508121503096,0.920779701014556,True,0.00016199578810950914,12.623027340299997
3857,com.goder.busquerysystembeta::587,0,developer_only,0,6,0.13228508121503096,0.920779701014556,True,0.00016199578810950914,12.623027340299997
3858,com.goder.busquerysystembeta::587,0,developer_only,1,6,0.13228508121503096,0.920779701014556,True,0.00016199578810950914,12.623027340299997
3860,com.goder.busquerysystembeta::587,0,developer_only,1,6,0.13228508121503096,0.920779701014556,True,0.00016199578810950914,12.623027340299997
3861,com.goder.busquerysystembeta::587,0,developer_only,0,6,0.13228508121503096,0.920779701014556,True,0.00016199578810950914,12.623027340299997
3862,com.goder.busquerysystembeta::587,0,developer_only,1,6,0.13228508121503096,0.920779701014556,True,0.00016199578810950914,12.623027340299997
3864,com.goder.busquerysystembeta::587,0,developer_only,1,6,0.13228508121503096,0.920779701014556,True,0.00016199578810950914,12.623027340299997
3865,com.goder.busquerysystembeta::587,0,developer_only,0,6,0.13228508121503096,0.920779701014556,True,0.00016199578810950914,12.623027340299997
3866,com.goder.busquerysystembeta::587,0,developer_only,1,6,0.13228508121503096,0.920779701014556,True,0.00016199578810950914,12.623027340299997
3867,com.goder.busquerysystembeta::587,0,developer_only,0,6,0.13228508121503096,0.920779701014556,True,0.00016199578810950914,12.623027340299997
3868,com.goder.busquerysystembeta::587,0,developer_only,1,6,0.13228508121503096,0.920779701014556,True,0.00016199578810950914,12.623027340299997
3869,com.goder.busquerysystembeta::587,0,developer_only,1,6,0.13228508121503096,0.920779701014556,True,0.00016199578810950914,12.623027340299997
3870,com.goder.busquerysystembeta::587,0,developer_only,1,6,0.13228508121503096,0.920779701014556,True,0.00016199578810950914,12.623027340299997
3871,com.goder.busquerysystembeta::587,0,developer_only,1,6,0.13228508121503096,0.920779701014556,True,0.00016199578810950914,12.623027340299997
3872,com.goder.busquerysystembeta::587,0,developer_only,1,6,0.13228508121503096,0.920779701014556,True,0.00016199578810950914,12.623027340299997
3882,com.golfboxdk::238,0,developer_only,0,6,-0.4275119726988763,0.9161619607065733,True,0.00647983152438036,11.927759862084521
3883,com.golfboxdk::238,0,developer_only,1,6,-0.4275119726988763,0.9161619607065733,True,0.00016199578810950914,11.927759862084521
3884,com.golfboxdk::238,0,developer_only,1,6,-0.4275119726988763,0.9161619607065733,True,0.00016199578810950914,11.927759862084521
3911,com.manhajona.OmarAbdelkafy::1005,0,developer_only,1,6,5.419667837453818,0.9541560910466287,True,0.00016199578810950914,21.81314863479723
3912,com.manhajona.OmarAbdelkafy::1005,0,developer_only,1,6,5.419667837453818,0.9541560910466287,True,0.00016199578810950914,21.81314863479723
3913,com.manhajona.OmarAbdelkafy::1005,0,developer_only,1,6,5.419667837453818,0.9541560910466287,True,0.00016199578810950914,21.81314863479723
3914,com.manhajona.OmarAbdelkafy::1005,0,developer_only,1,6,5.419667837453818,0.9541560910466287,True,0.001133970516766564,21.81314863479723
3915,com.messages.chattext::14,0,developer_only,1,6,1.3120098621287948,0.9297579829141047,True,0.009395755710351528,14.236493219964803
3916,com.messages.chattext::14,0,developer_only,1,6,1.3120098621287948,0.9297579829141047,True,0.00016199578810950914,14.236493219964803
3917,com.messages.chattext::14,0,developer_only,1,6,1.3120098621287948,0.9297579829141047,True,0.00016199578810950914,14.236493219964803
3918,com.messages.chattext::14,0,developer_only,1,6,1.3120098621287948,0.9297579829141047,True,0.00016199578810950914,14.236493219964803
3959,com.qgroupmedia.qnews::9,0,developer_only,1,6,-0.4758389721816415,0.9157520465489786,True,0.010043738862789567,11.869724533799651
3960,com.qgroupmedia.qnews::9,0,developer_only,0,6,-0.4758389721816415,0.9157520465489786,True,0.00016199578810950914,11.869724533799651
3961,com.qgroupmedia.qnews::9,0,developer_only,0,6,-0.4758389721816415,0.9157520465489786,True,0.00016199578810950914,11.869724533799651
3962,com.qgroupmedia.qnews::9,0,developer_only,0,6,-0.4758389721816415,0.9157520465489786,True,0.00016199578810950914,11.869724533799651
3991,com.rsudalihsan.mobile::36,0,developer_only,1,6,-0.22828799977234193,0.9178327260944055,True,0.006965818888708886,12.170295453016276
4037,com.speechtotext.voicetyping.alllanguages.converter.notes::9,0,developer_only,1,6,-0.15161823234955019,0.9184675904770752,True,0.012635671472541724,12.265061290980556
4038,com.speechtotext.voicetyping.alllanguages.converter.notes::9,0,developer_only,1,6,-0.15161823234955019,0.9184675904770752,True,0.00016199578810950914,12.265061290980556
4039,com.speechtotext.voicetyping.alllanguages.converter.notes::9,0,developer_only,1,6,-0.15161823234955019,0.9184675904770752,True,0.00016199578810950914,12.265061290980556
4040,com.speechtotext.voicetyping.alllanguages.converter.notes::9,0,developer_only,1,6,-0.15161823234955019,0.9184675904770752,True,0.00016199578810950914,12.265061290980556
4069,jp.co.ponos.nanimoshinai::1000002,0,developer_only,1,6,0.5703954540250352,0.9242302413657518,True,0.013769641989308292,13.197877596880675
4074,org.katieone::44,0,developer_only,0,6,1.3427117489958718,0.9299785942722871,True,0.00016199578810950914,14.281347105321293
4075,org.katieone::44,0,developer_only,1,6,1.3427117489958718,0.9299785942722871,True,0.00016199578810950914,14.281347105321293
4076,org.katieone::44,0,developer_only,0,6,1.3427117489958718,0.9299785942722871,True,0.014093633565527312,14.281347105321293
4077,org.katieone::44,0,developer_only,0,6,1.3427117489958718,0.9299785942722871,True,0.00016199578810950914,14.281347105321293
4078,org.katieone::44,0,developer_only,0,6,1.3427117489958718,0.9299785942722871,True,0.00016199578810950914,14.281347105321293
4111,co.dudo.podcastvn::28,0,developer_only,1,4,1.027297084210037,0.9218615711197541,True,0.025757330309412015,12.797800190385052
4178,com.coverforyou.app::25,0,developer_only,1,4,-0.21603576257649623,0.9114052429126964,True,0.0019439494573141097,11.28734964547139
4179,com.coverforyou.app::25,0,developer_only,0,4,-0.21603576257649623,0.9114052429126964,True,0.00016199578810950914,11.28734964547139
4180,com.coverforyou.app::25,0,developer_only,0,4,-0.21603576257649623,0.9114052429126964,True,0.00016199578810950914,11.28734964547139
4181,com.coverforyou.app::25,0,developer_only,0,4,-0.21603576257649623,0.9114052429126964,True,0.00016199578810950914,11.28734964547139
4253,com.dragoma.frko::229,0,developer_only,1,4,0.25334853626283943,0.9154934860502735,True,0.003887898914628217,11.833407311002162
4254,com.dragoma.frko::229,0,developer_only,0,4,0.25334853626283943,0.9154934860502735,True,0.00016199578810950914,11.833407311002162
4255,com.dragoma.frko::229,0,developer_only,0,4,0.25334853626283943,0.9154934860502735,True,0.00016199578810950914,11.833407311002162
4256,com.dragoma.frko::229,0,developer_only,0,4,0.25334853626283943,0.9154934860502735,True,0.00016199578810950914,11.833407311002162
4257,com.dragoma.frko::229,0,developer_only,0,4,0.25334853626283943,0.9154934860502735,True,0.00016199578810950914,11.833407311002162
4284,com.fox.foxfast.universal::434,0,developer_only,0,4,1.5759727755662105,0.9261068568891903,True,0.011987688320103685,13.533055408137201
4285,com.fox.foxfast.universal::434,0,developer_only,1,4,1.5759727755662105,0.9261068568891903,True,0.00016199578810950914,13.533055408137201
4286,com.fox.foxfast.universal::434,0,developer_only,0,4,1.5759727755662105,0.9261068568891903,True,0.00016199578810950914,13.533055408137201
4287,com.fox.foxfast.universal::434,0,developer_only,0,4,1.5759727755662105,0.9261068568891903,True,0.00016199578810950914,13.533055408137201
4288,com.fox.foxfast.universal::434,0,developer_only,0,4,1.5759727755662105,0.9261068568891903,True,0.00016199578810950914,13.533055408137201
4289,com.fox.foxfast.universal::434,0,developer_only,0,4,1.5759727755662105,0.9261068568891903,True,0.00016199578810950914,13.533055408137201
4290,com.fox.foxfast.universal::434,0,developer_only,0,4,1.5759727755662105,0.9261068568891903,True,0.00016199578810950914,13.533055408137201
4291,com.fox.foxfast.universal::434,0,developer_only,0,4,1.5759727755662105,0.9261068568891903,True,0.00016199578810950914,13.533055408137201
4292,com.fox.foxfast.universal::434,0,developer_only,1,4,1.5759727755662105,0.9261068568891903,True,0.00016199578810950914,13.533055408137201
4293,com.fox.foxfast.universal::434,0,developer_only,1,4,1.5759727755662105,0.9261068568891903,True,0.00016199578810950914,13.533055408137201
4294,com.fox.foxfast.universal::434,0,developer_only,1,4,1.5759727755662105,0.9261068568891903,True,0.00016199578810950914,13.533055408137201
4295,com.fox.foxfast.universal::434,0,developer_only,1,4,1.5759727755662105,0.9261068568891903,True,0.00016199578810950914,13.533055408137201
4323,com.gpsmycity.android.u134::55,0,developer_only,1,4,1.8202352462822127,0.9279276936468794,True,0.004211890490847235,13.874954897384137
4324,com.landl.gzbus::42,0,developer_only,1,4,-0.45036634803578884,0.9092981224751572,True,0.019763486149360153,11.025130099717115
4384,com.lekseek.aptekarzInterakcje::134,0,developer_only,1,4,-0.4039963880984262,0.9097186344272752,True,0.0006479831524380366,11.076482878346194
4385,com.lekseek.aptekarzInterakcje::134,0,developer_only,0,4,-0.4039963880984262,0.9097186344272752,True,0.00016199578810950914,11.076482878346194
4386,com.lekseek.aptekarzInterakcje::134,0,developer_only,1,4,-0.4039963880984262,0.9097186344272752,True,0.00016199578810950914,11.076482878346194
4387,com.multiestetica.companies::112,0,developer_only,0,4,-0.07706286347442527,0.9126339294501131,True,0.01506560829418437,11.446091070663298
4388,com.multiestetica.companies::112,0,developer_only,1,4,-0.07706286347442527,0.9126339294501131,True,0.00016199578810950914,11.446091070663298
4389,com.multiestetica.companies::112,0,developer_only,0,4,-0.07706286347442527,0.9126339294501131,True,0.00016199578810950914,11.446091070663298
4390,com.multiestetica.companies::112,0,developer_only,1,4,-0.07706286347442527,0.9126339294501131,True,0.00016199578810950914,11.446091070663298
4391,com.multiestetica.companies::112,0,developer_only,0,4,-0.07706286347442527,0.9126339294501131,True,0.00016199578810950914,11.446091070663298
4461,com.pragma.scientistsinventionsanddiscoveries::5,0,developer_only,1,4,-0.41351371377675655,0.9096324688103151,True,0.004049894702737726,11.0659214303527
4462,com.pragma.scientistsinventionsanddiscoveries::5,0,developer_only,1,4,-0.41351371377675655,0.9096324688103151,True,0.00016199578810950914,11.0659214303527
4463,com.pragma.scientistsinventionsanddiscoveries::5,0,developer_only,1,4,-0.41351371377675655,0.9096324688103151,True,0.00016199578810950914,11.0659214303527
4596,com.chownow.communitylanes::139,0,developer_only,1,0,0.19454781805464844,0.901034239361756,True,0.00016199578810950914,10.104504765596305
4597,com.chownow.communitylanes::139,0,developer_only,1,0,0.19454781805464844,0.901034239361756,True,0.010529726227118097,10.104504765596305
4598,com.chownow.communitylanes::139,0,developer_only,1,0,0.19454781805464844,0.901034239361756,True,0.00016199578810950914,10.104504765596305
4599,com.chownow.communitylanes::139,0,developer_only,0,0,0.19454781805464844,0.901034239361756,True,0.00016199578810950914,10.104504765596305
4600,com.chownow.communitylanes::139,0,developer_only,1,0,0.19454781805464844,0.901034239361756,True,0.00016199578810950914,10.104504765596305
4601,com.chownow.communitylanes::139,0,developer_only,1,0,0.19454781805464844,0.901034239361756,True,0.00016199578810950914,10.104504765596305
4602,com.chownow.communitylanes::139,0,developer_only,1,0,0.19454781805464844,0.901034239361756,True,0.00016199578810950914,10.104504765596305
4603,com.chownow.communitylanes::139,0,developer_only,0,0,0.19454781805464844,0.901034239361756,True,0.00016199578810950914,10.104504765596305
4604,com.chownow.communitylanes::139,0,developer_only,1,0,0.19454781805464844,0.901034239361756,True,0.00016199578810950914,10.104504765596305
4605,com.chownow.communitylanes::139,0,developer_only,1,0,0.19454781805464844,0.901034239361756,True,0.00016199578810950914,10.104504765596305
4606,com.chownow.communitylanes::139,0,developer_only,0,0,0.19454781805464844,0.901034239361756,True,0.00016199578810950914,10.104504765596305
4607,com.chownow.communitylanes::139,0,developer_only,1,0,0.19454781805464844,0.901034239361756,True,0.00016199578810950914,10.104504765596305
4608,com.chownow.communitylanes::139,0,developer_only,0,0,0.19454781805464844,0.901034239361756,True,0.00016199578810950914,10.104504765596305
4609,com.chownow.communitylanes::139,0,developer_only,0,0,0.19454781805464844,0.901034239361756,True,0.00016199578810950914,10.104504765596305
4610,com.chownow.communitylanes::139,0,developer_only,0,0,0.19454781805464844,0.901034239361756,True,0.00016199578810950914,10.104504765596305
4611,com.chownow.communitylanes::139,0,developer_only,0,0,0.19454781805464844,0.901034239361756,True,0.00016199578810950914,10.104504765596305
4612,com.chownow.communitylanes::139,0,developer_only,1,0,0.19454781805464844,0.901034239361756,True,0.00016199578810950914,10.104504765596305
4613,com.chownow.communitylanes::139,0,developer_only,0,0,0.19454781805464844,0.901034239361756,True,0.00016199578810950914,10.104504765596305
4614,com.chownow.communitylanes::139,0,developer_only,0,0,0.19454781805464844,0.901034239361756,True,0.00016199578810950914,10.104504765596305
4615,com.chownow.communitylanes::139,0,developer_only,0,0,0.19454781805464844,0.901034239361756,True,0.00016199578810950914,10.104504765596305
4616,com.chownow.communitylanes::139,0,developer_only,0,0,0.19454781805464844,0.901034239361756,True,0.00016199578810950914,10.104504765596305
4617,com.chownow.communitylanes::139,0,developer_only,0,0,0.19454781805464844,0.901034239361756,True,0.00016199578810950914,10.104504765596305
4618,com.chownow.communitylanes::139,0,developer_only,0,0,0.19454781805464844,0.901034239361756,True,0.00016199578810950914,10.104504765596305
4619,com.chownow.communitylanes::139,0,developer_only,0,0,0.19454781805464844,0.901034239361756,True,0.00016199578810950914,10.104504765596305
4620,com.chownow.communitylanes::139,0,developer_only,0,0,0.19454781805464844,0.901034239361756,True,0.00016199578810950914,10.104504765596305
4621,com.chownow.communitylanes::139,0,developer_only,0,0,0.19454781805464844,0.901034239361756,True,0.00016199578810950914,10.104504765596305
4622,com.chownow.communitylanes::139,0,developer_only,0,0,0.19454781805464844,0.901034239361756,True,0.00016199578810950914,10.104504765596305
4623,com.chownow.communitylanes::139,0,developer_only,1,0,0.19454781805464844,0.901034239361756,True,0.00016199578810950914,10.104504765596305
4624,com.chownow.communitylanes::139,0,developer_only,1,0,0.19454781805464844,0.901034239361756,True,0.00016199578810950914,10.104504765596305
4625,com.chownow.communitylanes::139,0,developer_only,1,0,0.19454781805464844,0.901034239361756,True,0.00016199578810950914,10.104504765596305
4626,com.chownow.communitylanes::139,0,developer_only,0,0,0.19454781805464844,0.901034239361756,True,0.00016199578810950914,10.104504765596305
4627,com.chownow.communitylanes::139,0,developer_only,0,0,0.19454781805464844,0.901034239361756,True,0.00016199578810950914,10.104504765596305
4628,com.chownow.communitylanes::139,0,developer_only,0,0,0.19454781805464844,0.901034239361756,True,0.00016199578810950914,10.104504765596305
4629,com.chownow.communitylanes::139,0,developer_only,0,0,0.19454781805464844,0.901034239361756,True,0.00016199578810950914,10.104504765596305
4630,com.chownow.communitylanes::139,0,developer_only,0,0,0.19454781805464844,0.901034239361756,True,0.00016199578810950914,10.104504765596305
4707,com.cofox.kahunas.TheLabMethod::210,0,developer_only,1,0,-0.13899213186901438,0.8977084073613102,True,0.012149684108213194,9.775974488266687
4708,com.cofox.kahunas.TheLabMethod::210,0,developer_only,1,0,-0.13899213186901438,0.8977084073613102,True,0.00016199578810950914,9.775974488266687
4709,com.cofox.kahunas.TheLabMethod::210,0,developer_only,1,0,-0.13899213186901438,0.8977084073613102,True,0.00016199578810950914,9.775974488266687
4878,com.pegasustech.smartstores::10,0,developer_only,1,0,-0.017274883326740535,0.8989334122477817,True,0.00016199578810950914,9.894466828658226
4879,com.pegasustech.smartstores::10,0,developer_only,1,0,-0.017274883326740535,0.8989334122477817,True,0.018467519844484075,9.894466828658226
4880,com.pegasustech.smartstores::10,0,developer_only,1,0,-0.017274883326740535,0.8989334122477817,True,0.00016199578810950914,9.894466828658226
4881,com.pegasustech.smartstores::10,0,developer_only,1,0,-0.017274883326740535,0.8989334122477817,True,0.00016199578810950914,9.894466828658226
4882,com.pegasustech.smartstores::10,0,developer_only,1,0,-0.017274883326740535,0.8989334122477817,True,0.00016199578810950914,9.894466828658226
4883,com.pegasustech.smartstores::10,0,developer_only,1,0,-0.017274883326740535,0.8989334122477817,True,0.00016199578810950914,9.894466828658226
4884,com.pegasustech.smartstores::10,0,developer_only,1,0,-0.017274883326740535,0.8989334122477817,True,0.00016199578810950914,9.894466828658226
4885,com.pegasustech.smartstores::10,0,developer_only,1,0,-0.017274883326740535,0.8989334122477817,True,0.00016199578810950914,9.894466828658226
4886,com.pegasustech.smartstores::10,0,developer_only,1,0,-0.017274883326740535,0.8989334122477817,True,0.00016199578810950914,9.894466828658226
4887,com.pegasustech.smartstores::10,0,developer_only,1,0,-0.017274883326740535,0.8989334122477817,True,0.00016199578810950914,9.894466828658226
4977,com.rsmnm.driver::26,0,developer_only,1,0,0.1425984263979192,0.9005226389378151,True,0.0014579620929855823,10.052538480337093
4978,com.rsmnm.driver::26,0,developer_only,1,0,0.1425984263979192,0.9005226389378151,True,0.00016199578810950914,10.052538480337093
4979,com.rsmnm.driver::26,0,developer_only,1,0,0.1425984263979192,0.9005226389378151,True,0.00016199578810950914,10.052538480337093
4990,com.schoolmatenuvo.pierrepaul::100,0,developer_only,1,0,-0.22344321151756963,0.8968507481064246,True,0.009557751498461038,9.694689797961441
5027,com.yardi.systems.rentcafe.resident.thomassafran.astra::2,0,developer_only,1,0,-0.3485817221067754,0.8955681796274103,True,0.023489389275878878,9.575625479209505
5028,com.yardi.systems.rentcafe.resident.thomassafran.astra::2,0,developer_only,1,0,-0.3485817221067754,0.8955681796274103,True,0.00016199578810950914,9.575625479209505
5029,com.yardi.systems.rentcafe.resident.thomassafran.astra::2,0,developer_only,0,0,-0.3485817221067754,0.8955681796274103,True,0.00016199578810950914,9.575625479209505
5030,com.yardi.systems.rentcafe.resident.thomassafran.astra::2,0,developer_only,0,0,-0.3485817221067754,0.8955681796274103,True,0.00016199578810950914,9.575625479209505
5031,com.yardi.systems.rentcafe.resident.thomassafran.astra::2,0,developer_only,0,0,-0.3485817221067754,0.8955681796274103,True,0.00016199578810950914,9.575625479209505
5032,com.yardi.systems.rentcafe.resident.thomassafran.astra::2,0,developer_only,1,0,-0.3485817221067754,0.8955681796274103,True,0.00016199578810950914,9.575625479209505
5033,com.yardi.systems.rentcafe.resident.thomassafran.astra::2,0,developer_only,1,0,-0.3485817221067754,0.8955681796274103,True,0.00016199578810950914,9.575625479209505
5034,com.yardi.systems.rentcafe.resident.thomassafran.astra::2,0,developer_only,0,0,-0.3485817221067754,0.8955681796274103,True,0.00016199578810950914,9.575625479209505
5035,com.yardi.systems.rentcafe.resident.thomassafran.astra::2,0,developer_only,0,0,-0.3485817221067754,0.8955681796274103,True,0.00016199578810950914,9.575625479209505
5036,com.yardi.systems.rentcafe.resident.thomassafran.astra::2,0,developer_only,0,0,-0.3485817221067754,0.8955681796274103,True,0.00016199578810950914,9.575625479209505
5037,com.yardi.systems.rentcafe.resident.thomassafran.astra::2,0,developer_only,0,0,-0.3485817221067754,0.8955681796274103,True,0.00016199578810950914,9.575625479209505
5038,com.yardi.systems.rentcafe.resident.thomassafran.astra::2,0,developer_only,0,0,-0.3485817221067754,0.8955681796274103,True,0.00016199578810950914,9.575625479209505
5039,com.yardi.systems.rentcafe.resident.thomassafran.astra::2,0,developer_only,0,0,-0.3485817221067754,0.8955681796274103,True,0.00016199578810950914,9.575625479209505
5040,com.yardi.systems.rentcafe.resident.thomassafran.astra::2,0,developer_only,1,0,-0.3485817221067754,0.8955681796274103,True,0.00016199578810950914,9.575625479209505
5041,com.yardi.systems.rentcafe.resident.thomassafran.astra::2,0,developer_only,0,0,-0.3485817221067754,0.8955681796274103,True,0.00016199578810950914,9.575625479209505
5042,com.yardi.systems.rentcafe.resident.thomassafran.astra::2,0,developer_only,0,0,-0.3485817221067754,0.8955681796274103,True,0.00016199578810950914,9.575625479209505
5043,com.yardi.systems.rentcafe.resident.thomassafran.astra::2,0,developer_only,0,0,-0.3485817221067754,0.8955681796274103,True,0.00016199578810950914,9.575625479209505
5044,com.yardi.systems.rentcafe.resident.thomassafran.astra::2,0,developer_only,0,0,-0.3485817221067754,0.8955681796274103,True,0.00016199578810950914,9.575625479209505
5045,com.yardi.systems.rentcafe.resident.thomassafran.astra::2,0,developer_only,0,0,-0.3485817221067754,0.8955681796274103,True,0.00016199578810950914,9.575625479209505
5046,com.yardi.systems.rentcafe.resident.thomassafran.astra::2,0,developer_only,0,0,-0.3485817221067754,0.8955681796274103,True,0.00016199578810950914,9.575625479209505
5047,com.yardi.systems.rentcafe.resident.thomassafran.astra::2,0,developer_only,0,0,-0.3485817221067754,0.8955681796274103,True,0.00016199578810950914,9.575625479209505
5048,com.yardi.systems.rentcafe.resident.thomassafran.astra::2,0,developer_only,0,0,-0.3485817221067754,0.8955681796274103,True,0.00016199578810950914,9.575625479209505
5049,com.yardi.systems.rentcafe.resident.thomassafran.astra::2,0,developer_only,1,0,-0.3485817221067754,0.8955681796274103,True,0.00016199578810950914,9.575625479209505
5050,com.yardi.systems.rentcafe.resident.thomassafran.astra::2,0,developer_only,0,0,-0.3485817221067754,0.8955681796274103,True,0.00016199578810950914,9.575625479209505
5051,com.yardi.systems.rentcafe.resident.thomassafran.astra::2,0,developer_only,0,0,-0.3485817221067754,0.8955681796274103,True,0.00016199578810950914,9.575625479209505
5090,hu.tell.tellmonapp::22,0,developer_only,0,0,-0.5895242796198327,0.8930590016047693,True,0.012311679896322704,9.350950664442244
5091,hu.tell.tellmonapp::22,0,developer_only,1,0,-0.5895242796198327,0.8930590016047693,True,0.00016199578810950914,9.350950664442244
5092,hu.tell.tellmonapp::22,0,developer_only,1,0,-0.5895242796198327,0.8930590016047693,True,0.00016199578810950914,9.350950664442244
5197,com.aryservices.arynews.en::80970,0,developer_only,1,10,0.07416727696034499,0.9317553187288832,True,0.027539283978616623,14.653156573876911
5198,com.aryservices.arynews.en::80970,0,developer_only,0,10,0.07416727696034499,0.9317553187288832,True,0.00016199578810950914,14.653156573876911
5199,com.aryservices.arynews.en::80970,0,developer_only,1,10,0.07416727696034499,0.9317553187288832,True,0.00016199578810950914,14.653156573876911
5221,com.chase.sig.android::464474918,0,developer_only,1,10,4.324784157409164,0.9561579671724754,True,0.00016199578810950914,22.809161334603676
5222,com.chase.sig.android::464474918,0,developer_only,1,10,4.324784157409164,0.9561579671724754,True,0.00016199578810950914,22.809161334603676
5223,com.chase.sig.android::464474918,0,developer_only,1,10,4.324784157409164,0.9561579671724754,True,0.03077919974080682,22.809161334603676
5224,com.chase.sig.android::464474918,0,developer_only,1,10,4.324784157409164,0.9561579671724754,True,0.00016199578810950914,22.809161334603676
5234,com.erudite.translator::86,0,developer_only,1,10,0.03649492891020691,0.931490895832083,True,0.0014579620929855823,14.59660014746336
5235,com.erudite.translator::86,0,developer_only,1,10,0.03649492891020691,0.931490895832083,True,0.00016199578810950914,14.59660014746336
5236,com.erudite.translator::86,0,developer_only,1,10,0.03649492891020691,0.931490895832083,True,0.00016199578810950914,14.59660014746336
5289,com.gameloft.android.ANMP.GloftIVHM::21401,0,developer_only,1,10,3.475770903862271,0.9520646890763068,True,0.011663696743884665,20.861448079305685
5290,com.gameloft.android.ANMP.GloftIVHM::21401,0,developer_only,1,10,3.475770903862271,0.9520646890763068,True,0.00016199578810950914,20.861448079305685
5291,com.gameloft.android.ANMP.GloftIVHM::21401,0,developer_only,1,10,3.475770903862271,0.9520646890763068,True,0.00016199578810950914,20.861448079305685
5292,com.gameloft.android.ANMP.GloftIVHM::21401,0,developer_only,1,10,3.475770903862271,0.9520646890763068,True,0.00016199578810950914,20.861448079305685
5293,com.gameloft.android.ANMP.GloftIVHM::21401,0,developer_only,1,10,3.475770903862271,0.9520646890763068,True,0.00016199578810950914,20.861448079305685
5294,com.gameloft.android.ANMP.GloftIVHM::21401,0,developer_only,1,10,3.475770903862271,0.9520646890763068,True,0.00016199578810950914,20.861448079305685
5295,com.gameloft.android.ANMP.GloftIVHM::21401,0,developer_only,1,10,3.475770903862271,0.9520646890763068,True,0.00016199578810950914,20.861448079305685
5296,com.gameloft.android.ANMP.GloftIVHM::21401,0,developer_only,0,10,3.475770903862271,0.9520646890763068,True,0.00016199578810950914,20.861448079305685
5297,com.gameloft.android.ANMP.GloftIVHM::21401,0,developer_only,1,10,3.475770903862271,0.9520646890763068,True,0.00016199578810950914,20.861448079305685
5298,com.gameloft.android.ANMP.GloftIVHM::21401,0,developer_only,1,10,3.475770903862271,0.9520646890763068,True,0.00016199578810950914,20.861448079305685
5307,com.hardgrnd.lineup11::122,0,developer_only,0,10,1.0924024119457307,0.9385531099879807,True,0.014741616717965351,16.27421664146705
5308,com.hardgrnd.lineup11::122,0,developer_only,1,10,1.0924024119457307,0.9385531099879807,True,0.02203142718289329,16.27421664146705
5309,com.hardgrnd.lineup11::122,0,developer_only,1,10,1.0924024119457307,0.9385531099879807,True,0.00016199578810950914,16.27421664146705
5310,com.hardgrnd.lineup11::122,0,developer_only,1,10,1.0924024119457307,0.9385531099879807,True,0.00016199578810950914,16.27421664146705
5311,com.hardgrnd.lineup11::122,0,developer_only,0,10,1.0924024119457307,0.9385531099879807,True,0.00016199578810950914,16.27421664146705
5429,com.tmobile.vvm.application::784457,0,developer_only,1,10,-0.23690277209285723,0.9295433040120998,True,0.0003239915762190183,14.193115160718499
5586,jp.happyon.android::300002717,0,developer_only,1,10,0.015490576938996015,0.9313430540542448,True,0.00016199578810950914,14.565168698154508
5587,jp.happyon.android::300002717,0,developer_only,1,10,0.015490576938996015,0.9313430540542448,True,0.00016199578810950914,14.565168698154508
5588,jp.happyon.android::300002717,0,developer_only,1,10,0.015490576938996015,0.9313430540542448,True,0.00016199578810950914,14.565168698154508
5589,jp.happyon.android::300002717,0,developer_only,1,10,0.015490576938996015,0.9313430540542448,True,0.014903612506074861,14.565168698154508
5590,jp.happyon.android::300002717,0,developer_only,1,10,0.015490576938996015,0.9313430540542448,True,0.00016199578810950914,14.565168698154508
5619,vidstatus.com::30,0,developer_only,1,10,-0.3233888472982816,0.9289166274917973,True,0.00016199578810950914,14.067987557633172
5620,vidstatus.com::30,0,developer_only,1,10,-0.3233888472982816,0.9289166274917973,True,0.00016199578810950914,14.067987557633172
5621,vidstatus.com::30,0,developer_only,1,10,-0.3233888472982816,0.9289166274917973,True,0.00016199578810950914,14.067987557633172
5622,vidstatus.com::30,0,developer_only,1,10,-0.3233888472982816,0.9289166274917973,True,0.00016199578810950914,14.067987557633172
5627,vidstatus.com::30,0,developer_only,1,10,-0.3233888472982816,0.9289166274917973,True,0.00016199578810950914,14.067987557633172
5628,vidstatus.com::30,0,developer_only,1,10,-0.3233888472982816,0.9289166274917973,True,0.009719747286570548,14.067987557633172
5629,vidstatus.com::30,0,developer_only,1,10,-0.3233888472982816,0.9289166274917973,True,0.00016199578810950914,14.067987557633172
5630,vidstatus.com::30,0,developer_only,1,10,-0.3233888472982816,0.9289166274917973,True,0.00016199578810950914,14.067987557633172
