sha256,pkg_name,vercode,markets,apk_size,download_count,category
E77010196B7F296E6FD7FA1FC9E2712909C1239923A74411CDE86AB92A98A269,com.infosun.csandroidx,76,play.google.com,11660618,50+ downloads,<100
48804F14708368DCA91191260D46DCDB854F479F11A33AA5381080B5CFF93093,com.connectiq.r485.mapsr485companion,214,play.google.com,14501591,"50,000+ downloads",50k-100k
A04A47F203F70353CCE8696612590FC337284FF4B9EB6C4C5D4C0ABD3D29077C,za.co.syntell.payCity2,51801,play.google.com,12934535,"100,000+ downloads",100k-500k
A4A6FBBAF3213AAA60AF3A9F41E597CCCE95CAC293BCC4F120364A742BA598FF,com.williesrewards.app,72,play.google.com,19573589,"10,000+ downloads",10k-50k
248CCDE6F6027FF2869722B8653B220518233C66E2AA34C0A09BF245DF8AFC78,com.seven.history_six,3,play.google.com,8993111,100+ downloads,100-500
4FADA2119D4F10116680D762769E12642E664DB863B055829C62CE6609B992B4,com.sumeetsinha.reversecagr,2,play.google.com,4182982,"1,000+ downloads",1k-5k
1EB74D6B2C2F94EDBDBEAD6C7A909493EECB75A2FCF8E3DBCF276B54512849CE,com.famobi.bubbletower3d,20019,play.google.com,23360803,"10,000+ downloads",10k-50k
E6CE7F069046D2C6306C93888D91311CB7F3AF223AAF66248805F5792A42D833,com.mouchaart.sarl,3,play.google.com,10303923,5+ downloads,<100
C50900AA06FE3A4E1B9B45984B48504C09551EE4198A1E2FB47BC3F6F0EFD117,com.frugalflyer.airport.zyl,58,play.google.com,10725232,100+ downloads,100-500
8AC9A8407245EF1BBAA269C158FDC5C4108261A69C02141335C75958ABFDEE9D,happy.game.mergemaster,1,play.google.com,20188070,100+ downloads,100-500
3EB268E72A60BE771C1F8781B23C3D68A6331CBEAA90F3013BE1DD7BBDDD84EE,com.appg.bankdiary.client,11,play.google.com,8172831,"10,000+ downloads",10k-50k
7EB8BBACEAD6206D2522AE7BC1107EBBA295CD5112053A68C6CAD98D526E7FF9,jp.co.osakagas.myosakagas,33,play.google.com,6275872,"100,000+ downloads",100k-500k
6C99F91FB92041B2DA1CFD409846A55C9B25FBA2D4768B3DB79BB9D731555807,me.voicemap.android,1062,play.google.com,69576257,"100,000+ downloads",100k-500k
C9F9C502D8396AD0F85E7F5CABFEA15BB310C5987220DFCEF4BDBEAC6D14689B,bg.air.mobile,11,play.google.com,59859989,"50,000+ downloads",50k-100k
13AF3211340E00315119F7D559B24E368BA5382BE53BC1BDF45F1CA83BB68715,com.app.radioelsalvador,2,play.google.com,5647726,5+ downloads,<100
8175C45A4711FB7CF34A528277D124D7E435F2F67D95EB21BBADF45FE0797E34,com.rxwikiplus.a7313520820,20191218,play.google.com,3217968,100+ downloads,100-500
9CCE864F75FF5F10D57A9468D0FDD7AFB752E32B008C36A980686E1888CD8B4F,com.indian.wedding.makeover,3,play.google.com,60292160,"5,000+ downloads",5k-10k
116DB8878DA66ACDD1BA8E26B9EE2F4D20ADC1FD8CBBC0FE3839585C51B95CDC,com.nappsolutions.infosales,48,play.google.com,13937074,500+ downloads,500-1k
5D8FE530F81A3F84F0B948E78E79BFDE79810E407EA1E65BD904AAA25E4D250F,com.cadev.pasapalabras,71,play.google.com,12041299,"1,000,000+ downloads",1M-5M
D3A97696A8E1A7FA4ECAF32ECA2E86757ADE5916C27E0B108BD7FC39A11D7803,games.mousetrap.cardsup,20100,play.google.com,38171817,"10,000+ downloads",10k-50k
D4AC344BC46C806BD2984E6A6EAADBE4C8013BC16B609431AEA8B1F8E301C157,sniper.assazon.stickman,2,play.google.com,49384619,"5,000+ downloads",5k-10k
9F310F680D1904220BD744F30F5C5B172192CEA5AA4D1DDF3769FD044B19FE4E,com.vtu.telecom,11,play.google.com,10843189,"5,000+ downloads",5k-10k
47E176A3E15DC02F361F7BE5B3EE2DD72E8D7BF733B268DD76F939147C685F7D,com.ikeyboard.theme.mystery.lip.dj.girl,16,play.google.com,3616924,"1,000+ downloads",1k-5k
AE99571547EAAFA7C9E166823A97D28D330332066EB81B533BB90ED1FBA96B18,com.kinoapps.ad3iya.alafasy,1037,play.google.com,11742407,"50,000+ downloads",50k-100k
BA2646A34D1F5CE55E2D4EBDEA934B97EC0C5A09CBFEF2C01BAD13CCAE21E9C2,com.dobsware.eggame,10,play.google.com,57699020,"1,000+ downloads",1k-5k
5C8A1C89B429B32E1172635F68C98275529B1BB0CD7E897149527CD3AA753B79,com.vpn.secvpn,22,play.google.com,5961333,"100,000+ downloads",100k-500k
9537293550F6417CC8CD83BFCF88C678978AAF2183CE0384FFB7A7F9204785D9,net.thompsoninnovation.SimonFM,44,play.google.com,35978373,100+ downloads,100-500
ED91A018D9D37C1DED08FFC32FA8FE0CD0702A75F2DAA3EFD0BE6B21E97972DD,com.shoutcast.stm.radiosupergospelpr,1,play.google.com,5935632,10+ downloads,<100
67E6E6DC6B532FA0E131846B456E51AC4FB8B088E69D5D0F6F03FC9A294192A2,ru.amigo.app,46,play.google.com,36307890,"10,000+ downloads",10k-50k
43A88A2077CAD9535B4A663EA517B1F64F84E9DDCA9062C37DC1188439CDBE15,mx.lajornadamaya.ljmappmov,7,play.google.com,21430401,100+ downloads,100-500
EBA25B103D2EC0EF6509A8AF19D8D11F2E0D71A1906EFB6D8D8B2A62DDAF06E2,li.yapp.app3E7B2E8E,7,play.google.com,11421261,"5,000+ downloads",5k-10k
E8FF6DDF5F1163FF976B7649DB092F9F4555DBC2F3CAB540577D8C7B72438B42,com.mehmetokuyan.meal,19,play.google.com,2654595,"100,000+ downloads",100k-500k
22AACFFB0D7F1185ADF45C0DA13B81A33E64533287A87DCE9752248FE5703F96,com.faviapps.amor,5,play.google.com,10630085,"10,000+ downloads",10k-50k
211535488D1FFFF14CD7956914151E4BCB0E295D69D7E1A1195A8C66785F91B6,com.appshive.act_n_track,16,play.google.com,1767568,5+ downloads,<100
CA017C8C8D238AA5BB9FEE02924EE6B6C2542C2068912DF32EA7857654DFC1F0,ru.litres.android.readfree,723061500,play.google.com,67288028,"10,000,000+ downloads",>5M
50D1823D75FF76B99E74FF2363182D3793011F9B8864E7194053D7C73EDC2287,com.logisticaldataservices.upstart,146,play.google.com,55011585,"1,000+ downloads",1k-5k
4DF6D5A977D00A2F70D0BAA2B7B36792656816FC633BF761F00338EEDBC448DD,com.ensivosolutions.studyflix,6,play.google.com,8994092,100+ downloads,100-500
1C399DC89A2F58EE45FDD2868BFA0F4B45FDE1CE09A69B1A571A379451F39E2C,com.tunzaa,2025,play.google.com,10406830,"10,000+ downloads",10k-50k
00C9830FA90D895EF1D3B98884A03CF24EAC1521F4FE08D6455D9E1A31ED3CC5,com.KnightsCave.A3and16Piece,27,play.google.com,9416371,"100,000+ downloads",100k-500k
DBEF27C2DF78DBF8EC9F3A52E960D0472E62239D3442FC0A80E13E2EAEDBC5A8,com.focusmedica.digitalatlas.neuroanatomy,20,play.google.com,11431562,"10,000+ downloads",10k-50k
89962E94CB43103AE30E192EA218B6AD711CA2654DBC89C3BEC502CA9A8FE653,br.com.segware.mysecurity.newline1940,4194313,play.google.com,34422634,100+ downloads,100-500
DDDB8923E1D4661535664CFFA78CCA84179D58A8BE777034F9334D4D5058C978,jp.smartapp.brainmaker001,151,play.google.com,18303839,"500,000+ downloads",500k-1M
F3ED30CD3FF46F535DC67FF96F6A3D8D6DBFE146CD94E841B0045485B4EB1CDE,com.eastfrisia.aisloganwriter,21,play.google.com,5179799,100+ downloads,100-500
51EDF10158693FAC2405B582C54BB82DB23C31FF24442173FAC2DF32E0BF197D,com.Boxrain.BlackGarlic,1,play.google.com,7480461,1+ downloads,<100
660F24F8D2E308FE21A0EB299E1CB06D5C8D861404BAB01ABB3AFF2DB2372250,com.twobgames.ludoback,3,play.google.com,7039277,10+ downloads,<100
5E9F8900191B98B1585BFE3384AB69E5D64B97A1A0FC8ED935D7C6AC0F8B8976,ru.tank.android,65100,play.google.com,27364427,"5,000+ downloads",5k-10k
88E46F9DD3A321A9207406509A5C93BC8ACF58C7D2F8E64E0DCED3B3637BB005,lb.android.pillcontrol,13,play.google.com,6952862,"1,000+ downloads",1k-5k
4323677F8AEC8F4E5D74E44E60C798435C25AB52A801B8423AEBB5D6E2920A68,com.efl.elnet,100953,play.google.com,18576074,"1,000+ downloads",1k-5k
215ABCFD20D44E549B314B8473F4921066D2716C19679F9EB66FEE85DC895DF6,com.trainerize.trainersonsitevirtual,706000,play.google.com,28669293,10+ downloads,<100
8FBF45C2192CCEB0B55A8DCA0119FB9139E8C360AF56E791A35370F877D39A22,com.telventdtn.portal.mobile.cco,2003102000,play.google.com,4501658,100+ downloads,100-500
23BDFBDB516CD31480326FCC0057B1DDFE8E15B949BC2BD2A9DB02A54B2AED34,com.payroller,121,play.google.com,4009327,"10,000+ downloads",10k-50k
69BF2D0B53FC68DB2909A20AAC46F063B6241CD7042B84E8CD4AB66582063FB9,io.ocell.dynamic_forest,1748337220,play.google.com,8214927,"1,000+ downloads",1k-5k
53AB2C2C1CA2C7171174292301458E007967FB9B111084E060824971AC688BF2,br.com.terabytesolucoes.terasmart.elivre,42551,play.google.com,19111286,500+ downloads,500-1k
24985FAB90A777C1147D2FDE82643D5F3D716E8BF8E096B3ED4EC062C93F3FC7,com.artem.digipathapp,5,play.google.com,3417343,10+ downloads,<100
DCE1079CBDE9973D1C88EC3634ED1DCCD4E8783B870ED95D6CF4C8EE675964D1,com.eryaz.canoto,4,play.google.com,2279712,100+ downloads,100-500
F7936B55143D7D0A16874F51FE6A1AF560A07EF91734D6B42295B61C15A186EF,ie.flipdish.fd18090,81467,play.google.com,16818635,100+ downloads,100-500
F9EA23E95FD918B7E334AB7C63B1D27B1B5BFA53DA8ED40208F68669AC230015,com.fitmd.bodysite,17,play.google.com,37956965,5+ downloads,<100
7DC4A8F8C7D93246B67D644F8E399AE8941C710C522A3DF73643B4259251E86A,com.dieffetech.eolas,2,play.google.com,9864241,10+ downloads,<100
B6CA070F59DF7B4BD326FAD6AC2D8088D53F7AED1A4C29F54FED0F7F74801E23,com.visunia.french,47,play.google.com,30226125,"1,000+ downloads",1k-5k
DFAF080CBD7CA207870A10A71D71D9E18FC6B74B1FDAFC800CE387DF210CCA69,co.thor.pjtjw,14,play.google.com,27832814,100+ downloads,100-500
797623D539DCAF65A261675528A107200E9F7507E05D472E3368B1B52D6EDB96,com.Bones54.Quadriem,216,play.google.com,90988664,100+ downloads,100-500
50FB2925DD8090AF7A7559127E8C2AE37800684F0F37D0535D2EB5D6BE129EA1,com.clubonevegas.android,16,play.google.com,62314820,"10,000+ downloads",10k-50k
F4F015A2DA110FE230578DAAEDC6FD6F2A477B34A28C77FB9EEC5A70392332D0,alnima.wordshapes,3,play.google.com,12152796,"5,000+ downloads",5k-10k
B1026605FEBDBC0ED3757EE3068DC5106221EF8C5137718379B9C4903406B0CB,com.app.classera.myinterestingworldshcool,2,play.google.com,41332136,10+ downloads,<100
1A9E04B28A8FAF20FDDDFD280F610A70EE2EEC7D7188C9728BC6FD56AAB9301F,com.subsplashconsulting.s_BWW8C9,2090,play.google.com,75858452,5+ downloads,<100
B63F2AFA6669BBF97574C76AC879BCFFEE33BA797A919D1D99AF3762FC7690AC,com.bayu.ceritadongenglengkap,13,play.google.com,8324679,"10,000+ downloads",10k-50k
D388146F31986E261D559CF6EB35E493CA5F95B0833894CB4ECFD8B2284E1826,com.unlimitedradios.francebleulorrainenord,6,play.google.com,9827914,500+ downloads,500-1k
919994AFB07B4510EE2B8E218D0D6F5D75B267AD077C2A70BF8A904910692CC1,com.autodatetimestamp.timestampcamera,133,play.google.com,40826052,"5,000,000+ downloads",>5M
5ECF2553D6E8ED41DE5979A740CEEBC59E4E18BD34C0C02D1DDF53961E544ADA,com.zitelia.bytech,10901,play.google.com,13861693,100+ downloads,100-500
4EB74293B8E7F9595DAD2FEAF3B2E4F66799E55A3FC5FA6A4024E85166F16FA0,de.scbottrop.app,88,play.google.com,5319318,100+ downloads,100-500
180053750D37D760478AABC6A58681FFBFBA4E1AD7E676C0A0D35983ED476DA4,ca.icc.cloud.icccloud,30202,play.google.com,57454255,500+ downloads,500-1k
87D6F5A7028BA34C80208FF3D9D6D043DC9367473BE5FB20B12D10EE6F595273,com.ayodev.tafssir.a7lam,4,play.google.com,6355642,"100,000+ downloads",100k-500k
9455793D3298018F02B9529E82ED0841BACEA13B7D5C63C78BC0D1785822A45B,tamil.manthirangal,9,play.google.com,13393460,"50,000+ downloads",50k-100k
277C4CE89F7D1FA01E95C0BB06151A674A7B1625444CB7EDB47733023FA8EA09,com.wagerwire.wagerwire,90,play.google.com,19596314,100+ downloads,100-500
E825389A0596D94B9D994E8BE7AAAFB2FE983CE9ED372A2090AEB4BE426F9B1D,com.mystic.bricklegendclassicgames,1001,play.google.com,9346070,50+ downloads,<100
1016FE7166AF0FCE5CD493BC7E213A2BF3C0824B98DD00D5A502C3D8E3D5FCF9,co.edvin.vcghh,43,play.google.com,36094114,"1,000+ downloads",1k-5k
60D4F156BCA9958965138502F326649EE814066B6E0E65C526FB3F59C6343EF0,co.jarvis.bbtr,66,play.google.com,34182930,"1,000+ downloads",1k-5k
FC60B88E93A6B18B3746A16E5B78499A0A94C3CE1FDD7825EBD27552103E6093,nl.appcomm.demanufactuur,10201,play.google.com,11600010,10+ downloads,<100
C5F2663CA8EA3F691CA2F005F9A64B8362D16C723742FB985041F80C643BB4E4,com.praxinfo.gtc,10005,play.google.com,6015752,500+ downloads,500-1k
BF4BFB3F0B63DF8287078AFBCC281392025DE1954F2FF261F9E05A313DDF0031,com.pubstagames.taboo,16,play.google.com,23407374,"10,000+ downloads",10k-50k
F295FAD27BD7A80C4491C01379936FD2EE3AE3C4D4B0919BB4F0AA724A152DBA,com.apptegy.iberia,23,play.google.com,10765728,100+ downloads,100-500
0A58AFBDFE5C0864A106AD2CF081B9589B9CB7BE0713B827CDF3C9B767D9E563,com.americanhnb.mobile,113,play.google.com,77666073,"1,000+ downloads",1k-5k
47D21E06624766801F6D38DEDE632264AFBAEAC2C35EB2855513DF058130B818,com.eliance.lexusmobile,7500000,play.google.com,18424813,"5,000+ downloads",5k-10k
EE13AF5D45A0A441DB670C1DC60F1261BD3FEE18D7267121639B982DE71B272A,fr.lapostemobile.appliclient,61,play.google.com,3744445,"1,000,000+ downloads",1M-5M
0656773F96E341FCAF95748DCB5C1D5AA36ED7A3DE08AC78E03D691EAF4DEF68,com.khaleeg.jobs,33,play.google.com,17249159,"50,000+ downloads",50k-100k
A58128CB618296F50B0581E88BB852058B8D1639B2E083BCF739F617A465EFAC,co.lynde.abyvn,54,play.google.com,36530877,"1,000+ downloads",1k-5k
D4F2D5FD8D355B1B4811EB8AF50C27308279B5C777168B4B10AED75B3B286D21,com.pegasustech.smartstores,10,play.google.com,13968266,10+ downloads,<100
40DD0B6FB232BF857C120EBF251703651686571C868F4E2D12C0653EAC9005A8,de.plexpert.plasticsco2,10,play.google.com,4847797,5+ downloads,<100
C50E77794FCE2D087004C4A3FD6910D61E27D5DBF76962C9A51946651D2CE4E8,de.creditreform.drdapp,56,play.google.com,6737421,10+ downloads,<100
2D74881D2B10279FC12E351AAEF4E38358B0E8C84C6F582A91B9D73E8151FD22,com.DefaultCompany.casino2020version,109,play.google.com,103083772,"1,000+ downloads",1k-5k
5019271B52FE8C16DB8502C5B9FA70329F16370C603D8771E5796EF86359AD06,com.darkmodeapps.coverletter,4,play.google.com,5580075,"10,000+ downloads",10k-50k
0D164D39CEB41263EC6F2FA482AA18C7E31CC6829EC71CD3392BC8A947E28AB8,com.monbuilding.app.noecampus,3422,play.google.com,26763074,100+ downloads,100-500
1DC7D33171A100D96872C54F2F813A9F4A873BCA16E2F0A00FD3F3720FCF9A45,com.marketyo.celikkaya,9001,play.google.com,18624407,"50,000+ downloads",50k-100k
E49B95FDE39E67371AAB1F6DBF762985AFC5BEB31CB7A3E6632DAA9E51D838A0,com.justlogin.newkiosk,40,play.google.com,12430121,"1,000+ downloads",1k-5k
D06C0D88DD8FD03CC5FD48696845568EDE7F59DB99D8D2ED9581293CD33C8C4C,com.chownow.pizzaparlor,1,play.google.com,16369269,10+ downloads,<100
EE1A41329824B42E49F1EFDD949DBC2DB8A3CAC244ED6F45AD2453E92E066678,com.fitnessmobileapps.iconbrickellspa,530300,play.google.com,27279375,5+ downloads,<100
F263F01DF4F2FFE9FEDF7D285D19202A4053C6E59EAA90DF0E7369477606D6F1,com.idemia.mobileid.us.ms,5170,play.google.com,47582033,"50,000+ downloads",50k-100k
9039E3C14642C8079A30FA3C27290DA601B40826EACEF6C7A076AEA6B041C59C,quran.tilawatequran.mahermaaiqli,1001,play.google.com,103409969,"10,000+ downloads",10k-50k
815550B54A3B80090A85DEF28F5C2E9909A12D61E0EBAA2E599398DA190BC357,nl.comto.hoekgroen,73,play.google.com,7674939,100+ downloads,100-500
94DC542B29778216984177C93B6A13AFF69075FBB708B000B86D53B5453FC7AD,com.formasapp.mimaquinaria,4,play.google.com,4975891,500+ downloads,500-1k
F64C7762AC3BFF453D9487FE6E152E83DF101C82570B44C29B6612D820E6EF66,com.FullBatteryGames.RollCrowd3D,1008,play.google.com,6798500,100+ downloads,100-500
9DE5A8EF21CF62E448C42BCF7E8995D2B15751FDFA6B882D504D1037B11224A9,fr.mediametrie.metmoi,6,play.google.com,8858358,"5,000+ downloads",5k-10k
46FE8B5CB8A4E976B2F07A26AE2915FD569FF9D28EA484AC5CEF2C619C70CC25,com.timca.askascholar,7,play.google.com,2004381,500+ downloads,500-1k
EFCE12AE0AFCDD9FA1A35B793861806F3B5E77BE520EF724CAD51AD03B9D136D,s0011.eklikk.com,226001,play.google.com,4849341,100+ downloads,100-500
F010F1EF4140A120FC422E27511F55C694D3DE8215ED2A9472D39681B65C3A25,com.free.music.ringtones.download.ringtoneapp.call,4,play.google.com,14367997,"10,000+ downloads",10k-50k
7973ACB8F883634290A8E71147D8345799EEE4ABD68570849EA51E476C5B52AD,com.echaincrm,11,play.google.com,6939842,50+ downloads,<100
2BBFE62D37DBE43CB44D77758E6986CBA580D5026551ADD5954349402B839636,com.apptegy.rockland,25,play.google.com,11155407,100+ downloads,100-500
C9D0BFC364174D8370CD13EDAFF7073BC8302158D6016175728A2AB0D20728D2,mx.angecai.app,401,play.google.com,11910919,10+ downloads,<100
18347496DA191FFBB9705BFCA84BBCFCDB69AD9766C0D8C6F85F0E35D74EAF8E,com.pixerylabs.faceoff,58,play.google.com,91912126,"50,000+ downloads",50k-100k
3BDFB4C3FCD488ACAAC0A85795188FF9E89856CC71FEE69DE23A796B07E8DAE7,au.com.metrotrains.dumbwaystodraw2,35,play.google.com,88055235,"50,000+ downloads",50k-100k
3F25B7DF71182C769861DDCA330E0A4BF70FFF03B78FAD22BBFD486BA104D099,com.cabonline.taxikurir,5992,play.google.com,73516487,"100,000+ downloads",100k-500k
E60C70483D194914057825BB990F9C719E726C60A43546F5317A7932866799F7,com.northerncu.mobileapp,2017110069,play.google.com,123684290,"10,000+ downloads",10k-50k
1796645687D5127B9F3370551F852168835E255127194F731A22AD432B462178,com.lovestarsonline.app,12,play.google.com,6033136,"10,000+ downloads",10k-50k
80A2FD695D954ADDBDBFC55344A970D61AF60B2B4A8509DC07646365A8B3DB61,fm.hakawati,115,play.google.com,9336269,"10,000+ downloads",10k-50k
31395A0281A999544A9AE3D1EFD6F92E46B553C3C3231C8CDE4F9CD87DF7BB62,com.bhima.filterfocusname,57,play.google.com,52755554,"1,000,000+ downloads",1M-5M
172A070E212EEE010304F87DBE109519CF57BD55717BD8CA9D62CFE267093C49,com.mobeasyapp.app39997261019,1,play.google.com,12390543,0+ downloads,<100
D9DC3D0284683EA567A216FE8EF5DB7AE3379A7832820B4F8B781CDE606F2004,com.coffeeincode.postoaki.rede165,30092,play.google.com,10631329,"5,000+ downloads",5k-10k
3058F5596366BF465189941682452E32E2889BE9C70D8C105AD0600D7E9A35FB,com.foodbooking.heatcafedubai,4433,play.google.com,7293729,100+ downloads,100-500
58BC7073BCEDB2540F5780B5EC8146DC02A9D4B2903F97FEEA10DF43A5929A1C,co.iron.mdyqq,56,play.google.com,34100677,500+ downloads,500-1k
B7580701D7DED18D4429C498B2E5D96B7F1683C3E650862834E497DFB3A5E589,com.auw12yapp.app113566961798,7,play.google.com,30453313,"5,000+ downloads",5k-10k
DBEFEB1D243340185D89C81D70F7C0587347C3D360533CC2DB2BDA313E15F125,com.subsplashconsulting.s_7FZ8T9,2245,play.google.com,73204935,100+ downloads,100-500
DA04B3EEB7C27A99FCCB08B2246291B5DB7C3B20469A04FADC733990D753B3A5,com.mm.android.telescope,2001008,play.google.com,8239649,"5,000+ downloads",5k-10k
91BFEF16C8FC999066773D7F38626EBA5EB0573C9B8C3B087434080D651799D2,com.wheel.customer,17,play.google.com,10994903,100+ downloads,100-500
2F27A2EDA7B4CF589405F774D61C66BA95FB2DEDB013E666895D4C23DA619E04,ch.cern.cernbox,43000100,play.google.com,14375248,"1,000+ downloads",1k-5k
A00205AE50424F27BD0EE5695650E63C419A51B76429F68EB2A6C074CA5F07E8,com.love.video.ringtone.free.caller.screen.incoming.call,14,play.google.com,12999053,"100,000+ downloads",100k-500k
8014D75F0B6168781F5E7F94B5F82A28FE13CB47619DA1491242C10006575534,com.schoolmatenuvo.pierrepaul,100,play.google.com,10548701,1+ downloads,<100
49E1C0278F6AF6B6D9F0A6990C7E7D43CF838722BA58B542A0332679595B7E45,com.androston.lovepictures,13,play.google.com,5887033,"500,000+ downloads",500k-1M
ADD64D682E7DCCF8B85D7FAD8F3793AB4AC336CD8857CD21E9AA26A1FAFBC825,com.attorneyOfficial.app,13,play.google.com,36310923,100+ downloads,100-500
572D037D40E9681F6D6433A4AE9232870C52EF313FD58D199CC81F2D46277B9F,be.hannibal.holidaypark,6,play.google.com,6864793,"10,000+ downloads",10k-50k
103C74C5DDC4E6D482424FD3E52766936F47B96E560B8B6A44CFFC87CC4DBE1E,com.takeaway.tudor,1,play.google.com,11762320,50+ downloads,<100
A74D7017506FC72518547AD6E39D7039F0464429FD81E764B43988A1010A82BC,com.mobirix.tapdefenders,8114,play.google.com,131940918,"500,000+ downloads",500k-1M
AFABC3512D13B1B2283B3E3597C956AC70EBE53F4297CA0699BB54768A60520B,com.gannett.local.library.news.kare,2024112020,play.google.com,22447832,"100,000+ downloads",100k-500k
F74D9C1FC5CC2BB27600992E8D46B8F3986C371C7A3368A38FCF123A55869E39,games.calico.foodtracker,4,play.google.com,52943430,500+ downloads,500-1k
471B2BD020DC7B53E0E85D1805EE47DFC8B97762EEE296FBF40F0385D7AD1F1D,com.rootekstudio.repeatsandroid,2080013,play.google.com,6819627,500+ downloads,500-1k
48D4F9EF3CF1B3E70BB0B5F2900B04AF586A55C964690B9C9EFA2D7720A8DDF6,com.app.woodsvalue2,2,play.google.com,3019427,5+ downloads,<100
B9A8209C0FC6CB2BAA5DE8F55ACB3A5637FFA26FC7C36BC07330DAF254D7652B,com.wowthemes.christmastechgiangtheme.one,202301006,play.google.com,32026250,"10,000+ downloads",10k-50k
03C53956FDA0E3F64450911CAB63C2F76DE88F54D7D547382368B99A65112D88,co.amy.evase,12,play.google.com,32533319,10+ downloads,<100
EE8E0DE75EB78E5001366BFFBEFFFDAF40AB524AC1BAF56B1B53CC5B21A10706,au.com.totalprecast.totalprecasthub,10,play.google.com,22564642,5+ downloads,<100
1ADDFFBA79A2F65632C384B3647C64DD5978FB0DDC3EBBECED69685F721AA437,com.pccomputer.udhar_khata_book,10,play.google.com,27504858,"10,000+ downloads",10k-50k
8FC09E17748DC1FB908A293C2BEEA4E76890E457D7D1E9C00128E4D6F6F99990,com.appthebusiness.taxswagapp,2,play.google.com,19407375,10+ downloads,<100
7A318A437C0C58196A54948776A623520BE03391902F09754312E6C3E8E99B7C,com.redbull.wingsforlifeworldrun,90000201,play.google.com,53498173,"100,000+ downloads",100k-500k
71458C03B182C661B33B0CE1E885FC14B3B4123BC63C2B1153F14A1524C030C5,com.brainvibe.brain,49,play.google.com,8202329,"1,000+ downloads",1k-5k
401B4B1356184B0565D96F0CD107A530619B8B5FBEEFD14330B29E59E0DA5DB1,com.ictech.smartunlock,12,play.google.com,3818736,"10,000+ downloads",10k-50k
BE40F21152F5663CF1CBBD8D5FA1926AC14A31605465D8872C0E049CE84E9526,qoresh.social.friendshipquotes,1,play.google.com,12574971,10+ downloads,<100
7F210A81565F28F9229B62ED62843371EDAF2369F1FAC36F8E30D5BCBD81EDDC,com.chownow.howardscharro,140,play.google.com,24150603,10+ downloads,<100
7C2015AE0237C1359BBD595B1F0ED2941D8D2959B11B3F0D4009F163C90377C0,co.massmobileapps.porkmafia,3,play.google.com,19184594,1+ downloads,<100
967E172381A50D2BA019935BCEA68EDCA4E0405A1501D08291E5EE36A782B5B3,com.pulseuniform.rizno,87,play.google.com,14365597,"10,000+ downloads",10k-50k
C3FD19092230B5FB166964EBF1D4370BB5D372B6B22D2E640171A90362F5B95F,com.nbctracecloud,4,play.google.com,13968141,50+ downloads,<100
FA0843200E4AA8FB4A00B49A7D51635E93680818D243CB7715138895D42B38C9,alpha1Revelations.android.apk,81,play.google.com,60190235,10+ downloads,<100
2EE6FC57861A701355F3ED42B468E20E6152C06ABA38139B3E1242BED2800889,com.riseup.found.it.scavenger.hunt,1212,play.google.com,87435440,"100,000+ downloads",100k-500k
91FFBCD5670DCCD0FE996765AAF441CE903BA2F7A9371B1FA63EA69704BCC49B,air.com.gamblershome.pharaon,2000004,play.google.com,42982607,"10,000+ downloads",10k-50k
BBCE122582717EC6A457DE94B55B165D830A7053614C4B0B2F3F40A06D61EEFA,com.cqsoluciones.radio.fmmix909,13,play.google.com,7276561,100+ downloads,100-500
66D6792CB3ED79D9712F7FF8F4F25B2EF87C877EE361CD45E975631EA42EA6AE,com.ogotera.kwa.nyasae.ekegusii,10,play.google.com,17074271,"5,000+ downloads",5k-10k
F2141BA94B759944B075F64D41FB27D2F25108C108704040EE2EC18BFC9D2926,com.mobiledoorman.lincolnpropertycompany,171,play.google.com,127304675,"10,000+ downloads",10k-50k
FAFABFEE20464FF2775DA1AA147B43270F92B1BDF288618C6342729B3D65CAF9,com.navemar.container_check,3,play.google.com,24185265,100+ downloads,100-500
58DCA1FAB11FD8BDFFF4A7CCCBC2175FFFD9BADA9FC261A2969F9EEA2270C0EF,com.ikeyboard.theme.rose.glass.hearts,3,play.google.com,3525673,"5,000+ downloads",5k-10k
A2B675FB45B214041D5BE76BFB6AD5562920B0D4957CFB2D1FEDBB9A37339C22,com.evolvmobileproduction,91,play.google.com,18566642,100+ downloads,100-500
8EE01FEBFC192F87F6EAD04BFDDF5CF41574CA26EFF64544A6F609CDFDE414DF,pl.pcss.wissym2023,360,play.google.com,7131778,1+ downloads,<100
CA0A5C702E5796A91DBE42CE64D14E9D434669E18B8927363CC335B6B390EAC5,com.showtimeapp,16049,play.google.com,21981142,"10,000,000+ downloads",>5M
E0B08BF0CFFD2762BE397A32354B4E01E6838E3958210123AA48484FF8588A72,com.barcode.wallet,9,play.google.com,5301026,500+ downloads,500-1k
73A3BE1DB4B206986273E7A6EF383F18C716C46100220B89D67ED86D902074F8,com.allinone.allshopping.application.usa.usasshopping.allinone.dictionary.traslate.news.topsites.latesttrends,5,play.google.com,5991262,100+ downloads,100-500
02F8C509123AD6FDFF4D6DEA6EC4186FF5F76EFFFA5A91BAB423E63F90F60B3E,fr.free.dvalot.aligna,132,play.google.com,4262417,100+ downloads,100-500
CCFB37D8925EBBCD08E0DE6C97D17652048A923A84EDCD49AF66521003B51135,io.mimin.keyboard,5,play.google.com,5622364,50+ downloads,<100
2A7AE624F30A39BEBCF9CAAB17394D8683A8D7ABA03BEF172E4F8BC39D23D7FE,com.asis.petechmobil,19,play.google.com,13641454,"1,000+ downloads",1k-5k
8AE39276D80A6A56B9C4390D0DF0683C6600CF85969A0E596FE6EFE24BBD0E42,com.myhealthsphere.challenger,85003070,play.google.com,94867026,"100,000+ downloads",100k-500k
04D0D780E778DE9D91C7069F31FFECD29905FDFB24AB1EDC88658A44D8B1D86C,com.blossomsazz.app,1,play.google.com,18972794,1+ downloads,<100
6BF1072DD6CA592DC0B50FC130D4FB3372FD0DA0442B13146E32014D30AD1162,com.hweb.maker.zhaoyicheng,1,play.google.com,2677012,0+ downloads,<100
F3A286D0365279D5653013CF4F889E6CF6497C4EEBC976243084965C829BDD60,com.otoreport.pulsastore,22,play.google.com,7480991,"1,000+ downloads",1k-5k
06043FB0E0E0657C524B6628552A88F6E3E7AC0D8884FEEA80895AA6A8E45B4E,com.enpv1.magicalcookieland,46,play.google.com,135593573,"10,000+ downloads",10k-50k
79871F81040A44F9F55DE4FB815D78369D81201368242FFB0300A73FA9B5C28A,appinventor.ai_caio_carlos222.AdmobAds3,2,play.google.com,6278796,1+ downloads,<100
BA0FBA2A98683E3CB5784985A371C96BE6F9B73969354EE7C3D297085CD57AB4,com.sirma.timesuite,91,play.google.com,13879125,500+ downloads,500-1k
151A0312B14EC1188C7C5AC3709BC4142BC10CB3172E39B9694321A5642D4214,com.agustawestland.awpilot,12100,play.google.com,32809152,100+ downloads,100-500
6AA63FEAFAC8C2C09DE969BCC89C6B3FFDA1F0407C98B7AF35249B567DE0C77D,com.devry.mobileapps.devry,121,play.google.com,5809210,"100,000+ downloads",100k-500k
4D090D92452E07FA16583C65B8F3D9E526DA6BE3613E405D16759AB0C24BC417,com.mysiteanalytics.msa,116,play.google.com,4454256,"10,000+ downloads",10k-50k
11781740557AD69B6C9FEC6AF5D4D6E45D829D422204D423663D8FE4D7CE227E,com.fainin.share,10317,play.google.com,49503661,"1,000+ downloads",1k-5k
12B6A290F6FAE365725DC0F9BB2DC18D2204351738830E02EC57B47B92D0B71B,co.ted.rohac,1,play.google.com,36388140,1+ downloads,<100
4420575225F11374412FA902DEF00227EFC096843D8871BE391A4BE5DB16CF8E,de.ciblu.showapp,80,play.google.com,21352390,"1,000+ downloads",1k-5k
4DFB3742DACC76E4490F7BED148D3EB7B565AAFA401FE9110E6E7F237C92AF2C,com.FacturaOnline.Demo,100060,play.google.com,12764226,100+ downloads,100-500
912A7B1F7CBC40DEB99057DF729B9B93B84F51A7D53CDF5169AD275B3D4733CA,com.thecoder.idermic,26,play.google.com,13948371,"1,000+ downloads",1k-5k
CC46AC25E20F73FFA828B4A1E2E476B81813A6FB81F98C629D0DE04CD1DCC388,net.ntsinternational.app,20000028,play.google.com,2813400,"5,000+ downloads",5k-10k
0D49C96B3D94D22C548C3B45E6FF1C0DB48B2246ACC7B2266052C98B1A54AB8F,com.newandromo.dev1437357.app1847059,1002,play.google.com,72937507,"1,000+ downloads",1k-5k
43F522ABCD692C6693E9710D565205F3B61E48D3022ADADB9726914DC04D63E0,com.mindbodyonline.branded.plushall,1040100,play.google.com,3413646,10+ downloads,<100
47743DC776B2B3CD2B125D047C69A9B15E19705750BCC679E240A964BCA9C4A5,com.echurchapps.closerwalkcm,14,play.google.com,65948679,50+ downloads,<100
2843DEAD67D99A91CDE3AD2AD2D24E3AC0D7180393C680CE07DC88B10208F1CC,com.mytoursapp.android.app3509,1709000312,play.google.com,22741658,100+ downloads,100-500
6C87906F53C998822757AC54003D7FB74763908EE1E40FA0B787607CC53D5A94,co.white.irxfj,13,play.google.com,36575869,100+ downloads,100-500
0A56051D79D5C477A2EA32BF72330A274DBAF3464C55ED044BC315CE7CAD9C89,de.gastro.chezmarie.production,23020710,play.google.com,31018401,10+ downloads,<100
1C3F8174FBC6C3262CDD7442A0F12E16D6CF5647105D8F7C8A5A44D256D38196,mo.gov.dscc.infocenter,4,play.google.com,33333423,50+ downloads,<100
4B54F1B585A93BCB3F27E72819DDDCFB922B220DEB44E40464311F44E885F7C6,co.haward.bskgm,13,play.google.com,33423037,50+ downloads,<100
214B578CA9D35C324CF85F58C7348D7F2A5FEE6A3EF66F699398400738411C7C,com.jazzyapps.photoeditor,19,play.google.com,7037861,"1,000,000+ downloads",1M-5M
935B28EBECDAEE0390225D45145A9A73C385B420D1B0907616FE3BD4BF8B5F9D,com.studyspring.vocabulary.builder.englishlearning,3,play.google.com,4730576,100+ downloads,100-500
BBBE1233984D685488C63D6E2727AAB85BD0E43CBB9D96CFDEB6EEEFB1B86E9F,com.mobtech.ambition,23,play.google.com,19243755,"10,000+ downloads",10k-50k
BA8159A1AE402948AF4A9C33FB82D8A861C5B32692863A1D7053573E5715F93F,com.mycasavi.neckar,32003700,play.google.com,9306246,1+ downloads,<100
3EE8F137C43D9DCBAFEFDF4B37AC872C0CC485CFDBAF8B3650FF2342807E692D,com.subsplashconsulting.s_CH49PF,2090,play.google.com,75911936,500+ downloads,500-1k
EC415D802FF57E16EFFEA3B9A2B219EAB326256C1D94C20013FDD00C1C072C75,com.Marcomonros.CuboLactic,2,play.google.com,7422899,1+ downloads,<100
F3D567B812998EEA1685AA62910938CA170C1776FEBDEF4047B886C3C4D2C091,com.best.bible.verses.topic.inspirational,9,play.google.com,12175186,"10,000+ downloads",10k-50k
625357FDE54264CA9D2880A67768734344482743ED9A5F13F93DCCE66D840C75,alice.waterfall.theme,5,play.google.com,4150413,"1,000+ downloads",1k-5k
ABDB25643FB9620F3FB7AAA215ABE59F3072F827EF915FC9A6E741EC870431D8,co.diy4.tfjdp,4,play.google.com,61632513,5+ downloads,<100
93913B33EC4CE8E9716FD16886F05AD3123A9E1BAE1B37E2DF43992E69D075CF,com.cuocsongsotuvi12congiap,10,play.google.com,7640420,"5,000+ downloads",5k-10k
5DBBD14FD3DF2E417C46DBE15155DE4E5D6F998FBCBE6E2E5EADE71BC25CEF68,com.wook.market,12,play.google.com,90099412,100+ downloads,100-500
3F678D1EFB59FC1F8B495A560550FFD052393130B1F7728F972AD30137FD08D0,com.galaxy.samsunga60.galaxythemes.samsungwallpapers.galaxya60.galaxywallpaper.samsungcamera.samsungthemes,1,play.google.com,6844778,"1,000+ downloads",1k-5k
CBDC38ECE24083AEE29ABC5584D5C400A3AF5EFD7B30657BF6421F681DCE8AE3,com.a1301171353.wallet.cardcontrol,15,play.google.com,71407569,500+ downloads,500-1k
85933C0E528126325CC3D23ECEEE9C957F0C0C5306D5F1B406734C79ED164B72,com.breathwork.masterclass,17,play.google.com,39161644,100+ downloads,100-500
11B03A228351969DAD56005385F66B4BBED54E825A9462AA3B4BD15030B3F086,com.dkkcorp.ndako,128,play.google.com,45999472,"50,000+ downloads",50k-100k
069DAA005ECDA58C5050BBD260EFB8C532C8AB3621CA627F29F62A12155F9BF3,com.ikeyboard.theme.gangster.graffiti,23,play.google.com,3908703,"50,000+ downloads",50k-100k
7BDA810AD0B31AED2DCDA8BACF516BD3F9E80A8F742EFED172CC419CC39AFA36,com.wooribank.smlg_android,20800,play.google.com,74903288,"100,000+ downloads",100k-500k
EAA87D6A8ED36BCB728252F5AC2CE8A7B89FBCA5C07B2A2C08D727015A8ABDE0,com.syncromatics.rtpi.breck,1735998394,play.google.com,72249082,"10,000+ downloads",10k-50k
7E75FDF6994488FD0BB7973A000BD3165454ED8EB05896A8ACF675CAD1FFA17D,com.pidata.taleserp,515,play.google.com,3624423,500+ downloads,500-1k
F3F690454862B55FF0E2563981F6CBC1838EAC2194D413EA74107CBEF32BA26F,com.songs.of.misharyalafasy.apps,5,play.google.com,32203719,"5,000+ downloads",5k-10k
44C43E306792382BE5A30EF375C00E348BA1B6342630EE1ADC823DCD7F068F59,com.bibogames.tileconnect.puzzle,50,play.google.com,28827395,"1,000,000+ downloads",1M-5M
0D1F68A49E1724A06547CEC939EFB17996059D28841717EC4DD7546E079DFB11,com.bosch.boschlevellingremoteapp,153,play.google.com,73537709,"100,000+ downloads",100k-500k
A46A96B921122DA2FD03BDA67B5D8C1AD040A7EA3D5913392573D5C59FC57B00,com.dng.police.car.chase.game.sim,8,play.google.com,72933137,"50,000+ downloads",50k-100k
518D2C0727289395EC3ADF0E591438A1D2C8B850E18DFD01FC1F889D9B751D53,com.MobileTutor.jee,5,play.google.com,27365213,10+ downloads,<100
D1FB55B032A2D6F5FC802451D50069780AF8C4E117B422DB7AA12C05B0633917,com.spiritapps.buddhismandsocialaction,10,play.google.com,472611,0+ downloads,<100
85F470169E094CBEA9A08A08330A2724EBAD1C7761CCD583701DB28057B4327C,com.ztcx.ai,7,play.google.com,17914716,100+ downloads,100-500
B4FE8A03A57A2C4DBD7A4990DDE533E2BC89DFAA0F9496361F6C2793FE878240,com.volunteer.photographyappinternal,5,play.google.com,3924030,10+ downloads,<100
A79FEE2C0715757C449C0D72FBA35267ECFF318D8D2265535D10D0D4BCD018C0,libro.ciencia.hacerse.rico,1,play.google.com,4079538,10+ downloads,<100
B46E59E1781067D3E786B8177A6B9EA37F689224A718FDB2470837ACF9AC9043,com.chinesemenuonline.thaikitchenmarylandheights,100018,play.google.com,224596,50+ downloads,<100
0A9137997BA178C85510CBB56001D7C6E92836D941BF4835F8167A1EEF31DE87,com.fsbtks.biz,37,play.google.com,6878982,10+ downloads,<100
3480A47822F944043E0882608624AFBA58C5CB7214A099830A2C627386DDEF80,nl.caci.osiris.student.hz,24140000,play.google.com,10122606,"1,000+ downloads",1k-5k
4F6042EFA41FE61990396C8C95886D7C65725EBBC3299009D543C06822DA4B87,com.schoolbridge.leaphigh,6000023,play.google.com,21590030,100+ downloads,100-500
826EBC1D97D43A304E97E95D9B63C0866E72E28072A46B37444CF2F5C7625412,com.xhlab.alarmob,236,play.google.com,46399774,"100,000+ downloads",100k-500k
19089ADFA700B48BE0DCB952F0D142729D9BB6A74349DE1D1B7DC5A4DE0DE6DB,com.olo.skrimpshack,11474,play.google.com,10105082,"1,000+ downloads",1k-5k
7E47744F6B3E32EC605153AAD1AC89E4E69B125F4104C26468C240D69C130018,pl.onet.onetaudio,5619,play.google.com,25208552,"50,000+ downloads",50k-100k
AEE1330332F35769328C3429F7E470CAFD2A95BD43E479F4735ED338F34DC54C,jp.co.daihen.WB2PanelSimulator,2,play.google.com,9535642,1+ downloads,<100
FEF72159405BA492CBE4AB85EFCB988550B0DC22CFC797A6A7C10DD845C4DDFB,com.carvazo.mecapp,103,play.google.com,1520389,100+ downloads,100-500
12021649DF77FAB6A4E2D6CF106AF4F93F1DE11AFFB5E0CB641BBD36C9E88876,com.fudicia.moviequotes,8,play.google.com,5027498,100+ downloads,100-500
04BFF4BD0585B3D36D2A6FDDC25576A8DA1DCB30AC10671E4DC3D026F18DE5E9,co.lynde.jynna,45,play.google.com,32556811,"1,000+ downloads",1k-5k
9E4D8C45140A38EE694A779B44D779F47D917F9FA18E9773D4C557FAE335FCFD,com.iwaiterapp.chilliexpresstullibody,592,play.google.com,9783992,500+ downloads,500-1k
E0DDCC03A9E5E707CBF3A53D166EC476DBAD96844283464865BC1D27E02BDB75,com.grwpcynefin.apcynefin,5,play.google.com,7943781,500+ downloads,500-1k
C399461C3F13174A20959844F7679A05521FD948B37EA7506E6750B2AD27A8EF,com.miracle.farmventure.an,1108,play.google.com,83288608,"50,000+ downloads",50k-100k
9D396629266B41A203350310841D20495F5564C61D5EE700E8A7F4DA1CE4F470,com.nets.rest,25,play.google.com,14107356,10+ downloads,<100
4C12F44BF15A1D11779204345B5021DC96FF844177B68716ECC77EFD5309869D,com.andromo.dev623844.app705285,8,play.google.com,18247159,"5,000+ downloads",5k-10k
A42F8940EF02EFA65A087D5DE7982691321076A89682B8F9840CC5D31D818565,co.dudo.podcastvn,28,play.google.com,31293826,"5,000+ downloads",5k-10k
784BA25B628311818BC861B92B3695105EF57F291BA2A18D40A3C97292433A58,com.organizeapps.amooculos,4,play.google.com,3449822,5+ downloads,<100
E4A39087AB1E6A72268FD520163FDBC394DF9B20DFD0261F4ECA8A4E8FF2FDF1,co.april2019.bal,12,play.google.com,67002929,50+ downloads,<100
985CAC4B71266EED6B0608B8DE111F8F693B4DA72ACB12BB590122D649480C5D,com.ultragames.camouflagemaster,2,play.google.com,22434974,"1,000+ downloads",1k-5k
DB9C634CB345CBE5151163734F28B4E2B27A02AB9C977ACB3C10A75DE1BDC1FF,com.DaharStudio.Barbarossa.ShipBattle.lar,2,play.google.com,24760311,"5,000+ downloads",5k-10k
63487ED5FB92C92A1B5066191F8D8D6E51A1612CAE031A5308B94EECCC52DBD7,com.maf.projectH,104,play.google.com,52561253,"1,000,000+ downloads",1M-5M
456196D831BEB9DFF050EE2F018BF059CBF60EB5671BEBC7113F708A3D9CB57D,com.tacotimenw.tacotimenw.android.app,325,play.google.com,46437155,"100,000+ downloads",100k-500k
E30FDC36FC3280ECC7341FB695AA50F96BFB9A3BBE7082FD186B1E3D8B5AA6AF,com.ideabytes.dgsms.midland,22,play.google.com,9361161,10+ downloads,<100
438137509C742D713035AE09424DCAEAEDBC65A262F3B8A79302FA340D042FA4,de.computerbild.speedtest,20,play.google.com,8467618,"10,000+ downloads",10k-50k
A3A3E0E56884B1E0B036D3A03EC6AFFF60F655B38F98BCD0CB1A6F2C5441727F,com.horairesprierefrance.frenchprayertimes,18,play.google.com,23856436,"1,000+ downloads",1k-5k
DDA33C6ACA01F82BD35CF5291C2B11915AF0073DD96F2925681DC446CA462D00,com.tenapps.allindianews,7,play.google.com,6972751,500+ downloads,500-1k
DC51706884CFAD93DF6E79164A283D0310721EAA5D5BD1AC08AE8DE91EDA8CAD,com.futuradev.appcenterexpress,32,play.google.com,3716890,"1,000+ downloads",1k-5k
D29F3C3D864AA6F4C10F3EA6DCE4B5C8BCE33045CD46214BF619E5D24FCCF765,com.compassfree.digitalcompass.forandroid.app,46,play.google.com,23300906,"5,000,000+ downloads",>5M
A371B22292B245ABB0509C1A6D1701BD2DD73B538DA3708A44C227A344426D2E,com.orderbook.phonediary,2,play.google.com,14996820,50+ downloads,<100
DE265EC6AE8E3C82684843592EA7A5F1AC54244B0FA70654DA5BB49FF4A7B51C,com.ridlia.slidefour,4,play.google.com,46233170,100+ downloads,100-500
53CE616A443DE8B9B07AA778949C6D0B89E564DC47F1A16EACCD77EBBBA57077,hl.weightloss.fitness.calories.counter.diet.plan,6,play.google.com,80931812,500+ downloads,500-1k
8901D89FDDACD3C836FEFC85ECEB45EFA22CB35D756827B35BDF3AC98BC7D56E,com.chopchopapps.xe_offline,40,play.google.com,6648672,"1,000+ downloads",1k-5k
BCC905F0A1873EF1DFC390CC014D1DF1836FF354CDA77893601B58588E4F8709,com.teegloyalty.timezone,245,play.google.com,32369785,"1,000,000+ downloads",1M-5M
1B305ED8C2BE41496774B48C87DB94CD540AAA87FE26EEAAA311ACE91D0648E0,org.northmyrtlebeach.cpmobile,2107662,play.google.com,15545862,"1,000+ downloads",1k-5k
7E7434D0244CC469BCD21032E29B21F301A4D29EE6CDE5FABBAA5168A77927F3,com.zapptax.zapptax,338,play.google.com,34677437,"10,000+ downloads",10k-50k
C5E4ADEF4B8BF8A56F5812D53CFD5EE77BF6910294858CC77A63475CE5F22F45,com.dabdeveloper.moviedb.android,35,play.google.com,7656064,"10,000+ downloads",10k-50k
DCA9DDA7C83DC05A88CA00D0A3BBB8A4131D497F915944E614C975B9A2C752DA,com.farmer.cowpea.vegetable.cultivation,13,play.google.com,5073783,"1,000+ downloads",1k-5k
41C149B5138F8362CCF0CD36DBC9BA93310675EB0A2EFAADBECFE9F428D6DF7B,blacksea.od.colorpath,8,play.google.com,5182576,500+ downloads,500-1k
6F38917CE5B03A90D69C608F82ADDAEA52094F9296B59EAB685AA9A7D2A0EA19,com.subsplash.thechurchapp.s_5B3SBT,2290,play.google.com,77469973,100+ downloads,100-500
0FBD89B61D07405A291531429AF91F61D66388913BC2D65472C9BF39C577729E,com.divinegames.bengaliweddingstylishdressupsalongame,6,play.google.com,30011196,"50,000+ downloads",50k-100k
21150427E7BAAADE5A364EA9D5CFEC823B8AEF661432D2812727EC79B3FBB06B,no.nordicsemi.android.nrfthingy,39,play.google.com,15163979,"10,000+ downloads",10k-50k
C8BC9A3E42EA25D4DA46FC3EE7AA21FA7B004B1FEED50282633103074CFBD144,com.abi.hotdog.tycoon,37,play.google.com,75599942,"100,000+ downloads",100k-500k
439849045F39C278A601B0B27D68F35770F7DF43BDE3E67E77C4603AC2478786,com.smg.indian.bus.simulator.games,8,play.google.com,72710153,"500,000+ downloads",500k-1M
03CBC0B1CFBC89F497A3CE638E395714CB0789AD6E8BE7619425F3DFCE7D0552,com.exposoft.magicpearlsz,17,play.google.com,9912016,"1,000+ downloads",1k-5k
A6313F3FF13859EEDDACC0B7A27FE6E0DB851388B490AC9FF49B9867A2F5F9A1,com.walking.fun.rewards.fitness.fitzu,77,play.google.com,44664874,"1,000+ downloads",1k-5k
1EE5F283C53B149FF504366F87751214645759E7014A39787D6F8FF1AD512919,com.bertholucci.potd,5,play.google.com,10877138,1+ downloads,<100
7D1F62DA5CF54BD8FA1EB1322ED3AEDDE2F147276CDDD34C115C66719572F29F,com.tallanto.wr_school_kaliningrad,7000,play.google.com,4695615,100+ downloads,100-500
78AC5F902E2932BE48730A269DC59A723DAECD89C5417EBCE1651163466FC17E,com.phonegap.giriasestadosbrasileiros,10011,play.google.com,9910126,"1,000+ downloads",1k-5k
3FF6A23AE259ED3CFB5F01AA95889E74BBFF3FF6BD8568D00AFCBAA907CC069B,play.roshka.popmow,4,play.google.com,21106351,50+ downloads,<100
883B63F6AAD1E717537BF5C31C447273BC1A9412A725CE8ABD18A24FC55380B1,it.maggioli.mdesktop,48,play.google.com,25854321,500+ downloads,500-1k
CE5386B285F7E3CD563655289298B5F1FF839485B531939632646031C594BA98,mere.ram.miles,37,play.google.com,41304828,10+ downloads,<100
BCC463AEEC4B99515364DACA1129BB6F1401652F10E7B7071DA780A3F8241CA3,com.radiosferking.radioelkaleszno,3,play.google.com,9428927,"1,000+ downloads",1k-5k
23E5E237D71154155D2CE6D2AB0522F0085F8921909D09CF914B353341E19143,de.food4mood.app,9,play.google.com,15157425,10+ downloads,<100
C0AE23582C5B14318F7281E5C6DD2DAE5E474EA92A3B3D4C0D300162562D325B,tryoni.arts.com.chainreactionpro,123,play.google.com,9186497,"1,000,000+ downloads",1M-5M
6924664E5830100D5B00DAA259981E0B5B93B71BE737F2460A763232A37EFCF8,com.unite.portal.zenith.deansgate,50,play.google.com,71806219,500+ downloads,500-1k
CD1599EC85793485F624DD662965DBBD8B25ED69587BFDB33AA0AC6D68E62A73,ru.atomsbt.mobile,91,play.google.com,18509763,"100,000+ downloads",100k-500k
F1FCDB321FA28776C7369B7008BF5CF5B407CA829FCE1B3FDD0C66C8DC3FBA3B,couple.fashion.photo.suit.latest,8,play.google.com,9423075,"100,000+ downloads",100k-500k
8BB7BC189337A14FB751FED1AE468DFBC6494914FF5F267CEB94750A3480AC0C,in.letslearnak.MarathiGrammar,17,play.google.com,25922200,"10,000+ downloads",10k-50k
BB7F817EB7F1F0463C01714F61088EB5AF266D7728964A37E767106FBDF885B2,com.fullfat.android.blockyrugby,14,play.google.com,37505344,"100,000+ downloads",100k-500k
BC892C9BA5E65F96CEC4BF88D7CEF3539B1105C6A019705E46628CB5D93FA140,com.extra.androary.solitaire,312,play.google.com,8735797,"100,000+ downloads",100k-500k
EDD3BDA06AE4513E39302AE7CCC44F94CFB2D27A01F67B554AE1EE9114D87925,com.tc.writestory,388,play.google.com,4209606,"50,000+ downloads",50k-100k
FF642B8EC44220A1C05780E6573478281ACABC4D262BD6A99EF6307F94D38437,com.ciihuy.wiridanzikrulghofilin,5,play.google.com,11549431,500+ downloads,500-1k
5DE5EC3C4E9B11CD866B43B326D651F8A52E2AFA10AFF8F84E7C4C9E418A6990,com.KhoGames.SurpriseChocolateEggs,50,play.google.com,56174816,"100,000+ downloads",100k-500k
25854F8479D98084797B116DF22A37E9476ED16C59A0DBC59F94CB7DB4C588EC,com.datefirefly,180,play.google.com,85256804,"1,000+ downloads",1k-5k
131F0F2014B1873C8C61220784553987B600914D3F9CBAC62652F1E01349828A,com.shahiexpress,12,play.google.com,22541713,500+ downloads,500-1k
07F36D30B7BEC1859793DD82DFA675366BD7B42EB88CB822C2016F84AD592729,com.LeafStudio.JewelsMysteryLand,37,play.google.com,43904244,100+ downloads,100-500
E3A2AB62284B53A67ADD9A8BF47572AE84188B180D27D95B87623134A350DEB8,com.erbasaran.bebekninnileri,6,play.google.com,36686036,"100,000+ downloads",100k-500k
04E86767E6F9780F6BC428479A2860A51A03F449583F389A0C98F0C19EF68B73,com.veronicasherwin.MiladunNabi.photoframes.Rabi_ul_Awal,5,play.google.com,10057675,"5,000+ downloads",5k-10k
481630164CD7BDA32B8C2A1D2DF3940D4F29DD983D72E4A849F5E2F6C4DC1F72,com.questalliance.myquest,101,play.google.com,19088110,"500,000+ downloads",500k-1M
118FC2ED47276DC6FA389FCBB48D1AE709A18C58899D6FAE366B79A302A7072C,com.subsplashconsulting.s_Q8MJX9,2290,play.google.com,74013270,100+ downloads,100-500
FC1C9B53D559FBC592BE4ED7A09E705C16454D1D1D5A91E4D0267CD765D3F3DB,com.spd.stream.dv.wcargg,20960,play.google.com,9922688,"5,000+ downloads",5k-10k
04DBAC81E4192FB916F031A2AD91D150E9FD30E7FC1CD6B1AE686B8F4EEEC627,com.hd.wallpapers.axon40,14,play.google.com,11091825,"1,000+ downloads",1k-5k
2EA79A758C9079739548EF6D581E37815F96217AE6634CB4E83AEC5DEF252544,be.acerta.app.prd,41,play.google.com,12847487,"10,000+ downloads",10k-50k
98524251D11D0924DD24D4E385FAF4E32483BBC250D83E2E00F631BEFCAA82A4,co.dv2.member.caphanoi,170,play.google.com,23961840,100+ downloads,100-500
6AB5FFD4BE7B617694DB71C693464E3C56604EF28325AC6A79CA4DBFE03AB107,com.ikeyboard.theme.joker.black,2,play.google.com,3627888,100+ downloads,100-500
167CE237F9BADDA0800FB5E7D763232043E5EA835503C9A048009E57B7604406,ssa.galaxy.s6.edge.plus.j7.prime.j3.note7.wallpaper.theme.launcher,4,play.google.com,5622743,"10,000+ downloads",10k-50k
DF9B9F77A8522B0E8337A6E43D24EB26A493038C5A745F2C5EEFF86894E38418,com.badonphoenixsunswallpapers4k.phoenixsunswallpapers4k,5,play.google.com,32193066,100+ downloads,100-500
7608E84AF03E9B7E2D7AB1FAB4D98B072AFFEE0E0739576A2BA424F4B8832634,com.biodigital.smiletrainAnrdoid,28,play.google.com,41653528,"1,000+ downloads",1k-5k
682C8D3ED83EB411FD673AB14977BC44F69A3A651ACDE19C72C6F2B3CCBDF801,com.wdtinc.android.KWTV,1171,play.google.com,55358281,"100,000+ downloads",100k-500k
AAE9C3D046F89AC82B61D3CB6B399A5039EA41A96083B20CE4B76244FBFADC32,com.centerforautism.logbook,76,play.google.com,48884051,"1,000+ downloads",1k-5k
F98A9F67BA34596A22501DCFBBEAA9DF3922CC96159D7F458D7B530BF3F415AD,co.jarvis.drmc,74,play.google.com,34824845,"10,000+ downloads",10k-50k
4FB6FC96CB86B640BAC7DBA35CB84D40D31B6295F88544044FDFB3D2F2286D56,io.ionic.prog601aae57de50271e17f1c938,1,play.google.com,5371398,"1,000+ downloads",1k-5k
D5F3045A3D9F7DBBADAA954938C7D09F8D69921D6656C04A3DBE56FEA804D682,id.code.wings,1300022,play.google.com,34390704,"100,000+ downloads",100k-500k
1F91B7B98896205A909317F8B02633876A54475F8C5FDCD3C5AD3F9C05DF7EBE,com.learnateso.learn_ateso,40,play.google.com,20425124,"5,000+ downloads",5k-10k
FD0F73B699C448BD90667145489D0419B99F2DC5F0534B22763DE0D00F2893DA,com.bitaqat.tahniat.eid.alfitr.app714773529,4,play.google.com,10742299,500+ downloads,500-1k
DFB284D645D63E983C43912345281332FCB46EC7100498AAB4EA22A344306396,com.rideapp.userapp,13,play.google.com,65319529,500+ downloads,500-1k
DB20DB999BB5322ECB120135B05DC5896067DC1885E709F5546A989FD2A48B9A,com.doodle.dehqon,15,play.google.com,7614378,500+ downloads,500-1k
324A32E90B3C2BC25681296E5271F56667AED72C658E609E58517122746FB798,com.hrygames.PrivateBoatSimulator,2,play.google.com,68493295,100+ downloads,100-500
AD1C89B44EA2936BB36B6722A0633333FF7444A620321CE50B614559F838FB9D,au.com.bitbot.nuptialflight,109,play.google.com,2144093,"5,000+ downloads",5k-10k
93842691B9C83A480F7F5BB4151E5F65A74562A22C2780888AF6299DBD92BE14,tokyo.yuz.income_expenditure,29,play.google.com,8462969,"5,000+ downloads",5k-10k
41DA247E288044CEA18D3A802FF1DDE4B89249A79537FB329F59DD036C59949D,com.alquranmp3.latest,16,play.google.com,130670196,"100,000+ downloads",100k-500k
0402C99ECDF81028ECE931C9C27873FC73CE5646AF593ED6C1D486EB90F738E0,com.chownow.thedimsumco,140,play.google.com,24134516,500+ downloads,500-1k
E4A2B6186715E047D7393F900AD3E328295AB1F1894776CEF1CCBDE9C1BD2267,com.mggames.teendopanch,17,play.google.com,11853769,"50,000+ downloads",50k-100k
F0826EB357E2206919B6826AD1DF9E1182D87A315739760AAFBC9A7FB49C0E00,de.footmap.guide.lamerleben,89,play.google.com,6556511,100+ downloads,100-500
D71CF3A36B1B389B0372ED6264994AF49020218C0AFE177E538557F3CCA78CD8,com.ctre.phoenix_tuner,54,play.google.com,41440983,100+ downloads,100-500
62026F39AA68B538722329FCEB53BF917331C4FE946605AC7EE629F9D728FD1A,com.astroapps.connexion,4,play.google.com,4012805,"10,000+ downloads",10k-50k
70B99A389D20CDF2FFEAA504A3CD8963A6131C2BB7B85FD77AED719A16C272E3,co.tamatem.tarneeb,21254,play.google.com,134360626,"1,000,000+ downloads",1M-5M
65ECC6D2CB118D54422D7F49C8DB63475804074E135479E992930EB8FF9E5D6B,kim.uno.s8,209,play.google.com,13537736,"5,000,000+ downloads",>5M
9268C84791044F9133EEF29986188BEA96E02E027DD85E66645377B388BAA9E9,game.pondol.cryptogram.app,10011,play.google.com,7458134,"1,000+ downloads",1k-5k
C5A77AADFEDC875962007C5EF00EC44931049F24C7380E78333C6D02B8621133,com.yclients.mobile.s184392,143802,play.google.com,9752490,"1,000+ downloads",1k-5k
AD6D622681997B0C3F70AB484FA52363DCF6D3DE1BE509190C2752A87A7CF42F,dhubaibi.s2d.com,20045,play.google.com,10096357,"1,000+ downloads",1k-5k
9A345C3329843DE05F231477EFC6EB403DB50455419431A20FCEC25BCBB2BD42,com.stefanvd.returntooffice,6,play.google.com,22439540,100+ downloads,100-500
3E0BA5F805BA0F362CE935B687D70110245FA5043160C06AD9C39095203197D8,com.nm.kinnikuman,20,play.google.com,8726499,"1,000+ downloads",1k-5k
0C0F7796B47FB27227998574B46F232992D411BF6C6C24A6234414AB4D625B15,com.freerobux.slicefish,1,play.google.com,13724855,"1,000+ downloads",1k-5k
5CF36EBA8F5FA7B459B42E0B8B7814A92AB0E614760F21F03F80EBE27442150D,uk.co.disciplemedia.thezebraclub,44214,play.google.com,34924526,"5,000+ downloads",5k-10k
DB7D3E6DF877B86F1D17D1220C6DCB5E323807EA75CDACF7699E591D0DD040CF,com.ec.kimersoft.secureapp,40,play.google.com,7659914,100+ downloads,100-500
06226CE4B1ECADD09523F1AF43B0461146DFC00FD1785741F21BF90A2B68410D,com.mottoaligners.monitoring,11283,play.google.com,96627002,"1,000+ downloads",1k-5k
B355ED5029D22769DC80458BCE3E6F9387D78CDB40A1956896EF946230D14FCA,com.fellhuhn.fidchell,2250,play.google.com,54812723,"10,000+ downloads",10k-50k
7E3E48924E943AAAC792E922DDB9DDE40D153B7AF2A43737D7B6F7E2B3C35829,co.thanos.hvbye,29,play.google.com,37139946,100+ downloads,100-500
CAD0188C8C637CC17039741D98F1F09698A93DFE91B214B51046C7834C66E3B6,com.colorwhite.liemengsushe,3,play.google.com,35750184,"10,000+ downloads",10k-50k
191E45A8B6BD3C6295E41BF9654EBA92E7CFE9BF341413B08D0413BC51727769,com.cutralko.app,10006,play.google.com,10824721,"1,000+ downloads",1k-5k
9B9615F8BBD02B0D8CCC7699A2C8A713FE0631A37CEF87371F0C3FB4B80A4108,com.buzzato.gurgaon,25,play.google.com,1812268,"10,000+ downloads",10k-50k
A042DDBFD29ECAD2652145A78AE9988133FC8172E9887FA611424774A6FF2630,com.nova.postman,30,play.google.com,10776584,"1,000+ downloads",1k-5k
182D0C7B6FE946EF0F41FA9E1286BD90DED3713264F207C81CD703E2F81509F3,aksharfees.com.aksharcred,4,play.google.com,2121937,100+ downloads,100-500
7BC208BF520912A93206B1C0B06054182825890D9CFAFCD6E75EB57CC6406733,appinventor.ai_portoairlines.DEPTH_CALCULATOR_V2,1,play.google.com,3481202,100+ downloads,100-500
E178E31C09A2A5CE2303F63F3BC27A04E09A823D1FBAB57243E902F38D653C08,com.etms.employee,15,play.google.com,7673460,"1,000+ downloads",1k-5k
5EEC93EB0C6564AED0862BFA0A2DAEED9F32624D927F6260F6D3B0736780EE49,com.dandenongtaxi13cab,8,play.google.com,1529356,100+ downloads,100-500
202C1B9DED5A82FC8453B0BB9FA9910B8A58D421C6AAD4CD93BB6FDEBEDAF4FE,com.tagalog.opm.lovesongs,7,play.google.com,5121797,"1,000+ downloads",1k-5k
524DCB6AE2A37B2706176BE9DB476916707FBE3A637F8EA35486CB4B2D94F245,ru.webvo.book.aaadz,6,play.google.com,3111714,500+ downloads,500-1k
D802CDA6EA2431BF930F950BE88B4903C59E770289575876F2F31820323868C2,edu.paulmitchell.theskillcards,4,play.google.com,24526437,"1,000+ downloads",1k-5k
A091DE872E2537AF7D47B9A1F3C0E019701A16AAA59EB40C7211C2BD73427811,com.kgo.kidsbikewash.servicestationgame,33,play.google.com,21858164,"100,000+ downloads",100k-500k
7DF9B9FAD20BF2E288FD8B86784BE94A6B1D9341895AC57F3682CF6CEE19F51F,com.radiopalma.ajvierci,3,play.google.com,7943324,"10,000+ downloads",10k-50k
3D1849D93C238B97D5E8058CABAC2983C46E49EFA953340302BD3B18932975DE,com.manh.scalemobile,10017,play.google.com,2313350,500+ downloads,500-1k
B122DA9DECE0BB74D3E1223BEE7301A6DB8A5B0BF6B3A8F8A6036F3427A1C062,org.wycliffe.cakss.kaqchikel.sur.sacatepequez,9,play.google.com,14894817,100+ downloads,100-500
050F4CF14664AFE326C82F7F4E355C5B815C7D94B0358BC155128EC2113C7580,so.ateya.ahmed.Lagna_Daamah,4,play.google.com,15706506,"10,000+ downloads",10k-50k
80F4957A04BB29CF76B2E9CF723B40F862A0951D448633F139B3121B9BDC2294,com.dragoma.frko,229,play.google.com,18456901,"5,000+ downloads",5k-10k
C47CB991B0D929EE45EC92780C9D62C87480AFFF1A71815F385012C482EE91F0,net.ijmsoftware.commutertraincheck,53,play.google.com,4457170,"1,000+ downloads",1k-5k
C4A2B3048E52FF7AD1A4BCC27946FB5ABC9B7897307806E45D325D98EB7B56E3,com.appseo.radioenergybaselnrj,10,play.google.com,8553435,100+ downloads,100-500
F607AD02E14B339A162154B3C329551706D6AD83C68CFBD01F70200771A16EC8,com.arashpayan.prayerbook,23,play.google.com,10590894,"10,000+ downloads",10k-50k
561041CD1C2AC608407C28DF3C235432C1A57C5794FB32372DBA8755482DF052,com.appwalied.quran,41,play.google.com,18853348,"100,000+ downloads",100k-500k
A8F7F7685B5A020A52EDF5F3389A17156D6A2BCDBC7FB2BC8615F1C06D4CE0CB,squirrel_sounds.manitdev.info,4,play.google.com,8622790,"5,000+ downloads",5k-10k
474A8E28BC09C809C492A70A8A16F89B800D18354253673FE908765B0D6AAEA0,com.salla.reefi,164,play.google.com,4751167,"50,000+ downloads",50k-100k
1D680A99634AD38069B5A54D884636C860786E03E23A7F985B42D660640C665B,com.oskkio.app,1165,play.google.com,41157731,100+ downloads,100-500
E8208B4B4F7EF7CDB5B707F2E95F2BA5BD5A617619D1FA4B1DDA55F84CD74A22,com.gulaqmf.app,3,play.google.com,13343683,100+ downloads,100-500
2516921CD2F98C0A7645B816529B45231DBDB91C7DBB3F06ACB346AAB8C3509D,it.taxrefund.taxrefund,9,play.google.com,32470740,"1,000+ downloads",1k-5k
9BE170F54C68B3AAC03BE638DBB78ACBA115B075E046489A321FC53576EC7B5C,mt.com.go.mygoapp,2090006,play.google.com,8680880,"100,000+ downloads",100k-500k
5CE50B206EE85A183741B9DE32A95FF183F1BEE255E27BFBBEE07A0A22900CDD,com.playerelite.venues.brokenhillclub,154,play.google.com,47703268,500+ downloads,500-1k
A7ACBF7A9AB3BD60F07D9C3E05B4298A776FE0E8EBB89C65CA47E33E3E0D112B,com.efolix.pMEGAKAM,13977056,play.google.com,54782145,"1,000+ downloads",1k-5k
5145D1B937477FF41ADFFA14B501E612462A88E52572959B4D08F776E2FFCB0F,org.pictalk.www.twa,4,play.google.com,241764,"10,000+ downloads",10k-50k
AA27EBEAF149B5686E6F9CC77C6CE39ADC79F3B609FA3262884AA46B0B05ABFE,net.recollect.ecomaineme.waste,54,play.google.com,15979319,"1,000+ downloads",1k-5k
C8D30FEDB34E8DAE570B46D6083864DFD588313E299E4506E035704B34A1E316,com.kbmmobile.kbm.user.muzammilhasballahmp3,17,play.google.com,73883631,"50,000+ downloads",50k-100k
9D306257C8A9F30BB51A181C9F3F7043FAA22AD5975A2DE0D4F8C4E0FE10D303,co.barney.wwllk,34,play.google.com,34260421,"1,000+ downloads",1k-5k
3BB8C0E0272AB5201191B5D0CEAD5255DE9C1A87C84BAE07842C5EBCD10E3865,com.meuradinho.radio14415,561,play.google.com,26060001,"1,000+ downloads",1k-5k
A46806A44C0DA8C98789B1D10A2850159E22D18CF34998A4E3DEA3C6A8C1C1FB,com.byurmfq.gpkza,1010,play.google.com,26407699,"1,000+ downloads",1k-5k
EDF9EEE73B25BF2F9A196EDBB7BFACFCC088AB1A7061A02A6EDB76922AC41845,com.weddilyapp.android,24,play.google.com,14860906,500+ downloads,500-1k
0514CE0D6902B39F412103D5C1ADA4B015FAAB9BBB9B7C88A59FD842C2FA2011,com.customformula.formula,14,play.google.com,3107111,500+ downloads,500-1k
B4157F4FC9BA72EFBFEA2F0F49513133107CF59BA917A408B3EF4D56A2F0A9B3,com.disprz.bajajallianz,484,play.google.com,37040690,"100,000+ downloads",100k-500k
A99E178AD03D522C444E8058017CD007A7663B1FCA7E7E895941A1524E91B575,com.valueinvesting,9,play.google.com,9028810,500+ downloads,500-1k
C256ED18D52EADD87E6A551B24DC90E48D3F1D2C30B97C8FE7F4A2C3AAB73DD7,sukron.com.animal,8,play.google.com,15564230,"10,000+ downloads",10k-50k
BB38ED1161F369583F70F8F0C4AA7B3899B1F5D7799F23C43C5E284E2AFB3199,com.photovideo.slideshowmaker.makerslideshow,151,play.google.com,37003349,"5,000,000+ downloads",>5M
2906DDA87B1DBD95DB886CD49CBE4DFB95337C67205C2EEA18DF2FC1B5F4A18E,com.ingrails.kalika_himalaya_sec_school,239,play.google.com,70875190,500+ downloads,500-1k
E4D6545FD952A859A2A3DACE786791311DA411408BDE017765CCBD8DD44E5D17,com.pushups.Workout,9,play.google.com,5882034,"1,000+ downloads",1k-5k
9366E8B903B40B3FE3B1B499B3F27901C290C7B4E1AF005F498319900314A798,com.mindhelp.pacient,31,play.google.com,96803516,"1,000+ downloads",1k-5k
54E4E95AD9ADE332F73633D5E970A8B1ACEBE93B94D8A5AE891018D30E62F62B,com.gameimake.wifefallinlovewithhusbandmarriagelifestory,16,play.google.com,92129115,"100,000+ downloads",100k-500k
CD2417BF1DBE9644E42CBB2061314A26D31166260A9BCE68ECDFA1EF916444EA,com.xeeplaygames.call.of.ww2.shooting.game,27,play.google.com,46159571,"10,000+ downloads",10k-50k
0AA47EF195147722C5355263F2094BE0EA09EC346DF38243D6A931AEFD500798,ncert.class12psychologybook,2,play.google.com,34181770,"1,000+ downloads",1k-5k
773B30B89B1E4A822321A2F2CC8AAC7E8F4B88D30309A7A728BD3F5504311639,com.free.tile.match.puzzles,15404,play.google.com,143645032,"1,000,000+ downloads",1M-5M
32D740A0F984179453CDC1C3DC4ED0B3882A1DFAF965773A60DE289DFDAC3384,com.hanamobile.app.fanpoint,34,play.google.com,26099665,"10,000+ downloads",10k-50k
C89FF23E4DC3A611950046855F7744914DB42632DFA6C6E60DDFC55A1A08F38E,com.img.city.builder.construction.games,26,play.google.com,41618368,"100,000+ downloads",100k-500k
A8B06BB39D334B7EECC658E4FA2A8373FA4BF0900A9B4570F345D19FFEC98E20,com.magazinecloner.hotenglish,2034071301,play.google.com,16770249,"10,000+ downloads",10k-50k
C5B6A8A635F9FCDD13B30B76E07E2C7958B5DFCB263206FB4E7C399442106210,com.lightboltstudio.hammer.climber.pot.man,66,play.google.com,83118584,"1,000,000+ downloads",1M-5M
41FCFD42674A2DBBBF7AF1B00498C7B95BEFFE8FE73B0952872A4D9E5C59DAC1,com.ilyas.ilyasapps.romanconversion,4,play.google.com,2594238,500+ downloads,500-1k
3A5C9D59EFFA61534853984855A2AE7CECA92560B2247EEC24D80774FD3801CE,com.kuokko.manik,4194484,play.google.com,15859379,"1,000+ downloads",1k-5k
3BBFA9D15099A665C93698952D24739063B2D98B43AEA82F27BA6765287848A8,com.orange.simon.memory.game,10,play.google.com,11178216,"100,000+ downloads",100k-500k
953AF970E7EC6FB7660DADC554D4F9875192C8E51675BD6384AB820D32A36F80,com.intellijoy.abc.trains.lite,441,play.google.com,32654990,"1,000,000+ downloads",1M-5M
A03B4CA2746F460BD8AC2532000EFDA5532E7E3AA7DCDE2119749E2C343FD7A0,com.nineyi.shop.s001736,103,play.google.com,12348547,500+ downloads,500-1k
4F9AFA75F48CE4466E52588201A280AD9885A763200D9358612B948CCE1F8A70,com.livephoto.live_wallpaper.raindrops3d,12,play.google.com,25106556,"50,000+ downloads",50k-100k
2EE15B2359E79C45965E845BA0DAD07CE73B0B3A4579C15F3BFBCB10F6B9B9C7,com.immigration.eoir,24,play.google.com,9643075,"10,000+ downloads",10k-50k
0438F473FC6FE8C5CB901FA5A679D8BC89C9F15ECE12DD788785683554C2C65F,com.varta.psg_wallpapers,20,play.google.com,35070161,"10,000+ downloads",10k-50k
591BC3F90360DBF5FB809783235DEFD69CED6B266ACB35B75830FD2EA57116D1,com.fancymedia.diamond,37,play.google.com,11152927,"500,000+ downloads",500k-1M
158C3AAD506B1F1BD20896D01D368B03C459DFB29397188D9465E721AE37B5D4,com.ai.speechtotext.aitranscriber.voicetotext,18,play.google.com,34133290,"50,000+ downloads",50k-100k
966212E6E8B7E4107278664A51DB6D75D0D0F229BDF1968920EC2956FA2AB366,com.online.quiz,10,play.google.com,6915548,"5,000+ downloads",5k-10k
D3A728FC354B8E541946120BE152CF9AED57BA0399325D1CEEB26E183F917B81,com.michaeljordanr.memesounds.romulomendonca,29,play.google.com,13605305,"5,000+ downloads",5k-10k
6EDA8CDCF98B47BB9DA7C7312E637F99158032EE37B81D4330FBF449E5901045,com.maxlab.bsclocks.plugins.analog.christmas_clockfaces,4,play.google.com,2744640,"50,000+ downloads",50k-100k
9547C28AA9C549A33F8182F49CB7289DF780A544D7A21B62B67F0870DAFF6639,yesthemes.gaming.dice.battlefield1.battlefield5.bf1.bf5.games.android.launcher.wallpapers,5,play.google.com,13092898,"10,000+ downloads",10k-50k
ECAD1EB86D06602B7C3FB81FF260C418BD7A9DF6F46473416DE102143DA1767F,com.evato.o4s.indigo,20,play.google.com,5753216,"100,000+ downloads",100k-500k
237CDEBF2E6B5D5AA8DDE8F303AD7F7989FFADDC2F1EADB92C581ECD9661D605,ax.saj.saj_dms,2710,play.google.com,47910193,500+ downloads,500-1k
6B66308D8C29CA8AA04152116741D3B1446BB21AB11AF1365B51C50E5263E78A,com.mensajes.borrados.deleted.messages,206,play.google.com,13992076,"10,000,000+ downloads",>5M
3C4B64281DD75AE3ED536E9710C557247BF0A317AAD126EFA27E17B59A1484F7,de.nw.news.ampapp,390,play.google.com,12077318,"10,000+ downloads",10k-50k
53538AEE8F15CDC718C80A33BF639433AB01030EAAC53175F5539FD40B6AE6BD,com.redcubez.easygrader,23800,play.google.com,6347714,"10,000+ downloads",10k-50k
195DCE871C226C4812C465E1F6F4DA6EA561932E26191B9C6C056D84E5D48E1E,com.multiplayer.blockycombatstrikezombiesurvival,41,play.google.com,37889235,"100,000+ downloads",100k-500k
A436914B05A2D75AF3E48CDDF9E7689A8B3D0AFECCA7A4815C34C2950437F2FB,com.shappstudio.banglachotosurah,3,play.google.com,25202359,"10,000+ downloads",10k-50k
978BFE052989C7C624574B77CC8957C930EC78B06A8DC280E2163AB8633CD891,com.hzmobileapp.numbertowordconvertor2,31,play.google.com,5732641,"50,000+ downloads",50k-100k
122571228EE53EFAC95FA727D14110D20FE389AA773303CA5E7AA65B0610B969,com.rmektk.rmekonnect,28,play.google.com,25696898,"10,000+ downloads",10k-50k
F92DF92D11709AA5D525BAFAA912B3BB53D7F6695264EFFDA0849F94645F68DD,com.igg.android.clashoflords2it,1000260,play.google.com,74001541,"1,000,000+ downloads",1M-5M
84A9A9FF98D1CCF2CA254E205F4B7C8DBED0B183F216B6DE9FEAF60C0E6FDC85,com.vwa.vwaclaim,307080,play.google.com,6137138,"10,000+ downloads",10k-50k
572367BF6F6A91E8D6D75C15A3399AA61B0F000D98BFFF1E283019E170F6506C,com.zclouds.breaking.news.hungary,11,play.google.com,9024222,"10,000+ downloads",10k-50k
43743B507A04CEAB37AF0A0F38BF47D44E36363A33D38D779FA3AA04109FAE7E,com.teramatrix.vos,60,play.google.com,5870037,500+ downloads,500-1k
4BAFCF35264EFBFA12E19780B877441FDFEADB2EF615A9B44DAD11197B909DAF,com.asphaltcrackstudio.car.stunts.megaramp,10,play.google.com,34980371,"1,000,000+ downloads",1M-5M
E11DFB4DB1CCF761CAB1F7BFA15280385B2828F9A5D4A806C112E4A4D70BF161,com.grafdom.edarabia,5,play.google.com,2997741,"10,000+ downloads",10k-50k
01ED41B8DFAAB224763FE12CFF0DEB94A3F7FDF5934376313590334598BD603F,jp.gomisuke.app.Gomisuke0003,12,play.google.com,4271309,"10,000+ downloads",10k-50k
646D8D715559BD3843C6DC6F8025FD0CB8C0B617F4C955E5C82FEC4D072888D1,com.enetres.feb,41005,play.google.com,3055261,"10,000+ downloads",10k-50k
2DDE104CF642061DAEFE25F20C77B1CC99EC8A2C8593B7FC0E888C93BB204BFF,kr.or.adventist.MobileAdventist,515,play.google.com,6018085,"100,000+ downloads",100k-500k
D8D827F181A396ECA2F56DAF94B7372FB08CDDDC9AB6F43B388ACFEF10D7C8A7,jp.kawakami.taxquiz,170,play.google.com,42617274,"5,000+ downloads",5k-10k
3145709E3020BA2BC6F4E6DA516D6A802153BC49931B19557B979014FBB10BD0,com.arppha,375,play.google.com,27176470,"100,000+ downloads",100k-500k
7138E085C0FACE10C34F6297F15C5C51301545F89721915C97CAA3472532DFB1,com.bolbam.ringtone.mahakal.shiv.bhakti.bhojpuri.kawariya.mp3.song.bolbamringtone,3,play.google.com,28776062,"10,000+ downloads",10k-50k
C57E9790EB8B3DEFCB4BD1D7CDE0DE418F01190622AEDA51009A428A221F5E5F,eu.doctorbox.mobile.android.doctorbox,327,play.google.com,146699237,"500,000+ downloads",500k-1M
E1BEF56128F56AE740C9E4C3EB9C01B56289238ED050A0F55A85143EA86A0B2D,com.cs.appcard,1362,play.google.com,92693095,"1,000,000+ downloads",1M-5M
12F1F5829195C02FBB9ADAC639BB6F49880B5CE74BA2E779369B66B90C700A41,com.agedstudio.bubble.magic.puzzle.game.classic,768,play.google.com,51632873,"100,000+ downloads",100k-500k
89468D585C0E5874648603FD85FB2A42A62D130ABD467D0B9B65838B2502F06C,com.gds.hair.cutting.barber.shop.games,4,play.google.com,54207827,"50,000+ downloads",50k-100k
22A22E537B5EC1FAF243A0B92FB6883E1ACD74944CECB78DF15657DBD27C183D,jp.enoteca.online,48,play.google.com,55870948,"50,000+ downloads",50k-100k
B057D29C249B684387D39E2F37165D02077CE7C92A710ECD83A3DF2D0B4C788D,com.RedFoxInteractive.HideandHunt,34,play.google.com,37171867,"50,000+ downloads",50k-100k
14696E79FB953D0D7512C9697D2C1DF03EA26CF4309B7F91842C6E980E373EDE,io.pushpay.rivertowncommunitychurch,8,play.google.com,66006766,500+ downloads,500-1k
ADBA75FDC0A7197E0A76BE99308BEA9AC32E9ECF0E95B454ECA8A84FB69CF6BD,com.Matra.Thaor,4,play.google.com,26504989,500+ downloads,500-1k
BD1575B65B626C57FBC5E5E8F8F00ECBF4970A6E96A3E668785BD998F544C4C1,com.hyperfun.black,31,play.google.com,71024229,"50,000+ downloads",50k-100k
AC46E446932CBE3F0F00CD8D03D5C115B35362006E68C222D1CA31279EE4E10E,com.intellijoy.drawwithshapes.lite,100471,play.google.com,25555975,"1,000,000+ downloads",1M-5M
C313ACEF5CB7CF635DA4674FFFCAA2CA1A2D3F9F20B7A19C6351E45E32B45C6E,com.ofw.libangan,20,play.google.com,7187212,"10,000+ downloads",10k-50k
E857AEF6247E1F95691B8C0048247EB1AB8D9B43534B75509A3263E1FBA5720D,com.haastgames.manastoria,188,play.google.com,10462830,"100,000+ downloads",100k-500k
D1A4272C8954F3F89E6F7308E9F61982BB49D6B421ABB2701917D7DD4402B681,co.bran.fwlef,30,play.google.com,37407421,"5,000+ downloads",5k-10k
CC1B0A9544E6114D0F086872DC126A15EE1A0C64109D8DDB488C4B90B4FB88C8,com.mbplc.sizzlingapp,1694617360,play.google.com,6784747,"500,000+ downloads",500k-1M
F17E72DD31A13447AE32761D7F3E6C700D92A1E7E0B46EA3C558F473D7CB4C30,com.normal5.modbussidmobilfortune,6,play.google.com,14103435,"100,000+ downloads",100k-500k
24F58E8FF5E7336C01C58385B4DEC2969F02DA17AB107CEB7CC127136E0C02E9,com.oustme.gsf,710,play.google.com,27673125,"10,000+ downloads",10k-50k
93DA4E524C1C6758D0FE4F1F78F3109F22CC5292BF0379BB1A6F2D7658CF9945,com.subsplashconsulting.s_KTQZ9G,2280,play.google.com,73271082,500+ downloads,500-1k
780CDDBEE9415680DE7ADC529891D9D626483B129C950C737C8FB61F3BBD0108,com.vernier.graphicalanalysis,5643,play.google.com,14038977,"100,000+ downloads",100k-500k
E124D6A983E41BB37245206665002D64E248A027B1E91C84ACA9590554877184,com.synctuition.synctuition,34117,play.google.com,80431164,"1,000,000+ downloads",1M-5M
EE07D433D6F99A6CCD0FCF02BB4A6DE9A7472F2F6FE15808BD8A0FF483017D47,com.VRSoft.G414,12,play.google.com,47438050,500+ downloads,500-1k
7F61F9316105EA0130AC46B1E39136ED84164D384C76AA49A014019AE9CD9518,fr.jocatop.quizztop.calcul,10304,play.google.com,55937418,500+ downloads,500-1k
A4FD1C26DBE2F107F2CB27D731BF5154092F7D05A68671DEAEBE76AC37D8BDFF,mobi.coolapps.traffic.us.oregon,223,play.google.com,15189423,"5,000+ downloads",5k-10k
6394FCD1CC641E8A6E97D1021FD281FC1DE1071B6FF94A07EA67B58B5BD10E21,com.elysium.kingdom.hero.manga.impact.mmorpg.rpg.fun.game,113,play.google.com,52079028,"100,000+ downloads",100k-500k
C6607B39B649EF957ED3CEA509AE7C83BB00040DB85A818628D46E19F101E518,com.sand.airdroidbizc,10202000,play.google.com,33846074,"50,000+ downloads",50k-100k
4996B3DDABD42C6FD2D7B0768C6020D8A0FB07E5C840A4EEA66E00F97412E865,com.MladenRadonic.Squasher3D,12,play.google.com,31551279,500+ downloads,500-1k
C9FD03DDCDB9CA90DD165596A1A161D5C1D6D05D5490FFA1A2336E84191EFAA3,com.hisham.moaden,53,play.google.com,13332121,"50,000+ downloads",50k-100k
56691EB5D756F3A99B15A56120C93972C0044A55F6752D4C4322958467B952C2,com.yb.myluck,20,play.google.com,1252377,"50,000+ downloads",50k-100k
46BAEFBDAF2F6E9D18293F2FF92C16DEB0294FDBE26309C5789DCB9283228806,loudringtones.tonosfuertesparaelmovil,8,play.google.com,24978942,"100,000+ downloads",100k-500k
661EC2BA4AB9ADD28796E0628DAAE0000AD2ACDCA8422798D18391F92908B05E,com.redmaxsolutions.sudoku,9,play.google.com,23292210,500+ downloads,500-1k
4AC17B5EAE33C2574C581ECEA69F6B5FB1339FBCAA45B7260AC623DF9190D368,com.pockettutor.ws,5,play.google.com,1010312,500+ downloads,500-1k
2CB8C3CD0127F278A950BD789C242AE9074BA04CEA7AF4C9776D5FAF2A7A94AB,com.shooting.honey.bee.robot.car.transform,8,play.google.com,60283699,"5,000+ downloads",5k-10k
A085DDE7DA1DD80B6D9099E0DBA6CCA0B096C09B55AE00DB790CFE22C523CB1E,com.musicnotes.xamarin.android.smv,500233,play.google.com,29738925,"1,000,000+ downloads",1M-5M
05D46020BBA7258231C8234C3540D3F9D42CA3A0C41F6E38CC15C0BD178166E1,com.dgtldreams.BracketTracker,2094,play.google.com,10991340,"100,000+ downloads",100k-500k
3EBF5F00890D9286B4215E43B6BF45F4CF95E7EEEECBA0E23C6328EDC4026B11,ie.leapcard.tnfc,21000409,play.google.com,7279377,"1,000,000+ downloads",1M-5M
FECEC2568291C83E6C3AF1D94CD0D1ABDF5917D7281FF7824D3D45F456B5245B,com.puzzlegames.dice.guru.block,15,play.google.com,24858637,"50,000+ downloads",50k-100k
AA200E44257DA808A8D1D486DF35F887AB69B5A4FB70D10120F45A3CBE78A963,com.mayulinavarro.comoconquistaraunamujer,19,play.google.com,5707204,"100,000+ downloads",100k-500k
2E8F30C30E990EEB71E357A4F809FB1A4DAEA636A60A4C04129B61698442406B,com.pinkpointer.wordsearch2,20208,play.google.com,18468967,"500,000+ downloads",500k-1M
C4F1EE067792E3E6C8AD5A1253A4A9E6647DE43C17D3D02AEC5481EB97E76532,com.nrs.gael_clientes.tutaxi,92,play.google.com,4707537,"5,000+ downloads",5k-10k
3A45CE89D48A9C7E45E25FEA014856447514E10351AA66B56B55540F5652D324,com.recarguitacuba.android,264,play.google.com,15579270,"50,000+ downloads",50k-100k
2BDF421FB2FC74170C1FAC65C96396D07626257AC9022A22B614B10AF0E246EB,focus.pomodoro.timer.technique,300,play.google.com,21668325,"100,000+ downloads",100k-500k
CF83030AC0FCC82E74C783DEE52B540EEB0EDEE6FF79A8D8DF7C7A5D3FDB20E2,com.funapps.bollywoodstickerapp,10,play.google.com,10957213,"100,000+ downloads",100k-500k
E5D95C5829EBB52C75194F3A0E559E5B6A1AE91069496A1AA55E894CDB13E23A,net.workoutinc.yoga.beginners.free.workouts.studio,609,play.google.com,96106413,"500,000+ downloads",500k-1M
35C3E8825E16AA4732382F52252B2C6943D609D0A8B42DC72DC8A0901D4BF2DA,com.acbuy.store,46,play.google.com,32789116,"50,000+ downloads",50k-100k
75513BECBB707117930B9D8289749DFD1E34525F657A020CD6F3510FE347FDD6,eu.tarot.piscis,10003,play.google.com,7339895,"5,000+ downloads",5k-10k
EE23119B32059624C4DEBBB06706FECD60BC68079BBFF1A02F5C76C440DF6EB4,com.porolingo.fgrammar,74,play.google.com,19322766,"50,000+ downloads",50k-100k
95455252F6665C1C6154F94EFDF3055A0018F37D95879D2132F465768EF44364,com.trustingbrother.uewgpacalc,12,play.google.com,5217431,"5,000+ downloads",5k-10k
D939242161FF051885B5CED2036B6E6E923C2739F8F7B44C156C02FE6F2A779D,com.murka.puzzle.detective.match3,394932,play.google.com,94986571,"100,000+ downloads",100k-500k
02DCF6DFED1B322F420154AC73E9D19F2EF819C37BF159D4B1118D4223575250,com.electra.webapp.webtech,20,play.google.com,3697943,"5,000+ downloads",5k-10k
0E7073B8198E3669CEAA8A7635C976363E5C78C98E455F4692FCF6C69562EC3A,net.ocfl.android.volunteer,7,play.google.com,2166105,500+ downloads,500-1k
6FE423E11B04DB57D380C5ED76503B411C4AD9C7E825D1A203BAC03C9CDCAE19,com.moonstarinc.ecs,52,play.google.com,8784480,"100,000+ downloads",100k-500k
FD49B9B59AFD612A24AEBF474CFB970F7F1055457ADF97C2C6999DCA8253C8BA,com.skyclass.ibadayafunga,8,play.google.com,3649399,"5,000+ downloads",5k-10k
06F5FFB61E58A9D186A403E85427AE98DDE88E54F14D3325337D5EDC7FEA25C7,com.narayanagroup.kids,37,play.google.com,15497805,"100,000+ downloads",100k-500k
1C7D5BDAD28C38A60656BE0FF6363A1612C1F0D054C503F4B5FEF509ADC5F628,com.mergedomhomedesign.game,10901,play.google.com,42618705,"10,000,000+ downloads",>5M
D48F334B289237E2B13F400120B67FFE358FD9D805E5E2DFFE1911634E030476,countries.of.the.world,4,play.google.com,5974306,"5,000+ downloads",5k-10k
B661FF92B21BD209ABE6F90DEB2E81050F5266D7488AFBD1FB301674A2D09B16,com.photomath.mathsolver,12,play.google.com,21871735,"500,000+ downloads",500k-1M
5A34733C8EB78DD44C25CDE4037861F2225CD8D72292A110CF8E94F51FAEB3B3,com.pixelpie.bubblemasters,539,play.google.com,108391892,"100,000+ downloads",100k-500k
DD4DCB49298855F221217067DEF6646F6B031EDCAD5FDF99593404A50501EA97,radioplayer.radioexitos1049.app,200020,play.google.com,11731919,500+ downloads,500-1k
910E8477B2ABBB5E3373575C518D07D74A614D85BEC41A7AFB25B19BFB3D458D,com.Abcia2.LifeInGachaLife,27000,play.google.com,91997676,"100,000+ downloads",100k-500k
0E023DF5AEB01A66996FC5DC3C675EF703BF79EE0BE5FCE69D339124DA1C0B11,com.socorroec.smartapps,626,play.google.com,32771807,500+ downloads,500-1k
8B23AAACBDB42AB4DFCC886FDC39A399B650EC6EE20732099106ADA3AC830843,conversor.conversaotaxasbasico.eurbdt,37,play.google.com,8085401,"5,000+ downloads",5k-10k
6FD5385F85B1E0497C66081C73652479A868DFA15BBFC76135F9BCCCB61B2B31,raven.visualizadorscanner3scope.android,9,play.google.com,15218211,500+ downloads,500-1k
0844DD3F186F75701CB9787DA7A17C1EFEFDA7A12DED2BEA2AB5DBC5445C7973,com.asap.courier,676,play.google.com,10406462,"100,000+ downloads",100k-500k
CED35B9A6234D8AC914FF934D53A83485F70A21AEBAED4B18E08FC6D1B9F24AB,com.fuseboxgames.loveisland,620000010,play.google.com,59005012,"5,000,000+ downloads",>5M
BCAF986EEFC01F62FCA423D330C162787B02FB1B2CE6E911FF0D0529A46F4A76,com.NomanCreates.QismatKaHaal,7,play.google.com,6688471,"100,000+ downloads",100k-500k
89CD2E2674515A376EA69F7492D5ACB9D1D6DB1D13D3F0FBB9179A4243B5A2A1,com.aoneschool,300212,play.google.com,30472859,"50,000+ downloads",50k-100k
EA05E1DDFB20C2F625EE6B32695460C14762E7F7629151B7F3E42384EC6ED55C,idea.online_backgammon,96,play.google.com,13569796,"100,000+ downloads",100k-500k
7BA238857B55EC5142FE761B90264E4C55216D45BE092E89DC99281304358A0A,com.pbs.pretend.play.bank.manager.life.simulator.fun,9,play.google.com,26746826,"50,000+ downloads",50k-100k
928EAFB252843E227DF50283C2F7D550F6420D52AFAB49B10D3BFB5058F02259,com.supercluster.tracker,342,play.google.com,42936401,"5,000+ downloads",5k-10k
A28B05D204A854F0ED428EDF4CF537AA3E84E629AE5104BCCD4DB10FC95628E3,com.tempnumber.Temp_Number.Temp_Number,69,play.google.com,41787095,"1,000,000+ downloads",1M-5M
D3CEBFD7D28B6D48D4383DBCDB0A4CBF2274DE205AB64F819755964AF317561E,jp.co.ponos.nanimoshinai,1000002,play.google.com,23715529,"50,000+ downloads",50k-100k
32B9DDD96FFD17CD6061D74229DB5CCCED45D8AB06364BF2D0C5EC2521223ED4,uk.co.BaxterPersonnel.mybaxter,11,play.google.com,15096782,500+ downloads,500-1k
40478E132DBEDAC1EA4B11B81D6525A48162B512124FA18DF7ED0EF806467F76,com.fourglabs.farmstore,135,play.google.com,12484017,"500,000+ downloads",500k-1M
E38E46C641E2DCDD6FAAB10570B2EA6E59BDB2CF3C1C79CDFD258F02700461DD,com.jobcenterspandaumo.app,10300,play.google.com,7505551,"5,000+ downloads",5k-10k
6E1BADCEB71A8D79647699C2F0CE523837B18B3C4D366992B39506C1BF6D7645,com.ecoatm.ecoapp.android,87,play.google.com,22310725,"1,000,000+ downloads",1M-5M
42735BB66C12DF2B906AB7B96041A2675B61A6B3EC82ECC1204DBDDFAD8E13C5,net.autolevel,10525,play.google.com,5404410,500+ downloads,500-1k
997CF222DDD6535272F6CF9CEA7DB2CED67A9A8811F42FDFF96B9A2319515F88,digifit.android.virtuagym.pro.centresportiflawoluwe,4300593,play.google.com,39019244,500+ downloads,500-1k
A046E13EF4847E071B4D5A6380D06CBBCC138264912E82FD8D2082222AA04838,com.bukka.bukkawaste_user,25,play.google.com,14594707,"5,000+ downloads",5k-10k
5AC294D7FAE91B80E5F72BC60E9FDBF34E3472F17119B5C52B8FD92A50246B59,bleapp.volfw.watchpower,5,play.google.com,3647821,"100,000+ downloads",100k-500k
06D1EFA10CA7115A770119F4D91FBC01840D74E159970C5487F865230500F721,com.nobodyshot.kzh,676,play.google.com,13119732,"5,000,000+ downloads",>5M
EF3A0372A2BA473C95D7D57D7F75669AE15BF79DF2377C9640BF7DDCF615060F,nobetcieczanebul.com,7,play.google.com,4066001,"500,000+ downloads",500k-1M
25E7050564B13889DB75E505CD52F66F408F07C070EB152D766D619DE6F86997,com.GenGame.GreenEnergyUK,1856,play.google.com,34180804,"5,000+ downloads",5k-10k
C80D14E3C0CBBF85614D572D967A089B17EB64C08B8287E9EAB4482EA8A9BC57,com.itechappsstudio.darood.shareef.taj.tanjeena.ibrahimi.lakhi.muqadas.akbar.urdu.english.audio.mp3,30,play.google.com,20662311,"100,000+ downloads",100k-500k
A2419E1D83A68499C1BAE169E9B171B5304DD9C558A49A1B435A973AEAB128E6,com.tapps.king.boom.pirate.coin.island,240815823,play.google.com,78428634,"50,000+ downloads",50k-100k
E308026545178398868DD5F72767EF59FD7BDFAD64E6E059D16B18EC66B6E2A7,com.silvertrac.mob,4058,play.google.com,8362037,"50,000+ downloads",50k-100k
8AD43E16DB4520EBD576CEC771CBEB4673324889D50ED593D7E1936646B06132,com.cubo2d.carreras2,65,play.google.com,26847710,"5,000+ downloads",5k-10k
67E946A1B9D8295F923ABC2443D177659006545834F0B750B5C72EA55DDA2E1C,com.bliss.bliss_tab,359,play.google.com,8785062,"100,000+ downloads",100k-500k
D3E9633583430EEC707101990D7E6A54CD25FBB03D76EB15AC5E0CFC58CCAC0F,com.androiddevelopermx.blogspot.bones3d,84,play.google.com,45151481,"1,000,000+ downloads",1M-5M
3650ECA96CD3D9DC633F5FEB6D99E0CAA51A26096F7C09D0C76FF95B4A8E1665,org.bundeswehr.android.radioandernach,3,play.google.com,20099264,"5,000+ downloads",5k-10k
30877DFAE19B7F86C4E28D9CAB7566F5576DB5B64235160ED6EBD0E397C86EA0,com.orcobank.app,1800073412,play.google.com,17557017,"5,000+ downloads",5k-10k
C425312C931C147489C385DC8610D4DC8EE6EF2A7ED78109B76968813A09361C,com.eightfloor.roadsoftimeodyssey.freemium.googleplay,1018,play.google.com,63857762,"5,000+ downloads",5k-10k
8E7958A609923A550BC1E1B6A64C7E000B3EBB8770116D62E5DCD24A190ADAA4,com.runawayplay.flutter,4031,play.google.com,23758422,"1,000,000+ downloads",1M-5M
7AC75D97D5462DEAB143195E8576EFFAE1DAC0D96C92BC94915A9A29EBBB8AF5,clipescola.android.aster,10512,play.google.com,11818425,500+ downloads,500-1k
04C851318FF9DD032946D9E9408B867A044C36F7CC61062A2159F28F9A5D606F,au.com.console.tenant,11563,play.google.com,5463153,"100,000+ downloads",100k-500k
AC9E5282D3330EF1405E888DEEE8AF68D2BE2FB4B7136D1588106CCE0E00ED02,net.matiks.unfollowtools,138,play.google.com,10772121,"1,000,000+ downloads",1M-5M
165A57AD2772ACB12F6B68FC467FD077EDF0A98F84F6443FBEEEB69687901118,cover.letters,3,play.google.com,6159028,"50,000+ downloads",50k-100k
975C369D164EBEB86F4F2AB404936638940DC01D0892C44936285797F7B76659,de.danoeh.antennapod,3080095,play.google.com,9440545,"1,000,000+ downloads",1M-5M
49A27EA36B52A7FDDF338B15979CFB0DA7D7379317C6250278A5EE7F8CF830F1,com.cf.grovewell.b2c.android,176,play.google.com,22960560,"5,000+ downloads",5k-10k
E4B80F867E8A91FFF0D785B8AF794F66930849C8598CBAD1CC148B465666DAD6,com.edocker.hevosurheilu,10,play.google.com,20506457,"5,000+ downloads",5k-10k
D105F532533AA26FD177C3C8C79F98EA4D196B732269AADB60F3092A47EE07E9,jp.co.trips.menkyokari,7410001,play.google.com,63925102,"100,000+ downloads",100k-500k
7F48CAF3CF656C14F00032DFE799C9EC6E3375F81FD3C52095056E372A9BC978,com.elkood.i_am_here,97,play.google.com,20660064,"5,000+ downloads",5k-10k
DB4CD28B10BF46E516ABC2BF1D6AD419FEE11D57F0967D07A0294D34549FFFF4,com.dgtera.hr,59,play.google.com,7927240,500+ downloads,500-1k
94B8ABBC4EA43D001CDE50D45998D30FC0F889C5CBFE6045192DE78FF66A4754,com.mizo.turtle.robot.transform.game,56,play.google.com,70548533,"1,000,000+ downloads",1M-5M
929223D715AA831C1E5149CE0A2D1ECAB83FB14E23C0987AAF6886B60A7EB8B1,com.happydev4u.uzbekarabictranslator,62,play.google.com,19569043,"50,000+ downloads",50k-100k
5E880543DACD3EF6B0486EA0195D8F19881B9D4643CBA1EF7603923C63B1B11B,com.tmobile.vvm.application,784457,play.google.com,10325457,"50,000,000+ downloads",>5M
2E0CE12AA9129617F9F872264739B5A75EFDDBACC61AF414E0AD21D16348CF5D,com.arcade.idle.bank.office,1,play.google.com,20320581,500+ downloads,500-1k
3995FE97F9E989A17A6CDCCB49571B71E1452872C1B07E86E0A3DFD712740781,com.jaguarstds.horizonpath,1100,play.google.com,7908989,500+ downloads,500-1k
3602006434DC9DC66FED8CF9744281A9D6F6E31510640341ECC8E9727C06B656,com.c63.drift.city.simulator,200009,play.google.com,65720660,"100,000+ downloads",100k-500k
BFAEB63D182A683110F3377FF55FB4924E685BD2C50814DBD4824EA2A53398BC,com.friskies.Catfishing2,634,play.google.com,73743421,"1,000,000+ downloads",1M-5M
B63F1783741EE4DC93651564AB74211739B7B16186EDC59CD28B23479A9B86B4,com.hsbc.digitaldost,28,play.google.com,40402162,"5,000+ downloads",5k-10k
B69FD20AAF4E7BEDA570C35EFC76FBCB50E09836A9AAD08329CAA206438F1ABF,com.bhimaapps.photopencilsketchfree,13,play.google.com,13778918,"1,000,000+ downloads",1M-5M
8E7D74CFDEB2007DE0F30EF7F037A519EAE436F619EB8DDDE608A3B1F666711D,com.thinkbitsolutions.games.brawlquestluwan,401,play.google.com,70067043,"100,000+ downloads",100k-500k
8CA8D23B5878E55CD7FAB1720D0D3829F29AAC70E940382ADD78B2D6FAF8F7A7,com.digibite.digibite,123,play.google.com,15357476,500+ downloads,500-1k
FA5D20A7737BE7B216AB9D168DA6EBFD5C0E0DB9E2557DFD544FCC2FEEA95058,com.appking.juzs.juz9,7,play.google.com,27432792,"5,000+ downloads",5k-10k
4D634E26433CF90A548FC15D7A941CF282F46B6821FD276FEFB305CB10676FD3,nextbeat.net.hb2,4014,play.google.com,19108645,"5,000+ downloads",5k-10k
464001DCCE598488A4E65876A40CC101150116BB937167C612D03EB35EDB5B30,com.ProActMobile,101,play.google.com,16463198,"1,000,000+ downloads",1M-5M
EABEFF903491E95CE108A64B284E803C84F2A2FBA01ABA3E8929F594755CCDB1,com.chase.sig.android,464474918,play.google.com,85986860,"50,000,000+ downloads",>5M
48314E9D02C433A2BB2B525BE1E70E7F1B583FD581A292879B6F06F5AF0B1558,com.minimiew.kamkomsawaddee,9,play.google.com,5048383,"50,000+ downloads",50k-100k
0978B5DE903E87F7528FD4E057B7EB8955E3415C692A2554E63F4536635F6378,com.suntv.sunnxt,200254,play.google.com,42475320,"50,000,000+ downloads",>5M
070A2EBDCB8533DED22DE85AE5B5398C29EE09897E51EB1A4A2F32FAA9A87725,com.ce.gwadarpro,43,play.google.com,135725821,500+ downloads,500-1k
75EE395E1F019F61BDFBD81BDF84475152E2C349C3D1C34C1B6934FB440A21ED,com.minidragon.dw,202504030,play.google.com,147916748,"500,000+ downloads",500k-1M
42E08096976A9A8C5CAE06DF8F95C7F9ABC5AECE7129773887BA5754F8A25B6B,ru.FoodSoul.KrasnogorskLetoCafe,2023040606,play.google.com,11619199,500+ downloads,500-1k
A70B2C2BEC7DDC92B958B2651CD8DEFBFF4333006EDB5D98CFDD877654DE6F0E,com.discoverfinancial.mobile,6017681,play.google.com,89371055,"10,000,000+ downloads",>5M
E9AFE28F4CB84D16D89C4EAA83689B0A02D8EA848937C6A5D3F908ECDAE20606,com.tv5monde.apprendre,185770,play.google.com,27955904,"1,000,000+ downloads",1M-5M
5B4948B17B3DF1C6C42EEC834C5ADD3624F5892E715DDF9DB1B2A5E248E60CDA,aplus.droitfiscal,37,play.google.com,3041670,"5,000+ downloads",5k-10k
FF8EA60ECF1E0A7DDD6C6F5CC72A8C978B707741A8506BAE6C089D09C796BAE9,com.fenls.portuguesenumbers,31,play.google.com,4582613,500+ downloads,500-1k
231887B55DCC45451D3212BB83F9203C919CC4178D77ABDB0D42CBF0CC39C36B,com.hlofficial.cacbaivancunghaynhat,20,play.google.com,17548726,"5,000+ downloads",5k-10k
8FA12A0E78D4E5C603094B82B1D1B91D39301A1F8E487CD73D12020905B11C69,com.gps.maps.livesatellite.navigation.routefinder,92,play.google.com,20823510,"1,000,000+ downloads",1M-5M
DB99EC0AF74FCBBE1941C067AB80C376B3F9FAE5E1A730E960BDABDB6A5FD3A0,co.april2019.suce,67,play.google.com,35981869,500+ downloads,500-1k
7EFECF9E28E4A5F802BED0F67644E52BD201826A0119FF10F7366CA97ACCEF17,com.snbtiphone.mobile,127,play.google.com,108937490,"5,000+ downloads",5k-10k
20B5AE8679573EBD3CFD05E858F7570A2A1DEABA2EE06B64E08F22FED20A9A0E,com.scb.phone,9421,play.google.com,76788939,"10,000,000+ downloads",>5M
291B172F73D3E0BC000750D3B8A356FBE29662CAD2AC8094E80CD114591D0110,videoprojector.phoneprojector.screenmirroring,32,play.google.com,18108755,"1,000,000+ downloads",1M-5M
4A53871D40BEEEF2175EC109A4CD30C218965A1C2AC0F8C6DAE92ED039AACA98,com.lily.times.monkey1.all,934245,play.google.com,100674347,"1,000,000+ downloads",1M-5M
D9737EA1522C76FA13ABADF71E6BA8D77B8413DE22ED3938E82BEA1C2FAAC234,com.fa.high.school.girls.boys.fighting,200045,play.google.com,76342801,"1,000,000+ downloads",1M-5M
D38210CA1FF6ED77F3569044C54736BD585AA5D335A57E15D722F1004576DB3D,uz.music.rustam2,16,play.google.com,106659002,"50,000+ downloads",50k-100k
D12868978F59A5BF9FE9394041575703B9F71D9378F28564B175EFECAEABEAF8,com.normalmod.modbussidisusutraga,1,play.google.com,14405284,500+ downloads,500-1k
BF775B593FB5432DBBEEB2D4163528555438058A537CC4F1EA762E298564A906,com.marumayu.MomousaTimer,13,play.google.com,35156526,"5,000+ downloads",5k-10k
E40613CE8A2990989B92AA47F495E4ADCB2262B9ABE1BFCCCEA76B46FA9A631F,com.hafeziquran.islamicapp,63,play.google.com,43422381,"500,000+ downloads",500k-1M
7915643752C1D54C333A435186D8E4A4442A57147836C388E7E60916C415A6A7,com.wlingua.frenchcourse,361,play.google.com,38646318,"500,000+ downloads",500k-1M
383D79192FEB705015A780C248D5B495AF085E74F84F45BC2466B90AB9111E9B,com.freemium.android.apps.skipal,440,play.google.com,13268316,"50,000+ downloads",50k-100k
E26F7313CB0C2F1D77F929A30CE1B92E27A02AF5BEC49347DE9A50F0C2973A8D,com.witchqr,2,play.google.com,7878483,"5,000+ downloads",5k-10k
307B6A4CFF5E27E80D8F99FE5698A627103BA834ECA97D2C445EC4148DD5F981,com.greatplainsbank.mobile,9,play.google.com,93996215,500+ downloads,500-1k
EF7616C1FAD71EDD2A367664C7A8F7DB8BA38A7B7A754F4435C4C5B60046496F,it.vincenzoamoruso.theinterpreter,20299,play.google.com,21504499,"5,000,000+ downloads",>5M
8E012567D802CCE2726EDAFDFF00674CCF92824849C569DFB5B5BE88EF68711E,com.stretches.kneepainexercises,7,play.google.com,33839702,"50,000+ downloads",50k-100k
91908C1F942C2F07DCB7BC233C1B428579F45F8207F197CD163AA4A5A9130783,uk.co.audiotrails.stmagnusway,9,play.google.com,108664607,500+ downloads,500-1k
F84077CE76A5B63A9697F6BC8EF4CEA5D876DE338D0FF4716BD0498A87922355,com.anydesk.adcontrol.ad1,10504,play.google.com,1902342,"10,000,000+ downloads",>5M
B0A2CBACE0470E236407A2555F273522294471CE5B62BA53BF0E7500DA50D8B1,com.mrcamera.teleport.master,21,play.google.com,86316109,"1,000,000+ downloads",1M-5M
99F9BF852D1F4651A8C60C6C3CD643D9D7C758E491E4C70504132AA52B35C9D7,com.yorfstudio.zdefense,821,play.google.com,79503473,"10,000,000+ downloads",>5M
EFBB307CA51D1858BA4AA9FFAACD2E145C8106573292923A7AB87F27632FE719,com.daksha.mahalaya,6,play.google.com,34534014,"50,000+ downloads",50k-100k
B05F4BE1071719E8A098913879682F1D46F8F6C4843D0F4691DA0A5D5BC28111,com.techarts.celebrity.house.cleaning.girl.home.cleanup.game,42,play.google.com,63846301,"1,000,000+ downloads",1M-5M
6DD0B50BD0F61F1D079C9B22AB8AA75920153A2CD049A643EDB081D01C39B669,com.uvdevloper.uvtechsoft.fabricationtoolsandlayout,7,play.google.com,16024945,"50,000+ downloads",50k-100k
DFD050B9D4E1CC25C4844AEB966A029F335E85051935E95033BEBC377D050B6B,com.balintinfotech.myphotokeyboard,4,play.google.com,23582687,"1,000,000+ downloads",1M-5M
77900F502A1C619ADB8347C6E81FBCD97290D0ADF24C06CC284A8A29377D42B9,pt.iol.tviplayer.android,314,play.google.com,23257099,"1,000,000+ downloads",1M-5M
F3CB7A60C41E5B73DC85089106330B3809BE01898B1F1C55D55A78263A63F4FF,com.etoos.india.app,200,play.google.com,25967746,"500,000+ downloads",500k-1M
E2343B570706D9AADDE2E084B6B1C93A6C7E2EA8F87B479FF5872B602A800B60,baby.photo.frames.editor.baby.photo.collage.maker.collages.mixer,13,play.google.com,13800276,"500,000+ downloads",500k-1M
CCB575BA351A7730390352DACA5CF41A2368FBC6B6247739A03FAAABE55B595B,com.maanarayanifashion.maanarayanfashion,11,play.google.com,8198553,"5,000+ downloads",5k-10k
AE275EDF3177DF427B9EFAFD3B2252BD2C21FE8FC1E2FFEB22A98076284D61D4,com.distancecalorie,7001,play.google.com,2588605,"5,000+ downloads",5k-10k
AAC705FA247915FBE6018E142540FBB8E53C741C6CF5D776EB46307074EC34A3,pl.net.kaleb.jozef,10700,play.google.com,23883124,"5,000+ downloads",5k-10k
AF181A61A9235D4313FF04C008FDB12AC93D9D3DDCF95FE5B72B29752ADBA302,com.sweetskinsmax.dreamskinsminecraft,5,play.google.com,4026168,"500,000+ downloads",500k-1M
207D7536A03F470AA082E058A9971DAC174E80BB199B81BDCE7C0E3BD5F4B917,com.wachanga.pregnancy,400269,play.google.com,69664080,"10,000,000+ downloads",>5M
E2C43DEA1596C793E03593BB5951AB6CF91CCBF3C72A3A081155D241F0C45C68,com.myvirtualpetdog.louiethepuggame,1050,play.google.com,65676030,"5,000,000+ downloads",>5M
93E7F317C2C47E67DA625BF6CB7E696E5393305779BF7D9E743D41F68F207054,com.figooo.second,10,play.google.com,29747768,"500,000+ downloads",500k-1M
AA3EE1709CD50CE0F1A347BB173AD1EE38EB17791C5DD15102C395430C6CFB4E,com.findpenguins.app,436,play.google.com,27910914,"500,000+ downloads",500k-1M
05A5ED6520838F06E28197F614DA5EA9A20B2980794456874CAEC9CC013F1A71,com.deutschlandradiofm.germanyradio,7,play.google.com,8342105,"5,000+ downloads",5k-10k
9CECA340FBED0E23356037EDF2EA4698F62963EBAA224C32D1776272AB60E61F,com.mpayapp,194,play.google.com,57698048,"500,000+ downloads",500k-1M
1412305148816B719332DA028C50E73B0B9C1AB68810E4E39FF0C096CDE59D4B,com.neiman.coloringbook,19,play.google.com,89352384,"50,000+ downloads",50k-100k
EF647206F0F1BD60BA0356BEC2BCDBE447198C3D17798BE448AA4C3259FFAB53,com.the100code.tamilbible,7,play.google.com,7214723,"5,000+ downloads",5k-10k
81090E6F81C499D65E42F59AA86F6C13CF5502A5A960DC86E984D7F121367067,colombia.com.neoris.sds.sdsmovil.release2,67,play.google.com,15909564,"5,000+ downloads",5k-10k
B0EDC6A5A64C1D3E7B16372CC3476AB0E53FF0E59AE18A4C331478EC1D2C25F8,com.kumobius.android.walljumper,23,play.google.com,30515096,"10,000,000+ downloads",>5M
D9D43643FA8E5B1C44BCC88CEC3FEB17CD407DAEBE7BECD19D742C9A6372023D,com.maxkhalikov.merge.hunt,40,play.google.com,45503980,"1,000,000+ downloads",1M-5M
17D6721EC744DDA9FFB68F26FF6F51252FEB90A2593FE5924091849D451CC06E,com.thai.keyboard.thai.language.keyboard.typing,17,play.google.com,22189965,"500,000+ downloads",500k-1M
07CF8A7F2F2855DE24B1CFFDC2D2D6D157D3E7296F49FA8A1BE73BEB97F51075,com.ragdoll.smash.mates,13,play.google.com,48989757,"50,000+ downloads",50k-100k
04274437A4319DAF12C7DB020C51A7000D8A882E70902938A6215DABC188E335,com.kiwigo.donutshop.free,595096,play.google.com,49398407,"500,000+ downloads",500k-1M
3C91C3950E21E7E4B31AB2A422686724A3A84BD30648D152028B2D3E1CE2F056,com.admin.routeradminsetup,9,play.google.com,42256727,"50,000+ downloads",50k-100k
85CD836EC5FB1E3CC4CF5900A005F5845CE48561F2CF6AEF706195650A4704C0,com.us.army.humvee.jeep.car.transporter.parking.game,98,play.google.com,87643487,"1,000,000+ downloads",1M-5M
B67581BB5159CBAA7F73EAAEA57D2CA20055F88F64D59F350F529A4801789095,com.goethe.hu,819,play.google.com,23273824,"50,000+ downloads",50k-100k
C2E4C17BD7A2300B307BBC40C6919193F514B52E9763B70760EB2E6B282A76B1,com.tingbing.wolf.family.sim,6000028,play.google.com,43190674,"500,000+ downloads",500k-1M
85FFB13149C7300326917CFDCBC75CA5FCCD046FB26CCD397DC20B3B344F4590,com.i6.HelicopterFlight3D,6,play.google.com,33043629,"10,000,000+ downloads",>5M
C3886487634A5116FEAFE1EBB395971F13D4DB5FFE5653BB0B382964E2063AC2,com.gp.twisted.tangle.master,41,play.google.com,79738642,"500,000+ downloads",500k-1M
77B3C8C2DA3FA621A2FADBC7B76CDB99C72F7A67FCC0D8BB3D85B98F25ECD359,com.genius.unicorn.girls.games.Cute.Doll.DressUp.Makeover,8,play.google.com,31715632,"50,000+ downloads",50k-100k
F845E1062DFFF83AB79AE01EDFDB3C90C8D7CD32F0AAC6CAFE6855F320439E34,il.yahadut.mishnaberura,13,play.google.com,3640477,"50,000+ downloads",50k-100k
E6676E63F11B468CD75D502809FAE553002D419D9D08F427BC267DA8C11BA6EF,com.nexon.nsc.maplem,5552,play.google.com,66580346,"5,000,000+ downloads",>5M
5A08B67C058DC879B8F6821BAD3E21EA58C251590FC1CB1A1C3D234F0ACBE95E,com.maiasoft.friendtip,233000,play.google.com,13707152,"50,000+ downloads",50k-100k
EBB7AAFCA4CF2A6976DD8EB1B6E0D629E30F41FA6941CC034226EB2FEB3D4734,my.com.tngdigital.ewallet,267,play.google.com,109566429,"10,000,000+ downloads",>5M
5D9953376B5E29B31E4CF52221E29B3597553D5AB7C5CB1B6BCB0C295F404F16,com.earthglobemap.livesatellite.gps,13,play.google.com,27932332,"500,000+ downloads",500k-1M
757832032809BA37558D59AFD7252F4753B65D0555710F63B774FFAC8173031D,com.mngo.knights,804031121,play.google.com,78034372,"1,000,000+ downloads",1M-5M
1B0D40E1DD1350DA4947472B533A500FAA84E5B11CD974F9974E9741277732A9,com.domobile.aut.cdreamcatcher,20180918,play.google.com,1993335,"50,000+ downloads",50k-100k
3A62C05311F5EA3AE64C4E1CD608885D33E3CB0139B624DFAEFA7134029E476F,com.newyorklife.mynyl.mobile,125,play.google.com,20883098,"50,000+ downloads",50k-100k
C910AFD6D21667C05E6625DFECEADE263330BBCDD1477FD0400BD992B2729486,com.fgz.futuristic.flying.rocket.transform.robot.fighting.games,144,play.google.com,124054830,"10,000,000+ downloads",>5M
F7448A484CB0B1ECED6F15A1E7029A782E44CD22F65EEDF4D393BDB33F26A6D8,com.mendone.pony.camera,14,play.google.com,20908041,"1,000,000+ downloads",1M-5M
A88E87D60465C8F186D6355D7C80B6C422FA02EEAC774ADB463A835DB5140537,com.klinqq.app,59,play.google.com,32565548,"50,000+ downloads",50k-100k
141A86D5C0E097D3A3BFC570A47257E72314AB26616668A0B4B629426E6781AB,com.besson.fidelity,19,play.google.com,25621459,"50,000+ downloads",50k-100k
F1EA03C4C7C3A5F5EBB436E6CA1C70B22A1DC2D8C7720CEFFCF383251E68FFDD,com.clogica.smartvideoeditor,18,play.google.com,6775623,"1,000,000+ downloads",1M-5M
923BB9CAB1A4B56677930A87068C5C87377EEF9CD63A85BE5B4F7A8BBD1D2694,com.barclays.android.barclaysmobilebanking,7110,play.google.com,109363817,"10,000,000+ downloads",>5M
3BC98CCD4FCD584ED99877A731503120FC6AA7985411503E1D69E53FC70C246E,com.testyourself.ionic,309070,play.google.com,8316300,"50,000+ downloads",50k-100k
B7D70374A8FC05FCF3DD674317395531241ED76062F7D2A91D0250F2D14D9E8C,com.kddi.android.videopass,40000131,play.google.com,15919878,"5,000,000+ downloads",>5M
33978A54DB1093EE55C68936EE0CF13A14F187E90CB5379215A27E47A93CEC9E,com.ggs.doctor.surgery.game,10,play.google.com,27085842,"50,000+ downloads",50k-100k
6F4024EC407FEEAD3C9BB8AD7768BBC0D3A2BD4C7ED235747FED9894AA02B63A,statusdp.calendar.photo.frame,19,play.google.com,9275363,"1,000,000+ downloads",1M-5M
B9966247264F085B3B693337B4C0E85468C5C9C3FA8A4F7E6F7274FA18E0051F,com.vanpicaso.tinytan,2,play.google.com,9836312,"50,000+ downloads",50k-100k
F86EFF07BC263AF7D54C13E7E9B7D541B9ECB231A22F492D0A69FD8A989E6B58,nl.omroepgelderland.android,10370,play.google.com,9526128,"500,000+ downloads",500k-1M
DBF742CC81FBA7FF8070A79EB347A8BD9B76CE2E441CDE687C2F0E7447E3BB96,js.javascript.web.coding.programming.learn.development,160,play.google.com,25691166,"500,000+ downloads",500k-1M
92BF08F27B116823479E837815738775535368455808DD75E1DB14E59F1DF90F,com.teamflyer.indiantractorsimulator3d,13,play.google.com,55796513,"500,000+ downloads",500k-1M
D0713822B2ABEBAC3102A14FD239CABEE38DF2A552CFFF7B8A8C7C8FFDAED545,com.gameloft.android.ANMP.GloftIVHM,21401,play.google.com,71904891,"50,000,000+ downloads",>5M
675E4C9192665B103F5EE1585CD1EC572266FE9ED161A228BE4CB6953818D6C1,com.trendsgamesproduction.tuktuk.rickshaw.stunt.master.driving.games2021,47,play.google.com,63401852,"5,000,000+ downloads",>5M
E5E2EEBCCA5EBB313FF5F1362D7DFDABCAB6FA06D834D899445080D67FB0944D,com.tamalaki.homedesigner.makeover.blast,1346,play.google.com,82898808,"1,000,000+ downloads",1M-5M
43CB9DBD32C0239A0B75854D30464CAAB8F73F8B5D56E65E92352C0B68B6E43E,com.keyboard.themes.photo.myphotokeyboard,140,play.google.com,64714965,"1,000,000+ downloads",1M-5M
39921650E6C7F12F33188F6CC1131802DC5AAA53E91F72802185864EC0AB17D9,br.lgfelicio,9268,play.google.com,35957311,"1,000,000+ downloads",1M-5M
919C0FBDDD67283EAEABF875A05E1792A78DC821AF555E560B7A4A243FB49C25,com.kauel.ceresita,28,play.google.com,28459038,"50,000+ downloads",50k-100k
C1682FCE93D53BE63E45C47F5CB683CF77945CBFC581269FAFB04479B61324A8,com.free.neo.vpn,77761,play.google.com,13024363,"10,000,000+ downloads",>5M
6B1BA49E720D0DA6EC86491A7B112B09334FF1A6F8AD9C1844C60D1164B9F1EF,com.papabox.dreamland.gg10,492,play.google.com,18154427,"1,000,000+ downloads",1M-5M
9FBDBE8392A72006DB766B711580F7E88B2BF33E0BF26CC3A418EA851BF023BD,nz.co.anz.ado,160023,play.google.com,13228063,"50,000+ downloads",50k-100k
E96EC4666EABFB748AD412CABDDA2147D26ED9C12906F0D4E5DF9C5F4341BD98,com.widgets.widget_ios,25,play.google.com,36950504,"500,000+ downloads",500k-1M
59C8C91B2D163F125C5E98E8AD22EAD7D476410923964E33C78CB5592B2AA4E1,se.jagareforbundet.wehunt,2401321,play.google.com,97344669,"500,000+ downloads",500k-1M
EA72524FA7AFF7C27960C677B86925FF18FEC941F18ECB6CCAD384A0BAC1ADC9,com.biblesocietyegypt.oneyear,30,play.google.com,9577622,"50,000+ downloads",50k-100k
39552615080010E4E1B1DF75FBDC48729345335AEED2585B965C3A22C93C26FB,com.ihuaj.gamecc.global,143,play.google.com,65381866,"1,000,000+ downloads",1M-5M
5E3361C5FC9237B4E2E0BDAEAC6EC19166FA44C9D1B6FF1B52C6EBAE9980A953,com.ikeyboard.theme.pink.selfie.girl,12,play.google.com,16589480,"500,000+ downloads",500k-1M
F32C3F4ACA65FFE5A2DC2115A60A0020ABAABF14B312B65F92B236B17C30C8F6,com.russians.checkers,39,play.google.com,19781068,"1,000,000+ downloads",1M-5M
4BA81A504C9019D049EF4EBE6CF19A3EC63FB97C0BF72A845E85B33FB174CF4A,ru.tutu.tutu_bus,48000,play.google.com,29777575,"500,000+ downloads",500k-1M
12ED57338B1655A85DD9AA47C00500DB4F7BDFEB05B4FD4C0F8A668E3EB00951,com.fc.bk.calltheme.colorphone.color.screen,47,play.google.com,36874487,"1,000,000+ downloads",1M-5M
FECA2C268C0A5856687869599EE5B30BB41D7DB19E5AF4475ED33C5428A98153,com.killermobile.totalrecall.s2.trial,213,play.google.com,7961783,"1,000,000+ downloads",1M-5M
9CE088BDC7FE506AF99537F6079AE0017EEE6D26DEFEAAEB352CCE308A112C03,com.Alper.SwordOfXolan,25,play.google.com,28350783,"1,000,000+ downloads",1M-5M
20F247220F573C750A13000740651E278D6F5C2B1F17191CAA914126FE0B63C8,com.eldring.exominer,80,play.google.com,47644105,"5,000,000+ downloads",>5M
72B96A978062077CFF652B43481343FBBDDA2C83730F004FDA30328CB85E9884,com.quok.arcadeHole,86,play.google.com,96841163,"5,000,000+ downloads",>5M
FDAF50FF5CF9A10D82880F259D87F356FFC88E9CE3E89DEE60B75B68FE3B1C1B,com.gezellig.savethedate,64,play.google.com,113856073,"500,000+ downloads",500k-1M
83CB6578285504E2F547555781C4053F09EFC2F30AF9D1BDA0833A3E6A2B2A7D,com.tap4fun.invasion_zombie.gplay,491,play.google.com,107220365,"1,000,000+ downloads",1M-5M
C40EA975634BD40FA7A6C9086C01DDBE2900F51C400F2453E027A2AF8DF3A591,com.appbites.wildanimalphotoframes,17,play.google.com,25324646,"10,000,000+ downloads",>5M
10BB56B395C35107C13E0E668CC1BE33AF7DD4A3C6825875F43C81926C6A2FD4,com.extremedevelopers.wwr,643251202,play.google.com,31212133,"1,000,000+ downloads",1M-5M
ECF964F3A69ABF1F9E62067A1DCD646E5A22E087F5A9718563EED4EE2799304C,com.mariana_quran_android_text_06.mariana_quran_android_text_06,20240911,play.google.com,38437964,"1,000,000+ downloads",1M-5M
CDF58E91CAB70FAC1CA3E42329BBC89942A2AFD33972AD75E1C827B05049F31A,find.difference.spot.differences.hidden.puzzle.games.free,25052973,play.google.com,47515196,"5,000,000+ downloads",>5M
3E570A3E90C771CDD37A9198680395ADC3162C569C35D34BF18A1C69875BDA48,jp.gocro.smartnews.android,884,play.google.com,108904841,"50,000,000+ downloads",>5M
C10E952168196DAECE150F4FC8264180DFD2352BF8B41C267FE41D6F2F0944B9,com.sunsetgames.perfectsmile,3422,play.google.com,135390334,"1,000,000+ downloads",1M-5M
ECA4B8C855A80488CBE6F6624AD56DA0D5BDBCCDED10CB494167681FF873CFE6,com.sm.phoneringtones,187,play.google.com,66620720,"5,000,000+ downloads",>5M
7AD321AEF471145C41DC02495C9F28F0BA006EDFC23D55843F69D23D61C64460,air.com.fabricadeherois.fabricadeherois,20240812,play.google.com,108626420,"500,000+ downloads",500k-1M
96FBD522C29BB1E1E4B5C27D85889E2E62E12C786A217EEC440CDA810CA66979,com.xojot.vrplayer,28,play.google.com,4975896,"1,000,000+ downloads",1M-5M
D097E77E06D6E18E9EB036E259AA4CDB325E0CCB250670755B0E90C5840FBCE3,com.ndm.tienganh,39,play.google.com,27044182,"1,000,000+ downloads",1M-5M
427353235EB568F0D6C859B63E6F3F6B32DC15306963108A45E4F39344BA565F,com.widgetkit.widget.theme.wallpaper.icon.sceen.scape,123,play.google.com,32151336,"10,000,000+ downloads",>5M
F05004DD2D1EF43238D03D53776E163181FD1EE347F94C718A310D8EB22150E6,com.naturalmotion.csrracing,20240210,play.google.com,88234676,"50,000,000+ downloads",>5M
E3390266F07BE6F2C9EDCD5FC9E28B8A77730C22A283A50E29DA25A85E7D5434,com.indocipta.iqro,16,play.google.com,63691118,"500,000+ downloads",500k-1M
D3E97EABD3D043068D0798F0B6649345CF1D60D822202ABC41E425A8A519C5F4,com.ayyanremote.sharptvremote,11,play.google.com,10170343,"500,000+ downloads",500k-1M
D9E6D0E6243D4E344AF3589519436078A08FC4E1A547F680E089F143737F1483,com.mxdev.tunnel,17,play.google.com,6594752,"1,000,000+ downloads",1M-5M
9606A525580D714DEF9681B4E6ED11C62AF0C8872AA87F4B0A8389D3CD754D43,com.sngict.okeyextra,200140,play.google.com,75051784,"5,000,000+ downloads",>5M
AA9F13C41E036EB7D2A59B8132D765B6A3E7F1C4401336127807311A0FC682D9,com.melot.meta,88,play.google.com,124455902,"1,000,000+ downloads",1M-5M
F41648A5F1A12971AE05388D97CD7D08A3238102DF2EDFF0C49E4BDCF6341022,com.london.londontransport,95,play.google.com,8124363,"500,000+ downloads",500k-1M
E5CA99ACA9355BB6AB9A0ED4279C18653E4ADF24FF3CE459AB7C186FC647673D,com.worldofcar.simulator.supra,500,play.google.com,79716035,"500,000+ downloads",500k-1M
1434C15BC95C98DE8FD8C96A5845134B13AB16B0336E8DAE8D96346B42DEFA86,com.appside.bongcal,302140730,play.google.com,30128427,"10,000,000+ downloads",>5M
A9E341202C272651E97198A281F08067C1EE1151E68717361D24BE44A1ECADA4,com.fanstudio.lienkhucnhacvang.nhactrutinh,22,play.google.com,9249745,"1,000,000+ downloads",1M-5M
E63081DB55AEF45937DF4200A678630804CE8D7A227D94EC2AFA607971B9DA3B,bg.ubb.mobile,250430191,play.google.com,85170588,"1,000,000+ downloads",1M-5M
8F6A3520CAE73B77DE2441F02C07072D48026FCF063C0F50CAB9D956C17496AC,com.qqqer.super_flashlight,35,play.google.com,34050337,"500,000+ downloads",500k-1M
137FF0A1FF812AAECDCD367486E1A640762CE4DBE888DC1EE24DB1E63A35ECF6,com.master.triple3d.find,163,play.google.com,35297505,"10,000,000+ downloads",>5M
83B77BBAAA474962EF5558D41562C03B03EE24F441E8FBA1014A4B09D086CCB9,biz.trans,332,play.google.com,17747902,"1,000,000+ downloads",1M-5M
06398D3F3C6E8D1C6EF28077C7629727918D7249D82AFDD25EDF563690D03F37,com.blitzkriegmmo.game,779,play.google.com,78802063,"1,000,000+ downloads",1M-5M
00DB8D6C3C277C5BBA566E53F4DCE5C2CC58FDD63E949A99B30A773AE23A93F4,com.tg.partybussimulator2015II,13,play.google.com,40048430,"1,000,000+ downloads",1M-5M
37A42854C41D80462F7F17013809589C0CB7C70ACBF76B603F32AAC824BDE895,com.bekids.gogotown.unicorns,144,play.google.com,47575826,"500,000+ downloads",500k-1M
D4B78E523891812251BB5C668B2E4D45763E33A5AD332CA41B923721A4929102,loppipoppi.dominoes,18000,play.google.com,79323115,"10,000,000+ downloads",>5M
8098E3D86818E79464EDEF8EC5DF2B09E189A29AB595C0782642CF668EC8083E,com.funtomic.dynamons3,11035,play.google.com,57010416,"10,000,000+ downloads",>5M
207C4D019735772122351E2153AD94AEFA5F8E140CBCA29AC2E980D0690933B6,com.chereads.reader,395,play.google.com,23356489,"500,000+ downloads",500k-1M
8D66A1DA3F393C8C22A7FB906D1F50F86784B86AA155723194D9ACA118F0029E,com.nama.cake.art,3460,play.google.com,103627094,"10,000,000+ downloads",>5M
33B957EC9DC25C102BF7D29FE30481382CFC66BAAE3DEAFB53B5EBFCBC005527,com.hcg.invinciblehero,75,play.google.com,141342194,"1,000,000+ downloads",1M-5M
6707102EB86BBBBB96E4B8302FA5E6DA0C5895C339E45D9D08DEBAD9AA0AFA07,com.moall.farmerstore88,38,play.google.com,5879941,"500,000+ downloads",500k-1M
6798D3BAFFE30832DEB371FCFAA053BE09D3570B8B01318FF5520DDA87400057,com.hegodev.oddoneoutforkids,22,play.google.com,3280612,"500,000+ downloads",500k-1M
74037BA3D8690D7FD2AE120A375D388EB68B0AE4FAC2B872AEB08117C26DF111,com.imvu.mobilecordova,120700001,play.google.com,39959035,"10,000,000+ downloads",>5M
50B048A136838E635C6F4826646847133C357910A653AFAABBD53EB7C37B1292,com.xcelonline,34,play.google.com,33231180,"500,000+ downloads",500k-1M
9CBB8DB1670476C292083DEE9039496E915DD8468E6B101B18D45FBBBC3B0E07,musicdownloader.monster.videodownloader,24,play.google.com,12729877,"5,000,000+ downloads",>5M
8E7B73A481A3EAA2D1A10C591C6D18BE0C09B1E5C5E70CD882E06AE8B3E304A3,com.amelosinteractive.snake,1367,play.google.com,61998887,"100,000,000+ downloads",>5M
09498B709D66338A9435C80D89A5C36475105DE81A2731AB9659B119E5DD5EAC,com.iz.play.animal.town.pretend.squirrel.house.kids,47,play.google.com,101903433,"10,000,000+ downloads",>5M
01AD4AEEE96DADAD33EBF30B628EA7C9B1C22963B6519758AD3BBFCA6E263315,com.keiind.connect,62,play.google.com,14793424,"500,000+ downloads",500k-1M
8BBDCB7FF03C7C8AEE88C4018C9BEA62DD31D35E0D53CCB405EAC5F5195D2E07,com.giraffegames.tabletennis3d,417,play.google.com,61386954,"10,000,000+ downloads",>5M
F42EA3BC4016E6DA14097231AE20E8B84DBDC3E1D11AC6026D31C34F09D6804B,jp.linecorp.linemusic.android,6131211,play.google.com,51404466,"10,000,000+ downloads",>5M
3EA1C52CA484BFDAA143C72181A069F16761D2E539910159DFD95059719BDF09,com.DL.war.planes.inc.online.bomber.fighter.aircraft.ww2,93,play.google.com,59753452,"500,000+ downloads",500k-1M
230CFEACBDD7E397F500C185AD24EB635CFE971D4F12B711A59C8A44F8D309C4,com.styling.namecreator,10044,play.google.com,8148226,"500,000+ downloads",500k-1M
9F850B27633A875D05BB7BCC10EE8AE2C12BCBD57004366F81F09AA9520AF6E2,com.BirdsLiveWallpaper,20,play.google.com,6424238,"500,000+ downloads",500k-1M
A4E6E82C6F6D1BC16FF45F128F43DD2ACA9A474F475D1F6324E275EF835DB2E4,app.bpjs.mobilefaskes,30,play.google.com,66445359,"500,000+ downloads",500k-1M
36230D8080827E091DC10C52C5B269DDD827BCF8E18D5302E95681D215322B09,org.artsplanet.android.yurukeigostamp,11,play.google.com,13980053,"500,000+ downloads",500k-1M
AF44F4E4DDC879E63A283D7EFF6C4AF9D22DFC0BCD7D1EE475B8EF94C571DE3D,com.bbbbb.multtable,15,play.google.com,14222226,"500,000+ downloads",500k-1M
75F059856E305AC9D9F5523E7D0F156F342CD8E672FA447170C1C20203E02DD7,com.devgame.kid.e.cats.animal.doctor,185,play.google.com,15214295,"10,000,000+ downloads",>5M
506669A87D330AA77D3049C18E62AC78C6163E660875113EC5B6F726291D2122,com.shiamuslimproject.main,123,play.google.com,40012655,"500,000+ downloads",500k-1M
B50EEF5ED3F3D0DD8142D43986E3E0D48F643B72F78D86D76F2AACC78415A75E,com.fitshow,298,play.google.com,81712046,"500,000+ downloads",500k-1M
4A2BE3ED76963E937F113952F4A8F543621A0F2031B322888BBC01DA6DE350D3,com.burakgon.netoptimizer,1386,play.google.com,23892288,"10,000,000+ downloads",>5M
C9A781A575850D00FC598940EE2639A579776487DCA0A88A20850ACFBFA3E355,com.bigfishgames.gummydropgoogle,51803001,play.google.com,86398563,"10,000,000+ downloads",>5M
7D4FD6FCB4275EBF344A289FD6952B1340F9C16B01665C1FD2519EA9308B3070,com.horrortoilet,141,play.google.com,33902585,"500,000+ downloads",500k-1M
B46966A0BD19BEA6C8F979A1370DA7F2F70FC69C3D1C466B979BBE1183E659F0,za.co.fnb.connect.itt,5765,play.google.com,24150394,"10,000,000+ downloads",>5M
7CA99231AB7B997A085118D3EECBBEA51F2C681D2580D6BF50E4613BA230AC1E,com.atlasdata.french.lessons,1005,play.google.com,19566191,"500,000+ downloads",500k-1M
A920B83E05B7684694CFEF7B4C72B827EC2FC66AC538319D1D305DA24BBC6E89,photo.editor.photoeditor.photoeditorpro,215000,play.google.com,23695465,"100,000,000+ downloads",>5M
DBB84D99E0E26BC2400943048426A21A2366210FF69AE241AB7B176586FB100B,september13.com.Love_Quotes,15,play.google.com,19136843,"500,000+ downloads",500k-1M
F4B9A7A255C8CAFD8916DC87942025162D6466660427D2C3E14D4070F01E28AF,hdwallpapers.galaxy.glitter.live.wallpaper,241,play.google.com,22833873,"500,000+ downloads",500k-1M
AF5E66648C560E0237B641C9DE5929115F2C86A91BBA5029382253B44A21D3D2,com.binibambini.MiniLite,3801089,play.google.com,16195916,"10,000,000+ downloads",>5M
1FB443BA70A2317A2CB843DB4D21FD6BDE51F9C7A5BC26C1DB0E87D3C7A45BAF,se.appfamily.balloonpopfree,352,play.google.com,29013468,"10,000,000+ downloads",>5M
717B73B5B92E4E3FDAF53D2431D4EF82BACC0EB23E63077BC41A54E830F4EE97,handasoft.mobile.divination,2913,play.google.com,106472228,"5,000,000+ downloads",>5M
6DD9FB86F912B2D846D3C32B53338FED3D9FFDDBD54557C7F774800DE2903B8F,cleaner.clean.booster,231,play.google.com,13139022,"10,000,000+ downloads",>5M
B1155D1E0AFE73BBAE11E237D8871B0A78655928983DD3C4DAB1C2320B4BC63B,com.ovelin.guitartuna,147721,play.google.com,43728872,"100,000,000+ downloads",>5M
4E5481F1500EFFDBD822D7E4F2B12C02FD376DB63BB3EBC372BC22604896EA7F,funny.prank.sounds.airhorn.haircut.fart,65,play.google.com,37093121,"5,000,000+ downloads",>5M
5F1F1882C7E83A7DDC25E279AA475B3B032B5B87FD4537DFDC0E9E1EFDEADE68,com.Seabaa.Dual,1514,play.google.com,31687852,"10,000,000+ downloads",>5M
823C3424F4A4E3322913758F420BBD0023F4E230A29ADABDFDEBA4977109B666,com.mathbrain.sudoku,3500,play.google.com,81327334,"10,000,000+ downloads",>5M
5A800AF8B678071BA978E59D52FCC3646418D9C3A15EE5696F5E7CB6C9B471B1,com.gp.modern.bus.parking.simulator,10070100,play.google.com,49824931,"5,000,000+ downloads",>5M
EBF0F4453D4872048862BD2EAC83BFDFA2727C2167BEA8E6954186F7B3B29559,com.girly.cute.kawaii.wallpapers.backgrounds.uhd4k.walltech,50,play.google.com,21429463,"5,000,000+ downloads",>5M
F699ED0904A834AFE483F5F72929B91FBFA6E3920331AB3733048684916C0EAC,amgstudio.waktusolatmalaysia,1108,play.google.com,23475408,"500,000+ downloads",500k-1M
7CFC044CF2A392B300B3963B98E7FA59923A45CF2A662EB297D68FF1BCF117FD,com.londonandpartners.londonguide,31940000,play.google.com,96677206,"500,000+ downloads",500k-1M
EB3703E0FFB541B62937126CC93468D5573E42F63A119562413A8E87E98B1764,com.slime.sticky.fancy.asmr,18,play.google.com,97257053,"500,000+ downloads",500k-1M
E74DF2579E997DA1DA9E1B89EC3E88985D7501EFCFEEFE00C86F1873C47E2F29,com.shareitagain.christmas.stickers,21,play.google.com,29356177,"500,000+ downloads",500k-1M
1C40F5CE17855A89932C390907E8A7079BC0AB69081212863EB5A096578D1352,com.HurricaneMobileApps.MotosnoGrauBrasil,12,play.google.com,47355872,"500,000+ downloads",500k-1M
7F42584DEEF88DE5D28E9CA2950446F6FBDD18266EF44210CE65960D4BE3F64F,com.supervielle.fedevida,223,play.google.com,31596733,"500,000+ downloads",500k-1M
AD8C433FE291D83A4267D38BC3C3B7EE03B17E018EF4AB7E0E842FD7D42136AB,id.co.duniagames,233,play.google.com,230143923,"1,000,000+ downloads",1M-5M
C0314BCDEA52DECB555742D75F6656484F9AC61CA37A30B07BA158AD9D874F14,rebar.com.yh,240,play.google.com,151284359,"500,000+ downloads",500k-1M
A8D1AD1469E623BB2B55638646A3013972006DEB7E836B05EB3F4367A6871628,com.iz.tizi.town.home.design.room.decor.house.decoration.game,45,play.google.com,175161173,"5,000,000+ downloads",>5M
73690172ECBD959753AB4314D535539472B50E2650C1E87D2DC458C2341ABD74,com.prank.sounds.fake.videocall,71,play.google.com,134814440,"10,000,000+ downloads",>5M
446FDF8D20F96921744EDC4ECBB09D349383FB99F2925A11D5250527FA9A3DB8,com.rainbowgames.solitaire2018,273,play.google.com,106440990,"1,000,000+ downloads",1M-5M
