replicate,resampling_unit,estimator,estimate,status,error
0,row,psm,-0.07771480389934256,success,
0,row,logistic_regression,-0.0647571683927673,success,
0,row,doubly_robust,-0.06050585242894867,success,
0,apk_cluster,psm,-0.03760714445990216,success,
0,apk_cluster,logistic_regression,-0.051357913009671574,success,
0,apk_cluster,doubly_robust,-0.04804752055330214,success,
1,row,psm,-0.09489911584674678,success,
1,row,logistic_regression,-0.07593237529022885,success,
1,row,doubly_robust,-0.07398783025146691,success,
1,apk_cluster,psm,-0.061831685383204334,success,
1,apk_cluster,logistic_regression,-0.052049166001344856,success,
1,apk_cluster,doubly_robust,-0.04701285128382446,success,
2,row,psm,-0.07399682611652687,success,
2,row,logistic_regression,-0.05537406938834212,success,
2,row,doubly_robust,-0.04947434227807702,success,
2,apk_cluster,psm,-0.0637157780979827,success,
2,apk_cluster,logistic_regression,-0.07544211971082222,success,
2,apk_cluster,doubly_robust,-0.06802187762930585,success,
3,row,psm,-0.04257537973248697,success,
3,row,logistic_regression,-0.058375284951081616,success,
3,row,doubly_robust,-0.05376444698151383,success,
3,apk_cluster,psm,-0.09510546982010776,success,
3,apk_cluster,logistic_regression,-0.09194089005683284,success,
3,apk_cluster,doubly_robust,-0.08704743711447821,success,
4,row,psm,-0.07567445023804126,success,
4,row,logistic_regression,-0.07057217997975528,success,
4,row,doubly_robust,-0.0640638458547573,success,
4,apk_cluster,psm,-0.07757336837494525,success,
4,apk_cluster,logistic_regression,-0.0721090892804613,success,
4,apk_cluster,doubly_robust,-0.07303112105506082,success,
5,row,psm,-0.04987531172069826,success,
5,row,logistic_regression,-0.05618743374428976,success,
5,row,doubly_robust,-0.052053985118948286,success,
5,apk_cluster,psm,-0.07258323029720198,success,
5,apk_cluster,logistic_regression,-0.05487898189737968,success,
5,apk_cluster,doubly_robust,-0.04896474684723546,success,
6,row,psm,-0.05817274994332351,success,
6,row,logistic_regression,-0.08250799287142231,success,
6,row,doubly_robust,-0.0798249583106403,success,
6,apk_cluster,psm,-0.09240691051169798,success,
6,apk_cluster,logistic_regression,-0.04152608248394863,success,
6,apk_cluster,doubly_robust,-0.04116594508365671,success,
7,row,psm,-0.04738154613466334,success,
7,row,logistic_regression,-0.05530811951091256,success,
7,row,doubly_robust,-0.049899695663827376,success,
7,apk_cluster,psm,-0.07941784206270776,success,
7,apk_cluster,logistic_regression,-0.05987714787459054,success,
7,apk_cluster,doubly_robust,-0.058195099600969344,success,
8,row,psm,-0.06424846973475402,success,
8,row,logistic_regression,-0.07101348574590076,success,
8,row,doubly_robust,-0.06652751228810672,success,
8,apk_cluster,psm,-0.10069731167997063,success,
8,apk_cluster,logistic_regression,-0.055737290717708554,success,
8,apk_cluster,doubly_robust,-0.05271875065299756,success,
9,row,psm,-0.08252097030151892,success,
9,row,logistic_regression,-0.07537355942140805,success,
9,row,doubly_robust,-0.07188714095536533,success,
9,apk_cluster,psm,-0.07129311901751852,success,
9,apk_cluster,logistic_regression,-0.05099333543845996,success,
9,apk_cluster,doubly_robust,-0.04805945112487512,success,
10,row,psm,-0.07639990931761505,success,
10,row,logistic_regression,-0.06279768693320532,success,
10,row,doubly_robust,-0.05910751003083855,success,
10,apk_cluster,psm,-0.11987892739907063,success,
10,apk_cluster,logistic_regression,-0.09090560536592578,success,
10,apk_cluster,doubly_robust,-0.08336160359066508,success,
11,row,psm,-0.06452051688959419,success,
11,row,logistic_regression,-0.06976551477108753,success,
11,row,doubly_robust,-0.06690725552300632,success,
11,apk_cluster,psm,-0.06686613173761277,success,
11,apk_cluster,logistic_regression,-0.06722901669247176,success,
11,apk_cluster,doubly_robust,-0.06539039378219229,success,
12,row,psm,-0.0845613239628202,success,
12,row,logistic_regression,-0.06671917515715325,success,
12,row,doubly_robust,-0.06235670405626377,success,
12,apk_cluster,psm,-0.09859926084774376,success,
12,apk_cluster,logistic_regression,-0.05229097550348935,success,
12,apk_cluster,doubly_robust,-0.04902075116711503,success,
13,row,psm,-0.08519610065744729,success,
13,row,logistic_regression,-0.05588201609130807,success,
13,row,doubly_robust,-0.049395098982786496,success,
13,apk_cluster,psm,-0.08967016429079051,success,
13,apk_cluster,logistic_regression,-0.06224619516242157,success,
13,apk_cluster,doubly_robust,-0.05898595545233783,success,
14,row,psm,-0.08252097030151892,success,
14,row,logistic_regression,-0.06292027471762172,success,
14,row,doubly_robust,-0.05815144626736829,success,
14,apk_cluster,psm,-0.0691118800461361,success,
14,apk_cluster,logistic_regression,-0.07408844801286099,success,
14,apk_cluster,doubly_robust,-0.07292229766701999,success,
15,row,psm,-0.07871231013375651,success,
15,row,logistic_regression,-0.07506363849692858,success,
15,row,doubly_robust,-0.07111544517332616,success,
15,apk_cluster,psm,-0.05252544651430766,success,
15,apk_cluster,logistic_regression,-0.06065743101887102,success,
15,apk_cluster,doubly_robust,-0.05506476065113924,success,
16,row,psm,-0.07794150986170936,success,
16,row,logistic_regression,-0.07219928481964458,success,
16,row,doubly_robust,-0.0677427005381933,success,
16,apk_cluster,psm,-0.05669877408056042,success,
16,apk_cluster,logistic_regression,-0.0734659840879084,success,
16,apk_cluster,doubly_robust,-0.07237256958014275,success,
17,row,psm,-0.04080707322602585,success,
17,row,logistic_regression,-0.05165439236753023,success,
17,row,doubly_robust,-0.0474555664407832,success,
17,apk_cluster,psm,-0.08114435548063866,success,
17,apk_cluster,logistic_regression,-0.05912331961491923,success,
17,apk_cluster,doubly_robust,-0.059270453045758474,success,
18,row,psm,-0.08515075946497393,success,
18,row,logistic_regression,-0.06968210802467731,success,
18,row,doubly_robust,-0.06456498917521776,success,
18,apk_cluster,psm,-0.07221917306988657,success,
18,apk_cluster,logistic_regression,-0.05437515672103947,success,
18,apk_cluster,doubly_robust,-0.048982997372859924,success,
19,row,psm,-0.05717524370890954,success,
19,row,logistic_regression,-0.05132219280479447,success,
19,row,doubly_robust,-0.045933952905001574,success,
19,apk_cluster,psm,-0.0952358776137475,success,
19,apk_cluster,logistic_regression,-0.05987258501181683,success,
19,apk_cluster,doubly_robust,-0.056685063971579575,success,
20,row,psm,-0.046973475402403084,success,
20,row,logistic_regression,-0.05373522657016273,success,
20,row,doubly_robust,-0.04771118720813127,success,
20,apk_cluster,psm,-0.05687909469922573,success,
20,apk_cluster,logistic_regression,-0.07055992487714031,success,
20,apk_cluster,doubly_robust,-0.06652896181005861,success,
21,row,psm,-0.07440489684878711,success,
21,row,logistic_regression,-0.05319730753542873,success,
21,row,doubly_robust,-0.04783261766430707,success,
21,apk_cluster,psm,-0.08507490290364342,success,
21,apk_cluster,logistic_regression,-0.058917241764324155,success,
21,apk_cluster,doubly_robust,-0.05664166565538078,success,
22,row,psm,-0.06982543640897755,success,
22,row,logistic_regression,-0.07125266354504145,success,
22,row,doubly_robust,-0.06670748988837324,success,
22,apk_cluster,psm,-0.05358182877111241,success,
22,apk_cluster,logistic_regression,-0.07258920559074662,success,
22,apk_cluster,doubly_robust,-0.07110001057940261,success,
23,row,psm,-0.06420312854228066,success,
23,row,logistic_regression,-0.06370655164422658,success,
23,row,doubly_robust,-0.060625297330130216,success,
23,apk_cluster,psm,-0.03943112843914758,success,
23,apk_cluster,logistic_regression,-0.06342487200695027,success,
23,apk_cluster,doubly_robust,-0.05656239676325508,success,
24,row,psm,-0.06229879845839945,success,
24,row,logistic_regression,-0.07344760799376092,success,
24,row,doubly_robust,-0.06832282728997029,success,
24,apk_cluster,psm,-0.09347276389662709,success,
24,apk_cluster,logistic_regression,-0.057442919886110125,success,
24,apk_cluster,doubly_robust,-0.056269358671747705,success,
25,row,psm,-0.05966900929494446,success,
25,row,logistic_regression,-0.07725488950134585,success,
25,row,doubly_robust,-0.07361703415236917,success,
25,apk_cluster,psm,-0.0702275427213744,success,
25,apk_cluster,logistic_regression,-0.05283310266747753,success,
25,apk_cluster,doubly_robust,-0.04665369851402881,success,
26,row,psm,-0.07114033099070506,success,
26,row,logistic_regression,-0.07025840776391358,success,
26,row,doubly_robust,-0.06641342515669812,success,
26,apk_cluster,psm,-0.07194417709335899,success,
26,apk_cluster,logistic_regression,-0.04387147198776065,success,
26,apk_cluster,doubly_robust,-0.04038791746478163,success,
27,row,psm,-0.06116526864656541,success,
27,row,logistic_regression,-0.056434064152070085,success,
27,row,doubly_robust,-0.050617706319226324,success,
27,apk_cluster,psm,-0.0706442004179078,success,
27,apk_cluster,logistic_regression,-0.07214834697521738,success,
27,apk_cluster,doubly_robust,-0.07123575771261406,success,
28,row,psm,-0.04624801632282929,success,
28,row,logistic_regression,-0.06537674121785843,success,
28,row,doubly_robust,-0.05914642395582158,success,
28,apk_cluster,psm,-0.04288698280076441,success,
28,apk_cluster,logistic_regression,-0.06387505162266367,success,
28,apk_cluster,doubly_robust,-0.05777651952604512,success,
29,row,psm,-0.05608705508954886,success,
29,row,logistic_regression,-0.05778992509850494,success,
29,row,doubly_robust,-0.052634653536766454,success,
29,apk_cluster,psm,-0.0980121233731503,success,
29,apk_cluster,logistic_regression,-0.0854731685216865,success,
29,apk_cluster,doubly_robust,-0.07525202774521143,success,
30,row,psm,-0.03273634096576739,success,
30,row,logistic_regression,-0.053671498966619255,success,
30,row,doubly_robust,-0.04870850606734297,success,
30,apk_cluster,psm,-0.09440301942373193,success,
30,apk_cluster,logistic_regression,-0.053291038870557014,success,
30,apk_cluster,doubly_robust,-0.0416248726576109,success,
31,row,psm,-0.03808660167762412,success,
31,row,logistic_regression,-0.05541676376510411,success,
31,row,doubly_robust,-0.050090436554602095,success,
31,apk_cluster,psm,-0.10391095860278914,success,
31,apk_cluster,logistic_regression,-0.07976154395566988,success,
31,apk_cluster,doubly_robust,-0.07551150772682663,success,
32,row,psm,-0.07531172069825436,success,
32,row,logistic_regression,-0.07003777612692018,success,
32,row,doubly_robust,-0.06519876668630091,success,
32,apk_cluster,psm,-0.08403699236027343,success,
32,apk_cluster,logistic_regression,-0.08350647496189394,success,
32,apk_cluster,doubly_robust,-0.08183475994143793,success,
33,row,psm,-0.0729993198821129,success,
33,row,logistic_regression,-0.06496369296663793,success,
33,row,doubly_robust,-0.059678552205515004,success,
33,apk_cluster,psm,-0.0658374637613392,success,
33,apk_cluster,logistic_regression,-0.05988918153775851,success,
33,apk_cluster,doubly_robust,-0.06324914157499245,success,
34,row,psm,-0.07880299251870324,success,
34,row,logistic_regression,-0.06685326788065209,success,
34,row,doubly_robust,-0.06358127800454508,success,
34,apk_cluster,psm,-0.08270351975815157,success,
34,apk_cluster,logistic_regression,-0.06925819975270735,success,
34,apk_cluster,doubly_robust,-0.06764512994103215,success,
35,row,psm,-0.06524597596916798,success,
35,row,logistic_regression,-0.06390134128326597,success,
35,row,doubly_robust,-0.06162506909759713,success,
35,apk_cluster,psm,-0.08150716597318539,success,
35,apk_cluster,logistic_regression,-0.04950993078941759,success,
35,apk_cluster,doubly_robust,-0.04095847629721316,success,
36,row,psm,-0.0517343006121061,success,
36,row,logistic_regression,-0.06125172505568004,success,
36,row,doubly_robust,-0.05684285825081375,success,
36,apk_cluster,psm,-0.07484215862482142,success,
36,apk_cluster,logistic_regression,-0.03798253706682195,success,
36,apk_cluster,doubly_robust,-0.033542002466337005,success,
37,row,psm,-0.06234413965087282,success,
37,row,logistic_regression,-0.07502652705269791,success,
37,row,doubly_robust,-0.06999600274595758,success,
37,apk_cluster,psm,-0.08453956131782257,success,
37,apk_cluster,logistic_regression,-0.05738924397111771,success,
37,apk_cluster,doubly_robust,-0.05447706396242714,success,
38,row,psm,-0.06107458626161868,success,
38,row,logistic_regression,-0.06621929977280237,success,
38,row,doubly_robust,-0.06332897588331535,success,
38,apk_cluster,psm,-0.07471602479974657,success,
38,apk_cluster,logistic_regression,-0.05817476766212938,success,
38,apk_cluster,doubly_robust,-0.05059758954001959,success,
39,row,psm,-0.08574019496712763,success,
39,row,logistic_regression,-0.06433108106290641,success,
39,row,doubly_robust,-0.05926402759430363,success,
39,apk_cluster,psm,-0.06873405826285406,success,
39,apk_cluster,logistic_regression,-0.05598291443548967,success,
39,apk_cluster,doubly_robust,-0.05396375007216074,success,
40,row,psm,-0.045431874858308775,success,
40,row,logistic_regression,-0.06336636640952882,success,
40,row,doubly_robust,-0.05898722637476685,success,
40,apk_cluster,psm,-0.060874455222831435,success,
40,apk_cluster,logistic_regression,-0.06551495475258498,success,
40,apk_cluster,doubly_robust,-0.05077240774586701,success,
41,row,psm,-0.08723645431874859,success,
41,row,logistic_regression,-0.06358829173863186,success,
41,row,doubly_robust,-0.05961345347508176,success,
41,apk_cluster,psm,-0.10422561343290505,success,
41,apk_cluster,logistic_regression,-0.07741969842938158,success,
41,apk_cluster,doubly_robust,-0.0765488708344435,success,
42,row,psm,-0.07708002720471549,success,
42,row,logistic_regression,-0.06288963986931206,success,
42,row,doubly_robust,-0.058953862825347335,success,
42,apk_cluster,psm,-0.06369936034115138,success,
42,apk_cluster,logistic_regression,-0.06639539782445178,success,
42,apk_cluster,doubly_robust,-0.05936050380722786,success,
43,row,psm,-0.051280888687372475,success,
43,row,logistic_regression,-0.07075103771913324,success,
43,row,doubly_robust,-0.06530534869621177,success,
43,apk_cluster,psm,-0.05647431386347643,success,
43,apk_cluster,logistic_regression,-0.04754994638526893,success,
43,apk_cluster,doubly_robust,-0.04577738712426178,success,
44,row,psm,-0.07005214237134437,success,
44,row,logistic_regression,-0.07165988638649266,success,
44,row,doubly_robust,-0.06857840923180224,success,
44,apk_cluster,psm,-0.08101254560014236,success,
44,apk_cluster,logistic_regression,-0.07303929119206881,success,
44,apk_cluster,doubly_robust,-0.06669124514829339,success,
45,row,psm,-0.03695307186579007,success,
45,row,logistic_regression,-0.05491372120807826,success,
45,row,doubly_robust,-0.05088636074187859,success,
45,apk_cluster,psm,-0.08427064260179615,success,
45,apk_cluster,logistic_regression,-0.05109791349670816,success,
45,apk_cluster,doubly_robust,-0.041003927689469546,success,
46,row,psm,-0.07667195647245523,success,
46,row,logistic_regression,-0.07051852803712547,success,
46,row,doubly_robust,-0.06862281941681628,success,
46,apk_cluster,psm,-0.03388930672919524,success,
46,apk_cluster,logistic_regression,-0.052482215494525364,success,
46,apk_cluster,doubly_robust,-0.050076909226719354,success,
47,row,psm,-0.0637950578100204,success,
47,row,logistic_regression,-0.06828411921242684,success,
47,row,doubly_robust,-0.06428961266282267,success,
47,apk_cluster,psm,-0.09887403237156932,success,
47,apk_cluster,logistic_regression,-0.06710497967077096,success,
47,apk_cluster,doubly_robust,-0.06135542357841502,success,
48,row,psm,-0.05450011335298118,success,
48,row,logistic_regression,-0.06274828188136822,success,
48,row,doubly_robust,-0.0583039351877604,success,
48,apk_cluster,psm,-0.10609934258582908,success,
48,apk_cluster,logistic_regression,-0.06821923961440954,success,
48,apk_cluster,doubly_robust,-0.06780499761366765,success,
49,row,psm,-0.07821355701654953,success,
49,row,logistic_regression,-0.06495187876617477,success,
49,row,doubly_robust,-0.06040112051519065,success,
49,apk_cluster,psm,-0.08209025236889014,success,
49,apk_cluster,logistic_regression,-0.04408899019494,success,
49,apk_cluster,doubly_robust,-0.0407556730315012,success,
50,row,psm,-0.08714577193380185,success,
50,row,logistic_regression,-0.07546036795490707,success,
50,row,doubly_robust,-0.07192125356698507,success,
50,apk_cluster,psm,-0.041683602041277155,success,
50,apk_cluster,logistic_regression,-0.04471550616130532,success,
50,apk_cluster,doubly_robust,-0.03686800560065214,success,
51,row,psm,-0.031240081614146452,success,
51,row,logistic_regression,-0.056208200821987894,success,
51,row,doubly_robust,-0.05057104169281351,success,
51,apk_cluster,psm,-0.03761911213476042,success,
51,apk_cluster,logistic_regression,-0.06249276102505849,success,
51,apk_cluster,doubly_robust,-0.041600705869773234,success,
52,row,psm,-0.06039446837451825,success,
52,row,logistic_regression,-0.05202348660333234,success,
52,row,doubly_robust,-0.04356156189127046,success,
52,apk_cluster,psm,-0.11781181619256018,success,
52,apk_cluster,logistic_regression,-0.07239639884784593,success,
52,apk_cluster,doubly_robust,-0.06001844652574436,success,
53,row,psm,-0.04048968487871231,success,
53,row,logistic_regression,-0.056154552198022414,success,
53,row,doubly_robust,-0.050690693074538544,success,
53,apk_cluster,psm,-0.07655297256097562,success,
53,apk_cluster,logistic_regression,-0.05138985946645026,success,
53,apk_cluster,doubly_robust,-0.03900186859624768,success,
54,row,psm,-0.06764905917025618,success,
54,row,logistic_regression,-0.07323129709936012,success,
54,row,doubly_robust,-0.06934878340016429,success,
54,apk_cluster,psm,-0.08917107250755286,success,
54,apk_cluster,logistic_regression,-0.06540801541734984,success,
54,apk_cluster,doubly_robust,-0.0648940844422327,success,
55,row,psm,-0.07100430741328496,success,
55,row,logistic_regression,-0.05189909407267755,success,
55,row,doubly_robust,-0.0463488595797771,success,
55,apk_cluster,psm,-0.08062327453090637,success,
55,apk_cluster,logistic_regression,-0.07053932103320518,success,
55,apk_cluster,doubly_robust,-0.07022331170347502,success,
56,row,psm,-0.04729086374971662,success,
56,row,logistic_regression,-0.07437569819838377,success,
56,row,doubly_robust,-0.0723271618621038,success,
56,apk_cluster,psm,-0.09743875278396437,success,
56,apk_cluster,logistic_regression,-0.05819223555398607,success,
56,apk_cluster,doubly_robust,-0.055135972145394146,success,
57,row,psm,-0.08179551122194514,success,
57,row,logistic_regression,-0.05402125960162193,success,
57,row,doubly_robust,-0.04862401432773275,success,
57,apk_cluster,psm,-0.05355652415839748,success,
57,apk_cluster,logistic_regression,-0.06681570864840622,success,
57,apk_cluster,doubly_robust,-0.0659020715830406,success,
58,row,psm,-0.049693946950804806,success,
58,row,logistic_regression,-0.07953856608981623,success,
58,row,doubly_robust,-0.07585156374017481,success,
58,apk_cluster,psm,-0.08405694891347468,success,
58,apk_cluster,logistic_regression,-0.05807800299991086,success,
58,apk_cluster,doubly_robust,-0.050074281642027076,success,
59,row,psm,-0.08700974835638177,success,
59,row,logistic_regression,-0.07329943485131263,success,
59,row,doubly_robust,-0.06884784923311499,success,
59,apk_cluster,psm,-0.07967509354750388,success,
59,apk_cluster,logistic_regression,-0.06156286640228937,success,
59,apk_cluster,doubly_robust,-0.05898874798607041,success,
60,row,psm,-0.05332124234867377,success,
60,row,logistic_regression,-0.0799295848896803,success,
60,row,doubly_robust,-0.07720772770551602,success,
60,apk_cluster,psm,-0.10326534345559316,success,
60,apk_cluster,logistic_regression,-0.055940184015517626,success,
60,apk_cluster,doubly_robust,-0.04799371160841631,success,
61,row,psm,-0.056585808206755836,success,
61,row,logistic_regression,-0.05228709857760535,success,
61,row,doubly_robust,-0.04864395781321949,success,
61,apk_cluster,psm,-0.07941668658857279,success,
61,apk_cluster,logistic_regression,-0.06842232231732454,success,
61,apk_cluster,doubly_robust,-0.06496198623226386,success,
62,row,psm,-0.021854454772160508,success,
62,row,logistic_regression,-0.05431203600147452,success,
62,row,doubly_robust,-0.04891487726825564,success,
62,apk_cluster,psm,-0.04910359445376667,success,
62,apk_cluster,logistic_regression,-0.04226940910940005,success,
62,apk_cluster,doubly_robust,-0.04169223339032501,success,
63,row,psm,-0.02901836318295171,success,
63,row,logistic_regression,-0.06458650906866266,success,
63,row,doubly_robust,-0.05913804689750679,success,
63,apk_cluster,psm,-0.09431900946831755,success,
63,apk_cluster,logistic_regression,-0.041511710110272014,success,
63,apk_cluster,doubly_robust,-0.03408144668367455,success,
64,row,psm,-0.04375425073679438,success,
64,row,logistic_regression,-0.046391174400748275,success,
64,row,doubly_robust,-0.03727442318641672,success,
64,apk_cluster,psm,-0.07099160620287381,success,
64,apk_cluster,logistic_regression,-0.06632830344064639,success,
64,apk_cluster,doubly_robust,-0.06672669195197488,success,
65,row,psm,-0.09104511448651101,success,
65,row,logistic_regression,-0.06270104444677468,success,
65,row,doubly_robust,-0.05729839752608902,success,
65,apk_cluster,psm,-0.08857315598548972,success,
65,apk_cluster,logistic_regression,-0.06237136638085693,success,
65,apk_cluster,doubly_robust,-0.06158014586904482,success,
66,row,psm,-0.05980503287236454,success,
66,row,logistic_regression,-0.060920584233455366,success,
66,row,doubly_robust,-0.055675855927064345,success,
66,apk_cluster,psm,-0.07909374576041243,success,
66,apk_cluster,logistic_regression,-0.04075610555240955,success,
66,apk_cluster,doubly_robust,-0.036668517526924654,success,
67,row,psm,-0.06520063477669463,success,
67,row,logistic_regression,-0.07093660876876264,success,
67,row,doubly_robust,-0.06701475298629862,success,
67,apk_cluster,psm,-0.09251121486771034,success,
67,apk_cluster,logistic_regression,-0.059742302068866014,success,
67,apk_cluster,doubly_robust,-0.05797392445231038,success,
68,row,psm,-0.05962366810247109,success,
68,row,logistic_regression,-0.06765879399132933,success,
68,row,doubly_robust,-0.06261940092256088,success,
68,apk_cluster,psm,-0.07842766701313428,success,
68,apk_cluster,logistic_regression,-0.05284686555973689,success,
68,apk_cluster,doubly_robust,-0.04995070596669668,success,
69,row,psm,-0.077896168669236,success,
69,row,logistic_regression,-0.06675312733908481,success,
69,row,doubly_robust,-0.060519112294070074,success,
69,apk_cluster,psm,-0.048646362098138746,success,
69,apk_cluster,logistic_regression,-0.06288601363185141,success,
69,apk_cluster,doubly_robust,-0.06076524767898845,success,
70,row,psm,-0.0458852867830424,success,
70,row,logistic_regression,-0.06660131652898256,success,
70,row,doubly_robust,-0.05938951744962222,success,
70,apk_cluster,psm,-0.1023509964184039,success,
70,apk_cluster,logistic_regression,-0.053083049652192286,success,
70,apk_cluster,doubly_robust,-0.03750595011859672,success,
71,row,psm,-0.09730219904783496,success,
71,row,logistic_regression,-0.06798411906033355,success,
71,row,doubly_robust,-0.06297373503468068,success,
71,apk_cluster,psm,-0.0950151596219012,success,
71,apk_cluster,logistic_regression,-0.07207774216088964,success,
71,apk_cluster,doubly_robust,-0.06732700231180426,success,
72,row,psm,-0.038948084334618,success,
72,row,logistic_regression,-0.07072535208990754,success,
72,row,doubly_robust,-0.06740339842149233,success,
72,apk_cluster,psm,-0.10217006200177148,success,
72,apk_cluster,logistic_regression,-0.09396801867320512,success,
72,apk_cluster,doubly_robust,-0.09017506011020499,success,
73,row,psm,-0.05191566538199955,success,
73,row,logistic_regression,-0.04102014206305061,success,
73,row,doubly_robust,-0.03467171615578987,success,
73,apk_cluster,psm,-0.04560977801743507,success,
73,apk_cluster,logistic_regression,-0.04502296678558258,success,
73,apk_cluster,doubly_robust,-0.037359436821688144,success,
74,row,psm,-0.08991158467467694,success,
74,row,logistic_regression,-0.08088536067150684,success,
74,row,doubly_robust,-0.07798743705502637,success,
74,apk_cluster,psm,-0.07959851625572768,success,
74,apk_cluster,logistic_regression,-0.07229118208080085,success,
74,apk_cluster,doubly_robust,-0.0705358394598577,success,
75,row,psm,-0.06656087055089549,success,
75,row,logistic_regression,-0.07260287787704983,success,
75,row,doubly_robust,-0.06769634201844799,success,
75,apk_cluster,psm,-0.0466545606928342,success,
75,apk_cluster,logistic_regression,-0.05401265859827354,success,
75,apk_cluster,doubly_robust,-0.05265748835498128,success,
76,row,psm,-0.051280888687372475,success,
76,row,logistic_regression,-0.04910354691079265,success,
76,row,doubly_robust,-0.04374043538875689,success,
76,apk_cluster,psm,-0.05305183380701042,success,
76,apk_cluster,logistic_regression,-0.0791905796699915,success,
76,apk_cluster,doubly_robust,-0.07663994977542755,success,
77,row,psm,-0.04389027431421447,success,
77,row,logistic_regression,-0.0667372548033609,success,
77,row,doubly_robust,-0.06431793591471911,success,
77,apk_cluster,psm,-0.04872430900070872,success,
77,apk_cluster,logistic_regression,-0.05680609081988465,success,
77,apk_cluster,doubly_robust,-0.05678751649406794,success,
78,row,psm,-0.053865336658354114,success,
78,row,logistic_regression,-0.06672618421066437,success,
78,row,doubly_robust,-0.0629144512009764,success,
78,apk_cluster,psm,-0.09394420503515537,success,
78,apk_cluster,logistic_regression,-0.04675963631180107,success,
78,apk_cluster,doubly_robust,-0.03897924880118097,success,
79,row,psm,-0.05549761958739515,success,
79,row,logistic_regression,-0.06906749505383261,success,
79,row,doubly_robust,-0.0644985045676491,success,
79,apk_cluster,psm,-0.05779931789624843,success,
79,apk_cluster,logistic_regression,-0.07504795598451655,success,
79,apk_cluster,doubly_robust,-0.07356556248596989,success,
80,row,psm,-0.08057129902516436,success,
80,row,logistic_regression,-0.060972568840331504,success,
80,row,doubly_robust,-0.056255075244929446,success,
80,apk_cluster,psm,-0.05089964399114789,success,
80,apk_cluster,logistic_regression,-0.048513084470620596,success,
80,apk_cluster,doubly_robust,-0.04171327320596663,success,
81,row,psm,-0.06669689412831556,success,
81,row,logistic_regression,-0.06866755572956433,success,
81,row,doubly_robust,-0.06378646243555802,success,
81,apk_cluster,psm,-0.056018904642757855,success,
81,apk_cluster,logistic_regression,-0.051283542153985825,success,
81,apk_cluster,doubly_robust,-0.045424344446836115,success,
82,row,psm,-0.05867150306053049,success,
82,row,logistic_regression,-0.05251427756620891,success,
82,row,doubly_robust,-0.04659337155899215,success,
82,apk_cluster,psm,-0.04401080476900149,success,
82,apk_cluster,logistic_regression,-0.06325249101266318,success,
82,apk_cluster,doubly_robust,-0.06375327013100054,success,
83,row,psm,-0.09566991611879393,success,
83,row,logistic_regression,-0.06660118073915294,success,
83,row,doubly_robust,-0.061245664861484625,success,
83,apk_cluster,psm,-0.07697456492637215,success,
83,apk_cluster,logistic_regression,-0.05289070994883093,success,
83,apk_cluster,doubly_robust,-0.05031947990079511,success,
84,row,psm,-0.04828836998413058,success,
84,row,logistic_regression,-0.0640397108786206,success,
84,row,doubly_robust,-0.061404503130039104,success,
84,apk_cluster,psm,-0.0634503982621289,success,
84,apk_cluster,logistic_regression,-0.049153577903108966,success,
84,apk_cluster,doubly_robust,-0.0497386141578663,success,
85,row,psm,-0.06891861255951032,success,
85,row,logistic_regression,-0.0617856103685206,success,
85,row,doubly_robust,-0.05680029265076466,success,
85,apk_cluster,psm,-0.0672672953038932,success,
85,apk_cluster,logistic_regression,-0.06297625626441787,success,
85,apk_cluster,doubly_robust,-0.06213919916371928,success,
86,row,psm,-0.07862162774880979,success,
86,row,logistic_regression,-0.05830221184339369,success,
86,row,doubly_robust,-0.053756172821431455,success,
86,apk_cluster,psm,-0.06850823658973065,success,
86,apk_cluster,logistic_regression,-0.06982240013353945,success,
86,apk_cluster,doubly_robust,-0.06716664218610319,success,
87,row,psm,-0.0886420312854228,success,
87,row,logistic_regression,-0.07103939011258374,success,
87,row,doubly_robust,-0.06820402925414976,success,
87,apk_cluster,psm,-0.07813012319078178,success,
87,apk_cluster,logistic_regression,-0.07119775672174634,success,
87,apk_cluster,doubly_robust,-0.06874813986934757,success,
88,row,psm,-0.06016776241215144,success,
88,row,logistic_regression,-0.06531554798585826,success,
88,row,doubly_robust,-0.06221988584906977,success,
88,apk_cluster,psm,-0.04180381830151415,success,
88,apk_cluster,logistic_regression,-0.049748860237813566,success,
88,apk_cluster,doubly_robust,-0.05039856603415095,success,
89,row,psm,-0.030015869417365677,success,
89,row,logistic_regression,-0.06285063634634125,success,
89,row,doubly_robust,-0.058553977260519495,success,
89,apk_cluster,psm,-0.07475052641215783,success,
89,apk_cluster,logistic_regression,-0.06487896817707366,success,
89,apk_cluster,doubly_robust,-0.04705639568431832,success,
90,row,psm,-0.03523010655180231,success,
90,row,logistic_regression,-0.06868957217603489,success,
90,row,doubly_robust,-0.06448594474344943,success,
90,apk_cluster,psm,-0.03695945631429502,success,
90,apk_cluster,logistic_regression,-0.061825968867111905,success,
90,apk_cluster,doubly_robust,-0.05582208525133679,success,
91,row,psm,-0.04488778054862843,success,
91,row,logistic_regression,-0.06142561338473302,success,
91,row,doubly_robust,-0.058003892160503064,success,
91,apk_cluster,psm,-0.11704514855039942,success,
91,apk_cluster,logistic_regression,-0.09835746429424158,success,
91,apk_cluster,doubly_robust,-0.09564110181555287,success,
92,row,psm,-0.06551802312400816,success,
92,row,logistic_regression,-0.07233260107944792,success,
92,row,doubly_robust,-0.06970474764531712,success,
92,apk_cluster,psm,-0.04804221049708415,success,
92,apk_cluster,logistic_regression,-0.054067714185189214,success,
92,apk_cluster,doubly_robust,-0.05232545842448412,success,
93,row,psm,-0.07440489684878711,success,
93,row,logistic_regression,-0.06579708319902378,success,
93,row,doubly_robust,-0.06101888243694638,success,
93,apk_cluster,psm,-0.07801418439716312,success,
93,apk_cluster,logistic_regression,-0.06484764624069025,success,
93,apk_cluster,doubly_robust,-0.054299257897844413,success,
94,row,psm,-0.046111992745409204,success,
94,row,logistic_regression,-0.056412364194993264,success,
94,row,doubly_robust,-0.05182154540444986,success,
94,apk_cluster,psm,-0.08515678842177808,success,
94,apk_cluster,logistic_regression,-0.08495358630270201,success,
94,apk_cluster,doubly_robust,-0.07914321213044635,success,
95,row,psm,-0.029245069145318523,success,
95,row,logistic_regression,-0.04621338140635348,success,
95,row,doubly_robust,-0.037963449203785866,success,
95,apk_cluster,psm,-0.07703043399963984,success,
95,apk_cluster,logistic_regression,-0.08777626632080353,success,
95,apk_cluster,doubly_robust,-0.08507787258357166,success,
96,row,psm,-0.07667195647245523,success,
96,row,logistic_regression,-0.06036279337822675,success,
96,row,doubly_robust,-0.05563924299388275,success,
96,apk_cluster,psm,-0.0625622003076088,success,
96,apk_cluster,logistic_regression,-0.07196956200219587,success,
96,apk_cluster,doubly_robust,-0.06949801356026213,success,
97,row,psm,-0.09072772613919747,success,
97,row,logistic_regression,-0.06843467345571813,success,
97,row,doubly_robust,-0.0643207585599202,success,
97,apk_cluster,psm,-0.0662193833003998,success,
97,apk_cluster,logistic_regression,-0.06890076163467665,success,
97,apk_cluster,doubly_robust,-0.06474017085522005,success,
98,row,psm,-0.07322602584447971,success,
98,row,logistic_regression,-0.05881545437617188,success,
98,row,doubly_robust,-0.05273830842081181,success,
98,apk_cluster,psm,-0.0600499615680246,success,
98,apk_cluster,logistic_regression,-0.058116096197566976,success,
98,apk_cluster,doubly_robust,-0.057078091098762065,success,
99,row,psm,-0.06030378598957153,success,
99,row,logistic_regression,-0.06326137968234179,success,
99,row,doubly_robust,-0.05843738653929172,success,
99,apk_cluster,psm,-0.07019299499642602,success,
99,apk_cluster,logistic_regression,-0.06544492365389272,success,
99,apk_cluster,doubly_robust,-0.0556299970681003,success,
100,row,psm,-0.08229426433915212,success,
100,row,logistic_regression,-0.08755817225812669,success,
100,row,doubly_robust,-0.08401843819523436,success,
100,apk_cluster,psm,-0.0820740460899131,success,
100,apk_cluster,logistic_regression,-0.048637461691609075,success,
100,apk_cluster,doubly_robust,-0.03747343265122326,success,
101,row,psm,-0.07853094536386307,success,
101,row,logistic_regression,-0.0705594905843327,success,
101,row,doubly_robust,-0.06572688502413906,success,
101,apk_cluster,psm,-0.06612087647483747,success,
101,apk_cluster,logistic_regression,-0.05946925931627167,success,
101,apk_cluster,doubly_robust,-0.05643194769582085,success,
102,row,psm,-0.06978009521650419,success,
102,row,logistic_regression,-0.06113566994604152,success,
102,row,doubly_robust,-0.056935732443419415,success,
102,apk_cluster,psm,-0.004643013578624617,success,
102,apk_cluster,logistic_regression,-0.0669488511354273,success,
102,apk_cluster,doubly_robust,-0.06070006513259972,success,
103,row,psm,-0.09766492858762185,success,
103,row,logistic_regression,-0.06862175079148233,success,
103,row,doubly_robust,-0.06416967111373156,success,
103,apk_cluster,psm,-0.09322374592397374,success,
103,apk_cluster,logistic_regression,-0.07087119638624402,success,
103,apk_cluster,doubly_robust,-0.06792197574991606,success,
104,row,psm,-0.09585128088868737,success,
104,row,logistic_regression,-0.06496106631037928,success,
104,row,doubly_robust,-0.06064965917855948,success,
104,apk_cluster,psm,-0.08012444765082516,success,
104,apk_cluster,logistic_regression,-0.05282379259292955,success,
104,apk_cluster,doubly_robust,-0.051986356258020276,success,
105,row,psm,-0.07830423940149626,success,
105,row,logistic_regression,-0.06231570303795689,success,
105,row,doubly_robust,-0.058286321423864314,success,
105,apk_cluster,psm,-0.06697328077091547,success,
105,apk_cluster,logistic_regression,-0.08271147100440059,success,
105,apk_cluster,doubly_robust,-0.07907273549944512,success,
106,row,psm,-0.09394695080480617,success,
106,row,logistic_regression,-0.05820499521746796,success,
106,row,doubly_robust,-0.05226371949965263,success,
106,apk_cluster,psm,-0.07427032278005917,success,
106,apk_cluster,logistic_regression,-0.02929475269728524,success,
106,apk_cluster,doubly_robust,-0.018770482766391816,success,
107,row,psm,-0.052187712536839716,success,
107,row,logistic_regression,-0.06608965546048413,success,
107,row,doubly_robust,-0.06161226441948585,success,
107,apk_cluster,psm,-0.0736935093918542,success,
107,apk_cluster,logistic_regression,-0.043543028962378126,success,
107,apk_cluster,doubly_robust,-0.04015567658755746,success,
108,row,psm,-0.08510541827250055,success,
108,row,logistic_regression,-0.06619363893502435,success,
108,row,doubly_robust,-0.06152739322179512,success,
108,apk_cluster,psm,-0.08234700431232223,success,
108,apk_cluster,logistic_regression,-0.07097643256472429,success,
108,apk_cluster,doubly_robust,-0.0688171453550779,success,
109,row,psm,-0.06801178871004307,success,
109,row,logistic_regression,-0.057307836539946054,success,
109,row,doubly_robust,-0.05191500796828804,success,
109,apk_cluster,psm,-0.06527016092780724,success,
109,apk_cluster,logistic_regression,-0.06614089770954343,success,
109,apk_cluster,doubly_robust,-0.06548356429109481,success,
110,row,psm,-0.04284742688732713,success,
110,row,logistic_regression,-0.0725423574043884,success,
110,row,doubly_robust,-0.06823571319643083,success,
110,apk_cluster,psm,-0.0957451888639511,success,
110,apk_cluster,logistic_regression,-0.05166452994815431,success,
110,apk_cluster,doubly_robust,-0.051955178649112074,success,
111,row,psm,-0.06034912718204489,success,
111,row,logistic_regression,-0.06768387375528324,success,
111,row,doubly_robust,-0.06555443873400746,success,
111,apk_cluster,psm,-0.013734437995658145,success,
111,apk_cluster,logistic_regression,-0.05988546243235455,success,
111,apk_cluster,doubly_robust,-0.051104863957824966,success,
112,row,psm,-0.06733167082294264,success,
112,row,logistic_regression,-0.05835965732755256,success,
112,row,doubly_robust,-0.05505089102905122,success,
112,apk_cluster,psm,-0.10461770671194755,success,
112,apk_cluster,logistic_regression,-0.05877028235068278,success,
112,apk_cluster,doubly_robust,-0.05947058105916994,success,
113,row,psm,-0.08773520743595556,success,
113,row,logistic_regression,-0.06536988376542086,success,
113,row,doubly_robust,-0.06066345797984333,success,
113,apk_cluster,psm,-0.07586817075868171,success,
113,apk_cluster,logistic_regression,-0.07041097631209155,success,
113,apk_cluster,doubly_robust,-0.06760543713567603,success,
114,row,psm,-0.05028338245295851,success,
114,row,logistic_regression,-0.06947735360643806,success,
114,row,doubly_robust,-0.0660233242693275,success,
114,apk_cluster,psm,-0.08225108225108226,success,
114,apk_cluster,logistic_regression,-0.06973839734895687,success,
114,apk_cluster,doubly_robust,-0.06900192987758531,success,
115,row,psm,-0.044525051008841535,success,
115,row,logistic_regression,-0.0755045900282973,success,
115,row,doubly_robust,-0.0720255706141779,success,
115,apk_cluster,psm,-0.08242172764994342,success,
115,apk_cluster,logistic_regression,-0.07675272864955862,success,
115,apk_cluster,doubly_robust,-0.07412588557428587,success,
116,row,psm,-0.07141237814554523,success,
116,row,logistic_regression,-0.07158124191388934,success,
116,row,doubly_robust,-0.06677880055571794,success,
116,apk_cluster,psm,-0.09308978873239436,success,
116,apk_cluster,logistic_regression,-0.0504059578826717,success,
116,apk_cluster,doubly_robust,-0.04480443258033423,success,
117,row,psm,-0.08610292450691454,success,
117,row,logistic_regression,-0.06263124869018252,success,
117,row,doubly_robust,-0.05866370277024546,success,
117,apk_cluster,psm,-0.07360912981455064,success,
117,apk_cluster,logistic_regression,-0.07521615514993103,success,
117,apk_cluster,doubly_robust,-0.07693374514986123,success,
118,row,psm,-0.05717524370890954,success,
118,row,logistic_regression,-0.05150972007669991,success,
118,row,doubly_robust,-0.04740713021952746,success,
118,apk_cluster,psm,-0.042724814962549304,success,
118,apk_cluster,logistic_regression,-0.06438247780183196,success,
118,apk_cluster,doubly_robust,-0.05600286971356177,success,
119,row,psm,-0.08778054862842893,success,
119,row,logistic_regression,-0.06342114851809547,success,
119,row,doubly_robust,-0.0586589883024553,success,
119,apk_cluster,psm,-0.0584200349875702,success,
119,apk_cluster,logistic_regression,-0.06493155198055167,success,
119,apk_cluster,doubly_robust,-0.05794457210726958,success,
120,row,psm,-0.051462253457265926,success,
120,row,logistic_regression,-0.05935453217022691,success,
120,row,doubly_robust,-0.054680551648428534,success,
120,apk_cluster,psm,-0.067127654797719,success,
120,apk_cluster,logistic_regression,-0.07536814875075905,success,
120,apk_cluster,doubly_robust,-0.06895690574500593,success,
121,row,psm,-0.06937202448424394,success,
121,row,logistic_regression,-0.062296332302595216,success,
121,row,doubly_robust,-0.057886684396747906,success,
121,apk_cluster,psm,-0.07843920628579039,success,
121,apk_cluster,logistic_regression,-0.02908860953662407,success,
121,apk_cluster,doubly_robust,-0.02124118252474965,success,
122,row,psm,-0.028610292450691452,success,
122,row,logistic_regression,-0.07203357678242393,success,
122,row,doubly_robust,-0.06732846336052688,success,
122,apk_cluster,psm,-0.06559000861326443,success,
122,apk_cluster,logistic_regression,-0.04577772240970249,success,
122,apk_cluster,doubly_robust,-0.035445029830988385,success,
123,row,psm,-0.08560417138970755,success,
123,row,logistic_regression,-0.07920183645543233,success,
123,row,doubly_robust,-0.07604161624352081,success,
123,apk_cluster,psm,-0.04236328213492819,success,
123,apk_cluster,logistic_regression,-0.0546440960245365,success,
123,apk_cluster,doubly_robust,-0.05405063731489106,success,
124,row,psm,-0.07907503967354342,success,
124,row,logistic_regression,-0.07405769752008418,success,
124,row,doubly_robust,-0.07194884511515134,success,
124,apk_cluster,psm,-0.05944439367632277,success,
124,apk_cluster,logistic_regression,-0.06930121844855436,success,
124,apk_cluster,doubly_robust,-0.06765226009921284,success,
125,row,psm,-0.08347313534345954,success,
125,row,logistic_regression,-0.06718711503135595,success,
125,row,doubly_robust,-0.06200110561028116,success,
125,apk_cluster,psm,-0.08245621892775563,success,
125,apk_cluster,logistic_regression,-0.08909141941906257,success,
125,apk_cluster,doubly_robust,-0.0853126138990926,success,
126,row,psm,-0.06751303559283608,success,
126,row,logistic_regression,-0.0690198140050737,success,
126,row,doubly_robust,-0.06427121675265275,success,
126,apk_cluster,psm,-0.033359017359379954,success,
126,apk_cluster,logistic_regression,-0.06261921313108852,success,
126,apk_cluster,doubly_robust,-0.06216018825417199,success,
127,row,psm,-0.047018816594876445,success,
127,row,logistic_regression,-0.07694338924960818,success,
127,row,doubly_robust,-0.07318090784541564,success,
127,apk_cluster,psm,-0.07121968002752452,success,
127,apk_cluster,logistic_regression,-0.0845912786512318,success,
127,apk_cluster,doubly_robust,-0.0763069545247433,success,
128,row,psm,-0.08175017002947177,success,
128,row,logistic_regression,-0.07492590856686643,success,
128,row,doubly_robust,-0.07195718950604955,success,
128,apk_cluster,psm,-0.07255314178930156,success,
128,apk_cluster,logistic_regression,-0.07410572778047649,success,
128,apk_cluster,doubly_robust,-0.07078847098756497,success,
129,row,psm,-0.0677397415552029,success,
129,row,logistic_regression,-0.04004033939135419,success,
129,row,doubly_robust,-0.032754435490385723,success,
129,apk_cluster,psm,-0.054439489602189944,success,
129,apk_cluster,logistic_regression,-0.0479018377303624,success,
129,apk_cluster,doubly_robust,-0.043012304474031836,success,
130,row,psm,-0.020403536613012918,success,
130,row,logistic_regression,-0.066026084397331,success,
130,row,doubly_robust,-0.06255400661158336,success,
130,apk_cluster,psm,-0.08597835888187556,success,
130,apk_cluster,logistic_regression,-0.07746747427000363,success,
130,apk_cluster,doubly_robust,-0.07349390412985439,success,
131,row,psm,-0.04488778054862843,success,
131,row,logistic_regression,-0.069203424686088,success,
131,row,doubly_robust,-0.06591400327229555,success,
131,apk_cluster,psm,-0.07797417022964692,success,
131,apk_cluster,logistic_regression,-0.07995564397224161,success,
131,apk_cluster,doubly_robust,-0.07275442446926607,success,
132,row,psm,-0.088415325323056,success,
132,row,logistic_regression,-0.0753637862090457,success,
132,row,doubly_robust,-0.07120752076389146,success,
132,apk_cluster,psm,-0.0908969567538708,success,
132,apk_cluster,logistic_regression,-0.05666252470445748,success,
132,apk_cluster,doubly_robust,-0.05084623305359681,success,
133,row,psm,-0.052142371344366355,success,
133,row,logistic_regression,-0.0587429191028126,success,
133,row,doubly_robust,-0.055533150185120166,success,
133,apk_cluster,psm,-0.09736829351039597,success,
133,apk_cluster,logistic_regression,-0.06606450240715032,success,
133,apk_cluster,doubly_robust,-0.06035306217117674,success,
134,row,psm,-0.06393108138744048,success,
134,row,logistic_regression,-0.06500224873885659,success,
134,row,doubly_robust,-0.059206083391951325,success,
134,apk_cluster,psm,-0.05388492960194681,success,
134,apk_cluster,logistic_regression,-0.05824573067644588,success,
134,apk_cluster,doubly_robust,-0.050643560124585124,success,
135,row,psm,-0.04497846293357515,success,
135,row,logistic_regression,-0.06405794090987811,success,
135,row,doubly_robust,-0.06079572246154729,success,
135,apk_cluster,psm,-0.047694448442972985,success,
135,apk_cluster,logistic_regression,-0.06193480382728784,success,
135,apk_cluster,doubly_robust,-0.06480269386605857,success,
136,row,psm,-0.09013829063704376,success,
136,row,logistic_regression,-0.08831046888310554,success,
136,row,doubly_robust,-0.08551621279611933,success,
136,apk_cluster,psm,-0.05828507379039791,success,
136,apk_cluster,logistic_regression,-0.047284957676540625,success,
136,apk_cluster,doubly_robust,-0.04855493958368894,success,
137,row,psm,-0.05377465427340739,success,
137,row,logistic_regression,-0.058051510179644064,success,
137,row,doubly_robust,-0.05281853074126181,success,
137,apk_cluster,psm,-0.07441234437340769,success,
137,apk_cluster,logistic_regression,-0.03409826113144413,success,
137,apk_cluster,doubly_robust,-0.03199399278135638,success,
138,row,psm,-0.07014282475629109,success,
138,row,logistic_regression,-0.05621076117330969,success,
138,row,doubly_robust,-0.052359605126803634,success,
138,apk_cluster,psm,-0.04024781405158399,success,
138,apk_cluster,logistic_regression,-0.06986485637240064,success,
138,apk_cluster,doubly_robust,-0.06965346548302884,success,
139,row,psm,-0.08741781908864203,success,
139,row,logistic_regression,-0.07387182772162602,success,
139,row,doubly_robust,-0.06867830706207634,success,
139,apk_cluster,psm,-0.1081105209123778,success,
139,apk_cluster,logistic_regression,-0.0787899030838192,success,
139,apk_cluster,doubly_robust,-0.07440426100269316,success,
140,row,psm,-0.050600770800272046,success,
140,row,logistic_regression,-0.049887049990748854,success,
140,row,doubly_robust,-0.04535360585893182,success,
140,apk_cluster,psm,-0.08114772472539789,success,
140,apk_cluster,logistic_regression,-0.07116405207333999,success,
140,apk_cluster,doubly_robust,-0.06834444032588247,success,
141,row,psm,-0.08329177057356607,success,
141,row,logistic_regression,-0.05652534104706184,success,
141,row,doubly_robust,-0.05189742021241193,success,
141,apk_cluster,psm,-0.0717819427266673,success,
141,apk_cluster,logistic_regression,-0.06726259790856637,success,
141,apk_cluster,doubly_robust,-0.0639811122468467,success,
142,row,psm,-0.09349353888007253,success,
142,row,logistic_regression,-0.07585401185183875,success,
142,row,doubly_robust,-0.07382368613590258,success,
142,apk_cluster,psm,-0.07350122576331623,success,
142,apk_cluster,logistic_regression,-0.056186757532101755,success,
142,apk_cluster,doubly_robust,-0.05591886582267177,success,
143,row,psm,-0.04905917025617774,success,
143,row,logistic_regression,-0.07433617062492422,success,
143,row,doubly_robust,-0.07080318890007924,success,
143,apk_cluster,psm,-0.06087285808955789,success,
143,apk_cluster,logistic_regression,-0.04403722326094041,success,
143,apk_cluster,doubly_robust,-0.042446438620243505,success,
144,row,psm,-0.04044434368623895,success,
144,row,logistic_regression,-0.06551515079860981,success,
144,row,doubly_robust,-0.06114825671849405,success,
144,apk_cluster,psm,-0.038329597950875906,success,
144,apk_cluster,logistic_regression,-0.06056883498946114,success,
144,apk_cluster,doubly_robust,-0.051282183041966065,success,
145,row,psm,-0.09041033779188394,success,
145,row,logistic_regression,-0.07125229826879995,success,
145,row,doubly_robust,-0.06616865403980039,success,
145,apk_cluster,psm,-0.08562285714285714,success,
145,apk_cluster,logistic_regression,-0.06347280266124898,success,
145,apk_cluster,doubly_robust,-0.06304536481298996,success,
146,row,psm,-0.02344139650872818,success,
146,row,logistic_regression,-0.06876218167799948,success,
146,row,doubly_robust,-0.06705605155866141,success,
146,apk_cluster,psm,-0.1034198221325754,success,
146,apk_cluster,logistic_regression,-0.06871192274254037,success,
146,apk_cluster,doubly_robust,-0.058980817061386054,success,
147,row,psm,-0.048605758331444114,success,
147,row,logistic_regression,-0.08066509064831756,success,
147,row,doubly_robust,-0.0768012610357306,success,
147,apk_cluster,psm,-0.06704326502014363,success,
147,apk_cluster,logistic_regression,-0.06999874927020197,success,
147,apk_cluster,doubly_robust,-0.06839108596119081,success,
148,row,psm,-0.09616866923600091,success,
148,row,logistic_regression,-0.08618794252940323,success,
148,row,doubly_robust,-0.08379844506644141,success,
148,apk_cluster,psm,-0.060875673144462655,success,
148,apk_cluster,logistic_regression,-0.041509354762921245,success,
148,apk_cluster,doubly_robust,-0.03852814178325187,success,
149,row,psm,-0.04484243935615507,success,
149,row,logistic_regression,-0.06917562746876478,success,
149,row,doubly_robust,-0.06660304987505163,success,
149,apk_cluster,psm,-0.01957831325301205,success,
149,apk_cluster,logistic_regression,-0.06127186934169788,success,
149,apk_cluster,doubly_robust,-0.06135054896416054,success,
150,row,psm,-0.05894355021537066,success,
150,row,logistic_regression,-0.059224232062881056,success,
150,row,doubly_robust,-0.05413580246505493,success,
150,apk_cluster,psm,-0.04499334282172536,success,
150,apk_cluster,logistic_regression,-0.06304703637589368,success,
150,apk_cluster,doubly_robust,-0.05615865684009703,success,
151,row,psm,-0.05255044207662662,success,
151,row,logistic_regression,-0.056550772968583886,success,
151,row,doubly_robust,-0.05263048213179783,success,
151,apk_cluster,psm,-0.07091041765034126,success,
151,apk_cluster,logistic_regression,-0.059768280077420445,success,
151,apk_cluster,doubly_robust,-0.06453712816080025,success,
152,row,psm,-0.08478802992518704,success,
152,row,logistic_regression,-0.07854652592956504,success,
152,row,doubly_robust,-0.0751194026934777,success,
152,apk_cluster,psm,-0.08534339093062013,success,
152,apk_cluster,logistic_regression,-0.0683536055903279,success,
152,apk_cluster,doubly_robust,-0.06524291132839484,success,
153,row,psm,-0.05894355021537066,success,
153,row,logistic_regression,-0.06906955977254207,success,
153,row,doubly_robust,-0.06568307068727675,success,
153,apk_cluster,psm,-0.09137782870237754,success,
153,apk_cluster,logistic_regression,-0.06944802119227704,success,
153,apk_cluster,doubly_robust,-0.07147005474585194,success,
154,row,psm,-0.06855588301972342,success,
154,row,logistic_regression,-0.055788228170835466,success,
154,row,doubly_robust,-0.05024479948710639,success,
154,apk_cluster,psm,-0.05698379650583869,success,
154,apk_cluster,logistic_regression,-0.06507334671668918,success,
154,apk_cluster,doubly_robust,-0.061529826797113434,success,
155,row,psm,-0.08025391067785083,success,
155,row,logistic_regression,-0.06589496882065177,success,
155,row,doubly_robust,-0.061895814563873455,success,
155,apk_cluster,psm,-0.043619228773992734,success,
155,apk_cluster,logistic_regression,-0.06573385842509982,success,
155,apk_cluster,doubly_robust,-0.055584062774906066,success,
156,row,psm,-0.031557469961459986,success,
156,row,logistic_regression,-0.07918221376862414,success,
156,row,doubly_robust,-0.07734390100161811,success,
156,apk_cluster,psm,-0.0796874268869028,success,
156,apk_cluster,logistic_regression,-0.060340200747073296,success,
156,apk_cluster,doubly_robust,-0.061127763170724665,success,
157,row,psm,-0.0632056223078667,success,
157,row,logistic_regression,-0.04887184920362386,success,
157,row,doubly_robust,-0.0425186349683692,success,
157,apk_cluster,psm,-0.0749653971514042,success,
157,apk_cluster,logistic_regression,-0.07896562061964799,success,
157,apk_cluster,doubly_robust,-0.07764737342126074,success,
158,row,psm,-0.06424846973475404,success,
158,row,logistic_regression,-0.06768657402366521,success,
158,row,doubly_robust,-0.0642883225021522,success,
158,apk_cluster,psm,-0.08404477328780117,success,
158,apk_cluster,logistic_regression,-0.04554395722930454,success,
158,apk_cluster,doubly_robust,-0.04349090160996881,success,
159,row,psm,-0.035048741781908865,success,
159,row,logistic_regression,-0.05585269142937168,success,
159,row,doubly_robust,-0.051228662659406746,success,
159,apk_cluster,psm,-0.07933831571272329,success,
159,apk_cluster,logistic_regression,-0.05900457117988991,success,
159,apk_cluster,doubly_robust,-0.04935545645548151,success,
160,row,psm,-0.06814781228746317,success,
160,row,logistic_regression,-0.06425815060518594,success,
160,row,doubly_robust,-0.06114552686494864,success,
160,apk_cluster,psm,-0.07411176496615195,success,
160,apk_cluster,logistic_regression,-0.06610687584610885,success,
160,apk_cluster,doubly_robust,-0.06140670346150201,success,
161,row,psm,-0.05590569031965541,success,
161,row,logistic_regression,-0.07038876006626318,success,
161,row,doubly_robust,-0.06585095319371347,success,
161,apk_cluster,psm,-0.10807327625886035,success,
161,apk_cluster,logistic_regression,-0.0696069782713058,success,
161,apk_cluster,doubly_robust,-0.06612585345087924,success,
162,row,psm,-0.019632736340965764,success,
162,row,logistic_regression,-0.03164695386585926,success,
162,row,doubly_robust,-0.02407505904092004,success,
162,apk_cluster,psm,-0.07736144749964383,success,
162,apk_cluster,logistic_regression,-0.059268233985564155,success,
162,apk_cluster,doubly_robust,-0.049713778039393725,success,
163,row,psm,-0.05168895941963274,success,
163,row,logistic_regression,-0.06142859674115117,success,
163,row,doubly_robust,-0.05571618939521839,success,
163,apk_cluster,psm,-0.08288973384030418,success,
163,apk_cluster,logistic_regression,-0.04902063923242955,success,
163,apk_cluster,doubly_robust,-0.03691650047334061,success,
164,row,psm,-0.06225345726592609,success,
164,row,logistic_regression,-0.0544307631079742,success,
164,row,doubly_robust,-0.04890633746633186,success,
164,apk_cluster,psm,-0.10750210484335534,success,
164,apk_cluster,logistic_regression,-0.09876014275836086,success,
164,apk_cluster,doubly_robust,-0.09586624131972238,success,
165,row,psm,-0.052097030151892994,success,
165,row,logistic_regression,-0.06549249479706042,success,
165,row,doubly_robust,-0.06122787882751598,success,
165,apk_cluster,psm,-0.0924606316530307,success,
165,apk_cluster,logistic_regression,-0.055203242703559696,success,
165,apk_cluster,doubly_robust,-0.060484020435194116,success,
166,row,psm,-0.08859669009294945,success,
166,row,logistic_regression,-0.07118929645427499,success,
166,row,doubly_robust,-0.06632761814775275,success,
166,apk_cluster,psm,-0.05549747738739148,success,
166,apk_cluster,logistic_regression,-0.05169321202612651,success,
166,apk_cluster,doubly_robust,-0.04670097119400904,success,
167,row,psm,-0.04588528678304239,success,
167,row,logistic_regression,-0.0653699929288094,success,
167,row,doubly_robust,-0.06199646269188685,success,
167,apk_cluster,psm,-0.08089738105423261,success,
167,apk_cluster,logistic_regression,-0.06068029866219085,success,
167,apk_cluster,doubly_robust,-0.05073053830180638,success,
168,row,psm,-0.07907503967354342,success,
168,row,logistic_regression,-0.05917812230799678,success,
168,row,doubly_robust,-0.05456767511829665,success,
168,apk_cluster,psm,-0.09421045473092442,success,
168,apk_cluster,logistic_regression,-0.07939600854686694,success,
168,apk_cluster,doubly_robust,-0.0750728518001902,success,
169,row,psm,-0.02679664475175697,success,
169,row,logistic_regression,-0.05760328549057225,success,
169,row,doubly_robust,-0.05278077562940123,success,
169,apk_cluster,psm,-0.08226558609136596,success,
169,apk_cluster,logistic_regression,-0.06351739669186104,success,
169,apk_cluster,doubly_robust,-0.060901311079118364,success,
170,row,psm,-0.04756291090455679,success,
170,row,logistic_regression,-0.047219537802777316,success,
170,row,doubly_robust,-0.04069733694200396,success,
170,apk_cluster,psm,-0.08174500370096224,success,
170,apk_cluster,logistic_regression,-0.05246447192553157,success,
170,apk_cluster,doubly_robust,-0.045400318803665816,success,
171,row,psm,-0.07902969848107005,success,
171,row,logistic_regression,-0.07388576083343638,success,
171,row,doubly_robust,-0.06986449776473053,success,
171,apk_cluster,psm,-0.09415627634556507,success,
171,apk_cluster,logistic_regression,-0.08463703513257818,success,
171,apk_cluster,doubly_robust,-0.0856943282023007,success,
172,row,psm,-0.05858082067558377,success,
172,row,logistic_regression,-0.0714868456977594,success,
172,row,doubly_robust,-0.06793102869356818,success,
172,apk_cluster,psm,-0.05421770279639473,success,
172,apk_cluster,logistic_regression,-0.055567372399968396,success,
172,apk_cluster,doubly_robust,-0.05480500100601909,success,
173,row,psm,-0.09925187032418953,success,
173,row,logistic_regression,-0.0765872600746082,success,
173,row,doubly_robust,-0.07214031958984221,success,
173,apk_cluster,psm,-0.06102187046316677,success,
173,apk_cluster,logistic_regression,-0.05165696514940061,success,
173,apk_cluster,doubly_robust,-0.045317706605507276,success,
174,row,psm,-0.07653593289503514,success,
174,row,logistic_regression,-0.0778809672925981,success,
174,row,doubly_robust,-0.07301717933703313,success,
174,apk_cluster,psm,-0.10808570057162804,success,
174,apk_cluster,logistic_regression,-0.09311140807105239,success,
174,apk_cluster,doubly_robust,-0.08967998556644675,success,
175,row,psm,-0.06923600090682384,success,
175,row,logistic_regression,-0.0681712940735674,success,
175,row,doubly_robust,-0.063116718344113,success,
175,apk_cluster,psm,-0.07656391659111514,success,
175,apk_cluster,logistic_regression,-0.07301656821167624,success,
175,apk_cluster,doubly_robust,-0.06129588504507413,success,
176,row,psm,-0.07744275674450238,success,
176,row,logistic_regression,-0.05593122270838523,success,
176,row,doubly_robust,-0.05105490845829558,success,
176,apk_cluster,psm,-0.057035863459599594,success,
176,apk_cluster,logistic_regression,-0.0711266997213888,success,
176,apk_cluster,doubly_robust,-0.0672107895244496,success,
177,row,psm,-0.017864429834504647,success,
177,row,logistic_regression,-0.048778885395586564,success,
177,row,doubly_robust,-0.043527771329809464,success,
177,apk_cluster,psm,-0.06505685679336747,success,
177,apk_cluster,logistic_regression,-0.06183796731732097,success,
177,apk_cluster,doubly_robust,-0.058479528495012485,success,
178,row,psm,-0.07154840172296531,success,
178,row,logistic_regression,-0.0771361509501248,success,
178,row,doubly_robust,-0.07259877708339725,success,
178,apk_cluster,psm,-0.09253232076665764,success,
178,apk_cluster,logistic_regression,-0.06238955142176005,success,
178,apk_cluster,doubly_robust,-0.06141901707442688,success,
179,row,psm,-0.08152346406710498,success,
179,row,logistic_regression,-0.0523451578871155,success,
179,row,doubly_robust,-0.047019177054075406,success,
179,apk_cluster,psm,-0.072830487590213,success,
179,apk_cluster,logistic_regression,-0.07896823256748794,success,
179,apk_cluster,doubly_robust,-0.07383303519367806,success,
180,row,psm,-0.06347766946270687,success,
180,row,logistic_regression,-0.06407455115027945,success,
180,row,doubly_robust,-0.05835361662605839,success,
180,apk_cluster,psm,-0.06048640402046128,success,
180,apk_cluster,logistic_regression,-0.0414767719805724,success,
180,apk_cluster,doubly_robust,-0.04278396675085433,success,
181,row,psm,-0.08687372477896169,success,
181,row,logistic_regression,-0.058633117125652716,success,
181,row,doubly_robust,-0.053046357087309634,success,
181,apk_cluster,psm,-0.08869345558310333,success,
181,apk_cluster,logistic_regression,-0.05769558668617235,success,
181,apk_cluster,doubly_robust,-0.05304337893681903,success,
182,row,psm,-0.09376558603491272,success,
182,row,logistic_regression,-0.06055396768384469,success,
182,row,doubly_robust,-0.05460825735371374,success,
182,apk_cluster,psm,-0.049113787038289815,success,
182,apk_cluster,logistic_regression,-0.07341751336310694,success,
182,apk_cluster,doubly_robust,-0.06706093691478927,success,
183,row,psm,-0.059034232600317385,success,
183,row,logistic_regression,-0.044045819549810676,success,
183,row,doubly_robust,-0.038458520690943805,success,
183,apk_cluster,psm,-0.10059633027522935,success,
183,apk_cluster,logistic_regression,-0.05099188270080513,success,
183,apk_cluster,doubly_robust,-0.048938815949136086,success,
184,row,psm,-0.09240535026071185,success,
184,row,logistic_regression,-0.05976062444677622,success,
184,row,doubly_robust,-0.05472778584336481,success,
184,apk_cluster,psm,-0.04233659975264009,success,
184,apk_cluster,logistic_regression,-0.0619955176018117,success,
184,apk_cluster,doubly_robust,-0.05796163165743059,success,
185,row,psm,-0.07485830877352076,success,
185,row,logistic_regression,-0.06855819051501313,success,
185,row,doubly_robust,-0.06524661292090882,success,
185,apk_cluster,psm,-0.05055748657066763,success,
185,apk_cluster,logistic_regression,-0.06507072572028777,success,
185,apk_cluster,doubly_robust,-0.06074680669875129,success,
186,row,psm,-0.06424846973475402,success,
186,row,logistic_regression,-0.06833127113672179,success,
186,row,doubly_robust,-0.06394552784302522,success,
186,apk_cluster,psm,-0.08983765935980922,success,
186,apk_cluster,logistic_regression,-0.06381452368143799,success,
186,apk_cluster,doubly_robust,-0.05754967444312978,success,
187,row,psm,-0.05957832690999773,success,
187,row,logistic_regression,-0.05925055071148064,success,
187,row,doubly_robust,-0.05381456061523162,success,
187,apk_cluster,psm,-0.06394267833658338,success,
187,apk_cluster,logistic_regression,-0.06461129649502095,success,
187,apk_cluster,doubly_robust,-0.06008811588901132,success,
188,row,psm,-0.07639990931761505,success,
188,row,logistic_regression,-0.06812561886237903,success,
188,row,doubly_robust,-0.06125610597477278,success,
188,apk_cluster,psm,-0.10654983570646222,success,
188,apk_cluster,logistic_regression,-0.05773345944309701,success,
188,apk_cluster,doubly_robust,-0.054164959795798856,success,
189,row,psm,-0.040852414418499204,success,
189,row,logistic_regression,-0.06914872498274323,success,
189,row,doubly_robust,-0.06525883793351545,success,
189,apk_cluster,psm,-0.07591190040915818,success,
189,apk_cluster,logistic_regression,-0.07000814487549836,success,
189,apk_cluster,doubly_robust,-0.06900873856002972,success,
190,row,psm,-0.08401722965313987,success,
190,row,logistic_regression,-0.05555555843731928,success,
190,row,doubly_robust,-0.05034893040095642,success,
190,apk_cluster,psm,-0.04280049227403254,success,
190,apk_cluster,logistic_regression,-0.06139584216841758,success,
190,apk_cluster,doubly_robust,-0.05797106927360257,success,
191,row,psm,-0.05445477216050782,success,
191,row,logistic_regression,-0.05520818061958438,success,
191,row,doubly_robust,-0.04881682964477823,success,
191,apk_cluster,psm,-0.0660377358490566,success,
191,apk_cluster,logistic_regression,-0.05684195849793194,success,
191,apk_cluster,doubly_robust,-0.046040055432891996,success,
192,row,psm,-0.06823849467240989,success,
192,row,logistic_regression,-0.059478132815504466,success,
192,row,doubly_robust,-0.05595849289863973,success,
192,apk_cluster,psm,-0.04974642692485016,success,
192,apk_cluster,logistic_regression,-0.06679025120502954,success,
192,apk_cluster,doubly_robust,-0.059793769525610316,success,
193,row,psm,-0.029154386760371798,success,
193,row,logistic_regression,-0.05562673989788897,success,
193,row,doubly_robust,-0.04850047492480785,success,
193,apk_cluster,psm,-0.08823262976718906,success,
193,apk_cluster,logistic_regression,-0.052792335756242474,success,
193,apk_cluster,doubly_robust,-0.04550850575380763,success,
194,row,psm,-0.07114033099070506,success,
194,row,logistic_regression,-0.0740038520744046,success,
194,row,doubly_robust,-0.07039001917103295,success,
194,apk_cluster,psm,-0.08482182529103349,success,
194,apk_cluster,logistic_regression,-0.07975202811080497,success,
194,apk_cluster,doubly_robust,-0.0759434410684883,success,
195,row,psm,-0.053910677850827475,success,
195,row,logistic_regression,-0.06206780606615365,success,
195,row,doubly_robust,-0.055877419390491165,success,
195,apk_cluster,psm,-0.10451475293281194,success,
195,apk_cluster,logistic_regression,-0.08907457131385448,success,
195,apk_cluster,doubly_robust,-0.08508238249998956,success,
196,row,psm,-0.06968941283155747,success,
196,row,logistic_regression,-0.0633293998270451,success,
196,row,doubly_robust,-0.06026343642483671,success,
196,apk_cluster,psm,-0.0650708176840581,success,
196,apk_cluster,logistic_regression,-0.07731144180243125,success,
196,apk_cluster,doubly_robust,-0.07039292558788969,success,
197,row,psm,-0.05604171389707549,success,
197,row,logistic_regression,-0.060441792165362336,success,
197,row,doubly_robust,-0.057399150393740675,success,
197,apk_cluster,psm,-0.08451298396925096,success,
197,apk_cluster,logistic_regression,-0.0612250001485777,success,
197,apk_cluster,doubly_robust,-0.0585391690227585,success,
198,row,psm,-0.06143731580140558,success,
198,row,logistic_regression,-0.06339862064093017,success,
198,row,doubly_robust,-0.059513070718807404,success,
198,apk_cluster,psm,-0.07014866809085757,success,
198,apk_cluster,logistic_regression,-0.052997924143439276,success,
198,apk_cluster,doubly_robust,-0.046312016969580226,success,
199,row,psm,-0.061845386533665836,success,
199,row,logistic_regression,-0.0727928027029034,success,
199,row,doubly_robust,-0.06859434250207178,success,
199,apk_cluster,psm,-0.08699880641881437,success,
199,apk_cluster,logistic_regression,-0.06863979010507432,success,
199,apk_cluster,doubly_robust,-0.06672297492506393,success,
200,row,psm,-0.049512582180911355,success,
200,row,logistic_regression,-0.0617900849481147,success,
200,row,doubly_robust,-0.058758520469184033,success,
200,apk_cluster,psm,-0.07869669723137185,success,
200,apk_cluster,logistic_regression,-0.07972910576521824,success,
200,apk_cluster,doubly_robust,-0.07604115605138437,success,
201,row,psm,-0.053956019043300836,success,
201,row,logistic_regression,-0.05203290748165509,success,
201,row,doubly_robust,-0.047514013102739686,success,
201,apk_cluster,psm,-0.0557247549252879,success,
201,apk_cluster,logistic_regression,-0.0603196964024602,success,
201,apk_cluster,doubly_robust,-0.05236175364845143,success,
202,row,psm,-0.034141917932441625,success,
202,row,logistic_regression,-0.054663346511278285,success,
202,row,doubly_robust,-0.048947357120879414,success,
202,apk_cluster,psm,-0.06319300459749391,success,
202,apk_cluster,logistic_regression,-0.07673352856882028,success,
202,apk_cluster,doubly_robust,-0.07239356860427842,success,
203,row,psm,-0.07748809793697574,success,
203,row,logistic_regression,-0.066458054033276,success,
203,row,doubly_robust,-0.06177441038665078,success,
203,apk_cluster,psm,-0.06839397113064068,success,
203,apk_cluster,logistic_regression,-0.06403917349705728,success,
203,apk_cluster,doubly_robust,-0.056021630361929406,success,
204,row,psm,-0.1034686012242122,success,
204,row,logistic_regression,-0.06717546300520362,success,
204,row,doubly_robust,-0.061870555898331556,success,
204,apk_cluster,psm,-0.029564827276805743,success,
204,apk_cluster,logistic_regression,-0.04490149904628402,success,
204,apk_cluster,doubly_robust,-0.040065066975196656,success,
205,row,psm,-0.04076173203355248,success,
205,row,logistic_regression,-0.07213185421619578,success,
205,row,doubly_robust,-0.06776621846168113,success,
205,apk_cluster,psm,-0.10326833287558364,success,
205,apk_cluster,logistic_regression,-0.04746988989881417,success,
205,apk_cluster,doubly_robust,-0.04893110274522097,success,
206,row,psm,-0.042076626615279986,success,
206,row,logistic_regression,-0.06781726738069792,success,
206,row,doubly_robust,-0.0626471500844603,success,
206,apk_cluster,psm,-0.07923307923307925,success,
206,apk_cluster,logistic_regression,-0.08183491056039384,success,
206,apk_cluster,doubly_robust,-0.08068155453608758,success,
207,row,psm,-0.08043527544774427,success,
207,row,logistic_regression,-0.06888096982944847,success,
207,row,doubly_robust,-0.06516519859308993,success,
207,apk_cluster,psm,-0.0873451904274141,success,
207,apk_cluster,logistic_regression,-0.054673232096732936,success,
207,apk_cluster,doubly_robust,-0.05150728912862557,success,
208,row,psm,-0.030469281342099298,success,
208,row,logistic_regression,-0.051720266682696095,success,
208,row,doubly_robust,-0.04566668537029965,success,
208,apk_cluster,psm,-0.045158991716397964,success,
208,apk_cluster,logistic_regression,-0.0658178452736987,success,
208,apk_cluster,doubly_robust,-0.0653116813391913,success,
209,row,psm,-0.05504420766266153,success,
209,row,logistic_regression,-0.0642802997741571,success,
209,row,doubly_robust,-0.05982764654834144,success,
209,apk_cluster,psm,-0.07446124844693887,success,
209,apk_cluster,logistic_regression,-0.049104228995252734,success,
209,apk_cluster,doubly_robust,-0.04336808563548692,success,
210,row,psm,-0.03917479029698481,success,
210,row,logistic_regression,-0.06706209858289679,success,
210,row,doubly_robust,-0.06260699802928615,success,
210,apk_cluster,psm,-0.02954483757126052,success,
210,apk_cluster,logistic_regression,-0.05476905810821082,success,
210,apk_cluster,doubly_robust,-0.05168000126851004,success,
211,row,psm,-0.06769440036272953,success,
211,row,logistic_regression,-0.05630100639245887,success,
211,row,doubly_robust,-0.052140015918848905,success,
211,apk_cluster,psm,-0.0675372464548555,success,
211,apk_cluster,logistic_regression,-0.054495594719138896,success,
211,apk_cluster,doubly_robust,-0.041577159207661134,success,
212,row,psm,-0.0818408524144185,success,
212,row,logistic_regression,-0.06837019465077758,success,
212,row,doubly_robust,-0.0645767204724799,success,
212,apk_cluster,psm,-0.07840166240962812,success,
212,apk_cluster,logistic_regression,-0.07944619777922328,success,
212,apk_cluster,doubly_robust,-0.07747927427748728,success,
213,row,psm,-0.05264112446157334,success,
213,row,logistic_regression,-0.0685063681832128,success,
213,row,doubly_robust,-0.06415041496269838,success,
213,apk_cluster,psm,-0.0804567180031864,success,
213,apk_cluster,logistic_regression,-0.07047558695040076,success,
213,apk_cluster,doubly_robust,-0.06367461757939852,success,
214,row,psm,-0.041623214690546355,success,
214,row,logistic_regression,-0.06109825266851583,success,
214,row,doubly_robust,-0.05589140316789643,success,
214,apk_cluster,psm,-0.07486748149121654,success,
214,apk_cluster,logistic_regression,-0.06361393221860662,success,
214,apk_cluster,doubly_robust,-0.060561532876667226,success,
215,row,psm,-0.09140784402629788,success,
215,row,logistic_regression,-0.07368918019678626,success,
215,row,doubly_robust,-0.06936481512632357,success,
215,apk_cluster,psm,-0.09399884336491837,success,
215,apk_cluster,logistic_regression,-0.05740054927965344,success,
215,apk_cluster,doubly_robust,-0.055732412870336416,success,
216,row,psm,-0.04887780548628429,success,
216,row,logistic_regression,-0.06939679048173228,success,
216,row,doubly_robust,-0.06539977808536415,success,
216,apk_cluster,psm,-0.04796920282019118,success,
216,apk_cluster,logistic_regression,-0.024956087464471376,success,
216,apk_cluster,doubly_robust,-0.026579849356236515,success,
217,row,psm,-0.05545227839492178,success,
217,row,logistic_regression,-0.056439307787865683,success,
217,row,doubly_robust,-0.049457920120234644,success,
217,apk_cluster,psm,-0.07084080356732404,success,
217,apk_cluster,logistic_regression,-0.061988905411386505,success,
217,apk_cluster,doubly_robust,-0.05686070885749578,success,
218,row,psm,-0.08687372477896169,success,
218,row,logistic_regression,-0.06988809690733708,success,
218,row,doubly_robust,-0.06621329183159223,success,
218,apk_cluster,psm,-0.07780225833103828,success,
218,apk_cluster,logistic_regression,-0.06747461859737708,success,
218,apk_cluster,doubly_robust,-0.0616911240738108,success,
219,row,psm,-0.06361369304012696,success,
219,row,logistic_regression,-0.06700132976892796,success,
219,row,doubly_robust,-0.060721596736078826,success,
219,apk_cluster,psm,-0.08413483146067416,success,
219,apk_cluster,logistic_regression,-0.06405545006636655,success,
219,apk_cluster,doubly_robust,-0.05629453733231106,success,
220,row,psm,-0.051462253457265926,success,
220,row,logistic_regression,-0.06151454697891247,success,
220,row,doubly_robust,-0.05557908125966275,success,
220,apk_cluster,psm,-0.05810370631217537,success,
220,apk_cluster,logistic_regression,-0.0610079561381438,success,
220,apk_cluster,doubly_robust,-0.05722819637920835,success,
221,row,psm,-0.07159374291543867,success,
221,row,logistic_regression,-0.05728649983641825,success,
221,row,doubly_robust,-0.0550041966851562,success,
221,apk_cluster,psm,-0.078316938861957,success,
221,apk_cluster,logistic_regression,-0.059957985011332544,success,
221,apk_cluster,doubly_robust,-0.05594542908546035,success,
222,row,psm,-0.029562457492632057,success,
222,row,logistic_regression,-0.06334662476285399,success,
222,row,doubly_robust,-0.058572536954490204,success,
222,apk_cluster,psm,-0.032767782231751655,success,
222,apk_cluster,logistic_regression,-0.06571902996510168,success,
222,apk_cluster,doubly_robust,-0.06476363788562099,success,
223,row,psm,-0.05762865563364317,success,
223,row,logistic_regression,-0.06583547533012059,success,
223,row,doubly_robust,-0.06276377781296841,success,
223,apk_cluster,psm,-0.08556002928257687,success,
223,apk_cluster,logistic_regression,-0.07743267905108389,success,
223,apk_cluster,doubly_robust,-0.07425124249727082,success,
224,row,psm,-0.06937202448424394,success,
224,row,logistic_regression,-0.07685362931214651,success,
224,row,doubly_robust,-0.07392555091006466,success,
224,apk_cluster,psm,-0.0483408817820501,success,
224,apk_cluster,logistic_regression,-0.05627603817834314,success,
224,apk_cluster,doubly_robust,-0.05929301764665814,success,
225,row,psm,-0.08773520743595556,success,
225,row,logistic_regression,-0.06437259445130523,success,
225,row,doubly_robust,-0.060858981940554814,success,
225,apk_cluster,psm,-0.06930603370175756,success,
225,apk_cluster,logistic_regression,-0.07620683662042117,success,
225,apk_cluster,doubly_robust,-0.07311394360099592,success,
226,row,psm,-0.0664248469734754,success,
226,row,logistic_regression,-0.0679752551901602,success,
226,row,doubly_robust,-0.0649925196492928,success,
226,apk_cluster,psm,-0.08816694332463837,success,
226,apk_cluster,logistic_regression,-0.07274269715838523,success,
226,apk_cluster,doubly_robust,-0.06695609670162435,success,
227,row,psm,-0.08002720471548402,success,
227,row,logistic_regression,-0.06458054103620803,success,
227,row,doubly_robust,-0.06060840279054889,success,
227,apk_cluster,psm,-0.07972415004831768,success,
227,apk_cluster,logistic_regression,-0.05267205068497791,success,
227,apk_cluster,doubly_robust,-0.05057723360925984,success,
228,row,psm,-0.04520516889594196,success,
228,row,logistic_regression,-0.05063696315431774,success,
228,row,doubly_robust,-0.04474808615057097,success,
228,apk_cluster,psm,-0.08576980832081972,success,
228,apk_cluster,logistic_regression,-0.05329053409608267,success,
228,apk_cluster,doubly_robust,-0.043031248701631226,success,
229,row,psm,-0.07159374291543867,success,
229,row,logistic_regression,-0.0671779448408908,success,
229,row,doubly_robust,-0.06290597456187147,success,
229,apk_cluster,psm,-0.08184890837672422,success,
229,apk_cluster,logistic_regression,-0.04425217635804307,success,
229,apk_cluster,doubly_robust,-0.044003998525886066,success,
230,row,psm,-0.02684198594423033,success,
230,row,logistic_regression,-0.06619523976722552,success,
230,row,doubly_robust,-0.06277854859021773,success,
230,apk_cluster,psm,-0.10453189108541588,success,
230,apk_cluster,logistic_regression,-0.05499116100015829,success,
230,apk_cluster,doubly_robust,-0.0539492898131283,success,
231,row,psm,-0.08138744048968488,success,
231,row,logistic_regression,-0.07190175096983964,success,
231,row,doubly_robust,-0.06793505043765566,success,
231,apk_cluster,psm,-0.07886069490188802,success,
231,apk_cluster,logistic_regression,-0.04954470831597064,success,
231,apk_cluster,doubly_robust,-0.04413091737647867,success,
232,row,psm,-0.05844479709816368,success,
232,row,logistic_regression,-0.055496378854753815,success,
232,row,doubly_robust,-0.04958619916021833,success,
232,apk_cluster,psm,-0.02395862985102951,success,
232,apk_cluster,logistic_regression,-0.04006598299666164,success,
232,apk_cluster,doubly_robust,-0.04447917066109812,success,
233,row,psm,-0.07417819088642032,success,
233,row,logistic_regression,-0.07574204014465635,success,
233,row,doubly_robust,-0.07338139223260304,success,
233,apk_cluster,psm,-0.01835159247446031,success,
233,apk_cluster,logistic_regression,-0.04277643713296098,success,
233,apk_cluster,doubly_robust,-0.036639193680812004,success,
234,row,psm,-0.08360915892087963,success,
234,row,logistic_regression,-0.07004923866263789,success,
234,row,doubly_robust,-0.06448796219176554,success,
234,apk_cluster,psm,-0.060978394920750925,success,
234,apk_cluster,logistic_regression,-0.04987319394519248,success,
234,apk_cluster,doubly_robust,-0.05036767075433157,success,
235,row,psm,-0.05762865563364317,success,
235,row,logistic_regression,-0.0520039068157807,success,
235,row,doubly_robust,-0.047812475007135175,success,
235,apk_cluster,psm,-0.08983558906349351,success,
235,apk_cluster,logistic_regression,-0.05830264914182154,success,
235,apk_cluster,doubly_robust,-0.05100208920903921,success,
236,row,psm,-0.08982090228973022,success,
236,row,logistic_regression,-0.06752942586167705,success,
236,row,doubly_robust,-0.06386553130346631,success,
236,apk_cluster,psm,-0.035620580780006225,success,
236,apk_cluster,logistic_regression,-0.070351022467524,success,
236,apk_cluster,doubly_robust,-0.06228859476488995,success,
237,row,psm,-0.03074132849693947,success,
237,row,logistic_regression,-0.045784769375461616,success,
237,row,doubly_robust,-0.04009216473919948,success,
237,apk_cluster,psm,-0.06902959706295608,success,
237,apk_cluster,logistic_regression,-0.05268567678243759,success,
237,apk_cluster,doubly_robust,-0.04572956376624675,success,
238,row,psm,-0.028292904103377918,success,
238,row,logistic_regression,-0.04776373068193174,success,
238,row,doubly_robust,-0.04280006234764327,success,
238,apk_cluster,psm,-0.09073888622806636,success,
238,apk_cluster,logistic_regression,-0.06661082854988891,success,
238,apk_cluster,doubly_robust,-0.06721192022478131,success,
239,row,psm,-0.07708002720471549,success,
239,row,logistic_regression,-0.07174109751281077,success,
239,row,doubly_robust,-0.06931948809952672,success,
239,apk_cluster,psm,-0.05349923636690324,success,
239,apk_cluster,logistic_regression,-0.07306723118096098,success,
239,apk_cluster,doubly_robust,-0.06456414333865856,success,
240,row,psm,-0.07309000226705964,success,
240,row,logistic_regression,-0.0529516683723796,success,
240,row,doubly_robust,-0.04876838867155324,success,
240,apk_cluster,psm,-0.07879390038446586,success,
240,apk_cluster,logistic_regression,-0.055766534936117565,success,
240,apk_cluster,doubly_robust,-0.05190859858165208,success,
241,row,psm,-0.061664021763772385,success,
241,row,logistic_regression,-0.056438462304196496,success,
241,row,doubly_robust,-0.04997727324415546,success,
241,apk_cluster,psm,-0.10394281147322618,success,
241,apk_cluster,logistic_regression,-0.09741884965323176,success,
241,apk_cluster,doubly_robust,-0.0968183815728384,success,
242,row,psm,-0.053865336658354114,success,
242,row,logistic_regression,-0.060207132926185056,success,
242,row,doubly_robust,-0.05472725402730632,success,
242,apk_cluster,psm,-0.07758661547940661,success,
242,apk_cluster,logistic_regression,-0.06691637932087341,success,
242,apk_cluster,doubly_robust,-0.06280510765599655,success,
243,row,psm,-0.07884833371117661,success,
243,row,logistic_regression,-0.05700283446140011,success,
243,row,doubly_robust,-0.051920665617563214,success,
243,apk_cluster,psm,-0.07442348008385745,success,
243,apk_cluster,logistic_regression,-0.061386836718819386,success,
243,apk_cluster,doubly_robust,-0.06099217087642442,success,
244,row,psm,-0.0690546361369304,success,
244,row,logistic_regression,-0.06769265494056181,success,
244,row,doubly_robust,-0.06250994435751528,success,
244,apk_cluster,psm,-0.08823925032506837,success,
244,apk_cluster,logistic_regression,-0.04761246183803969,success,
244,apk_cluster,doubly_robust,-0.04158632122158964,success,
245,row,psm,-0.055678984357288595,success,
245,row,logistic_regression,-0.0641955480665878,success,
245,row,doubly_robust,-0.05843569575212139,success,
245,apk_cluster,psm,-0.07785888077858881,success,
245,apk_cluster,logistic_regression,-0.0744556522451969,success,
245,apk_cluster,doubly_robust,-0.06935079042874948,success,
246,row,psm,-0.05708456132396282,success,
246,row,logistic_regression,-0.06663026019816866,success,
246,row,doubly_robust,-0.060630287321928815,success,
246,apk_cluster,psm,-0.0388074692964434,success,
246,apk_cluster,logistic_regression,-0.0660994519229483,success,
246,apk_cluster,doubly_robust,-0.06371799143816904,success,
247,row,psm,-0.04937655860349127,success,
247,row,logistic_regression,-0.069788260323258,success,
247,row,doubly_robust,-0.06531904375920002,success,
247,apk_cluster,psm,-0.09585141630500724,success,
247,apk_cluster,logistic_regression,-0.057043285910995216,success,
247,apk_cluster,doubly_robust,-0.05791673647872983,success,
248,row,psm,-0.0014055769666742235,success,
248,row,logistic_regression,-0.06139253071160845,success,
248,row,doubly_robust,-0.05541717285216701,success,
248,apk_cluster,psm,-0.07100183823529412,success,
248,apk_cluster,logistic_regression,-0.07138372669949845,success,
248,apk_cluster,doubly_robust,-0.06881364087560518,success,
249,row,psm,-0.055724325549761956,success,
249,row,logistic_regression,-0.059059942665961075,success,
249,row,doubly_robust,-0.053207352106240134,success,
249,apk_cluster,psm,-0.09411764705882353,success,
249,apk_cluster,logistic_regression,-0.07103614633775557,success,
249,apk_cluster,doubly_robust,-0.06608973387219744,success,
250,row,psm,-0.06579007027884834,success,
250,row,logistic_regression,-0.0721849133499697,success,
250,row,doubly_robust,-0.06801805794440517,success,
250,apk_cluster,psm,-0.04070235221733163,success,
250,apk_cluster,logistic_regression,-0.0666503835983812,success,
250,apk_cluster,doubly_robust,-0.06615240332092887,success,
251,row,psm,-0.06787576513262297,success,
251,row,logistic_regression,-0.08218818377716602,success,
251,row,doubly_robust,-0.0795480349218989,success,
251,apk_cluster,psm,-0.10175469929008349,success,
251,apk_cluster,logistic_regression,-0.05639679423690984,success,
251,apk_cluster,doubly_robust,-0.05557719786164477,success,
252,row,psm,-0.05808206755837678,success,
252,row,logistic_regression,-0.06322720906996489,success,
252,row,doubly_robust,-0.05970580879818855,success,
252,apk_cluster,psm,-0.05136277772780427,success,
252,apk_cluster,logistic_regression,-0.06535599384207524,success,
252,apk_cluster,doubly_robust,-0.05358761761342758,success,
253,row,psm,-0.0985717524370891,success,
253,row,logistic_regression,-0.0650981200158578,success,
253,row,doubly_robust,-0.06360281022061183,success,
253,apk_cluster,psm,-0.05173052008143624,success,
253,apk_cluster,logistic_regression,-0.06874683854612097,success,
253,apk_cluster,doubly_robust,-0.06170618023010721,success,
254,row,psm,-0.03192019950124688,success,
254,row,logistic_regression,-0.0610042713107368,success,
254,row,doubly_robust,-0.05601876245409074,success,
254,apk_cluster,psm,-0.10022421524663677,success,
254,apk_cluster,logistic_regression,-0.07342567425376915,success,
254,apk_cluster,doubly_robust,-0.06753186088239035,success,
255,row,psm,-0.045386533665835414,success,
255,row,logistic_regression,-0.048543884482241964,success,
255,row,doubly_robust,-0.04377673975143106,success,
255,apk_cluster,psm,-0.043027548991763705,success,
255,apk_cluster,logistic_regression,-0.0265997953387713,success,
255,apk_cluster,doubly_robust,-0.019668789231933034,success,
256,row,psm,-0.0399002493765586,success,
256,row,logistic_regression,-0.0708070084188902,success,
256,row,doubly_robust,-0.06711391273037019,success,
256,apk_cluster,psm,-0.08159217748258843,success,
256,apk_cluster,logistic_regression,-0.07499948237921637,success,
256,apk_cluster,doubly_robust,-0.06839870650028398,success,
257,row,psm,-0.05771933801858989,success,
257,row,logistic_regression,-0.07230370293804975,success,
257,row,doubly_robust,-0.06648448751083186,success,
257,apk_cluster,psm,-0.04947400853910824,success,
257,apk_cluster,logistic_regression,-0.05833973568705049,success,
257,apk_cluster,doubly_robust,-0.05373506909392606,success,
258,row,psm,-0.01704828836998413,success,
258,row,logistic_regression,-0.05601722560394068,success,
258,row,doubly_robust,-0.05050920754656882,success,
258,apk_cluster,psm,-0.08173098572522176,success,
258,apk_cluster,logistic_regression,-0.0637457887668721,success,
258,apk_cluster,doubly_robust,-0.05183952060562699,success,
259,row,psm,-0.0709589662208116,success,
259,row,logistic_regression,-0.05757709549911273,success,
259,row,doubly_robust,-0.05291229214158995,success,
259,apk_cluster,psm,-0.0875,success,
259,apk_cluster,logistic_regression,-0.07706199465352803,success,
259,apk_cluster,doubly_robust,-0.07657841039302778,success,
260,row,psm,-0.052097030151892994,success,
260,row,logistic_regression,-0.06634500726561222,success,
260,row,doubly_robust,-0.061747036574878164,success,
260,apk_cluster,psm,-0.046132852049126205,success,
260,apk_cluster,logistic_regression,-0.05625230779047469,success,
260,apk_cluster,doubly_robust,-0.05168142205205865,success,
261,row,psm,-0.054092042620720926,success,
261,row,logistic_regression,-0.06315503320903144,success,
261,row,doubly_robust,-0.05979458440800476,success,
261,apk_cluster,psm,-0.0323087171678721,success,
261,apk_cluster,logistic_regression,-0.05844705511137253,success,
261,apk_cluster,doubly_robust,-0.05444200464491621,success,
262,row,psm,-0.03622761278621628,success,
262,row,logistic_regression,-0.061499746105960006,success,
262,row,doubly_robust,-0.05538448282295452,success,
262,apk_cluster,psm,-0.08559611580650964,success,
262,apk_cluster,logistic_regression,-0.057898333276117604,success,
262,apk_cluster,doubly_robust,-0.05593893596933211,success,
263,row,psm,-0.05590569031965541,success,
263,row,logistic_regression,-0.077001038606077,success,
263,row,doubly_robust,-0.0742375387916298,success,
263,apk_cluster,psm,-0.06389407269172664,success,
263,apk_cluster,logistic_regression,-0.06092038193903695,success,
263,apk_cluster,doubly_robust,-0.054284627438035714,success,
264,row,psm,-0.07290863749716618,success,
264,row,logistic_regression,-0.060865432689256066,success,
264,row,doubly_robust,-0.05714126274970418,success,
264,apk_cluster,psm,-0.058692628650904036,success,
264,apk_cluster,logistic_regression,-0.0862222608928545,success,
264,apk_cluster,doubly_robust,-0.08311944768054647,success,
265,row,psm,-0.05468147812287463,success,
265,row,logistic_regression,-0.06043041518333899,success,
265,row,doubly_robust,-0.05567227581337447,success,
265,apk_cluster,psm,-0.06116137370753323,success,
265,apk_cluster,logistic_regression,-0.043552368197118475,success,
265,apk_cluster,doubly_robust,-0.0438360576317135,success,
266,row,psm,-0.00929494445703922,success,
266,row,logistic_regression,-0.05039416977458982,success,
266,row,doubly_robust,-0.044870655014608414,success,
266,apk_cluster,psm,-0.061694978532760875,success,
266,apk_cluster,logistic_regression,-0.051344409829512126,success,
266,apk_cluster,doubly_robust,-0.05323737630268204,success,
267,row,psm,-0.00974835638177284,success,
267,row,logistic_regression,-0.05805392945274519,success,
267,row,doubly_robust,-0.05214492156568099,success,
267,apk_cluster,psm,-0.08767619293935082,success,
267,apk_cluster,logistic_regression,-0.0717831403259231,success,
267,apk_cluster,doubly_robust,-0.063754601912672,success,
268,row,psm,-0.0841079120380866,success,
268,row,logistic_regression,-0.06750440194431655,success,
268,row,doubly_robust,-0.06275431409464081,success,
268,apk_cluster,psm,-0.0979714363685982,success,
268,apk_cluster,logistic_regression,-0.052569577733849904,success,
268,apk_cluster,doubly_robust,-0.04531907776070667,success,
269,row,psm,-0.07177510768533213,success,
269,row,logistic_regression,-0.06542965829453176,success,
269,row,doubly_robust,-0.06153753313317077,success,
269,apk_cluster,psm,-0.08146744746813642,success,
269,apk_cluster,logistic_regression,-0.07963075203040877,success,
269,apk_cluster,doubly_robust,-0.07628908788306032,success,
270,row,psm,-0.08193153479936523,success,
270,row,logistic_regression,-0.06199688100715306,success,
270,row,doubly_robust,-0.056014155991792575,success,
270,apk_cluster,psm,-0.08399209486166008,success,
270,apk_cluster,logistic_regression,-0.062237337426303864,success,
270,apk_cluster,doubly_robust,-0.05931485227263451,success,
271,row,psm,-0.07508501473588756,success,
271,row,logistic_regression,-0.0647841475221569,success,
271,row,doubly_robust,-0.06069414010457292,success,
271,apk_cluster,psm,-0.05439962255248879,success,
271,apk_cluster,logistic_regression,-0.061047761416039105,success,
271,apk_cluster,doubly_robust,-0.05992268214723825,success,
272,row,psm,-0.06755837678530946,success,
272,row,logistic_regression,-0.05943791582548095,success,
272,row,doubly_robust,-0.053874614432512596,success,
272,apk_cluster,psm,-0.0738347740843062,success,
272,apk_cluster,logistic_regression,-0.06957405039692582,success,
272,apk_cluster,doubly_robust,-0.07002420190464145,success,
273,row,psm,-0.06851054182725005,success,
273,row,logistic_regression,-0.07390671664706773,success,
273,row,doubly_robust,-0.07005571728120427,success,
273,apk_cluster,psm,-0.10694281620424645,success,
273,apk_cluster,logistic_regression,-0.08573039917617706,success,
273,apk_cluster,doubly_robust,-0.08192977934939205,success,
274,row,psm,-0.05712990251643618,success,
274,row,logistic_regression,-0.07028378219384061,success,
274,row,doubly_robust,-0.06615207917715389,success,
274,apk_cluster,psm,-0.04872317786841639,success,
274,apk_cluster,logistic_regression,-0.056053003567406105,success,
274,apk_cluster,doubly_robust,-0.045728512119481785,success,
275,row,psm,-0.07522103831330765,success,
275,row,logistic_regression,-0.074859234185151,success,
275,row,doubly_robust,-0.0710501559752926,success,
275,apk_cluster,psm,-0.08316055169926981,success,
275,apk_cluster,logistic_regression,-0.06938282927084707,success,
275,apk_cluster,doubly_robust,-0.06434217300539787,success,
276,row,psm,-0.08836998413058264,success,
276,row,logistic_regression,-0.06614085774304569,success,
276,row,doubly_robust,-0.061825586377856935,success,
276,apk_cluster,psm,-0.08107624121412903,success,
276,apk_cluster,logistic_regression,-0.0666647457557021,success,
276,apk_cluster,doubly_robust,-0.05771150243563846,success,
277,row,psm,-0.06207209249603265,success,
277,row,logistic_regression,-0.05818552734155927,success,
277,row,doubly_robust,-0.054173264628379646,success,
277,apk_cluster,psm,-0.04961268904463298,success,
277,apk_cluster,logistic_regression,-0.0649188273667555,success,
277,apk_cluster,doubly_robust,-0.06326923608549515,success,
278,row,psm,-0.052187712536839716,success,
278,row,logistic_regression,-0.0664534042184607,success,
278,row,doubly_robust,-0.06340856645795273,success,
278,apk_cluster,psm,-0.06884947703501591,success,
278,apk_cluster,logistic_regression,-0.05575086503735339,success,
278,apk_cluster,doubly_robust,-0.05270335573866438,success,
279,row,psm,-0.06198141011108592,success,
279,row,logistic_regression,-0.06563238361869646,success,
279,row,doubly_robust,-0.06133468524370652,success,
279,apk_cluster,psm,-0.06692117673478554,success,
279,apk_cluster,logistic_regression,-0.03201076179732375,success,
279,apk_cluster,doubly_robust,-0.030691889912470866,success,
280,row,psm,-0.03359782362276128,success,
280,row,logistic_regression,-0.07702447744182382,success,
280,row,doubly_robust,-0.07359806823032843,success,
280,apk_cluster,psm,-0.06019460415745245,success,
280,apk_cluster,logistic_regression,-0.04590732910216385,success,
280,apk_cluster,doubly_robust,-0.044970753922841576,success,
281,row,psm,-0.07553842666062117,success,
281,row,logistic_regression,-0.07083929080083488,success,
281,row,doubly_robust,-0.06639313537795986,success,
281,apk_cluster,psm,-0.06358010543204218,success,
281,apk_cluster,logistic_regression,-0.06958093789103498,success,
281,apk_cluster,doubly_robust,-0.06625148563524609,success,
282,row,psm,-0.07698934481976875,success,
282,row,logistic_regression,-0.07506286921772642,success,
282,row,doubly_robust,-0.07197516987385194,success,
282,apk_cluster,psm,-0.057391304347826085,success,
282,apk_cluster,logistic_regression,-0.07599667270269427,success,
282,apk_cluster,doubly_robust,-0.07421105628998105,success,
283,row,psm,-0.030650646111992745,success,
283,row,logistic_regression,-0.060677264240830905,success,
283,row,doubly_robust,-0.05480603567310383,success,
283,apk_cluster,psm,-0.043697478991596636,success,
283,apk_cluster,logistic_regression,-0.06313433588833023,success,
283,apk_cluster,doubly_robust,-0.05915557325565045,success,
284,row,psm,-0.09839038766719564,success,
284,row,logistic_regression,-0.07291733061986426,success,
284,row,doubly_robust,-0.06729296539121034,success,
284,apk_cluster,psm,-0.07932097425433075,success,
284,apk_cluster,logistic_regression,-0.06759919773849964,success,
284,apk_cluster,doubly_robust,-0.05525690476018973,success,
285,row,psm,-0.07154840172296531,success,
285,row,logistic_regression,-0.06598460805423179,success,
285,row,doubly_robust,-0.06251181380186029,success,
285,apk_cluster,psm,-0.09567380296704273,success,
285,apk_cluster,logistic_regression,-0.06286117709671628,success,
285,apk_cluster,doubly_robust,-0.06373621558700972,success,
286,row,psm,-0.06787576513262299,success,
286,row,logistic_regression,-0.04869883628914257,success,
286,row,doubly_robust,-0.043229917832680737,success,
286,apk_cluster,psm,-0.09812638932994601,success,
286,apk_cluster,logistic_regression,-0.0499343939855503,success,
286,apk_cluster,doubly_robust,-0.046619753347713865,success,
287,row,psm,-0.04679211063250963,success,
287,row,logistic_regression,-0.06633095558987605,success,
287,row,doubly_robust,-0.061054331312939455,success,
287,apk_cluster,psm,-0.07196345311543352,success,
287,apk_cluster,logistic_regression,-0.06543850890684375,success,
287,apk_cluster,doubly_robust,-0.06521565242586885,success,
288,row,psm,-0.05372931308093403,success,
288,row,logistic_regression,-0.04903594549022838,success,
288,row,doubly_robust,-0.0416683028868446,success,
288,apk_cluster,psm,-0.05050235618387126,success,
288,apk_cluster,logistic_regression,-0.08762033856392493,success,
288,apk_cluster,doubly_robust,-0.08531168763236331,success,
289,row,psm,-0.08075266379505781,success,
289,row,logistic_regression,-0.06251863509608444,success,
289,row,doubly_robust,-0.058592307135200736,success,
289,apk_cluster,psm,-0.05638888888888889,success,
289,apk_cluster,logistic_regression,-0.01798021354576348,success,
289,apk_cluster,doubly_robust,-0.011188488661330721,success,
290,row,psm,-0.044207662661528,success,
290,row,logistic_regression,-0.0609163932013455,success,
290,row,doubly_robust,-0.05580662200773491,success,
290,apk_cluster,psm,-0.06996746735594278,success,
290,apk_cluster,logistic_regression,-0.06964877088201296,success,
290,apk_cluster,doubly_robust,-0.06870013320332811,success,
291,row,psm,-0.0566311493992292,success,
291,row,logistic_regression,-0.05841917806485007,success,
291,row,doubly_robust,-0.0544336286303941,success,
291,apk_cluster,psm,-0.058926757181121274,success,
291,apk_cluster,logistic_regression,-0.07031821201428815,success,
291,apk_cluster,doubly_robust,-0.06468458431349651,success,
292,row,psm,-0.07816821582407617,success,
292,row,logistic_regression,-0.0691312869008222,success,
292,row,doubly_robust,-0.06492147759245241,success,
292,apk_cluster,psm,-0.05982866617538688,success,
292,apk_cluster,logistic_regression,-0.036547779542798725,success,
292,apk_cluster,doubly_robust,-0.02153959473886724,success,
293,row,psm,-0.06719564724552256,success,
293,row,logistic_regression,-0.06992883340416021,success,
293,row,doubly_robust,-0.0667894094504222,success,
293,apk_cluster,psm,-0.0838676139317276,success,
293,apk_cluster,logistic_regression,-0.049883125852472204,success,
293,apk_cluster,doubly_robust,-0.053668882572911976,success,
294,row,psm,-0.08787123101337566,success,
294,row,logistic_regression,-0.07893573296436535,success,
294,row,doubly_robust,-0.07425720184691124,success,
294,apk_cluster,psm,-0.05889259381017236,success,
294,apk_cluster,logistic_regression,-0.05756546365993557,success,
294,apk_cluster,doubly_robust,-0.05222737488429728,success,
295,row,psm,-0.06705962366810247,success,
295,row,logistic_regression,-0.07030804843247496,success,
295,row,doubly_robust,-0.0671097665005869,success,
295,apk_cluster,psm,-0.08296381061364612,success,
295,apk_cluster,logistic_regression,-0.03893717295010436,success,
295,apk_cluster,doubly_robust,-0.03533606650141322,success,
296,row,psm,-0.07200181364769893,success,
296,row,logistic_regression,-0.07533833121671721,success,
296,row,doubly_robust,-0.07114088003854357,success,
296,apk_cluster,psm,-0.10338052069843255,success,
296,apk_cluster,logistic_regression,-0.091728340903563,success,
296,apk_cluster,doubly_robust,-0.0870494229437284,success,
297,row,psm,-0.09503513942416686,success,
297,row,logistic_regression,-0.06708556788241495,success,
297,row,doubly_robust,-0.06333961275582878,success,
297,apk_cluster,psm,-0.05848602628169535,success,
297,apk_cluster,logistic_regression,-0.07479681494101441,success,
297,apk_cluster,doubly_robust,-0.07226927625302329,success,
298,row,psm,-0.09367490364996599,success,
298,row,logistic_regression,-0.0763505955848191,success,
298,row,doubly_robust,-0.07252254515694327,success,
298,apk_cluster,psm,-0.06860051349038332,success,
298,apk_cluster,logistic_regression,-0.0698224732317723,success,
298,apk_cluster,doubly_robust,-0.06454867260412725,success,
299,row,psm,-0.08338245295851279,success,
299,row,logistic_regression,-0.06387797491743083,success,
299,row,doubly_robust,-0.05848473914656807,success,
299,apk_cluster,psm,-0.07549436333394936,success,
299,apk_cluster,logistic_regression,-0.08102459764891891,success,
299,apk_cluster,doubly_robust,-0.07633732266223915,success,
300,row,psm,-0.05087281795511222,success,
300,row,logistic_regression,-0.055171349131997054,success,
300,row,doubly_robust,-0.04989379067543022,success,
300,apk_cluster,psm,-0.08135239667984877,success,
300,apk_cluster,logistic_regression,-0.08452725278700883,success,
300,apk_cluster,doubly_robust,-0.08062891501762941,success,
301,row,psm,-0.07068691906597144,success,
301,row,logistic_regression,-0.07277866068001737,success,
301,row,doubly_robust,-0.06726453973653536,success,
301,apk_cluster,psm,-0.09362341268035138,success,
301,apk_cluster,logistic_regression,-0.07052956536846851,success,
301,apk_cluster,doubly_robust,-0.065595790231621,success,
302,row,psm,-0.06823849467240989,success,
302,row,logistic_regression,-0.06682323640022625,success,
302,row,doubly_robust,-0.06164143839400367,success,
302,apk_cluster,psm,-0.0975643831788758,success,
302,apk_cluster,logistic_regression,-0.06078323133997743,success,
302,apk_cluster,doubly_robust,-0.06005836351186966,success,
303,row,psm,-0.08170482883699841,success,
303,row,logistic_regression,-0.07675824608850489,success,
303,row,doubly_robust,-0.07387844541346414,success,
303,apk_cluster,psm,-0.05748969308291342,success,
303,apk_cluster,logistic_regression,-0.05844781777767242,success,
303,apk_cluster,doubly_robust,-0.05628717750440681,success,
304,row,psm,-0.059850374064837904,success,
304,row,logistic_regression,-0.0689673753702664,success,
304,row,doubly_robust,-0.06552658792905397,success,
304,apk_cluster,psm,-0.045258140674417566,success,
304,apk_cluster,logistic_regression,-0.06111065882438983,success,
304,apk_cluster,doubly_robust,-0.06179110962974624,success,
305,row,psm,-0.02121967807753344,success,
305,row,logistic_regression,-0.06367023346440995,success,
305,row,doubly_robust,-0.060689020061010394,success,
305,apk_cluster,psm,-0.03388040656487878,success,
305,apk_cluster,logistic_regression,-0.04357023866723031,success,
305,apk_cluster,doubly_robust,-0.03788351878954412,success,
306,row,psm,-0.04180457946043981,success,
306,row,logistic_regression,-0.07200162256045883,success,
306,row,doubly_robust,-0.06796298385932646,success,
306,apk_cluster,psm,-0.08121827411167512,success,
306,apk_cluster,logistic_regression,-0.08145642330214409,success,
306,apk_cluster,doubly_robust,-0.07679461286741127,success,
307,row,psm,-0.06950804806166402,success,
307,row,logistic_regression,-0.07183542842336427,success,
307,row,doubly_robust,-0.06819311105101288,success,
307,apk_cluster,psm,-0.05395864851235502,success,
307,apk_cluster,logistic_regression,-0.05730822184135346,success,
307,apk_cluster,doubly_robust,-0.052144354804455874,success,
308,row,psm,-0.06302425753797325,success,
308,row,logistic_regression,-0.04388500946893008,success,
308,row,doubly_robust,-0.038726753747081455,success,
308,apk_cluster,psm,-0.10853984975390726,success,
308,apk_cluster,logistic_regression,-0.07846384278512772,success,
308,apk_cluster,doubly_robust,-0.07742181961841299,success,
309,row,psm,-0.04325549761958739,success,
309,row,logistic_regression,-0.0674252132053453,success,
309,row,doubly_robust,-0.06479742788171361,success,
309,apk_cluster,psm,-0.08749082905355832,success,
309,apk_cluster,logistic_regression,-0.05149218591046898,success,
309,apk_cluster,doubly_robust,-0.0480639807268558,success,
310,row,psm,-0.03627295397868964,success,
310,row,logistic_regression,-0.05680531970128136,success,
310,row,doubly_robust,-0.05359753246310101,success,
310,apk_cluster,psm,-0.08172355802009,success,
310,apk_cluster,logistic_regression,-0.060309186056727686,success,
310,apk_cluster,doubly_robust,-0.05277529776328052,success,
311,row,psm,-0.055724325549761956,success,
311,row,logistic_regression,-0.06932502844630742,success,
311,row,doubly_robust,-0.06538834887950097,success,
311,apk_cluster,psm,-0.07090323511032062,success,
311,apk_cluster,logistic_regression,-0.06724644915584863,success,
311,apk_cluster,doubly_robust,-0.06098209518112185,success,
312,row,psm,-0.02502833824529585,success,
312,row,logistic_regression,-0.06042590752347627,success,
312,row,doubly_robust,-0.05633242111091704,success,
312,apk_cluster,psm,-0.042792190425247394,success,
312,apk_cluster,logistic_regression,-0.06322310807751862,success,
312,apk_cluster,doubly_robust,-0.059335488845761335,success,
313,row,psm,-0.047970981636817046,success,
313,row,logistic_regression,-0.05941576130853169,success,
313,row,doubly_robust,-0.05561718981662814,success,
313,apk_cluster,psm,-0.06771730013684722,success,
313,apk_cluster,logistic_regression,-0.06841732858040972,success,
313,apk_cluster,doubly_robust,-0.06258422255705509,success,
314,row,psm,-0.07975515756064384,success,
314,row,logistic_regression,-0.0659295176895524,success,
314,row,doubly_robust,-0.06110252635770176,success,
314,apk_cluster,psm,-0.07686716336543703,success,
314,apk_cluster,logistic_regression,-0.04411508928013831,success,
314,apk_cluster,doubly_robust,-0.044582670913395635,success,
315,row,psm,-0.04992065291317162,success,
315,row,logistic_regression,-0.05915535021510521,success,
315,row,doubly_robust,-0.053926147802348307,success,
315,apk_cluster,psm,-0.09851504665118928,success,
315,apk_cluster,logistic_regression,-0.06235085875410372,success,
315,apk_cluster,doubly_robust,-0.05077784757496706,success,
316,row,psm,-0.0376331897528905,success,
316,row,logistic_regression,-0.07624365346324372,success,
316,row,doubly_robust,-0.0721531425339766,success,
316,apk_cluster,psm,-0.017022739973348234,success,
316,apk_cluster,logistic_regression,-0.06501295489200974,success,
316,apk_cluster,doubly_robust,-0.05756931813589096,success,
317,row,psm,-0.08152346406710496,success,
317,row,logistic_regression,-0.06336673372753729,success,
317,row,doubly_robust,-0.05801153786416296,success,
317,apk_cluster,psm,-0.09575701367957339,success,
317,apk_cluster,logistic_regression,-0.05274474707111924,success,
317,apk_cluster,doubly_robust,-0.0441317198181714,success,
318,row,psm,-0.07939242802085694,success,
318,row,logistic_regression,-0.05126679114650608,success,
318,row,doubly_robust,-0.04638780147437762,success,
318,apk_cluster,psm,-0.0270378977475867,success,
318,apk_cluster,logistic_regression,-0.05425445380679768,success,
318,apk_cluster,doubly_robust,-0.049141645949908365,success,
319,row,psm,-0.04520516889594196,success,
319,row,logistic_regression,-0.05922753405761532,success,
319,row,doubly_robust,-0.05505745671131525,success,
319,apk_cluster,psm,-0.075153089627018,success,
319,apk_cluster,logistic_regression,-0.07909472984554151,success,
319,apk_cluster,doubly_robust,-0.07640459223457312,success,
320,row,psm,-0.06488324642938109,success,
320,row,logistic_regression,-0.05650400184674493,success,
320,row,doubly_robust,-0.04911315750359001,success,
320,apk_cluster,psm,-0.08184786445464172,success,
320,apk_cluster,logistic_regression,-0.059448845197646066,success,
320,apk_cluster,doubly_robust,-0.04574291892392076,success,
321,row,psm,-0.06628882339605531,success,
321,row,logistic_regression,-0.07364734526174,success,
321,row,doubly_robust,-0.07030884652347051,success,
321,apk_cluster,psm,-0.09948267179416746,success,
321,apk_cluster,logistic_regression,-0.0819163910482416,success,
321,apk_cluster,doubly_robust,-0.0746334462811697,success,
322,row,psm,-0.08905010201768307,success,
322,row,logistic_regression,-0.05771150798148467,success,
322,row,doubly_robust,-0.053261831664651885,success,
322,apk_cluster,psm,-0.045519001701644926,success,
322,apk_cluster,logistic_regression,-0.0637185207203817,success,
322,apk_cluster,doubly_robust,-0.05467068468923332,success,
323,row,psm,-0.07803219224665608,success,
323,row,logistic_regression,-0.05779892065372389,success,
323,row,doubly_robust,-0.0529311398164209,success,
323,apk_cluster,psm,-0.06460427442178199,success,
323,apk_cluster,logistic_regression,-0.04261856176085776,success,
323,apk_cluster,doubly_robust,-0.0434760741247828,success,
324,row,psm,-0.08569485377465427,success,
324,row,logistic_regression,-0.07841724068366009,success,
324,row,doubly_robust,-0.07441554946547892,success,
324,apk_cluster,psm,-0.10424100085813649,success,
324,apk_cluster,logistic_regression,-0.08293575470023992,success,
324,apk_cluster,doubly_robust,-0.07983755720387527,success,
325,row,psm,-0.06025844479709817,success,
325,row,logistic_regression,-0.05587207016193792,success,
325,row,doubly_robust,-0.05056803866609506,success,
325,apk_cluster,psm,-0.05979742890533697,success,
325,apk_cluster,logistic_regression,-0.06073279564039984,success,
325,apk_cluster,doubly_robust,-0.06091282991581429,success,
326,row,psm,-0.06619814101110859,success,
326,row,logistic_regression,-0.06853306526809443,success,
326,row,doubly_robust,-0.06519954796120647,success,
326,apk_cluster,psm,-0.042783505154639176,success,
326,apk_cluster,logistic_regression,-0.0765662952709727,success,
326,apk_cluster,doubly_robust,-0.07274766856018484,success,
327,row,psm,-0.03192019950124689,success,
327,row,logistic_regression,-0.061042150366512664,success,
327,row,doubly_robust,-0.05464201397219758,success,
327,apk_cluster,psm,-0.07649480677458595,success,
327,apk_cluster,logistic_regression,-0.07702420015545805,success,
327,apk_cluster,doubly_robust,-0.06768419954380998,success,
328,row,psm,-0.05109952391747903,success,
328,row,logistic_regression,-0.056445461176630275,success,
328,row,doubly_robust,-0.05292827041991826,success,
328,apk_cluster,psm,-0.06623434704830054,success,
328,apk_cluster,logistic_regression,-0.07401698577539742,success,
328,apk_cluster,doubly_robust,-0.06450738125297208,success,
329,row,psm,-0.05109952391747903,success,
329,row,logistic_regression,-0.06866353073488049,success,
329,row,doubly_robust,-0.06559723806603644,success,
329,apk_cluster,psm,-0.0503816079037318,success,
329,apk_cluster,logistic_regression,-0.04966738005063895,success,
329,apk_cluster,doubly_robust,-0.04904126134698027,success,
330,row,psm,-0.08079800498753117,success,
330,row,logistic_regression,-0.07026617692272326,success,
330,row,doubly_robust,-0.06558761646833912,success,
330,apk_cluster,psm,-0.04571093362212897,success,
330,apk_cluster,logistic_regression,-0.04638911507746683,success,
330,apk_cluster,doubly_robust,-0.04379916890049782,success,
331,row,psm,-0.06111992745409204,success,
331,row,logistic_regression,-0.05339941916098409,success,
331,row,doubly_robust,-0.04789851364983592,success,
331,apk_cluster,psm,-0.10237986270022884,success,
331,apk_cluster,logistic_regression,-0.06830384831955667,success,
331,apk_cluster,doubly_robust,-0.06732634518111144,success,
332,row,psm,-0.07463160281115393,success,
332,row,logistic_regression,-0.07270628560367376,success,
332,row,doubly_robust,-0.06948477159453895,success,
332,apk_cluster,psm,-0.08237927175690798,success,
332,apk_cluster,logistic_regression,-0.07640167355799461,success,
332,apk_cluster,doubly_robust,-0.07130571455015046,success,
333,row,psm,-0.0814781228746316,success,
333,row,logistic_regression,-0.041481924060989925,success,
333,row,doubly_robust,-0.03557112955723525,success,
333,apk_cluster,psm,-0.08243577190283023,success,
333,apk_cluster,logistic_regression,-0.04318872513286309,success,
333,apk_cluster,doubly_robust,-0.04046628361086778,success,
334,row,psm,-0.09000226705962366,success,
334,row,logistic_regression,-0.06319587183800143,success,
334,row,doubly_robust,-0.05897236264139006,success,
334,apk_cluster,psm,-0.06071999654263365,success,
334,apk_cluster,logistic_regression,-0.08392317309000157,success,
334,apk_cluster,doubly_robust,-0.07921230015673991,success,
335,row,psm,-0.0615279981863523,success,
335,row,logistic_regression,-0.06389188154734508,success,
335,row,doubly_robust,-0.05842939209981254,success,
335,apk_cluster,psm,-0.060767067017904186,success,
335,apk_cluster,logistic_regression,-0.07122850716298211,success,
335,apk_cluster,doubly_robust,-0.06506983701476232,success,
336,row,psm,-0.08279301745635909,success,
336,row,logistic_regression,-0.07445140361434181,success,
336,row,doubly_robust,-0.07151188203222432,success,
336,apk_cluster,psm,-0.09054957043501978,success,
336,apk_cluster,logistic_regression,-0.04777174686117684,success,
336,apk_cluster,doubly_robust,-0.048074125462613054,success,
337,row,psm,-0.053910677850827475,success,
337,row,logistic_regression,-0.06285081864869883,success,
337,row,doubly_robust,-0.05635087290196807,success,
337,apk_cluster,psm,-0.10374808541310028,success,
337,apk_cluster,logistic_regression,-0.08349645048112911,success,
337,apk_cluster,doubly_robust,-0.07755868970755546,success,
338,row,psm,-0.06066651552935842,success,
338,row,logistic_regression,-0.0495153123972643,success,
338,row,doubly_robust,-0.04484196361412615,success,
338,apk_cluster,psm,-0.08024441748663341,success,
338,apk_cluster,logistic_regression,-0.06895307409392756,success,
338,apk_cluster,doubly_robust,-0.06569791451065948,success,
339,row,psm,-0.06742235320788936,success,
339,row,logistic_regression,-0.07715213866702629,success,
339,row,doubly_robust,-0.07275921888177302,success,
339,apk_cluster,psm,-0.06874195328306051,success,
339,apk_cluster,logistic_regression,-0.07197051253912927,success,
339,apk_cluster,doubly_robust,-0.059534189488732174,success,
340,row,psm,-0.08297438222625254,success,
340,row,logistic_regression,-0.06517984080698339,success,
340,row,doubly_robust,-0.06103937346545274,success,
340,apk_cluster,psm,-0.04706516369515427,success,
340,apk_cluster,logistic_regression,-0.046526651598468,success,
340,apk_cluster,doubly_robust,-0.04186198555565121,success,
341,row,psm,-0.08628428927680798,success,
341,row,logistic_regression,-0.08245125157244243,success,
341,row,doubly_robust,-0.07888587363593244,success,
341,apk_cluster,psm,-0.08508793061912792,success,
341,apk_cluster,logistic_regression,-0.06690296058879598,success,
341,apk_cluster,doubly_robust,-0.058524992551986156,success,
342,row,psm,-0.0618907277261392,success,
342,row,logistic_regression,-0.06298193837445834,success,
342,row,doubly_robust,-0.058931168776575116,success,
342,apk_cluster,psm,-0.058354946276398666,success,
342,apk_cluster,logistic_regression,-0.08253636906495757,success,
342,apk_cluster,doubly_robust,-0.07905870805879144,success,
343,row,psm,-0.08152346406710496,success,
343,row,logistic_regression,-0.07638881220839401,success,
343,row,doubly_robust,-0.0745347416495868,success,
343,apk_cluster,psm,-0.0639606940509915,success,
343,apk_cluster,logistic_regression,-0.0641264260654193,success,
343,apk_cluster,doubly_robust,-0.06249971620800979,success,
344,row,psm,-0.05930627975515756,success,
344,row,logistic_regression,-0.058830301236262574,success,
344,row,doubly_robust,-0.05441318794483276,success,
344,apk_cluster,psm,-0.06410137822588105,success,
344,apk_cluster,logistic_regression,-0.060720925322351654,success,
344,apk_cluster,doubly_robust,-0.05713030224296366,success,
345,row,psm,-0.07059623668102472,success,
345,row,logistic_regression,-0.07959616896638771,success,
345,row,doubly_robust,-0.07552627634395107,success,
345,apk_cluster,psm,-0.06235576069589917,success,
345,apk_cluster,logistic_regression,-0.06955659547647455,success,
345,apk_cluster,doubly_robust,-0.06440573297568662,success,
346,row,psm,-0.07077760145091816,success,
346,row,logistic_regression,-0.06850626677584896,success,
346,row,doubly_robust,-0.0629616770062038,success,
346,apk_cluster,psm,-0.05735553547609828,success,
346,apk_cluster,logistic_regression,-0.08203267975777351,success,
346,apk_cluster,doubly_robust,-0.08022188418932832,success,
347,row,psm,-0.07209249603264567,success,
347,row,logistic_regression,-0.06474116064583507,success,
347,row,doubly_robust,-0.05993062401897752,success,
347,apk_cluster,psm,-0.02588530532577377,success,
347,apk_cluster,logistic_regression,-0.052958664262772556,success,
347,apk_cluster,doubly_robust,-0.05149072544280625,success,
348,row,psm,-0.06946270686919066,success,
348,row,logistic_regression,-0.061101126449552096,success,
348,row,doubly_robust,-0.05712057845504959,success,
348,apk_cluster,psm,-0.025287147591592136,success,
348,apk_cluster,logistic_regression,-0.06533644988087069,success,
348,apk_cluster,doubly_robust,-0.061928759018345665,success,
349,row,psm,-0.0637950578100204,success,
349,row,logistic_regression,-0.0622059072808755,success,
349,row,doubly_robust,-0.057383587832785424,success,
349,apk_cluster,psm,-0.06494606400998484,success,
349,apk_cluster,logistic_regression,-0.06296440837051367,success,
349,apk_cluster,doubly_robust,-0.05679080882893305,success,
350,row,psm,-0.0588982090228973,success,
350,row,logistic_regression,-0.0674317575995565,success,
350,row,doubly_robust,-0.06373153474330268,success,
350,apk_cluster,psm,-0.06629883028029132,success,
350,apk_cluster,logistic_regression,-0.0496340938610968,success,
350,apk_cluster,doubly_robust,-0.04168614787700495,success,
351,row,psm,-0.07168442530038541,success,
351,row,logistic_regression,-0.07147132204907905,success,
351,row,doubly_robust,-0.06737467432380295,success,
351,apk_cluster,psm,-0.07498144023756495,success,
351,apk_cluster,logistic_regression,-0.08396535020206024,success,
351,apk_cluster,doubly_robust,-0.07975780481865329,success,
352,row,psm,-0.08537746542734075,success,
352,row,logistic_regression,-0.07212314044984658,success,
352,row,doubly_robust,-0.0689809134321036,success,
352,apk_cluster,psm,-0.032247632247632246,success,
352,apk_cluster,logistic_regression,-0.04157527624479392,success,
352,apk_cluster,doubly_robust,-0.03924024872510616,success,
353,row,psm,-0.040172296531398775,success,
353,row,logistic_regression,-0.05485332184601701,success,
353,row,doubly_robust,-0.05055686360906041,success,
353,apk_cluster,psm,-0.07380245079836614,success,
353,apk_cluster,logistic_regression,-0.03545975713970066,success,
353,apk_cluster,doubly_robust,-0.032360656813861126,success,
354,row,psm,-0.06316028111539333,success,
354,row,logistic_regression,-0.05558482926018073,success,
354,row,doubly_robust,-0.04913019378683231,success,
354,apk_cluster,psm,-0.0918092630618298,success,
354,apk_cluster,logistic_regression,-0.07329534213132759,success,
354,apk_cluster,doubly_robust,-0.06959718824887029,success,
355,row,psm,-0.06442983450464748,success,
355,row,logistic_regression,-0.07761137048269932,success,
355,row,doubly_robust,-0.07520530491485251,success,
355,apk_cluster,psm,-0.06674229532993005,success,
355,apk_cluster,logistic_regression,-0.05971702293697162,success,
355,apk_cluster,doubly_robust,-0.05894615854919328,success,
356,row,psm,-0.01682158240761732,success,
356,row,logistic_regression,-0.05924505122193679,success,
356,row,doubly_robust,-0.056412682383270865,success,
356,apk_cluster,psm,-0.11231496343855894,success,
356,apk_cluster,logistic_regression,-0.07730476273599421,success,
356,apk_cluster,doubly_robust,-0.07118569413167716,success,
357,row,psm,-0.06402176377238722,success,
357,row,logistic_regression,-0.060798311257022175,success,
357,row,doubly_robust,-0.05707365771252083,success,
357,apk_cluster,psm,-0.04206961094522929,success,
357,apk_cluster,logistic_regression,-0.04975191430401053,success,
357,apk_cluster,doubly_robust,-0.047397296835266126,success,
358,row,psm,-0.09131716164135117,success,
358,row,logistic_regression,-0.07198515429202774,success,
358,row,doubly_robust,-0.06787811394628643,success,
358,apk_cluster,psm,-0.09025002323636026,success,
358,apk_cluster,logistic_regression,-0.07679097902915577,success,
358,apk_cluster,doubly_robust,-0.07482767337129352,success,
359,row,psm,-0.05608705508954886,success,
359,row,logistic_regression,-0.05237802322576803,success,
359,row,doubly_robust,-0.047271115269504206,success,
359,apk_cluster,psm,-0.07875364600212972,success,
359,apk_cluster,logistic_regression,-0.06604955962477953,success,
359,apk_cluster,doubly_robust,-0.06348944133354871,success,
360,row,psm,-0.0919972795284516,success,
360,row,logistic_regression,-0.08920622820388545,success,
360,row,doubly_robust,-0.08581879938116042,success,
360,apk_cluster,psm,-0.08362785147106072,success,
360,apk_cluster,logistic_regression,-0.058205669700023825,success,
360,apk_cluster,doubly_robust,-0.05374229012789019,success,
361,row,psm,-0.026660621174336884,success,
361,row,logistic_regression,-0.06391432363684732,success,
361,row,doubly_robust,-0.0601738901576239,success,
361,apk_cluster,psm,-0.07833201617776951,success,
361,apk_cluster,logistic_regression,-0.05110729822871077,success,
361,apk_cluster,doubly_robust,-0.04444383026592944,success,
362,row,psm,-0.06751303559283608,success,
362,row,logistic_regression,-0.06759075015538533,success,
362,row,doubly_robust,-0.06592464244938646,success,
362,apk_cluster,psm,-0.0871947536456985,success,
362,apk_cluster,logistic_regression,-0.07766474725084746,success,
362,apk_cluster,doubly_robust,-0.06975930556496021,success,
363,row,psm,-0.07195647245522557,success,
363,row,logistic_regression,-0.08570690336773792,success,
363,row,doubly_robust,-0.0816877144682723,success,
363,apk_cluster,psm,-0.09602649006622517,success,
363,apk_cluster,logistic_regression,-0.06575252606535502,success,
363,apk_cluster,doubly_robust,-0.056862532540481805,success,
364,row,psm,-0.051235547494899114,success,
364,row,logistic_regression,-0.07079100972800975,success,
364,row,doubly_robust,-0.06600227078264474,success,
364,apk_cluster,psm,-0.09497256947567227,success,
364,apk_cluster,logistic_regression,-0.053478821154700755,success,
364,apk_cluster,doubly_robust,-0.051834522074387934,success,
365,row,psm,-0.0692813420992972,success,
365,row,logistic_regression,-0.06378534369888714,success,
365,row,doubly_robust,-0.05929569650376676,success,
365,apk_cluster,psm,-0.031129715165511933,success,
365,apk_cluster,logistic_regression,-0.06781815709971185,success,
365,apk_cluster,doubly_robust,-0.06379882326119742,success,
366,row,psm,-0.0789843572885967,success,
366,row,logistic_regression,-0.05812920267869718,success,
366,row,doubly_robust,-0.05352615606887447,success,
366,apk_cluster,psm,-0.0685522313524311,success,
366,apk_cluster,logistic_regression,-0.06699829339102482,success,
366,apk_cluster,doubly_robust,-0.06446987844386921,success,
367,row,psm,-0.040308320108818865,success,
367,row,logistic_regression,-0.05065441455641941,success,
367,row,doubly_robust,-0.04594079412758015,success,
367,apk_cluster,psm,-0.0887809187279152,success,
367,apk_cluster,logistic_regression,-0.06803854858694176,success,
367,apk_cluster,doubly_robust,-0.0611413016016948,success,
368,row,psm,-0.0461119927454092,success,
368,row,logistic_regression,-0.06907496214622161,success,
368,row,doubly_robust,-0.0642231084045029,success,
368,apk_cluster,psm,-0.057317967974448616,success,
368,apk_cluster,logistic_regression,-0.05674329753646126,success,
368,apk_cluster,doubly_robust,-0.05188117101424195,success,
369,row,psm,-0.0534119247336205,success,
369,row,logistic_regression,-0.054055324495113216,success,
369,row,doubly_robust,-0.0481702619260629,success,
369,apk_cluster,psm,-0.057652521723139165,success,
369,apk_cluster,logistic_regression,-0.056223279235691974,success,
369,apk_cluster,doubly_robust,-0.05677078428351465,success,
370,row,psm,-0.05282248923146679,success,
370,row,logistic_regression,-0.055739942541491797,success,
370,row,doubly_robust,-0.05068266171455915,success,
370,apk_cluster,psm,-0.07079850367154668,success,
370,apk_cluster,logistic_regression,-0.07069465615976664,success,
370,apk_cluster,doubly_robust,-0.07084980146463511,success,
371,row,psm,-0.06084788029925187,success,
371,row,logistic_regression,-0.06985910973957034,success,
371,row,doubly_robust,-0.06697991760290144,success,
371,apk_cluster,psm,-0.06614488880404697,success,
371,apk_cluster,logistic_regression,-0.058340326869782,success,
371,apk_cluster,doubly_robust,-0.05053531143514349,success,
372,row,psm,-0.07231920199501247,success,
372,row,logistic_regression,-0.0511719945450573,success,
372,row,doubly_robust,-0.045858252677492634,success,
372,apk_cluster,psm,-0.04114994363021421,success,
372,apk_cluster,logistic_regression,-0.050249973843325295,success,
372,apk_cluster,doubly_robust,-0.043825824299008,success,
373,row,psm,-0.04234867377012015,success,
373,row,logistic_regression,-0.05841357437069978,success,
373,row,doubly_robust,-0.05228954361083636,success,
373,apk_cluster,psm,-0.07027190855559404,success,
373,apk_cluster,logistic_regression,-0.0697424267636017,success,
373,apk_cluster,doubly_robust,-0.064443549611474,success,
374,row,psm,-0.046973475402403084,success,
374,row,logistic_regression,-0.07183021292875294,success,
374,row,doubly_robust,-0.06897088317336139,success,
374,apk_cluster,psm,-0.07000950570342204,success,
374,apk_cluster,logistic_regression,-0.06649265994005756,success,
374,apk_cluster,doubly_robust,-0.06697046778108395,success,
375,row,psm,-0.051462253457265926,success,
375,row,logistic_regression,-0.060363150035715955,success,
375,row,doubly_robust,-0.05581620563867711,success,
375,apk_cluster,psm,-0.07420703444515131,success,
375,apk_cluster,logistic_regression,-0.05720633599195317,success,
375,apk_cluster,doubly_robust,-0.0547947232267732,success,
376,row,psm,-0.05808206755837678,success,
376,row,logistic_regression,-0.05866439367539684,success,
376,row,doubly_robust,-0.053996157633121385,success,
376,apk_cluster,psm,-0.07993786063027075,success,
376,apk_cluster,logistic_regression,-0.023631180933845048,success,
376,apk_cluster,doubly_robust,-0.024634462391542645,success,
377,row,psm,-0.05508954885513489,success,
377,row,logistic_regression,-0.046361036549792636,success,
377,row,doubly_robust,-0.04011142418409709,success,
377,apk_cluster,psm,-0.09428884225891798,success,
377,apk_cluster,logistic_regression,-0.0885117344851429,success,
377,apk_cluster,doubly_robust,-0.09061474218580962,success,
378,row,psm,-0.0982090228973022,success,
378,row,logistic_regression,-0.06544136607824155,success,
378,row,doubly_robust,-0.06156307018109517,success,
378,apk_cluster,psm,-0.0555454047140508,success,
378,apk_cluster,logistic_regression,-0.08416747128213702,success,
378,apk_cluster,doubly_robust,-0.08126911430120226,success,
379,row,psm,-0.07440489684878714,success,
379,row,logistic_regression,-0.06842107039601185,success,
379,row,doubly_robust,-0.06466749777720628,success,
379,apk_cluster,psm,-0.07644666296912553,success,
379,apk_cluster,logistic_regression,-0.06915056999276843,success,
379,apk_cluster,doubly_robust,-0.05616030204724696,success,
380,row,psm,-0.10074812967581047,success,
380,row,logistic_regression,-0.07332961770229554,success,
380,row,doubly_robust,-0.06884841246921335,success,
380,apk_cluster,psm,-0.08813963076641165,success,
380,apk_cluster,logistic_regression,-0.07951349168330459,success,
380,apk_cluster,doubly_robust,-0.07704633531418366,success,
381,row,psm,-0.07998186352301065,success,
381,row,logistic_regression,-0.06777821725538806,success,
381,row,doubly_robust,-0.06431847975704245,success,
381,apk_cluster,psm,-0.09069095756498557,success,
381,apk_cluster,logistic_regression,-0.0673957306328927,success,
381,apk_cluster,doubly_robust,-0.06200396004070492,success,
382,row,psm,-0.08197687599183859,success,
382,row,logistic_regression,-0.07340781015411847,success,
382,row,doubly_robust,-0.06984430923086467,success,
382,apk_cluster,psm,-0.059614233761450995,success,
382,apk_cluster,logistic_regression,-0.050983257607740605,success,
382,apk_cluster,doubly_robust,-0.044250959085506074,success,
383,row,psm,-0.07413284969394696,success,
383,row,logistic_regression,-0.05787572943234583,success,
383,row,doubly_robust,-0.05171584545730696,success,
383,apk_cluster,psm,-0.09763723256956541,success,
383,apk_cluster,logistic_regression,-0.07050995235518727,success,
383,apk_cluster,doubly_robust,-0.06386875187098476,success,
384,row,psm,-0.0031285422806619813,success,
384,row,logistic_regression,-0.06537906900377381,success,
384,row,doubly_robust,-0.06134822503306618,success,
384,apk_cluster,psm,-0.035139912904755745,success,
384,apk_cluster,logistic_regression,-0.06898502985607005,success,
384,apk_cluster,doubly_robust,-0.05801672084487211,success,
385,row,psm,-0.06406710496486058,success,
385,row,logistic_regression,-0.04814649016764454,success,
385,row,doubly_robust,-0.042830215759389854,success,
385,apk_cluster,psm,-0.08789612276400617,success,
385,apk_cluster,logistic_regression,-0.05080416822841772,success,
385,apk_cluster,doubly_robust,-0.036978427182607604,success,
386,row,psm,-0.08224892314667877,success,
386,row,logistic_regression,-0.06619095940296944,success,
386,row,doubly_robust,-0.06155606165333538,success,
386,apk_cluster,psm,-0.09588913256497597,success,
386,apk_cluster,logistic_regression,-0.07464391143334335,success,
386,apk_cluster,doubly_robust,-0.07314626953000827,success,
387,row,psm,-0.07431421446384041,success,
387,row,logistic_regression,-0.06445771846810491,success,
387,row,doubly_robust,-0.05923098265706277,success,
387,apk_cluster,psm,-0.05623507626333999,success,
387,apk_cluster,logistic_regression,-0.05018168108146942,success,
387,apk_cluster,doubly_robust,-0.04237199378443963,success,
388,row,psm,-0.07281795511221945,success,
388,row,logistic_regression,-0.06576045608289474,success,
388,row,doubly_robust,-0.061718468717646774,success,
388,apk_cluster,psm,-0.06814406853745957,success,
388,apk_cluster,logistic_regression,-0.04979189870564356,success,
388,apk_cluster,doubly_robust,-0.04509379976910233,success,
389,row,psm,-0.09099977329403763,success,
389,row,logistic_regression,-0.06928432501928836,success,
389,row,doubly_robust,-0.06521907850762344,success,
389,apk_cluster,psm,-0.06720943052198618,success,
389,apk_cluster,logistic_regression,-0.07323043114028967,success,
389,apk_cluster,doubly_robust,-0.0663697334646845,success,
390,row,psm,-0.07367943776921333,success,
390,row,logistic_regression,-0.0672274552553351,success,
390,row,doubly_robust,-0.0608013176180792,success,
390,apk_cluster,psm,-0.10157386589075519,success,
390,apk_cluster,logistic_regression,-0.09431487797668349,success,
390,apk_cluster,doubly_robust,-0.09567260736611283,success,
391,row,psm,-0.044389027431421445,success,
391,row,logistic_regression,-0.06326243534438239,success,
391,row,doubly_robust,-0.05831273452209523,success,
391,apk_cluster,psm,-0.04949226535066907,success,
391,apk_cluster,logistic_regression,-0.05368692265446203,success,
391,apk_cluster,doubly_robust,-0.05165990312886745,success,
392,row,psm,-0.08406257084561324,success,
392,row,logistic_regression,-0.06053744627526829,success,
392,row,doubly_robust,-0.056016146825167,success,
392,apk_cluster,psm,-0.09132502018480308,success,
392,apk_cluster,logistic_regression,-0.05091692669494154,success,
392,apk_cluster,doubly_robust,-0.042716657016834636,success,
393,row,psm,-0.05844479709816368,success,
393,row,logistic_regression,-0.06808545553271927,success,
393,row,doubly_robust,-0.06403122959213733,success,
393,apk_cluster,psm,-0.04412548880199075,success,
393,apk_cluster,logistic_regression,-0.06067259009948838,success,
393,apk_cluster,doubly_robust,-0.053281301563532175,success,
394,row,psm,-0.07544774427567444,success,
394,row,logistic_regression,-0.05915753895275727,success,
394,row,doubly_robust,-0.05457325992748066,success,
394,apk_cluster,psm,-0.07391973910680315,success,
394,apk_cluster,logistic_regression,-0.05407111733472017,success,
394,apk_cluster,doubly_robust,-0.047562567895048,success,
395,row,psm,-0.08193153479936523,success,
395,row,logistic_regression,-0.06836218060063737,success,
395,row,doubly_robust,-0.06357498324556331,success,
395,apk_cluster,psm,-0.09630362752269891,success,
395,apk_cluster,logistic_regression,-0.05931107524577767,success,
395,apk_cluster,doubly_robust,-0.06047106605352254,success,
396,row,psm,-0.05545227839492178,success,
396,row,logistic_regression,-0.06241166816060103,success,
396,row,doubly_robust,-0.057001713232658596,success,
396,apk_cluster,psm,-0.037231417933880594,success,
396,apk_cluster,logistic_regression,-0.062210106880021876,success,
396,apk_cluster,doubly_robust,-0.054306002764477355,success,
397,row,psm,-0.06139197460893221,success,
397,row,logistic_regression,-0.0508660490581428,success,
397,row,doubly_robust,-0.04490731507487466,success,
397,apk_cluster,psm,-0.0805538352649739,success,
397,apk_cluster,logistic_regression,-0.0966271383020959,success,
397,apk_cluster,doubly_robust,-0.09166666436058532,success,
398,row,psm,-0.038222625255044204,success,
398,row,logistic_regression,-0.05872380940692831,success,
398,row,doubly_robust,-0.05431299966217775,success,
398,apk_cluster,psm,-0.04301638719512195,success,
398,apk_cluster,logistic_regression,-0.039150707773187375,success,
398,apk_cluster,doubly_robust,-0.04305003550543099,success,
399,row,psm,-0.05799138517343006,success,
399,row,logistic_regression,-0.07030781715309603,success,
399,row,doubly_robust,-0.06607341531600659,success,
399,apk_cluster,psm,-0.07014461413704555,success,
399,apk_cluster,logistic_regression,-0.06499790007793735,success,
399,apk_cluster,doubly_robust,-0.05422678900435395,success,
400,row,psm,-0.07472228519610066,success,
400,row,logistic_regression,-0.07508206055472669,success,
400,row,doubly_robust,-0.07094134451050173,success,
400,apk_cluster,psm,-0.10044091710758378,success,
400,apk_cluster,logistic_regression,-0.06656608256145724,success,
400,apk_cluster,doubly_robust,-0.052832861160283025,success,
401,row,psm,-0.06347766946270687,success,
401,row,logistic_regression,-0.06526297525513795,success,
401,row,doubly_robust,-0.06188429156833465,success,
401,apk_cluster,psm,-0.051576556904533145,success,
401,apk_cluster,logistic_regression,-0.059168099247864855,success,
401,apk_cluster,doubly_robust,-0.048595620623400726,success,
402,row,psm,-0.06352301065518023,success,
402,row,logistic_regression,-0.06380905262852678,success,
402,row,doubly_robust,-0.05841767580308266,success,
402,apk_cluster,psm,-0.10015350786209186,success,
402,apk_cluster,logistic_regression,-0.046154556524433066,success,
402,apk_cluster,doubly_robust,-0.04939679788889519,success,
403,row,psm,-0.0402629789163455,success,
403,row,logistic_regression,-0.07181568469993409,success,
403,row,doubly_robust,-0.06776447832158031,success,
403,apk_cluster,psm,-0.10121367824238128,success,
403,apk_cluster,logistic_regression,-0.08341438248836258,success,
403,apk_cluster,doubly_robust,-0.08014220538830472,success,
404,row,psm,-0.07603717977782816,success,
404,row,logistic_regression,-0.051372277603111235,success,
404,row,doubly_robust,-0.04619735498032335,success,
404,apk_cluster,psm,-0.09376634699215344,success,
404,apk_cluster,logistic_regression,-0.06561055515721675,success,
404,apk_cluster,doubly_robust,-0.06350797620019245,success,
405,row,psm,-0.044434368623894806,success,
405,row,logistic_regression,-0.05923797731219749,success,
405,row,doubly_robust,-0.054571914094273005,success,
405,apk_cluster,psm,-0.07351796749828335,success,
405,apk_cluster,logistic_regression,-0.062473631382061516,success,
405,apk_cluster,doubly_robust,-0.05915506301358144,success,
406,row,psm,-0.09322149172523238,success,
406,row,logistic_regression,-0.07369254377267265,success,
406,row,doubly_robust,-0.06906409321783162,success,
406,apk_cluster,psm,-0.11140631332462737,success,
406,apk_cluster,logistic_regression,-0.0737901326534736,success,
406,apk_cluster,doubly_robust,-0.07169652203591055,success,
407,row,psm,-0.05885286783042394,success,
407,row,logistic_regression,-0.047709760407667924,success,
407,row,doubly_robust,-0.04292821176978848,success,
407,apk_cluster,psm,-0.08104109842355878,success,
407,apk_cluster,logistic_regression,-0.07318464277203461,success,
407,apk_cluster,doubly_robust,-0.06880386672509643,success,
408,row,psm,-0.0635683518476536,success,
408,row,logistic_regression,-0.057208957493051646,success,
408,row,doubly_robust,-0.051803682304558805,success,
408,apk_cluster,psm,-0.040971652538510615,success,
408,apk_cluster,logistic_regression,-0.06091933836429779,success,
408,apk_cluster,doubly_robust,-0.05687544897764024,success,
409,row,psm,-0.05450011335298118,success,
409,row,logistic_regression,-0.07039775297395202,success,
409,row,doubly_robust,-0.06598564862387135,success,
409,apk_cluster,psm,-0.062090115593300306,success,
409,apk_cluster,logistic_regression,-0.07177067651315301,success,
409,apk_cluster,doubly_robust,-0.06919855136528046,success,
410,row,psm,-0.07571979143051462,success,
410,row,logistic_regression,-0.052976985526677865,success,
410,row,doubly_robust,-0.04725048364584433,success,
410,apk_cluster,psm,-0.06362682002829888,success,
410,apk_cluster,logistic_regression,-0.07858186802927127,success,
410,apk_cluster,doubly_robust,-0.0722522010314275,success,
411,row,psm,-0.06043980956699161,success,
411,row,logistic_regression,-0.07342843428705122,success,
411,row,doubly_robust,-0.06841574278152825,success,
411,apk_cluster,psm,-0.057820947493814716,success,
411,apk_cluster,logistic_regression,-0.0555804610996193,success,
411,apk_cluster,doubly_robust,-0.05305011827040881,success,
412,row,psm,-0.059986397642257994,success,
412,row,logistic_regression,-0.060262404291092926,success,
412,row,doubly_robust,-0.05697279694059561,success,
412,apk_cluster,psm,-0.09566355308875953,success,
412,apk_cluster,logistic_regression,-0.05999953763189143,success,
412,apk_cluster,doubly_robust,-0.05919524729769227,success,
413,row,psm,-0.07046021310360462,success,
413,row,logistic_regression,-0.06911182326477057,success,
413,row,doubly_robust,-0.06469570034891937,success,
413,apk_cluster,psm,-0.06771555640571948,success,
413,apk_cluster,logistic_regression,-0.07891493374072933,success,
413,apk_cluster,doubly_robust,-0.0774289039234417,success,
414,row,psm,-0.06279755157560644,success,
414,row,logistic_regression,-0.07793459712179912,success,
414,row,doubly_robust,-0.07644109154409687,success,
414,apk_cluster,psm,-0.08424890850645302,success,
414,apk_cluster,logistic_regression,-0.06444590158208602,success,
414,apk_cluster,doubly_robust,-0.05674642835296637,success,
415,row,psm,-0.04606665155293584,success,
415,row,logistic_regression,-0.06348345048004604,success,
415,row,doubly_robust,-0.060277429032786045,success,
415,apk_cluster,psm,-0.07524217166028385,success,
415,apk_cluster,logistic_regression,-0.05946249776147656,success,
415,apk_cluster,doubly_robust,-0.058672432541785315,success,
416,row,psm,-0.0628428927680798,success,
416,row,logistic_regression,-0.07316904815558554,success,
416,row,doubly_robust,-0.0693731059421877,success,
416,apk_cluster,psm,-0.059272543339311166,success,
416,apk_cluster,logistic_regression,-0.0716904071148353,success,
416,apk_cluster,doubly_robust,-0.06545589762068474,success,
417,row,psm,-0.0686919065971435,success,
417,row,logistic_regression,-0.07254734030135586,success,
417,row,doubly_robust,-0.07085545828353008,success,
417,apk_cluster,psm,-0.08813834830902606,success,
417,apk_cluster,logistic_regression,-0.0697777283268146,success,
417,apk_cluster,doubly_robust,-0.06837139662713221,success,
418,row,psm,-0.09136250283382454,success,
418,row,logistic_regression,-0.07787657421247413,success,
418,row,doubly_robust,-0.07434599574002496,success,
418,apk_cluster,psm,-0.10534033394825221,success,
418,apk_cluster,logistic_regression,-0.08278794086627768,success,
418,apk_cluster,doubly_robust,-0.0807898602794384,success,
419,row,psm,-0.03727046021310361,success,
419,row,logistic_regression,-0.05812713980429082,success,
419,row,doubly_robust,-0.05431515513919149,success,
419,apk_cluster,psm,-0.0969293710380794,success,
419,apk_cluster,logistic_regression,-0.08247993361163618,success,
419,apk_cluster,doubly_robust,-0.07547880468511012,success,
420,row,psm,-0.08066198141011109,success,
420,row,logistic_regression,-0.06617983532173359,success,
420,row,doubly_robust,-0.061712401167779166,success,
420,apk_cluster,psm,-0.09119655377847027,success,
420,apk_cluster,logistic_regression,-0.08275056501554728,success,
420,apk_cluster,doubly_robust,-0.07680344344993763,success,
421,row,psm,-0.0366810247109499,success,
421,row,logistic_regression,-0.06643781907671502,success,
421,row,doubly_robust,-0.061285336561400304,success,
421,apk_cluster,psm,-0.07712082262210797,success,
421,apk_cluster,logistic_regression,-0.041752138013127334,success,
421,apk_cluster,doubly_robust,-0.03169801972653892,success,
422,row,psm,-0.06701428247562911,success,
422,row,logistic_regression,-0.05446696160141061,success,
422,row,doubly_robust,-0.04866478703416467,success,
422,apk_cluster,psm,-0.07360838803171085,success,
422,apk_cluster,logistic_regression,-0.06357801293186584,success,
422,apk_cluster,doubly_robust,-0.06327083540957838,success,
423,row,psm,-0.09616866923600091,success,
423,row,logistic_regression,-0.06208818853088565,success,
423,row,doubly_robust,-0.05920170399744684,success,
423,apk_cluster,psm,-0.10128322639780019,success,
423,apk_cluster,logistic_regression,-0.08603539877547318,success,
423,apk_cluster,doubly_robust,-0.08409244462000998,success,
424,row,psm,-0.030197234187259125,success,
424,row,logistic_regression,-0.07157032014259049,success,
424,row,doubly_robust,-0.06979321919262617,success,
424,apk_cluster,psm,-0.0887705281846427,success,
424,apk_cluster,logistic_regression,-0.06300867702477153,success,
424,apk_cluster,doubly_robust,-0.06117153444349231,success,
425,row,psm,-0.05590569031965541,success,
425,row,logistic_regression,-0.06109136465837498,success,
425,row,doubly_robust,-0.05745955909337476,success,
425,apk_cluster,psm,-0.07698167103070698,success,
425,apk_cluster,logistic_regression,-0.042980325182165414,success,
425,apk_cluster,doubly_robust,-0.027025185658515544,success,
426,row,psm,-0.0818408524144185,success,
426,row,logistic_regression,-0.0775009291775819,success,
426,row,doubly_robust,-0.07387096529870632,success,
426,apk_cluster,psm,-0.06034253261158932,success,
426,apk_cluster,logistic_regression,-0.06437960257435563,success,
426,apk_cluster,doubly_robust,-0.06154717523426178,success,
427,row,psm,-0.0733620494218998,success,
427,row,logistic_regression,-0.06429621587395012,success,
427,row,doubly_robust,-0.060879751473428764,success,
427,apk_cluster,psm,-0.09818231267848239,success,
427,apk_cluster,logistic_regression,-0.06112132367011062,success,
427,apk_cluster,doubly_robust,-0.057657062831278555,success,
428,row,psm,-0.0686919065971435,success,
428,row,logistic_regression,-0.07653253722637336,success,
428,row,doubly_robust,-0.07309177242277888,success,
428,apk_cluster,psm,-0.06034716571738541,success,
428,apk_cluster,logistic_regression,-0.07579469524121475,success,
428,apk_cluster,doubly_robust,-0.0746204045219002,success,
429,row,psm,-0.07703468601224212,success,
429,row,logistic_regression,-0.07049227468306414,success,
429,row,doubly_robust,-0.06632830345979761,success,
429,apk_cluster,psm,-0.08483530142945929,success,
429,apk_cluster,logistic_regression,-0.04662653580709532,success,
429,apk_cluster,doubly_robust,-0.04594648260715531,success,
430,row,psm,-0.05259578326909998,success,
430,row,logistic_regression,-0.060396021410792755,success,
430,row,doubly_robust,-0.056299706483832354,success,
430,apk_cluster,psm,-0.060097356808152494,success,
430,apk_cluster,logistic_regression,-0.04863466720845462,success,
430,apk_cluster,doubly_robust,-0.04695359477813253,success,
431,row,psm,-0.08374518249829972,success,
431,row,logistic_regression,-0.07581112280313079,success,
431,row,doubly_robust,-0.07295583293215474,success,
431,apk_cluster,psm,-0.07707464601567154,success,
431,apk_cluster,logistic_regression,-0.06957111265826525,success,
431,apk_cluster,doubly_robust,-0.07260243779830303,success,
432,row,psm,-0.06238948084334618,success,
432,row,logistic_regression,-0.05522468081272298,success,
432,row,doubly_robust,-0.04910191519169494,success,
432,apk_cluster,psm,-0.09874196759887773,success,
432,apk_cluster,logistic_regression,-0.05459092621457863,success,
432,apk_cluster,doubly_robust,-0.05150896672278062,success,
433,row,psm,-0.08079800498753117,success,
433,row,logistic_regression,-0.058512785505442824,success,
433,row,doubly_robust,-0.054915447833152164,success,
433,apk_cluster,psm,-0.07819042417622428,success,
433,apk_cluster,logistic_regression,-0.07085511152891887,success,
433,apk_cluster,doubly_robust,-0.05631031981760791,success,
434,row,psm,-0.07893901609612333,success,
434,row,logistic_regression,-0.057633118472630765,success,
434,row,doubly_robust,-0.05277337759056021,success,
434,apk_cluster,psm,-0.053088195630675176,success,
434,apk_cluster,logistic_regression,-0.07843057329531061,success,
434,apk_cluster,doubly_robust,-0.06736201470900283,success,
435,row,psm,-0.0212650192700068,success,
435,row,logistic_regression,-0.05219027227502711,success,
435,row,doubly_robust,-0.04771893223364718,success,
435,apk_cluster,psm,-0.06214638120671706,success,
435,apk_cluster,logistic_regression,-0.05234432776454208,success,
435,apk_cluster,doubly_robust,-0.04564458330965807,success,
436,row,psm,-0.06628882339605531,success,
436,row,logistic_regression,-0.0716061482516837,success,
436,row,doubly_robust,-0.06908677727759019,success,
436,apk_cluster,psm,-0.10818577917864096,success,
436,apk_cluster,logistic_regression,-0.06572778321328382,success,
436,apk_cluster,doubly_robust,-0.05511797846764292,success,
437,row,psm,-0.048832464293810926,success,
437,row,logistic_regression,-0.05381351371400886,success,
437,row,doubly_robust,-0.04887589031208832,success,
437,apk_cluster,psm,-0.05778385049365303,success,
437,apk_cluster,logistic_regression,-0.06488985704536905,success,
437,apk_cluster,doubly_robust,-0.06211407876042912,success,
438,row,psm,-0.07399682611652687,success,
438,row,logistic_regression,-0.060829278419955224,success,
438,row,doubly_robust,-0.05367367930878974,success,
438,apk_cluster,psm,-0.07578223069412802,success,
438,apk_cluster,logistic_regression,-0.05304463509133726,success,
438,apk_cluster,doubly_robust,-0.04643771215948802,success,
439,row,psm,-0.07993652233053729,success,
439,row,logistic_regression,-0.06699684868142393,success,
439,row,doubly_robust,-0.06356502957986142,success,
439,apk_cluster,psm,-0.08795112247797669,success,
439,apk_cluster,logistic_regression,-0.04994912667875293,success,
439,apk_cluster,doubly_robust,-0.04277382010332946,success,
440,row,psm,-0.07608252097030152,success,
440,row,logistic_regression,-0.06632943238805444,success,
440,row,doubly_robust,-0.06079216833743233,success,
440,apk_cluster,psm,-0.07596837595512566,success,
440,apk_cluster,logistic_regression,-0.07047067531648143,success,
440,apk_cluster,doubly_robust,-0.06600466131996538,success,
441,row,psm,-0.04520516889594196,success,
441,row,logistic_regression,-0.0683851438895314,success,
441,row,doubly_robust,-0.06412731385295825,success,
441,apk_cluster,psm,-0.08950847142059207,success,
441,apk_cluster,logistic_regression,-0.04705334970557031,success,
441,apk_cluster,doubly_robust,-0.041317403076680144,success,
442,row,psm,-0.04003627295397869,success,
442,row,logistic_regression,-0.0552181404263662,success,
442,row,doubly_robust,-0.04932392633340591,success,
442,apk_cluster,psm,-0.07728441017459896,success,
442,apk_cluster,logistic_regression,-0.06970809382585026,success,
442,apk_cluster,doubly_robust,-0.06915003479832717,success,
443,row,psm,-0.06234413965087282,success,
443,row,logistic_regression,-0.06277512497073214,success,
443,row,doubly_robust,-0.057707433425176265,success,
443,apk_cluster,psm,-0.056259245562130175,success,
443,apk_cluster,logistic_regression,-0.06556457940864738,success,
443,apk_cluster,doubly_robust,-0.06374230499945278,success,
444,row,psm,-0.06465654046701429,success,
444,row,logistic_regression,-0.07426269700015213,success,
444,row,doubly_robust,-0.07091844637129727,success,
444,apk_cluster,psm,-0.10711458974584469,success,
444,apk_cluster,logistic_regression,-0.03753656330458016,success,
444,apk_cluster,doubly_robust,-0.028409552060087426,success,
445,row,psm,-0.039446837451824986,success,
445,row,logistic_regression,-0.04784008143030174,success,
445,row,doubly_robust,-0.04033224962983423,success,
445,apk_cluster,psm,-0.07188964541515606,success,
445,apk_cluster,logistic_regression,-0.06251857259313626,success,
445,apk_cluster,doubly_robust,-0.06065377191603284,success,
446,row,psm,-0.07576513262298798,success,
446,row,logistic_regression,-0.04880665065297544,success,
446,row,doubly_robust,-0.042261227129255896,success,
446,apk_cluster,psm,-0.07869605142332416,success,
446,apk_cluster,logistic_regression,-0.05534879057393713,success,
446,apk_cluster,doubly_robust,-0.05097381112904222,success,
447,row,psm,-0.07172976649285877,success,
447,row,logistic_regression,-0.07388052451128058,success,
447,row,doubly_robust,-0.07003779130518194,success,
447,apk_cluster,psm,-0.05456636760984587,success,
447,apk_cluster,logistic_regression,-0.07072448234386045,success,
447,apk_cluster,doubly_robust,-0.07171517707344865,success,
448,row,psm,-0.055633643164815234,success,
448,row,logistic_regression,-0.056855257024800626,success,
448,row,doubly_robust,-0.05271217027449846,success,
448,apk_cluster,psm,-0.052256309222253494,success,
448,apk_cluster,logistic_regression,-0.06886558944749405,success,
448,apk_cluster,doubly_robust,-0.06577475688787005,success,
449,row,psm,-0.0553162548175017,success,
449,row,logistic_regression,-0.05435704386868187,success,
449,row,doubly_robust,-0.04891960092251415,success,
449,apk_cluster,psm,-0.10304520358868186,success,
449,apk_cluster,logistic_regression,-0.07347287726802423,success,
449,apk_cluster,doubly_robust,-0.06861949848926054,success,
450,row,psm,-0.05971435048741782,success,
450,row,logistic_regression,-0.08029797430382689,success,
450,row,doubly_robust,-0.07781912908162912,success,
450,apk_cluster,psm,-0.034314840941155056,success,
450,apk_cluster,logistic_regression,-0.07295589192024421,success,
450,apk_cluster,doubly_robust,-0.07173214670641563,success,
451,row,psm,-0.0814781228746316,success,
451,row,logistic_regression,-0.07189272985558998,success,
451,row,doubly_robust,-0.06633849039271067,success,
451,apk_cluster,psm,-0.07802036510411889,success,
451,apk_cluster,logistic_regression,-0.062195476987163927,success,
451,apk_cluster,doubly_robust,-0.062093860638720036,success,
452,row,psm,-0.0921333031058717,success,
452,row,logistic_regression,-0.06768735607918601,success,
452,row,doubly_robust,-0.0629290270420289,success,
452,apk_cluster,psm,-0.046516813843546514,success,
452,apk_cluster,logistic_regression,-0.06128852519550875,success,
452,apk_cluster,doubly_robust,-0.06330271438432478,success,
453,row,psm,-0.06764905917025617,success,
453,row,logistic_regression,-0.06120294240157368,success,
453,row,doubly_robust,-0.05564949287809927,success,
453,apk_cluster,psm,-0.10116242538485705,success,
453,apk_cluster,logistic_regression,-0.06375217325997935,success,
453,apk_cluster,doubly_robust,-0.05781339498732416,success,
454,row,psm,-0.06243482203581954,success,
454,row,logistic_regression,-0.0600965350803991,success,
454,row,doubly_robust,-0.05486444303474311,success,
454,apk_cluster,psm,-0.06767465160761453,success,
454,apk_cluster,logistic_regression,-0.07610767334283086,success,
454,apk_cluster,doubly_robust,-0.07037311368535737,success,
455,row,psm,-0.06746769440036272,success,
455,row,logistic_regression,-0.06941182635553507,success,
455,row,doubly_robust,-0.06704892331762466,success,
455,apk_cluster,psm,-0.08688811188811188,success,
455,apk_cluster,logistic_regression,-0.04710118350595967,success,
455,apk_cluster,doubly_robust,-0.045589670636172454,success,
456,row,psm,-0.06683291770573566,success,
456,row,logistic_regression,-0.06239963409535153,success,
456,row,doubly_robust,-0.058478212944174116,success,
456,apk_cluster,psm,-0.09214368482039398,success,
456,apk_cluster,logistic_regression,-0.07246572705434515,success,
456,apk_cluster,doubly_robust,-0.06977909081208682,success,
457,row,psm,-0.08524144184992065,success,
457,row,logistic_regression,-0.06870800246692582,success,
457,row,doubly_robust,-0.06434671701649851,success,
457,apk_cluster,psm,-0.07203179334326876,success,
457,apk_cluster,logistic_regression,-0.06591378879082159,success,
457,apk_cluster,doubly_robust,-0.05737745175214526,success,
458,row,psm,-0.04901382906370438,success,
458,row,logistic_regression,-0.05433505290948891,success,
458,row,doubly_robust,-0.04992372636601832,success,
458,apk_cluster,psm,-0.09117086990850402,success,
458,apk_cluster,logistic_regression,-0.07198624628045296,success,
458,apk_cluster,doubly_robust,-0.07208419313079432,success,
459,row,psm,-0.05087281795511222,success,
459,row,logistic_regression,-0.07147483441756348,success,
459,row,doubly_robust,-0.0663783851250098,success,
459,apk_cluster,psm,-0.08541907900596776,success,
459,apk_cluster,logistic_regression,-0.0560271028050253,success,
459,apk_cluster,doubly_robust,-0.05894247076079099,success,
460,row,psm,-0.07608252097030152,success,
460,row,logistic_regression,-0.07171948066107321,success,
460,row,doubly_robust,-0.06656485332411266,success,
460,apk_cluster,psm,-0.03911185432924563,success,
460,apk_cluster,logistic_regression,-0.05178724736314037,success,
460,apk_cluster,doubly_robust,-0.05137395491716641,success,
461,row,psm,-0.08179551122194513,success,
461,row,logistic_regression,-0.07273796507903141,success,
461,row,doubly_robust,-0.06890562978414372,success,
461,apk_cluster,psm,-0.0891102873030584,success,
461,apk_cluster,logistic_regression,-0.07302693451322632,success,
461,apk_cluster,doubly_robust,-0.07300689708047657,success,
462,row,psm,-0.05119020630242575,success,
462,row,logistic_regression,-0.0634676386102047,success,
462,row,doubly_robust,-0.05722582978381502,success,
462,apk_cluster,psm,-0.050488381428125416,success,
462,apk_cluster,logistic_regression,-0.0657366589550847,success,
462,apk_cluster,doubly_robust,-0.06607606425074997,success,
463,row,psm,-0.06973475402403083,success,
463,row,logistic_regression,-0.0492404965061386,success,
463,row,doubly_robust,-0.04451515666354181,success,
463,apk_cluster,psm,-0.07202402294729293,success,
463,apk_cluster,logistic_regression,-0.07273491328154845,success,
463,apk_cluster,doubly_robust,-0.06864528803263885,success,
464,row,psm,-0.059124914985264114,success,
464,row,logistic_regression,-0.05980155467368338,success,
464,row,doubly_robust,-0.05531288696158606,success,
464,apk_cluster,psm,-0.04134463171617469,success,
464,apk_cluster,logistic_regression,-0.055422257188544946,success,
464,apk_cluster,doubly_robust,-0.055262704876299536,success,
465,row,psm,-0.07272727272727272,success,
465,row,logistic_regression,-0.054181654121218926,success,
465,row,doubly_robust,-0.04764654352661494,success,
465,apk_cluster,psm,-0.05072366357485325,success,
465,apk_cluster,logistic_regression,-0.04070550951966085,success,
465,apk_cluster,doubly_robust,-0.03328513680770463,success,
466,row,psm,-0.06891861255951032,success,
466,row,logistic_regression,-0.05933161151528055,success,
466,row,doubly_robust,-0.05582405117484074,success,
466,apk_cluster,psm,-0.06787427201096266,success,
466,apk_cluster,logistic_regression,-0.05790025390744963,success,
466,apk_cluster,doubly_robust,-0.048686479380076135,success,
467,row,psm,-0.06955338925413738,success,
467,row,logistic_regression,-0.06722401893416313,success,
467,row,doubly_robust,-0.06377453167691323,success,
467,apk_cluster,psm,-0.0774345962026424,success,
467,apk_cluster,logistic_regression,-0.06730287798893927,success,
467,apk_cluster,doubly_robust,-0.06507237486909817,success,
468,row,psm,-0.09018363182951712,success,
468,row,logistic_regression,-0.06858419498942205,success,
468,row,doubly_robust,-0.06452675042915522,success,
468,apk_cluster,psm,-0.09099596056117795,success,
468,apk_cluster,logistic_regression,-0.055510241507807,success,
468,apk_cluster,doubly_robust,-0.05131801920373466,success,
469,row,psm,-0.07250056676490592,success,
469,row,logistic_regression,-0.05885103387067354,success,
469,row,doubly_robust,-0.05243691218272259,success,
469,apk_cluster,psm,-0.05919894366197183,success,
469,apk_cluster,logistic_regression,-0.06024884886438531,success,
469,apk_cluster,doubly_robust,-0.057951225374442354,success,
470,row,psm,-0.07880299251870324,success,
470,row,logistic_regression,-0.06203888278064977,success,
470,row,doubly_robust,-0.058177751317203825,success,
470,apk_cluster,psm,-0.08188990659290832,success,
470,apk_cluster,logistic_regression,-0.06730151880187765,success,
470,apk_cluster,doubly_robust,-0.06397951950578931,success,
471,row,psm,-0.06048515075946497,success,
471,row,logistic_regression,-0.0634176476898571,success,
471,row,doubly_robust,-0.058496504024199876,success,
471,apk_cluster,psm,-0.053579634224795517,success,
471,apk_cluster,logistic_regression,-0.07769746972713314,success,
471,apk_cluster,doubly_robust,-0.07132862652398651,success,
472,row,psm,-0.05957832690999773,success,
472,row,logistic_regression,-0.07042825222774188,success,
472,row,doubly_robust,-0.06668305533539891,success,
472,apk_cluster,psm,-0.08061002178649238,success,
472,apk_cluster,logistic_regression,-0.06985015976537774,success,
472,apk_cluster,doubly_robust,-0.061665374524008026,success,
473,row,psm,-0.07603717977782816,success,
473,row,logistic_regression,-0.07548457116179359,success,
473,row,doubly_robust,-0.07152925461850763,success,
473,apk_cluster,psm,-0.09207172765337703,success,
473,apk_cluster,logistic_regression,-0.08576405895912084,success,
473,apk_cluster,doubly_robust,-0.08398261628716558,success,
474,row,psm,-0.08501473588755384,success,
474,row,logistic_regression,-0.05689303981475048,success,
474,row,doubly_robust,-0.05248463624272648,success,
474,apk_cluster,psm,-0.04455535390199637,success,
474,apk_cluster,logistic_regression,-0.04616787891760019,success,
474,apk_cluster,doubly_robust,-0.04195777446801045,success,
475,row,psm,-0.04148719111312628,success,
475,row,logistic_regression,-0.06577712795921363,success,
475,row,doubly_robust,-0.06183421106057766,success,
475,apk_cluster,psm,-0.0497565009648075,success,
475,apk_cluster,logistic_regression,-0.05584484683528603,success,
475,apk_cluster,doubly_robust,-0.056702498020371445,success,
476,row,psm,-0.06406710496486058,success,
476,row,logistic_regression,-0.07488192868827023,success,
476,row,doubly_robust,-0.0709163338031142,success,
476,apk_cluster,psm,-0.046373309790437245,success,
476,apk_cluster,logistic_regression,-0.07457218348439651,success,
476,apk_cluster,doubly_robust,-0.06938089505214946,success,
477,row,psm,-0.07585581500793472,success,
477,row,logistic_regression,-0.0714518478304273,success,
477,row,doubly_robust,-0.06849705937960306,success,
477,apk_cluster,psm,-0.09080915738660804,success,
477,apk_cluster,logistic_regression,-0.06258765798864936,success,
477,apk_cluster,doubly_robust,-0.05881056762489504,success,
478,row,psm,-0.072636590342326,success,
478,row,logistic_regression,-0.06532135299843653,success,
478,row,doubly_robust,-0.05982357489407843,success,
478,apk_cluster,psm,-0.05898062647112077,success,
478,apk_cluster,logistic_regression,-0.07803244529417261,success,
478,apk_cluster,doubly_robust,-0.07629182829694235,success,
479,row,psm,-0.06465654046701429,success,
479,row,logistic_regression,-0.06659227065484101,success,
479,row,doubly_robust,-0.06161620825936995,success,
479,apk_cluster,psm,-0.08498804927376356,success,
479,apk_cluster,logistic_regression,-0.06671697501080998,success,
479,apk_cluster,doubly_robust,-0.06265809832906302,success,
480,row,psm,-0.046837451824982994,success,
480,row,logistic_regression,-0.04703487374650722,success,
480,row,doubly_robust,-0.04070832313346871,success,
480,apk_cluster,psm,-0.08613062711423367,success,
480,apk_cluster,logistic_regression,-0.08246266730349627,success,
480,apk_cluster,doubly_robust,-0.07569980491674347,success,
481,row,psm,-0.05486284289276808,success,
481,row,logistic_regression,-0.06979883342156999,success,
481,row,doubly_robust,-0.06536359486274128,success,
481,apk_cluster,psm,-0.0731288959544827,success,
481,apk_cluster,logistic_regression,-0.07206057922113739,success,
481,apk_cluster,doubly_robust,-0.06588936803130982,success,
482,row,psm,-0.05191566538199955,success,
482,row,logistic_regression,-0.06621472695511799,success,
482,row,doubly_robust,-0.06400109221047331,success,
482,apk_cluster,psm,-0.04270413767850604,success,
482,apk_cluster,logistic_regression,-0.054581031059471645,success,
482,apk_cluster,doubly_robust,-0.05243887198327096,success,
483,row,psm,-0.0812514169122648,success,
483,row,logistic_regression,-0.054151240778473754,success,
483,row,doubly_robust,-0.05043378949121677,success,
483,apk_cluster,psm,-0.037969907079854724,success,
483,apk_cluster,logistic_regression,-0.05443516077218451,success,
483,apk_cluster,doubly_robust,-0.054132849969634224,success,
484,row,psm,-0.0904556789843573,success,
484,row,logistic_regression,-0.06397254955898048,success,
484,row,doubly_robust,-0.058543808431642426,success,
484,apk_cluster,psm,-0.05427655195520031,success,
484,apk_cluster,logistic_regression,-0.06411688391895556,success,
484,apk_cluster,doubly_robust,-0.060463921406156945,success,
485,row,psm,-0.08061664021763773,success,
485,row,logistic_regression,-0.05952538893065327,success,
485,row,doubly_robust,-0.05506235948918471,success,
485,apk_cluster,psm,-0.05495689655172414,success,
485,apk_cluster,logistic_regression,-0.04721136174446562,success,
485,apk_cluster,doubly_robust,-0.03898194405227141,success,
486,row,psm,-0.05885286783042394,success,
486,row,logistic_regression,-0.06257999049904983,success,
486,row,doubly_robust,-0.05644371533823581,success,
486,apk_cluster,psm,-0.028403615839948607,success,
486,apk_cluster,logistic_regression,-0.05129663205327641,success,
486,apk_cluster,doubly_robust,-0.05029571322843394,success,
487,row,psm,-0.06492858762185447,success,
487,row,logistic_regression,-0.06462673753935706,success,
487,row,doubly_robust,-0.05994037692251395,success,
487,apk_cluster,psm,-0.1004026845637584,success,
487,apk_cluster,logistic_regression,-0.07990105425086293,success,
487,apk_cluster,doubly_robust,-0.07618434129859611,success,
488,row,psm,-0.10360462480163228,success,
488,row,logistic_regression,-0.07180709643854055,success,
488,row,doubly_robust,-0.06851123291683679,success,
488,apk_cluster,psm,-0.1030300277108981,success,
488,apk_cluster,logistic_regression,-0.06408083602083882,success,
488,apk_cluster,doubly_robust,-0.06380229314205012,success,
489,row,psm,-0.02326003173883473,success,
489,row,logistic_regression,-0.0628012086980981,success,
489,row,doubly_robust,-0.05640064503447632,success,
489,apk_cluster,psm,-0.10835584289066998,success,
489,apk_cluster,logistic_regression,-0.06744597113027927,success,
489,apk_cluster,doubly_robust,-0.06404889031719797,success,
490,row,psm,-0.08737247789616867,success,
490,row,logistic_regression,-0.052832203881348315,success,
490,row,doubly_robust,-0.04927898410154823,success,
490,apk_cluster,psm,-0.05406008660327664,success,
490,apk_cluster,logistic_regression,-0.05763803475245347,success,
490,apk_cluster,doubly_robust,-0.048324304982273136,success,
491,row,psm,-0.0765812740875085,success,
491,row,logistic_regression,-0.05521210173246958,success,
491,row,doubly_robust,-0.048421388109996584,success,
491,apk_cluster,psm,-0.05097752603690846,success,
491,apk_cluster,logistic_regression,-0.05569180708332887,success,
491,apk_cluster,doubly_robust,-0.0503111732478864,success,
492,row,psm,-0.02167309000226706,success,
492,row,logistic_regression,-0.05492583158687454,success,
492,row,doubly_robust,-0.04976092108565316,success,
492,apk_cluster,psm,-0.08753555727954487,success,
492,apk_cluster,logistic_regression,-0.0782083525806356,success,
492,apk_cluster,doubly_robust,-0.0750482851683334,success,
493,row,psm,-0.057401949671276355,success,
493,row,logistic_regression,-0.04817197256203519,success,
493,row,doubly_robust,-0.04183541205493776,success,
493,apk_cluster,psm,-0.05176101525737915,success,
493,apk_cluster,logistic_regression,-0.05775721774102076,success,
493,apk_cluster,doubly_robust,-0.05059516481425175,success,
494,row,psm,-0.05608705508954886,success,
494,row,logistic_regression,-0.068979601660091,success,
494,row,doubly_robust,-0.06642659698240616,success,
494,apk_cluster,psm,-0.07013450452923416,success,
494,apk_cluster,logistic_regression,-0.06395270995303565,success,
494,apk_cluster,doubly_robust,-0.06567055334478375,success,
495,row,psm,-0.0685558830197234,success,
495,row,logistic_regression,-0.06402520647021312,success,
495,row,doubly_robust,-0.05779677538332418,success,
495,apk_cluster,psm,-0.09299978055738424,success,
495,apk_cluster,logistic_regression,-0.07593953247352198,success,
495,apk_cluster,doubly_robust,-0.06636277012493189,success,
496,row,psm,-0.07367943776921335,success,
496,row,logistic_regression,-0.06593734383393823,success,
496,row,doubly_robust,-0.05967548140390706,success,
496,apk_cluster,psm,-0.07425635712127099,success,
496,apk_cluster,logistic_regression,-0.058013256898791464,success,
496,apk_cluster,doubly_robust,-0.05710016233991258,success,
497,row,psm,-0.04652006347766946,success,
497,row,logistic_regression,-0.05867467211938451,success,
497,row,doubly_robust,-0.05300650871985622,success,
497,apk_cluster,psm,-0.06992560135104296,success,
497,apk_cluster,logistic_regression,-0.0583101987511887,success,
497,apk_cluster,doubly_robust,-0.05674373269233823,success,
498,row,psm,-0.0978462933575153,success,
498,row,logistic_regression,-0.06090916681925666,success,
498,row,doubly_robust,-0.057781690467791906,success,
498,apk_cluster,psm,-0.04794551039487157,success,
498,apk_cluster,logistic_regression,-0.0693801044082339,success,
498,apk_cluster,doubly_robust,-0.06830481988676192,success,
499,row,psm,-0.06769440036272954,success,
499,row,logistic_regression,-0.07610588822084763,success,
499,row,doubly_robust,-0.07442851122573248,success,
499,apk_cluster,psm,-0.07565639008324948,success,
499,apk_cluster,logistic_regression,-0.06397910103043916,success,
499,apk_cluster,doubly_robust,-0.05865920705884463,success,
500,row,psm,-0.08297438222625254,success,
500,row,logistic_regression,-0.061787977394490164,success,
500,row,doubly_robust,-0.05608678288479159,success,
500,apk_cluster,psm,-0.09535252777148039,success,
500,apk_cluster,logistic_regression,-0.06409174030472088,success,
500,apk_cluster,doubly_robust,-0.05370092041094994,success,
501,row,psm,-0.072636590342326,success,
501,row,logistic_regression,-0.06292234182532117,success,
501,row,doubly_robust,-0.05966446258199902,success,
501,apk_cluster,psm,-0.049079754601226995,success,
501,apk_cluster,logistic_regression,-0.04215356401403374,success,
501,apk_cluster,doubly_robust,-0.033294645571808654,success,
502,row,psm,-0.09276807980049875,success,
502,row,logistic_regression,-0.06752868239577907,success,
502,row,doubly_robust,-0.06407738330202688,success,
502,apk_cluster,psm,-0.05761638049765862,success,
502,apk_cluster,logistic_regression,-0.06411590380154464,success,
502,apk_cluster,doubly_robust,-0.063998422027846,success,
503,row,psm,-0.08288369984130584,success,
503,row,logistic_regression,-0.071277542942147,success,
503,row,doubly_robust,-0.06825847205726761,success,
503,apk_cluster,psm,-0.046229782733242256,success,
503,apk_cluster,logistic_regression,-0.06605214304149479,success,
503,apk_cluster,doubly_robust,-0.058200599205770975,success,
504,row,psm,-0.044343686238948084,success,
504,row,logistic_regression,-0.06999033427522558,success,
504,row,doubly_robust,-0.06694509195256232,success,
504,apk_cluster,psm,-0.10988382327055096,success,
504,apk_cluster,logistic_regression,-0.08875243725584397,success,
504,apk_cluster,doubly_robust,-0.08594005940320112,success,
505,row,psm,-0.07195647245522557,success,
505,row,logistic_regression,-0.056029234882309945,success,
505,row,doubly_robust,-0.05060737077449906,success,
505,apk_cluster,psm,-0.05700457112126916,success,
505,apk_cluster,logistic_regression,-0.052298590902892024,success,
505,apk_cluster,doubly_robust,-0.047433513729080154,success,
506,row,psm,-0.07857628655633643,success,
506,row,logistic_regression,-0.05007696087842177,success,
506,row,doubly_robust,-0.04294109958901009,success,
506,apk_cluster,psm,-0.058184996090336234,success,
506,apk_cluster,logistic_regression,-0.05255155033025075,success,
506,apk_cluster,doubly_robust,-0.04780021381912036,success,
507,row,psm,-0.06742235320788936,success,
507,row,logistic_regression,-0.06665051735966313,success,
507,row,doubly_robust,-0.06145975878705149,success,
507,apk_cluster,psm,-0.1067607759577396,success,
507,apk_cluster,logistic_regression,-0.07680198697431127,success,
507,apk_cluster,doubly_robust,-0.07375375056909642,success,
508,row,psm,-0.06891861255951032,success,
508,row,logistic_regression,-0.06601424689161312,success,
508,row,doubly_robust,-0.06151985741267957,success,
508,apk_cluster,psm,-0.06219687443865637,success,
508,apk_cluster,logistic_regression,-0.08524594430220078,success,
508,apk_cluster,doubly_robust,-0.0800676854843932,success,
509,row,psm,-0.07708002720471549,success,
509,row,logistic_regression,-0.07361197277990157,success,
509,row,doubly_robust,-0.06923872261880389,success,
509,apk_cluster,psm,-0.08473289685928456,success,
509,apk_cluster,logistic_regression,-0.07130665788422848,success,
509,apk_cluster,doubly_robust,-0.064962428930924,success,
510,row,psm,-0.07630922693266833,success,
510,row,logistic_regression,-0.07076002238066427,success,
510,row,doubly_robust,-0.0669148504955989,success,
510,apk_cluster,psm,-0.06931236283833211,success,
510,apk_cluster,logistic_regression,-0.05025195482693103,success,
510,apk_cluster,doubly_robust,-0.05153533993895732,success,
511,row,psm,-0.08229426433915212,success,
511,row,logistic_regression,-0.07786952691030709,success,
511,row,doubly_robust,-0.07379830601217484,success,
511,apk_cluster,psm,-0.09270660135712039,success,
511,apk_cluster,logistic_regression,-0.07667161080039565,success,
511,apk_cluster,doubly_robust,-0.06753360634902748,success,
512,row,psm,-0.05858082067558377,success,
512,row,logistic_regression,-0.06314664786120676,success,
512,row,doubly_robust,-0.060567616063225485,success,
512,apk_cluster,psm,-0.11066300301365006,success,
512,apk_cluster,logistic_regression,-0.07670731000416564,success,
512,apk_cluster,doubly_robust,-0.07172307059754462,success,
513,row,psm,-0.04842439356155067,success,
513,row,logistic_regression,-0.06041971507333447,success,
513,row,doubly_robust,-0.05458206487131815,success,
513,apk_cluster,psm,-0.1023441162681669,success,
513,apk_cluster,logistic_regression,-0.05434566038378203,success,
513,apk_cluster,doubly_robust,-0.058503473697792095,success,
514,row,psm,-0.07653593289503514,success,
514,row,logistic_regression,-0.06389988193793919,success,
514,row,doubly_robust,-0.060061151771034806,success,
514,apk_cluster,psm,-0.05188138972553345,success,
514,apk_cluster,logistic_regression,-0.0656106995161824,success,
514,apk_cluster,doubly_robust,-0.05842108093756669,success,
515,row,psm,-0.047018816594876445,success,
515,row,logistic_regression,-0.0661445835942233,success,
515,row,doubly_robust,-0.06358514239812542,success,
515,apk_cluster,psm,-0.0625,success,
515,apk_cluster,logistic_regression,-0.059663129216482584,success,
515,apk_cluster,doubly_robust,-0.05903604044660856,success,
516,row,psm,-0.0696440716390841,success,
516,row,logistic_regression,-0.06940843949221256,success,
516,row,doubly_robust,-0.06394906960039523,success,
516,apk_cluster,psm,-0.05902839005466408,success,
516,apk_cluster,logistic_regression,-0.05946513332118042,success,
516,apk_cluster,doubly_robust,-0.052430571679884866,success,
517,row,psm,-0.0396735434141918,success,
517,row,logistic_regression,-0.053021830807934364,success,
517,row,doubly_robust,-0.04682378573700385,success,
517,apk_cluster,psm,-0.08441735649959066,success,
517,apk_cluster,logistic_regression,-0.07778957029973183,success,
517,apk_cluster,doubly_robust,-0.07582145749482261,success,
518,row,psm,-0.06860122421219678,success,
518,row,logistic_regression,-0.0711965514474901,success,
518,row,doubly_robust,-0.06590728579624472,success,
518,apk_cluster,psm,-0.0896502751642109,success,
518,apk_cluster,logistic_regression,-0.07124296862735056,success,
518,apk_cluster,doubly_robust,-0.06439527772442454,success,
519,row,psm,-0.0667875765132623,success,
519,row,logistic_regression,-0.042769044592861905,success,
519,row,doubly_robust,-0.03603286582176086,success,
519,apk_cluster,psm,-0.10412591143517695,success,
519,apk_cluster,logistic_regression,-0.06375270902081111,success,
519,apk_cluster,doubly_robust,-0.05641524874015811,success,
520,row,psm,-0.07191113126275221,success,
520,row,logistic_regression,-0.05995709374251968,success,
520,row,doubly_robust,-0.05562612230866912,success,
520,apk_cluster,psm,-0.0829732442931343,success,
520,apk_cluster,logistic_regression,-0.06803847617858183,success,
520,apk_cluster,doubly_robust,-0.06182920795980381,success,
521,row,psm,-0.060031738834731355,success,
521,row,logistic_regression,-0.053254393406401264,success,
521,row,doubly_robust,-0.05007136073288792,success,
521,apk_cluster,psm,-0.10253498091949846,success,
521,apk_cluster,logistic_regression,-0.06685221813958851,success,
521,apk_cluster,doubly_robust,-0.058910350546559416,success,
522,row,psm,-0.09299478576286556,success,
522,row,logistic_regression,-0.07620140320712644,success,
522,row,doubly_robust,-0.07147124796018914,success,
522,apk_cluster,psm,-0.06193716637463836,success,
522,apk_cluster,logistic_regression,-0.06300425375646006,success,
522,apk_cluster,doubly_robust,-0.05551730768300314,success,
523,row,psm,-0.04901382906370438,success,
523,row,logistic_regression,-0.05712563164186478,success,
523,row,doubly_robust,-0.05036691258701298,success,
523,apk_cluster,psm,-0.05967153284671533,success,
523,apk_cluster,logistic_regression,-0.06793960919492775,success,
523,apk_cluster,doubly_robust,-0.05889380721333634,success,
524,row,psm,-0.05871684425300385,success,
524,row,logistic_regression,-0.08318085848274286,success,
524,row,doubly_robust,-0.08123167707492598,success,
524,apk_cluster,psm,-0.0925379705040722,success,
524,apk_cluster,logistic_regression,-0.059392326358846566,success,
524,apk_cluster,doubly_robust,-0.050007498123583925,success,
525,row,psm,-0.0781228746316028,success,
525,row,logistic_regression,-0.060433455918108676,success,
525,row,doubly_robust,-0.05497977883640049,success,
525,apk_cluster,psm,-0.056215970961887476,success,
525,apk_cluster,logistic_regression,-0.07263603170356864,success,
525,apk_cluster,doubly_robust,-0.06630271448943077,success,
526,row,psm,-0.06683291770573566,success,
526,row,logistic_regression,-0.0612495975874796,success,
526,row,doubly_robust,-0.05527393075131798,success,
526,apk_cluster,psm,-0.06364960845019123,success,
526,apk_cluster,logistic_regression,-0.048020603729004095,success,
526,apk_cluster,doubly_robust,-0.04431614933584465,success,
527,row,psm,-0.061845386533665836,success,
527,row,logistic_regression,-0.06008905676673118,success,
527,row,doubly_robust,-0.05540552261947371,success,
527,apk_cluster,psm,-0.0678521711796668,success,
527,apk_cluster,logistic_regression,-0.05153935440867531,success,
527,apk_cluster,doubly_robust,-0.052242482442912845,success,
528,row,psm,-0.0762185445477216,success,
528,row,logistic_regression,-0.06694644756345476,success,
528,row,doubly_robust,-0.06234687002630619,success,
528,apk_cluster,psm,-0.06679924071228419,success,
528,apk_cluster,logistic_regression,-0.0532599043694857,success,
528,apk_cluster,doubly_robust,-0.042859343749029506,success,
529,row,psm,-0.06134663341645885,success,
529,row,logistic_regression,-0.06758989063475584,success,
529,row,doubly_robust,-0.061553704706664006,success,
529,apk_cluster,psm,-0.05043787758160446,success,
529,apk_cluster,logistic_regression,-0.049001471007193285,success,
529,apk_cluster,doubly_robust,-0.044352764078662635,success,
530,row,psm,-0.07844026297891635,success,
530,row,logistic_regression,-0.05386652704274364,success,
530,row,doubly_robust,-0.0491526818166368,success,
530,apk_cluster,psm,-0.005864589259923848,success,
530,apk_cluster,logistic_regression,-0.061835383604312726,success,
530,apk_cluster,doubly_robust,-0.05245347983937132,success,
531,row,psm,-0.0775334391294491,success,
531,row,logistic_regression,-0.05642056625600311,success,
531,row,doubly_robust,-0.05235477358620581,success,
531,apk_cluster,psm,-0.06472231428436154,success,
531,apk_cluster,logistic_regression,-0.05174990421544722,success,
531,apk_cluster,doubly_robust,-0.048763425603909775,success,
532,row,psm,-0.029743822262525504,success,
532,row,logistic_regression,-0.055690966775862945,success,
532,row,doubly_robust,-0.04896123518287595,success,
532,apk_cluster,psm,-0.05345260653064822,success,
532,apk_cluster,logistic_regression,-0.05210941298318002,success,
532,apk_cluster,doubly_robust,-0.04885346943977437,success,
533,row,psm,-0.057220584901382904,success,
533,row,logistic_regression,-0.05952057924668138,success,
533,row,doubly_robust,-0.05291703075969638,success,
533,apk_cluster,psm,-0.0849401892519193,success,
533,apk_cluster,logistic_regression,-0.059725901577447366,success,
533,apk_cluster,doubly_robust,-0.05525217521675855,success,
534,row,psm,-0.07399682611652686,success,
534,row,logistic_regression,-0.06090363275372972,success,
534,row,doubly_robust,-0.055338244764133175,success,
534,apk_cluster,psm,-0.07281287137763964,success,
534,apk_cluster,logistic_regression,-0.03504179047197948,success,
534,apk_cluster,doubly_robust,-0.022301049248283092,success,
535,row,psm,-0.052097030151892994,success,
535,row,logistic_regression,-0.0622303686471897,success,
535,row,doubly_robust,-0.05905789090507801,success,
535,apk_cluster,psm,-0.0555934360652757,success,
535,apk_cluster,logistic_regression,-0.05301484448269802,success,
535,apk_cluster,doubly_robust,-0.051911683922887676,success,
536,row,psm,-0.07154840172296531,success,
536,row,logistic_regression,-0.06475969976405921,success,
536,row,doubly_robust,-0.05911652870969459,success,
536,apk_cluster,psm,-0.08501554596500999,success,
536,apk_cluster,logistic_regression,-0.060928334781336996,success,
536,apk_cluster,doubly_robust,-0.05031338634110391,success,
537,row,psm,-0.033235094082974384,success,
537,row,logistic_regression,-0.06788263288534492,success,
537,row,doubly_robust,-0.062351786200334776,success,
537,apk_cluster,psm,-0.0790681410900826,success,
537,apk_cluster,logistic_regression,-0.07520862296257215,success,
537,apk_cluster,doubly_robust,-0.07294771868350998,success,
538,row,psm,-0.08324642938109272,success,
538,row,logistic_regression,-0.06458980342809822,success,
538,row,doubly_robust,-0.06149747923264612,success,
538,apk_cluster,psm,-0.0925934075606214,success,
538,apk_cluster,logistic_regression,-0.06806492581570722,success,
538,apk_cluster,doubly_robust,-0.06336482157364823,success,
539,row,psm,-0.10247109498979823,success,
539,row,logistic_regression,-0.09530358417345067,success,
539,row,doubly_robust,-0.09309163711390112,success,
539,apk_cluster,psm,-0.0911307803468208,success,
539,apk_cluster,logistic_regression,-0.06853229507158407,success,
539,apk_cluster,doubly_robust,-0.0627125926636139,success,
540,row,psm,-0.05536159600997506,success,
540,row,logistic_regression,-0.07643451318307126,success,
540,row,doubly_robust,-0.07197887940522765,success,
540,apk_cluster,psm,-0.0875330396475771,success,
540,apk_cluster,logistic_regression,-0.056511473718416694,success,
540,apk_cluster,doubly_robust,-0.04928516647791439,success,
541,row,psm,-0.03201088188619361,success,
541,row,logistic_regression,-0.0676071885830644,success,
541,row,doubly_robust,-0.06408867703162793,success,
541,apk_cluster,psm,-0.09362682138270075,success,
541,apk_cluster,logistic_regression,-0.0748173390025129,success,
541,apk_cluster,doubly_robust,-0.07337196795832761,success,
542,row,psm,-0.08496939469508047,success,
542,row,logistic_regression,-0.058621920758936366,success,
542,row,doubly_robust,-0.05556613865345994,success,
542,apk_cluster,psm,-0.08882691780195666,success,
542,apk_cluster,logistic_regression,-0.08761517367418677,success,
542,apk_cluster,doubly_robust,-0.086389067436674,success,
543,row,psm,-0.05518023124008162,success,
543,row,logistic_regression,-0.06168181796347856,success,
543,row,doubly_robust,-0.05506079820107191,success,
543,apk_cluster,psm,-0.0714131140445791,success,
543,apk_cluster,logistic_regression,-0.059240396679343214,success,
543,apk_cluster,doubly_robust,-0.05510289149864667,success,
544,row,psm,-0.06483790523690774,success,
544,row,logistic_regression,-0.07626997033162553,success,
544,row,doubly_robust,-0.0722421204901289,success,
544,apk_cluster,psm,-0.09705333151159083,success,
544,apk_cluster,logistic_regression,-0.05321913909938222,success,
544,apk_cluster,doubly_robust,-0.05308818924466285,success,
545,row,psm,-0.05839945590569032,success,
545,row,logistic_regression,-0.06320202659072446,success,
545,row,doubly_robust,-0.06032705567570136,success,
545,apk_cluster,psm,-0.06632350931535554,success,
545,apk_cluster,logistic_regression,-0.059337610393665086,success,
545,apk_cluster,doubly_robust,-0.054778750095840406,success,
546,row,psm,-0.05200634776694627,success,
546,row,logistic_regression,-0.06295181675956657,success,
546,row,doubly_robust,-0.057103951500812225,success,
546,apk_cluster,psm,-0.057180851063829786,success,
546,apk_cluster,logistic_regression,-0.053652333070487904,success,
546,apk_cluster,doubly_robust,-0.04661516560861033,success,
547,row,psm,-0.09072772613919747,success,
547,row,logistic_regression,-0.07229346213939393,success,
547,row,doubly_robust,-0.0668361403608723,success,
547,apk_cluster,psm,-0.10536706303659152,success,
547,apk_cluster,logistic_regression,-0.061197691526759204,success,
547,apk_cluster,doubly_robust,-0.05476159738682877,success,
548,row,psm,-0.09213330310587169,success,
548,row,logistic_regression,-0.07288522592853208,success,
548,row,doubly_robust,-0.06832855707250671,success,
548,apk_cluster,psm,-0.04053236539624924,success,
548,apk_cluster,logistic_regression,-0.05849453718626964,success,
548,apk_cluster,doubly_robust,-0.057249939074174055,success,
549,row,psm,-0.06429381092722738,success,
549,row,logistic_regression,-0.060944503727242666,success,
549,row,doubly_robust,-0.0547157497633859,success,
549,apk_cluster,psm,-0.09718693284936479,success,
549,apk_cluster,logistic_regression,-0.0826623778531503,success,
549,apk_cluster,doubly_robust,-0.07825720240598492,success,
550,row,psm,-0.09204262072092495,success,
550,row,logistic_regression,-0.06968158192841309,success,
550,row,doubly_robust,-0.0667338800214956,success,
550,apk_cluster,psm,-0.0905373831775701,success,
550,apk_cluster,logistic_regression,-0.08482441967393105,success,
550,apk_cluster,doubly_robust,-0.08533179574050878,success,
551,row,psm,-0.07104964860575833,success,
551,row,logistic_regression,-0.06663899275133604,success,
551,row,doubly_robust,-0.06239212639412991,success,
551,apk_cluster,psm,-0.08842824601366742,success,
551,apk_cluster,logistic_regression,-0.0742585141027843,success,
551,apk_cluster,doubly_robust,-0.0698974563780374,success,
552,row,psm,-0.08601224212196781,success,
552,row,logistic_regression,-0.0713763419737079,success,
552,row,doubly_robust,-0.06745235961888386,success,
552,apk_cluster,psm,-0.08349392946617845,success,
552,apk_cluster,logistic_regression,-0.05529113913794963,success,
552,apk_cluster,doubly_robust,-0.05417753544526647,success,
553,row,psm,-0.05119020630242575,success,
553,row,logistic_regression,-0.06701047056758465,success,
553,row,doubly_robust,-0.06191927086998524,success,
553,apk_cluster,psm,-0.07155691312550534,success,
553,apk_cluster,logistic_regression,-0.031245751943705286,success,
553,apk_cluster,doubly_robust,-0.025591654795294464,success,
554,row,psm,-0.05114486510995239,success,
554,row,logistic_regression,-0.057332533978847536,success,
554,row,doubly_robust,-0.05416515485413234,success,
554,apk_cluster,psm,-0.07537829254623575,success,
554,apk_cluster,logistic_regression,-0.056343291592178796,success,
554,apk_cluster,doubly_robust,-0.055672824396959704,success,
555,row,psm,-0.0694173656767173,success,
555,row,logistic_regression,-0.0764551339854779,success,
555,row,doubly_robust,-0.07413836702675973,success,
555,apk_cluster,psm,-0.08006628581396363,success,
555,apk_cluster,logistic_regression,-0.0520855765358682,success,
555,apk_cluster,doubly_robust,-0.045477501288524715,success,
556,row,psm,-0.06660621174336884,success,
556,row,logistic_regression,-0.05067179130465957,success,
556,row,doubly_robust,-0.04526614449042608,success,
556,apk_cluster,psm,-0.0917905076421525,success,
556,apk_cluster,logistic_regression,-0.04966865110189661,success,
556,apk_cluster,doubly_robust,-0.04198801474546642,success,
557,row,psm,-0.07055089548855135,success,
557,row,logistic_regression,-0.05308042736863622,success,
557,row,doubly_robust,-0.04804608060798211,success,
557,apk_cluster,psm,-0.08680998360357078,success,
557,apk_cluster,logistic_regression,-0.061242091888700355,success,
557,apk_cluster,doubly_robust,-0.05617507414007394,success,
558,row,psm,-0.05205168895941963,success,
558,row,logistic_regression,-0.05895012332274464,success,
558,row,doubly_robust,-0.0529375872300552,success,
558,apk_cluster,psm,-0.05349364791288566,success,
558,apk_cluster,logistic_regression,-0.05456254394700292,success,
558,apk_cluster,doubly_robust,-0.05185676369104892,success,
559,row,psm,-0.07023350714123781,success,
559,row,logistic_regression,-0.07258349181413473,success,
559,row,doubly_robust,-0.06893277382056057,success,
559,apk_cluster,psm,-0.07111690882101569,success,
559,apk_cluster,logistic_regression,-0.0710843674053569,success,
559,apk_cluster,doubly_robust,-0.06747855708208333,success,
560,row,psm,-0.0707322602584448,success,
560,row,logistic_regression,-0.043726844388367894,success,
560,row,doubly_robust,-0.03497189594252691,success,
560,apk_cluster,psm,-0.015627881246542505,success,
560,apk_cluster,logistic_regression,-0.022362105194417524,success,
560,apk_cluster,doubly_robust,-0.01463128535093702,success,
561,row,psm,-0.03278168215824077,success,
561,row,logistic_regression,-0.047546939332760225,success,
561,row,doubly_robust,-0.041414366429440096,success,
561,apk_cluster,psm,-0.0483278656416785,success,
561,apk_cluster,logistic_regression,-0.06534622338513116,success,
561,apk_cluster,doubly_robust,-0.06460546487783675,success,
562,row,psm,-0.09072772613919747,success,
562,row,logistic_regression,-0.06718437962011915,success,
562,row,doubly_robust,-0.06257683440902942,success,
562,apk_cluster,psm,-0.05830333733280007,success,
562,apk_cluster,logistic_regression,-0.04690774007398285,success,
562,apk_cluster,doubly_robust,-0.03388866193471231,success,
563,row,psm,-0.07884833371117661,success,
563,row,logistic_regression,-0.06354481169075281,success,
563,row,doubly_robust,-0.05703242114402068,success,
563,apk_cluster,psm,-0.05079104545661788,success,
563,apk_cluster,logistic_regression,-0.05449076763491961,success,
563,apk_cluster,doubly_robust,-0.049832875535932956,success,
564,row,psm,-0.06102924506914532,success,
564,row,logistic_regression,-0.06727754937145705,success,
564,row,doubly_robust,-0.062344814005888094,success,
564,apk_cluster,psm,-0.05628089154154621,success,
564,apk_cluster,logistic_regression,-0.05733647710094301,success,
564,apk_cluster,doubly_robust,-0.05228857069495882,success,
565,row,psm,-0.09616866923600091,success,
565,row,logistic_regression,-0.07167674438889193,success,
565,row,doubly_robust,-0.06787264130254793,success,
565,apk_cluster,psm,-0.09719583898688376,success,
565,apk_cluster,logistic_regression,-0.07476166984662744,success,
565,apk_cluster,doubly_robust,-0.06852764737863391,success,
566,row,psm,-0.08537746542734075,success,
566,row,logistic_regression,-0.06323857911250055,success,
566,row,doubly_robust,-0.058640025610001804,success,
566,apk_cluster,psm,-0.07586593745617726,success,
566,apk_cluster,logistic_regression,-0.027411927806923884,success,
566,apk_cluster,doubly_robust,-0.024433073385644113,success,
567,row,psm,-0.024030832010881888,success,
567,row,logistic_regression,-0.06864025560029136,success,
567,row,doubly_robust,-0.06443410737853497,success,
567,apk_cluster,psm,-0.05919265711342137,success,
567,apk_cluster,logistic_regression,-0.05654300944655241,success,
567,apk_cluster,doubly_robust,-0.05548872236358998,success,
568,row,psm,-0.060757197914305144,success,
568,row,logistic_regression,-0.06208513024430929,success,
568,row,doubly_robust,-0.05721689061710278,success,
568,apk_cluster,psm,-0.06590041923783503,success,
568,apk_cluster,logistic_regression,-0.05050158838781242,success,
568,apk_cluster,doubly_robust,-0.047083809902473385,success,
569,row,psm,-0.06814781228746315,success,
569,row,logistic_regression,-0.06801872219274929,success,
569,row,doubly_robust,-0.06357737638270938,success,
569,apk_cluster,psm,-0.05344344771939817,success,
569,apk_cluster,logistic_regression,-0.0362827393084661,success,
569,apk_cluster,doubly_robust,-0.030067755460192944,success,
570,row,psm,-0.08551348900476083,success,
570,row,logistic_regression,-0.0792603058025711,success,
570,row,doubly_robust,-0.07624303018190187,success,
570,apk_cluster,psm,-0.05150016180481716,success,
570,apk_cluster,logistic_regression,-0.05402468901222642,success,
570,apk_cluster,doubly_robust,-0.05171966158974959,success,
571,row,psm,-0.08977556109725686,success,
571,row,logistic_regression,-0.06426884179925954,success,
571,row,doubly_robust,-0.05921004123873162,success,
571,apk_cluster,psm,-0.0818951705195697,success,
571,apk_cluster,logistic_regression,-0.0393102918133387,success,
571,apk_cluster,doubly_robust,-0.04054487472914671,success,
572,row,psm,-0.040852414418499204,success,
572,row,logistic_regression,-0.05597022117120883,success,
572,row,doubly_robust,-0.05003117226718853,success,
572,apk_cluster,psm,-0.08332956753581273,success,
572,apk_cluster,logistic_regression,-0.06941977556865454,success,
572,apk_cluster,doubly_robust,-0.07106473206922129,success,
573,row,psm,-0.0722738608025391,success,
573,row,logistic_regression,-0.06594836778416713,success,
573,row,doubly_robust,-0.06120290934645271,success,
573,apk_cluster,psm,-0.09804104913740708,success,
573,apk_cluster,logistic_regression,-0.07577355831496362,success,
573,apk_cluster,doubly_robust,-0.07468389867180207,success,
574,row,psm,-0.06442983450464748,success,
574,row,logistic_regression,-0.06345113245173978,success,
574,row,doubly_robust,-0.05875552456576672,success,
574,apk_cluster,psm,-0.04036059122317302,success,
574,apk_cluster,logistic_regression,-0.07281227987183042,success,
574,apk_cluster,doubly_robust,-0.06868049599286563,success,
575,row,psm,-0.06669689412831556,success,
575,row,logistic_regression,-0.06735071902306353,success,
575,row,doubly_robust,-0.062482658690147935,success,
575,apk_cluster,psm,-0.0746294911825498,success,
575,apk_cluster,logistic_regression,-0.06746985891351483,success,
575,apk_cluster,doubly_robust,-0.0561924600661248,success,
576,row,psm,-0.05450011335298118,success,
576,row,logistic_regression,-0.06546102403575008,success,
576,row,doubly_robust,-0.059204063065260736,success,
576,apk_cluster,psm,-0.10124116687805762,success,
576,apk_cluster,logistic_regression,-0.08747825852480443,success,
576,apk_cluster,doubly_robust,-0.07778820736581767,success,
577,row,psm,-0.07367943776921335,success,
577,row,logistic_regression,-0.07382492690772124,success,
577,row,doubly_robust,-0.06877062400218432,success,
577,apk_cluster,psm,-0.058858748215354854,success,
577,apk_cluster,logistic_regression,-0.06477594709489913,success,
577,apk_cluster,doubly_robust,-0.0636453418809421,success,
578,row,psm,-0.05463613693040127,success,
578,row,logistic_regression,-0.060840632807949845,success,
578,row,doubly_robust,-0.05799779605657205,success,
578,apk_cluster,psm,-0.04152571456586753,success,
578,apk_cluster,logistic_regression,-0.036434068201096736,success,
578,apk_cluster,doubly_robust,-0.04083897932274096,success,
579,row,psm,-0.05368397188846066,success,
579,row,logistic_regression,-0.0639145292365631,success,
579,row,doubly_robust,-0.06095177834335304,success,
579,apk_cluster,psm,-0.08695452668287983,success,
579,apk_cluster,logistic_regression,-0.053523146962850196,success,
579,apk_cluster,doubly_robust,-0.04969200651977326,success,
580,row,psm,-0.05250510088415326,success,
580,row,logistic_regression,-0.07077206257370644,success,
580,row,doubly_robust,-0.06714640392929778,success,
580,apk_cluster,psm,-0.08108856088560885,success,
580,apk_cluster,logistic_regression,-0.05738843325392213,success,
580,apk_cluster,doubly_robust,-0.05294956615797433,success,
581,row,psm,-0.07830423940149626,success,
581,row,logistic_regression,-0.05522439163848904,success,
581,row,doubly_robust,-0.05145145812765953,success,
581,apk_cluster,psm,-0.08875628435840811,success,
581,apk_cluster,logistic_regression,-0.04725879212712263,success,
581,apk_cluster,doubly_robust,-0.051202736916950604,success,
582,row,psm,-0.09548855134890048,success,
582,row,logistic_regression,-0.07023352980578362,success,
582,row,doubly_robust,-0.06637944415140828,success,
582,apk_cluster,psm,-0.08160851567120048,success,
582,apk_cluster,logistic_regression,-0.06682410147298554,success,
582,apk_cluster,doubly_robust,-0.05440116133914261,success,
583,row,psm,-0.0666515529358422,success,
583,row,logistic_regression,-0.06088779106311738,success,
583,row,doubly_robust,-0.055973655397151593,success,
583,apk_cluster,psm,-0.07200072000720008,success,
583,apk_cluster,logistic_regression,-0.04341934949190369,success,
583,apk_cluster,doubly_robust,-0.043659717426265975,success,
584,row,psm,-0.04148719111312627,success,
584,row,logistic_regression,-0.0634367844573352,success,
584,row,doubly_robust,-0.056213079367706566,success,
584,apk_cluster,psm,-0.06908520349942944,success,
584,apk_cluster,logistic_regression,-0.04067815611259151,success,
584,apk_cluster,doubly_robust,-0.034580678077144246,success,
585,row,psm,-0.0942643391521197,success,
585,row,logistic_regression,-0.06865008442630552,success,
585,row,doubly_robust,-0.06447098603615196,success,
585,apk_cluster,psm,-0.07639086342526775,success,
585,apk_cluster,logistic_regression,-0.07078342682259348,success,
585,apk_cluster,doubly_robust,-0.06714812084697508,success,
586,row,psm,-0.06878258898209023,success,
586,row,logistic_regression,-0.06714055486198015,success,
586,row,doubly_robust,-0.06121414401909507,success,
586,apk_cluster,psm,-0.07088504393513906,success,
586,apk_cluster,logistic_regression,-0.05832061235745317,success,
586,apk_cluster,doubly_robust,-0.05291842668942063,success,
587,row,psm,-0.03636363636363636,success,
587,row,logistic_regression,-0.06753756471910599,success,
587,row,doubly_robust,-0.06427099589908064,success,
587,apk_cluster,psm,-0.0732022647229281,success,
587,apk_cluster,logistic_regression,-0.07896857231071093,success,
587,apk_cluster,doubly_robust,-0.07022623383028738,success,
588,row,psm,-0.04987531172069826,success,
588,row,logistic_regression,-0.07470140888108485,success,
588,row,doubly_robust,-0.07123385450370473,success,
588,apk_cluster,psm,-0.08485307887813796,success,
588,apk_cluster,logistic_regression,-0.05634274273634779,success,
588,apk_cluster,doubly_robust,-0.05653410226134544,success,
589,row,psm,-0.04148719111312627,success,
589,row,logistic_regression,-0.061154035008294604,success,
589,row,doubly_robust,-0.055445333105678944,success,
589,apk_cluster,psm,-0.07094459944200876,success,
589,apk_cluster,logistic_regression,-0.05633884703921295,success,
589,apk_cluster,doubly_robust,-0.040949491605436754,success,
590,row,psm,-0.06991611879392429,success,
590,row,logistic_regression,-0.06365739026807367,success,
590,row,doubly_robust,-0.06075079095543828,success,
590,apk_cluster,psm,-0.06712053367449511,success,
590,apk_cluster,logistic_regression,-0.05426664575346218,success,
590,apk_cluster,doubly_robust,-0.05375036627472324,success,
591,row,psm,-0.0965313987757878,success,
591,row,logistic_regression,-0.07775724382836989,success,
591,row,doubly_robust,-0.0746339332278701,success,
591,apk_cluster,psm,-0.08514073750818242,success,
591,apk_cluster,logistic_regression,-0.07767105373649015,success,
591,apk_cluster,doubly_robust,-0.07618314199444894,success,
592,row,psm,-0.08356381772840625,success,
592,row,logistic_regression,-0.06533514443160951,success,
592,row,doubly_robust,-0.06012429721693616,success,
592,apk_cluster,psm,-0.043192713326941516,success,
592,apk_cluster,logistic_regression,-0.06279458820506512,success,
592,apk_cluster,doubly_robust,-0.05773508672609737,success,
593,row,psm,-0.0579460439809567,success,
593,row,logistic_regression,-0.07056953718484962,success,
593,row,doubly_robust,-0.06664872893133902,success,
593,apk_cluster,psm,0.004828955681920751,success,
593,apk_cluster,logistic_regression,-0.03532543948947624,success,
593,apk_cluster,doubly_robust,-0.03950880006209334,success,
594,row,psm,-0.06293357515302653,success,
594,row,logistic_regression,-0.06542741303159903,success,
594,row,doubly_robust,-0.06088821701439595,success,
594,apk_cluster,psm,-0.07392375045603794,success,
594,apk_cluster,logistic_regression,-0.07219769374944648,success,
594,apk_cluster,doubly_robust,-0.07100992006741617,success,
595,row,psm,-0.07476762638857402,success,
595,row,logistic_regression,-0.07653300989196785,success,
595,row,doubly_robust,-0.07348297121155661,success,
595,apk_cluster,psm,-0.09915640366310281,success,
595,apk_cluster,logistic_regression,-0.07171572444604796,success,
595,apk_cluster,doubly_robust,-0.06982211459022683,success,
596,row,psm,-0.07386080253910678,success,
596,row,logistic_regression,-0.06924419119319003,success,
596,row,doubly_robust,-0.0663305440102081,success,
596,apk_cluster,psm,-0.07868821999256782,success,
596,apk_cluster,logistic_regression,-0.058658689470758696,success,
596,apk_cluster,doubly_robust,-0.0563279995738933,success,
597,row,psm,-0.091543867603718,success,
597,row,logistic_regression,-0.08427141627921356,success,
597,row,doubly_robust,-0.08162316967265018,success,
597,apk_cluster,psm,-0.03557910673732021,success,
597,apk_cluster,logistic_regression,-0.05843633166183533,success,
597,apk_cluster,doubly_robust,-0.06142537647146481,success,
598,row,psm,-0.07535706189072772,success,
598,row,logistic_regression,-0.06071889644211541,success,
598,row,doubly_robust,-0.055645474378316136,success,
598,apk_cluster,psm,-0.08285344404267667,success,
598,apk_cluster,logistic_regression,-0.07009772119220391,success,
598,apk_cluster,doubly_robust,-0.06827612443422253,success,
599,row,psm,-0.05885286783042394,success,
599,row,logistic_regression,-0.05184981951152498,success,
599,row,doubly_robust,-0.0473657990775997,success,
599,apk_cluster,psm,-0.07374674007534048,success,
599,apk_cluster,logistic_regression,-0.0529834652566421,success,
599,apk_cluster,doubly_robust,-0.05277391103180926,success,
600,row,psm,-0.048741781908864204,success,
600,row,logistic_regression,-0.056836636926474934,success,
600,row,doubly_robust,-0.05152441115510827,success,
600,apk_cluster,psm,-0.04433031490741992,success,
600,apk_cluster,logistic_regression,-0.07225963791804725,success,
600,apk_cluster,doubly_robust,-0.06745599604919358,success,
601,row,psm,-0.05064611199274541,success,
601,row,logistic_regression,-0.056399059258226115,success,
601,row,doubly_robust,-0.052171387913801874,success,
601,apk_cluster,psm,-0.05110439432690072,success,
601,apk_cluster,logistic_regression,-0.061268301882659214,success,
601,apk_cluster,doubly_robust,-0.06252726348220575,success,
602,row,psm,-0.035048741781908865,success,
602,row,logistic_regression,-0.058859438785402944,success,
602,row,doubly_robust,-0.05203098938959532,success,
602,apk_cluster,psm,-0.053843966252725375,success,
602,apk_cluster,logistic_regression,-0.05292307569566036,success,
602,apk_cluster,doubly_robust,-0.04847055074697637,success,
603,row,psm,-0.04656540467014283,success,
603,row,logistic_regression,-0.06970071627969515,success,
603,row,doubly_robust,-0.06639147151907156,success,
603,apk_cluster,psm,-0.08186902717223764,success,
603,apk_cluster,logistic_regression,-0.037753222277178644,success,
603,apk_cluster,doubly_robust,-0.03435200594491453,success,
604,row,psm,-0.08365450011335297,success,
604,row,logistic_regression,-0.053270312965052836,success,
604,row,doubly_robust,-0.04887562193534241,success,
604,apk_cluster,psm,-0.10986905142127117,success,
604,apk_cluster,logistic_regression,-0.05903013781804665,success,
604,apk_cluster,doubly_robust,-0.056908386387712125,success,
605,row,psm,-0.06887327136703696,success,
605,row,logistic_regression,-0.06849781208832925,success,
605,row,doubly_robust,-0.0665608327042731,success,
605,apk_cluster,psm,-0.06319362841101972,success,
605,apk_cluster,logistic_regression,-0.07207235276870287,success,
605,apk_cluster,doubly_robust,-0.07075647329557222,success,
606,row,psm,-0.07358875538426661,success,
606,row,logistic_regression,-0.0735735015539634,success,
606,row,doubly_robust,-0.06799119490602226,success,
606,apk_cluster,psm,-0.08550039401103232,success,
606,apk_cluster,logistic_regression,-0.04971740763934866,success,
606,apk_cluster,doubly_robust,-0.04485218938470506,success,
607,row,psm,-0.058308773520743595,success,
607,row,logistic_regression,-0.06050120744817761,success,
607,row,doubly_robust,-0.055258728088524306,success,
607,apk_cluster,psm,-0.06772143216425075,success,
607,apk_cluster,logistic_regression,-0.05855466731248693,success,
607,apk_cluster,doubly_robust,-0.05337023914399825,success,
608,row,psm,-0.0658354114713217,success,
608,row,logistic_regression,-0.06875217263943022,success,
608,row,doubly_robust,-0.06404170904236187,success,
608,apk_cluster,psm,-0.0985817575083426,success,
608,apk_cluster,logistic_regression,-0.04193568717709608,success,
608,apk_cluster,doubly_robust,-0.034366662883248064,success,
609,row,psm,-0.05277714803899342,success,
609,row,logistic_regression,-0.06159803035358114,success,
609,row,doubly_robust,-0.056307854084280295,success,
609,apk_cluster,psm,-0.0629156929714183,success,
609,apk_cluster,logistic_regression,-0.06143894364918071,success,
609,apk_cluster,doubly_robust,-0.06001220690702776,success,
610,row,psm,-0.06728632963046928,success,
610,row,logistic_regression,-0.07394573409525639,success,
610,row,doubly_robust,-0.070366923638698,success,
610,apk_cluster,psm,-0.08769498949626782,success,
610,apk_cluster,logistic_regression,-0.05564529611553699,success,
610,apk_cluster,doubly_robust,-0.058326613008221555,success,
611,row,psm,-0.07222851961006574,success,
611,row,logistic_regression,-0.06285750019768095,success,
611,row,doubly_robust,-0.05860286255475666,success,
611,apk_cluster,psm,-0.07740440324449595,success,
611,apk_cluster,logistic_regression,-0.08646115521320032,success,
611,apk_cluster,doubly_robust,-0.08426024019469064,success,
612,row,psm,-0.06878258898209023,success,
612,row,logistic_regression,-0.05720313570207264,success,
612,row,doubly_robust,-0.05234512885618058,success,
612,apk_cluster,psm,-0.07263731237786371,success,
612,apk_cluster,logistic_regression,-0.09084790656930677,success,
612,apk_cluster,doubly_robust,-0.08771944380729577,success,
613,row,psm,-0.06198141011108592,success,
613,row,logistic_regression,-0.06915573104857528,success,
613,row,doubly_robust,-0.06504879828317621,success,
613,apk_cluster,psm,-0.08943684523537215,success,
613,apk_cluster,logistic_regression,-0.07886889999562181,success,
613,apk_cluster,doubly_robust,-0.07486226225645973,success,
614,row,psm,-0.055815007934708685,success,
614,row,logistic_regression,-0.07207262548111767,success,
614,row,doubly_robust,-0.06849153062711641,success,
614,apk_cluster,psm,-0.08343489265960438,success,
614,apk_cluster,logistic_regression,-0.05123182496448107,success,
614,apk_cluster,doubly_robust,-0.043524837215654436,success,
615,row,psm,-0.085785536159601,success,
615,row,logistic_regression,-0.06774090835709012,success,
615,row,doubly_robust,-0.06370106476964699,success,
615,apk_cluster,psm,-0.0967666682219008,success,
615,apk_cluster,logistic_regression,-0.06098217048496425,success,
615,apk_cluster,doubly_robust,-0.056705361346740035,success,
616,row,psm,-0.07331670822942643,success,
616,row,logistic_regression,-0.06502677155004254,success,
616,row,doubly_robust,-0.06097391676953804,success,
616,apk_cluster,psm,-0.06519271802787488,success,
616,apk_cluster,logistic_regression,-0.04691070381401373,success,
616,apk_cluster,doubly_robust,-0.025978516560247657,success,
617,row,psm,-0.052142371344366355,success,
617,row,logistic_regression,-0.060178852343432426,success,
617,row,doubly_robust,-0.0560684135528333,success,
617,apk_cluster,psm,-0.08239519908887818,success,
617,apk_cluster,logistic_regression,-0.055549787514141885,success,
617,apk_cluster,doubly_robust,-0.04580557402829848,success,
618,row,psm,-0.07254590795737928,success,
618,row,logistic_regression,-0.07384883682820559,success,
618,row,doubly_robust,-0.0697047687904277,success,
618,apk_cluster,psm,-0.07993716337522441,success,
618,apk_cluster,logistic_regression,-0.07759601037532228,success,
618,apk_cluster,doubly_robust,-0.07571116158689674,success,
619,row,psm,-0.052233053729313084,success,
619,row,logistic_regression,-0.06552772402064669,success,
619,row,doubly_robust,-0.05843607864389365,success,
619,apk_cluster,psm,-0.08628916096507022,success,
619,apk_cluster,logistic_regression,-0.09250924910383956,success,
619,apk_cluster,doubly_robust,-0.09083951922787312,success,
620,row,psm,-0.025617773747449557,success,
620,row,logistic_regression,-0.05298057039968529,success,
620,row,doubly_robust,-0.046419535264005454,success,
620,apk_cluster,psm,-0.06487399561723887,success,
620,apk_cluster,logistic_regression,-0.07928438540967378,success,
620,apk_cluster,doubly_robust,-0.0794005455997592,success,
621,row,psm,-0.0402629789163455,success,
621,row,logistic_regression,-0.055771130893203846,success,
621,row,doubly_robust,-0.051243642257327124,success,
621,apk_cluster,psm,-0.11234618727414117,success,
621,apk_cluster,logistic_regression,-0.08997990994412357,success,
621,apk_cluster,doubly_robust,-0.08800854604219423,success,
622,row,psm,-0.04765359328950351,success,
622,row,logistic_regression,-0.07095947018879335,success,
622,row,doubly_robust,-0.0687753219876492,success,
622,apk_cluster,psm,-0.09606642545690695,success,
622,apk_cluster,logistic_regression,-0.07407063733711017,success,
622,apk_cluster,doubly_robust,-0.07307549612889926,success,
623,row,psm,-0.09213330310587169,success,
623,row,logistic_regression,-0.06890962049361893,success,
623,row,doubly_robust,-0.06620403390365745,success,
623,apk_cluster,psm,-0.08016747465843985,success,
623,apk_cluster,logistic_regression,-0.06872856612489667,success,
623,apk_cluster,doubly_robust,-0.07115625683056735,success,
624,row,psm,-0.10256177737474495,success,
624,row,logistic_regression,-0.07314235967845222,success,
624,row,doubly_robust,-0.06923353947927306,success,
624,apk_cluster,psm,-0.02947658402203857,success,
624,apk_cluster,logistic_regression,-0.07480145047174973,success,
624,apk_cluster,doubly_robust,-0.07107848328614128,success,
625,row,psm,-0.06950804806166402,success,
625,row,logistic_regression,-0.0405866188275368,success,
625,row,doubly_robust,-0.0353488763717042,success,
625,apk_cluster,psm,-0.06893580353295993,success,
625,apk_cluster,logistic_regression,-0.06415974326910391,success,
625,apk_cluster,doubly_robust,-0.06199743962322892,success,
626,row,psm,-0.021491725232373613,success,
626,row,logistic_regression,-0.07180226693787817,success,
626,row,doubly_robust,-0.06856081159956763,success,
626,apk_cluster,psm,-0.05797824116047144,success,
626,apk_cluster,logistic_regression,-0.05734672885061376,success,
626,apk_cluster,doubly_robust,-0.05140571896064947,success,
627,row,psm,-0.07844026297891635,success,
627,row,logistic_regression,-0.06492921288707507,success,
627,row,doubly_robust,-0.06199453640895835,success,
627,apk_cluster,psm,-0.08379834978776173,success,
627,apk_cluster,logistic_regression,-0.06578772617810026,success,
627,apk_cluster,doubly_robust,-0.06011326394361145,success,
628,row,psm,-0.05790070278848334,success,
628,row,logistic_regression,-0.05850152547145236,success,
628,row,doubly_robust,-0.05428798213186888,success,
628,apk_cluster,psm,-0.09545909545909546,success,
628,apk_cluster,logistic_regression,-0.08724431198083082,success,
628,apk_cluster,doubly_robust,-0.08655756463306293,success,
629,row,psm,-0.08401722965313986,success,
629,row,logistic_regression,-0.059019325249293715,success,
629,row,doubly_robust,-0.05411093285081183,success,
629,apk_cluster,psm,-0.10887724762848648,success,
629,apk_cluster,logistic_regression,-0.07019316743102699,success,
629,apk_cluster,doubly_robust,-0.07053633351217935,success,
630,row,psm,-0.09172523237361144,success,
630,row,logistic_regression,-0.07440892224100638,success,
630,row,doubly_robust,-0.06933472081922891,success,
630,apk_cluster,psm,-0.06807477543092984,success,
630,apk_cluster,logistic_regression,-0.05931793501605168,success,
630,apk_cluster,doubly_robust,-0.05034724432972465,success,
631,row,psm,-0.035774200861482655,success,
631,row,logistic_regression,-0.0391413509930338,success,
631,row,doubly_robust,-0.03257733821056043,success,
631,apk_cluster,psm,-0.07922400611620796,success,
631,apk_cluster,logistic_regression,-0.0765868368348347,success,
631,apk_cluster,doubly_robust,-0.07484993780531068,success,
632,row,psm,-0.0660621174336885,success,
632,row,logistic_regression,-0.05419664596445891,success,
632,row,doubly_robust,-0.04919657309836848,success,
632,apk_cluster,psm,-0.08913609467455622,success,
632,apk_cluster,logistic_regression,-0.06492800221189553,success,
632,apk_cluster,doubly_robust,-0.06039333974006006,success,
633,row,psm,-0.0782588982090229,success,
633,row,logistic_regression,-0.0654745512602136,success,
633,row,doubly_robust,-0.060448931709880124,success,
633,apk_cluster,psm,-0.046031524619891205,success,
633,apk_cluster,logistic_regression,-0.04358754784850087,success,
633,apk_cluster,doubly_robust,-0.034635802745021586,success,
634,row,psm,-0.07839492178644299,success,
634,row,logistic_regression,-0.056055562889811235,success,
634,row,doubly_robust,-0.04966089863342344,success,
634,apk_cluster,psm,-0.07169936498910055,success,
634,apk_cluster,logistic_regression,-0.045500449812021865,success,
634,apk_cluster,doubly_robust,-0.0423043976590941,success,
635,row,psm,-0.047018816594876445,success,
635,row,logistic_regression,-0.06419026762619359,success,
635,row,doubly_robust,-0.05794160126994136,success,
635,apk_cluster,psm,-0.08531177829099307,success,
635,apk_cluster,logistic_regression,-0.058818244473538,success,
635,apk_cluster,doubly_robust,-0.0633168782440368,success,
636,row,psm,-0.050510088415325324,success,
636,row,logistic_regression,-0.058077434970386345,success,
636,row,doubly_robust,-0.052836910076735445,success,
636,apk_cluster,psm,-0.053911596079156646,success,
636,apk_cluster,logistic_regression,-0.04429438258291395,success,
636,apk_cluster,doubly_robust,-0.04169702486050111,success,
637,row,psm,-0.052187712536839716,success,
637,row,logistic_regression,-0.055345894921865285,success,
637,row,doubly_robust,-0.05001323035606753,success,
637,apk_cluster,psm,-0.07663483069049033,success,
637,apk_cluster,logistic_regression,-0.08141580123762458,success,
637,apk_cluster,doubly_robust,-0.07961584659848023,success,
638,row,psm,-0.05966900929494446,success,
638,row,logistic_regression,-0.06165202622413198,success,
638,row,doubly_robust,-0.05756325230684036,success,
638,apk_cluster,psm,-0.08143322475570032,success,
638,apk_cluster,logistic_regression,-0.054268354535604246,success,
638,apk_cluster,doubly_robust,-0.05084636003205287,success,
639,row,psm,-0.08002720471548402,success,
639,row,logistic_regression,-0.07091721500939492,success,
639,row,doubly_robust,-0.06626632079549195,success,
639,apk_cluster,psm,-0.08997036904013649,success,
639,apk_cluster,logistic_regression,-0.06496937009415048,success,
639,apk_cluster,doubly_robust,-0.06985155892759662,success,
640,row,psm,-0.053003854001360234,success,
640,row,logistic_regression,-0.055275249932873416,success,
640,row,doubly_robust,-0.05135198749871196,success,
640,apk_cluster,psm,-0.0782051282051282,success,
640,apk_cluster,logistic_regression,-0.06653114127672918,success,
640,apk_cluster,doubly_robust,-0.06092805584492366,success,
641,row,psm,-0.04203128542280662,success,
641,row,logistic_regression,-0.06701326416492194,success,
641,row,doubly_robust,-0.06269324087225887,success,
641,apk_cluster,psm,-0.08909260825063414,success,
641,apk_cluster,logistic_regression,-0.08385157364283884,success,
641,apk_cluster,doubly_robust,-0.07485756846941714,success,
642,row,psm,-0.06157333937882566,success,
642,row,logistic_regression,-0.07296342808451399,success,
642,row,doubly_robust,-0.06994658906290908,success,
642,apk_cluster,psm,-0.04049690555206745,success,
642,apk_cluster,logistic_regression,-0.05475165282913708,success,
642,apk_cluster,doubly_robust,-0.047251000823616676,success,
643,row,psm,-0.0553162548175017,success,
643,row,logistic_regression,-0.06687654350085416,success,
643,row,doubly_robust,-0.06340721629708343,success,
643,apk_cluster,psm,-0.09407311669128508,success,
643,apk_cluster,logistic_regression,-0.06624047256158215,success,
643,apk_cluster,doubly_robust,-0.06239663660056356,success,
644,row,psm,-0.06683291770573566,success,
644,row,logistic_regression,-0.07218113742072077,success,
644,row,doubly_robust,-0.0677756320188251,success,
644,apk_cluster,psm,-0.09171946689971597,success,
644,apk_cluster,logistic_regression,-0.08345275870402222,success,
644,apk_cluster,doubly_robust,-0.08270601880548105,success,
645,row,psm,-0.0995239174790297,success,
645,row,logistic_regression,-0.08300696198065943,success,
645,row,doubly_robust,-0.07945548146924299,success,
645,apk_cluster,psm,-0.09123940250302785,success,
645,apk_cluster,logistic_regression,-0.06900320560812043,success,
645,apk_cluster,doubly_robust,-0.06460978555629647,success,
646,row,psm,-0.005259578326909997,success,
646,row,logistic_regression,-0.059231795779011866,success,
646,row,doubly_robust,-0.05361621780451254,success,
646,apk_cluster,psm,-0.08414990544954444,success,
646,apk_cluster,logistic_regression,-0.06636868785889548,success,
646,apk_cluster,doubly_robust,-0.06143542585138226,success,
647,row,psm,-0.0765812740875085,success,
647,row,logistic_regression,-0.06999948741885374,success,
647,row,doubly_robust,-0.06492426858502419,success,
647,apk_cluster,psm,-0.04920850293984622,success,
647,apk_cluster,logistic_regression,-0.060782445453400065,success,
647,apk_cluster,doubly_robust,-0.053603693695665935,success,
648,row,psm,-0.07771480389934256,success,
648,row,logistic_regression,-0.06842626153168198,success,
648,row,doubly_robust,-0.06427577247884987,success,
648,apk_cluster,psm,-0.07061077204080723,success,
648,apk_cluster,logistic_regression,-0.07322016138010781,success,
648,apk_cluster,doubly_robust,-0.07166896831333958,success,
649,row,psm,-0.07848560417138971,success,
649,row,logistic_regression,-0.05966698328646879,success,
649,row,doubly_robust,-0.053573024572705207,success,
649,apk_cluster,psm,-0.05637703609820213,success,
649,apk_cluster,logistic_regression,-0.05615142364862509,success,
649,apk_cluster,doubly_robust,-0.05175118112200423,success,
650,row,psm,-0.0880525957832691,success,
650,row,logistic_regression,-0.06815924290254328,success,
650,row,doubly_robust,-0.06335802434310367,success,
650,apk_cluster,psm,-0.0861214953271028,success,
650,apk_cluster,logistic_regression,-0.07017956742020749,success,
650,apk_cluster,doubly_robust,-0.06514465108873044,success,
651,row,psm,-0.06234413965087282,success,
651,row,logistic_regression,-0.05711848461783128,success,
651,row,doubly_robust,-0.05180246238185774,success,
651,apk_cluster,psm,-0.08394406943105111,success,
651,apk_cluster,logistic_regression,-0.04440103661194781,success,
651,apk_cluster,doubly_robust,-0.047948441001558005,success,
652,row,psm,-0.04067104964860576,success,
652,row,logistic_regression,-0.04101005947911822,success,
652,row,doubly_robust,-0.03409617056705886,success,
652,apk_cluster,psm,-0.07818423047763458,success,
652,apk_cluster,logistic_regression,-0.051225939932992404,success,
652,apk_cluster,doubly_robust,-0.04976294293821505,success,
653,row,psm,-0.08079800498753117,success,
653,row,logistic_regression,-0.055116854432188396,success,
653,row,doubly_robust,-0.04898634899318869,success,
653,apk_cluster,psm,-0.1032261033641677,success,
653,apk_cluster,logistic_regression,-0.05881999893243125,success,
653,apk_cluster,doubly_robust,-0.05725291219259564,success,
654,row,psm,-0.080525957832691,success,
654,row,logistic_regression,-0.061551311288370644,success,
654,row,doubly_robust,-0.05639731464650924,success,
654,apk_cluster,psm,-0.08863029878822345,success,
654,apk_cluster,logistic_regression,-0.08826377512044595,success,
654,apk_cluster,doubly_robust,-0.08423158667268965,success,
655,row,psm,-0.06492858762185447,success,
655,row,logistic_regression,-0.07358626623640575,success,
655,row,doubly_robust,-0.06947002864157806,success,
655,apk_cluster,psm,-0.0683114471415307,success,
655,apk_cluster,logistic_regression,-0.043599620271476305,success,
655,apk_cluster,doubly_robust,-0.041145678085297135,success,
656,row,psm,-0.07404216730900022,success,
656,row,logistic_regression,-0.051165807987298084,success,
656,row,doubly_robust,-0.04613099435739105,success,
656,apk_cluster,psm,-0.09345342706502636,success,
656,apk_cluster,logistic_regression,-0.050149130665529805,success,
656,apk_cluster,doubly_robust,-0.04336193765887426,success,
657,row,psm,-0.0428927680798005,success,
657,row,logistic_regression,-0.07355717711501679,success,
657,row,doubly_robust,-0.07019449614194793,success,
657,apk_cluster,psm,-0.08190928014716561,success,
657,apk_cluster,logistic_regression,-0.06329774108556296,success,
657,apk_cluster,doubly_robust,-0.058045632787151656,success,
658,row,psm,-0.013783722511902062,success,
658,row,logistic_regression,-0.04646823405335954,success,
658,row,doubly_robust,-0.041980099017941974,success,
658,apk_cluster,psm,-0.08697842715155958,success,
658,apk_cluster,logistic_regression,-0.057409425272656196,success,
658,apk_cluster,doubly_robust,-0.051667942900843075,success,
659,row,psm,-0.06121060983903877,success,
659,row,logistic_regression,-0.05839846144375809,success,
659,row,doubly_robust,-0.05415987797200664,success,
659,apk_cluster,psm,-0.06585182232850627,success,
659,apk_cluster,logistic_regression,-0.08699429394354301,success,
659,apk_cluster,doubly_robust,-0.08375329147242529,success,
660,row,psm,-0.06914531852187712,success,
660,row,logistic_regression,-0.04912858735190691,success,
660,row,doubly_robust,-0.04506584310847057,success,
660,apk_cluster,psm,-0.110957451712534,success,
660,apk_cluster,logistic_regression,-0.08102330591689771,success,
660,apk_cluster,doubly_robust,-0.08118060906162643,success,
661,row,psm,-0.07377012015416005,success,
661,row,logistic_regression,-0.06079320528570213,success,
661,row,doubly_robust,-0.055208787750536524,success,
661,apk_cluster,psm,-0.08075411717956643,success,
661,apk_cluster,logistic_regression,-0.05920259134303453,success,
661,apk_cluster,doubly_robust,-0.055146596368335146,success,
662,row,psm,-0.08601224212196781,success,
662,row,logistic_regression,-0.06736894812263128,success,
662,row,doubly_robust,-0.06355180775300381,success,
662,apk_cluster,psm,-0.07248970825129765,success,
662,apk_cluster,logistic_regression,-0.06992665180087991,success,
662,apk_cluster,doubly_robust,-0.06260168056795822,success,
663,row,psm,-0.07821355701654953,success,
663,row,logistic_regression,-0.05737315138667558,success,
663,row,doubly_robust,-0.05186677495240645,success,
663,apk_cluster,psm,-0.09791827293754819,success,
663,apk_cluster,logistic_regression,-0.05453841353289815,success,
663,apk_cluster,doubly_robust,-0.04926434064928823,success,
664,row,psm,-0.04887780548628429,success,
664,row,logistic_regression,-0.05356952665306079,success,
664,row,doubly_robust,-0.04872571824986873,success,
664,apk_cluster,psm,-0.10503910045810004,success,
664,apk_cluster,logistic_regression,-0.06764675258019251,success,
664,apk_cluster,doubly_robust,-0.06683708498040808,success,
665,row,psm,-0.07989118113806393,success,
665,row,logistic_regression,-0.07940524484148809,success,
665,row,doubly_robust,-0.07784443820088706,success,
665,apk_cluster,psm,-0.031026806418699565,success,
665,apk_cluster,logistic_regression,-0.03151293872572917,success,
665,apk_cluster,doubly_robust,-0.03085917321588117,success,
666,row,psm,-0.07009748356381773,success,
666,row,logistic_regression,-0.06973724165459676,success,
666,row,doubly_robust,-0.06662778668379979,success,
666,apk_cluster,psm,-0.09004123341699534,success,
666,apk_cluster,logistic_regression,-0.06983626951556052,success,
666,apk_cluster,doubly_robust,-0.06693450627573333,success,
667,row,psm,-0.059215597370210836,success,
667,row,logistic_regression,-0.07215501181622894,success,
667,row,doubly_robust,-0.067957648941148,success,
667,apk_cluster,psm,-0.08759124087591241,success,
667,apk_cluster,logistic_regression,-0.07853764317491845,success,
667,apk_cluster,doubly_robust,-0.07819556389209525,success,
668,row,psm,-0.05019270006801179,success,
668,row,logistic_regression,-0.0648236990638286,success,
668,row,doubly_robust,-0.06064542098267137,success,
668,apk_cluster,psm,-0.0666790663070771,success,
668,apk_cluster,logistic_regression,-0.04646736612217083,success,
668,apk_cluster,doubly_robust,-0.03668781307750676,success,
669,row,psm,-0.0808886873724779,success,
669,row,logistic_regression,-0.059577672725451114,success,
669,row,doubly_robust,-0.054267991474665205,success,
669,apk_cluster,psm,-0.0754667136315604,success,
669,apk_cluster,logistic_regression,-0.04548004459849824,success,
669,apk_cluster,doubly_robust,-0.04033104249778008,success,
670,row,psm,-0.025345726592609384,success,
670,row,logistic_regression,-0.07567641521775348,success,
670,row,doubly_robust,-0.0713724916495643,success,
670,apk_cluster,psm,-0.08773960551902954,success,
670,apk_cluster,logistic_regression,-0.059477555423983884,success,
670,apk_cluster,doubly_robust,-0.04854122194936492,success,
671,row,psm,-0.05604171389707549,success,
671,row,logistic_regression,-0.06709768435697988,success,
671,row,doubly_robust,-0.06361059269191091,success,
671,apk_cluster,psm,-0.0415041782729805,success,
671,apk_cluster,logistic_regression,-0.05895875414153192,success,
671,apk_cluster,doubly_robust,-0.05277432112920189,success,
672,row,psm,-0.10079347086828383,success,
672,row,logistic_regression,-0.06340542361266961,success,
672,row,doubly_robust,-0.059245871110416695,success,
672,apk_cluster,psm,-0.10162545471289773,success,
672,apk_cluster,logistic_regression,-0.08136667911409268,success,
672,apk_cluster,doubly_robust,-0.07773538567817063,success,
673,row,psm,-0.04892314667875765,success,
673,row,logistic_regression,-0.04998807155070521,success,
673,row,doubly_robust,-0.045380617050453056,success,
673,apk_cluster,psm,-0.07268395738751292,success,
673,apk_cluster,logistic_regression,-0.041914435746012134,success,
673,apk_cluster,doubly_robust,-0.03717029096510937,success,
674,row,psm,-0.04738154613466334,success,
674,row,logistic_regression,-0.05515577758813442,success,
674,row,doubly_robust,-0.049383304301740406,success,
674,apk_cluster,psm,-0.039987041236636274,success,
674,apk_cluster,logistic_regression,-0.04755973907117006,success,
674,apk_cluster,doubly_robust,-0.04856350479114996,success,
675,row,psm,-0.061845386533665836,success,
675,row,logistic_regression,-0.06103099578209671,success,
675,row,doubly_robust,-0.05545098803583829,success,
675,apk_cluster,psm,-0.10596579057154777,success,
675,apk_cluster,logistic_regression,-0.0933051392730317,success,
675,apk_cluster,doubly_robust,-0.08617505652720914,success,
676,row,psm,-0.056495125821809114,success,
676,row,logistic_regression,-0.06668314585034757,success,
676,row,doubly_robust,-0.06297853746960996,success,
676,apk_cluster,psm,-0.049015897047691145,success,
676,apk_cluster,logistic_regression,-0.02576048892703246,success,
676,apk_cluster,doubly_robust,-0.027882139103725032,success,
677,row,psm,-0.06302425753797325,success,
677,row,logistic_regression,-0.06518910761222564,success,
677,row,doubly_robust,-0.06179379216803156,success,
677,apk_cluster,psm,-0.06301885061688758,success,
677,apk_cluster,logistic_regression,-0.0824604351824732,success,
677,apk_cluster,doubly_robust,-0.08123668733279116,success,
678,row,psm,-0.06841985944230333,success,
678,row,logistic_regression,-0.0707744951863871,success,
678,row,doubly_robust,-0.06707636788479725,success,
678,apk_cluster,psm,-0.05955128796971655,success,
678,apk_cluster,logistic_regression,-0.07987672781778248,success,
678,apk_cluster,doubly_robust,-0.0803760539715092,success,
679,row,psm,-0.04189526184538654,success,
679,row,logistic_regression,-0.062247766218095184,success,
679,row,doubly_robust,-0.05915571653869389,success,
679,apk_cluster,psm,-0.02408172136492067,success,
679,apk_cluster,logistic_regression,-0.04156641132786857,success,
679,apk_cluster,doubly_robust,-0.035171919611329074,success,
680,row,psm,-0.049467240988437994,success,
680,row,logistic_regression,-0.047576056766406624,success,
680,row,doubly_robust,-0.04227591507146231,success,
680,apk_cluster,psm,-0.08361188699116259,success,
680,apk_cluster,logistic_regression,-0.08168286603911683,success,
680,apk_cluster,doubly_robust,-0.08074267840533271,success,
681,row,psm,-0.03232827023350714,success,
681,row,logistic_regression,-0.05645044395592029,success,
681,row,doubly_robust,-0.05210862926900525,success,
681,apk_cluster,psm,-0.0458472368240618,success,
681,apk_cluster,logistic_regression,-0.07007487301580499,success,
681,apk_cluster,doubly_robust,-0.07208101353152863,success,
682,row,psm,-0.07735207435955566,success,
682,row,logistic_regression,-0.059243735960237826,success,
682,row,doubly_robust,-0.055394380870403555,success,
682,apk_cluster,psm,-0.11170671875709808,success,
682,apk_cluster,logistic_regression,-0.0814198091381808,success,
682,apk_cluster,doubly_robust,-0.08223785930150898,success,
683,row,psm,-0.06329630469281342,success,
683,row,logistic_regression,-0.06671893173060267,success,
683,row,doubly_robust,-0.0636723268424299,success,
683,apk_cluster,psm,-0.050297940224276264,success,
683,apk_cluster,logistic_regression,-0.07201691529306385,success,
683,apk_cluster,doubly_robust,-0.07004346396148907,success,
684,row,psm,-0.06306959873044661,success,
684,row,logistic_regression,-0.05904681639212754,success,
684,row,doubly_robust,-0.05386569895020142,success,
684,apk_cluster,psm,-0.06320284697508897,success,
684,apk_cluster,logistic_regression,-0.048615456004928156,success,
684,apk_cluster,doubly_robust,-0.0468883631408493,success,
685,row,psm,-0.09449104511448651,success,
685,row,logistic_regression,-0.06887496086053352,success,
685,row,doubly_robust,-0.06606849443280716,success,
685,apk_cluster,psm,-0.0651139831269072,success,
685,apk_cluster,logistic_regression,-0.05459956706728566,success,
685,apk_cluster,doubly_robust,-0.04329454933238016,success,
686,row,psm,-0.04987531172069826,success,
686,row,logistic_regression,-0.07847351228205199,success,
686,row,doubly_robust,-0.07551642185957061,success,
686,apk_cluster,psm,-0.09013733943730833,success,
686,apk_cluster,logistic_regression,-0.07302145471169671,success,
686,apk_cluster,doubly_robust,-0.0642906619315762,success,
687,row,psm,-0.07562910904556788,success,
687,row,logistic_regression,-0.06611196703232275,success,
687,row,doubly_robust,-0.06273822387132924,success,
687,apk_cluster,psm,-0.10892190001779042,success,
687,apk_cluster,logistic_regression,-0.07297240508267637,success,
687,apk_cluster,doubly_robust,-0.07099458326254848,success,
688,row,psm,-0.06270686919065971,success,
688,row,logistic_regression,-0.04620574094086601,success,
688,row,doubly_robust,-0.039597236260021686,success,
688,apk_cluster,psm,-0.08378727725971748,success,
688,apk_cluster,logistic_regression,-0.05383568090436199,success,
688,apk_cluster,doubly_robust,-0.051756206185853616,success,
689,row,psm,-0.08664701881659488,success,
689,row,logistic_regression,-0.05443544141321232,success,
689,row,doubly_robust,-0.0475359866550031,success,
689,apk_cluster,psm,-0.07151901497620398,success,
689,apk_cluster,logistic_regression,-0.06155583355993247,success,
689,apk_cluster,doubly_robust,-0.057856691323341224,success,
690,row,psm,-0.07191113126275221,success,
690,row,logistic_regression,-0.08520201173481445,success,
690,row,doubly_robust,-0.08456998214479405,success,
690,apk_cluster,psm,-0.031487857919536066,success,
690,apk_cluster,logistic_regression,-0.0921146541250075,success,
690,apk_cluster,doubly_robust,-0.08775293981884595,success,
691,row,psm,-0.08623894808433462,success,
691,row,logistic_regression,-0.041196097122774375,success,
691,row,doubly_robust,-0.03335312677281685,success,
691,apk_cluster,psm,-0.08558558558558559,success,
691,apk_cluster,logistic_regression,-0.06817780096546545,success,
691,apk_cluster,doubly_robust,-0.059576863608804626,success,
692,row,psm,-0.06760371797778282,success,
692,row,logistic_regression,-0.04500619350351231,success,
692,row,doubly_robust,-0.03764053281193109,success,
692,apk_cluster,psm,-0.08410436713545522,success,
692,apk_cluster,logistic_regression,-0.06281868638277423,success,
692,apk_cluster,doubly_robust,-0.062354673019873824,success,
693,row,psm,-0.06823849467240989,success,
693,row,logistic_regression,-0.07085816719158926,success,
693,row,doubly_robust,-0.06557976200186103,success,
693,apk_cluster,psm,-0.08973330186452678,success,
693,apk_cluster,logistic_regression,-0.08303182127883976,success,
693,apk_cluster,doubly_robust,-0.08290762401924388,success,
694,row,psm,-0.047154840172296535,success,
694,row,logistic_regression,-0.060399723538662235,success,
694,row,doubly_robust,-0.05620594922430716,success,
694,apk_cluster,psm,-0.11078246840548535,success,
694,apk_cluster,logistic_regression,-0.07251234379172034,success,
694,apk_cluster,doubly_robust,-0.0729390400068502,success,
695,row,psm,-0.05644978462933575,success,
695,row,logistic_regression,-0.05872691586923112,success,
695,row,doubly_robust,-0.05331340579498719,success,
695,apk_cluster,psm,-0.08567886496166031,success,
695,apk_cluster,logistic_regression,-0.07246998484476253,success,
695,apk_cluster,doubly_robust,-0.07002797792093202,success,
696,row,psm,-0.04552255724325549,success,
696,row,logistic_regression,-0.03587258320401579,success,
696,row,doubly_robust,-0.027197635351860767,success,
696,apk_cluster,psm,-0.10307275192046995,success,
696,apk_cluster,logistic_regression,-0.08346785093886426,success,
696,apk_cluster,doubly_robust,-0.0794496713906484,success,
697,row,psm,-0.06801178871004307,success,
697,row,logistic_regression,-0.04762501585004832,success,
697,row,doubly_robust,-0.04125571479499724,success,
697,apk_cluster,psm,-0.06548036056232777,success,
697,apk_cluster,logistic_regression,-0.07563014199831766,success,
697,apk_cluster,doubly_robust,-0.07547630481369214,success,
698,row,psm,-0.06579007027884833,success,
698,row,logistic_regression,-0.05351575809526756,success,
698,row,doubly_robust,-0.047822102174556645,success,
698,apk_cluster,psm,-0.09155019874342865,success,
698,apk_cluster,logistic_regression,-0.08597226256309137,success,
698,apk_cluster,doubly_robust,-0.07949753780546319,success,
699,row,psm,-0.04493312174110179,success,
699,row,logistic_regression,-0.07203528255503866,success,
699,row,doubly_robust,-0.06956187858711782,success,
699,apk_cluster,psm,-0.08034604942248402,success,
699,apk_cluster,logistic_regression,-0.05335981574684244,success,
699,apk_cluster,doubly_robust,-0.0462722041893856,success,
700,row,psm,-0.03713443663568352,success,
700,row,logistic_regression,-0.05905525636826566,success,
700,row,doubly_robust,-0.05631984548390798,success,
700,apk_cluster,psm,-0.07931389672623046,success,
700,apk_cluster,logistic_regression,-0.07313725617616092,success,
700,apk_cluster,doubly_robust,-0.0721962105296454,success,
701,row,psm,-0.0517343006121061,success,
701,row,logistic_regression,-0.06946242027065494,success,
701,row,doubly_robust,-0.06341847232475877,success,
701,apk_cluster,psm,-0.056810099573257465,success,
701,apk_cluster,logistic_regression,-0.08232231237821556,success,
701,apk_cluster,doubly_robust,-0.0800761683984935,success,
702,row,psm,-0.05468147812287463,success,
702,row,logistic_regression,-0.04083676352090715,success,
702,row,doubly_robust,-0.03264847587226307,success,
702,apk_cluster,psm,-0.09600107715093577,success,
702,apk_cluster,logistic_regression,-0.06758125200936908,success,
702,apk_cluster,doubly_robust,-0.05975851340804543,success,
703,row,psm,-0.07086828383586488,success,
703,row,logistic_regression,-0.06961859857453516,success,
703,row,doubly_robust,-0.06555552120282106,success,
703,apk_cluster,psm,-0.05787195260879471,success,
703,apk_cluster,logistic_regression,-0.0584916235431593,success,
703,apk_cluster,doubly_robust,-0.048395530592535416,success,
704,row,psm,-0.06062117433688506,success,
704,row,logistic_regression,-0.06758543377605312,success,
704,row,doubly_robust,-0.06366637203024547,success,
704,apk_cluster,psm,-0.05878884100703107,success,
704,apk_cluster,logistic_regression,-0.06560244793489668,success,
704,apk_cluster,doubly_robust,-0.06336375201086385,success,
705,row,psm,-0.06311493992291997,success,
705,row,logistic_regression,-0.06880242730021215,success,
705,row,doubly_robust,-0.06552003355921318,success,
705,apk_cluster,psm,-0.06382692824509541,success,
705,apk_cluster,logistic_regression,-0.05644116028962385,success,
705,apk_cluster,doubly_robust,-0.043614267259059154,success,
706,row,psm,-0.04466107458626162,success,
706,row,logistic_regression,-0.051166644121354556,success,
706,row,doubly_robust,-0.04520288890388681,success,
706,apk_cluster,psm,-0.09963231997130302,success,
706,apk_cluster,logistic_regression,-0.08359889246146744,success,
706,apk_cluster,doubly_robust,-0.08256655223010163,success,
707,row,psm,-0.053049195193833595,success,
707,row,logistic_regression,-0.055479703030611685,success,
707,row,doubly_robust,-0.049008834575169295,success,
707,apk_cluster,psm,-0.08904649330181245,success,
707,apk_cluster,logistic_regression,-0.0709120862674279,success,
707,apk_cluster,doubly_robust,-0.07115921699901384,success,
708,row,psm,-0.06148265699387894,success,
708,row,logistic_regression,-0.062040548000843306,success,
708,row,doubly_robust,-0.05845953469259573,success,
708,apk_cluster,psm,-0.0677726791387222,success,
708,apk_cluster,logistic_regression,-0.04912170452438405,success,
708,apk_cluster,doubly_robust,-0.035217703022309296,success,
709,row,psm,-0.06606211743368852,success,
709,row,logistic_regression,-0.07740981550153256,success,
709,row,doubly_robust,-0.07387083667178904,success,
709,apk_cluster,psm,-0.04944788841534289,success,
709,apk_cluster,logistic_regression,-0.04711206427262107,success,
709,apk_cluster,doubly_robust,-0.040711790570176994,success,
710,row,psm,-0.08066198141011109,success,
710,row,logistic_regression,-0.06626798163530434,success,
710,row,doubly_robust,-0.06210372803335477,success,
710,apk_cluster,psm,-0.05264903800587622,success,
710,apk_cluster,logistic_regression,-0.056824311161133415,success,
710,apk_cluster,doubly_robust,-0.04534109686931204,success,
711,row,psm,-0.06361369304012696,success,
711,row,logistic_regression,-0.0649606594569024,success,
711,row,doubly_robust,-0.06009331934299045,success,
711,apk_cluster,psm,-0.09573937111484188,success,
711,apk_cluster,logistic_regression,-0.08273703336075233,success,
711,apk_cluster,doubly_robust,-0.08181080377267166,success,
712,row,psm,-0.08356381772840626,success,
712,row,logistic_regression,-0.07547825078306036,success,
712,row,doubly_robust,-0.07225965663927608,success,
712,apk_cluster,psm,-0.07972041182582412,success,
712,apk_cluster,logistic_regression,-0.07461853059779562,success,
712,apk_cluster,doubly_robust,-0.07199149817873904,success,
713,row,psm,-0.06547268193153481,success,
713,row,logistic_regression,-0.055991278463368314,success,
713,row,doubly_robust,-0.050655724175014905,success,
713,apk_cluster,psm,-0.03568907711311099,success,
713,apk_cluster,logistic_regression,-0.07714091268132654,success,
713,apk_cluster,doubly_robust,-0.07264701490709023,success,
714,row,psm,-0.05368397188846066,success,
714,row,logistic_regression,-0.05769714922166811,success,
714,row,doubly_robust,-0.05301260975295488,success,
714,apk_cluster,psm,-0.0748344370860927,success,
714,apk_cluster,logistic_regression,-0.06238577337063136,success,
714,apk_cluster,doubly_robust,-0.06184969953365467,success,
715,row,psm,-0.0660621174336885,success,
715,row,logistic_regression,-0.0673917252226492,success,
715,row,doubly_robust,-0.06204879047005008,success,
715,apk_cluster,psm,-0.10145056906940415,success,
715,apk_cluster,logistic_regression,-0.0575264443823805,success,
715,apk_cluster,doubly_robust,-0.04582436087793324,success,
716,row,psm,-0.08338245295851282,success,
716,row,logistic_regression,-0.06741503174252801,success,
716,row,doubly_robust,-0.061270498668784784,success,
716,apk_cluster,psm,-0.08766280578651416,success,
716,apk_cluster,logistic_regression,-0.05127215290342967,success,
716,apk_cluster,doubly_robust,-0.049517714593036166,success,
717,row,psm,-0.0618907277261392,success,
717,row,logistic_regression,-0.06052580425214669,success,
717,row,doubly_robust,-0.05512053214232534,success,
717,apk_cluster,psm,-0.0845553399810495,success,
717,apk_cluster,logistic_regression,-0.040824734042858836,success,
717,apk_cluster,doubly_robust,-0.03421667607780118,success,
718,row,psm,-0.07168442530038541,success,
718,row,logistic_regression,-0.07570991343020547,success,
718,row,doubly_robust,-0.07243437171208211,success,
718,apk_cluster,psm,-0.06796478315554107,success,
718,apk_cluster,logistic_regression,-0.05478343070616468,success,
718,apk_cluster,doubly_robust,-0.051166455315322275,success,
719,row,psm,-0.05540693720244842,success,
719,row,logistic_regression,-0.05926756900773799,success,
719,row,doubly_robust,-0.05309182701972551,success,
719,apk_cluster,psm,-0.05438366683228692,success,
719,apk_cluster,logistic_regression,-0.04775292971902234,success,
719,apk_cluster,doubly_robust,-0.0459949043602621,success,
720,row,psm,-0.059034232600317385,success,
720,row,logistic_regression,-0.07765765458147426,success,
720,row,doubly_robust,-0.0744476670591097,success,
720,apk_cluster,psm,-0.07187112763320942,success,
720,apk_cluster,logistic_regression,-0.07581302406137834,success,
720,apk_cluster,doubly_robust,-0.07066687891075235,success,
721,row,psm,-0.048968487871231016,success,
721,row,logistic_regression,-0.05724150575041622,success,
721,row,doubly_robust,-0.05451452619860689,success,
721,apk_cluster,psm,-0.05220206072763746,success,
721,apk_cluster,logistic_regression,-0.048191794721782304,success,
721,apk_cluster,doubly_robust,-0.04682040862756011,success,
722,row,psm,-0.04738154613466334,success,
722,row,logistic_regression,-0.0602641598602035,success,
722,row,doubly_robust,-0.055143029983814824,success,
722,apk_cluster,psm,-0.04178097593883517,success,
722,apk_cluster,logistic_regression,-0.048889473842305686,success,
722,apk_cluster,doubly_robust,-0.04639044690836196,success,
723,row,psm,-0.07744275674450238,success,
723,row,logistic_regression,-0.07143541010465797,success,
723,row,doubly_robust,-0.06703782365098289,success,
723,apk_cluster,psm,-0.08309895167476349,success,
723,apk_cluster,logistic_regression,-0.05645017837745068,success,
723,apk_cluster,doubly_robust,-0.05186939003365227,success,
724,row,psm,-0.07290863749716618,success,
724,row,logistic_regression,-0.07144517431816184,success,
724,row,doubly_robust,-0.06767712748853522,success,
724,apk_cluster,psm,-0.07535861662409117,success,
724,apk_cluster,logistic_regression,-0.050469973622424585,success,
724,apk_cluster,doubly_robust,-0.0482752688191639,success,
725,row,psm,-0.05277714803899342,success,
725,row,logistic_regression,-0.060785601740004164,success,
725,row,doubly_robust,-0.056204933057447455,success,
725,apk_cluster,psm,-0.08978494623655915,success,
725,apk_cluster,logistic_regression,-0.059345017910487366,success,
725,apk_cluster,doubly_robust,-0.04653909904508861,success,
726,row,psm,-0.07567445023804126,success,
726,row,logistic_regression,-0.06334864815831204,success,
726,row,doubly_robust,-0.05908881437192314,success,
726,apk_cluster,psm,-0.07287467526650541,success,
726,apk_cluster,logistic_regression,-0.06623661390904509,success,
726,apk_cluster,doubly_robust,-0.054648991727736726,success,
727,row,psm,-0.07571979143051462,success,
727,row,logistic_regression,-0.0388816263354851,success,
727,row,doubly_robust,-0.029506455148580447,success,
727,apk_cluster,psm,-0.050888780531051905,success,
727,apk_cluster,logistic_regression,-0.07986901301856146,success,
727,apk_cluster,doubly_robust,-0.07695340101943465,success,
728,row,psm,-0.0737247789616867,success,
728,row,logistic_regression,-0.06254669544156884,success,
728,row,doubly_robust,-0.05938668206869762,success,
728,apk_cluster,psm,-0.08289914402679567,success,
728,apk_cluster,logistic_regression,-0.04913793249734221,success,
728,apk_cluster,doubly_robust,-0.05299736144953622,success,
729,row,psm,-0.0760825209703015,success,
729,row,logistic_regression,-0.06470032765160115,success,
729,row,doubly_robust,-0.061258420778988326,success,
729,apk_cluster,psm,-0.05773871863758481,success,
729,apk_cluster,logistic_regression,-0.05966712869626752,success,
729,apk_cluster,doubly_robust,-0.058428989965135895,success,
730,row,psm,-0.06855588301972342,success,
730,row,logistic_regression,-0.05909816637442478,success,
730,row,doubly_robust,-0.05236125199325498,success,
730,apk_cluster,psm,-0.07920478217552758,success,
730,apk_cluster,logistic_regression,-0.0646615424116082,success,
730,apk_cluster,doubly_robust,-0.05846096252548917,success,
731,row,psm,-0.0724098843799592,success,
731,row,logistic_regression,-0.05638212143213891,success,
731,row,doubly_robust,-0.05165099407964699,success,
731,apk_cluster,psm,-0.10893982284722856,success,
731,apk_cluster,logistic_regression,-0.0539430768350241,success,
731,apk_cluster,doubly_robust,-0.04876508284922819,success,
732,row,psm,-0.04506914531852188,success,
732,row,logistic_regression,-0.06527833674157116,success,
732,row,doubly_robust,-0.062222722542682615,success,
732,apk_cluster,psm,-0.0645349883072495,success,
732,apk_cluster,logistic_regression,-0.07192359754677094,success,
732,apk_cluster,doubly_robust,-0.06888152950458742,success,
733,row,psm,-0.08787123101337566,success,
733,row,logistic_regression,-0.06881724622901028,success,
733,row,doubly_robust,-0.0653613108946474,success,
733,apk_cluster,psm,-0.07898540588427286,success,
733,apk_cluster,logistic_regression,-0.055716799867435544,success,
733,apk_cluster,doubly_robust,-0.054215470200242234,success,
734,row,psm,-0.07499433235094081,success,
734,row,logistic_regression,-0.04503232933591456,success,
734,row,doubly_robust,-0.03940291639026046,success,
734,apk_cluster,psm,-0.05941809937653505,success,
734,apk_cluster,logistic_regression,-0.05854398765573014,success,
734,apk_cluster,doubly_robust,-0.04941680244327018,success,
735,row,psm,-0.06837451824982996,success,
735,row,logistic_regression,-0.06328744126175254,success,
735,row,doubly_robust,-0.05677113536621473,success,
735,apk_cluster,psm,-0.06654950746889886,success,
735,apk_cluster,logistic_regression,-0.06099595245437882,success,
735,apk_cluster,doubly_robust,-0.05002886230309905,success,
736,row,psm,-0.08587621854454772,success,
736,row,logistic_regression,-0.07257604468414598,success,
736,row,doubly_robust,-0.07141998363103216,success,
736,apk_cluster,psm,-0.08820773658144826,success,
736,apk_cluster,logistic_regression,-0.06764867693855128,success,
736,apk_cluster,doubly_robust,-0.06177237136699136,success,
737,row,psm,-0.05862616186805713,success,
737,row,logistic_regression,-0.06554696239776946,success,
737,row,doubly_robust,-0.05921539952264098,success,
737,apk_cluster,psm,-0.08319805194805195,success,
737,apk_cluster,logistic_regression,-0.06576764565793405,success,
737,apk_cluster,doubly_robust,-0.062205733912873665,success,
738,row,psm,-0.07961913398322376,success,
738,row,logistic_regression,-0.07742552200092008,success,
738,row,doubly_robust,-0.074381561517745,success,
738,apk_cluster,psm,-0.10162768431131172,success,
738,apk_cluster,logistic_regression,-0.07804838775731994,success,
738,apk_cluster,doubly_robust,-0.07669996507304756,success,
739,row,psm,-0.053049195193833595,success,
739,row,logistic_regression,-0.07726478730774464,success,
739,row,doubly_robust,-0.07375187836478306,success,
739,apk_cluster,psm,-0.07612312811980033,success,
739,apk_cluster,logistic_regression,-0.049963146628313596,success,
739,apk_cluster,doubly_robust,-0.049182976419587424,success,
740,row,psm,-0.06211743368850601,success,
740,row,logistic_regression,-0.0640134360954457,success,
740,row,doubly_robust,-0.06001021011580264,success,
740,apk_cluster,psm,-0.04660531978208122,success,
740,apk_cluster,logistic_regression,-0.06962529585476551,success,
740,apk_cluster,doubly_robust,-0.06565380917652974,success,
741,row,psm,-0.07680798004987531,success,
741,row,logistic_regression,-0.07119103512189022,success,
741,row,doubly_robust,-0.06622709449567023,success,
741,apk_cluster,psm,-0.053879501017429,success,
741,apk_cluster,logistic_regression,-0.03981855231839826,success,
741,apk_cluster,doubly_robust,-0.027948992591917136,success,
742,row,psm,-0.07993652233053729,success,
742,row,logistic_regression,-0.06522508627044407,success,
742,row,doubly_robust,-0.06279258953138703,success,
742,apk_cluster,psm,-0.08340794496018096,success,
742,apk_cluster,logistic_regression,-0.07038056704544428,success,
742,apk_cluster,doubly_robust,-0.06743564318705426,success,
743,row,psm,-0.08369984130582635,success,
743,row,logistic_regression,-0.05310245895746796,success,
743,row,doubly_robust,-0.04783865775213183,success,
743,apk_cluster,psm,-0.07902571041948579,success,
743,apk_cluster,logistic_regression,-0.045561793260690577,success,
743,apk_cluster,doubly_robust,-0.04075336966853821,success,
744,row,psm,-0.06751303559283608,success,
744,row,logistic_regression,-0.07648655770900295,success,
744,row,doubly_robust,-0.07310724417169673,success,
744,apk_cluster,psm,-0.03173072708945085,success,
744,apk_cluster,logistic_regression,-0.08267377302369353,success,
744,apk_cluster,doubly_robust,-0.07768724228704281,success,
745,row,psm,-0.08388120607571979,success,
745,row,logistic_regression,-0.07413694389179223,success,
745,row,doubly_robust,-0.07041188316867611,success,
745,apk_cluster,psm,-0.07708779443254818,success,
745,apk_cluster,logistic_regression,-0.05020931897491321,success,
745,apk_cluster,doubly_robust,-0.04604239951586548,success,
746,row,psm,-0.07757878032192246,success,
746,row,logistic_regression,-0.07130966560876842,success,
746,row,doubly_robust,-0.06628864329417591,success,
746,apk_cluster,psm,-0.06666044689088958,success,
746,apk_cluster,logistic_regression,-0.0624056111316679,success,
746,apk_cluster,doubly_robust,-0.058393974287966485,success,
747,row,psm,-0.06851054182725005,success,
747,row,logistic_regression,-0.061920559946908364,success,
747,row,doubly_robust,-0.05706515002644903,success,
747,apk_cluster,psm,-0.07445793581960106,success,
747,apk_cluster,logistic_regression,-0.08437042676491048,success,
747,apk_cluster,doubly_robust,-0.08232532296140792,success,
748,row,psm,-0.07390614373158014,success,
748,row,logistic_regression,-0.0652344400667593,success,
748,row,doubly_robust,-0.06231042401144208,success,
748,apk_cluster,psm,-0.08024062933826932,success,
748,apk_cluster,logistic_regression,-0.06042528318267465,success,
748,apk_cluster,doubly_robust,-0.06169662100956711,success,
749,row,psm,-0.08437995919292678,success,
749,row,logistic_regression,-0.06914419110694299,success,
749,row,doubly_robust,-0.06480415012779055,success,
749,apk_cluster,psm,-0.06712884680419344,success,
749,apk_cluster,logistic_regression,-0.08035901890094867,success,
749,apk_cluster,doubly_robust,-0.07966618484512579,success,
750,row,psm,-0.07639990931761505,success,
750,row,logistic_regression,-0.05378275873936946,success,
750,row,doubly_robust,-0.049833078870851824,success,
750,apk_cluster,psm,-0.07603760605365742,success,
750,apk_cluster,logistic_regression,-0.05038482716258162,success,
750,apk_cluster,doubly_robust,-0.05479161162378533,success,
751,row,psm,-0.03749716617547041,success,
751,row,logistic_regression,-0.054602731454894686,success,
751,row,doubly_robust,-0.04885986868521901,success,
751,apk_cluster,psm,-0.06308164635901371,success,
751,apk_cluster,logistic_regression,-0.0364968992833732,success,
751,apk_cluster,doubly_robust,-0.034151320496356656,success,
752,row,psm,-0.07744275674450238,success,
752,row,logistic_regression,-0.060131500546444276,success,
752,row,doubly_robust,-0.05604835818764508,success,
752,apk_cluster,psm,-0.08340625431768986,success,
752,apk_cluster,logistic_regression,-0.06369961731969209,success,
752,apk_cluster,doubly_robust,-0.05653633274308,success,
753,row,psm,-0.06012242121967808,success,
753,row,logistic_regression,-0.0695624525928748,success,
753,row,doubly_robust,-0.06479825191973959,success,
753,apk_cluster,psm,-0.08099513655069211,success,
753,apk_cluster,logistic_regression,-0.04885138409148884,success,
753,apk_cluster,doubly_robust,-0.04769199996208288,success,
754,row,psm,-0.09408297438222625,success,
754,row,logistic_regression,-0.06608168860464397,success,
754,row,doubly_robust,-0.0635014729234842,success,
754,apk_cluster,psm,-0.03116849243609807,success,
754,apk_cluster,logistic_regression,-0.0659790822353587,success,
754,apk_cluster,doubly_robust,-0.06478364035618957,success,
755,row,psm,-0.013829063704375425,success,
755,row,logistic_regression,-0.04693626083966469,success,
755,row,doubly_robust,-0.04008919593514615,success,
755,apk_cluster,psm,-0.041574622249712825,success,
755,apk_cluster,logistic_regression,-0.04726107984490434,success,
755,apk_cluster,doubly_robust,-0.03762149581210265,success,
756,row,psm,-0.06647018816594877,success,
756,row,logistic_regression,-0.06093848516445345,success,
756,row,doubly_robust,-0.05705977024753645,success,
756,apk_cluster,psm,-0.1150450252580716,success,
756,apk_cluster,logistic_regression,-0.08411901764174314,success,
756,apk_cluster,doubly_robust,-0.08236411331111441,success,
757,row,psm,-0.034549988664701874,success,
757,row,logistic_regression,-0.05744242407248469,success,
757,row,doubly_robust,-0.05191551012896514,success,
757,apk_cluster,psm,-0.0567070963070239,success,
757,apk_cluster,logistic_regression,-0.06126842793312432,success,
757,apk_cluster,doubly_robust,-0.055024421866580735,success,
758,row,psm,-0.04316481523464067,success,
758,row,logistic_regression,-0.04601721905793545,success,
758,row,doubly_robust,-0.03830013411465843,success,
758,apk_cluster,psm,-0.10765398550724638,success,
758,apk_cluster,logistic_regression,-0.07136203890842305,success,
758,apk_cluster,doubly_robust,-0.063936547017415,success,
759,row,psm,-0.051235547494899114,success,
759,row,logistic_regression,-0.05210119538301658,success,
759,row,doubly_robust,-0.04618352162005902,success,
759,apk_cluster,psm,-0.04780015964689863,success,
759,apk_cluster,logistic_regression,-0.061411403569101256,success,
759,apk_cluster,doubly_robust,-0.05824416836258711,success,
760,row,psm,-0.04914985264112446,success,
760,row,logistic_regression,-0.07479755180337604,success,
760,row,doubly_robust,-0.07322095117218781,success,
760,apk_cluster,psm,-0.04192759295499022,success,
760,apk_cluster,logistic_regression,-0.05412102231470766,success,
760,apk_cluster,doubly_robust,-0.051379485751512716,success,
761,row,psm,-0.04148719111312627,success,
761,row,logistic_regression,-0.055921630801103704,success,
761,row,doubly_robust,-0.05065567153045979,success,
761,apk_cluster,psm,-0.09006523928368142,success,
761,apk_cluster,logistic_regression,-0.04653828108128741,success,
761,apk_cluster,doubly_robust,-0.04665770915486714,success,
762,row,psm,-0.07123101337565178,success,
762,row,logistic_regression,-0.057208594143422255,success,
762,row,doubly_robust,-0.05166888477117908,success,
762,apk_cluster,psm,-0.06917321537809985,success,
762,apk_cluster,logistic_regression,-0.05232055117992576,success,
762,apk_cluster,doubly_robust,-0.0301320313379195,success,
763,row,psm,-0.09308546814781228,success,
763,row,logistic_regression,-0.08908744362241378,success,
763,row,doubly_robust,-0.08757475644885224,success,
763,apk_cluster,psm,-0.08387066186231747,success,
763,apk_cluster,logistic_regression,-0.08310272112379513,success,
763,apk_cluster,doubly_robust,-0.0801649823916157,success,
764,row,psm,-0.04756291090455679,success,
764,row,logistic_regression,-0.06541429174319888,success,
764,row,doubly_robust,-0.061644238683390216,success,
764,apk_cluster,psm,-0.05500165382979729,success,
764,apk_cluster,logistic_regression,-0.059622159441269716,success,
764,apk_cluster,doubly_robust,-0.06071692294235349,success,
765,row,psm,-0.05422806619814101,success,
765,row,logistic_regression,-0.06186287842953086,success,
765,row,doubly_robust,-0.05794418789297274,success,
765,apk_cluster,psm,-0.09379062990360906,success,
765,apk_cluster,logistic_regression,-0.08593808878693679,success,
765,apk_cluster,doubly_robust,-0.08223587630701719,success,
766,row,psm,-0.08900476082520971,success,
766,row,logistic_regression,-0.07227211865608638,success,
766,row,doubly_robust,-0.06774634869346302,success,
766,apk_cluster,psm,-0.08583976577056161,success,
766,apk_cluster,logistic_regression,-0.041850833709567235,success,
766,apk_cluster,doubly_robust,-0.044568151613656355,success,
767,row,psm,-0.08669236000906824,success,
767,row,logistic_regression,-0.06574308858205549,success,
767,row,doubly_robust,-0.062284917674322766,success,
767,apk_cluster,psm,-0.0722554144884242,success,
767,apk_cluster,logistic_regression,-0.06411686764319909,success,
767,apk_cluster,doubly_robust,-0.06371458595662875,success,
768,row,psm,-0.06560870550895488,success,
768,row,logistic_regression,-0.05050041881103296,success,
768,row,doubly_robust,-0.044111943438704844,success,
768,apk_cluster,psm,-0.040362771068109364,success,
768,apk_cluster,logistic_regression,-0.07886966287954293,success,
768,apk_cluster,doubly_robust,-0.07487466835059325,success,
769,row,psm,-0.06701428247562911,success,
769,row,logistic_regression,-0.06639677145383027,success,
769,row,doubly_robust,-0.061245032741421415,success,
769,apk_cluster,psm,-0.07267106538088867,success,
769,apk_cluster,logistic_regression,-0.07495539818663341,success,
769,apk_cluster,doubly_robust,-0.06887851847251232,success,
770,row,psm,-0.08170482883699841,success,
770,row,logistic_regression,-0.08143795217634749,success,
770,row,doubly_robust,-0.07805307783509147,success,
770,apk_cluster,psm,-0.0613321609144867,success,
770,apk_cluster,logistic_regression,-0.07407625835115932,success,
770,apk_cluster,doubly_robust,-0.0708004139597508,success,
771,row,psm,-0.04311947404216731,success,
771,row,logistic_regression,-0.05209480688895427,success,
771,row,doubly_robust,-0.04766376187184422,success,
771,apk_cluster,psm,-0.043470678003052106,success,
771,apk_cluster,logistic_regression,-0.07839635191455217,success,
771,apk_cluster,doubly_robust,-0.076368724754864,success,
772,row,psm,-0.07644525051008842,success,
772,row,logistic_regression,-0.06628712171256428,success,
772,row,doubly_robust,-0.06125011664986361,success,
772,apk_cluster,psm,-0.08182759269715792,success,
772,apk_cluster,logistic_regression,-0.07211995595323445,success,
772,apk_cluster,doubly_robust,-0.06713394842622772,success,
773,row,psm,-0.06647018816594875,success,
773,row,logistic_regression,-0.05039302361253936,success,
773,row,doubly_robust,-0.04474949739508188,success,
773,apk_cluster,psm,-0.05330300191801597,success,
773,apk_cluster,logistic_regression,-0.04917772509708555,success,
773,apk_cluster,doubly_robust,-0.04954582811018355,success,
774,row,psm,-0.07145771933801859,success,
774,row,logistic_regression,-0.057634007376050136,success,
774,row,doubly_robust,-0.05408592357044427,success,
774,apk_cluster,psm,-0.0888187155310443,success,
774,apk_cluster,logistic_regression,-0.0937974003279616,success,
774,apk_cluster,doubly_robust,-0.08608446926386477,success,
775,row,psm,-0.08519610065744729,success,
775,row,logistic_regression,-0.07354974920857624,success,
775,row,doubly_robust,-0.069306539244153,success,
775,apk_cluster,psm,-0.06495794248469634,success,
775,apk_cluster,logistic_regression,-0.06177119056718212,success,
775,apk_cluster,doubly_robust,-0.05579521185796225,success,
776,row,psm,-0.08501473588755384,success,
776,row,logistic_regression,-0.06553692590805929,success,
776,row,doubly_robust,-0.062003041006769066,success,
776,apk_cluster,psm,-0.061946114451124475,success,
776,apk_cluster,logistic_regression,-0.07049849297908654,success,
776,apk_cluster,doubly_robust,-0.0648302739548634,success,
777,row,psm,-0.07476762638857402,success,
777,row,logistic_regression,-0.07153234683811173,success,
777,row,doubly_robust,-0.06829529228886473,success,
777,apk_cluster,psm,-0.06354456056797636,success,
777,apk_cluster,logistic_regression,-0.07836562306830025,success,
777,apk_cluster,doubly_robust,-0.07134975990193472,success,
778,row,psm,-0.03386987077760145,success,
778,row,logistic_regression,-0.059306528582204074,success,
778,row,doubly_robust,-0.052688750515344156,success,
778,apk_cluster,psm,-0.05146198830409357,success,
778,apk_cluster,logistic_regression,-0.059935063649733444,success,
778,apk_cluster,doubly_robust,-0.052876217040759836,success,
779,row,psm,-0.041713897075493084,success,
779,row,logistic_regression,-0.06908237403449068,success,
779,row,doubly_robust,-0.0649608003169421,success,
779,apk_cluster,psm,-0.07628622117090479,success,
779,apk_cluster,logistic_regression,-0.05740652230712599,success,
779,apk_cluster,doubly_robust,-0.05469226920140504,success,
780,row,psm,-0.08655633643164816,success,
780,row,logistic_regression,-0.07187590491755551,success,
780,row,doubly_robust,-0.06684727672415368,success,
780,apk_cluster,psm,-0.0603347787569357,success,
780,apk_cluster,logistic_regression,-0.06286945776210849,success,
780,apk_cluster,doubly_robust,-0.05753231341846229,success,
781,row,psm,-0.07259124914985264,success,
781,row,logistic_regression,-0.06433751188932071,success,
781,row,doubly_robust,-0.06015422948155993,success,
781,apk_cluster,psm,-0.058482401748672884,success,
781,apk_cluster,logistic_regression,-0.057225582090527076,success,
781,apk_cluster,doubly_robust,-0.04660515089336755,success,
782,row,psm,-0.06547268193153478,success,
782,row,logistic_regression,-0.055898062061225585,success,
782,row,doubly_robust,-0.051853735760398686,success,
782,apk_cluster,psm,-0.0710943533366647,success,
782,apk_cluster,logistic_regression,-0.06664090752109916,success,
782,apk_cluster,doubly_robust,-0.06362580588301565,success,
783,row,psm,-0.06923600090682384,success,
783,row,logistic_regression,-0.06977232823027932,success,
783,row,doubly_robust,-0.06537194929707899,success,
783,apk_cluster,psm,-0.06875914350312543,success,
783,apk_cluster,logistic_regression,-0.06338680652982814,success,
783,apk_cluster,doubly_robust,-0.04478358212886903,success,
784,row,psm,-0.08592155973702108,success,
784,row,logistic_regression,-0.0694410344528041,success,
784,row,doubly_robust,-0.06733036242753,success,
784,apk_cluster,psm,-0.06997151520720389,success,
784,apk_cluster,logistic_regression,-0.07166430678004257,success,
784,apk_cluster,doubly_robust,-0.07209599793722699,success,
785,row,psm,-0.044434368623894806,success,
785,row,logistic_regression,-0.0542336146600954,success,
785,row,doubly_robust,-0.04989961607388023,success,
785,apk_cluster,psm,-0.08016669654059866,success,
785,apk_cluster,logistic_regression,-0.08031962630980591,success,
785,apk_cluster,doubly_robust,-0.07791246712743193,success,
786,row,psm,-0.07168442530038541,success,
786,row,logistic_regression,-0.05977236357337475,success,
786,row,doubly_robust,-0.05244275208547944,success,
786,apk_cluster,psm,-0.08390627827030939,success,
786,apk_cluster,logistic_regression,-0.06391850689874343,success,
786,apk_cluster,doubly_robust,-0.05286526398699323,success,
787,row,psm,-0.07182044887780549,success,
787,row,logistic_regression,-0.06045226688006493,success,
787,row,doubly_robust,-0.05585956238240277,success,
787,apk_cluster,psm,-0.06892096587365232,success,
787,apk_cluster,logistic_regression,-0.05191364697375664,success,
787,apk_cluster,doubly_robust,-0.05442392289609692,success,
788,row,psm,-0.04942189979596463,success,
788,row,logistic_regression,-0.05177614565665498,success,
788,row,doubly_robust,-0.04575838140875898,success,
788,apk_cluster,psm,-0.06501132843205253,success,
788,apk_cluster,logistic_regression,-0.03880026295272517,success,
788,apk_cluster,doubly_robust,-0.03090946654958089,success,
789,row,psm,-0.06841985944230333,success,
789,row,logistic_regression,-0.06441151357737833,success,
789,row,doubly_robust,-0.05970487815758984,success,
789,apk_cluster,psm,-0.0810089293933536,success,
789,apk_cluster,logistic_regression,-0.08041139649860507,success,
789,apk_cluster,doubly_robust,-0.06864799280421668,success,
790,row,psm,-0.08333711176603943,success,
790,row,logistic_regression,-0.07215428268854912,success,
790,row,doubly_robust,-0.06968246766156508,success,
790,apk_cluster,psm,-0.066711140760507,success,
790,apk_cluster,logistic_regression,-0.06289201553962646,success,
790,apk_cluster,doubly_robust,-0.06013161802569062,success,
791,row,psm,-0.07576513262298798,success,
791,row,logistic_regression,-0.05531285626398951,success,
791,row,doubly_robust,-0.05020370535388863,success,
791,apk_cluster,psm,-0.09266019790565856,success,
791,apk_cluster,logistic_regression,-0.0686224760422703,success,
791,apk_cluster,doubly_robust,-0.06410823975355377,success,
792,row,psm,-0.04937655860349127,success,
792,row,logistic_regression,-0.06643573356357377,success,
792,row,doubly_robust,-0.061140443935215325,success,
792,apk_cluster,psm,-0.0882993378660623,success,
792,apk_cluster,logistic_regression,-0.07352300209922008,success,
792,apk_cluster,doubly_robust,-0.06970804802741465,success,
793,row,psm,-0.07708002720471549,success,
793,row,logistic_regression,-0.05576083628591442,success,
793,row,doubly_robust,-0.05048197067789343,success,
793,apk_cluster,psm,-0.11330027644916407,success,
793,apk_cluster,logistic_regression,-0.0747445255313652,success,
793,apk_cluster,doubly_robust,-0.0714301823515165,success,
794,row,psm,-0.0534119247336205,success,
794,row,logistic_regression,-0.047054544302183345,success,
794,row,doubly_robust,-0.04215046834368806,success,
794,apk_cluster,psm,-0.09707814269535674,success,
794,apk_cluster,logistic_regression,-0.05956894585788727,success,
794,apk_cluster,doubly_robust,-0.05280058881969314,success,
795,row,psm,-0.07794150986170936,success,
795,row,logistic_regression,-0.07888431173177879,success,
795,row,doubly_robust,-0.0755309345984634,success,
795,apk_cluster,psm,-0.06964317258434904,success,
795,apk_cluster,logistic_regression,-0.08292811615849252,success,
795,apk_cluster,doubly_robust,-0.07924811833956281,success,
796,row,psm,-0.02856495125821809,success,
796,row,logistic_regression,-0.05187904092318758,success,
796,row,doubly_robust,-0.04689484293009173,success,
796,apk_cluster,psm,-0.08762117822520507,success,
796,apk_cluster,logistic_regression,-0.06208919372877095,success,
796,apk_cluster,doubly_robust,-0.05731486437543394,success,
797,row,psm,-0.05708456132396282,success,
797,row,logistic_regression,-0.06904395047876832,success,
797,row,doubly_robust,-0.06475255209685658,success,
797,apk_cluster,psm,-0.11234481552719007,success,
797,apk_cluster,logistic_regression,-0.05656190877341939,success,
797,apk_cluster,doubly_robust,-0.04442094807316708,success,
798,row,psm,-0.05540693720244842,success,
798,row,logistic_regression,-0.07014434401673168,success,
798,row,doubly_robust,-0.06695113079924764,success,
798,apk_cluster,psm,-0.06790723510623524,success,
798,apk_cluster,logistic_regression,-0.0351015165685849,success,
798,apk_cluster,doubly_robust,-0.03467225210653657,success,
799,row,psm,-0.004035366130129223,success,
799,row,logistic_regression,-0.04990338364128526,success,
799,row,doubly_robust,-0.04190100063534908,success,
799,apk_cluster,psm,-0.07992516533240515,success,
799,apk_cluster,logistic_regression,-0.0658988275850024,success,
799,apk_cluster,doubly_robust,-0.059717577194965864,success,
800,row,psm,-0.01990478349580594,success,
800,row,logistic_regression,-0.06896233076543155,success,
800,row,doubly_robust,-0.06558857679614752,success,
800,apk_cluster,psm,-0.06646324020215505,success,
800,apk_cluster,logistic_regression,-0.055985715316500574,success,
800,apk_cluster,doubly_robust,-0.0490230319688528,success,
801,row,psm,-0.06279755157560644,success,
801,row,logistic_regression,-0.06307521824070321,success,
801,row,doubly_robust,-0.05882667378150882,success,
801,apk_cluster,psm,-0.09319198853021679,success,
801,apk_cluster,logistic_regression,-0.05258605744607342,success,
801,apk_cluster,doubly_robust,-0.049342851280139856,success,
802,row,psm,-0.05694853774654273,success,
802,row,logistic_regression,-0.07051658847313035,success,
802,row,doubly_robust,-0.06580847536654691,success,
802,apk_cluster,psm,-0.10702432370993407,success,
802,apk_cluster,logistic_regression,-0.06750496217180553,success,
802,apk_cluster,doubly_robust,-0.059669777695623316,success,
803,row,psm,-0.06959873044661075,success,
803,row,logistic_regression,-0.06162794241133724,success,
803,row,doubly_robust,-0.056103586449519606,success,
803,apk_cluster,psm,-0.09227037365302981,success,
803,apk_cluster,logistic_regression,-0.04628453527246894,success,
803,apk_cluster,doubly_robust,-0.04778046539020547,success,
804,row,psm,-0.048787123101337565,success,
804,row,logistic_regression,-0.06523012228172878,success,
804,row,doubly_robust,-0.06117044342714516,success,
804,apk_cluster,psm,-0.1134461109173352,success,
804,apk_cluster,logistic_regression,-0.08212234810734087,success,
804,apk_cluster,doubly_robust,-0.07881100105546887,success,
805,row,psm,-0.05368397188846066,success,
805,row,logistic_regression,-0.06274176862491129,success,
805,row,doubly_robust,-0.059355845029872796,success,
805,apk_cluster,psm,-0.11124573685155269,success,
805,apk_cluster,logistic_regression,-0.07278576397875858,success,
805,apk_cluster,doubly_robust,-0.06902889763213496,success,
806,row,psm,-0.07381546134663342,success,
806,row,logistic_regression,-0.0579536169438277,success,
806,row,doubly_robust,-0.05414712564420612,success,
806,apk_cluster,psm,-0.054819736901180804,success,
806,apk_cluster,logistic_regression,-0.04766878746075831,success,
806,apk_cluster,doubly_robust,-0.042542691437862566,success,
807,row,psm,-0.06787576513262297,success,
807,row,logistic_regression,-0.057662862667314047,success,
807,row,doubly_robust,-0.05316778424823923,success,
807,apk_cluster,psm,-0.09459826275787188,success,
807,apk_cluster,logistic_regression,-0.06300956195114582,success,
807,apk_cluster,doubly_robust,-0.061099598036725565,success,
808,row,psm,-0.044479709816368174,success,
808,row,logistic_regression,-0.039966527328930614,success,
808,row,doubly_robust,-0.03489300372023642,success,
808,apk_cluster,psm,-0.025780838953460564,success,
808,apk_cluster,logistic_regression,-0.027622484841881498,success,
808,apk_cluster,doubly_robust,-0.03350142547673303,success,
809,row,psm,-0.05191566538199955,success,
809,row,logistic_regression,-0.05796189657197972,success,
809,row,doubly_robust,-0.052418314984184845,success,
809,apk_cluster,psm,-0.08364050056882821,success,
809,apk_cluster,logistic_regression,-0.053886415989929576,success,
809,apk_cluster,doubly_robust,-0.049568070489442416,success,
810,row,psm,-0.08029925187032419,success,
810,row,logistic_regression,-0.06695605075956113,success,
810,row,doubly_robust,-0.061519662486447434,success,
810,apk_cluster,psm,-0.10220283533260632,success,
810,apk_cluster,logistic_regression,-0.05874094497029906,success,
810,apk_cluster,doubly_robust,-0.05051991122253202,success,
811,row,psm,-0.0923600090682385,success,
811,row,logistic_regression,-0.07995912385692387,success,
811,row,doubly_robust,-0.07704040655867232,success,
811,apk_cluster,psm,-0.0811813668956526,success,
811,apk_cluster,logistic_regression,-0.0581585036162487,success,
811,apk_cluster,doubly_robust,-0.04990113688253957,success,
812,row,psm,-0.0789843572885967,success,
812,row,logistic_regression,-0.06865279877000989,success,
812,row,doubly_robust,-0.06333152373050645,success,
812,apk_cluster,psm,-0.08084875356286476,success,
812,apk_cluster,logistic_regression,-0.055984412844176094,success,
812,apk_cluster,doubly_robust,-0.055739572414351665,success,
813,row,psm,-0.061845386533665836,success,
813,row,logistic_regression,-0.05955186909000861,success,
813,row,doubly_robust,-0.05295630692072875,success,
813,apk_cluster,psm,-0.08832188420019627,success,
813,apk_cluster,logistic_regression,-0.0265392791195008,success,
813,apk_cluster,doubly_robust,-0.021216059399276895,success,
814,row,psm,-0.10333257764679211,success,
814,row,logistic_regression,-0.07400949414042127,success,
814,row,doubly_robust,-0.07029996874589116,success,
814,apk_cluster,psm,-0.10775672102247687,success,
814,apk_cluster,logistic_regression,-0.08300878622334801,success,
814,apk_cluster,doubly_robust,-0.07848178942465457,success,
815,row,psm,-0.03654500113352982,success,
815,row,logistic_regression,-0.06499611983600356,success,
815,row,doubly_robust,-0.060436812931948164,success,
815,apk_cluster,psm,-0.046115121580547105,success,
815,apk_cluster,logistic_regression,-0.06064385682930138,success,
815,apk_cluster,doubly_robust,-0.05869107847095063,success,
816,row,psm,-0.053230559963727046,success,
816,row,logistic_regression,-0.05712846612270463,success,
816,row,doubly_robust,-0.05152797444842606,success,
816,apk_cluster,psm,-0.0883063942740674,success,
816,apk_cluster,logistic_regression,-0.0728655588290053,success,
816,apk_cluster,doubly_robust,-0.06284873344240005,success,
817,row,psm,-0.06429381092722738,success,
817,row,logistic_regression,-0.05649167140605339,success,
817,row,doubly_robust,-0.04999396475679375,success,
817,apk_cluster,psm,-0.04317391712862915,success,
817,apk_cluster,logistic_regression,-0.04428205347781511,success,
817,apk_cluster,doubly_robust,-0.039915853044004225,success,
818,row,psm,-0.056540467014282475,success,
818,row,logistic_regression,-0.06259846477281156,success,
818,row,doubly_robust,-0.05720392820769485,success,
818,apk_cluster,psm,-0.02989295970759725,success,
818,apk_cluster,logistic_regression,-0.05595296514434062,success,
818,apk_cluster,doubly_robust,-0.03950672513361827,success,
819,row,psm,-0.07757878032192246,success,
819,row,logistic_regression,-0.08728334748297312,success,
819,row,doubly_robust,-0.08372878060179337,success,
819,apk_cluster,psm,-0.09226581991381266,success,
819,apk_cluster,logistic_regression,-0.06504311050633478,success,
819,apk_cluster,doubly_robust,-0.05069477468049059,success,
820,row,psm,-0.07327136703695308,success,
820,row,logistic_regression,-0.07663690420577851,success,
820,row,doubly_robust,-0.07227504356884551,success,
820,apk_cluster,psm,-0.07498921949116,success,
820,apk_cluster,logistic_regression,-0.059253980234095296,success,
820,apk_cluster,doubly_robust,-0.056403010262798675,success,
821,row,psm,-0.07358875538426661,success,
821,row,logistic_regression,-0.07266172399231968,success,
821,row,doubly_robust,-0.06887066489516772,success,
821,apk_cluster,psm,-0.10716168717047451,success,
821,apk_cluster,logistic_regression,-0.07620286183936856,success,
821,apk_cluster,doubly_robust,-0.0741723710947636,success,
822,row,psm,-0.09304012695533892,success,
822,row,logistic_regression,-0.05802281118705702,success,
822,row,doubly_robust,-0.05108749064502574,success,
822,apk_cluster,psm,-0.06230755297953269,success,
822,apk_cluster,logistic_regression,-0.05872415956584804,success,
822,apk_cluster,doubly_robust,-0.05573439826012526,success,
823,row,psm,-0.0455225572432555,success,
823,row,logistic_regression,-0.045927715620657006,success,
823,row,doubly_robust,-0.0395044017949419,success,
823,apk_cluster,psm,-0.07758197635511933,success,
823,apk_cluster,logistic_regression,-0.05917198597398207,success,
823,apk_cluster,doubly_robust,-0.055676833946078544,success,
824,row,psm,-0.06637950578100203,success,
824,row,logistic_regression,-0.06754900074428953,success,
824,row,doubly_robust,-0.06373565839798248,success,
824,apk_cluster,psm,-0.08816357156255862,success,
824,apk_cluster,logistic_regression,-0.05836965214418128,success,
824,apk_cluster,doubly_robust,-0.0567714246429879,success,
825,row,psm,-0.06211743368850601,success,
825,row,logistic_regression,-0.05774460716372187,success,
825,row,doubly_robust,-0.05233267572066624,success,
825,apk_cluster,psm,-0.09931269892522718,success,
825,apk_cluster,logistic_regression,-0.08232106872476079,success,
825,apk_cluster,doubly_robust,-0.08233318401730566,success,
826,row,psm,-0.08959419632736342,success,
826,row,logistic_regression,-0.0600277810833941,success,
826,row,doubly_robust,-0.05387136348924208,success,
826,apk_cluster,psm,-0.07461658554504547,success,
826,apk_cluster,logistic_regression,-0.07629650144514875,success,
826,apk_cluster,doubly_robust,-0.0733738099177447,success,
827,row,psm,-0.05177964180457946,success,
827,row,logistic_regression,-0.05142161883016745,success,
827,row,doubly_robust,-0.0458944062231215,success,
827,apk_cluster,psm,-0.0927190750412928,success,
827,apk_cluster,logistic_regression,-0.06125468095981067,success,
827,apk_cluster,doubly_robust,-0.04652460791748986,success,
828,row,psm,-0.02303332577646792,success,
828,row,logistic_regression,-0.06496616482528349,success,
828,row,doubly_robust,-0.05966463759559097,success,
828,apk_cluster,psm,-0.09831361469185944,success,
828,apk_cluster,logistic_regression,-0.06928688523276658,success,
828,apk_cluster,doubly_robust,-0.062197191711858626,success,
829,row,psm,-0.04379959192926774,success,
829,row,logistic_regression,-0.06014799589053718,success,
829,row,doubly_robust,-0.053985106271992475,success,
829,apk_cluster,psm,-0.03274011683195218,success,
829,apk_cluster,logistic_regression,-0.055141464464394004,success,
829,apk_cluster,doubly_robust,-0.05101186843985309,success,
830,row,psm,-0.06950804806166402,success,
830,row,logistic_regression,-0.0645495237728756,success,
830,row,doubly_robust,-0.060550116676860395,success,
830,apk_cluster,psm,-0.07852382463616993,success,
830,apk_cluster,logistic_regression,-0.07178525994092162,success,
830,apk_cluster,doubly_robust,-0.06465422444976822,success,
831,row,psm,-0.060802539106778505,success,
831,row,logistic_regression,-0.06005587585994949,success,
831,row,doubly_robust,-0.05512348858213981,success,
831,apk_cluster,psm,-0.0903606259922885,success,
831,apk_cluster,logistic_regression,-0.06708272925270777,success,
831,apk_cluster,doubly_robust,-0.0645592482630649,success,
832,row,psm,-0.046157333937882565,success,
832,row,logistic_regression,-0.07483211620979976,success,
832,row,doubly_robust,-0.07085328652679383,success,
832,apk_cluster,psm,-0.07587155963302752,success,
832,apk_cluster,logistic_regression,-0.07328889988103597,success,
832,apk_cluster,doubly_robust,-0.06663707797221011,success,
833,row,psm,-0.08859669009294945,success,
833,row,logistic_regression,-0.062230195795015916,success,
833,row,doubly_robust,-0.057364995849777604,success,
833,apk_cluster,psm,-0.09248422785041602,success,
833,apk_cluster,logistic_regression,-0.043978811243743594,success,
833,apk_cluster,doubly_robust,-0.03502423224482614,success,
834,row,psm,-0.06574472908637496,success,
834,row,logistic_regression,-0.05532271020533402,success,
834,row,doubly_robust,-0.0484305664757955,success,
834,apk_cluster,psm,-0.050525937247145554,success,
834,apk_cluster,logistic_regression,-0.06203514158704322,success,
834,apk_cluster,doubly_robust,-0.06248369248186473,success,
835,row,psm,-0.04801632282929041,success,
835,row,logistic_regression,-0.05832889209743573,success,
835,row,doubly_robust,-0.05248388909195902,success,
835,apk_cluster,psm,-0.0685300117182414,success,
835,apk_cluster,logistic_regression,-0.08154044211532338,success,
835,apk_cluster,doubly_robust,-0.07429256765407792,success,
836,row,psm,-0.08846066651552936,success,
836,row,logistic_regression,-0.07194856766370332,success,
836,row,doubly_robust,-0.06661496563005807,success,
836,apk_cluster,psm,-0.07666549171660204,success,
836,apk_cluster,logistic_regression,-0.05118744393563582,success,
836,apk_cluster,doubly_robust,-0.04700870123295702,success,
837,row,psm,-0.06669689412831557,success,
837,row,logistic_regression,-0.05616133393939872,success,
837,row,doubly_robust,-0.05104788920989073,success,
837,apk_cluster,psm,-0.08590417171853248,success,
837,apk_cluster,logistic_regression,-0.07286727541167427,success,
837,apk_cluster,doubly_robust,-0.07275332416392295,success,
838,row,psm,-0.07893901609612333,success,
838,row,logistic_regression,-0.0697663678421403,success,
838,row,doubly_robust,-0.06627825170575526,success,
838,apk_cluster,psm,-0.09360730593607305,success,
838,apk_cluster,logistic_regression,-0.07771339726700442,success,
838,apk_cluster,doubly_robust,-0.07357635855675561,success,
839,row,psm,-0.03337111766039447,success,
839,row,logistic_regression,-0.04477642407368713,success,
839,row,doubly_robust,-0.037777184747325,success,
839,apk_cluster,psm,-0.09226753083085787,success,
839,apk_cluster,logistic_regression,-0.0526772269444667,success,
839,apk_cluster,doubly_robust,-0.05001908965352012,success,
840,row,psm,-0.06533665835411473,success,
840,row,logistic_regression,-0.05822096827842928,success,
840,row,doubly_robust,-0.05219507745144441,success,
840,apk_cluster,psm,-0.056672760511883,success,
840,apk_cluster,logistic_regression,-0.05321706877367478,success,
840,apk_cluster,doubly_robust,-0.049299999261627564,success,
841,row,psm,-0.04652006347766946,success,
841,row,logistic_regression,-0.06281372895327764,success,
841,row,doubly_robust,-0.06061978905161008,success,
841,apk_cluster,psm,-0.06621989528795813,success,
841,apk_cluster,logistic_regression,-0.06415585210153109,success,
841,apk_cluster,doubly_robust,-0.05702550810900844,success,
842,row,psm,-0.060802539106778505,success,
842,row,logistic_regression,-0.05018504173027126,success,
842,row,doubly_robust,-0.04471636114571326,success,
842,apk_cluster,psm,-0.07397726329765164,success,
842,apk_cluster,logistic_regression,-0.06709205927853559,success,
842,apk_cluster,doubly_robust,-0.06382994066965796,success,
843,row,psm,-0.06538199954658806,success,
843,row,logistic_regression,-0.04810780431476698,success,
843,row,doubly_robust,-0.04009281297858714,success,
843,apk_cluster,psm,-0.055876512005777215,success,
843,apk_cluster,logistic_regression,-0.06330819312714749,success,
843,apk_cluster,doubly_robust,-0.060823762375899,success,
844,row,psm,-0.03364316481523464,success,
844,row,logistic_regression,-0.0634601498166464,success,
844,row,doubly_robust,-0.058844994101255835,success,
844,apk_cluster,psm,-0.10578117095157062,success,
844,apk_cluster,logistic_regression,-0.07755588386648113,success,
844,apk_cluster,doubly_robust,-0.065037073165662,success,
845,row,psm,-0.06325096350034005,success,
845,row,logistic_regression,-0.07004036546335188,success,
845,row,doubly_robust,-0.0673772195029279,success,
845,apk_cluster,psm,-0.06634304207119741,success,
845,apk_cluster,logistic_regression,-0.0698461583519216,success,
845,apk_cluster,doubly_robust,-0.061837301028348515,success,
846,row,psm,-0.05808206755837678,success,
846,row,logistic_regression,-0.0628519139872452,success,
846,row,doubly_robust,-0.05661340052151544,success,
846,apk_cluster,psm,-0.09256268593285168,success,
846,apk_cluster,logistic_regression,-0.07098348553820408,success,
846,apk_cluster,doubly_robust,-0.06470349502211994,success,
847,row,psm,-0.08311040580367264,success,
847,row,logistic_regression,-0.06595763152921817,success,
847,row,doubly_robust,-0.06086144890386434,success,
847,apk_cluster,psm,-0.06793247055662531,success,
847,apk_cluster,logistic_regression,-0.06696230046175168,success,
847,apk_cluster,doubly_robust,-0.061906337786993865,success,
848,row,psm,-0.07186579007027885,success,
848,row,logistic_regression,-0.07169458789899363,success,
848,row,doubly_robust,-0.06599958248674259,success,
848,apk_cluster,psm,-0.07955020677477813,success,
848,apk_cluster,logistic_regression,-0.04362620391287127,success,
848,apk_cluster,doubly_robust,-0.04789224213382126,success,
849,row,psm,-0.04166855588301972,success,
849,row,logistic_regression,-0.07002547192573912,success,
849,row,doubly_robust,-0.06697443339208348,success,
849,apk_cluster,psm,-0.06688132474701013,success,
849,apk_cluster,logistic_regression,-0.05113456094133689,success,
849,apk_cluster,doubly_robust,-0.04691808364645682,success,
850,row,psm,-0.09118113806393108,success,
850,row,logistic_regression,-0.06670093890861704,success,
850,row,doubly_robust,-0.06270581632781198,success,
850,apk_cluster,psm,-0.10317460317460317,success,
850,apk_cluster,logistic_regression,-0.0748688864016434,success,
850,apk_cluster,doubly_robust,-0.06882467404783717,success,
851,row,psm,-0.08755384266606211,success,
851,row,logistic_regression,-0.07071813391293795,success,
851,row,doubly_robust,-0.06534606913010488,success,
851,apk_cluster,psm,-0.04897413024085638,success,
851,apk_cluster,logistic_regression,-0.03266701166719906,success,
851,apk_cluster,doubly_robust,-0.030398439919309423,success,
852,row,psm,-0.0740875085014736,success,
852,row,logistic_regression,-0.07333363446613199,success,
852,row,doubly_robust,-0.06997977859316236,success,
852,apk_cluster,psm,-0.060210506963276185,success,
852,apk_cluster,logistic_regression,-0.022234746163321665,success,
852,apk_cluster,doubly_robust,-0.017963929532539405,success,
853,row,psm,-0.05731126728632963,success,
853,row,logistic_regression,-0.0677005572045648,success,
853,row,doubly_robust,-0.06171158139162421,success,
853,apk_cluster,psm,-0.06987711422482203,success,
853,apk_cluster,logistic_regression,-0.05569120123184695,success,
853,apk_cluster,doubly_robust,-0.049746995733759146,success,
854,row,psm,-0.07159374291543867,success,
854,row,logistic_regression,-0.06633513993067808,success,
854,row,doubly_robust,-0.06084446614167584,success,
854,apk_cluster,psm,-0.09162596890541691,success,
854,apk_cluster,logistic_regression,-0.06166710072840787,success,
854,apk_cluster,doubly_robust,-0.05968831360376295,success,
855,row,psm,-0.07426887327136703,success,
855,row,logistic_regression,-0.06384117424966593,success,
855,row,doubly_robust,-0.06086797781610467,success,
855,apk_cluster,psm,-0.11054330285099516,success,
855,apk_cluster,logistic_regression,-0.07479426697696137,success,
855,apk_cluster,doubly_robust,-0.07183495835488617,success,
856,row,psm,-0.0655633643164815,success,
856,row,logistic_regression,-0.0664760436502762,success,
856,row,doubly_robust,-0.0630274198734347,success,
856,apk_cluster,psm,-0.11605913954624161,success,
856,apk_cluster,logistic_regression,-0.07185201178572036,success,
856,apk_cluster,doubly_robust,-0.06688667461240115,success,
857,row,psm,-0.03445930627975515,success,
857,row,logistic_regression,-0.06706283774704792,success,
857,row,doubly_robust,-0.06294559798232424,success,
857,apk_cluster,psm,-0.08179254152303353,success,
857,apk_cluster,logistic_regression,-0.0703557940085373,success,
857,apk_cluster,doubly_robust,-0.06609921655551687,success,
858,row,psm,-0.029925187032418952,success,
858,row,logistic_regression,-0.0523393492708633,success,
858,row,doubly_robust,-0.04802610057941364,success,
858,apk_cluster,psm,-0.07875514631015096,success,
858,apk_cluster,logistic_regression,-0.08351089334379684,success,
858,apk_cluster,doubly_robust,-0.07781774357486318,success,
859,row,psm,-0.0703695307186579,success,
859,row,logistic_regression,-0.06790604633696948,success,
859,row,doubly_robust,-0.061697175345413725,success,
859,apk_cluster,psm,-0.08549033119428055,success,
859,apk_cluster,logistic_regression,-0.06554063030841455,success,
859,apk_cluster,doubly_robust,-0.05407997448647391,success,
860,row,psm,-0.05431874858308774,success,
860,row,logistic_regression,-0.07120935092135497,success,
860,row,doubly_robust,-0.06657323316573958,success,
860,apk_cluster,psm,-0.07458538771851188,success,
860,apk_cluster,logistic_regression,-0.05159338923925856,success,
860,apk_cluster,doubly_robust,-0.05139781098819511,success,
861,row,psm,-0.04937655860349127,success,
861,row,logistic_regression,-0.06682745579798788,success,
861,row,doubly_robust,-0.06376420310677958,success,
861,apk_cluster,psm,-0.0804632082727972,success,
861,apk_cluster,logistic_regression,-0.06538612407316335,success,
861,apk_cluster,doubly_robust,-0.05635594737443068,success,
862,row,psm,-0.04747222851961007,success,
862,row,logistic_regression,-0.06709969317342684,success,
862,row,doubly_robust,-0.06046063104747907,success,
862,apk_cluster,psm,-0.11017025901104872,success,
862,apk_cluster,logistic_regression,-0.06446516052295698,success,
862,apk_cluster,doubly_robust,-0.0634811254220331,success,
863,row,psm,-0.06579007027884833,success,
863,row,logistic_regression,-0.06333660870985332,success,
863,row,doubly_robust,-0.05722013311861555,success,
863,apk_cluster,psm,-0.07729119638826185,success,
863,apk_cluster,logistic_regression,-0.054563377116585716,success,
863,apk_cluster,doubly_robust,-0.04195583772514811,success,
864,row,psm,-0.041668555883019716,success,
864,row,logistic_regression,-0.055830440112953135,success,
864,row,doubly_robust,-0.05051216062522401,success,
864,apk_cluster,psm,-0.07179771921582027,success,
864,apk_cluster,logistic_regression,-0.05539595743614638,success,
864,apk_cluster,doubly_robust,-0.053291386192796726,success,
865,row,psm,-0.09666742235320788,success,
865,row,logistic_regression,-0.06479037908213502,success,
865,row,doubly_robust,-0.06038666788456225,success,
865,apk_cluster,psm,-0.07974632303332883,success,
865,apk_cluster,logistic_regression,-0.053409561477739884,success,
865,apk_cluster,doubly_robust,-0.05211835929115414,success,
866,row,psm,-0.04887780548628429,success,
866,row,logistic_regression,-0.04461351051500519,success,
866,row,doubly_robust,-0.03948300969160315,success,
866,apk_cluster,psm,-0.07257060794638583,success,
866,apk_cluster,logistic_regression,-0.052798446947195474,success,
866,apk_cluster,doubly_robust,-0.044481842571259284,success,
867,row,psm,-0.07952845159827704,success,
867,row,logistic_regression,-0.07186253200702603,success,
867,row,doubly_robust,-0.06602246410716871,success,
867,apk_cluster,psm,-0.09410753855198299,success,
867,apk_cluster,logistic_regression,-0.06762337177162937,success,
867,apk_cluster,doubly_robust,-0.06452483350098527,success,
868,row,psm,-0.03219224665608706,success,
868,row,logistic_regression,-0.06348916951984307,success,
868,row,doubly_robust,-0.060476162765039046,success,
868,apk_cluster,psm,-0.11873831988695929,success,
868,apk_cluster,logistic_regression,-0.0963837895908882,success,
868,apk_cluster,doubly_robust,-0.09007784614720268,success,
869,row,psm,-0.07526637950578101,success,
869,row,logistic_regression,-0.06986018373685085,success,
869,row,doubly_robust,-0.06491926188055104,success,
869,apk_cluster,psm,-0.04430948205808135,success,
869,apk_cluster,logistic_regression,-0.06131734108676145,success,
869,apk_cluster,doubly_robust,-0.04806082569240536,success,
870,row,psm,-0.02344139650872818,success,
870,row,logistic_regression,-0.04986593264676146,success,
870,row,doubly_robust,-0.04505310270699581,success,
870,apk_cluster,psm,-0.05747427175998605,success,
870,apk_cluster,logistic_regression,-0.06831610233687675,success,
870,apk_cluster,doubly_robust,-0.05831120783589418,success,
871,row,psm,-0.060938562684198595,success,
871,row,logistic_regression,-0.06417378341962504,success,
871,row,doubly_robust,-0.06132647265534469,success,
871,apk_cluster,psm,-0.056562696252878374,success,
871,apk_cluster,logistic_regression,-0.06928575469984977,success,
871,apk_cluster,doubly_robust,-0.0628322621850535,success,
872,row,psm,-0.04928587621854455,success,
872,row,logistic_regression,-0.06714425482674728,success,
872,row,doubly_robust,-0.06388976539709543,success,
872,apk_cluster,psm,-0.060953067941030614,success,
872,apk_cluster,logistic_regression,-0.06348759209275616,success,
872,apk_cluster,doubly_robust,-0.061925544478148055,success,
873,row,psm,-0.04506914531852188,success,
873,row,logistic_regression,-0.07750125977112465,success,
873,row,doubly_robust,-0.07523356624791211,success,
873,apk_cluster,psm,-0.07603010002753051,success,
873,apk_cluster,logistic_regression,-0.054316129655383225,success,
873,apk_cluster,doubly_robust,-0.05118495431671532,success,
874,row,psm,-0.0692813420992972,success,
874,row,logistic_regression,-0.07332042189212301,success,
874,row,doubly_robust,-0.07105277455837267,success,
874,apk_cluster,psm,-0.08901860634804816,success,
874,apk_cluster,logistic_regression,-0.06199674332501341,success,
874,apk_cluster,doubly_robust,-0.04787309795166225,success,
875,row,psm,-0.06592609385626844,success,
875,row,logistic_regression,-0.07042299625235078,success,
875,row,doubly_robust,-0.0648917161340383,success,
875,apk_cluster,psm,-0.0781836215446979,success,
875,apk_cluster,logistic_regression,-0.06795224468325899,success,
875,apk_cluster,doubly_robust,-0.06285866518897638,success,
876,row,psm,-0.05255044207662662,success,
876,row,logistic_regression,-0.05497350837527561,success,
876,row,doubly_robust,-0.04947749002140141,success,
876,apk_cluster,psm,-0.09262015232425808,success,
876,apk_cluster,logistic_regression,-0.05047281656446767,success,
876,apk_cluster,doubly_robust,-0.04214017950392148,success,
877,row,psm,-0.1021537066424847,success,
877,row,logistic_regression,-0.08028604332361,success,
877,row,doubly_robust,-0.07736293554165598,success,
877,apk_cluster,psm,-0.09114343583133862,success,
877,apk_cluster,logistic_regression,-0.09278410316803735,success,
877,apk_cluster,doubly_robust,-0.09001001526669128,success,
878,row,psm,-0.07680798004987531,success,
878,row,logistic_regression,-0.06267649484835805,success,
878,row,doubly_robust,-0.05994405573467184,success,
878,apk_cluster,psm,-0.10022610661796678,success,
878,apk_cluster,logistic_regression,-0.07962650058196032,success,
878,apk_cluster,doubly_robust,-0.07038172452426177,success,
879,row,psm,-0.053185218771253685,success,
879,row,logistic_regression,-0.06416982475865275,success,
879,row,doubly_robust,-0.05917823734101318,success,
879,apk_cluster,psm,-0.11351811984212415,success,
879,apk_cluster,logistic_regression,-0.08988678305485684,success,
879,apk_cluster,doubly_robust,-0.08350219891940801,success,
880,row,psm,-0.07104964860575833,success,
880,row,logistic_regression,-0.06469494897231091,success,
880,row,doubly_robust,-0.05965886502551543,success,
880,apk_cluster,psm,-0.08859122401847574,success,
880,apk_cluster,logistic_regression,-0.06277314019265409,success,
880,apk_cluster,doubly_robust,-0.05866896340771897,success,
881,row,psm,-0.07086828383586488,success,
881,row,logistic_regression,-0.05806681793774289,success,
881,row,doubly_robust,-0.051906657547075956,success,
881,apk_cluster,psm,-0.08864292133768507,success,
881,apk_cluster,logistic_regression,-0.0696967133056339,success,
881,apk_cluster,doubly_robust,-0.06824641399977467,success,
882,row,psm,-0.0163681704828837,success,
882,row,logistic_regression,-0.06444522191318407,success,
882,row,doubly_robust,-0.05957528061011379,success,
882,apk_cluster,psm,-0.06454802894772328,success,
882,apk_cluster,logistic_regression,-0.07235409284388755,success,
882,apk_cluster,doubly_robust,-0.07161273790221279,success,
883,row,psm,-0.06229879845839945,success,
883,row,logistic_regression,-0.07199419481717301,success,
883,row,doubly_robust,-0.06858014377987166,success,
883,apk_cluster,psm,-0.09591651975032163,success,
883,apk_cluster,logistic_regression,-0.07198062740060641,success,
883,apk_cluster,doubly_robust,-0.06887134105731554,success,
884,row,psm,-0.03903876671956472,success,
884,row,logistic_regression,-0.07030719918329932,success,
884,row,doubly_robust,-0.0653271444849217,success,
884,apk_cluster,psm,-0.05458815188976029,success,
884,apk_cluster,logistic_regression,-0.06353213375288856,success,
884,apk_cluster,doubly_robust,-0.05721913909831913,success,
885,row,psm,-0.06365903423260032,success,
885,row,logistic_regression,-0.07961495167994743,success,
885,row,doubly_robust,-0.07656122705040726,success,
885,apk_cluster,psm,-0.08391795880066133,success,
885,apk_cluster,logistic_regression,-0.06388991037325627,success,
885,apk_cluster,doubly_robust,-0.060320327430555466,success,
886,row,psm,-0.08202221718431195,success,
886,row,logistic_regression,-0.07460585186754314,success,
886,row,doubly_robust,-0.07049825672013596,success,
886,apk_cluster,psm,-0.09934562760261749,success,
886,apk_cluster,logistic_regression,-0.06515546183140339,success,
886,apk_cluster,doubly_robust,-0.06550167724687671,success,
887,row,psm,-0.06084788029925187,success,
887,row,logistic_regression,-0.06871659137390881,success,
887,row,doubly_robust,-0.06516193669153234,success,
887,apk_cluster,psm,-0.07245119305856833,success,
887,apk_cluster,logistic_regression,-0.071831084016299,success,
887,apk_cluster,doubly_robust,-0.07244863941795109,success,
888,row,psm,-0.08274767626388575,success,
888,row,logistic_regression,-0.06276987500130772,success,
888,row,doubly_robust,-0.05880905865059883,success,
888,apk_cluster,psm,-0.0716592838685862,success,
888,apk_cluster,logistic_regression,-0.018297979626281838,success,
888,apk_cluster,doubly_robust,-0.017217539333599187,success,
889,row,psm,-0.04094309680344593,success,
889,row,logistic_regression,-0.04668561993281702,success,
889,row,doubly_robust,-0.04059826183331886,success,
889,apk_cluster,psm,-0.07616180964108177,success,
889,apk_cluster,logistic_regression,-0.10626407108206981,success,
889,apk_cluster,doubly_robust,-0.10597258494211405,success,
890,row,psm,-0.04624801632282929,success,
890,row,logistic_regression,-0.06681853654186963,success,
890,row,doubly_robust,-0.06259942638351765,success,
890,apk_cluster,psm,-0.06083287969515514,success,
890,apk_cluster,logistic_regression,-0.06234120637556462,success,
890,apk_cluster,doubly_robust,-0.057309921223260694,success,
891,row,psm,-0.07440489684878714,success,
891,row,logistic_regression,-0.060724509240179476,success,
891,row,doubly_robust,-0.054957150637824824,success,
891,apk_cluster,psm,-0.08090323802310169,success,
891,apk_cluster,logistic_regression,-0.07268508587508325,success,
891,apk_cluster,doubly_robust,-0.07376696381492134,success,
892,row,psm,-0.060983903876671956,success,
892,row,logistic_regression,-0.07044395158305716,success,
892,row,doubly_robust,-0.06722910287395337,success,
892,apk_cluster,psm,-0.08108353786019452,success,
892,apk_cluster,logistic_regression,-0.07678342695698703,success,
892,apk_cluster,doubly_robust,-0.07227394812141326,success,
893,row,psm,-0.04661074586261619,success,
893,row,logistic_regression,-0.058728038703405094,success,
893,row,doubly_robust,-0.05451991547775041,success,
893,apk_cluster,psm,-0.06387261260455339,success,
893,apk_cluster,logistic_regression,-0.08623411613225533,success,
893,apk_cluster,doubly_robust,-0.08182429322212516,success,
894,row,psm,-0.0899569258671503,success,
894,row,logistic_regression,-0.06701415263848827,success,
894,row,doubly_robust,-0.06332518742668178,success,
894,apk_cluster,psm,0.022150897337371727,success,
894,apk_cluster,logistic_regression,-0.02712972698794588,success,
894,apk_cluster,doubly_robust,-0.016982839667354737,success,
895,row,psm,-0.06873724778961687,success,
895,row,logistic_regression,-0.06278576187516609,success,
895,row,doubly_robust,-0.0574641732716537,success,
895,apk_cluster,psm,-0.07598039215686274,success,
895,apk_cluster,logistic_regression,-0.07280746339923658,success,
895,apk_cluster,doubly_robust,-0.07172376285368928,success,
896,row,psm,-0.05295851280888687,success,
896,row,logistic_regression,-0.05931227311870253,success,
896,row,doubly_robust,-0.05334698776214902,success,
896,apk_cluster,psm,-0.0834510025416549,success,
896,apk_cluster,logistic_regression,-0.0817666748755927,success,
896,apk_cluster,doubly_robust,-0.074883801613799,success,
897,row,psm,-0.0659714350487418,success,
897,row,logistic_regression,-0.05957495262182063,success,
897,row,doubly_robust,-0.053171619639972696,success,
897,apk_cluster,psm,-0.07768469154607768,success,
897,apk_cluster,logistic_regression,-0.04299040388963577,success,
897,apk_cluster,doubly_robust,-0.042706292256946624,success,
898,row,psm,-0.05454545454545454,success,
898,row,logistic_regression,-0.05824906823371006,success,
898,row,doubly_robust,-0.05186140212645914,success,
898,apk_cluster,psm,-0.07964197643620421,success,
898,apk_cluster,logistic_regression,-0.06773941698287216,success,
898,apk_cluster,doubly_robust,-0.06417067226249033,success,
899,row,psm,-0.07984583994559057,success,
899,row,logistic_regression,-0.08886257508176973,success,
899,row,doubly_robust,-0.08723119614117393,success,
899,apk_cluster,psm,-0.10188833038989267,success,
899,apk_cluster,logistic_regression,-0.06792058651409776,success,
899,apk_cluster,doubly_robust,-0.06560728368550033,success,
900,row,psm,-0.09349353888007254,success,
900,row,logistic_regression,-0.07706997394832087,success,
900,row,doubly_robust,-0.07335149411101266,success,
900,apk_cluster,psm,-0.09738856371004052,success,
900,apk_cluster,logistic_regression,-0.0604572269644186,success,
900,apk_cluster,doubly_robust,-0.059415384204557956,success,
901,row,psm,-0.09036499659941057,success,
901,row,logistic_regression,-0.06066357948279302,success,
901,row,doubly_robust,-0.05534298782261048,success,
901,apk_cluster,psm,-0.08790432902343233,success,
901,apk_cluster,logistic_regression,-0.07415532394491797,success,
901,apk_cluster,doubly_robust,-0.06483597354086146,success,
902,row,psm,-0.09907050555429608,success,
902,row,logistic_regression,-0.07925748738484728,success,
902,row,doubly_robust,-0.07602758558409127,success,
902,apk_cluster,psm,-0.08470447455019445,success,
902,apk_cluster,logistic_regression,-0.07654551237553425,success,
902,apk_cluster,doubly_robust,-0.07118623251815011,success,
903,row,psm,-0.06755837678530946,success,
903,row,logistic_regression,-0.06609020240817376,success,
903,row,doubly_robust,-0.062197681395421194,success,
903,apk_cluster,psm,-0.010153229938055983,success,
903,apk_cluster,logistic_regression,-0.05332125698111461,success,
903,apk_cluster,doubly_robust,-0.04438597400608703,success,
904,row,psm,-0.08791657220584902,success,
904,row,logistic_regression,-0.0757829050572304,success,
904,row,doubly_robust,-0.07162349691097632,success,
904,apk_cluster,psm,-0.06266696853067694,success,
904,apk_cluster,logistic_regression,-0.07707481322180729,success,
904,apk_cluster,doubly_robust,-0.06989594630553798,success,
905,row,psm,-0.07562910904556788,success,
905,row,logistic_regression,-0.062320599047980416,success,
905,row,doubly_robust,-0.057214838406329335,success,
905,apk_cluster,psm,-0.06285533796588756,success,
905,apk_cluster,logistic_regression,-0.07166066220199153,success,
905,apk_cluster,doubly_robust,-0.0692770126610291,success,
906,row,psm,-0.07676263885740195,success,
906,row,logistic_regression,-0.0668996724165901,success,
906,row,doubly_robust,-0.06236528592214152,success,
906,apk_cluster,psm,-0.08135942327497427,success,
906,apk_cluster,logistic_regression,-0.06375518771781509,success,
906,apk_cluster,doubly_robust,-0.05539384653818394,success,
907,row,psm,-0.07721605078213557,success,
907,row,logistic_regression,-0.06701279871782514,success,
907,row,doubly_robust,-0.06321574963597322,success,
907,apk_cluster,psm,-0.07804565399595721,success,
907,apk_cluster,logistic_regression,-0.07023108346234519,success,
907,apk_cluster,doubly_robust,-0.062365761824504394,success,
908,row,psm,-0.07703468601224212,success,
908,row,logistic_regression,-0.06544050240019758,success,
908,row,doubly_robust,-0.06243468479905942,success,
908,apk_cluster,psm,-0.05065837600585223,success,
908,apk_cluster,logistic_regression,-0.050037102682424325,success,
908,apk_cluster,doubly_robust,-0.05152803758897572,success,
909,row,psm,-0.08696440716390841,success,
909,row,logistic_regression,-0.05583735719647052,success,
909,row,doubly_robust,-0.049489097605821604,success,
909,apk_cluster,psm,-0.09912346139500186,success,
909,apk_cluster,logistic_regression,-0.05035603685954396,success,
909,apk_cluster,doubly_robust,-0.04965111243418682,success,
910,row,psm,-0.09054636136930401,success,
910,row,logistic_regression,-0.07087573811544048,success,
910,row,doubly_robust,-0.06471915097426846,success,
910,apk_cluster,psm,-0.06544087677188533,success,
910,apk_cluster,logistic_regression,-0.06578861035220608,success,
910,apk_cluster,doubly_robust,-0.06096715858968775,success,
911,row,psm,-0.039084107912038084,success,
911,row,logistic_regression,-0.057154820537461716,success,
911,row,doubly_robust,-0.0510673563113924,success,
911,apk_cluster,psm,-0.05806918882072256,success,
911,apk_cluster,logistic_regression,-0.06380657879109851,success,
911,apk_cluster,doubly_robust,-0.06338701231488336,success,
912,row,psm,-0.08605758331444117,success,
912,row,logistic_regression,-0.06980854476557491,success,
912,row,doubly_robust,-0.06640016866941847,success,
912,apk_cluster,psm,-0.07323254779902179,success,
912,apk_cluster,logistic_regression,-0.07633283520361943,success,
912,apk_cluster,doubly_robust,-0.06928168442612066,success,
913,row,psm,-0.04738154613466334,success,
913,row,logistic_regression,-0.0690703493260063,success,
913,row,doubly_robust,-0.06515837113973828,success,
913,apk_cluster,psm,-0.07212749467157528,success,
913,apk_cluster,logistic_regression,-0.06896530152121638,success,
913,apk_cluster,doubly_robust,-0.06868074546935851,success,
914,row,psm,-0.07467694400362729,success,
914,row,logistic_regression,-0.07704416025640495,success,
914,row,doubly_robust,-0.07383471318018003,success,
914,apk_cluster,psm,-0.07911305776074459,success,
914,apk_cluster,logistic_regression,-0.05800633048570374,success,
914,apk_cluster,doubly_robust,-0.055977754472226166,success,
915,row,psm,-0.05694853774654273,success,
915,row,logistic_regression,-0.056068136628202744,success,
915,row,doubly_robust,-0.05208387550891729,success,
915,apk_cluster,psm,-0.0613565476467576,success,
915,apk_cluster,logistic_regression,-0.04444867519242551,success,
915,apk_cluster,doubly_robust,-0.03452792236968601,success,
916,row,psm,-0.05463613693040127,success,
916,row,logistic_regression,-0.07071460676059216,success,
916,row,doubly_robust,-0.06773468444502807,success,
916,apk_cluster,psm,-0.04833162103006209,success,
916,apk_cluster,logistic_regression,-0.04006009423353586,success,
916,apk_cluster,doubly_robust,-0.032140194308408865,success,
917,row,psm,-0.08038993425527091,success,
917,row,logistic_regression,-0.06935258127528704,success,
917,row,doubly_robust,-0.0652755805071405,success,
917,apk_cluster,psm,-0.11444705882352942,success,
917,apk_cluster,logistic_regression,-0.07024191675948374,success,
917,apk_cluster,doubly_robust,-0.06924918425829639,success,
918,row,psm,-0.0672409884379959,success,
918,row,logistic_regression,-0.05172059615637216,success,
918,row,doubly_robust,-0.04685931408939088,success,
918,apk_cluster,psm,-0.0648421052631579,success,
918,apk_cluster,logistic_regression,-0.04842263718628489,success,
918,apk_cluster,doubly_robust,-0.041495259303566324,success,
919,row,psm,-0.05858082067558377,success,
919,row,logistic_regression,-0.06197004454944362,success,
919,row,doubly_robust,-0.058408180505897314,success,
919,apk_cluster,psm,-0.08910577922371335,success,
919,apk_cluster,logistic_regression,-0.04670415793492653,success,
919,apk_cluster,doubly_robust,-0.04122064080617085,success,
920,row,psm,-0.03445930627975516,success,
920,row,logistic_regression,-0.06307229426379606,success,
920,row,doubly_robust,-0.05984379289800879,success,
920,apk_cluster,psm,-0.10240614258292041,success,
920,apk_cluster,logistic_regression,-0.07358483667053446,success,
920,apk_cluster,doubly_robust,-0.06881895830669826,success,
921,row,psm,-0.012106098390387668,success,
921,row,logistic_regression,-0.06403411315215554,success,
921,row,doubly_robust,-0.06109255780419818,success,
921,apk_cluster,psm,-0.07263672663645744,success,
921,apk_cluster,logistic_regression,-0.04687136489673391,success,
921,apk_cluster,doubly_robust,-0.04430518247986489,success,
922,row,psm,-0.04865109952391748,success,
922,row,logistic_regression,-0.06323317746656171,success,
922,row,doubly_robust,-0.05787946008613347,success,
922,apk_cluster,psm,-0.07663373515816188,success,
922,apk_cluster,logistic_regression,-0.05795678548187359,success,
922,apk_cluster,doubly_robust,-0.053347759505803616,success,
923,row,psm,-0.07671729766492857,success,
923,row,logistic_regression,-0.06697232560113714,success,
923,row,doubly_robust,-0.06123238568693347,success,
923,apk_cluster,psm,-0.10540891389009087,success,
923,apk_cluster,logistic_regression,-0.06884077783316736,success,
923,apk_cluster,doubly_robust,-0.06961852668996105,success,
924,row,psm,-0.055724325549761956,success,
924,row,logistic_regression,-0.07142366377031409,success,
924,row,doubly_robust,-0.06932032958490711,success,
924,apk_cluster,psm,-0.08215183058147882,success,
924,apk_cluster,logistic_regression,-0.06468456086748667,success,
924,apk_cluster,doubly_robust,-0.059555753117074464,success,
925,row,psm,-0.08401722965313987,success,
925,row,logistic_regression,-0.06001031087372724,success,
925,row,doubly_robust,-0.05405843499030072,success,
925,apk_cluster,psm,-0.04577626620093759,success,
925,apk_cluster,logistic_regression,-0.04383644541789416,success,
925,apk_cluster,doubly_robust,-0.038956845637557455,success,
926,row,psm,-0.08655633643164816,success,
926,row,logistic_regression,-0.06318656537177333,success,
926,row,doubly_robust,-0.05996172540698883,success,
926,apk_cluster,psm,-0.06538376465383765,success,
926,apk_cluster,logistic_regression,-0.07109551204364893,success,
926,apk_cluster,doubly_robust,-0.07084769578479826,success,
927,row,psm,-0.04302879165722059,success,
927,row,logistic_regression,-0.06465866717177023,success,
927,row,doubly_robust,-0.06309997191282082,success,
927,apk_cluster,psm,-0.10169266805144296,success,
927,apk_cluster,logistic_regression,-0.07192717431644144,success,
927,apk_cluster,doubly_robust,-0.06213335861510903,success,
928,row,psm,-0.07558376785309452,success,
928,row,logistic_regression,-0.061992107248022295,success,
928,row,doubly_robust,-0.05674272859275584,success,
928,apk_cluster,psm,-0.12212603555803779,success,
928,apk_cluster,logistic_regression,-0.0751991369981585,success,
928,apk_cluster,doubly_robust,-0.08032470900424049,success,
929,row,psm,-0.041215143958286106,success,
929,row,logistic_regression,-0.08375856744927325,success,
929,row,doubly_robust,-0.08199441144914711,success,
929,apk_cluster,psm,-0.04829176877612801,success,
929,apk_cluster,logistic_regression,-0.061836367826396926,success,
929,apk_cluster,doubly_robust,-0.06099416267732541,success,
930,row,psm,-0.08279301745635911,success,
930,row,logistic_regression,-0.052893064074552534,success,
930,row,doubly_robust,-0.045733273030996786,success,
930,apk_cluster,psm,-0.06318387111794012,success,
930,apk_cluster,logistic_regression,-0.05599323158035811,success,
930,apk_cluster,doubly_robust,-0.05303398731547426,success,
931,row,psm,-0.051416912264792565,success,
931,row,logistic_regression,-0.04103302319587788,success,
931,row,doubly_robust,-0.03664399759304887,success,
931,apk_cluster,psm,-0.0750255031067421,success,
931,apk_cluster,logistic_regression,-0.062394175339141156,success,
931,apk_cluster,doubly_robust,-0.06172864435769515,success,
932,row,psm,-0.07027884833371117,success,
932,row,logistic_regression,-0.06538853001811523,success,
932,row,doubly_robust,-0.05949121287048446,success,
932,apk_cluster,psm,-0.08615106200590532,success,
932,apk_cluster,logistic_regression,-0.037089357296617255,success,
932,apk_cluster,doubly_robust,-0.02402163767221288,success,
933,row,psm,-0.04479709816368171,success,
933,row,logistic_regression,-0.05127381726579322,success,
933,row,doubly_robust,-0.046434373118916995,success,
933,apk_cluster,psm,-0.06693061840120663,success,
933,apk_cluster,logistic_regression,-0.05911122474869729,success,
933,apk_cluster,doubly_robust,-0.055722836580129165,success,
934,row,psm,-0.06873724778961687,success,
934,row,logistic_regression,-0.07120191828664525,success,
934,row,doubly_robust,-0.0686405070836776,success,
934,apk_cluster,psm,-0.04564117253890957,success,
934,apk_cluster,logistic_regression,-0.06247820120279565,success,
934,apk_cluster,doubly_robust,-0.0581711714866264,success,
935,row,psm,-0.06048515075946497,success,
935,row,logistic_regression,-0.06639125151119683,success,
935,row,doubly_robust,-0.061155812189561815,success,
935,apk_cluster,psm,-0.09059455522170627,success,
935,apk_cluster,logistic_regression,-0.07410537624925952,success,
935,apk_cluster,doubly_robust,-0.07330972208336531,success,
936,row,psm,-0.08179551122194514,success,
936,row,logistic_regression,-0.07571014142407538,success,
936,row,doubly_robust,-0.07317987275200803,success,
936,apk_cluster,psm,-0.07424029920523609,success,
936,apk_cluster,logistic_regression,-0.062250039935888186,success,
936,apk_cluster,doubly_robust,-0.061430842508614074,success,
937,row,psm,-0.025708456132396282,success,
937,row,logistic_regression,-0.05984812571847531,success,
937,row,doubly_robust,-0.0573760397641469,success,
937,apk_cluster,psm,-0.0815615350683723,success,
937,apk_cluster,logistic_regression,-0.06017758163170604,success,
937,apk_cluster,doubly_robust,-0.05786733408907132,success,
938,row,psm,-0.042802085694853775,success,
938,row,logistic_regression,-0.05464023416695657,success,
938,row,doubly_robust,-0.048723041692287195,success,
938,apk_cluster,psm,-0.06283780608168445,success,
938,apk_cluster,logistic_regression,-0.08033411850484061,success,
938,apk_cluster,doubly_robust,-0.07895965047151046,success,
939,row,psm,-0.06764905917025618,success,
939,row,logistic_regression,-0.06208310963533803,success,
939,row,doubly_robust,-0.0544099956296674,success,
939,apk_cluster,psm,-0.028428170569023414,success,
939,apk_cluster,logistic_regression,-0.05436345265989618,success,
939,apk_cluster,doubly_robust,-0.05263449428107068,success,
940,row,psm,-0.022262525504420767,success,
940,row,logistic_regression,-0.05618247855646204,success,
940,row,doubly_robust,-0.052868631296453965,success,
940,apk_cluster,psm,-0.05082036575619388,success,
940,apk_cluster,logistic_regression,-0.04174612055970634,success,
940,apk_cluster,doubly_robust,-0.03304119635842601,success,
941,row,psm,-0.04724552255724326,success,
941,row,logistic_regression,-0.06811005935000279,success,
941,row,doubly_robust,-0.06355439034672934,success,
941,apk_cluster,psm,-0.018736477715274775,success,
941,apk_cluster,logistic_regression,-0.05712328213035656,success,
941,apk_cluster,doubly_robust,-0.057177017988491084,success,
942,row,psm,-0.05250510088415326,success,
942,row,logistic_regression,-0.06601334895701542,success,
942,row,doubly_robust,-0.06062229432311045,success,
942,apk_cluster,psm,-0.07316634438098664,success,
942,apk_cluster,logistic_regression,-0.05632500392667948,success,
942,apk_cluster,doubly_robust,-0.04645593991359575,success,
943,row,psm,-0.025164361822715937,success,
943,row,logistic_regression,-0.04771206325794788,success,
943,row,doubly_robust,-0.04282685610629409,success,
943,apk_cluster,psm,-0.08397956390840251,success,
943,apk_cluster,logistic_regression,-0.046264741250372575,success,
943,apk_cluster,doubly_robust,-0.04122170938757832,success,
944,row,psm,-0.06470188165948765,success,
944,row,logistic_regression,-0.05642975999798679,success,
944,row,doubly_robust,-0.051753860630569685,success,
944,apk_cluster,psm,-0.0680292729398519,success,
944,apk_cluster,logistic_regression,-0.07406896125408632,success,
944,apk_cluster,doubly_robust,-0.06588740740219484,success,
945,row,psm,-0.07893901609612333,success,
945,row,logistic_regression,-0.07020883102185715,success,
945,row,doubly_robust,-0.06566104119313383,success,
945,apk_cluster,psm,-0.08756656633479973,success,
945,apk_cluster,logistic_regression,-0.0631937395113161,success,
945,apk_cluster,doubly_robust,-0.06155662015130972,success,
946,row,psm,-0.06447517569712083,success,
946,row,logistic_regression,-0.04905039877948826,success,
946,row,doubly_robust,-0.042263234218944096,success,
946,apk_cluster,psm,-0.0885888579886965,success,
946,apk_cluster,logistic_regression,-0.05035509769618833,success,
946,apk_cluster,doubly_robust,-0.04884684833076711,success,
947,row,psm,-0.07853094536386307,success,
947,row,logistic_regression,-0.07349604859806878,success,
947,row,doubly_robust,-0.06898064034791991,success,
947,apk_cluster,psm,-0.10918560169608701,success,
947,apk_cluster,logistic_regression,-0.0852607969929516,success,
947,apk_cluster,doubly_robust,-0.08542113125039598,success,
948,row,psm,-0.07676263885740195,success,
948,row,logistic_regression,-0.05782338399595629,success,
948,row,doubly_robust,-0.05140493603476144,success,
948,apk_cluster,psm,-0.026704728578663843,success,
948,apk_cluster,logistic_regression,-0.05096114833046759,success,
948,apk_cluster,doubly_robust,-0.04369480764015444,success,
949,row,psm,-0.08986624348220358,success,
949,row,logistic_regression,-0.06742923998820546,success,
949,row,doubly_robust,-0.06259189745928709,success,
949,apk_cluster,psm,-0.0634361647180354,success,
949,apk_cluster,logistic_regression,-0.05240751933738457,success,
949,apk_cluster,doubly_robust,-0.04764731457769217,success,
950,row,psm,-0.0455225572432555,success,
950,row,logistic_regression,-0.05573589860184422,success,
950,row,doubly_robust,-0.05165817762886896,success,
950,apk_cluster,psm,-0.10983472575372322,success,
950,apk_cluster,logistic_regression,-0.0796506293572796,success,
950,apk_cluster,doubly_robust,-0.07649840801318096,success,
951,row,psm,-0.06950804806166402,success,
951,row,logistic_regression,-0.0669110008251659,success,
951,row,doubly_robust,-0.06471632469631741,success,
951,apk_cluster,psm,-0.05396075581395349,success,
951,apk_cluster,logistic_regression,-0.06357448361062139,success,
951,apk_cluster,doubly_robust,-0.054573116921867705,success,
952,row,psm,-0.06914531852187712,success,
952,row,logistic_regression,-0.06941467071370051,success,
952,row,doubly_robust,-0.06513261716679956,success,
952,apk_cluster,psm,-0.09459222192959355,success,
952,apk_cluster,logistic_regression,-0.06511095068025606,success,
952,apk_cluster,doubly_robust,-0.05916528490184621,success,
953,row,psm,-0.05508954885513489,success,
953,row,logistic_regression,-0.06665347137984796,success,
953,row,doubly_robust,-0.062114701327348094,success,
953,apk_cluster,psm,-0.04663379567761855,success,
953,apk_cluster,logistic_regression,-0.058389661744871965,success,
953,apk_cluster,doubly_robust,-0.057815662182383924,success,
954,row,psm,-0.06384039900249378,success,
954,row,logistic_regression,-0.05264551614987712,success,
954,row,doubly_robust,-0.046449442724339596,success,
954,apk_cluster,psm,-0.07762412151439582,success,
954,apk_cluster,logistic_regression,-0.07104435010382977,success,
954,apk_cluster,doubly_robust,-0.06415050595880495,success,
955,row,psm,-0.06520063477669463,success,
955,row,logistic_regression,-0.06738809167836186,success,
955,row,doubly_robust,-0.06296335660763763,success,
955,apk_cluster,psm,-0.044097693351424695,success,
955,apk_cluster,logistic_regression,-0.06837330070227529,success,
955,apk_cluster,doubly_robust,-0.06370496032255056,success,
956,row,psm,-0.07884833371117661,success,
956,row,logistic_regression,-0.05209829462702951,success,
956,row,doubly_robust,-0.046667598085962755,success,
956,apk_cluster,psm,-0.0728526924788607,success,
956,apk_cluster,logistic_regression,-0.07337805812814527,success,
956,apk_cluster,doubly_robust,-0.06888677182257398,success,
957,row,psm,-0.0795737927907504,success,
957,row,logistic_regression,-0.07318763554345252,success,
957,row,doubly_robust,-0.07037998980492739,success,
957,apk_cluster,psm,-0.08305517376791675,success,
957,apk_cluster,logistic_regression,-0.05809800178766828,success,
957,apk_cluster,doubly_robust,-0.052233402652778,success,
958,row,psm,-0.053139877578780324,success,
958,row,logistic_regression,-0.06754732212084394,success,
958,row,doubly_robust,-0.06523651389742784,success,
958,apk_cluster,psm,-0.050580171139285875,success,
958,apk_cluster,logistic_regression,-0.06996411756356717,success,
958,apk_cluster,doubly_robust,-0.06472300479906894,success,
959,row,psm,-0.09113579687145772,success,
959,row,logistic_regression,-0.08100331373825129,success,
959,row,doubly_robust,-0.07771663520899404,success,
959,apk_cluster,psm,-0.07321364128473475,success,
959,apk_cluster,logistic_regression,-0.07987859559852985,success,
959,apk_cluster,doubly_robust,-0.07603361289163856,success,
960,row,psm,-0.07993652233053729,success,
960,row,logistic_regression,-0.06445525191416175,success,
960,row,doubly_robust,-0.06026483999714686,success,
960,apk_cluster,psm,-0.0621500084846428,success,
960,apk_cluster,logistic_regression,-0.05008775349785704,success,
960,apk_cluster,doubly_robust,-0.04599163753786929,success,
961,row,psm,-0.07893901609612333,success,
961,row,logistic_regression,-0.06140529277201492,success,
961,row,doubly_robust,-0.056371815060363185,success,
961,apk_cluster,psm,-0.07448871650211565,success,
961,apk_cluster,logistic_regression,-0.07060417277631012,success,
961,apk_cluster,doubly_robust,-0.06486573112496838,success,
962,row,psm,-0.06810247109498979,success,
962,row,logistic_regression,-0.050684155795847056,success,
962,row,doubly_robust,-0.045545934005009364,success,
962,apk_cluster,psm,-0.05165142396815619,success,
962,apk_cluster,logistic_regression,-0.051997563724556335,success,
962,apk_cluster,doubly_robust,-0.050666364741353546,success,
963,row,psm,-0.07318068465200635,success,
963,row,logistic_regression,-0.07170498430132675,success,
963,row,doubly_robust,-0.06813234590997314,success,
963,apk_cluster,psm,-0.0876235049401976,success,
963,apk_cluster,logistic_regression,-0.0629671497191172,success,
963,apk_cluster,doubly_robust,-0.06287088379064942,success,
964,row,psm,-0.06111992745409204,success,
964,row,logistic_regression,-0.067778271231175,success,
964,row,doubly_robust,-0.06390835561540635,success,
964,apk_cluster,psm,-0.07018440243392633,success,
964,apk_cluster,logistic_regression,-0.06336470866790736,success,
964,apk_cluster,doubly_robust,-0.06219827659988156,success,
965,row,psm,-0.04407163908410791,success,
965,row,logistic_regression,-0.055966842735986,success,
965,row,doubly_robust,-0.048265170422631024,success,
965,apk_cluster,psm,-0.06393022523940116,success,
965,apk_cluster,logistic_regression,-0.0466628870986166,success,
965,apk_cluster,doubly_robust,-0.04405696749014344,success,
966,row,psm,-0.022443890274314215,success,
966,row,logistic_regression,-0.06119398860758411,success,
966,row,doubly_robust,-0.057606265740821214,success,
966,apk_cluster,psm,-0.024219461896311925,success,
966,apk_cluster,logistic_regression,-0.06856568010123577,success,
966,apk_cluster,doubly_robust,-0.0656655991565326,success,
967,row,psm,-0.06932668329177058,success,
967,row,logistic_regression,-0.0634110293415395,success,
967,row,doubly_robust,-0.05882063302487105,success,
967,apk_cluster,psm,-0.07419368917208573,success,
967,apk_cluster,logistic_regression,-0.06778977171441383,success,
967,apk_cluster,doubly_robust,-0.06045729988320994,success,
968,row,psm,-0.034867377012015414,success,
968,row,logistic_regression,-0.05963897727240154,success,
968,row,doubly_robust,-0.05387613351813047,success,
968,apk_cluster,psm,-0.08707433836148495,success,
968,apk_cluster,logistic_regression,-0.043129049564792514,success,
968,apk_cluster,doubly_robust,-0.04111379638356697,success,
969,row,psm,-0.0639310813874405,success,
969,row,logistic_regression,-0.06329560140098799,success,
969,row,doubly_robust,-0.05933489672825471,success,
969,apk_cluster,psm,-0.08123331108144193,success,
969,apk_cluster,logistic_regression,-0.06647107393824798,success,
969,apk_cluster,doubly_robust,-0.06232857464957172,success,
970,row,psm,-0.06121060983903877,success,
970,row,logistic_regression,-0.06538598070371825,success,
970,row,doubly_robust,-0.06256177124193905,success,
970,apk_cluster,psm,-0.024126308320028385,success,
970,apk_cluster,logistic_regression,-0.04956191527078404,success,
970,apk_cluster,doubly_robust,-0.043468151431447936,success,
971,row,psm,-0.06533665835411473,success,
971,row,logistic_regression,-0.05728125054210151,success,
971,row,doubly_robust,-0.051199259713786485,success,
971,apk_cluster,psm,-0.04550993625796775,success,
971,apk_cluster,logistic_regression,-0.04958838484628,success,
971,apk_cluster,doubly_robust,-0.04298718897890015,success,
972,row,psm,-0.06683291770573566,success,
972,row,logistic_regression,-0.05024529310819131,success,
972,row,doubly_robust,-0.04473542941985113,success,
972,apk_cluster,psm,-0.07569397427217332,success,
972,apk_cluster,logistic_regression,-0.057197430990971736,success,
972,apk_cluster,doubly_robust,-0.056212306969949194,success,
973,row,psm,-0.07630922693266833,success,
973,row,logistic_regression,-0.05691099143953888,success,
973,row,doubly_robust,-0.05064201818702728,success,
973,apk_cluster,psm,-0.07737817944656665,success,
973,apk_cluster,logistic_regression,-0.06835248725218471,success,
973,apk_cluster,doubly_robust,-0.06921929560264542,success,
974,row,psm,-0.07268193153479936,success,
974,row,logistic_regression,-0.06503729673159828,success,
974,row,doubly_robust,-0.059911498096881205,success,
974,apk_cluster,psm,-0.04274358608215527,success,
974,apk_cluster,logistic_regression,-0.0779412869007772,success,
974,apk_cluster,doubly_robust,-0.07463631457732052,success,
975,row,psm,-0.06334164588528678,success,
975,row,logistic_regression,-0.05812430292145214,success,
975,row,doubly_robust,-0.05443696841445717,success,
975,apk_cluster,psm,-0.07999131944444444,success,
975,apk_cluster,logistic_regression,-0.06423036726730386,success,
975,apk_cluster,doubly_robust,-0.05364263067311901,success,
976,row,psm,-0.08914078440262979,success,
976,row,logistic_regression,-0.074064084973631,success,
976,row,doubly_robust,-0.07020404785152183,success,
976,apk_cluster,psm,-0.09989970784459076,success,
976,apk_cluster,logistic_regression,-0.0641783072138427,success,
976,apk_cluster,doubly_robust,-0.05845473359709658,success,
977,row,psm,-0.08818861936068918,success,
977,row,logistic_regression,-0.06592370936799441,success,
977,row,doubly_robust,-0.06057440996887785,success,
977,apk_cluster,psm,-0.08516409004610796,success,
977,apk_cluster,logistic_regression,-0.0694597246911513,success,
977,apk_cluster,doubly_robust,-0.06745963472430844,success,
978,row,psm,-0.044343686238948084,success,
978,row,logistic_regression,-0.06380068270583264,success,
978,row,doubly_robust,-0.0606190093544733,success,
978,apk_cluster,psm,-0.060167005190701874,success,
978,apk_cluster,logistic_regression,-0.05165089954305925,success,
978,apk_cluster,doubly_robust,-0.04564589948371885,success,
979,row,psm,-0.07594649739288144,success,
979,row,logistic_regression,-0.060359655521000755,success,
979,row,doubly_robust,-0.05526359953135786,success,
979,apk_cluster,psm,-0.0605533244087461,success,
979,apk_cluster,logistic_regression,-0.05197759203667996,success,
979,apk_cluster,doubly_robust,-0.04697732926936123,success,
980,row,psm,-0.08261165268646567,success,
980,row,logistic_regression,-0.05893962514851153,success,
980,row,doubly_robust,-0.05360558787154231,success,
980,apk_cluster,psm,-0.08672430181505454,success,
980,apk_cluster,logistic_regression,-0.04910603852857187,success,
980,apk_cluster,doubly_robust,-0.04018257119811962,success,
981,row,psm,-0.08642031285422806,success,
981,row,logistic_regression,-0.06653690799871961,success,
981,row,doubly_robust,-0.062367379358614604,success,
981,apk_cluster,psm,0.0005948567767914341,success,
981,apk_cluster,logistic_regression,-0.061482170625995425,success,
981,apk_cluster,doubly_robust,-0.05369133612288635,success,
982,row,psm,-0.06665155293584221,success,
982,row,logistic_regression,-0.06986873554415954,success,
982,row,doubly_robust,-0.06650183099112428,success,
982,apk_cluster,psm,-0.05963283030224859,success,
982,apk_cluster,logistic_regression,-0.06453867961524065,success,
982,apk_cluster,doubly_robust,-0.06422709496885115,success,
983,row,psm,-0.07513035592836093,success,
983,row,logistic_regression,-0.05629349332972245,success,
983,row,doubly_robust,-0.05008233300817768,success,
983,apk_cluster,psm,-0.07648333410170116,success,
983,apk_cluster,logistic_regression,-0.06197761293831911,success,
983,apk_cluster,doubly_robust,-0.06071235770660983,success,
984,row,psm,-0.04139650872817955,success,
984,row,logistic_regression,-0.060056983155940706,success,
984,row,doubly_robust,-0.05581478102339286,success,
984,apk_cluster,psm,-0.0741398143091207,success,
984,apk_cluster,logistic_regression,-0.06345913108851321,success,
984,apk_cluster,doubly_robust,-0.0620584934923241,success,
985,row,psm,-0.033280435275447745,success,
985,row,logistic_regression,-0.06306336113960975,success,
985,row,doubly_robust,-0.05838841928604965,success,
985,apk_cluster,psm,-0.07291059825229666,success,
985,apk_cluster,logistic_regression,-0.06757256421522312,success,
985,apk_cluster,doubly_robust,-0.0651407738455134,success,
986,row,psm,-0.09213330310587167,success,
986,row,logistic_regression,-0.07190179010587847,success,
986,row,doubly_robust,-0.067598571831664,success,
986,apk_cluster,psm,-0.04126743616025669,success,
986,apk_cluster,logistic_regression,-0.04068057573636975,success,
986,apk_cluster,doubly_robust,-0.0411422102760658,success,
987,row,psm,-0.07567445023804124,success,
987,row,logistic_regression,-0.06880438887729935,success,
987,row,doubly_robust,-0.06462946962564425,success,
987,apk_cluster,psm,-0.05914789126782406,success,
987,apk_cluster,logistic_regression,-0.0751218761148686,success,
987,apk_cluster,doubly_robust,-0.06795258316780121,success,
988,row,psm,-0.06465654046701429,success,
988,row,logistic_regression,-0.07557214552856771,success,
988,row,doubly_robust,-0.07171042965578925,success,
988,apk_cluster,psm,-0.05945532985799029,success,
988,apk_cluster,logistic_regression,-0.06779634809995602,success,
988,apk_cluster,doubly_robust,-0.06654406494188542,success,
989,row,psm,-0.06547268193153478,success,
989,row,logistic_regression,-0.06140805019785175,success,
989,row,doubly_robust,-0.05627430400288521,success,
989,apk_cluster,psm,-0.11456164444247552,success,
989,apk_cluster,logistic_regression,-0.08595264993866693,success,
989,apk_cluster,doubly_robust,-0.07499628483649118,success,
990,row,psm,-0.03364316481523463,success,
990,row,logistic_regression,-0.044867893254040996,success,
990,row,doubly_robust,-0.04034679558370095,success,
990,apk_cluster,psm,-0.06785500987733725,success,
990,apk_cluster,logistic_regression,-0.047273736676775875,success,
990,apk_cluster,doubly_robust,-0.04182557553230825,success,
991,row,psm,-0.04307413284969395,success,
991,row,logistic_regression,-0.040363034609420013,success,
991,row,doubly_robust,-0.03358236781608443,success,
991,apk_cluster,psm,-0.056890991184691465,success,
991,apk_cluster,logistic_regression,-0.054484831986708816,success,
991,apk_cluster,doubly_robust,-0.0527386044533844,success,
992,row,psm,-0.05894355021537066,success,
992,row,logistic_regression,-0.057508713598376476,success,
992,row,doubly_robust,-0.052084423137917675,success,
992,apk_cluster,psm,-0.10799060951221633,success,
992,apk_cluster,logistic_regression,-0.057341182266219974,success,
992,apk_cluster,doubly_robust,-0.04999413281691044,success,
993,row,psm,-0.08927680798004987,success,
993,row,logistic_regression,-0.0582941850590041,success,
993,row,doubly_robust,-0.05301175659682916,success,
993,apk_cluster,psm,-0.10044797487646054,success,
993,apk_cluster,logistic_regression,-0.06668061799523987,success,
993,apk_cluster,doubly_robust,-0.06580024537769412,success,
994,row,psm,-0.07522103831330765,success,
994,row,logistic_regression,-0.059550267076851016,success,
994,row,doubly_robust,-0.05397410559290107,success,
994,apk_cluster,psm,-0.059206851610500835,success,
994,apk_cluster,logistic_regression,-0.06996968785273733,success,
994,apk_cluster,doubly_robust,-0.06797953854015067,success,
995,row,psm,-0.03867603717977783,success,
995,row,logistic_regression,-0.04174877280954403,success,
995,row,doubly_robust,-0.03764824199612886,success,
995,apk_cluster,psm,-0.06512614523626845,success,
995,apk_cluster,logistic_regression,-0.06386866836939782,success,
995,apk_cluster,doubly_robust,-0.05627090535154509,success,
996,row,psm,-0.10423940149625935,success,
996,row,logistic_regression,-0.07279652739824695,success,
996,row,doubly_robust,-0.06789015842405449,success,
996,apk_cluster,psm,-0.06567124145022128,success,
996,apk_cluster,logistic_regression,-0.06465080848347207,success,
996,apk_cluster,doubly_robust,-0.06138225017327793,success,
997,row,psm,-0.05944230333257765,success,
997,row,logistic_regression,-0.05246328909133064,success,
997,row,doubly_robust,-0.04565915273481481,success,
997,apk_cluster,psm,-0.026759634410628473,success,
997,apk_cluster,logistic_regression,-0.04488113343140342,success,
997,apk_cluster,doubly_robust,-0.04439892504633547,success,
998,row,psm,-0.055678984357288595,success,
998,row,logistic_regression,-0.06854819586305434,success,
998,row,doubly_robust,-0.0629688110774896,success,
998,apk_cluster,psm,-0.03840382631529588,success,
998,apk_cluster,logistic_regression,-0.0625859092795697,success,
998,apk_cluster,doubly_robust,-0.05590332660637408,success,
999,row,psm,-0.05191566538199955,success,
999,row,logistic_regression,-0.06629972933345397,success,
999,row,doubly_robust,-0.06168307610600414,success,
999,apk_cluster,psm,-0.10364506627393226,success,
999,apk_cluster,logistic_regression,-0.04569668700300746,success,
999,apk_cluster,doubly_robust,-0.04515970879706829,success,
