library_type,apk_id,popularity_values,n_popularity_values,bootstrap_stratum,n_policy_expanded_rows
Android,ch.gooods::358,1,1,popularity_1,5
Android,com.appworkout.fitbutler.demo::1277,1,1,popularity_1,18
Android,com.avempace.smaart.doorphone::7365,1,1,popularity_1,17
Android,com.cta.liquorestorehash::46,1,1,popularity_1,44
Android,com.digion.dixim.security.app::4,1,1,popularity_1,18
Android,com.eduven.cg.norway::10,1,1,popularity_1,21
Android,com.ensivosolutions.studyflix::6,1,1,popularity_1,9
Android,com.foodbooking.heatcafedubai::4433,1,1,popularity_1,13
Android,com.nani_wellness::13,1,1,popularity_1,8
Android,com.nupuit.ncid::10,1,1,popularity_1,122
Android,com.omning.omniboard.lck1203::31,1,1,popularity_1,16
Android,com.subsplash.thechurchapp.s_5B3SBT::2290,1,1,popularity_1,9
Android,com.vidmo.freedownloader::7,1,1,popularity_1,17
Android,es.bandomovil.serrejon.informa::12,1,1,popularity_1,12
Android,es.bandomovil.villahermosadelrio.informa::13,1,1,popularity_1,12
Android,es.cgb.voluntariadosalamanca::6,1,1,popularity_1,9
Android,es.tpc.matchpoint.appclient.costaricatennisclub::81,1,1,popularity_1,27
Android,gr.activesolutions.dispatch::17,1,1,popularity_1,8
Android,radfan.yemoney::567,1,1,popularity_1,17
Android,ru.domopult.sajva.android::894,1,1,popularity_1,10
Android,au.com.console.tenant::11563,7,1,popularity_7,3
Android,com.androidfin.STFCUnoPackage::118,7,1,popularity_7,21
Android,com.appwalied.quran::41,7,1,popularity_7,19
Android,com.arppha::375,7,1,popularity_7,15
Android,com.byappsc.shehj::266,7,1,popularity_7,24
Android,com.etoos.app.wm::10131,7,1,popularity_7,14
Android,com.ihad.ptt::40762,7,1,popularity_7,24
Android,com.ilib.stepbystepsalah::6,7,1,popularity_7,17
Android,com.jehutyno.yomikata::65,7,1,popularity_7,18
Android,com.madarsoft.alsonan::10018,7,1,popularity_7,20
Android,com.msf.ket::72,7,1,popularity_7,10
Android,com.sagamill.stocksalerter::44,7,1,popularity_7,25
Android,com.wovibe.hotplayer::9,7,1,popularity_7,13
Android,dk.mochsoft.vnc::26,7,1,popularity_7,18
Android,eu.tresfactory.lupaalertemasina::580,7,1,popularity_7,6
Android,id.code.wings::1300022,7,1,popularity_7,10
Android,me.voicemap.android::1062,7,1,popularity_7,13
Android,br.com.originalsoftware.taxifonecliente.teleTaxiSalvador::3665,5,1,popularity_5,9
Android,com.appg.bankdiary.client::11,5,1,popularity_5,17
Android,com.homecu.bwuccu::2097,5,1,popularity_5,5
Android,com.imzhiqiang.period::10701,5,1,popularity_5,8
Android,com.locatify.guide.bslauschtour::979,5,1,popularity_5,18
Android,com.magazinecloner.hotenglish::2034071301,5,1,popularity_5,16
Android,com.mysiteanalytics.msa::116,5,1,popularity_5,7
Android,com.newlinks.intercomclient::43,5,1,popularity_5,3
Android,com.oustme.gsf::710,5,1,popularity_5,74
Android,com.proapps.sword.sounds::1001,5,1,popularity_5,15
Android,com.simplexi.messenger::2021020104,5,1,popularity_5,22
Android,com.tegut.tbox::2000000542,5,1,popularity_5,8
Android,com.urvas.marathistatus::3,5,1,popularity_5,16
Android,jp.gomisuke.app.Gomisuke0003::12,5,1,popularity_5,10
Android,li.yapp.app69E42EC1::13,5,1,popularity_5,3
Android,net.mohadaratdiniya.fatawa.ibnuthaymeen::1002,5,1,popularity_5,16
Android,quran.tilawatequran.mahermaaiqli::1001,5,1,popularity_5,14
Android,so.ateya.ahmed.Lagna_Daamah::4,5,1,popularity_5,65
Android,sukron.com.animal::8,5,1,popularity_5,2
Android,com.angel.world.clock::14,9,1,popularity_9,23
Android,com.app.sefamerve::172,9,1,popularity_9,4
Android,com.astroid.yodha::45840004,9,1,popularity_9,14
Android,com.bhima.filterfocusname::57,9,1,popularity_9,13
Android,com.brother.ptouch.iprintandlabel::131,9,1,popularity_9,6
Android,com.buscounchollo::552,9,1,popularity_9,14
Android,com.czw.freefit::797,9,1,popularity_9,15
Android,com.daily.holybiblelite::125,9,1,popularity_9,37
Android,com.fourksoft.openvpn::407,9,1,popularity_9,30
Android,com.hunkemoller::2791,9,1,popularity_9,55
Android,com.igg.android.clashoflords2it::1000260,9,1,popularity_9,33
Android,com.ihuaj.gamecc.global::143,9,1,popularity_9,24
Android,com.nudi.bkn.sapk::82,9,1,popularity_9,7
Android,com.offline.poetry::202,9,1,popularity_9,21
Android,com.photoslideshow.birthdayvideomaker::32,9,1,popularity_9,12
Android,com.rewardstyle.liketoknowit::10640,9,1,popularity_9,27
Android,com.teegloyalty.timezone::245,9,1,popularity_9,13
Android,com.tempnumber.Temp_Number.Temp_Number::69,9,1,popularity_9,18
Android,controllers.marham.marhammed::481,9,1,popularity_9,9
Android,de.danoeh.antennapod::3080095,9,1,popularity_9,13
Android,es.ottplayer.tv::16842877,9,1,popularity_9,6
Android,fr.lapostemobile.appliclient::61,9,1,popularity_9,5
Android,net.fetnet.fetvod::937,9,1,popularity_9,51
Android,original.alarm.clock::66,9,1,popularity_9,25
Android,pt.iol.tviplayer.android::314,9,1,popularity_9,35
Android,ch.cern.cernbox::43000100,3,1,popularity_3,13
Android,cn.com.tiro.virtualremote::113,3,1,popularity_3,26
Android,com.Jupet.coloringfootballlogos::1,3,1,popularity_3,17
Android,com.asis.petechmobil::19,3,1,popularity_3,54
Android,com.bfi.rca.gabon::2,3,1,popularity_3,21
Android,com.biosys.tdcheck::13,3,1,popularity_3,6
Android,com.caftrade.app::22091910,3,1,popularity_3,15
Android,com.calculos.laborales::60,3,1,popularity_3,14
Android,com.couponapp2.chain.tac15031::6080,3,1,popularity_3,11
Android,com.etms.employee::15,3,1,popularity_3,9
Android,com.foodbooking.nizamat::5741,3,1,popularity_3,14
Android,com.horairesprierefrance.frenchprayertimes::18,3,1,popularity_3,12
Android,com.magzter.atlastarih::806,3,1,popularity_3,6
Android,com.meuradinho.radio14415::561,3,1,popularity_3,23
Android,com.onefitstop.fitnesstimefl::6,3,1,popularity_3,13
Android,com.sadanimewallpaper.masmasstudio::6,3,1,popularity_3,17
Android,com.sanaedutech.accounts_auditing::234,3,1,popularity_3,16
Android,com.sejood.elsahw::1005,3,1,popularity_3,17
Android,com.siamtele.user::94,3,1,popularity_3,15
Android,com.subsplash.thechurchapp.s_TP3JNC::2291,3,1,popularity_3,9
Android,com.two.ukcitizenship::10,3,1,popularity_3,26
Android,com.ymaa.waterstyle::6,3,1,popularity_3,9
Android,it.taxrefund.taxrefund::9,3,1,popularity_3,22
Android,lb.android.pillcontrol::13,3,1,popularity_3,8
Android,parentsalarm.green.valley.international.school.pusa.samastipur.bihar::2,3,1,popularity_3,5
Android,ua.radio.gsmboom::168,3,1,popularity_3,25
Android,br.com.movibrasil.taxi.drivermachine::915,2,1,popularity_2,12
Android,com.app.user.sureEcosystem::51,2,1,popularity_2,5
Android,com.fnoex.fan.uncbears::20001548,2,1,popularity_2,17
Android,com.keywee.shipping.shipitto::29,2,1,popularity_2,14
Android,com.mappytom.manager_app::63,2,1,popularity_2,5
Android,com.marchas.semana_santa::3,2,1,popularity_2,23
Android,com.netpulse.mobile.fysiozorgrijssen::106,2,1,popularity_2,39
Android,com.rootekstudio.repeatsandroid::2080013,2,1,popularity_2,12
Android,com.social.ekchat::78,2,1,popularity_2,23
Android,com.socorroec.smartapps::626,2,1,popularity_2,56
Android,com.subsplash.thechurchapp.tricitiesbaptistchurch::2290,2,1,popularity_2,9
Android,com.tenapps.allindianews::7,2,1,popularity_2,20
Android,com.teramatrix.vos::60,2,1,popularity_2,11
Android,hl.weightloss.fitness.calories.counter.diet.plan::6,2,1,popularity_2,16
Android,nl.mijnbezorgapp.kid_85::84,2,1,popularity_2,21
Android,ru.navikey.airlayobjectcollector::409,2,1,popularity_2,2
Android,stereo.grandeza::5,2,1,popularity_2,132
Android,com.bekids.gogotown.unicorns::144,8,1,popularity_8,10
Android,com.bmw.ConnectedRide::551010,8,1,popularity_8,19
Android,com.callhistory.contacts.calllog::86,8,1,popularity_8,23
Android,com.danale.video::10199,8,1,popularity_8,45
Android,com.discipleskies.gpsreset::42,8,1,popularity_8,7
Android,com.ecs.roboshadow::3601,8,1,popularity_8,9
Android,com.etoos.india.app::200,8,1,popularity_8,45
Android,com.findpenguins.app::436,8,1,popularity_8,7
Android,com.house.jjs::596,8,1,popularity_8,40
Android,com.infinityapps.gps.location.navigation.route.maps::40,8,1,popularity_8,18
Android,com.keiind.connect::62,8,1,popularity_8,14
Android,com.mpayapp::194,8,1,popularity_8,23
Android,com.peachlive.android::28,8,1,popularity_8,20
Android,com.photomath.mathsolver::12,8,1,popularity_8,10
Android,com.pixsterstudio.captions::38,8,1,popularity_8,12
Android,com.pocketgroup.pocketpay::340,8,1,popularity_8,27
Android,com.prompt.ma.maapplicationfinalAmul::50,8,1,popularity_8,22
Android,com.questalliance.myquest::101,8,1,popularity_8,21
Android,com.rtve.mas24::87,8,1,popularity_8,16
Android,com.x2line.android.milkybaby::26144281,8,1,popularity_8,26
Android,de.rooehler.bikecomputer::262,8,1,popularity_8,23
Android,org.chennaimetrorail.appv1::161,8,1,popularity_8,19
Android,pt.sapo.android.cloudpt::120,8,1,popularity_8,30
Android,ru.appkode.mozen::678,8,1,popularity_8,12
Android,ru.tutu.tutu_bus::48000,8,1,popularity_8,24
Android,smf.kupiavto::810,8,1,popularity_8,13
Android,systems.altura.aclient.cnel::1280,8,1,popularity_8,16
Android,volume.bass.virtrualizer.equalizer.sound.effect::7,8,1,popularity_8,13
Android,au.com.idfish.app::68,6,1,popularity_6,14
Android,com.app.radiojibi::23,6,1,popularity_6,18
Android,com.arvin.applemessagepro::30,6,1,popularity_6,9
Android,com.craftsilicon.wazalendo::33,6,1,popularity_6,2
Android,com.emlaksitem.android::423,6,1,popularity_6,34
Android,com.getjoydev.ghanaradios::19,6,1,popularity_6,23
Android,com.goder.busquerysystembeta::587,6,1,popularity_6,88
Android,com.golfboxdk::238,6,1,popularity_6,16
Android,com.klinqq.app::59,6,1,popularity_6,13
Android,com.makeshop.powerapp.lusida::10001,6,1,popularity_6,5
Android,com.manhajona.OmarAbdelkafy::1005,6,1,popularity_6,14
Android,com.messages.chattext::14,6,1,popularity_6,9
Android,com.minimiew.kamkomsawaddee::9,6,1,popularity_6,11
Android,com.qgroupmedia.qnews::9,6,1,popularity_6,10
Android,com.rsudalihsan.mobile::36,6,1,popularity_6,4
Android,com.safeme.calculator::50,6,1,popularity_6,29
Android,com.shootwords.main::91,6,1,popularity_6,53
Android,com.speechtotext.voicetyping.alllanguages.converter.notes::9,6,1,popularity_6,19
Android,ges.com.antalyasmartcity::61,6,1,popularity_6,2
Android,pl.onet.onetaudio::5619,6,1,popularity_6,4
Android,smartcoder.click_tv::133,6,1,popularity_6,50
Android,tamil.manthirangal::9,6,1,popularity_6,39
Android,aplus.droitfiscal::37,4,1,popularity_4,11
Android,co.dudo.podcastvn::28,4,1,popularity_4,22
Android,com.AwamiSolution.flipimagemirrorimage::13,4,1,popularity_4,13
Android,com.coverforyou.app::25,4,1,popularity_4,11
Android,com.crn.skesh::131,4,1,popularity_4,18
Android,com.ctappstudio.imdoodle::23,4,1,popularity_4,21
Android,com.delivery.asiaExpress::245,4,1,popularity_4,29
Android,com.djfoxstudio.drawtoolbox::66,4,1,popularity_4,12
Android,com.dragoma.frko::229,4,1,popularity_4,24
Android,com.eco.tour::47,4,1,popularity_4,9
Android,com.fox.foxfast.universal::434,4,1,popularity_4,39
Android,com.gpsmycity.android.u134::55,4,1,popularity_4,10
Android,com.hellothupten.lametro::20210802,4,1,popularity_4,13
Android,com.landl.gzbus::42,4,1,popularity_4,4
Android,com.learnateso.learn_ateso::40,4,1,popularity_4,15
Android,com.lekseek.aptekarzInterakcje::134,4,1,popularity_4,12
Android,com.multiestetica.companies::112,4,1,popularity_4,12
Android,com.mysalesforce.mycommunity.C00D2p000000UXa9EAG.A0OT2p000000KyjHGAS.app1::111200000,4,1,popularity_4,16
Android,com.netpulse.mobile.maxxfitnessclubzz::139,4,1,popularity_4,40
Android,com.online.quiz::10,4,1,popularity_4,16
Android,com.pragma.scientistsinventionsanddiscoveries::5,4,1,popularity_4,29
Android,in.myinnos.batteryinfopro::50,4,1,popularity_4,22
Android,shah.jinraag::5,4,1,popularity_4,11
Android,so.ateya.ahmed.Akedah_Wastyah_Lib_BT::7,4,1,popularity_4,75
Android,all.language.translator.hub.malayalamtosamoantranslator::1,0,1,popularity_0,23
Android,aplus.strafrecht::37,0,1,popularity_0,11
Android,co.massmobileapps.porkmafia::3,0,1,popularity_0,124
Android,com.app.radioelsalvador::2,0,1,popularity_0,14
Android,com.blossomsazz.app::1,0,1,popularity_0,25
Android,com.chownow.communitylanes::139,0,1,popularity_0,20
Android,com.clavax.fence_alarm::8,0,1,popularity_0,21
Android,com.cofox.kahunas.TheLabMethod::210,0,1,popularity_0,20
Android,com.divy.englishtolithuanian::26,0,1,popularity_0,11
Android,com.emcan.ahmedsharifapp::15,0,1,popularity_0,8
Android,com.foodbooking.plazamerengue::5469,0,1,popularity_0,14
Android,com.foodbooking.popeheaven::5397,0,1,popularity_0,14
Android,com.mohit.ingenium.tca639::157,0,1,popularity_0,20
Android,com.nupuit.agpc::5,0,1,popularity_0,468
Android,com.pegasustech.smartstores::10,0,1,popularity_0,38
Android,com.phinion.gcepluselearning::2,0,1,popularity_0,7
Android,com.questblue.sipblue2::5,0,1,popularity_0,11
Android,com.rsmnm.driver::26,0,1,popularity_0,20
Android,com.schoolmatenuvo.pierrepaul::100,0,1,popularity_0,10
Android,com.sekaku.williamxia.tmix164::11,0,1,popularity_0,4
Android,com.taximo.dispatch::11,0,1,popularity_0,63
Android,com.tfi.eventapp::121,0,1,popularity_0,51
Android,com.yardi.systems.rentcafe.resident.thomassafran.astra::2,0,1,popularity_0,10
Android,hu.tell.tellmonapp::22,0,1,popularity_0,2
Android,net.wdsvlc.usa_radio_chicago_illinois_united_states::24,0,1,popularity_0,17
Android,radio.eclipse8::1,0,1,popularity_0,43
Android,translateapp.chinese.english::1,0,1,popularity_0,23
Android,appinventor.ai_mmfrutos7878.Ancleaner::188,10,1,popularity_10,55
Android,com.AppRocks.now.prayer::907,10,1,popularity_10,31
Android,com.Seabaa.Dual::1514,10,1,popularity_10,11
Android,com.aryservices.arynews.en::80970,10,1,popularity_10,23
Android,com.beki.live::50,10,1,popularity_10,85
Android,com.bigfishgames.gummydropgoogle::51803001,10,1,popularity_10,30
Android,com.chase.sig.android::464474918,10,1,popularity_10,21
Android,com.cosima.ryt3mus::508,10,1,popularity_10,5
Android,com.cutestudio.led.color.sms::244,10,1,popularity_10,15
Android,com.erudite.translator::86,10,1,popularity_10,49
Android,com.free.neo.vpn::77761,10,1,popularity_10,20
Android,com.gameloft.android.ANMP.GloftIVHM::21401,10,1,popularity_10,90
Android,com.jeremysteckling.facerrel::1111820,10,1,popularity_10,17
Android,com.koreanair.passenger::608,10,1,popularity_10,30
Android,com.lightinthebox.android::88602,10,1,popularity_10,53
Android,com.ncloudtech.cloudoffice::2915035,10,1,popularity_10,27
Android,com.nhn.android.navertv::1091500,10,1,popularity_10,26
Android,com.photovideo.slideshowmaker.makerslideshow::151,10,1,popularity_10,19
Android,com.sgk.eganna.in::59,10,1,popularity_10,10
Android,com.tmobile.vvm.application::784457,10,1,popularity_10,8
Android,com.tmobtech.halkbank::5221,10,1,popularity_10,24
Android,com.vpnoneclick.android::315,10,1,popularity_10,22
Android,com.wachanga.pregnancy::400269,10,1,popularity_10,77
Android,imagetopdf.pdfconverter.jpgtopdf.pdfeditor::80,10,1,popularity_10,27
Android,in.mylo.pregnancy.baby.app::10703,10,1,popularity_10,55
Android,in.vineetsirohi.customwidget::319,10,1,popularity_10,15
Android,jp.gocro.smartnews.android::884,10,1,popularity_10,44
Android,jp.happyon.android::300002717,10,1,popularity_10,28
Android,musicdownloader.monster.videodownloader::24,10,1,popularity_10,27
Android,tv.remote.control.firetv::1153,10,1,popularity_10,12
Android,vidstatus.com::30,10,1,popularity_10,28
Android,com.agiliron::5,1,1,popularity_1,2
Android,com.aiobhd.statussaver::3,1,1,popularity_1,11
Android,com.ali.pashtodictionary.apps::320,1,1,popularity_1,10
Android,com.apptegy.iberia::23,1,1,popularity_1,2
Android,com.ec.kimersoft.secureapp::40,1,1,popularity_1,2
Android,com.geliossoft.gruzolot_dispatcher::1,1,1,popularity_1,1
Android,com.monbuilding.app.noecampus::3422,1,1,popularity_1,3
Android,com.nikssoftware.photorecover::3,1,1,popularity_1,12
Android,com.nitesh.copaiti::3,1,1,popularity_1,7
Android,com.nutechmobile.datenite::9,1,1,popularity_1,6
Android,com.onlister.guidancekoyilandy::9,1,1,popularity_1,3
Android,com.pixipine.jalees::17,1,1,popularity_1,6
Android,com.radioco.mf7481ea08::11,1,1,popularity_1,3
Android,com.rpn.erfahislamicvoice::10,1,1,popularity_1,15
Android,com.swapcard.apps.android.lngamericas2021::9000635,1,1,popularity_1,8
Android,com.trainerize.sustainablechangeltd::837000,1,1,popularity_1,5
Android,com.universlsoftware.germancalendar::3,1,1,popularity_1,7
Android,com.wook.market::12,1,1,popularity_1,6
Android,com.ztcx.ai::7,1,1,popularity_1,12
Android,de.appack.project.tbruit::1,1,1,popularity_1,4
Android,ie.flipdish.fd18090::81467,1,1,popularity_1,5
Android,ie.flipdish.fd3678::52777,1,1,popularity_1,6
Android,io.github.withlet11.skyclock::11,1,1,popularity_1,9
Android,mobile.en.com.educationalnetworksmobile.wheeler::15,1,1,popularity_1,11
Android,nl.oosternijkerk::12,1,1,popularity_1,6
Android,ru.rubeg38.technicianmobile::35,1,1,popularity_1,4
Android,articulate.industrial.skill::25,7,1,popularity_7,7
Android,at.oamtc.cityguide::30700003,7,1,popularity_7,7
Android,biblia.de.estudio.reina.valera::10,7,1,popularity_7,9
Android,com.app4joy.libya_free::462,7,1,popularity_7,4
Android,com.applocklite.fingerprint::8,7,1,popularity_7,6
Android,com.autocab.driverapp::9930,7,1,popularity_7,7
Android,com.barasan.cookiekingdomcode::51,7,1,popularity_7,14
Android,com.blognawa.radio::53,7,1,popularity_7,7
Android,com.bosch.boschlevellingremoteapp::153,7,1,popularity_7,2
Android,com.dacappsdev.goodnight::21,7,1,popularity_7,13
Android,com.dylan.gamepad.pro::155,7,1,popularity_7,12
Android,com.ezp.tattoo::126,7,1,popularity_7,13
Android,com.frontphoto.gallery::20,7,1,popularity_7,7
Android,com.g4app::165,7,1,popularity_7,20
Android,com.geoactio.avanzalargorecorrido::18,7,1,popularity_7,11
Android,com.getwheelsapp.wheels::2181,7,1,popularity_7,7
Android,com.gpsroutefinder.appbuzmaps::16,7,1,popularity_7,12
Android,com.haastgames.manastoria::188,7,1,popularity_7,12
Android,com.mobincube.draw_car_muscle.sc_HGDI7G::20,7,1,popularity_7,21
Android,com.musatech.digiscale::20,7,1,popularity_7,9
Android,com.myhealthsphere.challenger::85003070,7,1,popularity_7,9
Android,com.nobexinc.wls_66087017.rc::507006,7,1,popularity_7,20
Android,com.redbull.wingsforlifeworldrun::90000201,7,1,popularity_7,12
Android,com.taw9el.couponredeem::5,7,1,popularity_7,1
Android,com.xhlab.alarmob::236,7,1,popularity_7,15
Android,cz.gov.edoklady::2503251,7,1,popularity_7,2
Android,dosimi.subway::125,7,1,popularity_7,11
Android,idea.online_backgammon::96,7,1,popularity_7,11
Android,kr.co.seoulgas.cash::137,7,1,popularity_7,16
Android,loudringtones.tonosfuertesparaelmovil::8,7,1,popularity_7,9
Android,net.chat.app2::117,7,1,popularity_7,14
Android,rcglobal.android.kiha::109,7,1,popularity_7,6
Android,ru.atomsbt.mobile::91,7,1,popularity_7,6
Android,videochat.livevideocall.randomvideocall.livechat::45,7,1,popularity_7,15
Android,com.a7afidi.hidden::23,5,1,popularity_5,13
Android,com.appsamimanera.calendarioportugues::8,5,1,popularity_5,11
Android,com.arashpayan.prayerbook::23,5,1,popularity_5,2
Android,com.blueappsllc.bomdia::1,5,1,popularity_5,22
Android,com.dabdeveloper.moviedb.android::35,5,1,popularity_5,11
Android,com.darkmodeapps.coverletter::4,5,1,popularity_5,13
Android,com.david.mybaby::150,5,1,popularity_5,17
Android,com.enctech.sleeptracker::58,5,1,popularity_5,19
Android,com.engagement.ringsdesign::18,5,1,popularity_5,14
Android,com.filter.camera.ccd.cam1998::12,5,1,popularity_5,37
Android,com.greatcatholicmusic.app::12,5,1,popularity_5,8
Android,com.knockonly.marathi.marathisuvichar::8,5,1,popularity_5,8
Android,com.mobtech.ambition::23,5,1,popularity_5,13
Android,com.pccomputer.udhar_khata_book::10,5,1,popularity_5,16
Android,com.ribotask.sense::67,5,1,popularity_5,9
Android,com.rinfo.android.notepad::82,5,1,popularity_5,8
Android,com.sonidos.chilenos::6,5,1,popularity_5,14
Android,com.voicerecorder.recording.audiorecorder::21,5,1,popularity_5,18
Android,com.walid.appmuslim::14,5,1,popularity_5,3
Android,com.xdevel.radiomargherita::3002000,5,1,popularity_5,14
Android,jp.co.a_tm.android.plus_autumn_color::1000,5,1,popularity_5,2
Android,kr.co.echeck.smu::20301,5,1,popularity_5,3
Android,robo.forrest.fairy.sword.tree.tower.craft::7,5,1,popularity_5,8
Android,ru.amigo.app::46,5,1,popularity_5,7
Android,uk.co.image_plus.propertyinvestor::39,5,1,popularity_5,6
Android,arproductions.andrew.worklog::73,9,1,popularity_9,6
Android,br.lgfelicio::9268,9,1,popularity_9,16
Android,chat.amor::110,9,1,popularity_9,4
Android,com.aplicativoslegais.topstickers::49,9,1,popularity_9,31
Android,com.appg.ebridge::209411,9,1,popularity_9,6
Android,com.awabe.learnenglish::60,9,1,popularity_9,12
Android,com.balintinfotech.myphotokeyboard::4,9,1,popularity_9,9
Android,com.channelnewsasia::233,9,1,popularity_9,16
Android,com.charging.fun::119,9,1,popularity_9,7
Android,com.clogica.smartvideoeditor::18,9,1,popularity_9,9
Android,com.ecoatm.ecoapp.android::87,9,1,popularity_9,2
Android,com.evansir.runicformulas::141,9,1,popularity_9,14
Android,com.fanstudio.lienkhucnhacvang.nhactrutinh::22,9,1,popularity_9,17
Android,com.gps.maps.livesatellite.navigation.routefinder::92,9,1,popularity_9,5
Android,com.hilokal::266,9,1,popularity_9,10
Android,com.indyzalab.transitia::430,9,1,popularity_9,8
Android,com.jksol.voicerecodeing::945,9,1,popularity_9,37
Android,com.liogaming.dlskits::8,9,1,popularity_9,14
Android,com.polydice.icook::96360,9,1,popularity_9,21
Android,de.elfsoft.bestbrokers::81,9,1,popularity_9,12
Android,it.creaweb.ucicinemas::61,9,1,popularity_9,6
Android,my.Frank::538,9,1,popularity_9,19
Android,pt.cp.mobiapp::285,9,1,popularity_9,7
Android,sportsguru.ipl.cricket.expert::10,9,1,popularity_9,5
Android,andreasagap.ktelmakedonia::38,3,1,popularity_3,5
Android,chat.butler.panel::88,3,1,popularity_3,3
Android,com.Citron.petersapp::5,3,1,popularity_3,3
Android,com.androidappsworldmx.kissfmespana::20230326,3,1,popularity_3,3
Android,com.blackstar.apps.teammanager::15,3,1,popularity_3,6
Android,com.excelatlife.moodlog::240010001,3,1,popularity_3,13
Android,com.gcart.android.tokojsfashion::10,3,1,popularity_3,5
Android,com.justlogin.newkiosk::40,3,1,popularity_3,5
Android,com.mamastudio.banglaquiz::6,3,1,popularity_3,13
Android,com.netizensconnect.student::4,3,1,popularity_3,6
Android,com.olo.skrimpshack::11474,3,1,popularity_3,1
Android,com.shuvic.alumni.sungnamob::18,3,1,popularity_3,3
Android,com.tagalog.opm.lovesongs::7,3,1,popularity_3,4
Android,com.technogym.mywellness.indooraction::16,3,1,popularity_3,5
Android,com.umnico.android::1054,3,1,popularity_3,6
Android,com.walking.fun.rewards.fitness.fitzu::77,3,1,popularity_3,11
Android,com.weblogy.acotonou.com::20,3,1,popularity_3,9
Android,com.winterfelltech.belarusian.keyboard::5,3,1,popularity_3,14
Android,com.zoop.caparao::107,3,1,popularity_3,2
Android,sparking.photodialer.floatingdialer.neonphotodialer.lions.llc::4,3,1,popularity_3,5
Android,all.language.translator.hub.bengalitourdutranslator::48,2,1,popularity_2,5
Android,app.madamarket.android::6,2,1,popularity_2,3
Android,clipescola.android.aster::10512,2,1,popularity_2,6
Android,com.alphaapps.awfarlak::11,2,1,popularity_2,6
Android,com.appsfreestations.radiosdeadalucia::7,2,1,popularity_2,19
Android,com.areeb.doobo::535,2,1,popularity_2,16
Android,com.beoneapps.rutadelaplata::11,2,1,popularity_2,11
Android,com.doodle.dehqon::15,2,1,popularity_2,2
Android,com.fitnessmobileapps.sportsethealthandfitness::620000,2,1,popularity_2,15
Android,com.formasapp.mimaquinaria::4,2,1,popularity_2,7
Android,com.heydomo.vendors::19,2,1,popularity_2,9
Android,com.ingeniando.ciudadelaelejercito::3,2,1,popularity_2,4
Android,com.mercury.easydonate::27,2,1,popularity_2,3
Android,com.momosoft.goodmemo::4,2,1,popularity_2,5
Android,com.praxinfo.gtc::10005,2,1,popularity_2,12
Android,com.skylinedynamics.zawyt_alshawarma::26,2,1,popularity_2,1
Android,com.stranger_thingss.wallpaper::10,2,1,popularity_2,14
Android,com.subsplashconsulting.s_2WH3CQ::2245,2,1,popularity_2,5
Android,com.tokai.coraline::1,2,1,popularity_2,8
Android,com.whiteclouds.christmascakeideagallery::8,2,1,popularity_2,8
Android,hicaltech87.homesteptest.threeminutesfitnesstest::2,2,1,popularity_2,13
Android,kr.ac.jbnu.ch::3634,2,1,popularity_2,6
Android,net.hanulsoft.busanmba::101,2,1,popularity_2,6
Android,nl.foodticket.app.orderapp1127::6,2,1,popularity_2,2
Android,to.ord.app::32,2,1,popularity_2,5
Android,uk.co.audiotrails.stmagnusway::9,2,1,popularity_2,11
Android,binaural.studymusic.brainwave.focusmusic.binauralbeats::32,8,1,popularity_8,9
Android,com.androston.lovepictures::13,8,1,popularity_8,16
Android,com.chereads.reader::395,8,1,popularity_8,6
Android,com.circuitjam::76,8,1,popularity_8,1
Android,com.earthglobemap.livesatellite.gps::13,8,1,popularity_8,6
Android,com.fasttamilkeyboard.typing.easytamiltext.inputmethod::25,8,1,popularity_8,6
Android,com.figooo.second::10,8,1,popularity_8,11
Android,com.hafeziquran.islamicapp::63,8,1,popularity_8,14
Android,com.ideabuilderapp.banglawordbook::8,8,1,popularity_8,9
Android,com.karma.life::3263,8,1,popularity_8,5
Android,com.londonandpartners.londonguide::31940000,8,1,popularity_8,11
Android,com.moall.farmerstore88::38,8,1,popularity_8,5
Android,com.monotype.android.font.bel.round::19,8,1,popularity_8,12
Android,com.msseed.membership::30014,8,1,popularity_8,1
Android,com.rms.mobile.number.locator.mobilecall.tracker.callerid.location::5,8,1,popularity_8,12
Android,com.rmtheis.price.comparison.scanner::102,8,1,popularity_8,4
Android,com.stn.mobile_player::418995,8,1,popularity_8,7
Android,se.jagareforbundet.wehunt::2401321,8,1,popularity_8,15
Android,uk.co.travelrepublic.travelrepublic::545,8,1,popularity_8,1
Android,app.typographic.typographic::33,6,1,popularity_6,18
Android,com.aicsm.sscpreviousyearsgk::16,6,1,popularity_6,8
Android,com.app.azantime::58,6,1,popularity_6,14
Android,com.ax.hud.compass::5,6,1,popularity_6,2
Android,com.controld.setuputility::132,6,1,popularity_6,1
Android,com.equitygroup.equityrsa::15,6,1,popularity_6,2
Android,com.freemium.android.apps.skipal::440,6,1,popularity_6,2
Android,com.goethe.hu::819,6,1,popularity_6,9
Android,com.kbmmobile.kbm.user.muzammilhasballahmp3::17,6,1,popularity_6,8
Android,com.krishnaapps.rtovehicleinfo::15,6,1,popularity_6,1
Android,com.mcb.rahul::11,6,1,popularity_6,18
Android,com.mobincube.diccionario_griego_biblico.sc_HP9E26::22,6,1,popularity_6,16
Android,com.nenotech.imagecompressor::8,6,1,popularity_6,8
Android,com.phonecleaner.junkcleaner.cache.clean.phone.booster::23,6,1,popularity_6,14
Android,com.quarantadue.cocktails::41,6,1,popularity_6,5
Android,com.silvertrac.mob::4058,6,1,popularity_6,8
Android,com.uvdevloper.uvtechsoft.fabricationtoolsandlayout::7,6,1,popularity_6,1
Android,de.virality.dieschulapp.ui::149,6,1,popularity_6,8
Android,jp.co.ponos.nanimoshinai::1000002,6,1,popularity_6,10
Android,kz.alser.selfservice::2343,6,1,popularity_6,9
Android,org.katieone::44,6,1,popularity_6,4
Android,ru.edpankov.transistors::3,6,1,popularity_6,9
Android,ru.webvo.book.AOTNDEZKOFBQNZJW::10,6,1,popularity_6,8
Android,bosmap.magnum.me.il2bosmap::16,4,1,popularity_4,1
Android,com.appking.juzs.juz9::7,4,1,popularity_4,8
Android,com.apprancher.freestuff::80000000,4,1,popularity_4,8
Android,com.appscho.appschov2.esg::13001,4,1,popularity_4,4
Android,com.deutschlandradiofm.germanyradio::7,4,1,popularity_4,19
Android,com.electra.webapp.webtech::20,4,1,popularity_4,6
Android,com.it4you.babymonitor::2001005,4,1,popularity_4,5
Android,com.latlong.coordinates::7,4,1,popularity_4,6
Android,com.mobinet.musictherapy::9,4,1,popularity_4,3
Android,com.mycinemahall::101050500,4,1,popularity_4,7
Android,com.playlanka.bukiyewadan::56,4,1,popularity_4,13
Android,com.vcis.app.kanossaschool::37,4,1,popularity_4,2
Android,com.virenter.books.aaaav::10,4,1,popularity_4,9
Android,countries.of.the.world::4,4,1,popularity_4,15
Android,de.nitri.bigfive::32,4,1,popularity_4,12
Android,eu.appcorner.skanzen::4932,4,1,popularity_4,1
Android,in.co.mfonline::33,4,1,popularity_4,5
Android,mobi.coolapps.traffic.us.oregon::223,4,1,popularity_4,16
Android,play.musicplayer.musicapps.music.mp3player::2,4,1,popularity_4,13
Android,uk.co.disciplemedia.thezebraclub::44214,4,1,popularity_4,8
Android,com.app.soivyfi::135,0,1,popularity_0,11
Android,com.bertholucci.potd::5,0,1,popularity_0,6
Android,com.chownow.howardscharro::140,0,1,popularity_0,14
Android,com.chownow.pizzaparlor::1,0,1,popularity_0,15
Android,com.dieffetech.eolas::2,0,1,popularity_0,8
Android,com.ideabytes.dgsms.midland::22,0,1,popularity_0,19
Android,com.kuwagata.sifi_fridge::2,0,1,popularity_0,10
Android,com.noursal.Al3qlwFadlhBook::1,0,1,popularity_0,11
Android,com.pilbeo.pilbeo_pumpkin_android::17,0,1,popularity_0,4
Android,com.pioneers.misrel_mostaabal::1,0,1,popularity_0,5
Android,com.pioneers.wahtal_abnaa_al_alamia::4,0,1,popularity_0,3
Android,com.quantresearch.exam.ccrn::10,0,1,popularity_0,6
Android,com.service.madactylo::3,0,1,popularity_0,6
Android,com.shoutcast.stm.radiosupergospelpr::1,0,1,popularity_0,16
Android,conversor.conversaotaxasbasico.krwisk::37,0,1,popularity_0,11
Android,es.wemakeit.couto::51,0,1,popularity_0,4
Android,eu.pitsnaider.chameleonradio::119,0,1,popularity_0,1
Android,ie.flipdish.fd24065::64301,0,1,popularity_0,6
Android,in.company.krishi::2,0,1,popularity_0,2
Android,io.mimin.keyboard::5,0,1,popularity_0,1
Android,qoresh.social.friendshipquotes::1,0,1,popularity_0,13
Android,ru.quickresto.qrqueue::62001,0,1,popularity_0,14
Android,cleaner.clean.booster::231,10,1,popularity_10,11
Android,com.SouthernPacificOceanFisher.VoiceToText_memo::186,10,1,popularity_10,17
Android,com.apnax.wordpark::49,10,1,popularity_10,10
Android,com.bitaksi.musteri::440830303,10,1,popularity_10,17
Android,com.burakgon.netoptimizer::1386,10,1,popularity_10,14
Android,com.compassfree.digitalcompass.forandroid.app::46,10,1,popularity_10,5
Android,com.deepseek.chat::78,10,1,popularity_10,1
Android,com.fehmin.bikeometer::40,10,1,popularity_10,15
Android,com.hardgrnd.lineup11::122,10,1,popularity_10,11
Android,com.hblackcat.mob_android_finder::16,10,1,popularity_10,7
Android,com.kddi.android.videopass::40000131,10,1,popularity_10,6
Android,com.kumobius.android.walljumper::23,10,1,popularity_10,1
Android,com.mensajes.borrados.deleted.messages::206,10,1,popularity_10,9
Android,com.rvappstudios.flashlight::209,10,1,popularity_10,14
Android,com.scb.phone::9421,10,1,popularity_10,7
Android,com.sensustech.acremotecontrol::14,10,1,popularity_10,7
Android,funny.prank.sounds.airhorn.haircut.fart::65,10,1,popularity_10,5
Android,handasoft.mobile.divination::2913,10,1,popularity_10,34
Android,it.vincenzoamoruso.theinterpreter::20299,10,1,popularity_10,20
Android,jp.or.nhk.news::81,10,1,popularity_10,1
Android,kim.uno.s8::209,10,1,popularity_10,10
Android,kr.co.lylstudio.httpsguard::175,10,1,popularity_10,1
Android,za.co.fnb.connect.itt::5765,10,1,popularity_10,9
Small_Libraries,ch.gooods::358,1,1,popularity_1,4
Small_Libraries,com.appworkout.fitbutler.demo::1277,1,1,popularity_1,12
Small_Libraries,com.avempace.smaart.doorphone::7365,1,1,popularity_1,12
Small_Libraries,com.cta.liquorestorehash::46,1,1,popularity_1,35
Small_Libraries,com.digion.dixim.security.app::4,1,1,popularity_1,14
Small_Libraries,com.eduven.cg.norway::10,1,1,popularity_1,8
Small_Libraries,com.ensivosolutions.studyflix::6,1,1,popularity_1,2
Small_Libraries,com.foodbooking.heatcafedubai::4433,1,1,popularity_1,10
Small_Libraries,com.nani_wellness::13,1,1,popularity_1,2
Small_Libraries,com.nupuit.ncid::10,1,1,popularity_1,110
Small_Libraries,com.omning.omniboard.lck1203::31,1,1,popularity_1,16
Small_Libraries,com.subsplash.thechurchapp.s_5B3SBT::2290,1,1,popularity_1,5
Small_Libraries,com.vidmo.freedownloader::7,1,1,popularity_1,6
Small_Libraries,es.bandomovil.serrejon.informa::12,1,1,popularity_1,6
Small_Libraries,es.bandomovil.villahermosadelrio.informa::13,1,1,popularity_1,6
Small_Libraries,es.cgb.voluntariadosalamanca::6,1,1,popularity_1,8
Small_Libraries,es.tpc.matchpoint.appclient.costaricatennisclub::81,1,1,popularity_1,22
Small_Libraries,gr.activesolutions.dispatch::17,1,1,popularity_1,4
Small_Libraries,radfan.yemoney::567,1,1,popularity_1,14
Small_Libraries,ru.domopult.sajva.android::894,1,1,popularity_1,4
Small_Libraries,au.com.console.tenant::11563,7,1,popularity_7,2
Small_Libraries,com.androidfin.STFCUnoPackage::118,7,1,popularity_7,18
Small_Libraries,com.appwalied.quran::41,7,1,popularity_7,4
Small_Libraries,com.arppha::375,7,1,popularity_7,9
Small_Libraries,com.byappsc.shehj::266,7,1,popularity_7,20
Small_Libraries,com.etoos.app.wm::10131,7,1,popularity_7,11
Small_Libraries,com.ihad.ptt::40762,7,1,popularity_7,9
Small_Libraries,com.ilib.stepbystepsalah::6,7,1,popularity_7,4
Small_Libraries,com.jehutyno.yomikata::65,7,1,popularity_7,10
Small_Libraries,com.madarsoft.alsonan::10018,7,1,popularity_7,6
Small_Libraries,com.msf.ket::72,7,1,popularity_7,4
Small_Libraries,com.sagamill.stocksalerter::44,7,1,popularity_7,22
Small_Libraries,com.wovibe.hotplayer::9,7,1,popularity_7,5
Small_Libraries,dk.mochsoft.vnc::26,7,1,popularity_7,18
Small_Libraries,eu.tresfactory.lupaalertemasina::580,7,1,popularity_7,2
Small_Libraries,id.code.wings::1300022,7,1,popularity_7,5
Small_Libraries,me.voicemap.android::1062,7,1,popularity_7,5
Small_Libraries,br.com.originalsoftware.taxifonecliente.teleTaxiSalvador::3665,5,1,popularity_5,6
Small_Libraries,com.appg.bankdiary.client::11,5,1,popularity_5,12
Small_Libraries,com.homecu.bwuccu::2097,5,1,popularity_5,4
Small_Libraries,com.imzhiqiang.period::10701,5,1,popularity_5,6
Small_Libraries,com.locatify.guide.bslauschtour::979,5,1,popularity_5,10
Small_Libraries,com.magazinecloner.hotenglish::2034071301,5,1,popularity_5,4
Small_Libraries,com.mysiteanalytics.msa::116,5,1,popularity_5,2
Small_Libraries,com.newlinks.intercomclient::43,5,1,popularity_5,2
Small_Libraries,com.oustme.gsf::710,5,1,popularity_5,66
Small_Libraries,com.proapps.sword.sounds::1001,5,1,popularity_5,4
Small_Libraries,com.simplexi.messenger::2021020104,5,1,popularity_5,16
Small_Libraries,com.tegut.tbox::2000000542,5,1,popularity_5,4
Small_Libraries,com.urvas.marathistatus::3,5,1,popularity_5,2
Small_Libraries,jp.gomisuke.app.Gomisuke0003::12,5,1,popularity_5,4
Small_Libraries,li.yapp.app69E42EC1::13,5,1,popularity_5,2
Small_Libraries,net.mohadaratdiniya.fatawa.ibnuthaymeen::1002,5,1,popularity_5,4
Small_Libraries,quran.tilawatequran.mahermaaiqli::1001,5,1,popularity_5,2
Small_Libraries,so.ateya.ahmed.Lagna_Daamah::4,5,1,popularity_5,56
Small_Libraries,sukron.com.animal::8,5,1,popularity_5,2
Small_Libraries,com.angel.world.clock::14,9,1,popularity_9,6
Small_Libraries,com.app.sefamerve::172,9,1,popularity_9,2
Small_Libraries,com.astroid.yodha::45840004,9,1,popularity_9,5
Small_Libraries,com.bhima.filterfocusname::57,9,1,popularity_9,7
Small_Libraries,com.brother.ptouch.iprintandlabel::131,9,1,popularity_9,6
Small_Libraries,com.buscounchollo::552,9,1,popularity_9,2
Small_Libraries,com.czw.freefit::797,9,1,popularity_9,6
Small_Libraries,com.daily.holybiblelite::125,9,1,popularity_9,27
Small_Libraries,com.fourksoft.openvpn::407,9,1,popularity_9,26
Small_Libraries,com.hunkemoller::2791,9,1,popularity_9,12
Small_Libraries,com.igg.android.clashoflords2it::1000260,9,1,popularity_9,20
Small_Libraries,com.ihuaj.gamecc.global::143,9,1,popularity_9,13
Small_Libraries,com.nudi.bkn.sapk::82,9,1,popularity_9,2
Small_Libraries,com.offline.poetry::202,9,1,popularity_9,10
Small_Libraries,com.photoslideshow.birthdayvideomaker::32,9,1,popularity_9,4
Small_Libraries,com.rewardstyle.liketoknowit::10640,9,1,popularity_9,5
Small_Libraries,com.teegloyalty.timezone::245,9,1,popularity_9,4
Small_Libraries,com.tempnumber.Temp_Number.Temp_Number::69,9,1,popularity_9,8
Small_Libraries,controllers.marham.marhammed::481,9,1,popularity_9,5
Small_Libraries,de.danoeh.antennapod::3080095,9,1,popularity_9,12
Small_Libraries,es.ottplayer.tv::16842877,9,1,popularity_9,4
Small_Libraries,fr.lapostemobile.appliclient::61,9,1,popularity_9,2
Small_Libraries,net.fetnet.fetvod::937,9,1,popularity_9,31
Small_Libraries,original.alarm.clock::66,9,1,popularity_9,16
Small_Libraries,pt.iol.tviplayer.android::314,9,1,popularity_9,24
Small_Libraries,ch.cern.cernbox::43000100,3,1,popularity_3,10
Small_Libraries,cn.com.tiro.virtualremote::113,3,1,popularity_3,26
Small_Libraries,com.Jupet.coloringfootballlogos::1,3,1,popularity_3,6
Small_Libraries,com.asis.petechmobil::19,3,1,popularity_3,52
Small_Libraries,com.bfi.rca.gabon::2,3,1,popularity_3,18
Small_Libraries,com.biosys.tdcheck::13,3,1,popularity_3,6
Small_Libraries,com.caftrade.app::22091910,3,1,popularity_3,4
Small_Libraries,com.calculos.laborales::60,3,1,popularity_3,2
Small_Libraries,com.couponapp2.chain.tac15031::6080,3,1,popularity_3,11
Small_Libraries,com.etms.employee::15,3,1,popularity_3,4
Small_Libraries,com.foodbooking.nizamat::5741,3,1,popularity_3,11
Small_Libraries,com.horairesprierefrance.frenchprayertimes::18,3,1,popularity_3,2
Small_Libraries,com.magzter.atlastarih::806,3,1,popularity_3,11
Small_Libraries,com.meuradinho.radio14415::561,3,1,popularity_3,12
Small_Libraries,com.onefitstop.fitnesstimefl::6,3,1,popularity_3,9
Small_Libraries,com.sadanimewallpaper.masmasstudio::6,3,1,popularity_3,4
Small_Libraries,com.sanaedutech.accounts_auditing::234,3,1,popularity_3,4
Small_Libraries,com.sejood.elsahw::1005,3,1,popularity_3,2
Small_Libraries,com.siamtele.user::94,3,1,popularity_3,10
Small_Libraries,com.subsplash.thechurchapp.s_TP3JNC::2291,3,1,popularity_3,5
Small_Libraries,com.two.ukcitizenship::10,3,1,popularity_3,14
Small_Libraries,com.ymaa.waterstyle::6,3,1,popularity_3,6
Small_Libraries,it.taxrefund.taxrefund::9,3,1,popularity_3,6
Small_Libraries,lb.android.pillcontrol::13,3,1,popularity_3,2
Small_Libraries,parentsalarm.green.valley.international.school.pusa.samastipur.bihar::2,3,1,popularity_3,2
Small_Libraries,ua.radio.gsmboom::168,3,1,popularity_3,18
Small_Libraries,br.com.movibrasil.taxi.drivermachine::915,2,1,popularity_2,6
Small_Libraries,com.app.user.sureEcosystem::51,2,1,popularity_2,2
Small_Libraries,com.fnoex.fan.uncbears::20001548,2,1,popularity_2,7
Small_Libraries,com.keywee.shipping.shipitto::29,2,1,popularity_2,8
Small_Libraries,com.mappytom.manager_app::63,2,1,popularity_2,4
Small_Libraries,com.marchas.semana_santa::3,2,1,popularity_2,15
Small_Libraries,com.netpulse.mobile.fysiozorgrijssen::106,2,1,popularity_2,28
Small_Libraries,com.rootekstudio.repeatsandroid::2080013,2,1,popularity_2,10
Small_Libraries,com.social.ekchat::78,2,1,popularity_2,8
Small_Libraries,com.socorroec.smartapps::626,2,1,popularity_2,50
Small_Libraries,com.subsplash.thechurchapp.tricitiesbaptistchurch::2290,2,1,popularity_2,5
Small_Libraries,com.tenapps.allindianews::7,2,1,popularity_2,10
Small_Libraries,com.teramatrix.vos::60,2,1,popularity_2,6
Small_Libraries,hl.weightloss.fitness.calories.counter.diet.plan::6,2,1,popularity_2,4
Small_Libraries,nl.mijnbezorgapp.kid_85::84,2,1,popularity_2,14
Small_Libraries,ru.navikey.airlayobjectcollector::409,2,1,popularity_2,2
Small_Libraries,stereo.grandeza::5,2,1,popularity_2,115
Small_Libraries,com.bekids.gogotown.unicorns::144,8,1,popularity_8,6
Small_Libraries,com.bmw.ConnectedRide::551010,8,1,popularity_8,16
Small_Libraries,com.callhistory.contacts.calllog::86,8,1,popularity_8,10
Small_Libraries,com.danale.video::10199,8,1,popularity_8,28
Small_Libraries,com.discipleskies.gpsreset::42,8,1,popularity_8,2
Small_Libraries,com.ecs.roboshadow::3601,8,1,popularity_8,4
Small_Libraries,com.etoos.india.app::200,8,1,popularity_8,12
Small_Libraries,com.findpenguins.app::436,8,1,popularity_8,3
Small_Libraries,com.house.jjs::596,8,1,popularity_8,29
Small_Libraries,com.infinityapps.gps.location.navigation.route.maps::40,8,1,popularity_8,8
Small_Libraries,com.keiind.connect::62,8,1,popularity_8,6
Small_Libraries,com.mpayapp::194,8,1,popularity_8,5
Small_Libraries,com.peachlive.android::28,8,1,popularity_8,4
Small_Libraries,com.photomath.mathsolver::12,8,1,popularity_8,6
Small_Libraries,com.pixsterstudio.captions::38,8,1,popularity_8,2
Small_Libraries,com.pocketgroup.pocketpay::340,8,1,popularity_8,17
Small_Libraries,com.prompt.ma.maapplicationfinalAmul::50,8,1,popularity_8,16
Small_Libraries,com.questalliance.myquest::101,8,1,popularity_8,19
Small_Libraries,com.rtve.mas24::87,8,1,popularity_8,13
Small_Libraries,com.x2line.android.milkybaby::26144281,8,1,popularity_8,14
Small_Libraries,de.rooehler.bikecomputer::262,8,1,popularity_8,16
Small_Libraries,org.chennaimetrorail.appv1::161,8,1,popularity_8,14
Small_Libraries,pt.sapo.android.cloudpt::120,8,1,popularity_8,30
Small_Libraries,ru.appkode.mozen::678,8,1,popularity_8,6
Small_Libraries,ru.tutu.tutu_bus::48000,8,1,popularity_8,4
Small_Libraries,smf.kupiavto::810,8,1,popularity_8,9
Small_Libraries,systems.altura.aclient.cnel::1280,8,1,popularity_8,12
Small_Libraries,volume.bass.virtrualizer.equalizer.sound.effect::7,8,1,popularity_8,4
Small_Libraries,au.com.idfish.app::68,6,1,popularity_6,11
Small_Libraries,com.app.radiojibi::23,6,1,popularity_6,10
Small_Libraries,com.arvin.applemessagepro::30,6,1,popularity_6,4
Small_Libraries,com.craftsilicon.wazalendo::33,6,1,popularity_6,2
Small_Libraries,com.emlaksitem.android::423,6,1,popularity_6,31
Small_Libraries,com.getjoydev.ghanaradios::19,6,1,popularity_6,12
Small_Libraries,com.goder.busquerysystembeta::587,6,1,popularity_6,80
Small_Libraries,com.golfboxdk::238,6,1,popularity_6,14
Small_Libraries,com.klinqq.app::59,6,1,popularity_6,7
Small_Libraries,com.makeshop.powerapp.lusida::10001,6,1,popularity_6,2
Small_Libraries,com.manhajona.OmarAbdelkafy::1005,6,1,popularity_6,2
Small_Libraries,com.messages.chattext::14,6,1,popularity_6,2
Small_Libraries,com.minimiew.kamkomsawaddee::9,6,1,popularity_6,2
Small_Libraries,com.qgroupmedia.qnews::9,6,1,popularity_6,6
Small_Libraries,com.rsudalihsan.mobile::36,6,1,popularity_6,2
Small_Libraries,com.safeme.calculator::50,6,1,popularity_6,22
Small_Libraries,com.shootwords.main::91,6,1,popularity_6,48
Small_Libraries,com.speechtotext.voicetyping.alllanguages.converter.notes::9,6,1,popularity_6,13
Small_Libraries,ges.com.antalyasmartcity::61,6,1,popularity_6,2
Small_Libraries,pl.onet.onetaudio::5619,6,1,popularity_6,4
Small_Libraries,smartcoder.click_tv::133,6,1,popularity_6,48
Small_Libraries,tamil.manthirangal::9,6,1,popularity_6,27
Small_Libraries,aplus.droitfiscal::37,4,1,popularity_4,4
Small_Libraries,co.dudo.podcastvn::28,4,1,popularity_4,18
Small_Libraries,com.AwamiSolution.flipimagemirrorimage::13,4,1,popularity_4,6
Small_Libraries,com.coverforyou.app::25,4,1,popularity_4,2
Small_Libraries,com.crn.skesh::131,4,1,popularity_4,10
Small_Libraries,com.ctappstudio.imdoodle::23,4,1,popularity_4,12
Small_Libraries,com.delivery.asiaExpress::245,4,1,popularity_4,19
Small_Libraries,com.djfoxstudio.drawtoolbox::66,4,1,popularity_4,12
Small_Libraries,com.dragoma.frko::229,4,1,popularity_4,12
Small_Libraries,com.eco.tour::47,4,1,popularity_4,4
Small_Libraries,com.fox.foxfast.universal::434,4,1,popularity_4,32
Small_Libraries,com.gpsmycity.android.u134::55,4,1,popularity_4,2
Small_Libraries,com.hellothupten.lametro::20210802,4,1,popularity_4,2
Small_Libraries,com.landl.gzbus::42,4,1,popularity_4,4
Small_Libraries,com.learnateso.learn_ateso::40,4,1,popularity_4,2
Small_Libraries,com.lekseek.aptekarzInterakcje::134,4,1,popularity_4,8
Small_Libraries,com.multiestetica.companies::112,4,1,popularity_4,6
Small_Libraries,com.mysalesforce.mycommunity.C00D2p000000UXa9EAG.A0OT2p000000KyjHGAS.app1::111200000,4,1,popularity_4,2
Small_Libraries,com.netpulse.mobile.maxxfitnessclubzz::139,4,1,popularity_4,34
Small_Libraries,com.online.quiz::10,4,1,popularity_4,5
Small_Libraries,com.pragma.scientistsinventionsanddiscoveries::5,4,1,popularity_4,16
Small_Libraries,in.myinnos.batteryinfopro::50,4,1,popularity_4,6
Small_Libraries,shah.jinraag::5,4,1,popularity_4,7
Small_Libraries,so.ateya.ahmed.Akedah_Wastyah_Lib_BT::7,4,1,popularity_4,66
Small_Libraries,all.language.translator.hub.malayalamtosamoantranslator::1,0,1,popularity_0,10
Small_Libraries,aplus.strafrecht::37,0,1,popularity_0,4
Small_Libraries,co.massmobileapps.porkmafia::3,0,1,popularity_0,110
Small_Libraries,com.app.radioelsalvador::2,0,1,popularity_0,2
Small_Libraries,com.blossomsazz.app::1,0,1,popularity_0,20
Small_Libraries,com.chownow.communitylanes::139,0,1,popularity_0,19
Small_Libraries,com.clavax.fence_alarm::8,0,1,popularity_0,20
Small_Libraries,com.cofox.kahunas.TheLabMethod::210,0,1,popularity_0,10
Small_Libraries,com.divy.englishtolithuanian::26,0,1,popularity_0,2
Small_Libraries,com.emcan.ahmedsharifapp::15,0,1,popularity_0,2
Small_Libraries,com.foodbooking.plazamerengue::5469,0,1,popularity_0,11
Small_Libraries,com.foodbooking.popeheaven::5397,0,1,popularity_0,11
Small_Libraries,com.mohit.ingenium.tca639::157,0,1,popularity_0,23
Small_Libraries,com.nupuit.agpc::5,0,1,popularity_0,452
Small_Libraries,com.pegasustech.smartstores::10,0,1,popularity_0,8
Small_Libraries,com.phinion.gcepluselearning::2,0,1,popularity_0,2
Small_Libraries,com.questblue.sipblue2::5,0,1,popularity_0,4
Small_Libraries,com.rsmnm.driver::26,0,1,popularity_0,17
Small_Libraries,com.schoolmatenuvo.pierrepaul::100,0,1,popularity_0,2
Small_Libraries,com.sekaku.williamxia.tmix164::11,0,1,popularity_0,4
Small_Libraries,com.taximo.dispatch::11,0,1,popularity_0,30
Small_Libraries,com.tfi.eventapp::121,0,1,popularity_0,31
Small_Libraries,com.yardi.systems.rentcafe.resident.thomassafran.astra::2,0,1,popularity_0,4
Small_Libraries,hu.tell.tellmonapp::22,0,1,popularity_0,2
Small_Libraries,net.wdsvlc.usa_radio_chicago_illinois_united_states::24,0,1,popularity_0,2
Small_Libraries,radio.eclipse8::1,0,1,popularity_0,31
Small_Libraries,translateapp.chinese.english::1,0,1,popularity_0,16
Small_Libraries,appinventor.ai_mmfrutos7878.Ancleaner::188,10,1,popularity_10,44
Small_Libraries,com.AppRocks.now.prayer::907,10,1,popularity_10,12
Small_Libraries,com.Seabaa.Dual::1514,10,1,popularity_10,8
Small_Libraries,com.aryservices.arynews.en::80970,10,1,popularity_10,12
Small_Libraries,com.beki.live::50,10,1,popularity_10,65
Small_Libraries,com.bigfishgames.gummydropgoogle::51803001,10,1,popularity_10,8
Small_Libraries,com.chase.sig.android::464474918,10,1,popularity_10,14
Small_Libraries,com.cosima.ryt3mus::508,10,1,popularity_10,2
Small_Libraries,com.cutestudio.led.color.sms::244,10,1,popularity_10,2
Small_Libraries,com.erudite.translator::86,10,1,popularity_10,32
Small_Libraries,com.free.neo.vpn::77761,10,1,popularity_10,9
Small_Libraries,com.gameloft.android.ANMP.GloftIVHM::21401,10,1,popularity_10,75
Small_Libraries,com.jeremysteckling.facerrel::1111820,10,1,popularity_10,5
Small_Libraries,com.koreanair.passenger::608,10,1,popularity_10,8
Small_Libraries,com.lightinthebox.android::88602,10,1,popularity_10,34
Small_Libraries,com.ncloudtech.cloudoffice::2915035,10,1,popularity_10,12
Small_Libraries,com.nhn.android.navertv::1091500,10,1,popularity_10,11
Small_Libraries,com.photovideo.slideshowmaker.makerslideshow::151,10,1,popularity_10,7
Small_Libraries,com.sgk.eganna.in::59,10,1,popularity_10,4
Small_Libraries,com.tmobile.vvm.application::784457,10,1,popularity_10,4
Small_Libraries,com.tmobtech.halkbank::5221,10,1,popularity_10,4
Small_Libraries,com.vpnoneclick.android::315,10,1,popularity_10,12
Small_Libraries,com.wachanga.pregnancy::400269,10,1,popularity_10,47
Small_Libraries,imagetopdf.pdfconverter.jpgtopdf.pdfeditor::80,10,1,popularity_10,5
Small_Libraries,in.mylo.pregnancy.baby.app::10703,10,1,popularity_10,35
Small_Libraries,in.vineetsirohi.customwidget::319,10,1,popularity_10,4
Small_Libraries,jp.gocro.smartnews.android::884,10,1,popularity_10,12
Small_Libraries,jp.happyon.android::300002717,10,1,popularity_10,18
Small_Libraries,musicdownloader.monster.videodownloader::24,10,1,popularity_10,12
Small_Libraries,tv.remote.control.firetv::1153,10,1,popularity_10,6
Small_Libraries,vidstatus.com::30,10,1,popularity_10,14
Small_Libraries,com.aiobhd.statussaver::3,1,1,popularity_1,1
Small_Libraries,com.monbuilding.app.noecampus::3422,1,1,popularity_1,2
Small_Libraries,com.pixipine.jalees::17,1,1,popularity_1,3
Small_Libraries,com.swapcard.apps.android.lngamericas2021::9000635,1,1,popularity_1,2
Small_Libraries,com.trainerize.sustainablechangeltd::837000,1,1,popularity_1,6
Small_Libraries,com.wook.market::12,1,1,popularity_1,2
Small_Libraries,de.appack.project.tbruit::1,1,1,popularity_1,1
Small_Libraries,ie.flipdish.fd18090::81467,1,1,popularity_1,1
Small_Libraries,ie.flipdish.fd3678::52777,1,1,popularity_1,1
Small_Libraries,at.oamtc.cityguide::30700003,7,1,popularity_7,3
Small_Libraries,biblia.de.estudio.reina.valera::10,7,1,popularity_7,3
Small_Libraries,com.g4app::165,7,1,popularity_7,1
Small_Libraries,com.getwheelsapp.wheels::2181,7,1,popularity_7,2
Small_Libraries,com.gpsroutefinder.appbuzmaps::16,7,1,popularity_7,2
Small_Libraries,com.haastgames.manastoria::188,7,1,popularity_7,2
Small_Libraries,com.myhealthsphere.challenger::85003070,7,1,popularity_7,4
Small_Libraries,com.nobexinc.wls_66087017.rc::507006,7,1,popularity_7,7
Small_Libraries,com.redbull.wingsforlifeworldrun::90000201,7,1,popularity_7,1
Small_Libraries,com.xhlab.alarmob::236,7,1,popularity_7,1
Small_Libraries,cz.gov.edoklady::2503251,7,1,popularity_7,1
Small_Libraries,dosimi.subway::125,7,1,popularity_7,2
Small_Libraries,com.bdcricketlivescore.bangladeshcricketlivematchhd::16,5,1,popularity_5,2
Small_Libraries,com.blueappsllc.bomdia::1,5,1,popularity_5,2
Small_Libraries,com.david.mybaby::150,5,1,popularity_5,3
Small_Libraries,com.engagement.ringsdesign::18,5,1,popularity_5,2
Small_Libraries,com.r.indian_rivers::15,5,1,popularity_5,2
Small_Libraries,com.ribotask.sense::67,5,1,popularity_5,5
Small_Libraries,com.sonidos.chilenos::6,5,1,popularity_5,5
Small_Libraries,uk.co.image_plus.propertyinvestor::39,5,1,popularity_5,3
Small_Libraries,yesthemes.gaming.dice.battlefield1.battlefield5.bf1.bf5.games.android.launcher.wallpapers::5,5,1,popularity_5,2
Small_Libraries,br.lgfelicio::9268,9,1,popularity_9,4
Small_Libraries,com.aplicativoslegais.topstickers::49,9,1,popularity_9,2
Small_Libraries,com.appybuilder.sarafriss1997.nokatori::36,9,1,popularity_9,2
Small_Libraries,com.channelnewsasia::233,9,1,popularity_9,8
Small_Libraries,com.charging.fun::119,9,1,popularity_9,2
Small_Libraries,com.fanstudio.lienkhucnhacvang.nhactrutinh::22,9,1,popularity_9,2
Small_Libraries,com.hilokal::266,9,1,popularity_9,6
Small_Libraries,com.jksol.voicerecodeing::945,9,1,popularity_9,5
Small_Libraries,com.polydice.icook::96360,9,1,popularity_9,7
Small_Libraries,my.Frank::538,9,1,popularity_9,2
Small_Libraries,com.androidappsworldmx.kissfmespana::20230326,3,1,popularity_3,2
Small_Libraries,com.tagalog.opm.lovesongs::7,3,1,popularity_3,2
Small_Libraries,com.walking.fun.rewards.fitness.fitzu::77,3,1,popularity_3,2
Small_Libraries,com.zoop.caparao::107,3,1,popularity_3,3
Small_Libraries,com.appsfreestations.radiosdeadalucia::7,2,1,popularity_2,6
Small_Libraries,com.apptegy.palmyra::24,2,1,popularity_2,1
Small_Libraries,com.heydomo.vendors::19,2,1,popularity_2,2
Small_Libraries,com.subsplashconsulting.s_2WH3CQ::2245,2,1,popularity_2,1
Small_Libraries,com.chereads.reader::395,8,1,popularity_8,5
Small_Libraries,com.earthglobemap.livesatellite.gps::13,8,1,popularity_8,2
Small_Libraries,com.figooo.second::10,8,1,popularity_8,5
Small_Libraries,com.hafeziquran.islamicapp::63,8,1,popularity_8,2
Small_Libraries,com.karma.life::3263,8,1,popularity_8,5
Small_Libraries,com.rms.mobile.number.locator.mobilecall.tracker.callerid.location::5,8,1,popularity_8,2
Small_Libraries,com.thermometerforroom::8,8,1,popularity_8,2
Small_Libraries,se.jagareforbundet.wehunt::2401321,8,1,popularity_8,2
Small_Libraries,video.tube.play.tube.videotube.playtube.musictube.movietube::10109,8,1,popularity_8,2
Small_Libraries,app.typographic.typographic::33,6,1,popularity_6,3
Small_Libraries,com.freemium.android.apps.skipal::440,6,1,popularity_6,1
Small_Libraries,com.phonecleaner.junkcleaner.cache.clean.phone.booster::23,6,1,popularity_6,3
Small_Libraries,com.apprancher.freestuff::80000000,4,1,popularity_4,2
Small_Libraries,com.deutschlandradiofm.germanyradio::7,4,1,popularity_4,6
Small_Libraries,com.frameditorapps.newyearphotomaker::10,4,1,popularity_4,2
Small_Libraries,com.playlanka.bukiyewadan::56,4,1,popularity_4,2
Small_Libraries,de.nitri.bigfive::32,4,1,popularity_4,3
Small_Libraries,in.co.mfonline::33,4,1,popularity_4,4
Small_Libraries,mobi.coolapps.traffic.us.oregon::223,4,1,popularity_4,5
Small_Libraries,play.musicplayer.musicapps.music.mp3player::2,4,1,popularity_4,2
Small_Libraries,uk.co.disciplemedia.thezebraclub::44214,4,1,popularity_4,8
Small_Libraries,com.chownow.howardscharro::140,0,1,popularity_0,2
Small_Libraries,com.chownow.pizzaparlor::1,0,1,popularity_0,2
Small_Libraries,com.quantresearch.exam.ccrn::10,0,1,popularity_0,3
Small_Libraries,ie.flipdish.fd24065::64301,0,1,popularity_0,1
Small_Libraries,cleaner.clean.booster::231,10,1,popularity_10,2
Small_Libraries,com.apnax.wordpark::49,10,1,popularity_10,3
Small_Libraries,com.burakgon.netoptimizer::1386,10,1,popularity_10,2
Small_Libraries,com.compassfree.digitalcompass.forandroid.app::46,10,1,popularity_10,2
Small_Libraries,com.hardgrnd.lineup11::122,10,1,popularity_10,2
Small_Libraries,com.mensajes.borrados.deleted.messages::206,10,1,popularity_10,2
Small_Libraries,com.pdf.viewer.pdfreader::90,10,1,popularity_10,2
Small_Libraries,handasoft.mobile.divination::2913,10,1,popularity_10,2
Small_Libraries,it.vincenzoamoruso.theinterpreter::20299,10,1,popularity_10,3
Small_Libraries,jp.or.nhk.news::81,10,1,popularity_10,5
Small_Libraries,kim.uno.s8::209,10,1,popularity_10,2
Utilities,ch.gooods::358,1,1,popularity_1,6
Utilities,com.appworkout.fitbutler.demo::1277,1,1,popularity_1,19
Utilities,com.avempace.smaart.doorphone::7365,1,1,popularity_1,13
Utilities,com.cta.liquorestorehash::46,1,1,popularity_1,38
Utilities,com.digion.dixim.security.app::4,1,1,popularity_1,14
Utilities,com.eduven.cg.norway::10,1,1,popularity_1,8
Utilities,com.ensivosolutions.studyflix::6,1,1,popularity_1,4
Utilities,com.foodbooking.heatcafedubai::4433,1,1,popularity_1,10
Utilities,com.nani_wellness::13,1,1,popularity_1,3
Utilities,com.nupuit.ncid::10,1,1,popularity_1,110
Utilities,com.omning.omniboard.lck1203::31,1,1,popularity_1,16
Utilities,com.subsplash.thechurchapp.s_5B3SBT::2290,1,1,popularity_1,6
Utilities,com.vidmo.freedownloader::7,1,1,popularity_1,8
Utilities,es.bandomovil.serrejon.informa::12,1,1,popularity_1,9
Utilities,es.bandomovil.villahermosadelrio.informa::13,1,1,popularity_1,9
Utilities,es.cgb.voluntariadosalamanca::6,1,1,popularity_1,8
Utilities,es.tpc.matchpoint.appclient.costaricatennisclub::81,1,1,popularity_1,42
Utilities,gr.activesolutions.dispatch::17,1,1,popularity_1,6
Utilities,radfan.yemoney::567,1,1,popularity_1,14
Utilities,ru.domopult.sajva.android::894,1,1,popularity_1,6
Utilities,au.com.console.tenant::11563,7,1,popularity_7,2
Utilities,com.androidfin.STFCUnoPackage::118,7,1,popularity_7,18
Utilities,com.appwalied.quran::41,7,1,popularity_7,8
Utilities,com.arppha::375,7,1,popularity_7,14
Utilities,com.byappsc.shehj::266,7,1,popularity_7,20
Utilities,com.etoos.app.wm::10131,7,1,popularity_7,10
Utilities,com.ihad.ptt::40762,7,1,popularity_7,31
Utilities,com.ilib.stepbystepsalah::6,7,1,popularity_7,4
Utilities,com.jehutyno.yomikata::65,7,1,popularity_7,10
Utilities,com.madarsoft.alsonan::10018,7,1,popularity_7,7
Utilities,com.msf.ket::72,7,1,popularity_7,4
Utilities,com.sagamill.stocksalerter::44,7,1,popularity_7,23
Utilities,com.wovibe.hotplayer::9,7,1,popularity_7,6
Utilities,dk.mochsoft.vnc::26,7,1,popularity_7,18
Utilities,eu.tresfactory.lupaalertemasina::580,7,1,popularity_7,2
Utilities,id.code.wings::1300022,7,1,popularity_7,4
Utilities,me.voicemap.android::1062,7,1,popularity_7,5
Utilities,br.com.originalsoftware.taxifonecliente.teleTaxiSalvador::3665,5,1,popularity_5,4
Utilities,com.appg.bankdiary.client::11,5,1,popularity_5,14
Utilities,com.homecu.bwuccu::2097,5,1,popularity_5,4
Utilities,com.imzhiqiang.period::10701,5,1,popularity_5,6
Utilities,com.locatify.guide.bslauschtour::979,5,1,popularity_5,10
Utilities,com.magazinecloner.hotenglish::2034071301,5,1,popularity_5,6
Utilities,com.mysiteanalytics.msa::116,5,1,popularity_5,5
Utilities,com.newlinks.intercomclient::43,5,1,popularity_5,6
Utilities,com.oustme.gsf::710,5,1,popularity_5,66
Utilities,com.proapps.sword.sounds::1001,5,1,popularity_5,4
Utilities,com.simplexi.messenger::2021020104,5,1,popularity_5,16
Utilities,com.tegut.tbox::2000000542,5,1,popularity_5,6
Utilities,com.urvas.marathistatus::3,5,1,popularity_5,4
Utilities,jp.gomisuke.app.Gomisuke0003::12,5,1,popularity_5,4
Utilities,li.yapp.app69E42EC1::13,5,1,popularity_5,2
Utilities,net.mohadaratdiniya.fatawa.ibnuthaymeen::1002,5,1,popularity_5,4
Utilities,quran.tilawatequran.mahermaaiqli::1001,5,1,popularity_5,2
Utilities,so.ateya.ahmed.Lagna_Daamah::4,5,1,popularity_5,58
Utilities,sukron.com.animal::8,5,1,popularity_5,2
Utilities,com.angel.world.clock::14,9,1,popularity_9,6
Utilities,com.app.sefamerve::172,9,1,popularity_9,3
Utilities,com.astroid.yodha::45840004,9,1,popularity_9,4
Utilities,com.bhima.filterfocusname::57,9,1,popularity_9,2
Utilities,com.brother.ptouch.iprintandlabel::131,9,1,popularity_9,6
Utilities,com.buscounchollo::552,9,1,popularity_9,5
Utilities,com.czw.freefit::797,9,1,popularity_9,8
Utilities,com.daily.holybiblelite::125,9,1,popularity_9,22
Utilities,com.fourksoft.openvpn::407,9,1,popularity_9,24
Utilities,com.hunkemoller::2791,9,1,popularity_9,12
Utilities,com.igg.android.clashoflords2it::1000260,9,1,popularity_9,14
Utilities,com.ihuaj.gamecc.global::143,9,1,popularity_9,10
Utilities,com.nudi.bkn.sapk::82,9,1,popularity_9,5
Utilities,com.offline.poetry::202,9,1,popularity_9,10
Utilities,com.photoslideshow.birthdayvideomaker::32,9,1,popularity_9,4
Utilities,com.rewardstyle.liketoknowit::10640,9,1,popularity_9,6
Utilities,com.teegloyalty.timezone::245,9,1,popularity_9,7
Utilities,com.tempnumber.Temp_Number.Temp_Number::69,9,1,popularity_9,4
Utilities,controllers.marham.marhammed::481,9,1,popularity_9,4
Utilities,de.danoeh.antennapod::3080095,9,1,popularity_9,14
Utilities,es.ottplayer.tv::16842877,9,1,popularity_9,8
Utilities,fr.lapostemobile.appliclient::61,9,1,popularity_9,2
Utilities,net.fetnet.fetvod::937,9,1,popularity_9,30
Utilities,original.alarm.clock::66,9,1,popularity_9,18
Utilities,pt.iol.tviplayer.android::314,9,1,popularity_9,46
Utilities,ch.cern.cernbox::43000100,3,1,popularity_3,12
Utilities,cn.com.tiro.virtualremote::113,3,1,popularity_3,53
Utilities,com.Jupet.coloringfootballlogos::1,3,1,popularity_3,11
Utilities,com.asis.petechmobil::19,3,1,popularity_3,58
Utilities,com.bfi.rca.gabon::2,3,1,popularity_3,20
Utilities,com.biosys.tdcheck::13,3,1,popularity_3,19
Utilities,com.caftrade.app::22091910,3,1,popularity_3,4
Utilities,com.calculos.laborales::60,3,1,popularity_3,4
Utilities,com.couponapp2.chain.tac15031::6080,3,1,popularity_3,6
Utilities,com.etms.employee::15,3,1,popularity_3,18
Utilities,com.foodbooking.nizamat::5741,3,1,popularity_3,10
Utilities,com.horairesprierefrance.frenchprayertimes::18,3,1,popularity_3,2
Utilities,com.magzter.atlastarih::806,3,1,popularity_3,4
Utilities,com.meuradinho.radio14415::561,3,1,popularity_3,12
Utilities,com.onefitstop.fitnesstimefl::6,3,1,popularity_3,7
Utilities,com.sadanimewallpaper.masmasstudio::6,3,1,popularity_3,6
Utilities,com.sanaedutech.accounts_auditing::234,3,1,popularity_3,4
Utilities,com.sejood.elsahw::1005,3,1,popularity_3,2
Utilities,com.siamtele.user::94,3,1,popularity_3,40
Utilities,com.subsplash.thechurchapp.s_TP3JNC::2291,3,1,popularity_3,6
Utilities,com.two.ukcitizenship::10,3,1,popularity_3,12
Utilities,com.ymaa.waterstyle::6,3,1,popularity_3,2
Utilities,it.taxrefund.taxrefund::9,3,1,popularity_3,6
Utilities,lb.android.pillcontrol::13,3,1,popularity_3,2
Utilities,parentsalarm.green.valley.international.school.pusa.samastipur.bihar::2,3,1,popularity_3,2
Utilities,ua.radio.gsmboom::168,3,1,popularity_3,18
Utilities,br.com.movibrasil.taxi.drivermachine::915,2,1,popularity_2,36
Utilities,com.app.user.sureEcosystem::51,2,1,popularity_2,14
Utilities,com.fnoex.fan.uncbears::20001548,2,1,popularity_2,7
Utilities,com.keywee.shipping.shipitto::29,2,1,popularity_2,10
Utilities,com.mappytom.manager_app::63,2,1,popularity_2,4
Utilities,com.marchas.semana_santa::3,2,1,popularity_2,12
Utilities,com.netpulse.mobile.fysiozorgrijssen::106,2,1,popularity_2,30
Utilities,com.rootekstudio.repeatsandroid::2080013,2,1,popularity_2,15
Utilities,com.social.ekchat::78,2,1,popularity_2,10
Utilities,com.socorroec.smartapps::626,2,1,popularity_2,52
Utilities,com.subsplash.thechurchapp.tricitiesbaptistchurch::2290,2,1,popularity_2,6
Utilities,com.tenapps.allindianews::7,2,1,popularity_2,13
Utilities,com.teramatrix.vos::60,2,1,popularity_2,9
Utilities,hl.weightloss.fitness.calories.counter.diet.plan::6,2,1,popularity_2,11
Utilities,nl.mijnbezorgapp.kid_85::84,2,1,popularity_2,14
Utilities,ru.navikey.airlayobjectcollector::409,2,1,popularity_2,4
Utilities,stereo.grandeza::5,2,1,popularity_2,126
Utilities,com.bekids.gogotown.unicorns::144,8,1,popularity_8,6
Utilities,com.bmw.ConnectedRide::551010,8,1,popularity_8,17
Utilities,com.callhistory.contacts.calllog::86,8,1,popularity_8,16
Utilities,com.danale.video::10199,8,1,popularity_8,48
Utilities,com.discipleskies.gpsreset::42,8,1,popularity_8,2
Utilities,com.ecs.roboshadow::3601,8,1,popularity_8,7
Utilities,com.etoos.india.app::200,8,1,popularity_8,39
Utilities,com.findpenguins.app::436,8,1,popularity_8,4
Utilities,com.house.jjs::596,8,1,popularity_8,40
Utilities,com.infinityapps.gps.location.navigation.route.maps::40,8,1,popularity_8,8
Utilities,com.keiind.connect::62,8,1,popularity_8,13
Utilities,com.mpayapp::194,8,1,popularity_8,4
Utilities,com.peachlive.android::28,8,1,popularity_8,32
Utilities,com.photomath.mathsolver::12,8,1,popularity_8,8
Utilities,com.pixsterstudio.captions::38,8,1,popularity_8,6
Utilities,com.pocketgroup.pocketpay::340,8,1,popularity_8,15
Utilities,com.prompt.ma.maapplicationfinalAmul::50,8,1,popularity_8,18
Utilities,com.questalliance.myquest::101,8,1,popularity_8,21
Utilities,com.rtve.mas24::87,8,1,popularity_8,18
Utilities,com.x2line.android.milkybaby::26144281,8,1,popularity_8,14
Utilities,de.rooehler.bikecomputer::262,8,1,popularity_8,45
Utilities,org.chennaimetrorail.appv1::161,8,1,popularity_8,26
Utilities,pt.sapo.android.cloudpt::120,8,1,popularity_8,30
Utilities,ru.appkode.mozen::678,8,1,popularity_8,8
Utilities,ru.tutu.tutu_bus::48000,8,1,popularity_8,6
Utilities,smf.kupiavto::810,8,1,popularity_8,7
Utilities,systems.altura.aclient.cnel::1280,8,1,popularity_8,26
Utilities,volume.bass.virtrualizer.equalizer.sound.effect::7,8,1,popularity_8,6
Utilities,au.com.idfish.app::68,6,1,popularity_6,14
Utilities,com.app.radiojibi::23,6,1,popularity_6,10
Utilities,com.arvin.applemessagepro::30,6,1,popularity_6,4
Utilities,com.craftsilicon.wazalendo::33,6,1,popularity_6,2
Utilities,com.emlaksitem.android::423,6,1,popularity_6,33
Utilities,com.getjoydev.ghanaradios::19,6,1,popularity_6,12
Utilities,com.goder.busquerysystembeta::587,6,1,popularity_6,80
Utilities,com.golfboxdk::238,6,1,popularity_6,16
Utilities,com.klinqq.app::59,6,1,popularity_6,6
Utilities,com.makeshop.powerapp.lusida::10001,6,1,popularity_6,2
Utilities,com.manhajona.OmarAbdelkafy::1005,6,1,popularity_6,2
Utilities,com.messages.chattext::14,6,1,popularity_6,2
Utilities,com.minimiew.kamkomsawaddee::9,6,1,popularity_6,2
Utilities,com.qgroupmedia.qnews::9,6,1,popularity_6,12
Utilities,com.rsudalihsan.mobile::36,6,1,popularity_6,2
Utilities,com.safeme.calculator::50,6,1,popularity_6,22
Utilities,com.shootwords.main::91,6,1,popularity_6,49
Utilities,com.speechtotext.voicetyping.alllanguages.converter.notes::9,6,1,popularity_6,10
Utilities,ges.com.antalyasmartcity::61,6,1,popularity_6,2
Utilities,pl.onet.onetaudio::5619,6,1,popularity_6,9
Utilities,smartcoder.click_tv::133,6,1,popularity_6,50
Utilities,tamil.manthirangal::9,6,1,popularity_6,24
Utilities,aplus.droitfiscal::37,4,1,popularity_4,4
Utilities,co.dudo.podcastvn::28,4,1,popularity_4,19
Utilities,com.AwamiSolution.flipimagemirrorimage::13,4,1,popularity_4,4
Utilities,com.coverforyou.app::25,4,1,popularity_4,3
Utilities,com.crn.skesh::131,4,1,popularity_4,20
Utilities,com.ctappstudio.imdoodle::23,4,1,popularity_4,39
Utilities,com.delivery.asiaExpress::245,4,1,popularity_4,18
Utilities,com.djfoxstudio.drawtoolbox::66,4,1,popularity_4,12
Utilities,com.dragoma.frko::229,4,1,popularity_4,14
Utilities,com.eco.tour::47,4,1,popularity_4,2
Utilities,com.fox.foxfast.universal::434,4,1,popularity_4,34
Utilities,com.gpsmycity.android.u134::55,4,1,popularity_4,2
Utilities,com.hellothupten.lametro::20210802,4,1,popularity_4,9
Utilities,com.landl.gzbus::42,4,1,popularity_4,6
Utilities,com.learnateso.learn_ateso::40,4,1,popularity_4,5
Utilities,com.lekseek.aptekarzInterakcje::134,4,1,popularity_4,8
Utilities,com.multiestetica.companies::112,4,1,popularity_4,8
Utilities,com.mysalesforce.mycommunity.C00D2p000000UXa9EAG.A0OT2p000000KyjHGAS.app1::111200000,4,1,popularity_4,4
Utilities,com.netpulse.mobile.maxxfitnessclubzz::139,4,1,popularity_4,34
Utilities,com.online.quiz::10,4,1,popularity_4,23
Utilities,com.pragma.scientistsinventionsanddiscoveries::5,4,1,popularity_4,19
Utilities,in.myinnos.batteryinfopro::50,4,1,popularity_4,13
Utilities,shah.jinraag::5,4,1,popularity_4,4
Utilities,so.ateya.ahmed.Akedah_Wastyah_Lib_BT::7,4,1,popularity_4,68
Utilities,all.language.translator.hub.malayalamtosamoantranslator::1,0,1,popularity_0,15
Utilities,aplus.strafrecht::37,0,1,popularity_0,4
Utilities,co.massmobileapps.porkmafia::3,0,1,popularity_0,131
Utilities,com.app.radioelsalvador::2,0,1,popularity_0,2
Utilities,com.blossomsazz.app::1,0,1,popularity_0,22
Utilities,com.chownow.communitylanes::139,0,1,popularity_0,21
Utilities,com.clavax.fence_alarm::8,0,1,popularity_0,22
Utilities,com.cofox.kahunas.TheLabMethod::210,0,1,popularity_0,16
Utilities,com.divy.englishtolithuanian::26,0,1,popularity_0,2
Utilities,com.emcan.ahmedsharifapp::15,0,1,popularity_0,4
Utilities,com.foodbooking.plazamerengue::5469,0,1,popularity_0,10
Utilities,com.foodbooking.popeheaven::5397,0,1,popularity_0,10
Utilities,com.mohit.ingenium.tca639::157,0,1,popularity_0,17
Utilities,com.nupuit.agpc::5,0,1,popularity_0,450
Utilities,com.pegasustech.smartstores::10,0,1,popularity_0,10
Utilities,com.phinion.gcepluselearning::2,0,1,popularity_0,2
Utilities,com.questblue.sipblue2::5,0,1,popularity_0,6
Utilities,com.rsmnm.driver::26,0,1,popularity_0,21
Utilities,com.schoolmatenuvo.pierrepaul::100,0,1,popularity_0,5
Utilities,com.sekaku.williamxia.tmix164::11,0,1,popularity_0,4
Utilities,com.taximo.dispatch::11,0,1,popularity_0,41
Utilities,com.tfi.eventapp::121,0,1,popularity_0,38
Utilities,com.yardi.systems.rentcafe.resident.thomassafran.astra::2,0,1,popularity_0,4
Utilities,hu.tell.tellmonapp::22,0,1,popularity_0,2
Utilities,net.wdsvlc.usa_radio_chicago_illinois_united_states::24,0,1,popularity_0,4
Utilities,radio.eclipse8::1,0,1,popularity_0,26
Utilities,translateapp.chinese.english::1,0,1,popularity_0,18
Utilities,appinventor.ai_mmfrutos7878.Ancleaner::188,10,1,popularity_10,44
Utilities,com.AppRocks.now.prayer::907,10,1,popularity_10,11
Utilities,com.Seabaa.Dual::1514,10,1,popularity_10,8
Utilities,com.aryservices.arynews.en::80970,10,1,popularity_10,18
Utilities,com.beki.live::50,10,1,popularity_10,107
Utilities,com.bigfishgames.gummydropgoogle::51803001,10,1,popularity_10,8
Utilities,com.chase.sig.android::464474918,10,1,popularity_10,16
Utilities,com.cosima.ryt3mus::508,10,1,popularity_10,4
Utilities,com.cutestudio.led.color.sms::244,10,1,popularity_10,4
Utilities,com.erudite.translator::86,10,1,popularity_10,63
Utilities,com.free.neo.vpn::77761,10,1,popularity_10,10
Utilities,com.gameloft.android.ANMP.GloftIVHM::21401,10,1,popularity_10,72
Utilities,com.jeremysteckling.facerrel::1111820,10,1,popularity_10,2
Utilities,com.koreanair.passenger::608,10,1,popularity_10,15
Utilities,com.lightinthebox.android::88602,10,1,popularity_10,37
Utilities,com.ncloudtech.cloudoffice::2915035,10,1,popularity_10,13
Utilities,com.nhn.android.navertv::1091500,10,1,popularity_10,15
Utilities,com.photovideo.slideshowmaker.makerslideshow::151,10,1,popularity_10,8
Utilities,com.sgk.eganna.in::59,10,1,popularity_10,4
Utilities,com.tmobile.vvm.application::784457,10,1,popularity_10,5
Utilities,com.tmobtech.halkbank::5221,10,1,popularity_10,11
Utilities,com.vpnoneclick.android::315,10,1,popularity_10,13
Utilities,com.wachanga.pregnancy::400269,10,1,popularity_10,48
Utilities,imagetopdf.pdfconverter.jpgtopdf.pdfeditor::80,10,1,popularity_10,2
Utilities,in.mylo.pregnancy.baby.app::10703,10,1,popularity_10,32
Utilities,in.vineetsirohi.customwidget::319,10,1,popularity_10,3
Utilities,jp.gocro.smartnews.android::884,10,1,popularity_10,8
Utilities,jp.happyon.android::300002717,10,1,popularity_10,20
Utilities,musicdownloader.monster.videodownloader::24,10,1,popularity_10,14
Utilities,tv.remote.control.firetv::1153,10,1,popularity_10,8
Utilities,vidstatus.com::30,10,1,popularity_10,29
Utilities,com.agiliron::5,1,1,popularity_1,5
Utilities,com.aiobhd.statussaver::3,1,1,popularity_1,2
Utilities,com.ec.kimersoft.secureapp::40,1,1,popularity_1,5
Utilities,com.geliossoft.gruzolot_dispatcher::1,1,1,popularity_1,2
Utilities,com.monbuilding.app.noecampus::3422,1,1,popularity_1,2
Utilities,com.onlister.guidancekoyilandy::9,1,1,popularity_1,5
Utilities,com.pixipine.jalees::17,1,1,popularity_1,10
Utilities,com.rpn.erfahislamicvoice::10,1,1,popularity_1,7
Utilities,com.swapcard.apps.android.lngamericas2021::9000635,1,1,popularity_1,13
Utilities,com.trainerize.sustainablechangeltd::837000,1,1,popularity_1,2
Utilities,com.wego.cita::10,1,1,popularity_1,3
Utilities,com.wook.market::12,1,1,popularity_1,2
Utilities,com.xgroupsrl.dipe.smart::400403,1,1,popularity_1,2
Utilities,com.ztcx.ai::7,1,1,popularity_1,2
Utilities,de.appack.project.tbruit::1,1,1,popularity_1,2
Utilities,ie.flipdish.fd18090::81467,1,1,popularity_1,2
Utilities,ie.flipdish.fd3678::52777,1,1,popularity_1,2
Utilities,mobile.en.com.educationalnetworksmobile.wheeler::15,1,1,popularity_1,7
Utilities,nl.oosternijkerk::12,1,1,popularity_1,2
Utilities,at.oamtc.cityguide::30700003,7,1,popularity_7,3
Utilities,com.autocab.driverapp::9930,7,1,popularity_7,5
Utilities,com.barasan.cookiekingdomcode::51,7,1,popularity_7,3
Utilities,com.bosch.boschlevellingremoteapp::153,7,1,popularity_7,2
Utilities,com.dacappsdev.goodnight::21,7,1,popularity_7,2
Utilities,com.frontphoto.gallery::20,7,1,popularity_7,2
Utilities,com.g4app::165,7,1,popularity_7,2
Utilities,com.geoactio.avanzalargorecorrido::18,7,1,popularity_7,2
Utilities,com.getwheelsapp.wheels::2181,7,1,popularity_7,2
Utilities,com.gpsroutefinder.appbuzmaps::16,7,1,popularity_7,2
Utilities,com.myhealthsphere.challenger::85003070,7,1,popularity_7,2
Utilities,com.nobexinc.wls_66087017.rc::507006,7,1,popularity_7,2
Utilities,com.redbull.wingsforlifeworldrun::90000201,7,1,popularity_7,2
Utilities,com.taw9el.couponredeem::5,7,1,popularity_7,2
Utilities,com.xhlab.alarmob::236,7,1,popularity_7,5
Utilities,dosimi.subway::125,7,1,popularity_7,2
Utilities,idea.online_backgammon::96,7,1,popularity_7,2
Utilities,kr.co.seoulgas.cash::137,7,1,popularity_7,9
Utilities,loudringtones.tonosfuertesparaelmovil::8,7,1,popularity_7,1
Utilities,rcglobal.android.kiha::109,7,1,popularity_7,2
Utilities,ru.atomsbt.mobile::91,7,1,popularity_7,2
Utilities,videochat.livevideocall.randomvideocall.livechat::45,7,1,popularity_7,7
Utilities,com.dabdeveloper.moviedb.android::35,5,1,popularity_5,3
Utilities,com.david.mybaby::150,5,1,popularity_5,2
Utilities,com.enctech.sleeptracker::58,5,1,popularity_5,3
Utilities,com.engagement.ringsdesign::18,5,1,popularity_5,2
Utilities,com.filter.camera.ccd.cam1998::12,5,1,popularity_5,2
Utilities,com.greatcatholicmusic.app::12,5,1,popularity_5,2
Utilities,com.pccomputer.udhar_khata_book::10,5,1,popularity_5,29
Utilities,com.ribotask.sense::67,5,1,popularity_5,3
Utilities,com.sonidos.chilenos::6,5,1,popularity_5,2
Utilities,jp.co.a_tm.android.plus_autumn_color::1000,5,1,popularity_5,6
Utilities,jp.co.okinawatimes.viewer.and::25,5,1,popularity_5,2
Utilities,kr.co.echeck.smu::20301,5,1,popularity_5,3
Utilities,robo.forrest.fairy.sword.tree.tower.craft::7,5,1,popularity_5,3
Utilities,ru.amigo.app::46,5,1,popularity_5,7
Utilities,uk.co.image_plus.propertyinvestor::39,5,1,popularity_5,2
Utilities,br.lgfelicio::9268,9,1,popularity_9,3
Utilities,com.aplicativoslegais.topstickers::49,9,1,popularity_9,2
Utilities,com.appg.ebridge::209411,9,1,popularity_9,2
Utilities,com.awabe.learnenglish::60,9,1,popularity_9,2
Utilities,com.channelnewsasia::233,9,1,popularity_9,2
Utilities,com.fanstudio.lienkhucnhacvang.nhactrutinh::22,9,1,popularity_9,2
Utilities,com.hilokal::266,9,1,popularity_9,2
Utilities,com.jksol.voicerecodeing::945,9,1,popularity_9,2
Utilities,com.liogaming.dlskits::8,9,1,popularity_9,3
Utilities,com.polydice.icook::96360,9,1,popularity_9,2
Utilities,de.elfsoft.bestbrokers::81,9,1,popularity_9,8
Utilities,it.creaweb.ucicinemas::61,9,1,popularity_9,3
Utilities,my.Frank::538,9,1,popularity_9,1
Utilities,org.solovyev.android.calculator::164,9,1,popularity_9,10
Utilities,pt.cp.mobiapp::285,9,1,popularity_9,4
Utilities,sportsguru.ipl.cricket.expert::10,9,1,popularity_9,18
Utilities,chat.butler.panel::88,3,1,popularity_3,2
Utilities,com.Citron.petersapp::5,3,1,popularity_3,7
Utilities,com.androidappsworldmx.kissfmespana::20230326,3,1,popularity_3,9
Utilities,com.coopersfiaam::35,3,1,popularity_3,27
Utilities,com.gcart.android.tokojsfashion::10,3,1,popularity_3,7
Utilities,com.justlogin.newkiosk::40,3,1,popularity_3,2
Utilities,com.mamastudio.banglaquiz::6,3,1,popularity_3,2
Utilities,com.netizensconnect.student::4,3,1,popularity_3,31
Utilities,com.olo.skrimpshack::11474,3,1,popularity_3,2
Utilities,com.shuvic.alumni.sungnamob::18,3,1,popularity_3,5
Utilities,com.umnico.android::1054,3,1,popularity_3,4
Utilities,com.walking.fun.rewards.fitness.fitzu::77,3,1,popularity_3,3
Utilities,com.weblogy.acotonou.com::20,3,1,popularity_3,27
Utilities,com.zoop.caparao::107,3,1,popularity_3,2
Utilities,clipescola.android.aster::10512,2,1,popularity_2,38
Utilities,com.adelya.otv2::239,2,1,popularity_2,6
Utilities,com.alphaapps.awfarlak::11,2,1,popularity_2,2
Utilities,com.appsfreestations.radiosdeadalucia::7,2,1,popularity_2,7
Utilities,com.beoneapps.rutadelaplata::11,2,1,popularity_2,2
Utilities,com.citygovapp.washoeir::8,2,1,popularity_2,2
Utilities,com.doodle.dehqon::15,2,1,popularity_2,2
Utilities,com.fitnessmobileapps.sportsethealthandfitness::620000,2,1,popularity_2,2
Utilities,com.heydomo.vendors::19,2,1,popularity_2,1
Utilities,com.ingeniando.ciudadelaelejercito::3,2,1,popularity_2,2
Utilities,com.praxinfo.gtc::10005,2,1,popularity_2,2
Utilities,com.stranger_thingss.wallpaper::10,2,1,popularity_2,5
Utilities,com.subsplashconsulting.s_2WH3CQ::2245,2,1,popularity_2,2
Utilities,com.tokai.coraline::1,2,1,popularity_2,2
Utilities,com.whiteclouds.christmascakeideagallery::8,2,1,popularity_2,5
Utilities,kr.ac.jbnu.ch::3634,2,1,popularity_2,7
Utilities,to.ord.app::32,2,1,popularity_2,2
Utilities,uk.co.audiotrails.stmagnusway::9,2,1,popularity_2,7
Utilities,binaural.studymusic.brainwave.focusmusic.binauralbeats::32,8,1,popularity_8,1
Utilities,com.androston.lovepictures::13,8,1,popularity_8,2
Utilities,com.chereads.reader::395,8,1,popularity_8,3
Utilities,com.figooo.second::10,8,1,popularity_8,13
Utilities,com.karma.life::3263,8,1,popularity_8,2
Utilities,com.londonandpartners.londonguide::31940000,8,1,popularity_8,2
Utilities,com.moall.farmerstore88::38,8,1,popularity_8,3
Utilities,se.jagareforbundet.wehunt::2401321,8,1,popularity_8,7
Utilities,uk.co.travelrepublic.travelrepublic::545,8,1,popularity_8,3
Utilities,video.tube.play.tube.videotube.playtube.musictube.movietube::10109,8,1,popularity_8,1
Utilities,app.typographic.typographic::33,6,1,popularity_6,2
Utilities,com.app.azantime::58,6,1,popularity_6,2
Utilities,com.connectiq.r485.mapsr485companion::214,6,1,popularity_6,2
Utilities,com.equitygroup.equityrsa::15,6,1,popularity_6,3
Utilities,com.freemium.android.apps.skipal::440,6,1,popularity_6,1
Utilities,com.mcb.rahul::11,6,1,popularity_6,3
Utilities,com.quarantadue.cocktails::41,6,1,popularity_6,2
Utilities,com.silvertrac.mob::4058,6,1,popularity_6,2
Utilities,de.virality.dieschulapp.ui::149,6,1,popularity_6,2
Utilities,kz.alser.selfservice::2343,6,1,popularity_6,7
Utilities,org.katieone::44,6,1,popularity_6,2
Utilities,ru.webvo.book.AOTNDEZKOFBQNZJW::10,6,1,popularity_6,2
Utilities,com.appscho.appschov2.esg::13001,4,1,popularity_4,2
Utilities,com.deutschlandradiofm.germanyradio::7,4,1,popularity_4,7
Utilities,com.electra.webapp.webtech::20,4,1,popularity_4,2
Utilities,com.mycinemahall::101050500,4,1,popularity_4,2
Utilities,com.playlanka.bukiyewadan::56,4,1,popularity_4,5
Utilities,com.virenter.books.aaaav::10,4,1,popularity_4,2
Utilities,countries.of.the.world::4,4,1,popularity_4,5
Utilities,in.co.mfonline::33,4,1,popularity_4,2
Utilities,uk.co.disciplemedia.thezebraclub::44214,4,1,popularity_4,2
Utilities,com.app.soivyfi::135,0,1,popularity_0,2
Utilities,com.bertholucci.potd::5,0,1,popularity_0,2
Utilities,com.chownow.howardscharro::140,0,1,popularity_0,2
Utilities,com.chownow.pizzaparlor::1,0,1,popularity_0,2
Utilities,com.dieffetech.eolas::2,0,1,popularity_0,2
Utilities,com.ideabytes.dgsms.midland::22,0,1,popularity_0,7
Utilities,com.pilbeo.pilbeo_pumpkin_android::17,0,1,popularity_0,2
Utilities,com.pioneers.misrel_mostaabal::1,0,1,popularity_0,2
Utilities,com.pioneers.wahtal_abnaa_al_alamia::4,0,1,popularity_0,2
Utilities,com.quantresearch.exam.ccrn::10,0,1,popularity_0,2
Utilities,com.service.madactylo::3,0,1,popularity_0,2
Utilities,com.shoutcast.stm.radiosupergospelpr::1,0,1,popularity_0,2
Utilities,conversor.conversaotaxasbasico.krwisk::37,0,1,popularity_0,5
Utilities,es.wemakeit.couto::51,0,1,popularity_0,12
Utilities,ie.flipdish.fd24065::64301,0,1,popularity_0,2
Utilities,io.mimin.keyboard::5,0,1,popularity_0,2
Utilities,qoresh.social.friendshipquotes::1,0,1,popularity_0,3
Utilities,ru.quickresto.qrqueue::62001,0,1,popularity_0,2
Utilities,cleaner.clean.booster::231,10,1,popularity_10,2
Utilities,com.SouthernPacificOceanFisher.VoiceToText_memo::186,10,1,popularity_10,32
Utilities,com.apnax.wordpark::49,10,1,popularity_10,2
Utilities,com.bitaksi.musteri::440830303,10,1,popularity_10,7
Utilities,com.kddi.android.videopass::40000131,10,1,popularity_10,2
Utilities,com.kumobius.android.walljumper::23,10,1,popularity_10,3
Utilities,com.scb.phone::9421,10,1,popularity_10,25
Utilities,handasoft.mobile.divination::2913,10,1,popularity_10,2
Utilities,it.vincenzoamoruso.theinterpreter::20299,10,1,popularity_10,1
Utilities,jp.or.nhk.news::81,10,1,popularity_10,2
miscellaneous,ch.gooods::358,1,1,popularity_1,26
miscellaneous,com.appworkout.fitbutler.demo::1277,1,1,popularity_1,17
miscellaneous,com.avempace.smaart.doorphone::7365,1,1,popularity_1,31
miscellaneous,com.cta.liquorestorehash::46,1,1,popularity_1,48
miscellaneous,com.digion.dixim.security.app::4,1,1,popularity_1,14
miscellaneous,com.eduven.cg.norway::10,1,1,popularity_1,18
miscellaneous,com.ensivosolutions.studyflix::6,1,1,popularity_1,4
miscellaneous,com.foodbooking.heatcafedubai::4433,1,1,popularity_1,9
miscellaneous,com.nani_wellness::13,1,1,popularity_1,24
miscellaneous,com.nupuit.ncid::10,1,1,popularity_1,112
miscellaneous,com.omning.omniboard.lck1203::31,1,1,popularity_1,19
miscellaneous,com.subsplash.thechurchapp.s_5B3SBT::2290,1,1,popularity_1,19
miscellaneous,com.vidmo.freedownloader::7,1,1,popularity_1,21
miscellaneous,es.bandomovil.serrejon.informa::12,1,1,popularity_1,6
miscellaneous,es.bandomovil.villahermosadelrio.informa::13,1,1,popularity_1,6
miscellaneous,es.cgb.voluntariadosalamanca::6,1,1,popularity_1,8
miscellaneous,es.tpc.matchpoint.appclient.costaricatennisclub::81,1,1,popularity_1,22
miscellaneous,gr.activesolutions.dispatch::17,1,1,popularity_1,9
miscellaneous,radfan.yemoney::567,1,1,popularity_1,14
miscellaneous,ru.domopult.sajva.android::894,1,1,popularity_1,12
miscellaneous,au.com.console.tenant::11563,7,1,popularity_7,14
miscellaneous,com.androidfin.STFCUnoPackage::118,7,1,popularity_7,22
miscellaneous,com.appwalied.quran::41,7,1,popularity_7,6
miscellaneous,com.arppha::375,7,1,popularity_7,6
miscellaneous,com.byappsc.shehj::266,7,1,popularity_7,26
miscellaneous,com.etoos.app.wm::10131,7,1,popularity_7,10
miscellaneous,com.ihad.ptt::40762,7,1,popularity_7,34
miscellaneous,com.ilib.stepbystepsalah::6,7,1,popularity_7,2
miscellaneous,com.jehutyno.yomikata::65,7,1,popularity_7,10
miscellaneous,com.madarsoft.alsonan::10018,7,1,popularity_7,24
miscellaneous,com.msf.ket::72,7,1,popularity_7,11
miscellaneous,com.sagamill.stocksalerter::44,7,1,popularity_7,23
miscellaneous,com.wovibe.hotplayer::9,7,1,popularity_7,10
miscellaneous,dk.mochsoft.vnc::26,7,1,popularity_7,18
miscellaneous,eu.tresfactory.lupaalertemasina::580,7,1,popularity_7,21
miscellaneous,id.code.wings::1300022,7,1,popularity_7,5
miscellaneous,me.voicemap.android::1062,7,1,popularity_7,16
miscellaneous,br.com.originalsoftware.taxifonecliente.teleTaxiSalvador::3665,5,1,popularity_5,8
miscellaneous,com.appg.bankdiary.client::11,5,1,popularity_5,23
miscellaneous,com.homecu.bwuccu::2097,5,1,popularity_5,10
miscellaneous,com.imzhiqiang.period::10701,5,1,popularity_5,32
miscellaneous,com.locatify.guide.bslauschtour::979,5,1,popularity_5,8
miscellaneous,com.magazinecloner.hotenglish::2034071301,5,1,popularity_5,4
miscellaneous,com.mysiteanalytics.msa::116,5,1,popularity_5,4
miscellaneous,com.newlinks.intercomclient::43,5,1,popularity_5,28
miscellaneous,com.oustme.gsf::710,5,1,popularity_5,119
miscellaneous,com.proapps.sword.sounds::1001,5,1,popularity_5,5
miscellaneous,com.simplexi.messenger::2021020104,5,1,popularity_5,16
miscellaneous,com.tegut.tbox::2000000542,5,1,popularity_5,17
miscellaneous,com.urvas.marathistatus::3,5,1,popularity_5,3
miscellaneous,jp.gomisuke.app.Gomisuke0003::12,5,1,popularity_5,4
miscellaneous,li.yapp.app69E42EC1::13,5,1,popularity_5,13
miscellaneous,net.mohadaratdiniya.fatawa.ibnuthaymeen::1002,5,1,popularity_5,5
miscellaneous,quran.tilawatequran.mahermaaiqli::1001,5,1,popularity_5,3
miscellaneous,so.ateya.ahmed.Lagna_Daamah::4,5,1,popularity_5,56
miscellaneous,sukron.com.animal::8,5,1,popularity_5,14
miscellaneous,com.angel.world.clock::14,9,1,popularity_9,6
miscellaneous,com.app.sefamerve::172,9,1,popularity_9,14
miscellaneous,com.astroid.yodha::45840004,9,1,popularity_9,5
miscellaneous,com.bhima.filterfocusname::57,9,1,popularity_9,5
miscellaneous,com.brother.ptouch.iprintandlabel::131,9,1,popularity_9,6
miscellaneous,com.buscounchollo::552,9,1,popularity_9,4
miscellaneous,com.czw.freefit::797,9,1,popularity_9,77
miscellaneous,com.daily.holybiblelite::125,9,1,popularity_9,49
miscellaneous,com.fourksoft.openvpn::407,9,1,popularity_9,26
miscellaneous,com.hunkemoller::2791,9,1,popularity_9,14
miscellaneous,com.igg.android.clashoflords2it::1000260,9,1,popularity_9,52
miscellaneous,com.ihuaj.gamecc.global::143,9,1,popularity_9,41
miscellaneous,com.nudi.bkn.sapk::82,9,1,popularity_9,2
miscellaneous,com.offline.poetry::202,9,1,popularity_9,14
miscellaneous,com.photoslideshow.birthdayvideomaker::32,9,1,popularity_9,22
miscellaneous,com.rewardstyle.liketoknowit::10640,9,1,popularity_9,14
miscellaneous,com.teegloyalty.timezone::245,9,1,popularity_9,45
miscellaneous,com.tempnumber.Temp_Number.Temp_Number::69,9,1,popularity_9,8
miscellaneous,controllers.marham.marhammed::481,9,1,popularity_9,17
miscellaneous,de.danoeh.antennapod::3080095,9,1,popularity_9,12
miscellaneous,es.ottplayer.tv::16842877,9,1,popularity_9,4
miscellaneous,fr.lapostemobile.appliclient::61,9,1,popularity_9,4
miscellaneous,net.fetnet.fetvod::937,9,1,popularity_9,45
miscellaneous,original.alarm.clock::66,9,1,popularity_9,69
miscellaneous,pt.iol.tviplayer.android::314,9,1,popularity_9,16
miscellaneous,ch.cern.cernbox::43000100,3,1,popularity_3,11
miscellaneous,cn.com.tiro.virtualremote::113,3,1,popularity_3,38
miscellaneous,com.Jupet.coloringfootballlogos::1,3,1,popularity_3,6
miscellaneous,com.asis.petechmobil::19,3,1,popularity_3,55
miscellaneous,com.bfi.rca.gabon::2,3,1,popularity_3,24
miscellaneous,com.biosys.tdcheck::13,3,1,popularity_3,6
miscellaneous,com.caftrade.app::22091910,3,1,popularity_3,40
miscellaneous,com.calculos.laborales::60,3,1,popularity_3,2
miscellaneous,com.couponapp2.chain.tac15031::6080,3,1,popularity_3,46
miscellaneous,com.etms.employee::15,3,1,popularity_3,6
miscellaneous,com.foodbooking.nizamat::5741,3,1,popularity_3,9
miscellaneous,com.horairesprierefrance.frenchprayertimes::18,3,1,popularity_3,2
miscellaneous,com.magzter.atlastarih::806,3,1,popularity_3,45
miscellaneous,com.meuradinho.radio14415::561,3,1,popularity_3,35
miscellaneous,com.onefitstop.fitnesstimefl::6,3,1,popularity_3,35
miscellaneous,com.sadanimewallpaper.masmasstudio::6,3,1,popularity_3,4
miscellaneous,com.sanaedutech.accounts_auditing::234,3,1,popularity_3,14
miscellaneous,com.sejood.elsahw::1005,3,1,popularity_3,3
miscellaneous,com.siamtele.user::94,3,1,popularity_3,12
miscellaneous,com.subsplash.thechurchapp.s_TP3JNC::2291,3,1,popularity_3,19
miscellaneous,com.two.ukcitizenship::10,3,1,popularity_3,17
miscellaneous,com.ymaa.waterstyle::6,3,1,popularity_3,2
miscellaneous,it.taxrefund.taxrefund::9,3,1,popularity_3,15
miscellaneous,lb.android.pillcontrol::13,3,1,popularity_3,11
miscellaneous,parentsalarm.green.valley.international.school.pusa.samastipur.bihar::2,3,1,popularity_3,2
miscellaneous,ua.radio.gsmboom::168,3,1,popularity_3,22
miscellaneous,br.com.movibrasil.taxi.drivermachine::915,2,1,popularity_2,41
miscellaneous,com.app.user.sureEcosystem::51,2,1,popularity_2,2
miscellaneous,com.fnoex.fan.uncbears::20001548,2,1,popularity_2,17
miscellaneous,com.keywee.shipping.shipitto::29,2,1,popularity_2,8
miscellaneous,com.mappytom.manager_app::63,2,1,popularity_2,4
miscellaneous,com.marchas.semana_santa::3,2,1,popularity_2,17
miscellaneous,com.netpulse.mobile.fysiozorgrijssen::106,2,1,popularity_2,34
miscellaneous,com.rootekstudio.repeatsandroid::2080013,2,1,popularity_2,14
miscellaneous,com.social.ekchat::78,2,1,popularity_2,21
miscellaneous,com.socorroec.smartapps::626,2,1,popularity_2,51
miscellaneous,com.subsplash.thechurchapp.tricitiesbaptistchurch::2290,2,1,popularity_2,19
miscellaneous,com.tenapps.allindianews::7,2,1,popularity_2,8
miscellaneous,com.teramatrix.vos::60,2,1,popularity_2,6
miscellaneous,hl.weightloss.fitness.calories.counter.diet.plan::6,2,1,popularity_2,9
miscellaneous,nl.mijnbezorgapp.kid_85::84,2,1,popularity_2,44
miscellaneous,ru.navikey.airlayobjectcollector::409,2,1,popularity_2,3
miscellaneous,stereo.grandeza::5,2,1,popularity_2,138
miscellaneous,com.bekids.gogotown.unicorns::144,8,1,popularity_8,52
miscellaneous,com.bmw.ConnectedRide::551010,8,1,popularity_8,30
miscellaneous,com.callhistory.contacts.calllog::86,8,1,popularity_8,15
miscellaneous,com.danale.video::10199,8,1,popularity_8,77
miscellaneous,com.discipleskies.gpsreset::42,8,1,popularity_8,8
miscellaneous,com.ecs.roboshadow::3601,8,1,popularity_8,34
miscellaneous,com.etoos.india.app::200,8,1,popularity_8,50
miscellaneous,com.findpenguins.app::436,8,1,popularity_8,5
miscellaneous,com.house.jjs::596,8,1,popularity_8,50
miscellaneous,com.infinityapps.gps.location.navigation.route.maps::40,8,1,popularity_8,7
miscellaneous,com.keiind.connect::62,8,1,popularity_8,7
miscellaneous,com.mpayapp::194,8,1,popularity_8,33
miscellaneous,com.peachlive.android::28,8,1,popularity_8,52
miscellaneous,com.photomath.mathsolver::12,8,1,popularity_8,24
miscellaneous,com.pixsterstudio.captions::38,8,1,popularity_8,7
miscellaneous,com.pocketgroup.pocketpay::340,8,1,popularity_8,22
miscellaneous,com.prompt.ma.maapplicationfinalAmul::50,8,1,popularity_8,21
miscellaneous,com.questalliance.myquest::101,8,1,popularity_8,19
miscellaneous,com.rtve.mas24::87,8,1,popularity_8,21
miscellaneous,com.x2line.android.milkybaby::26144281,8,1,popularity_8,14
miscellaneous,de.rooehler.bikecomputer::262,8,1,popularity_8,20
miscellaneous,org.chennaimetrorail.appv1::161,8,1,popularity_8,17
miscellaneous,pt.sapo.android.cloudpt::120,8,1,popularity_8,33
miscellaneous,ru.appkode.mozen::678,8,1,popularity_8,21
miscellaneous,ru.tutu.tutu_bus::48000,8,1,popularity_8,13
miscellaneous,smf.kupiavto::810,8,1,popularity_8,26
miscellaneous,systems.altura.aclient.cnel::1280,8,1,popularity_8,12
miscellaneous,volume.bass.virtrualizer.equalizer.sound.effect::7,8,1,popularity_8,4
miscellaneous,au.com.idfish.app::68,6,1,popularity_6,10
miscellaneous,com.app.radiojibi::23,6,1,popularity_6,15
miscellaneous,com.arvin.applemessagepro::30,6,1,popularity_6,17
miscellaneous,com.craftsilicon.wazalendo::33,6,1,popularity_6,13
miscellaneous,com.emlaksitem.android::423,6,1,popularity_6,27
miscellaneous,com.getjoydev.ghanaradios::19,6,1,popularity_6,15
miscellaneous,com.goder.busquerysystembeta::587,6,1,popularity_6,80
miscellaneous,com.golfboxdk::238,6,1,popularity_6,27
miscellaneous,com.klinqq.app::59,6,1,popularity_6,18
miscellaneous,com.makeshop.powerapp.lusida::10001,6,1,popularity_6,18
miscellaneous,com.manhajona.OmarAbdelkafy::1005,6,1,popularity_6,3
miscellaneous,com.messages.chattext::14,6,1,popularity_6,8
miscellaneous,com.minimiew.kamkomsawaddee::9,6,1,popularity_6,2
miscellaneous,com.qgroupmedia.qnews::9,6,1,popularity_6,7
miscellaneous,com.rsudalihsan.mobile::36,6,1,popularity_6,11
miscellaneous,com.safeme.calculator::50,6,1,popularity_6,37
miscellaneous,com.shootwords.main::91,6,1,popularity_6,50
miscellaneous,com.speechtotext.voicetyping.alllanguages.converter.notes::9,6,1,popularity_6,8
miscellaneous,ges.com.antalyasmartcity::61,6,1,popularity_6,11
miscellaneous,pl.onet.onetaudio::5619,6,1,popularity_6,26
miscellaneous,smartcoder.click_tv::133,6,1,popularity_6,48
miscellaneous,tamil.manthirangal::9,6,1,popularity_6,75
miscellaneous,aplus.droitfiscal::37,4,1,popularity_4,4
miscellaneous,co.dudo.podcastvn::28,4,1,popularity_4,25
miscellaneous,com.AwamiSolution.flipimagemirrorimage::13,4,1,popularity_4,4
miscellaneous,com.coverforyou.app::25,4,1,popularity_4,6
miscellaneous,com.crn.skesh::131,4,1,popularity_4,19
miscellaneous,com.ctappstudio.imdoodle::23,4,1,popularity_4,32
miscellaneous,com.delivery.asiaExpress::245,4,1,popularity_4,16
miscellaneous,com.djfoxstudio.drawtoolbox::66,4,1,popularity_4,18
miscellaneous,com.dragoma.frko::229,4,1,popularity_4,25
miscellaneous,com.eco.tour::47,4,1,popularity_4,13
miscellaneous,com.fox.foxfast.universal::434,4,1,popularity_4,44
miscellaneous,com.gpsmycity.android.u134::55,4,1,popularity_4,13
miscellaneous,com.hellothupten.lametro::20210802,4,1,popularity_4,5
miscellaneous,com.landl.gzbus::42,4,1,popularity_4,38
miscellaneous,com.learnateso.learn_ateso::40,4,1,popularity_4,2
miscellaneous,com.lekseek.aptekarzInterakcje::134,4,1,popularity_4,11
miscellaneous,com.multiestetica.companies::112,4,1,popularity_4,9
miscellaneous,com.mysalesforce.mycommunity.C00D2p000000UXa9EAG.A0OT2p000000KyjHGAS.app1::111200000,4,1,popularity_4,4
miscellaneous,com.netpulse.mobile.maxxfitnessclubzz::139,4,1,popularity_4,32
miscellaneous,com.online.quiz::10,4,1,popularity_4,2
miscellaneous,com.pragma.scientistsinventionsanddiscoveries::5,4,1,popularity_4,16
miscellaneous,in.myinnos.batteryinfopro::50,4,1,popularity_4,15
miscellaneous,shah.jinraag::5,4,1,popularity_4,45
miscellaneous,so.ateya.ahmed.Akedah_Wastyah_Lib_BT::7,4,1,popularity_4,66
miscellaneous,all.language.translator.hub.malayalamtosamoantranslator::1,0,1,popularity_0,13
miscellaneous,aplus.strafrecht::37,0,1,popularity_0,4
miscellaneous,co.massmobileapps.porkmafia::3,0,1,popularity_0,117
miscellaneous,com.app.radioelsalvador::2,0,1,popularity_0,2
miscellaneous,com.blossomsazz.app::1,0,1,popularity_0,28
miscellaneous,com.chownow.communitylanes::139,0,1,popularity_0,21
miscellaneous,com.clavax.fence_alarm::8,0,1,popularity_0,52
miscellaneous,com.cofox.kahunas.TheLabMethod::210,0,1,popularity_0,14
miscellaneous,com.divy.englishtolithuanian::26,0,1,popularity_0,2
miscellaneous,com.emcan.ahmedsharifapp::15,0,1,popularity_0,2
miscellaneous,com.foodbooking.plazamerengue::5469,0,1,popularity_0,9
miscellaneous,com.foodbooking.popeheaven::5397,0,1,popularity_0,9
miscellaneous,com.mohit.ingenium.tca639::157,0,1,popularity_0,52
miscellaneous,com.nupuit.agpc::5,0,1,popularity_0,450
miscellaneous,com.pegasustech.smartstores::10,0,1,popularity_0,8
miscellaneous,com.phinion.gcepluselearning::2,0,1,popularity_0,15
miscellaneous,com.questblue.sipblue2::5,0,1,popularity_0,5
miscellaneous,com.rsmnm.driver::26,0,1,popularity_0,19
miscellaneous,com.schoolmatenuvo.pierrepaul::100,0,1,popularity_0,42
miscellaneous,com.sekaku.williamxia.tmix164::11,0,1,popularity_0,4
miscellaneous,com.taximo.dispatch::11,0,1,popularity_0,81
miscellaneous,com.tfi.eventapp::121,0,1,popularity_0,60
miscellaneous,com.yardi.systems.rentcafe.resident.thomassafran.astra::2,0,1,popularity_0,4
miscellaneous,hu.tell.tellmonapp::22,0,1,popularity_0,2
miscellaneous,net.wdsvlc.usa_radio_chicago_illinois_united_states::24,0,1,popularity_0,2
miscellaneous,radio.eclipse8::1,0,1,popularity_0,63
miscellaneous,translateapp.chinese.english::1,0,1,popularity_0,19
miscellaneous,appinventor.ai_mmfrutos7878.Ancleaner::188,10,1,popularity_10,44
miscellaneous,com.AppRocks.now.prayer::907,10,1,popularity_10,47
miscellaneous,com.Seabaa.Dual::1514,10,1,popularity_10,8
miscellaneous,com.aryservices.arynews.en::80970,10,1,popularity_10,11
miscellaneous,com.beki.live::50,10,1,popularity_10,147
miscellaneous,com.bigfishgames.gummydropgoogle::51803001,10,1,popularity_10,55
miscellaneous,com.chase.sig.android::464474918,10,1,popularity_10,45
miscellaneous,com.cosima.ryt3mus::508,10,1,popularity_10,51
miscellaneous,com.cutestudio.led.color.sms::244,10,1,popularity_10,6
miscellaneous,com.erudite.translator::86,10,1,popularity_10,43
miscellaneous,com.free.neo.vpn::77761,10,1,popularity_10,20
miscellaneous,com.gameloft.android.ANMP.GloftIVHM::21401,10,1,popularity_10,73
miscellaneous,com.jeremysteckling.facerrel::1111820,10,1,popularity_10,22
miscellaneous,com.koreanair.passenger::608,10,1,popularity_10,21
miscellaneous,com.lightinthebox.android::88602,10,1,popularity_10,58
miscellaneous,com.ncloudtech.cloudoffice::2915035,10,1,popularity_10,43
miscellaneous,com.nhn.android.navertv::1091500,10,1,popularity_10,39
miscellaneous,com.photovideo.slideshowmaker.makerslideshow::151,10,1,popularity_10,48
miscellaneous,com.sgk.eganna.in::59,10,1,popularity_10,4
miscellaneous,com.tmobile.vvm.application::784457,10,1,popularity_10,14
miscellaneous,com.tmobtech.halkbank::5221,10,1,popularity_10,48
miscellaneous,com.vpnoneclick.android::315,10,1,popularity_10,15
miscellaneous,com.wachanga.pregnancy::400269,10,1,popularity_10,64
miscellaneous,imagetopdf.pdfconverter.jpgtopdf.pdfeditor::80,10,1,popularity_10,19
miscellaneous,in.mylo.pregnancy.baby.app::10703,10,1,popularity_10,85
miscellaneous,in.vineetsirohi.customwidget::319,10,1,popularity_10,25
miscellaneous,jp.gocro.smartnews.android::884,10,1,popularity_10,42
miscellaneous,jp.happyon.android::300002717,10,1,popularity_10,27
miscellaneous,musicdownloader.monster.videodownloader::24,10,1,popularity_10,21
miscellaneous,tv.remote.control.firetv::1153,10,1,popularity_10,89
miscellaneous,vidstatus.com::30,10,1,popularity_10,52
miscellaneous,com.agiliron::5,1,1,popularity_1,7
miscellaneous,com.apptegy.iberia::23,1,1,popularity_1,11
miscellaneous,com.geliossoft.gruzolot_dispatcher::1,1,1,popularity_1,1
miscellaneous,com.monbuilding.app.noecampus::3422,1,1,popularity_1,43
miscellaneous,com.nikssoftware.photorecover::3,1,1,popularity_1,1
miscellaneous,com.onlister.guidancekoyilandy::9,1,1,popularity_1,13
miscellaneous,com.pixipine.jalees::17,1,1,popularity_1,6
miscellaneous,com.rpn.erfahislamicvoice::10,1,1,popularity_1,3
miscellaneous,com.swapcard.apps.android.lngamericas2021::9000635,1,1,popularity_1,13
miscellaneous,com.trainerize.sustainablechangeltd::837000,1,1,popularity_1,16
miscellaneous,com.wego.cita::10,1,1,popularity_1,54
miscellaneous,com.wook.market::12,1,1,popularity_1,32
miscellaneous,com.xgroupsrl.dipe.smart::400403,1,1,popularity_1,1
miscellaneous,com.ztcx.ai::7,1,1,popularity_1,17
miscellaneous,de.appack.project.tbruit::1,1,1,popularity_1,11
miscellaneous,ie.flipdish.fd18090::81467,1,1,popularity_1,6
miscellaneous,ie.flipdish.fd3678::52777,1,1,popularity_1,8
miscellaneous,mobile.en.com.educationalnetworksmobile.wheeler::15,1,1,popularity_1,11
miscellaneous,articulate.industrial.skill::25,7,1,popularity_7,9
miscellaneous,at.oamtc.cityguide::30700003,7,1,popularity_7,9
miscellaneous,biblia.de.estudio.reina.valera::10,7,1,popularity_7,7
miscellaneous,com.app4joy.libya_free::462,7,1,popularity_7,9
miscellaneous,com.applocklite.fingerprint::8,7,1,popularity_7,17
miscellaneous,com.autocab.driverapp::9930,7,1,popularity_7,50
miscellaneous,com.blognawa.radio::53,7,1,popularity_7,26
miscellaneous,com.bosch.boschlevellingremoteapp::153,7,1,popularity_7,2
miscellaneous,com.dacappsdev.goodnight::21,7,1,popularity_7,5
miscellaneous,com.dylan.gamepad.pro::155,7,1,popularity_7,5
miscellaneous,com.ezp.tattoo::126,7,1,popularity_7,6
miscellaneous,com.g4app::165,7,1,popularity_7,2
miscellaneous,com.geoactio.avanzalargorecorrido::18,7,1,popularity_7,7
miscellaneous,com.getwheelsapp.wheels::2181,7,1,popularity_7,5
miscellaneous,com.gpsroutefinder.appbuzmaps::16,7,1,popularity_7,3
miscellaneous,com.haastgames.manastoria::188,7,1,popularity_7,1
miscellaneous,com.myhealthsphere.challenger::85003070,7,1,popularity_7,19
miscellaneous,com.nobexinc.wls_66087017.rc::507006,7,1,popularity_7,44
miscellaneous,com.redbull.wingsforlifeworldrun::90000201,7,1,popularity_7,18
miscellaneous,com.taw9el.couponredeem::5,7,1,popularity_7,2
miscellaneous,com.xhlab.alarmob::236,7,1,popularity_7,12
miscellaneous,cz.gov.edoklady::2503251,7,1,popularity_7,17
miscellaneous,dosimi.subway::125,7,1,popularity_7,1
miscellaneous,idea.online_backgammon::96,7,1,popularity_7,21
miscellaneous,kr.co.seoulgas.cash::137,7,1,popularity_7,7
miscellaneous,loudringtones.tonosfuertesparaelmovil::8,7,1,popularity_7,1
miscellaneous,net.chat.app2::117,7,1,popularity_7,7
miscellaneous,rcglobal.android.kiha::109,7,1,popularity_7,35
miscellaneous,ru.atomsbt.mobile::91,7,1,popularity_7,5
miscellaneous,videochat.livevideocall.randomvideocall.livechat::45,7,1,popularity_7,3
miscellaneous,com.a7afidi.hidden::23,5,1,popularity_5,2
miscellaneous,com.appsamimanera.calendarioportugues::8,5,1,popularity_5,1
miscellaneous,com.bdcricketlivescore.bangladeshcricketlivematchhd::16,5,1,popularity_5,11
miscellaneous,com.blueappsllc.bomdia::1,5,1,popularity_5,9
miscellaneous,com.enctech.sleeptracker::58,5,1,popularity_5,7
miscellaneous,com.engagement.ringsdesign::18,5,1,popularity_5,2
miscellaneous,com.greatcatholicmusic.app::12,5,1,popularity_5,1
miscellaneous,com.pccomputer.udhar_khata_book::10,5,1,popularity_5,8
miscellaneous,com.r.indian_rivers::15,5,1,popularity_5,9
miscellaneous,com.ribotask.sense::67,5,1,popularity_5,1
miscellaneous,com.sonidos.chilenos::6,5,1,popularity_5,1
miscellaneous,com.voicerecorder.recording.audiorecorder::21,5,1,popularity_5,3
miscellaneous,com.xdevel.radiomargherita::3002000,5,1,popularity_5,11
miscellaneous,jp.co.okinawatimes.viewer.and::25,5,1,popularity_5,13
miscellaneous,kr.co.echeck.smu::20301,5,1,popularity_5,1
miscellaneous,robo.forrest.fairy.sword.tree.tower.craft::7,5,1,popularity_5,2
miscellaneous,ru.amigo.app::46,5,1,popularity_5,17
miscellaneous,uk.co.image_plus.propertyinvestor::39,5,1,popularity_5,6
miscellaneous,arproductions.andrew.worklog::73,9,1,popularity_9,22
miscellaneous,br.lgfelicio::9268,9,1,popularity_9,10
miscellaneous,chat.amor::110,9,1,popularity_9,10
miscellaneous,com.aplicativoslegais.topstickers::49,9,1,popularity_9,54
miscellaneous,com.appg.ebridge::209411,9,1,popularity_9,14
miscellaneous,com.awabe.learnenglish::60,9,1,popularity_9,1
miscellaneous,com.channelnewsasia::233,9,1,popularity_9,26
miscellaneous,com.charging.fun::119,9,1,popularity_9,27
miscellaneous,com.clogica.smartvideoeditor::18,9,1,popularity_9,38
miscellaneous,com.ecoatm.ecoapp.android::87,9,1,popularity_9,10
miscellaneous,com.evansir.runicformulas::141,9,1,popularity_9,9
miscellaneous,com.gps.maps.livesatellite.navigation.routefinder::92,9,1,popularity_9,16
miscellaneous,com.hilokal::266,9,1,popularity_9,43
miscellaneous,com.indyzalab.transitia::430,9,1,popularity_9,67
miscellaneous,com.jksol.voicerecodeing::945,9,1,popularity_9,83
miscellaneous,com.liogaming.dlskits::8,9,1,popularity_9,5
miscellaneous,com.polydice.icook::96360,9,1,popularity_9,25
miscellaneous,de.elfsoft.bestbrokers::81,9,1,popularity_9,22
miscellaneous,it.creaweb.ucicinemas::61,9,1,popularity_9,64
miscellaneous,my.Frank::538,9,1,popularity_9,4
miscellaneous,pt.cp.mobiapp::285,9,1,popularity_9,4
miscellaneous,sportsguru.ipl.cricket.expert::10,9,1,popularity_9,12
miscellaneous,chat.butler.panel::88,3,1,popularity_3,7
miscellaneous,com.blackstar.apps.teammanager::15,3,1,popularity_3,7
miscellaneous,com.gcart.android.tokojsfashion::10,3,1,popularity_3,2
miscellaneous,com.olo.skrimpshack::11474,3,1,popularity_3,6
miscellaneous,com.shuvic.alumni.sungnamob::18,3,1,popularity_3,3
miscellaneous,com.tagalog.opm.lovesongs::7,3,1,popularity_3,4
miscellaneous,com.technogym.mywellness.indooraction::16,3,1,popularity_3,10
miscellaneous,com.umnico.android::1054,3,1,popularity_3,6
miscellaneous,com.walking.fun.rewards.fitness.fitzu::77,3,1,popularity_3,4
miscellaneous,com.weblogy.acotonou.com::20,3,1,popularity_3,1
miscellaneous,com.winterfelltech.belarusian.keyboard::5,3,1,popularity_3,2
miscellaneous,com.zoop.caparao::107,3,1,popularity_3,36
miscellaneous,sparking.photodialer.floatingdialer.neonphotodialer.lions.llc::4,3,1,popularity_3,4
miscellaneous,all.language.translator.hub.bengalitourdutranslator::48,2,1,popularity_2,19
miscellaneous,app.madamarket.android::6,2,1,popularity_2,14
miscellaneous,clipescola.android.aster::10512,2,1,popularity_2,40
miscellaneous,com.apptegy.palmyra::24,2,1,popularity_2,11
miscellaneous,com.areeb.doobo::535,2,1,popularity_2,5
miscellaneous,com.citygovapp.washoeir::8,2,1,popularity_2,35
miscellaneous,com.fitnessmobileapps.sportsethealthandfitness::620000,2,1,popularity_2,3
miscellaneous,com.heydomo.vendors::19,2,1,popularity_2,2
miscellaneous,com.mercury.easydonate::27,2,1,popularity_2,10
miscellaneous,com.momosoft.goodmemo::4,2,1,popularity_2,3
miscellaneous,com.skylinedynamics.zawyt_alshawarma::26,2,1,popularity_2,20
miscellaneous,com.stranger_thingss.wallpaper::10,2,1,popularity_2,3
miscellaneous,com.subsplashconsulting.s_2WH3CQ::2245,2,1,popularity_2,5
miscellaneous,com.tokai.coraline::1,2,1,popularity_2,40
miscellaneous,kr.ac.jbnu.ch::3634,2,1,popularity_2,8
miscellaneous,uk.co.audiotrails.stmagnusway::9,2,1,popularity_2,18
miscellaneous,binaural.studymusic.brainwave.focusmusic.binauralbeats::32,8,1,popularity_8,13
miscellaneous,com.androston.lovepictures::13,8,1,popularity_8,1
miscellaneous,com.chereads.reader::395,8,1,popularity_8,22
miscellaneous,com.circuitjam::76,8,1,popularity_8,1
miscellaneous,com.earthglobemap.livesatellite.gps::13,8,1,popularity_8,58
miscellaneous,com.figooo.second::10,8,1,popularity_8,52
miscellaneous,com.hafeziquran.islamicapp::63,8,1,popularity_8,5
miscellaneous,com.karma.life::3263,8,1,popularity_8,11
miscellaneous,com.msseed.membership::30014,8,1,popularity_8,4
miscellaneous,com.rmtheis.price.comparison.scanner::102,8,1,popularity_8,5
miscellaneous,com.stn.mobile_player::418995,8,1,popularity_8,23
miscellaneous,se.jagareforbundet.wehunt::2401321,8,1,popularity_8,23
miscellaneous,uk.co.travelrepublic.travelrepublic::545,8,1,popularity_8,19
miscellaneous,app.typographic.typographic::33,6,1,popularity_6,6
miscellaneous,com.app.azantime::58,6,1,popularity_6,9
miscellaneous,com.ax.hud.compass::5,6,1,popularity_6,23
miscellaneous,com.connectiq.r485.mapsr485companion::214,6,1,popularity_6,1
miscellaneous,com.controld.setuputility::132,6,1,popularity_6,1
miscellaneous,com.equitygroup.equityrsa::15,6,1,popularity_6,17
miscellaneous,com.freemium.android.apps.skipal::440,6,1,popularity_6,34
miscellaneous,com.goethe.hu::819,6,1,popularity_6,1
miscellaneous,com.kbmmobile.kbm.user.muzammilhasballahmp3::17,6,1,popularity_6,2
miscellaneous,com.krishnaapps.rtovehicleinfo::15,6,1,popularity_6,8
miscellaneous,com.mcb.rahul::11,6,1,popularity_6,8
miscellaneous,com.mobincube.diccionario_griego_biblico.sc_HP9E26::22,6,1,popularity_6,13
miscellaneous,com.phonecleaner.junkcleaner.cache.clean.phone.booster::23,6,1,popularity_6,1
miscellaneous,com.quarantadue.cocktails::41,6,1,popularity_6,1
miscellaneous,com.silvertrac.mob::4058,6,1,popularity_6,1
miscellaneous,jp.co.ponos.nanimoshinai::1000002,6,1,popularity_6,2
miscellaneous,kz.alser.selfservice::2343,6,1,popularity_6,3
miscellaneous,org.katieone::44,6,1,popularity_6,4
miscellaneous,bosmap.magnum.me.il2bosmap::16,4,1,popularity_4,4
miscellaneous,com.apprancher.freestuff::80000000,4,1,popularity_4,9
miscellaneous,com.appscho.appschov2.esg::13001,4,1,popularity_4,2
miscellaneous,com.it4you.babymonitor::2001005,4,1,popularity_4,5
miscellaneous,com.mobinet.musictherapy::9,4,1,popularity_4,1
miscellaneous,com.mycinemahall::101050500,4,1,popularity_4,39
miscellaneous,com.playlanka.bukiyewadan::56,4,1,popularity_4,22
miscellaneous,com.vcis.app.kanossaschool::37,4,1,popularity_4,7
miscellaneous,eu.appcorner.skanzen::4932,4,1,popularity_4,3
miscellaneous,in.co.mfonline::33,4,1,popularity_4,1
miscellaneous,mobi.coolapps.traffic.us.oregon::223,4,1,popularity_4,2
miscellaneous,play.musicplayer.musicapps.music.mp3player::2,4,1,popularity_4,19
miscellaneous,uk.co.disciplemedia.thezebraclub::44214,4,1,popularity_4,14
miscellaneous,com.app.soivyfi::135,0,1,popularity_0,2
miscellaneous,com.bertholucci.potd::5,0,1,popularity_0,1
miscellaneous,com.chownow.howardscharro::140,0,1,popularity_0,4
miscellaneous,com.chownow.pizzaparlor::1,0,1,popularity_0,4
miscellaneous,com.dieffetech.eolas::2,0,1,popularity_0,5
miscellaneous,com.noursal.Al3qlwFadlhBook::1,0,1,popularity_0,3
miscellaneous,com.pilbeo.pilbeo_pumpkin_android::17,0,1,popularity_0,35
miscellaneous,com.quantresearch.exam.ccrn::10,0,1,popularity_0,3
miscellaneous,conversor.conversaotaxasbasico.krwisk::37,0,1,popularity_0,1
miscellaneous,ie.flipdish.fd24065::64301,0,1,popularity_0,10
miscellaneous,in.company.krishi::2,0,1,popularity_0,3
miscellaneous,ru.quickresto.qrqueue::62001,0,1,popularity_0,3
miscellaneous,cleaner.clean.booster::231,10,1,popularity_10,17
miscellaneous,com.SouthernPacificOceanFisher.VoiceToText_memo::186,10,1,popularity_10,1
miscellaneous,com.apnax.wordpark::49,10,1,popularity_10,44
miscellaneous,com.bitaksi.musteri::440830303,10,1,popularity_10,52
miscellaneous,com.burakgon.netoptimizer::1386,10,1,popularity_10,55
miscellaneous,com.compassfree.digitalcompass.forandroid.app::46,10,1,popularity_10,27
miscellaneous,com.deepseek.chat::78,10,1,popularity_10,42
miscellaneous,com.kddi.android.videopass::40000131,10,1,popularity_10,20
miscellaneous,com.kumobius.android.walljumper::23,10,1,popularity_10,8
miscellaneous,com.mensajes.borrados.deleted.messages::206,10,1,popularity_10,20
miscellaneous,com.pdf.viewer.pdfreader::90,10,1,popularity_10,32
miscellaneous,com.rvappstudios.flashlight::209,10,1,popularity_10,2
miscellaneous,com.scb.phone::9421,10,1,popularity_10,20
miscellaneous,funny.prank.sounds.airhorn.haircut.fart::65,10,1,popularity_10,26
miscellaneous,handasoft.mobile.divination::2913,10,1,popularity_10,79
miscellaneous,it.vincenzoamoruso.theinterpreter::20299,10,1,popularity_10,23
miscellaneous,jp.or.nhk.news::81,10,1,popularity_10,4
miscellaneous,kim.uno.s8::209,10,1,popularity_10,4
miscellaneous,kr.co.lylstudio.httpsguard::175,10,1,popularity_10,12
miscellaneous,za.co.fnb.connect.itt::5765,10,1,popularity_10,11
