alert_description,verdict,artifact_location,app_package_name,version_code,apk_category,sast_tool_name,code_location,3rd_party_library_name
"Constraint ""algorithm in {SHA-256, SHA-384, SHA-512}"" on object $r1 is violated due to the following reason:\n|- First parameter ""varReplacer12592"" with value ""SHA-1"" should be any of {SHA-256, SHA-384, SHA-512} (extracted @ varReplacer12592 = ""SHA-1"" @ line -1)",True,com/applovin/impl/sdk/utils/m.java,all.language.translator.hub.malayalamtosamoantranslator,1,<100,CogniCrypt,others,unknown
"Constraint ""algorithm in {SHA-256, SHA-384, SHA-512}"" on object $r2 is violated due to the following reason:\n|- First parameter ""varReplacer5064"" with value ""SHA-1"" should be any of {SHA-256, SHA-384, SHA-512} (extracted @ varReplacer5064 = ""SHA-1"" @ line -1)",True,com/applovin/impl/sdk/utils/StringUtils.java,all.language.translator.hub.malayalamtosamoantranslator,1,<100,CogniCrypt,others,unknown
"Constraint ""algorithm in {SHA-256, SHA-384, SHA-512}"" on object $r5 is violated due to the following reason:\n|- First parameter ""varReplacer8677"" with value ""MD5"" should be any of {SHA-256, SHA-384, SHA-512} (extracted @ varReplacer8677 = ""MD5"" @ line 1)",True,com/google/android/gms/internal/ads/zzcgg.java,all.language.translator.hub.malayalamtosamoantranslator,1,<100,CogniCrypt,Android,com.google.android.gms::play-services-ads-base
"Constraint ""algorithm in {SHA-256, SHA-384, SHA-512}"" on object $r7 is violated due to the following reason:\n|- First parameter ""varReplacer8090"" with value ""MD5"" should be any of {SHA-256, SHA-384, SHA-512} (extracted @ varReplacer8090 = ""MD5"" @ line 4)",True,com/google/android/gms/internal/ads/zzcgg.java,all.language.translator.hub.malayalamtosamoantranslator,1,<100,CogniCrypt,Android,com.google.android.gms::play-services-ads-base
"Constraint ""algorithm in {SHA-256, SHA-384, SHA-512}"" on object $r4 is violated due to the following reason:\n|- First parameter ""varReplacer1099"" with value ""MD5"" should be any of {SHA-256, SHA-384, SHA-512} (extracted @ varReplacer1099 = ""MD5"" @ line -1)",True,com/google/android/gms/internal/zzaiy.java,aplus.droitfiscal,37,5k-10k,CogniCrypt,Android,com.google.android.gms::play-services-clearcut
"Constraint ""algorithm in {SHA-256, SHA-384, SHA-512}"" on object $r4 is violated due to the following reason:\n|- First parameter ""varReplacer942"" with value ""MD5"" should be any of {SHA-256, SHA-384, SHA-512} (extracted @ varReplacer942 = ""MD5"" @ line -1)",True,com/google/android/gms/internal/zzaiy.java,aplus.strafrecht,37,<100,CogniCrypt,Android,com.google.android.gms::play-services-clearcut
First parameter was not properly generated as generatedKeyStore,False,s7/m.java,app.medicalid.free,959,500k-1M,CogniCrypt,obfuscated,obfuscated
First parameter was not properly generated as generatedKeyStore,False,s7/h.java,app.medicalid.free,959,500k-1M,CogniCrypt,obfuscated,obfuscated
"Constraint ""protocol in {TLSv1.2, TLSv1.3}"" on object $r1 is violated due to the following reason:\n|- First parameter ""varReplacer12714"" with value ""TLS"" should be any of {TLSv1.2, TLSv1.3} (extracted @ varReplacer12714 = ""TLS"" @ line 2)",True,s7/h.java,app.medicalid.free,959,500k-1M,CogniCrypt,obfuscated,obfuscated
Third parameter was not properly generated as randomized,False,s7/h.java,app.medicalid.free,959,500k-1M,CogniCrypt,obfuscated,obfuscated
"Constraint ""protocol in {TLSv1.2, TLSv1.3}"" on object $r1 is violated due to the following reason:\n|- First parameter ""varReplacer12718"" with value ""TLS"" should be any of {TLSv1.2, TLSv1.3} (extracted @ varReplacer12718 = ""TLS"" @ line 2)",True,s7/e.java,app.medicalid.free,959,500k-1M,CogniCrypt,obfuscated,obfuscated
Second parameter was not properly generated as generatedTrustManagers,True,s7/n.java,app.medicalid.free,959,500k-1M,CogniCrypt,obfuscated,obfuscated
First parameter was not properly generated as generatedKeyStore,False,s7/e.java,app.medicalid.free,959,500k-1M,CogniCrypt,obfuscated,obfuscated
"Constraint ""algorithm in {SHA-256, SHA-384, SHA-512}"" on object $r0 is violated due to the following reason:\n|- First parameter ""varReplacer18578"" with value ""MD5"" should be any of {SHA-256, SHA-384, SHA-512} (extracted @ varReplacer18578 = ""MD5"" @ line 6)",True,X2/x1.java,app.medicalid.free,959,500k-1M,CogniCrypt,obfuscated,obfuscated
Second parameter was not properly generated as generatedTrustManagers,False,I5/l.java,app.medicalid.free,959,500k-1M,CogniCrypt,obfuscated,obfuscated
Second parameter was not properly generated as generatedTrustManagers,True,s7/h.java,app.medicalid.free,959,500k-1M,CogniCrypt,obfuscated,obfuscated
First parameter was not properly generated as generatedKeyManagers,False,s7/n.java,app.medicalid.free,959,500k-1M,CogniCrypt,obfuscated,obfuscated
First parameter was not properly generated as generatedKeyManagers,False,s7/h.java,app.medicalid.free,959,500k-1M,CogniCrypt,obfuscated,obfuscated
First parameter was not properly generated as generatedKeyManagers,False,s7/n.java,app.medicalid.free,959,500k-1M,CogniCrypt,obfuscated,obfuscated
First parameter was not properly generated as generatedKeyManagers,False,I5/l.java,app.medicalid.free,959,500k-1M,CogniCrypt,obfuscated,obfuscated
Third parameter was not properly generated as randomized,False,s7/n.java,app.medicalid.free,959,500k-1M,CogniCrypt,obfuscated,obfuscated
First parameter was not properly generated as generatedKeyManagers,False,s7/n.java,app.medicalid.free,959,500k-1M,CogniCrypt,obfuscated,obfuscated
Third parameter was not properly generated as randomized,False,s7/n.java,app.medicalid.free,959,500k-1M,CogniCrypt,obfuscated,obfuscated
Third parameter was not properly generated as randomized,False,s7/n.java,app.medicalid.free,959,500k-1M,CogniCrypt,obfuscated,obfuscated
Second parameter was not properly generated as generatedTrustManagers,True,s7/n.java,app.medicalid.free,959,500k-1M,CogniCrypt,obfuscated,obfuscated
First parameter was not properly generated as generatedKeyManagers,False,s7/n.java,app.medicalid.free,959,500k-1M,CogniCrypt,obfuscated,obfuscated
Second parameter was not properly generated as generatedTrustManagers,True,s7/n.java,app.medicalid.free,959,500k-1M,CogniCrypt,obfuscated,obfuscated
"Constraint ""protocol in {TLSv1.2, TLSv1.3}"" on object $r1 is violated due to the following reason:\n|- First parameter ""varReplacer12716"" with value ""TLS"" should be any of {TLSv1.2, TLSv1.3} (extracted @ varReplacer12716 = ""TLS"" @ line 2)",True,s7/n.java,app.medicalid.free,959,500k-1M,CogniCrypt,obfuscated,obfuscated
First parameter was not properly generated as generatedKeyStore,False,s7/n.java,app.medicalid.free,959,500k-1M,CogniCrypt,obfuscated,obfuscated
Third parameter was not properly generated as randomized,False,s7/n.java,app.medicalid.free,959,500k-1M,CogniCrypt,obfuscated,obfuscated
Second parameter was not properly generated as generatedTrustManagers,True,s7/n.java,app.medicalid.free,959,500k-1M,CogniCrypt,obfuscated,obfuscated
Third parameter was not properly generated as randomized,False,I5/l.java,app.medicalid.free,959,500k-1M,CogniCrypt,obfuscated,obfuscated
"Constraint ""protocol in {TLSv1.2, TLSv1.3}"" on object $r27 is violated due to the following reason:\n|- First parameter ""varReplacer5213"" with value ""TLS"" should be any of {TLSv1.2, TLSv1.3} (extracted @ varReplacer5213 = ""TLS"" @ line 275)",True,I5/l.java,app.medicalid.free,959,500k-1M,CogniCrypt,obfuscated,obfuscated
"Constraint ""algorithm in {SHA-256, SHA-384, SHA-512}"" on object $r7 is violated due to the following reason:\n|- First parameter ""varReplacer537"" with value ""MD5"" should be any of {SHA-256, SHA-384, SHA-512} (extracted @ varReplacer537 = ""MD5"" @ line 4)",True,com/google/android/gms/ads/internal/util/client/zzf.java,appinventor.ai_mmfrutos7878.Ancleaner,188,>5M,CogniCrypt,Android,com.google.android.gms::play-services-ads-base
"Constraint ""algorithm in {SHA-256, SHA-384, SHA-512}"" on object $r2 is violated due to the following reason:\n|- First parameter ""varReplacer11691"" with value ""SHA-1"" should be any of {SHA-256, SHA-384, SHA-512} (extracted @ varReplacer11691 = ""SHA-1"" @ line 11)",True,com/applovin/impl/sdk/utils/StringUtils.java,binaural.studymusic.brainwave.focusmusic.binauralbeats,32,500k-1M,CogniCrypt,others,unknown
"Constraint ""algorithm in {SHA-256, SHA-384, SHA-512}"" on object $r2 is violated due to the following reason:\n|- First parameter ""varReplacer17166"" with value ""SHA-1"" should be any of {SHA-256, SHA-384, SHA-512} (extracted @ varReplacer17166 = ""SHA-1"" @ line 144)",True,com/applovin/impl/vi.java,binaural.studymusic.brainwave.focusmusic.binauralbeats,32,500k-1M,CogniCrypt,others,unknown
"Constraint ""algorithm in {SHA-256, SHA-384, SHA-512}"" on object $r5 is violated due to the following reason:\n|- First parameter ""varReplacer19597"" with value ""MD5"" should be any of {SHA-256, SHA-384, SHA-512} (extracted @ varReplacer19597 = ""MD5"" @ line 7)",True,com/google/android/gms/internal/consent_sdk/zzcl.java,binaural.studymusic.brainwave.focusmusic.binauralbeats,32,500k-1M,CogniCrypt,Utilities,Gson
First parameter was not properly generated as generatedKeyStore,False,r5/v.java,bosmap.magnum.me.il2bosmap,16,5k-10k,CogniCrypt,obfuscated,obfuscated
Second parameter was not properly generated as generatedTrustManagers,False,r5/v.java,bosmap.magnum.me.il2bosmap,16,5k-10k,CogniCrypt,obfuscated,obfuscated
"Constraint ""protocol in {TLSv1.2, TLSv1.3}"" on object $r3 is violated due to the following reason:\n|- First parameter ""varReplacer2390"" with value ""TLS"" should be any of {TLSv1.2, TLSv1.3} (extracted @ varReplacer2390 = ""TLS"" @ line -1)",True,r5/v.java,bosmap.magnum.me.il2bosmap,16,5k-10k,CogniCrypt,obfuscated,obfuscated
Third parameter was not properly generated as randomized,False,r5/v.java,bosmap.magnum.me.il2bosmap,16,5k-10k,CogniCrypt,obfuscated,obfuscated
First parameter was not properly generated as generatedKeyManagers,False,r5/v.java,bosmap.magnum.me.il2bosmap,16,5k-10k,CogniCrypt,obfuscated,obfuscated
"Constraint ""algorithm in {SHA-256, SHA-384, SHA-512}"" on object $r4 is violated due to the following reason:\n|- First parameter ""varReplacer12864"" with value ""MD5"" should be any of {SHA-256, SHA-384, SHA-512} (extracted @ varReplacer12864 = ""MD5"" @ line 4)",True,j5/d$a.java,br.com.mobits.mobitsplaza.app.praiadacosta,47,5k-10k,CogniCrypt,obfuscated,obfuscated
"Constraint ""algorithm in {SHA-256, SHA-384, SHA-512}"" on object $r19 is violated due to the following reason:\n|- First parameter ""varReplacer14074"" with value ""SHA1"" should be any of {SHA-256, SHA-384, SHA-512} (extracted @ varReplacer14074 = ""SHA1"" @ line 122)",True,r5/k.java,br.com.mobits.mobitsplaza.app.praiadacosta,47,5k-10k,CogniCrypt,obfuscated,obfuscated
First parameter was not properly generated as preparedKeyMaterial,True,u3/m.java,br.com.mobits.mobitsplaza.app.praiadacosta,47,5k-10k,CogniCrypt,obfuscated,obfuscated
"Constraint ""keyAlgorithm in {AES, HmacSHA256, HmacSHA384, HmacSHA512}"" on object $r24 is violated due to the following reason:\n|- Second parameter ""varReplacer21684"" with value ""RAW"" should be any of {AES, HmacSHA256, HmacSHA384, HmacSHA512} (extracted @ varReplacer21684 = ""RAW"" @ line 96)",True,u3/m.java,br.com.mobits.mobitsplaza.app.praiadacosta,47,5k-10k,CogniCrypt,obfuscated,obfuscated
Second parameter parameter was not properly generated as generatedKey OR generatedPubkey OR generatedPrivkey,True,u3/m.java,br.com.mobits.mobitsplaza.app.praiadacosta,47,5k-10k,CogniCrypt,obfuscated,obfuscated
First parameter was not properly generated as randomized,True,u3/m.java,br.com.mobits.mobitsplaza.app.praiadacosta,47,5k-10k,CogniCrypt,obfuscated,obfuscated
Second parameter was not properly generated as generatedTrustManagers,False,gd/u.java,br.com.mobits.mobitsplaza.app.praiadacosta,47,5k-10k,CogniCrypt,obfuscated,obfuscated
"Constraint ""protocol in {TLSv1.2, TLSv1.3}"" on object $r2 is violated due to the following reason:\n|- First parameter ""varReplacer11188"" with value ""TLS"" should be any of {TLSv1.2, TLSv1.3} (extracted @ varReplacer11188 = ""TLS"" @ line 6)",True,od/b.java,br.com.mobits.mobitsplaza.app.praiadacosta,47,5k-10k,CogniCrypt,obfuscated,obfuscated
"Constraint ""protocol in {TLSv1.2, TLSv1.3}"" on object $r2 is violated due to the following reason:\n|- First parameter ""varReplacer11184"" with value ""TLS"" should be any of {TLSv1.2, TLSv1.3} (extracted @ varReplacer11184 = ""TLS"" @ line 2)",True,od/e.java,br.com.mobits.mobitsplaza.app.praiadacosta,47,5k-10k,CogniCrypt,obfuscated,obfuscated
"Constraint ""alg(transformation) in {AES} => mode(transformation) in {GCM, CTR, CTS, CFB, OFB}"" on object $r9 is violated due to the following reason:\n|- Constraint ""alg(transformation) in {AES} => mode(transformation) in {GCM, CTR, CTS, CFB, OFB}"" evaluates to <false>:\n\t|- The left side ""alg(transformation) in {AES}"" evaluates to <true>:\n\t\t|- First parameter ""varReplacer21678"" (transformation) with value ""AES/CBC/NoPadding"" satisfies the constraint in class u3.m @ $r9 = getInstance(varReplacer21678) @ line 8\n\t|- The right side ""mode(transformation) in {GCM, CTR, CTS, CFB, OFB}"" evaluates to <false>:\n\t\t|- First parameter ""varReplacer21678"" (transformation) with value ""AES/CBC/NoPadding"" violates the constraint in class u3.m @ $r9 = getInstance(varReplacer21678) @ line 8",True,u3/m.java,br.com.mobits.mobitsplaza.app.praiadacosta,47,5k-10k,CogniCrypt,obfuscated,obfuscated
"Constraint ""algorithm in {SHA-256, SHA-384, SHA-512}"" on object $r3 is violated due to the following reason:\n|- First parameter ""$r1"" with value ""MD5"" should be any of {SHA-256, SHA-384, SHA-512} (extracted @ varReplacer26070 = ""MD5"" @ line 53)\n|- First parameter ""$r1"" with value ""SHA-1"" should be any of {SHA-256, SHA-384, SHA-512} (extracted @ varReplacer11918 = ""SHA-1"" @ line 73)",False,x5/k0.java,br.com.mobits.mobitsplaza.app.praiadacosta,47,5k-10k,CogniCrypt,obfuscated,obfuscated
First parameter was not properly generated as generatedKeyManagers,False,gd/u.java,br.com.mobits.mobitsplaza.app.praiadacosta,47,5k-10k,CogniCrypt,obfuscated,obfuscated
"Constraint ""algorithm in {SHA-256, SHA-384, SHA-512}"" on object $r2 is violated due to the following reason:\n|- First parameter ""varReplacer14114"" with value ""MD5"" should be any of {SHA-256, SHA-384, SHA-512} (extracted @ varReplacer14114 = ""MD5"" @ line 24)",True,r5/i.java,br.com.mobits.mobitsplaza.app.praiadacosta,47,5k-10k,CogniCrypt,obfuscated,obfuscated
Second parameter was not properly generated as generatedTrustManagers,False,gd/u.java,br.com.mobits.mobitsplaza.app.praiadacosta,47,5k-10k,CogniCrypt,obfuscated,obfuscated
Third parameter was not properly generated as randomized,False,gd/u.java,br.com.mobits.mobitsplaza.app.praiadacosta,47,5k-10k,CogniCrypt,obfuscated,obfuscated
First parameter was not properly generated as generatedKeyStore,False,gd/u.java,br.com.mobits.mobitsplaza.app.praiadacosta,47,5k-10k,CogniCrypt,obfuscated,obfuscated
First parameter was not properly generated as generatedKeyManagers,False,gd/u.java,br.com.mobits.mobitsplaza.app.praiadacosta,47,5k-10k,CogniCrypt,obfuscated,obfuscated
Third parameter was not properly generated as randomized,False,gd/u.java,br.com.mobits.mobitsplaza.app.praiadacosta,47,5k-10k,CogniCrypt,obfuscated,obfuscated
Third parameter was not properly generated as randomized,False,okhttp3/internal/platform/Platform.java,br.lgfelicio,9268,1M-5M,CogniCrypt,Utilities,OkHttp
Second parameter was not properly generated as generatedTrustManagers,True,okhttp3/internal/platform/Platform.java,br.lgfelicio,9268,1M-5M,CogniCrypt,Utilities,OkHttp
Second parameter was not properly generated as generatedTrustManagers,True,okhttp3/internal/platform/Platform.java,br.lgfelicio,9268,1M-5M,CogniCrypt,Utilities,OkHttp
First parameter was not properly generated as generatedKeyManagers,False,okhttp3/internal/platform/Platform.java,br.lgfelicio,9268,1M-5M,CogniCrypt,Utilities,OkHttp
First parameter was not properly generated as generatedKeyManagers,False,okhttp3/internal/platform/Platform.java,br.lgfelicio,9268,1M-5M,CogniCrypt,Utilities,OkHttp
Third parameter was not properly generated as randomized,False,okhttp3/internal/platform/Platform.java,br.lgfelicio,9268,1M-5M,CogniCrypt,Utilities,OkHttp
Third parameter was not properly generated as randomized,False,okhttp3/internal/platform/Platform.java,br.lgfelicio,9268,1M-5M,CogniCrypt,Utilities,OkHttp
First parameter was not properly generated as generatedKeyStore,False,okhttp3/internal/platform/ConscryptPlatform.java,br.lgfelicio,9268,1M-5M,CogniCrypt,Utilities,OkHttp
"Constraint ""algorithm in {SHA-256, SHA-384, SHA-512}"" on object $r1 is violated due to the following reason:\n|- First parameter ""varReplacer23921"" with value ""MD5"" should be any of {SHA-256, SHA-384, SHA-512} (extracted @ varReplacer23921 = ""MD5"" @ line 1)",True,q50/c.java,br.lgfelicio,9268,1M-5M,CogniCrypt,Android,timessquare
First parameter was not properly generated as generatedKeyManagers,False,okhttp3/internal/platform/ConscryptPlatform.java,br.lgfelicio,9268,1M-5M,CogniCrypt,Utilities,OkHttp
Second parameter was not properly generated as generatedTrustManagers,True,okhttp3/internal/platform/ConscryptPlatform.java,br.lgfelicio,9268,1M-5M,CogniCrypt,Utilities,OkHttp
Third parameter was not properly generated as randomized,False,okhttp3/internal/platform/ConscryptPlatform.java,br.lgfelicio,9268,1M-5M,CogniCrypt,Utilities,OkHttp
"Constraint ""protocol in {TLSv1.2, TLSv1.3}"" on object $r1 is violated due to the following reason:\n|- First parameter ""varReplacer14822"" with value ""TLS"" should be any of {TLSv1.2, TLSv1.3} (extracted @ varReplacer14822 = ""TLS"" @ line -1)",True,okhttp3/internal/platform/BouncyCastlePlatform.java,br.lgfelicio,9268,1M-5M,CogniCrypt,Utilities,OkHttp
First parameter was not properly generated as generatedKeyStore,False,okhttp3/internal/platform/BouncyCastlePlatform.java,br.lgfelicio,9268,1M-5M,CogniCrypt,Utilities,OkHttp
First parameter was not properly generated as preparedKeyMaterial,True,com/facetec/sdk/x2.java,br.lgfelicio,9268,1M-5M,CogniCrypt,others,unknown
First parameter was not properly generated as generatedKey,True,com/facetec/sdk/x2.java,br.lgfelicio,9268,1M-5M,CogniCrypt,others,unknown
Second parameter was not properly generated as generatedTrustManagers,True,okhttp3/internal/platform/Platform.java,br.lgfelicio,9268,1M-5M,CogniCrypt,Utilities,OkHttp
"Constraint ""protocol in {TLSv1.2, TLSv1.3}"" on object $r1 is violated due to the following reason:\n|- First parameter ""varReplacer14816"" with value ""TLS"" should be any of {TLSv1.2, TLSv1.3} (extracted @ varReplacer14816 = ""TLS"" @ line -1)",True,okhttp3/internal/platform/ConscryptPlatform.java,br.lgfelicio,9268,1M-5M,CogniCrypt,Utilities,OkHttp
Third parameter was not properly generated as randomized,False,okhttp3/internal/platform/Platform.java,br.lgfelicio,9268,1M-5M,CogniCrypt,Utilities,OkHttp
Third parameter was not properly generated as randomized,False,zv/f$b.java,br.lgfelicio,9268,1M-5M,CogniCrypt,others,unknown
First parameter was not properly generated as generatedKeyManagers,False,okhttp3/internal/platform/Platform.java,br.lgfelicio,9268,1M-5M,CogniCrypt,Utilities,OkHttp
First parameter was not properly generated as generatedKeyManagers,False,okhttp3/internal/platform/Platform.java,br.lgfelicio,9268,1M-5M,CogniCrypt,Utilities,OkHttp
First parameter was not properly generated as randomized,True,ly/m2.java,br.lgfelicio,9268,1M-5M,CogniCrypt,others,unknown
"Constraint ""alg(transformation) in {AES} => mode(transformation) in {GCM, CTR, CTS, CFB, OFB}"" on object $r5 is violated due to the following reason:\n|- Constraint ""alg(transformation) in {AES} => mode(transformation) in {GCM, CTR, CTS, CFB, OFB}"" evaluates to <false>:\n\t|- The left side ""alg(transformation) in {AES}"" evaluates to <true>:\n\t\t|- First parameter ""varReplacer15525"" (transformation) with value ""AES/CBC/PKCS7Padding"" satisfies the constraint in class ly.m2 @ $r5 = getInstance(varReplacer15525) @ line 1\n\t|- The right side ""mode(transformation) in {GCM, CTR, CTS, CFB, OFB}"" evaluates to <false>:\n\t\t|- First parameter ""varReplacer15525"" (transformation) with value ""AES/CBC/PKCS7Padding"" violates the constraint in class ly.m2 @ $r5 = getInstance(varReplacer15525) @ line 1",True,ly/m2.java,br.lgfelicio,9268,1M-5M,CogniCrypt,others,unknown
First parameter was not properly generated as preparedKeyMaterial,True,ly/m2.java,br.lgfelicio,9268,1M-5M,CogniCrypt,others,unknown
Second parameter parameter was not properly generated as generatedPrivkey OR generatedPubkey OR generatedKey,True,ly/m2.java,br.lgfelicio,9268,1M-5M,CogniCrypt,others,unknown
"Constraint ""algorithm in {SHA-256, SHA-384, SHA-512}"" on object $r7 is violated due to the following reason:\n|- First parameter ""varReplacer27208"" with value ""SHA1"" should be any of {SHA-256, SHA-384, SHA-512} (extracted @ varReplacer27208 = ""SHA1"" @ line 3)",True,t80/a.java,br.lgfelicio,9268,1M-5M,CogniCrypt,Android,comandroidsupportexifinterface
"Constraint ""algorithm in {SHA-256, SHA-384, SHA-512}"" on object $r1 is violated due to the following reason:\n|- First parameter ""varReplacer27225"" with value ""MD5"" should be any of {SHA-256, SHA-384, SHA-512} (extracted @ varReplacer27225 = ""MD5"" @ line 1)",True,w50/g.java,br.lgfelicio,9268,1M-5M,CogniCrypt,Android,comgoogleandroidsupportwearable
First parameter was not properly generated as preparedKeyMaterial,True,com/facetec/sdk/p1.java,br.lgfelicio,9268,1M-5M,CogniCrypt,others,unknown
Second parameter parameter was not properly generated as generatedPrivkey OR generatedKey OR generatedPubkey,True,com/facetec/sdk/p1.java,br.lgfelicio,9268,1M-5M,CogniCrypt,others,unknown
First parameter was not properly generated as randomized,True,com/facetec/sdk/p1.java,br.lgfelicio,9268,1M-5M,CogniCrypt,others,unknown
First parameter was not properly generated as generatedKeyStore,False,zv/f$a.java,br.lgfelicio,9268,1M-5M,CogniCrypt,others,unknown
Second parameter parameter was not properly generated as generatedPrivkey OR generatedKey OR generatedPubkey,True,com/facetec/sdk/p1.java,br.lgfelicio,9268,1M-5M,CogniCrypt,others,unknown
"Constraint ""algorithm in {SHA-256, SHA-384, SHA-512}"" on object $r3 is violated due to the following reason:\n|- First parameter ""$r2"" with value ""MD5"" should be any of {SHA-256, SHA-384, SHA-512} (extracted @ varReplacer27155 = ""MD5"" @ line -1)\n|- First parameter ""$r2"" with value ""SHA-1"" should be any of {SHA-256, SHA-384, SHA-512} (extracted @ varReplacer23793 = ""SHA-1"" @ line -1)",False,l80/q.java,br.lgfelicio,9268,1M-5M,CogniCrypt,Android,comgoogleandroidsupportwearable
Second parameter was not properly generated as generatedTrustManagers,True,zv/f$b.java,br.lgfelicio,9268,1M-5M,CogniCrypt,others,unknown
Second parameter was not properly generated as generatedTrustManagers,True,okhttp3/internal/platform/Platform.java,br.lgfelicio,9268,1M-5M,CogniCrypt,Utilities,OkHttp
First parameter was not properly generated as generatedKeyManagers,False,zv/f$b.java,br.lgfelicio,9268,1M-5M,CogniCrypt,others,unknown
First parameter was not properly generated as generatedKeyStore,False,okhttp3/internal/platform/OpenJSSEPlatform.java,br.lgfelicio,9268,1M-5M,CogniCrypt,Utilities,OkHttp
First parameter was not properly generated as generatedKeyStore,False,okhttp3/internal/platform/Platform.java,br.lgfelicio,9268,1M-5M,CogniCrypt,Utilities,OkHttp
"Constraint ""protocol in {TLSv1.2, TLSv1.3}"" on object $r1 is violated due to the following reason:\n|- First parameter ""varReplacer14818"" with value ""TLS"" should be any of {TLSv1.2, TLSv1.3} (extracted @ varReplacer14818 = ""TLS"" @ line -1)",True,okhttp3/internal/platform/Platform.java,br.lgfelicio,9268,1M-5M,CogniCrypt,Utilities,OkHttp
First parameter was not properly generated as randomized,True,com/facetec/sdk/p1.java,br.lgfelicio,9268,1M-5M,CogniCrypt,others,unknown
First parameter was not properly generated as preparedKeyMaterial,True,com/google/android/gms/internal/ads/n9.java,chat.amor,110,1M-5M,CogniCrypt,Utilities,Gson
"Unexpected call to method ""doFinal"" on object of type javax.crypto.Cipher. Expected a call to one of the following methods {init(int, java.security.Key), init(int, java.security.Key, java.security.spec.AlgorithmParameterSpec, java.security.SecureRandom), init(int, java.security.Key, java.security.spec.AlgorithmParameterSpec), init(int, java.security.Key, java.security.AlgorithmParameters, java.security.SecureRandom), init(int, java.security.cert.Certificate), init(int, java.security.Key, java.security.SecureRandom), init(int, java.security.Key, java.security.AlgorithmParameters), init(int, java.security.cert.Certificate, java.security.SecureRandom)}",False,com/google/android/gms/internal/ads/n9.java,chat.amor,110,1M-5M,CogniCrypt,Utilities,Gson
"Constraint ""algorithm in {SHA-256, SHA-384, SHA-512}"" on object $r1 is violated due to the following reason:\n|- First parameter ""varReplacer13829"" with value ""MD5"" should be any of {SHA-256, SHA-384, SHA-512} (extracted @ varReplacer13829 = ""MD5"" @ line -1)",True,f7/k.java,chat.amor,110,1M-5M,CogniCrypt,others,unknown
"Constraint ""alg(transformation) in {AES} => mode(transformation) in {GCM, CTR, CTS, CFB, OFB}"" on object $r1 is violated due to the following reason:\n|- Constraint ""alg(transformation) in {AES} => mode(transformation) in {GCM, CTR, CTS, CFB, OFB}"" evaluates to <false>:\n\t|- The left side ""alg(transformation) in {AES}"" evaluates to <true>:\n\t\t|- First parameter ""varReplacer9626"" (transformation) with value ""AES/CBC/PKCS5Padding"" satisfies the constraint in class com.google.android.gms.internal.ads.n9 @ $r1 = getInstance(varReplacer9626) @ line -1\n\t|- The right side ""mode(transformation) in {GCM, CTR, CTS, CFB, OFB}"" evaluates to <false>:\n\t\t|- First parameter ""varReplacer9626"" (transformation) with value ""AES/CBC/PKCS5Padding"" violates the constraint in class com.google.android.gms.internal.ads.n9 @ $r1 = getInstance(varReplacer9626) @ line -1",True,com/google/android/gms/internal/ads/n9.java,chat.amor,110,1M-5M,CogniCrypt,Utilities,Gson
"Constraint ""algorithm in {SHA-256, SHA-384, SHA-512}"" on object $r6 is violated due to the following reason:\n|- First parameter ""$r0"" with value ""MD5"" should be any of {SHA-256, SHA-384, SHA-512} (extracted @ varReplacer9629 = ""MD5"" @ line 2)\n|- First parameter ""$r0"" with value ""MD5"" should be any of {SHA-256, SHA-384, SHA-512} (extracted @ varReplacer10983 = ""MD5"" @ line -1)",True,com/google/android/gms/internal/ads/rs.java,chat.amor,110,1M-5M,CogniCrypt,Utilities,Gson
First parameter was not properly generated as randomized,True,com/google/android/gms/internal/ads/n9.java,chat.amor,110,1M-5M,CogniCrypt,Utilities,Gson
"Constraint ""algorithm in {SHA-256, SHA-384, SHA-512}"" on object $r8 is violated due to the following reason:\n|- First parameter ""varReplacer11372"" with value ""MD5"" should be any of {SHA-256, SHA-384, SHA-512} (extracted @ varReplacer11372 = ""MD5"" @ line 40)",True,u4/v.java,chat.amor,110,1M-5M,CogniCrypt,others,unknown
"Unexpected call to method ""getInstance"" on object of type javax.crypto.Cipher. Expected a call to one of the following methods {init(int, java.security.Key), init(int, java.security.Key, java.security.spec.AlgorithmParameterSpec, java.security.SecureRandom), init(int, java.security.Key, java.security.spec.AlgorithmParameterSpec), init(int, java.security.Key, java.security.AlgorithmParameters, java.security.SecureRandom), init(int, java.security.cert.Certificate), init(int, java.security.Key, java.security.SecureRandom), init(int, java.security.Key, java.security.AlgorithmParameters), init(int, java.security.cert.Certificate, java.security.SecureRandom)}",True,com/google/android/gms/internal/ads/n9.java,chat.amor,110,1M-5M,CogniCrypt,Utilities,Gson
"Unexpected call to method ""getIV"" on object of type javax.crypto.Cipher. Expected a call to one of the following methods {init(int, java.security.Key), init(int, java.security.Key, java.security.spec.AlgorithmParameterSpec, java.security.SecureRandom), init(int, java.security.Key, java.security.spec.AlgorithmParameterSpec), init(int, java.security.Key, java.security.AlgorithmParameters, java.security.SecureRandom), init(int, java.security.cert.Certificate), init(int, java.security.Key, java.security.SecureRandom), init(int, java.security.Key, java.security.AlgorithmParameters), init(int, java.security.cert.Certificate, java.security.SecureRandom)}",False,com/google/android/gms/internal/ads/n9.java,chat.amor,110,1M-5M,CogniCrypt,Utilities,Gson
"Constraint ""algorithm in {SHA-256, SHA-384, SHA-512}"" on object $r2 is violated due to the following reason:\n|- First parameter ""varReplacer9233"" with value ""MD5"" should be any of {SHA-256, SHA-384, SHA-512} (extracted @ varReplacer9233 = ""MD5"" @ line -1)",True,com/google/android/gms/internal/ads/ob.java,chat.amor,110,1M-5M,CogniCrypt,Utilities,Gson
Third parameter was not properly generated as randomized,False,com/google/android/gms/internal/ads/n9.java,chat.amor,110,1M-5M,CogniCrypt,Utilities,Gson
Second parameter parameter was not properly generated as generatedKey OR generatedPubkey OR generatedPrivkey,True,com/google/android/gms/internal/ads/n9.java,chat.amor,110,1M-5M,CogniCrypt,Utilities,Gson
"Constraint ""algorithm in {SHA-256, SHA-384, SHA-512}"" on object $r49 is violated due to the following reason:\n|- First parameter ""varReplacer9373"" with value ""MD5"" should be any of {SHA-256, SHA-384, SHA-512} (extracted @ varReplacer9373 = ""MD5"" @ line 679)",True,com/google/android/gms/internal/ads/s8.java,chat.amor,110,1M-5M,CogniCrypt,Utilities,Gson
First parameter was not properly generated as preparedKeyMaterial,True,com/google/android/gms/internal/ads/n9.java,chat.amor,110,1M-5M,CogniCrypt,Utilities,Gson
Third parameter was not properly generated as randomized,False,okhttp3/internal/platform/ConscryptPlatform.java,chat.butler.panel,88,1k-5k,CogniCrypt,Utilities,OkHttp
First parameter was not properly generated as generatedKeyManagers,False,okhttp3/internal/platform/ConscryptPlatform.java,chat.butler.panel,88,1k-5k,CogniCrypt,Utilities,OkHttp
Second parameter was not properly generated as generatedTrustManagers,True,okhttp3/internal/platform/ConscryptPlatform.java,chat.butler.panel,88,1k-5k,CogniCrypt,Utilities,OkHttp
"Constraint ""protocol in {TLSv1.2, TLSv1.3}"" on object $r1 is violated due to the following reason:\n|- First parameter ""varReplacer3200"" with value ""TLS"" should be any of {TLSv1.2, TLSv1.3} (extracted @ varReplacer3200 = ""TLS"" @ line 44)",True,okhttp3/internal/platform/ConscryptPlatform.java,chat.butler.panel,88,1k-5k,CogniCrypt,Utilities,OkHttp
First parameter was not properly generated as generatedKeyStore,False,okhttp3/internal/platform/Platform.java,chat.butler.panel,88,1k-5k,CogniCrypt,Utilities,OkHttp
First parameter was not properly generated as generatedKeyStore,False,okhttp3/internal/platform/ConscryptPlatform.java,chat.butler.panel,88,1k-5k,CogniCrypt,Utilities,OkHttp
"Constraint ""protocol in {TLSv1.2, TLSv1.3}"" on object $r1 is violated due to the following reason:\n|- First parameter ""varReplacer3202"" with value ""TLS"" should be any of {TLSv1.2, TLSv1.3} (extracted @ varReplacer3202 = ""TLS"" @ line 75)",True,okhttp3/internal/platform/Platform.java,chat.butler.panel,88,1k-5k,CogniCrypt,Utilities,OkHttp
Third parameter was not properly generated as randomized,False,okhttp3/internal/platform/Platform.java,chat.butler.panel,88,1k-5k,CogniCrypt,Utilities,OkHttp
Second parameter was not properly generated as generatedTrustManagers,True,okhttp3/internal/platform/Platform.java,chat.butler.panel,88,1k-5k,CogniCrypt,Utilities,OkHttp
First parameter was not properly generated as generatedKeyStore,False,okhttp3/internal/platform/OpenJSSEPlatform.java,chat.butler.panel,88,1k-5k,CogniCrypt,Utilities,OkHttp
Second parameter was not properly generated as generatedTrustManagers,False,org/java_websocket/client/WebSocketClient.java,chat.butler.panel,88,1k-5k,CogniCrypt,Android,androidx.webkit::webkit
Third parameter was not properly generated as randomized,False,org/java_websocket/client/WebSocketClient.java,chat.butler.panel,88,1k-5k,CogniCrypt,Android,androidx.webkit::webkit
First parameter was not properly generated as generatedKeyManagers,False,org/java_websocket/client/WebSocketClient.java,chat.butler.panel,88,1k-5k,CogniCrypt,Android,androidx.webkit::webkit
"Constraint ""algorithm in {SHA-256, SHA-384, SHA-512}"" on object $r3 is violated due to the following reason:\n|- First parameter ""varReplacer8196"" with value ""SHA1"" should be any of {SHA-256, SHA-384, SHA-512} (extracted @ varReplacer8196 = ""SHA1"" @ line 834)",True,org/java_websocket/drafts/Draft_6455.java,chat.butler.panel,88,1k-5k,CogniCrypt,Android,androidx.webkit::webkit
Second parameter was not properly generated as generatedTrustManagers,False,com/pusher/client/connection/websocket/WebSocketClientWrapper.java,chat.butler.panel,88,1k-5k,CogniCrypt,Android,ion
First parameter was not properly generated as generatedKeyManagers,False,com/pusher/client/connection/websocket/WebSocketClientWrapper.java,chat.butler.panel,88,1k-5k,CogniCrypt,Android,ion
Third parameter was not properly generated as randomized,False,com/pusher/client/connection/websocket/WebSocketClientWrapper.java,chat.butler.panel,88,1k-5k,CogniCrypt,Android,ion
"Constraint ""protocol in {TLSv1.2, TLSv1.3}"" on object $r5 is violated due to the following reason:\n|- First parameter ""varReplacer6392"" with value ""TLS"" should be any of {TLSv1.2, TLSv1.3} (extracted @ varReplacer6392 = ""TLS"" @ line 30)",True,com/pusher/client/connection/websocket/WebSocketClientWrapper.java,chat.butler.panel,88,1k-5k,CogniCrypt,Android,ion
First parameter was not properly generated as generatedKeyManagers,False,okhttp3/internal/platform/Platform.java,chat.butler.panel,88,1k-5k,CogniCrypt,Utilities,OkHttp
First parameter was not properly generated as generatedKeyStore,False,okhttp3/internal/platform/BouncyCastlePlatform.java,chat.butler.panel,88,1k-5k,CogniCrypt,Utilities,OkHttp
Third parameter was not properly generated as randomized,False,okhttp3/internal/platform/Platform.java,chat.butler.panel,88,1k-5k,CogniCrypt,Utilities,OkHttp
Second parameter was not properly generated as generatedTrustManagers,True,okhttp3/internal/platform/Platform.java,chat.butler.panel,88,1k-5k,CogniCrypt,Utilities,OkHttp
Second parameter was not properly generated as generatedTrustManagers,True,okhttp3/internal/platform/Platform.java,chat.butler.panel,88,1k-5k,CogniCrypt,Utilities,OkHttp
Second parameter was not properly generated as generatedTrustManagers,True,okhttp3/internal/platform/Platform.java,chat.butler.panel,88,1k-5k,CogniCrypt,Utilities,OkHttp
Third parameter was not properly generated as randomized,False,okhttp3/internal/platform/Platform.java,chat.butler.panel,88,1k-5k,CogniCrypt,Utilities,OkHttp
First parameter was not properly generated as generatedKeyManagers,False,okhttp3/internal/platform/Platform.java,chat.butler.panel,88,1k-5k,CogniCrypt,Utilities,OkHttp
First parameter was not properly generated as generatedKeyManagers,False,okhttp3/internal/platform/Platform.java,chat.butler.panel,88,1k-5k,CogniCrypt,Utilities,OkHttp
First parameter was not properly generated as generatedKeyManagers,False,okhttp3/internal/platform/Platform.java,chat.butler.panel,88,1k-5k,CogniCrypt,Utilities,OkHttp
Third parameter was not properly generated as randomized,False,okhttp3/internal/platform/Platform.java,chat.butler.panel,88,1k-5k,CogniCrypt,Utilities,OkHttp
"Constraint ""protocol in {TLSv1.2, TLSv1.3}"" on object $r1 is violated due to the following reason:\n|- First parameter ""varReplacer3206"" with value ""TLS"" should be any of {TLSv1.2, TLSv1.3} (extracted @ varReplacer3206 = ""TLS"" @ line 38)",True,okhttp3/internal/platform/BouncyCastlePlatform.java,chat.butler.panel,88,1k-5k,CogniCrypt,Utilities,OkHttp
"Constraint ""algorithm in {SHA-256, SHA-384, SHA-512}"" on object $r2 is violated due to the following reason:\n|- First parameter ""varReplacer27246"" with value ""SHA-1"" should be any of {SHA-256, SHA-384, SHA-512} (extracted @ varReplacer27246 = ""SHA-1"" @ line 7)",True,com/zipoapps/premiumhelper/util/PremiumHelperUtils.java,cleaner.clean.booster,231,>5M,CogniCrypt,others,unknown
"Constraint ""algorithm in {SHA-256, SHA-384, SHA-512}"" on object $r12 is violated due to the following reason:\n|- First parameter ""varReplacer30831"" with value ""MD5"" should be any of {SHA-256, SHA-384, SHA-512} (extracted @ varReplacer30831 = ""MD5"" @ line 66)",True,com/yandex/metrica/impl/ob/um.java,cleaner.clean.booster,231,>5M,CogniCrypt,others,unknown
Second parameter was not properly generated as generatedTrustManagers,False,com/zipoapps/premiumhelper/toto/TotoService.java,cleaner.clean.booster,231,>5M,CogniCrypt,others,unknown
First parameter was not properly generated as generatedKeyStore,False,okhttp3/internal/platform/ConscryptPlatform.java,cleaner.clean.booster,231,>5M,CogniCrypt,Utilities,OkHttp
"Constraint ""protocol in {TLSv1.2, TLSv1.3}"" on object $r1 is violated due to the following reason:\n|- First parameter ""varReplacer24244"" with value ""TLS"" should be any of {TLSv1.2, TLSv1.3} (extracted @ varReplacer24244 = ""TLS"" @ line 2)",True,okhttp3/internal/platform/ConscryptPlatform.java,cleaner.clean.booster,231,>5M,CogniCrypt,Utilities,OkHttp
First parameter was not properly generated as generatedKeyManagers,False,okhttp3/internal/platform/ConscryptPlatform.java,cleaner.clean.booster,231,>5M,CogniCrypt,Utilities,OkHttp
Third parameter was not properly generated as randomized,False,okhttp3/internal/platform/ConscryptPlatform.java,cleaner.clean.booster,231,>5M,CogniCrypt,Utilities,OkHttp
Second parameter was not properly generated as generatedTrustManagers,True,okhttp3/internal/platform/ConscryptPlatform.java,cleaner.clean.booster,231,>5M,CogniCrypt,Utilities,OkHttp
First parameter was not properly generated as generatedKeyStore,False,okhttp3/internal/platform/Platform.java,cleaner.clean.booster,231,>5M,CogniCrypt,Utilities,OkHttp
First parameter was not properly generated as generatedKeyManagers,False,okhttp3/internal/platform/Platform.java,cleaner.clean.booster,231,>5M,CogniCrypt,Utilities,OkHttp
Second parameter was not properly generated as generatedTrustManagers,True,okhttp3/internal/platform/Platform.java,cleaner.clean.booster,231,>5M,CogniCrypt,Utilities,OkHttp
Second parameter was not properly generated as generatedTrustManagers,True,okhttp3/internal/platform/Platform.java,cleaner.clean.booster,231,>5M,CogniCrypt,Utilities,OkHttp
First parameter was not properly generated as generatedKeyManagers,False,okhttp3/internal/platform/Platform.java,cleaner.clean.booster,231,>5M,CogniCrypt,Utilities,OkHttp
Third parameter was not properly generated as randomized,False,okhttp3/internal/platform/Platform.java,cleaner.clean.booster,231,>5M,CogniCrypt,Utilities,OkHttp
First parameter was not properly generated as generatedKeyManagers,False,okhttp3/internal/platform/Platform.java,cleaner.clean.booster,231,>5M,CogniCrypt,Utilities,OkHttp
First parameter was not properly generated as generatedKeyManagers,False,okhttp3/internal/platform/Platform.java,cleaner.clean.booster,231,>5M,CogniCrypt,Utilities,OkHttp
Third parameter was not properly generated as randomized,False,okhttp3/internal/platform/Platform.java,cleaner.clean.booster,231,>5M,CogniCrypt,Utilities,OkHttp
Second parameter was not properly generated as generatedTrustManagers,True,okhttp3/internal/platform/Platform.java,cleaner.clean.booster,231,>5M,CogniCrypt,Utilities,OkHttp
First parameter was not properly generated as generatedKeyStore,False,okhttp3/internal/platform/OpenJSSEPlatform.java,cleaner.clean.booster,231,>5M,CogniCrypt,Utilities,OkHttp
"Constraint ""algorithm in {SHA-256, SHA-384, SHA-512}"" on object $r2 is violated due to the following reason:\n|- First parameter ""varReplacer7430"" with value ""SHA-1"" should be any of {SHA-256, SHA-384, SHA-512} (extracted @ varReplacer7430 = ""SHA-1"" @ line 11)",True,com/applovin/impl/sdk/utils/StringUtils.java,cleaner.clean.booster,231,>5M,CogniCrypt,others,unknown
"Constraint ""protocol in {TLSv1.2, TLSv1.3}"" on object $r1 is violated due to the following reason:\n|- First parameter ""varReplacer24246"" with value ""TLS"" should be any of {TLSv1.2, TLSv1.3} (extracted @ varReplacer24246 = ""TLS"" @ line 2)",True,okhttp3/internal/platform/Platform.java,cleaner.clean.booster,231,>5M,CogniCrypt,Utilities,OkHttp
"Constraint ""algorithm in {SHA-256, SHA-384, SHA-512}"" on object $r1 is violated due to the following reason:\n|- First parameter ""varReplacer10815"" with value ""MD5"" should be any of {SHA-256, SHA-384, SHA-512} (extracted @ varReplacer10815 = ""MD5"" @ line 1)",True,com/yandex/metrica/impl/ob/ym.java,cleaner.clean.booster,231,>5M,CogniCrypt,others,unknown
Third parameter was not properly generated as randomized,False,com/zipoapps/premiumhelper/toto/TotoService.java,cleaner.clean.booster,231,>5M,CogniCrypt,others,unknown
Third parameter was not properly generated as randomized,False,okhttp3/internal/platform/Platform.java,cleaner.clean.booster,231,>5M,CogniCrypt,Utilities,OkHttp
Second parameter was not properly generated as generatedTrustManagers,True,okhttp3/internal/platform/Platform.java,cleaner.clean.booster,231,>5M,CogniCrypt,Utilities,OkHttp
"Constraint ""protocol in {TLSv1.2, TLSv1.3}"" on object $r1 is violated due to the following reason:\n|- First parameter ""varReplacer24250"" with value ""TLS"" should be any of {TLSv1.2, TLSv1.3} (extracted @ varReplacer24250 = ""TLS"" @ line 2)",True,okhttp3/internal/platform/BouncyCastlePlatform.java,cleaner.clean.booster,231,>5M,CogniCrypt,Utilities,OkHttp
First parameter was not properly generated as generatedKeyManagers,False,com/zipoapps/premiumhelper/toto/TotoService.java,cleaner.clean.booster,231,>5M,CogniCrypt,others,unknown
First parameter was not properly generated as generatedKeyStore,False,com/zipoapps/premiumhelper/toto/TotoService.java,cleaner.clean.booster,231,>5M,CogniCrypt,others,unknown
First parameter was not properly generated as generatedKeyStore,False,okhttp3/internal/platform/BouncyCastlePlatform.java,cleaner.clean.booster,231,>5M,CogniCrypt,Utilities,OkHttp
Third parameter was not properly generated as randomized,False,okhttp3/internal/platform/Platform.java,cleaner.clean.booster,231,>5M,CogniCrypt,Utilities,OkHttp
"Constraint ""algorithm in {SHA-256, SHA-384, SHA-512}"" on object $r14 is violated due to the following reason:\n|- First parameter ""varReplacer34563"" with value ""SHA1"" should be any of {SHA-256, SHA-384, SHA-512} (extracted @ varReplacer34563 = ""SHA1"" @ line 83)",True,com/yandex/metrica/impl/ob/P.java,cleaner.clean.booster,231,>5M,CogniCrypt,others,unknown
"Constraint ""algorithm in {SHA-256, SHA-384, SHA-512}"" on object $r2 is violated due to the following reason:\n|- First parameter ""varReplacer33983"" with value ""SHA-1"" should be any of {SHA-256, SHA-384, SHA-512} (extracted @ varReplacer33983 = ""SHA-1"" @ line 145)",True,com/applovin/impl/sdk/utils/r.java,cleaner.clean.booster,231,>5M,CogniCrypt,others,unknown
"Constraint ""protocol in {TLSv1.2, TLSv1.3}"" on object $r2 is violated due to the following reason:\n|- First parameter ""$r1"" with value null should be any of {TLSv1.2, TLSv1.3} (extracted @ varReplacer5659 = null @ line -1)\n|- First parameter ""$r1"" with value ""TLS"" should be any of {TLSv1.2, TLSv1.3} (extracted @ $r1 = ""TLS"" @ line 165)",True,org/apache/http/conn/ssl/SSLContextBuilder.java,cn.com.tiro.virtualremote,113,1k-5k,CogniCrypt,Android,EventBus
Third parameter was not properly generated as randomized,False,org/apache/http/conn/ssl/SSLContextBuilder.java,cn.com.tiro.virtualremote,113,1k-5k,CogniCrypt,Android,EventBus
"Constraint ""protocol in {TLSv1.2, TLSv1.3}"" on object $r0 is violated due to the following reason:\n|- First parameter ""varReplacer5523"" with value ""TLS"" should be any of {TLSv1.2, TLSv1.3} (extracted @ varReplacer5523 = ""TLS"" @ line 57)",True,org/apache/http/conn/ssl/SSLContexts.java,cn.com.tiro.virtualremote,113,1k-5k,CogniCrypt,Android,EventBus
First parameter was not properly generated as generatedKeyStore,False,org/apache/http/conn/ssl/SSLContextBuilder.java,cn.com.tiro.virtualremote,113,1k-5k,CogniCrypt,Android,EventBus
First parameter was not properly generated as generatedKeyManagers,True,org/apache/http/conn/ssl/SSLContextBuilder.java,cn.com.tiro.virtualremote,113,1k-5k,CogniCrypt,Android,EventBus
First parameter was not properly generated as generatedKeyManagers,False,org/apache/http/conn/ssl/SSLContexts.java,cn.com.tiro.virtualremote,113,1k-5k,CogniCrypt,Android,EventBus
Second parameter was not properly generated as generatedTrustManagers,True,org/apache/http/conn/ssl/SSLContextBuilder.java,cn.com.tiro.virtualremote,113,1k-5k,CogniCrypt,Android,EventBus
"Constraint ""protocol in {TLSv1.2, TLSv1.3}"" on object $r1 is violated due to the following reason:\n|- First parameter ""varReplacer5527"" with value ""TLS"" should be any of {TLSv1.2, TLSv1.3} (extracted @ varReplacer5527 = ""TLS"" @ line 71)",True,com/loopj/android/http/MySSLSocketFactory.java,cn.com.tiro.virtualremote,113,1k-5k,CogniCrypt,others,unknown
Third parameter was not properly generated as randomized,False,com/loopj/android/http/MySSLSocketFactory.java,cn.com.tiro.virtualremote,113,1k-5k,CogniCrypt,others,unknown
First parameter was not properly generated as generatedKeyManagers,False,com/loopj/android/http/MySSLSocketFactory.java,cn.com.tiro.virtualremote,113,1k-5k,CogniCrypt,others,unknown
Second parameter was not properly generated as generatedTrustManagers,True,com/loopj/android/http/MySSLSocketFactory.java,cn.com.tiro.virtualremote,113,1k-5k,CogniCrypt,others,unknown
Third parameter was not properly generated as randomized,False,org/apache/http/conn/ssl/SSLContexts.java,cn.com.tiro.virtualremote,113,1k-5k,CogniCrypt,Android,EventBus
Second parameter was not properly generated as generatedTrustManagers,False,org/apache/http/conn/ssl/SSLContexts.java,cn.com.tiro.virtualremote,113,1k-5k,CogniCrypt,Android,EventBus
Third parameter was not properly generated as randomized,False,ye/w.java,co.dudo.podcastvn,28,5k-10k,CogniCrypt,others,unknown
Second parameter was not properly generated as generatedTrustManagers,True,ye/w.java,co.dudo.podcastvn,28,5k-10k,CogniCrypt,others,unknown
Second parameter was not properly generated as generatedTrustManagers,True,ye/w.java,co.dudo.podcastvn,28,5k-10k,CogniCrypt,others,unknown
Third parameter was not properly generated as randomized,False,ye/w.java,co.dudo.podcastvn,28,5k-10k,CogniCrypt,others,unknown
Third parameter was not properly generated as randomized,False,ye/w.java,co.dudo.podcastvn,28,5k-10k,CogniCrypt,others,unknown
First parameter was not properly generated as generatedKeyManagers,False,ye/w.java,co.dudo.podcastvn,28,5k-10k,CogniCrypt,others,unknown
Third parameter was not properly generated as randomized,False,ye/w.java,co.dudo.podcastvn,28,5k-10k,CogniCrypt,others,unknown
Second parameter was not properly generated as generatedTrustManagers,True,ye/w.java,co.dudo.podcastvn,28,5k-10k,CogniCrypt,others,unknown
Second parameter was not properly generated as generatedTrustManagers,True,ye/w.java,co.dudo.podcastvn,28,5k-10k,CogniCrypt,others,unknown
Second parameter was not properly generated as generatedTrustManagers,True,ye/w.java,co.dudo.podcastvn,28,5k-10k,CogniCrypt,others,unknown
First parameter was not properly generated as generatedKeyManagers,False,ye/w.java,co.dudo.podcastvn,28,5k-10k,CogniCrypt,others,unknown
First parameter was not properly generated as generatedKeyManagers,False,ye/w.java,co.dudo.podcastvn,28,5k-10k,CogniCrypt,others,unknown
Second parameter was not properly generated as generatedTrustManagers,True,ye/w.java,co.dudo.podcastvn,28,5k-10k,CogniCrypt,others,unknown
First parameter was not properly generated as generatedKeyManagers,False,ye/w.java,co.dudo.podcastvn,28,5k-10k,CogniCrypt,others,unknown
Third parameter was not properly generated as randomized,False,ye/w.java,co.dudo.podcastvn,28,5k-10k,CogniCrypt,others,unknown
"Constraint ""protocol in {TLSv1.2, TLSv1.3}"" on object $r3 is violated due to the following reason:\n|- First parameter ""varReplacer9720"" with value ""TLS"" should be any of {TLSv1.2, TLSv1.3} (extracted @ varReplacer9720 = ""TLS"" @ line 2)",True,ff/a.java,co.dudo.podcastvn,28,5k-10k,CogniCrypt,others,unknown
First parameter was not properly generated as generatedKeyManagers,False,ye/w.java,co.dudo.podcastvn,28,5k-10k,CogniCrypt,others,unknown
Third parameter was not properly generated as randomized,False,ye/w.java,co.dudo.podcastvn,28,5k-10k,CogniCrypt,others,unknown
"Constraint ""algorithm in {SHA-256, SHA-384, SHA-512}"" on object $r8 is violated due to the following reason:\n|- First parameter ""varReplacer9861"" with value ""SHA"" should be any of {SHA-256, SHA-384, SHA-512} (extracted @ varReplacer9861 = ""SHA"" @ line 2)",True,co/dudo/podcastvn/splash/SplashActivity.java,co.dudo.podcastvn,28,5k-10k,CogniCrypt,Android,androidx.arch.core::core-common
"Constraint ""algorithm in {SHA-256, SHA-384, SHA-512}"" on object $r1 is violated due to the following reason:\n|- First parameter ""varReplacer9855"" with value ""MD5"" should be any of {SHA-256, SHA-384, SHA-512} (extracted @ varReplacer9855 = ""MD5"" @ line 1)",True,a3/i.java,co.dudo.podcastvn,28,5k-10k,CogniCrypt,others,unknown
"Constraint ""keyAlgorithm in {AES, HmacSHA256, HmacSHA384, HmacSHA512}"" on object $r2 is violated due to the following reason:\n|- Second parameter ""varReplacer8589"" with value ""HmacSHA1"" should be any of {AES, HmacSHA256, HmacSHA384, HmacSHA512} (extracted @ varReplacer8589 = ""HmacSHA1"" @ line 1)",True,a3/i.java,co.dudo.podcastvn,28,5k-10k,CogniCrypt,others,unknown
"Constraint ""algorithm in {HmacSHA256, HmacSHA384, HmacSHA512, HmacPBESHA1, PBEWithHmacSHA1, PBEWithHmacSHA224, PBEWithHmacSHA256, PBEWithHmacSHA384, PBEWithHmacSHA512}"" on object $r4 is violated due to the following reason:\n|- First parameter ""varReplacer8590"" with value ""HmacSHA1"" should be any of {HmacSHA256, HmacSHA384, HmacSHA512, HmacPBESHA1, PBEWithHmacSHA1, PBEWithHmacSHA224, PBEWithHmacSHA256, PBEWithHmacSHA384, PBEWithHmacSHA512} (extracted @ varReplacer8590 = ""HmacSHA1"" @ line 1)",True,a3/i.java,co.dudo.podcastvn,28,5k-10k,CogniCrypt,others,unknown
First parameter was not properly generated as generatedKey,True,a3/i.java,co.dudo.podcastvn,28,5k-10k,CogniCrypt,others,unknown
"Constraint ""algorithm in {SHA-256, SHA-384, SHA-512}"" on object $r7 is violated due to the following reason:\n|- First parameter ""varReplacer11975"" with value ""SHA1"" should be any of {SHA-256, SHA-384, SHA-512} (extracted @ varReplacer11975 = ""SHA1"" @ line 3)",True,com/facebook/internal/security/CertificateUtil.java,co.dudo.podcastvn,28,5k-10k,CogniCrypt,SocialMedia,Facebook-App-Links
"Constraint ""algorithm in {SHA-256, SHA-384, SHA-512}"" on object $r1 is violated due to the following reason:\n|- First parameter ""varReplacer11992"" with value ""MD5"" should be any of {SHA-256, SHA-384, SHA-512} (extracted @ varReplacer11992 = ""MD5"" @ line 1)",True,com/facebook/appevents/internal/HashUtils.java,co.dudo.podcastvn,28,5k-10k,CogniCrypt,SocialMedia,Facebook-App-Links
First parameter was not properly generated as preparedKeyMaterial,True,a3/i.java,co.dudo.podcastvn,28,5k-10k,CogniCrypt,others,unknown
"Constraint ""protocol in {TLSv1.2, TLSv1.3}"" on object $r3 is violated due to the following reason:\n|- First parameter ""varReplacer9717"" with value ""TLS"" should be any of {TLSv1.2, TLSv1.3} (extracted @ varReplacer9717 = ""TLS"" @ line 2)",True,ff/b.java,co.dudo.podcastvn,28,5k-10k,CogniCrypt,others,unknown
"Constraint ""protocol in {TLSv1.2, TLSv1.3}"" on object $r4 is violated due to the following reason:\n|- First parameter ""varReplacer9714"" with value ""TLS"" should be any of {TLSv1.2, TLSv1.3} (extracted @ varReplacer9714 = ""TLS"" @ line 3)",True,ff/f.java,co.dudo.podcastvn,28,5k-10k,CogniCrypt,others,unknown
"Constraint ""algorithm in {SHA-256, SHA-384, SHA-512}"" on object $r3 is violated due to the following reason:\n|- First parameter ""$r2"" with value ""MD5"" should be any of {SHA-256, SHA-384, SHA-512} (extracted @ varReplacer11918 = ""MD5"" @ line -1)\n|- First parameter ""$r2"" with value ""SHA-1"" should be any of {SHA-256, SHA-384, SHA-512} (extracted @ varReplacer5864 = ""SHA-1"" @ line 2)",True,com/facebook/internal/Utility.java,co.dudo.podcastvn,28,5k-10k,CogniCrypt,SocialMedia,Facebook-App-Links
"Constraint ""algorithm in {SHA-256, SHA-384, SHA-512}"" on object $r1 is violated due to the following reason:\n|- First parameter ""varReplacer6499"" with value ""MD5"" should be any of {SHA-256, SHA-384, SHA-512} (extracted @ varReplacer6499 = ""MD5"" @ line 1)",True,com/facebook/appevents/AppEvent.java,co.dudo.podcastvn,28,5k-10k,CogniCrypt,SocialMedia,Facebook-App-Links
"Constraint ""algorithm in {SHA-256, SHA-384, SHA-512}"" on object $r2 is violated due to the following reason:\n|- First parameter ""varReplacer19072"" with value ""SHA-1"" should be any of {SHA-256, SHA-384, SHA-512} (extracted @ varReplacer19072 = ""SHA-1"" @ line 1)",True,v7/l.java,co.dudo.podcastvn,28,5k-10k,CogniCrypt,others,unknown
First parameter was not properly generated as generatedKeyStore,False,ze/c.java,co.dudo.podcastvn,28,5k-10k,CogniCrypt,others,unknown
First parameter was not properly generated as generatedKeyManagers,False,ye/w.java,co.dudo.podcastvn,28,5k-10k,CogniCrypt,others,unknown
Second parameter was not properly generated as generatedTrustManagers,True,okhttp3/internal/platform/ConscryptPlatform.java,co.massmobileapps.porkmafia,3,<100,CogniCrypt,Utilities,OkHttp
First parameter was not properly generated as generatedKeyManagers,False,okhttp3/internal/platform/ConscryptPlatform.java,co.massmobileapps.porkmafia,3,<100,CogniCrypt,Utilities,OkHttp
"Constraint ""protocol in {TLSv1.2, TLSv1.3}"" on object $r1 is violated due to the following reason:\n|- First parameter ""varReplacer20236"" with value ""TLS"" should be any of {TLSv1.2, TLSv1.3} (extracted @ varReplacer20236 = ""TLS"" @ line 44)",True,okhttp3/internal/platform/ConscryptPlatform.java,co.massmobileapps.porkmafia,3,<100,CogniCrypt,Utilities,OkHttp
First parameter was not properly generated as generatedKeyStore,False,okhttp3/internal/platform/ConscryptPlatform.java,co.massmobileapps.porkmafia,3,<100,CogniCrypt,Utilities,OkHttp
"Could not evaluate the constraint ""algorithm in {PKIX, SunX509}"" due to insufficient information:\n|- Could not evaluate expression ""staticinvoke <javax.net.ssl.TrustManagerFactory: java.lang.String getDefaultAlgorithm()>()"" in class ""okhttp3.internal.platform.ConscryptPlatform"" @ $r1 = getDefaultAlgorithm() @ line 47",False,okhttp3/internal/platform/ConscryptPlatform.java,co.massmobileapps.porkmafia,3,<100,CogniCrypt,Utilities,OkHttp
First parameter was not properly generated as generatedKeyStore,False,okhttp3/internal/platform/OpenJSSEPlatform.java,co.massmobileapps.porkmafia,3,<100,CogniCrypt,Utilities,OkHttp
First parameter was not properly generated as generatedKey,False,oauth/signpost/signature/HmacSha1MessageSigner.java,co.massmobileapps.porkmafia,3,<100,CogniCrypt,Utilities,androidoauthclient
First parameter was not properly generated as preparedKeyMaterial,False,oauth/signpost/signature/HmacSha1MessageSigner.java,co.massmobileapps.porkmafia,3,<100,CogniCrypt,Utilities,androidoauthclient
"Could not evaluate the constraint ""algorithm in {PKIX, SunX509}"" due to insufficient information:\n|- Could not evaluate expression ""staticinvoke <javax.net.ssl.TrustManagerFactory: java.lang.String getDefaultAlgorithm()>()"" in class ""okhttp3.internal.platform.Platform"" @ $r1 = getDefaultAlgorithm() @ line 79",False,okhttp3/internal/platform/Platform.java,co.massmobileapps.porkmafia,3,<100,CogniCrypt,Utilities,OkHttp
First parameter was not properly generated as generatedKeyManagers,False,okhttp3/internal/platform/Platform.java,co.massmobileapps.porkmafia,3,<100,CogniCrypt,Utilities,OkHttp
"Could not evaluate the constraint ""algorithm in {PKIX, SunX509}"" due to insufficient information:\n|- Could not evaluate expression ""staticinvoke <javax.net.ssl.TrustManagerFactory: java.lang.String getDefaultAlgorithm()>()"" in class ""okhttp3.internal.platform.OpenJSSEPlatform"" @ $r1 = getDefaultAlgorithm() @ line 44",False,okhttp3/internal/platform/OpenJSSEPlatform.java,co.massmobileapps.porkmafia,3,<100,CogniCrypt,Utilities,OkHttp
First parameter was not properly generated as generatedKeyStore,False,okhttp3/internal/platform/Platform.java,co.massmobileapps.porkmafia,3,<100,CogniCrypt,Utilities,OkHttp
Second parameter was not properly generated as generatedTrustManagers,True,okhttp3/internal/platform/Platform.java,co.massmobileapps.porkmafia,3,<100,CogniCrypt,Utilities,OkHttp
Third parameter was not properly generated as randomized,False,okhttp3/internal/platform/Platform.java,co.massmobileapps.porkmafia,3,<100,CogniCrypt,Utilities,OkHttp
First parameter was not properly generated as generatedKeyManagers,False,okhttp3/internal/platform/Platform.java,co.massmobileapps.porkmafia,3,<100,CogniCrypt,Utilities,OkHttp
Third parameter was not properly generated as randomized,False,okhttp3/internal/platform/Platform.java,co.massmobileapps.porkmafia,3,<100,CogniCrypt,Utilities,OkHttp
Third parameter was not properly generated as randomized,False,okhttp3/internal/platform/Platform.java,co.massmobileapps.porkmafia,3,<100,CogniCrypt,Utilities,OkHttp
Second parameter was not properly generated as generatedTrustManagers,True,okhttp3/internal/platform/Platform.java,co.massmobileapps.porkmafia,3,<100,CogniCrypt,Utilities,OkHttp
Second parameter was not properly generated as generatedTrustManagers,True,okhttp3/internal/platform/Platform.java,co.massmobileapps.porkmafia,3,<100,CogniCrypt,Utilities,OkHttp
Third parameter was not properly generated as randomized,False,okhttp3/internal/platform/Platform.java,co.massmobileapps.porkmafia,3,<100,CogniCrypt,Utilities,OkHttp
First parameter was not properly generated as generatedKeyManagers,False,okhttp3/internal/platform/Platform.java,co.massmobileapps.porkmafia,3,<100,CogniCrypt,Utilities,OkHttp
Second parameter was not properly generated as generatedTrustManagers,True,okhttp3/internal/platform/Platform.java,co.massmobileapps.porkmafia,3,<100,CogniCrypt,Utilities,OkHttp
First parameter was not properly generated as generatedKeyManagers,False,okhttp3/internal/platform/Platform.java,co.massmobileapps.porkmafia,3,<100,CogniCrypt,Utilities,OkHttp
"Constraint ""protocol in {TLSv1.2, TLSv1.3}"" on object $r1 is violated due to the following reason:\n|- First parameter ""varReplacer20242"" with value ""TLS"" should be any of {TLSv1.2, TLSv1.3} (extracted @ varReplacer20242 = ""TLS"" @ line 38)",True,okhttp3/internal/platform/BouncyCastlePlatform.java,co.massmobileapps.porkmafia,3,<100,CogniCrypt,Utilities,OkHttp
"Constraint ""protocol in {TLSv1.2, TLSv1.3}"" on object $r1 is violated due to the following reason:\n|- First parameter ""varReplacer20238"" with value ""TLS"" should be any of {TLSv1.2, TLSv1.3} (extracted @ varReplacer20238 = ""TLS"" @ line 75)",True,okhttp3/internal/platform/Platform.java,co.massmobileapps.porkmafia,3,<100,CogniCrypt,Utilities,OkHttp
First parameter was not properly generated as generatedKeyStore,False,okhttp3/internal/platform/BouncyCastlePlatform.java,co.massmobileapps.porkmafia,3,<100,CogniCrypt,Utilities,OkHttp
Third parameter was not properly generated as randomized,False,okhttp3/internal/platform/ConscryptPlatform.java,co.massmobileapps.porkmafia,3,<100,CogniCrypt,Utilities,OkHttp
"Could not evaluate the constraint ""length[preInput] >= preLen + preOffset"" due to insufficient information:\n|- Could not evaluate expression ""virtualinvoke $r0.<java.lang.String: byte[] getBytes()>()"" in class ""com.flurry.sdk.fh"" @ $r2 = $r0.getBytes() @ line 114\n\t|- Could not evaluate expression ""virtualinvoke $r5.<android.telephony.TelephonyManager: java.lang.String getDeviceId()>()"" in class ""com.flurry.sdk.em"" @ $r6 = $r5.getDeviceId() @ line 44\n|- Could not evaluate expression ""virtualinvoke $r0.<java.lang.String: int length()>()"" in class ""com.flurry.sdk.fh"" @ $i0 = $r0.length() @ line 114",False,com/flurry/sdk/fh.java,co.massmobileapps.porkmafia,3,<100,CogniCrypt,others,unknown
"Constraint ""keyAlgorithm in {AES, HmacSHA256, HmacSHA384, HmacSHA512}"" on object $r9 is violated due to the following reason:\n|- Second parameter ""varReplacer31125"" with value ""HmacSHA1"" should be any of {AES, HmacSHA256, HmacSHA384, HmacSHA512} (extracted @ varReplacer31125 = ""HmacSHA1"" @ line 45)",True,oauth/signpost/signature/HmacSha1MessageSigner.java,co.massmobileapps.porkmafia,3,<100,CogniCrypt,Utilities,androidoauthclient
"Constraint ""algorithm in {SHA-256, SHA-384, SHA-512}"" on object $r1 is violated due to the following reason:\n|- First parameter ""varReplacer12907"" with value ""SHA-1"" should be any of {SHA-256, SHA-384, SHA-512} (extracted @ varReplacer12907 = ""SHA-1"" @ line 113)",True,com/flurry/sdk/fh.java,co.massmobileapps.porkmafia,3,<100,CogniCrypt,others,unknown
"Could not evaluate the constraint ""preLen > 0"" due to insufficient information:\n|- Could not evaluate expression ""virtualinvoke $r0.<java.lang.String: int length()>()"" in class ""com.flurry.sdk.fh"" @ $i0 = $r0.length() @ line 114",False,com/flurry/sdk/fh.java,co.massmobileapps.porkmafia,3,<100,CogniCrypt,others,unknown
Detected call to forbidden method <java.security.DigestOutputStream: void on(boolean)> of class java.security.DigestOutputStream,True,com/flurry/sdk/cc.java,co.massmobileapps.porkmafia,3,<100,CogniCrypt,others,unknown
Second parameter was not properly generated as generatedMessageDigest,False,com/flurry/sdk/cc.java,co.massmobileapps.porkmafia,3,<100,CogniCrypt,others,unknown
"Operation on object of type java.security.DigestOutputStream not completed. Expected call to one of the methods {write(int), write(byte[], int, int)}",False,com/flurry/sdk/cc.java,co.massmobileapps.porkmafia,3,<100,CogniCrypt,others,unknown
"Constraint ""algorithm in {HmacSHA256, HmacSHA384, HmacSHA512, HmacPBESHA1, PBEWithHmacSHA1, PBEWithHmacSHA224, PBEWithHmacSHA256, PBEWithHmacSHA384, PBEWithHmacSHA512}"" on object $r5 is violated due to the following reason:\n|- First parameter ""varReplacer31126"" with value ""HmacSHA1"" should be any of {HmacSHA256, HmacSHA384, HmacSHA512, HmacPBESHA1, PBEWithHmacSHA1, PBEWithHmacSHA224, PBEWithHmacSHA256, PBEWithHmacSHA384, PBEWithHmacSHA512} (extracted @ varReplacer31126 = ""HmacSHA1"" @ line 48)",True,oauth/signpost/signature/HmacSha1MessageSigner.java,co.massmobileapps.porkmafia,3,<100,CogniCrypt,Utilities,androidoauthclient
"Constraint ""algorithm in {SHA-256, SHA-384, SHA-512}"" on object $r3 is violated due to the following reason:\n|- First parameter ""$r2"" with value ""SHA-1"" should be any of {SHA-256, SHA-384, SHA-512} (extracted @ varReplacer11002 = ""SHA-1"" @ line 155)\n|- First parameter ""$r2"" with value ""MD5"" should be any of {SHA-256, SHA-384, SHA-512} (extracted @ varReplacer11447 = ""MD5"" @ line 151)",True,com/facebook/internal/Utility.java,co.massmobileapps.porkmafia,3,<100,CogniCrypt,SocialMedia,Facebook-Core
"Constraint ""algorithm in {SHA-256, SHA-384, SHA-512}"" on object $r5 is violated due to the following reason:\n|- First parameter ""varReplacer3470"" with value ""MD5"" should be any of {SHA-256, SHA-384, SHA-512} (extracted @ varReplacer3470 = ""MD5"" @ line 1)",True,com/google/android/gms/internal/ads/zzcgg.java,com.AwamiSolution.flipimagemirrorimage,13,5k-10k,CogniCrypt,Utilities,Guava
"Constraint ""algorithm in {SHA-256, SHA-384, SHA-512}"" on object $r7 is violated due to the following reason:\n|- First parameter ""varReplacer2654"" with value ""MD5"" should be any of {SHA-256, SHA-384, SHA-512} (extracted @ varReplacer2654 = ""MD5"" @ line 4)",True,com/google/android/gms/internal/ads/zzcgg.java,com.AwamiSolution.flipimagemirrorimage,13,5k-10k,CogniCrypt,Utilities,Guava
First parameter was not properly generated as generatedKeyManagers,False,okhttp3/OkHttpClient.java,com.Citron.petersapp,5,1k-5k,CogniCrypt,Utilities,OkHttp
Second parameter was not properly generated as generatedTrustManagers,False,okhttp3/OkHttpClient.java,com.Citron.petersapp,5,1k-5k,CogniCrypt,Utilities,OkHttp
First parameter was not properly generated as generatedKeyStore,False,okhttp3/OkHttpClient.java,com.Citron.petersapp,5,1k-5k,CogniCrypt,Utilities,OkHttp
"Constraint ""protocol in {TLSv1.2, TLSv1.3}"" on object $r3 is violated due to the following reason:\n|- First parameter ""varReplacer3470"" with value ""TLS"" should be any of {TLSv1.2, TLSv1.3} (extracted @ varReplacer3470 = ""TLS"" @ line 288)",True,okhttp3/OkHttpClient.java,com.Citron.petersapp,5,1k-5k,CogniCrypt,Utilities,OkHttp
Third parameter was not properly generated as randomized,False,okhttp3/OkHttpClient.java,com.Citron.petersapp,5,1k-5k,CogniCrypt,Utilities,OkHttp
"Constraint ""algorithm in {SHA-256, SHA-384, SHA-512}"" on object $r5 is violated due to the following reason:\n|- First parameter ""varReplacer2058"" with value ""MD5"" should be any of {SHA-256, SHA-384, SHA-512} (extracted @ varReplacer2058 = ""MD5"" @ line -1)",True,com/google/android/gms/internal/ads/zzamu.java,com.Jupet.coloringfootballlogos,1,1k-5k,CogniCrypt,Android,com.google.android.gms::play-services-ads-base
"Constraint ""algorithm in {SHA-256, SHA-384, SHA-512}"" on object $r2 is violated due to the following reason:\n|- First parameter ""varReplacer3267"" with value ""MD5"" should be any of {SHA-256, SHA-384, SHA-512} (extracted @ varReplacer3267 = ""MD5"" @ line 45)",True,com/nostra13/universalimageloader/cache/disc/naming/Md5FileNameGenerator.java,com.Jupet.coloringfootballlogos,1,1k-5k,CogniCrypt,Android,universal-image-loader
"Constraint ""algorithm in {SHA-256, SHA-384, SHA-512}"" on object $r7 is violated due to the following reason:\n|- First parameter ""varReplacer511"" with value ""MD5"" should be any of {SHA-256, SHA-384, SHA-512} (extracted @ varReplacer511 = ""MD5"" @ line -1)",True,com/google/android/gms/internal/ads/zzamu.java,com.Jupet.coloringfootballlogos,1,1k-5k,CogniCrypt,Android,com.google.android.gms::play-services-ads-base
"Constraint ""algorithm in {SHA-256, SHA-384, SHA-512}"" on object $r5 is violated due to the following reason:\n|- First parameter ""varReplacer6030"" with value ""MD5"" should be any of {SHA-256, SHA-384, SHA-512} (extracted @ varReplacer6030 = ""MD5"" @ line 1)",True,com/google/android/gms/internal/consent_sdk/zzcl.java,com.SouthernPacificOceanFisher.VoiceToText_memo,186,>5M,CogniCrypt,Android,com.google.android.gms::play-services-ads-base
"Constraint ""algorithm in {SHA-256, SHA-384, SHA-512}"" on object $r6 is violated due to the following reason:\n|- First parameter ""$r0"" with value ""MD5"" should be any of {SHA-256, SHA-384, SHA-512} (extracted @ varReplacer6642 = ""MD5"" @ line 3)",True,com/google/android/gms/ads/internal/util/client/zzf.java,com.SouthernPacificOceanFisher.VoiceToText_memo,186,>5M,CogniCrypt,Android,com.google.android.gms::play-services-ads-base
"Constraint ""protocol in {TLSv1.2, TLSv1.3}"" on object $r0 is violated due to the following reason:\n|- First parameter ""varReplacer2872"" with value ""TLS"" should be any of {TLSv1.2, TLSv1.3} (extracted @ varReplacer2872 = ""TLS"" @ line 58)",True,org/apache/http/conn/ssl/SSLContexts.java,com.SouthernPacificOceanFisher.VoiceToText_memo,186,>5M,CogniCrypt,Android,androidx.webkit::webkit
Second parameter was not properly generated as generatedTrustManagers,False,org/apache/http/conn/ssl/SSLContexts.java,com.SouthernPacificOceanFisher.VoiceToText_memo,186,>5M,CogniCrypt,Android,androidx.webkit::webkit
Third parameter was not properly generated as randomized,False,org/apache/http/conn/ssl/SSLContexts.java,com.SouthernPacificOceanFisher.VoiceToText_memo,186,>5M,CogniCrypt,Android,androidx.webkit::webkit
First parameter was not properly generated as generatedKeyManagers,False,org/apache/http/conn/ssl/SSLContexts.java,com.SouthernPacificOceanFisher.VoiceToText_memo,186,>5M,CogniCrypt,Android,androidx.webkit::webkit
"Constraint ""algorithm in {SHA-256, SHA-384, SHA-512}"" on object $r7 is violated due to the following reason:\n|- First parameter ""varReplacer2790"" with value ""MD5"" should be any of {SHA-256, SHA-384, SHA-512} (extracted @ varReplacer2790 = ""MD5"" @ line 4)",True,com/google/android/gms/ads/internal/util/client/zzf.java,com.SouthernPacificOceanFisher.VoiceToText_memo,186,>5M,CogniCrypt,Android,com.google.android.gms::play-services-ads-base
Third parameter was not properly generated as randomized,False,h41.java,com.androidappsworldmx.kissfmespana,20230326,1k-5k,CogniCrypt,obfuscated,obfuscated
First parameter was not properly generated as generatedKeyManagers,False,h41.java,com.androidappsworldmx.kissfmespana,20230326,1k-5k,CogniCrypt,obfuscated,obfuscated
First parameter was not properly generated as generatedKeyManagers,False,h41.java,com.androidappsworldmx.kissfmespana,20230326,1k-5k,CogniCrypt,obfuscated,obfuscated
"Constraint ""protocol in {TLSv1.2, TLSv1.3}"" on object $r1 is violated due to the following reason:\n|- First parameter ""varReplacer6534"" with value ""TLS"" should be any of {TLSv1.2, TLSv1.3} (extracted @ varReplacer6534 = ""TLS"" @ line 2)",True,dd.java,com.androidappsworldmx.kissfmespana,20230326,1k-5k,CogniCrypt,obfuscated,obfuscated
Second parameter was not properly generated as generatedTrustManagers,True,h41.java,com.androidappsworldmx.kissfmespana,20230326,1k-5k,CogniCrypt,obfuscated,obfuscated
Second parameter was not properly generated as generatedTrustManagers,True,h41.java,com.androidappsworldmx.kissfmespana,20230326,1k-5k,CogniCrypt,obfuscated,obfuscated
"Constraint ""algorithm in {SHA-256, SHA-384, SHA-512}"" on object $r5 is violated due to the following reason:\n|- First parameter ""varReplacer5213"" with value ""MD5"" should be any of {SHA-256, SHA-384, SHA-512} (extracted @ varReplacer5213 = ""MD5"" @ line 9)",True,kq3.java,com.androidappsworldmx.kissfmespana,20230326,1k-5k,CogniCrypt,obfuscated,obfuscated
Third parameter was not properly generated as randomized,False,h41.java,com.androidappsworldmx.kissfmespana,20230326,1k-5k,CogniCrypt,obfuscated,obfuscated
First parameter was not properly generated as generatedKeyStore,False,l21.java,com.androidappsworldmx.kissfmespana,20230326,1k-5k,CogniCrypt,obfuscated,obfuscated
Second parameter was not properly generated as generatedTrustManagers,True,h41.java,com.androidappsworldmx.kissfmespana,20230326,1k-5k,CogniCrypt,obfuscated,obfuscated
First parameter was not properly generated as generatedKeyManagers,False,h41.java,com.androidappsworldmx.kissfmespana,20230326,1k-5k,CogniCrypt,obfuscated,obfuscated
Second parameter was not properly generated as generatedTrustManagers,True,h41.java,com.androidappsworldmx.kissfmespana,20230326,1k-5k,CogniCrypt,obfuscated,obfuscated
Third parameter was not properly generated as randomized,False,h41.java,com.androidappsworldmx.kissfmespana,20230326,1k-5k,CogniCrypt,obfuscated,obfuscated
Third parameter was not properly generated as randomized,False,h41.java,com.androidappsworldmx.kissfmespana,20230326,1k-5k,CogniCrypt,obfuscated,obfuscated
"Constraint ""protocol in {TLSv1.2, TLSv1.3}"" on object $r1 is violated due to the following reason:\n|- First parameter ""varReplacer6530"" with value ""TLS"" should be any of {TLSv1.2, TLSv1.3} (extracted @ varReplacer6530 = ""TLS"" @ line 2)",True,h41.java,com.androidappsworldmx.kissfmespana,20230326,1k-5k,CogniCrypt,obfuscated,obfuscated
First parameter was not properly generated as generatedKeyStore,False,h41.java,com.androidappsworldmx.kissfmespana,20230326,1k-5k,CogniCrypt,obfuscated,obfuscated
"Constraint ""algorithm in {SHA-256, SHA-384, SHA-512}"" on object $r7 is violated due to the following reason:\n|- First parameter ""varReplacer3993"" with value ""MD5"" should be any of {SHA-256, SHA-384, SHA-512} (extracted @ varReplacer3993 = ""MD5"" @ line 45)",True,g24.java,com.androidappsworldmx.kissfmespana,20230326,1k-5k,CogniCrypt,obfuscated,obfuscated
"Constraint ""algorithm in {SHA-256, SHA-384, SHA-512}"" on object $r6 is violated due to the following reason:\n|- First parameter ""$r0"" with value ""MD5"" should be any of {SHA-256, SHA-384, SHA-512} (extracted @ varReplacer7611 = ""MD5"" @ line 26)",True,g24.java,com.androidappsworldmx.kissfmespana,20230326,1k-5k,CogniCrypt,obfuscated,obfuscated
First parameter was not properly generated as generatedKeyManagers,False,h41.java,com.androidappsworldmx.kissfmespana,20230326,1k-5k,CogniCrypt,obfuscated,obfuscated
"Constraint ""algorithm in {SHA-256, SHA-384, SHA-512}"" on object $r7 is violated due to the following reason:\n|- First parameter ""varReplacer4131"" with value ""MD5"" should be any of {SHA-256, SHA-384, SHA-512} (extracted @ varReplacer4131 = ""MD5"" @ line 145)",True,com/google/android/gms/internal/ads/zzbat.java,com.androston.lovepictures,13,500k-1M,CogniCrypt,Android,com.google.android.gms::play-services-ads-base
First parameter was not properly generated as generatedKeyManagers,False,okhttp3/OkHttpClient.java,com.androston.lovepictures,13,500k-1M,CogniCrypt,Utilities,okhttp
First parameter was not properly generated as generatedKeyStore,False,okhttp3/internal/Util.java,com.androston.lovepictures,13,500k-1M,CogniCrypt,Utilities,okhttp
Third parameter was not properly generated as randomized,False,okhttp3/OkHttpClient.java,com.androston.lovepictures,13,500k-1M,CogniCrypt,Utilities,okhttp
Third parameter was not properly generated as randomized,False,okhttp3/OkHttpClient.java,com.androston.lovepictures,13,500k-1M,CogniCrypt,Utilities,okhttp
Second parameter was not properly generated as generatedTrustManagers,False,okhttp3/OkHttpClient.java,com.androston.lovepictures,13,500k-1M,CogniCrypt,Utilities,okhttp
Third parameter was not properly generated as randomized,False,okhttp3/OkHttpClient.java,com.androston.lovepictures,13,500k-1M,CogniCrypt,Utilities,okhttp
First parameter was not properly generated as generatedKeyManagers,False,okhttp3/OkHttpClient.java,com.androston.lovepictures,13,500k-1M,CogniCrypt,Utilities,okhttp
Second parameter was not properly generated as generatedTrustManagers,False,okhttp3/OkHttpClient.java,com.androston.lovepictures,13,500k-1M,CogniCrypt,Utilities,okhttp
Second parameter was not properly generated as generatedTrustManagers,False,okhttp3/OkHttpClient.java,com.androston.lovepictures,13,500k-1M,CogniCrypt,Utilities,okhttp
Third parameter was not properly generated as randomized,False,okhttp3/OkHttpClient.java,com.androston.lovepictures,13,500k-1M,CogniCrypt,Utilities,okhttp
Second parameter was not properly generated as generatedTrustManagers,False,okhttp3/OkHttpClient.java,com.androston.lovepictures,13,500k-1M,CogniCrypt,Utilities,okhttp
Third parameter was not properly generated as randomized,False,okhttp3/OkHttpClient.java,com.androston.lovepictures,13,500k-1M,CogniCrypt,Utilities,okhttp
"Constraint ""algorithm in {SHA-256, SHA-384, SHA-512}"" on object $r5 is violated due to the following reason:\n|- First parameter ""varReplacer5499"" with value ""MD5"" should be any of {SHA-256, SHA-384, SHA-512} (extracted @ varReplacer5499 = ""MD5"" @ line 49)",True,com/google/android/gms/internal/ads/zzbat.java,com.androston.lovepictures,13,500k-1M,CogniCrypt,Android,com.google.android.gms::play-services-ads-base
First parameter was not properly generated as generatedKeyManagers,False,okhttp3/OkHttpClient.java,com.androston.lovepictures,13,500k-1M,CogniCrypt,Utilities,okhttp
"Constraint ""algorithm in {SHA-256, SHA-384, SHA-512}"" on object $r2 is violated due to the following reason:\n|- First parameter ""varReplacer7405"" with value ""MD5"" should be any of {SHA-256, SHA-384, SHA-512} (extracted @ varReplacer7405 = ""MD5"" @ line 45)",True,com/nostra13/universalimageloader/cache/disc/naming/Md5FileNameGenerator.java,com.androston.lovepictures,13,500k-1M,CogniCrypt,Android,universalimageloader
"Constraint ""protocol in {TLSv1.2, TLSv1.3}"" on object $r3 is violated due to the following reason:\n|- First parameter ""varReplacer1948"" with value ""TLS"" should be any of {TLSv1.2, TLSv1.3} (extracted @ varReplacer1948 = ""TLS"" @ line 445)",True,afo.java,com.androston.lovepictures,13,500k-1M,CogniCrypt,others,unknown
"Constraint ""protocol in {TLSv1.2, TLSv1.3}"" on object $r3 is violated due to the following reason:\n|- First parameter ""varReplacer1945"" with value ""TLS"" should be any of {TLSv1.2, TLSv1.3} (extracted @ varReplacer1945 = ""TLS"" @ line 94)",True,okhttp3/internal/platform/ConscryptPlatform.java,com.androston.lovepictures,13,500k-1M,CogniCrypt,Utilities,okhttp
Second parameter was not properly generated as generatedTrustManagers,False,okhttp3/OkHttpClient.java,com.androston.lovepictures,13,500k-1M,CogniCrypt,Utilities,okhttp
Second parameter was not properly generated as generatedTrustManagers,False,okhttp3/OkHttpClient.java,com.androston.lovepictures,13,500k-1M,CogniCrypt,Utilities,okhttp
"Constraint ""protocol in {TLSv1.2, TLSv1.3}"" on object $r4 is violated due to the following reason:\n|- First parameter ""varReplacer1942"" with value ""TLS"" should be any of {TLSv1.2, TLSv1.3} (extracted @ varReplacer1942 = ""TLS"" @ line 274)",True,okhttp3/internal/platform/Platform.java,com.androston.lovepictures,13,500k-1M,CogniCrypt,Utilities,okhttp
First parameter was not properly generated as generatedKeyManagers,False,okhttp3/OkHttpClient.java,com.androston.lovepictures,13,500k-1M,CogniCrypt,Utilities,okhttp
First parameter was not properly generated as generatedKeyManagers,False,okhttp3/OkHttpClient.java,com.androston.lovepictures,13,500k-1M,CogniCrypt,Utilities,okhttp
Third parameter was not properly generated as randomized,False,okhttp3/OkHttpClient.java,com.androston.lovepictures,13,500k-1M,CogniCrypt,Utilities,okhttp
First parameter was not properly generated as generatedKeyManagers,False,okhttp3/OkHttpClient.java,com.androston.lovepictures,13,500k-1M,CogniCrypt,Utilities,okhttp
"Constraint ""algorithm in {SHA-256, SHA-384, SHA-512}"" on object $r5 is violated due to the following reason:\n|- First parameter ""varReplacer11217"" with value ""MD5"" should be any of {SHA-256, SHA-384, SHA-512} (extracted @ varReplacer11217 = ""MD5"" @ line 1)",True,com/google/android/gms/internal/consent_sdk/zzci.java,com.angel.world.clock,14,1M-5M,CogniCrypt,Android,com.google.android.gms::play-services-ads-base
"Constraint ""algorithm in {SHA-256, SHA-384, SHA-512}"" on object $r7 is violated due to the following reason:\n|- First parameter ""varReplacer2246"" with value ""MD5"" should be any of {SHA-256, SHA-384, SHA-512} (extracted @ varReplacer2246 = ""MD5"" @ line 4)",True,com/google/android/gms/ads/internal/util/client/zzf.java,com.angel.world.clock,14,1M-5M,CogniCrypt,Android,com.google.android.gms::play-services-ads-base
"Constraint ""algorithm in {SHA-256, SHA-384, SHA-512}"" on object $r6 is violated due to the following reason:\n|- First parameter ""$r0"" with value ""MD5"" should be any of {SHA-256, SHA-384, SHA-512} (extracted @ varReplacer5357 = ""MD5"" @ line 3)",True,com/google/android/gms/ads/internal/util/client/zzf.java,com.angel.world.clock,14,1M-5M,CogniCrypt,Android,com.google.android.gms::play-services-ads-base
First parameter was not properly generated as generatedKeyStore,False,com/yandex/mobile/ads/impl/ju1.java,com.aplicativoslegais.topstickers,49,1M-5M,CogniCrypt,others,unknown
Second parameter was not properly generated as generatedTrustManagers,True,com/yandex/mobile/ads/impl/th1.java,com.aplicativoslegais.topstickers,49,1M-5M,CogniCrypt,others,unknown
"Constraint ""algorithm in {SHA-256, SHA-384, SHA-512}"" on object $r5 is violated due to the following reason:\n|- First parameter ""varReplacer7195"" with value ""MD5"" should be any of {SHA-256, SHA-384, SHA-512} (extracted @ varReplacer7195 = ""MD5"" @ line -1)",True,io/appmetrica/analytics/impl/a.java,com.aplicativoslegais.topstickers,49,1M-5M,CogniCrypt,others,unknown
Second parameter was not properly generated as generatedTrustManagers,False,com/yandex/mobile/ads/impl/aa1$a.java,com.aplicativoslegais.topstickers,49,1M-5M,CogniCrypt,others,unknown
First parameter was not properly generated as generatedKeyManagers,False,com/yandex/mobile/ads/impl/aa1$a.java,com.aplicativoslegais.topstickers,49,1M-5M,CogniCrypt,others,unknown
"Constraint ""algorithm in {SHA-256, SHA-384, SHA-512}"" on object $r2 is violated due to the following reason:\n|- First parameter ""varReplacer17380"" with value ""SHA-1"" should be any of {SHA-256, SHA-384, SHA-512} (extracted @ varReplacer17380 = ""SHA-1"" @ line -1)",True,com/applovin/impl/sdk/utils/StringUtils.java,com.aplicativoslegais.topstickers,49,1M-5M,CogniCrypt,others,unknown
"Constraint ""algorithm in {SHA-256, SHA-384, SHA-512}"" on object $r2 is violated due to the following reason:\n|- First parameter ""varReplacer23516"" with value ""SHA-1"" should be any of {SHA-256, SHA-384, SHA-512} (extracted @ varReplacer23516 = ""SHA-1"" @ line 144)",True,com/applovin/impl/vi.java,com.aplicativoslegais.topstickers,49,1M-5M,CogniCrypt,others,unknown
"Constraint ""algorithm in {SHA-256, SHA-384, SHA-512}"" on object $r14 is violated due to the following reason:\n|- First parameter ""varReplacer22523"" with value ""SHA1"" should be any of {SHA-256, SHA-384, SHA-512} (extracted @ varReplacer22523 = ""SHA1"" @ line -1)",True,io/appmetrica/analytics/impl/y1.java,com.aplicativoslegais.topstickers,49,1M-5M,CogniCrypt,others,unknown
"Constraint ""algorithm in {SHA-256, SHA-384, SHA-512}"" on object $r5 is violated due to the following reason:\n|- First parameter ""varReplacer27485"" with value ""MD5"" should be any of {SHA-256, SHA-384, SHA-512} (extracted @ varReplacer27485 = ""MD5"" @ line -1)",True,com/google/android/gms/internal/consent_sdk/zzcl.java,com.aplicativoslegais.topstickers,49,1M-5M,CogniCrypt,Utilities,Gson
"Constraint ""algorithm in {SHA-256, SHA-384, SHA-512}"" on object $r6 is violated due to the following reason:\n|- First parameter ""$r0"" with value ""MD5"" should be any of {SHA-256, SHA-384, SHA-512} (extracted @ varReplacer12342 = ""MD5"" @ line -1)",True,com/google/android/gms/ads/internal/util/client/zzf.java,com.aplicativoslegais.topstickers,49,1M-5M,CogniCrypt,Utilities,Gson
Third parameter was not properly generated as randomized,False,com/yandex/mobile/ads/impl/aa1$a.java,com.aplicativoslegais.topstickers,49,1M-5M,CogniCrypt,others,unknown
"Constraint ""algorithm in {SHA-256, SHA-384, SHA-512}"" on object $r7 is violated due to the following reason:\n|- First parameter ""varReplacer10064"" with value ""MD5"" should be any of {SHA-256, SHA-384, SHA-512} (extracted @ varReplacer10064 = ""MD5"" @ line -1)",True,com/google/android/gms/ads/internal/util/client/zzf.java,com.aplicativoslegais.topstickers,49,1M-5M,CogniCrypt,Utilities,Gson
First parameter was not properly generated as generatedKeyStore,True,com/yandex/mobile/ads/impl/lu1.java,com.aplicativoslegais.topstickers,49,1M-5M,CogniCrypt,others,unknown
First parameter was not properly generated as generatedKeyStore,False,com/yandex/mobile/ads/impl/h81.java,com.aplicativoslegais.topstickers,49,1M-5M,CogniCrypt,others,unknown
First parameter was not properly generated as generatedKeyManagers,False,com/yandex/mobile/ads/impl/h81.java,com.aplicativoslegais.topstickers,49,1M-5M,CogniCrypt,others,unknown
Third parameter was not properly generated as randomized,False,com/yandex/mobile/ads/impl/h81.java,com.aplicativoslegais.topstickers,49,1M-5M,CogniCrypt,others,unknown
"Constraint ""protocol in {TLSv1.2, TLSv1.3}"" on object $r1 is violated due to the following reason:\n|- First parameter ""varReplacer24781"" with value ""TLS"" should be any of {TLSv1.2, TLSv1.3} (extracted @ varReplacer24781 = ""TLS"" @ line 1)",True,com/yandex/mobile/ads/impl/h81.java,com.aplicativoslegais.topstickers,49,1M-5M,CogniCrypt,others,unknown
Second parameter was not properly generated as generatedTrustManagers,True,com/yandex/mobile/ads/impl/h81.java,com.aplicativoslegais.topstickers,49,1M-5M,CogniCrypt,others,unknown
"Constraint ""algorithm in {SHA-256, SHA-384, SHA-512}"" on object $r12 is violated due to the following reason:\n|- First parameter ""varReplacer19520"" with value ""MD5"" should be any of {SHA-256, SHA-384, SHA-512} (extracted @ varReplacer19520 = ""MD5"" @ line -1)",False,io/appmetrica/analytics/impl/I4.java,com.aplicativoslegais.topstickers,49,1M-5M,CogniCrypt,others,unknown
"Constraint ""algorithm in {SHA-256, SHA-384, SHA-512}"" on object $r4 is violated due to the following reason:\n|- First parameter ""varReplacer7193"" with value ""MD5"" should be any of {SHA-256, SHA-384, SHA-512} (extracted @ varReplacer7193 = ""MD5"" @ line -1)",True,io/appmetrica/analytics/impl/a.java,com.aplicativoslegais.topstickers,49,1M-5M,CogniCrypt,others,unknown
First parameter was not properly generated as generatedKeyManagers,False,com/yandex/mobile/ads/impl/th1.java,com.aplicativoslegais.topstickers,49,1M-5M,CogniCrypt,others,unknown
"Constraint ""protocol in {TLSv1.2, TLSv1.3}"" on object $r0 is violated due to the following reason:\n|- First parameter ""varReplacer16817"" with value ""TLSv1"" should be any of {TLSv1.2, TLSv1.3} (extracted @ varReplacer16817 = ""TLSv1"" @ line 7)",True,com/yandex/mobile/ads/impl/aa1$a.java,com.aplicativoslegais.topstickers,49,1M-5M,CogniCrypt,others,unknown
"Constraint ""protocol in {TLSv1.2, TLSv1.3}"" on object $r1 is violated due to the following reason:\n|- First parameter ""varReplacer16841"" with value ""TLS"" should be any of {TLSv1.2, TLSv1.3} (extracted @ varReplacer16841 = ""TLS"" @ line -1)",True,com/yandex/mobile/ads/impl/th1.java,com.aplicativoslegais.topstickers,49,1M-5M,CogniCrypt,others,unknown
Third parameter was not properly generated as randomized,False,com/yandex/mobile/ads/impl/th1.java,com.aplicativoslegais.topstickers,49,1M-5M,CogniCrypt,others,unknown
"Constraint ""algorithm in {SHA-256, SHA-384, SHA-512}"" on object $r7 is violated due to the following reason:\n|- First parameter ""varReplacer2131"" with value ""MD5"" should be any of {SHA-256, SHA-384, SHA-512} (extracted @ varReplacer2131 = ""MD5"" @ line 151)",True,com/google/android/gms/internal/ads/zzayd.java,com.app.radioelsalvador,2,<100,CogniCrypt,Utilities,Guava
"Constraint ""algorithm in {SHA-256, SHA-384, SHA-512}"" on object $r5 is violated due to the following reason:\n|- First parameter ""varReplacer3540"" with value ""MD5"" should be any of {SHA-256, SHA-384, SHA-512} (extracted @ varReplacer3540 = ""MD5"" @ line 56)",True,com/google/android/gms/internal/ads/zzayd.java,com.app.radioelsalvador,2,<100,CogniCrypt,Utilities,Guava
"Constraint ""protocol in {TLSv1.2, TLSv1.3}"" on object $r1 is violated due to the following reason:\n|- First parameter ""varReplacer4938"" with value ""TLS"" should be any of {TLSv1.2, TLSv1.3} (extracted @ varReplacer4938 = ""TLS"" @ line 38)",True,okhttp3/internal/platform/BouncyCastlePlatform.java,com.app.soivyfi,135,<100,CogniCrypt,Utilities,OkHttp
First parameter was not properly generated as generatedKeyStore,False,okhttp3/internal/platform/OpenJSSEPlatform.java,com.app.soivyfi,135,<100,CogniCrypt,Utilities,OkHttp
First parameter was not properly generated as generatedKeyStore,False,okhttp3/internal/platform/ConscryptPlatform.java,com.app.soivyfi,135,<100,CogniCrypt,Utilities,OkHttp
"Constraint ""protocol in {TLSv1.2, TLSv1.3}"" on object $r1 is violated due to the following reason:\n|- First parameter ""varReplacer4932"" with value ""TLS"" should be any of {TLSv1.2, TLSv1.3} (extracted @ varReplacer4932 = ""TLS"" @ line 44)",True,okhttp3/internal/platform/ConscryptPlatform.java,com.app.soivyfi,135,<100,CogniCrypt,Utilities,OkHttp
First parameter was not properly generated as generatedKeyManagers,True,okhttp3/internal/platform/ConscryptPlatform.java,com.app.soivyfi,135,<100,CogniCrypt,Utilities,OkHttp
Third parameter was not properly generated as randomized,False,okhttp3/internal/platform/ConscryptPlatform.java,com.app.soivyfi,135,<100,CogniCrypt,Utilities,OkHttp
Second parameter was not properly generated as generatedTrustManagers,True,okhttp3/internal/platform/ConscryptPlatform.java,com.app.soivyfi,135,<100,CogniCrypt,Utilities,OkHttp
Third parameter was not properly generated as randomized,False,okhttp3/internal/platform/Platform.java,com.app.soivyfi,135,<100,CogniCrypt,Utilities,OkHttp
"Constraint ""protocol in {TLSv1.2, TLSv1.3}"" on object $r1 is violated due to the following reason:\n|- First parameter ""varReplacer4934"" with value ""TLS"" should be any of {TLSv1.2, TLSv1.3} (extracted @ varReplacer4934 = ""TLS"" @ line 75)",True,okhttp3/internal/platform/Platform.java,com.app.soivyfi,135,<100,CogniCrypt,Utilities,OkHttp
First parameter was not properly generated as generatedKeyManagers,True,okhttp3/internal/platform/Platform.java,com.app.soivyfi,135,<100,CogniCrypt,Utilities,OkHttp
First parameter was not properly generated as generatedKeyStore,False,okhttp3/internal/platform/Platform.java,com.app.soivyfi,135,<100,CogniCrypt,Utilities,OkHttp
First parameter was not properly generated as generatedKeyManagers,True,okhttp3/internal/platform/Platform.java,com.app.soivyfi,135,<100,CogniCrypt,Utilities,OkHttp
Third parameter was not properly generated as randomized,False,okhttp3/internal/platform/Platform.java,com.app.soivyfi,135,<100,CogniCrypt,Utilities,OkHttp
Second parameter was not properly generated as generatedTrustManagers,True,okhttp3/internal/platform/Platform.java,com.app.soivyfi,135,<100,CogniCrypt,Utilities,OkHttp
First parameter was not properly generated as generatedKeyManagers,True,okhttp3/internal/platform/Platform.java,com.app.soivyfi,135,<100,CogniCrypt,Utilities,OkHttp
Third parameter was not properly generated as randomized,False,okhttp3/internal/platform/Platform.java,com.app.soivyfi,135,<100,CogniCrypt,Utilities,OkHttp
First parameter was not properly generated as generatedKeyManagers,True,okhttp3/internal/platform/Platform.java,com.app.soivyfi,135,<100,CogniCrypt,Utilities,OkHttp
First parameter was not properly generated as generatedKeyStore,False,okhttp3/internal/platform/BouncyCastlePlatform.java,com.app.soivyfi,135,<100,CogniCrypt,Utilities,OkHttp
Second parameter was not properly generated as generatedTrustManagers,True,okhttp3/internal/platform/Platform.java,com.app.soivyfi,135,<100,CogniCrypt,Utilities,OkHttp
Second parameter was not properly generated as generatedTrustManagers,True,okhttp3/internal/platform/Platform.java,com.app.soivyfi,135,<100,CogniCrypt,Utilities,OkHttp
Third parameter was not properly generated as randomized,False,okhttp3/internal/platform/Platform.java,com.app.soivyfi,135,<100,CogniCrypt,Utilities,OkHttp
Second parameter was not properly generated as generatedTrustManagers,True,okhttp3/internal/platform/Platform.java,com.app.soivyfi,135,<100,CogniCrypt,Utilities,OkHttp
First parameter was not properly generated as generatedKeyManagers,False,okhttp3/internal/platform/Platform.java,com.appg.ebridge,209411,1M-5M,CogniCrypt,Utilities,OkHttp
First parameter was not properly generated as generatedKeyManagers,False,okhttp3/internal/platform/ConscryptPlatform.java,com.appg.ebridge,209411,1M-5M,CogniCrypt,Utilities,OkHttp
"Constraint ""protocol in {TLSv1.2, TLSv1.3}"" on object $r1 is violated due to the following reason:\n|- First parameter ""varReplacer4082"" with value ""TLS"" should be any of {TLSv1.2, TLSv1.3} (extracted @ varReplacer4082 = ""TLS"" @ line 75)",True,okhttp3/internal/platform/Platform.java,com.appg.ebridge,209411,1M-5M,CogniCrypt,Utilities,OkHttp
First parameter was not properly generated as generatedKeyStore,False,okhttp3/internal/platform/Platform.java,com.appg.ebridge,209411,1M-5M,CogniCrypt,Utilities,OkHttp
"Constraint ""algorithm in {SHA-256, SHA-384, SHA-512}"" on object $r2 is violated due to the following reason:\n|- First parameter ""varReplacer3830"" with value ""SHA-1"" should be any of {SHA-256, SHA-384, SHA-512} (extracted @ varReplacer3830 = ""SHA-1"" @ line 515)",True,kr/anymobi/webviewlibrary/comm/AesCipherUtil.java,com.appg.ebridge,209411,1M-5M,CogniCrypt,others,unknown
Second parameter was not properly generated as generatedTrustManagers,True,okhttp3/internal/platform/ConscryptPlatform.java,com.appg.ebridge,209411,1M-5M,CogniCrypt,Utilities,OkHttp
First parameter was not properly generated as randomized,True,kr/anymobi/webviewlibrary/comm/AesCipherUtil.java,com.appg.ebridge,209411,1M-5M,CogniCrypt,others,unknown
First parameter was not properly generated as generatedKeyManagers,False,okhttp3/internal/platform/Platform.java,com.appg.ebridge,209411,1M-5M,CogniCrypt,Utilities,OkHttp
Third parameter was not properly generated as randomized,False,okhttp3/internal/platform/ConscryptPlatform.java,com.appg.ebridge,209411,1M-5M,CogniCrypt,Utilities,OkHttp
"Constraint ""protocol in {TLSv1.2, TLSv1.3}"" on object $r1 is violated due to the following reason:\n|- First parameter ""varReplacer4080"" with value ""TLS"" should be any of {TLSv1.2, TLSv1.3} (extracted @ varReplacer4080 = ""TLS"" @ line 44)",True,okhttp3/internal/platform/ConscryptPlatform.java,com.appg.ebridge,209411,1M-5M,CogniCrypt,Utilities,OkHttp
First parameter was not properly generated as generatedKeyStore,False,okhttp3/internal/platform/ConscryptPlatform.java,com.appg.ebridge,209411,1M-5M,CogniCrypt,Utilities,OkHttp
"Constraint ""algorithm in {SHA-256, SHA-384, SHA-512}"" on object $r7 is violated due to the following reason:\n|- First parameter ""varReplacer7183"" with value ""SHA"" should be any of {SHA-256, SHA-384, SHA-512} (extracted @ varReplacer7183 = ""SHA"" @ line 61)",True,com/kakao/sdk/common/util/Utility.java,com.appg.ebridge,209411,1M-5M,CogniCrypt,others,unknown
"Constraint ""algorithm in {SHA-256, SHA-384, SHA-512}"" on object $r4 is violated due to the following reason:\n|- First parameter ""varReplacer3199"" with value ""MD5"" should be any of {SHA-256, SHA-384, SHA-512} (extracted @ varReplacer3199 = ""MD5"" @ line 210)",True,kr/anymobi/webviewlibrary/comm/CommFunc.java,com.appg.ebridge,209411,1M-5M,CogniCrypt,others,unknown
"Call to update on object of type java.security.MessageDigest is on a dataflow path with an incomplete operation. Potential missing call to one of the methods {digest(), digest(byte[], int, int), digest(byte[])}",False,kr/anymobi/webviewlibrary/comm/CommFunc.java,com.appg.ebridge,209411,1M-5M,CogniCrypt,others,unknown
First parameter was not properly generated as preparedKeyMaterial,True,kr/anymobi/webviewlibrary/comm/AesCipherUtil.java,com.appg.ebridge,209411,1M-5M,CogniCrypt,others,unknown
Second parameter parameter was not properly generated as generatedKey OR generatedPrivkey OR generatedPubkey,True,kr/anymobi/webviewlibrary/comm/AesCipherUtil.java,com.appg.ebridge,209411,1M-5M,CogniCrypt,others,unknown
"Constraint ""alg(transformation) in {AES} => mode(transformation) in {GCM, CTR, CTS, CFB, OFB}"" on object $r4 is violated due to the following reason:\n|- Constraint ""alg(transformation) in {AES} => mode(transformation) in {GCM, CTR, CTS, CFB, OFB}"" evaluates to <false>:\n\t|- The left side ""alg(transformation) in {AES}"" evaluates to <true>:\n\t\t|- First parameter ""varReplacer1468"" (transformation) with value ""AES/CBC/PKCS5Padding"" satisfies the constraint in class kr.anymobi.webviewlibrary.comm.AesCipherUtil @ $r4 = getInstance(varReplacer1468) @ line 238\n\t|- The right side ""mode(transformation) in {GCM, CTR, CTS, CFB, OFB}"" evaluates to <false>:\n\t\t|- First parameter ""varReplacer1468"" (transformation) with value ""AES/CBC/PKCS5Padding"" violates the constraint in class kr.anymobi.webviewlibrary.comm.AesCipherUtil @ $r4 = getInstance(varReplacer1468) @ line 238",True,kr/anymobi/webviewlibrary/comm/AesCipherUtil.java,com.appg.ebridge,209411,1M-5M,CogniCrypt,others,unknown
Second parameter was not properly generated as generatedTrustManagers,True,okhttp3/internal/platform/Platform.java,com.appg.ebridge,209411,1M-5M,CogniCrypt,Utilities,OkHttp
First parameter was not properly generated as randomized,True,kr/anymobi/webviewlibrary/comm/AesCipherUtil.java,com.appg.ebridge,209411,1M-5M,CogniCrypt,others,unknown
First parameter was not properly generated as preparedKeyMaterial,True,kr/anymobi/webviewlibrary/comm/AesCipherUtil.java,com.appg.ebridge,209411,1M-5M,CogniCrypt,others,unknown
Second parameter parameter was not properly generated as generatedPrivkey OR generatedPubkey OR generatedKey,True,kr/anymobi/webviewlibrary/comm/AesCipherUtil.java,com.appg.ebridge,209411,1M-5M,CogniCrypt,others,unknown
"Constraint ""alg(transformation) in {AES} => mode(transformation) in {GCM, CTR, CTS, CFB, OFB}"" on object $r5 is violated due to the following reason:\n|- Constraint ""alg(transformation) in {AES} => mode(transformation) in {GCM, CTR, CTS, CFB, OFB}"" evaluates to <false>:\n\t|- The left side ""alg(transformation) in {AES}"" evaluates to <true>:\n\t\t|- First parameter ""varReplacer3181"" (transformation) with value ""AES/CBC/PKCS5Padding"" satisfies the constraint in class kr.anymobi.webviewlibrary.comm.AesCipherUtil @ $r5 = getInstance(varReplacer3181) @ line 137\n\t|- The right side ""mode(transformation) in {GCM, CTR, CTS, CFB, OFB}"" evaluates to <false>:\n\t\t|- First parameter ""varReplacer3181"" (transformation) with value ""AES/CBC/PKCS5Padding"" violates the constraint in class kr.anymobi.webviewlibrary.comm.AesCipherUtil @ $r5 = getInstance(varReplacer3181) @ line 137",True,kr/anymobi/webviewlibrary/comm/AesCipherUtil.java,com.appg.ebridge,209411,1M-5M,CogniCrypt,others,unknown
Third parameter was not properly generated as randomized,False,okhttp3/internal/platform/Platform.java,com.appg.ebridge,209411,1M-5M,CogniCrypt,Utilities,OkHttp
Third parameter was not properly generated as randomized,False,okhttp3/internal/platform/Platform.java,com.appg.ebridge,209411,1M-5M,CogniCrypt,Utilities,OkHttp
Second parameter was not properly generated as generatedTrustManagers,True,okhttp3/internal/platform/Platform.java,com.appg.ebridge,209411,1M-5M,CogniCrypt,Utilities,OkHttp
Third parameter was not properly generated as randomized,False,okhttp3/internal/platform/Platform.java,com.appg.ebridge,209411,1M-5M,CogniCrypt,Utilities,OkHttp
First parameter was not properly generated as generatedKeyStore,False,okhttp3/internal/platform/OpenJSSEPlatform.java,com.appg.ebridge,209411,1M-5M,CogniCrypt,Utilities,OkHttp
Second parameter was not properly generated as generatedTrustManagers,True,okhttp3/internal/platform/Platform.java,com.appg.ebridge,209411,1M-5M,CogniCrypt,Utilities,OkHttp
First parameter was not properly generated as generatedKeyStore,False,okhttp3/internal/platform/BouncyCastlePlatform.java,com.appg.ebridge,209411,1M-5M,CogniCrypt,Utilities,OkHttp
"Constraint ""algorithm in {SHA-256, SHA-384, SHA-512}"" on object $r2 is violated due to the following reason:\n|- First parameter ""varReplacer7426"" with value ""MD5"" should be any of {SHA-256, SHA-384, SHA-512} (extracted @ varReplacer7426 = ""MD5"" @ line 185)",True,com/airbnb/lottie/network/NetworkCache.java,com.appg.ebridge,209411,1M-5M,CogniCrypt,others,unknown
"Constraint ""protocol in {TLSv1.2, TLSv1.3}"" on object $r1 is violated due to the following reason:\n|- First parameter ""varReplacer4086"" with value ""TLS"" should be any of {TLSv1.2, TLSv1.3} (extracted @ varReplacer4086 = ""TLS"" @ line 38)",True,okhttp3/internal/platform/BouncyCastlePlatform.java,com.appg.ebridge,209411,1M-5M,CogniCrypt,Utilities,OkHttp
Third parameter was not properly generated as randomized,False,okhttp3/internal/platform/Platform.java,com.appg.ebridge,209411,1M-5M,CogniCrypt,Utilities,OkHttp
Second parameter was not properly generated as generatedTrustManagers,True,okhttp3/internal/platform/Platform.java,com.appg.ebridge,209411,1M-5M,CogniCrypt,Utilities,OkHttp
First parameter was not properly generated as generatedKeyManagers,False,okhttp3/internal/platform/Platform.java,com.appg.ebridge,209411,1M-5M,CogniCrypt,Utilities,OkHttp
First parameter was not properly generated as generatedKeyManagers,False,okhttp3/internal/platform/Platform.java,com.appg.ebridge,209411,1M-5M,CogniCrypt,Utilities,OkHttp
"Constraint ""algorithm in {SHA-256, SHA-384, SHA-512}"" on object $r6 is violated due to the following reason:\n|- First parameter ""$r0"" with value ""MD5"" should be any of {SHA-256, SHA-384, SHA-512} (extracted @ varReplacer3388 = ""MD5"" @ line 3)",True,com/google/android/gms/internal/ads/zzchh.java,com.appking.juzs.juz9,7,5k-10k,CogniCrypt,Utilities,Guava
"Constraint ""algorithm in {SHA-256, SHA-384, SHA-512}"" on object $r7 is violated due to the following reason:\n|- First parameter ""varReplacer2573"" with value ""MD5"" should be any of {SHA-256, SHA-384, SHA-512} (extracted @ varReplacer2573 = ""MD5"" @ line 4)",True,com/google/android/gms/internal/ads/zzchh.java,com.appking.juzs.juz9,7,5k-10k,CogniCrypt,Utilities,Guava
"Constraint ""algorithm in {SHA-256, SHA-384, SHA-512}"" on object $r6 is violated due to the following reason:\n|- First parameter ""$r0"" with value ""MD5"" should be any of {SHA-256, SHA-384, SHA-512} (extracted @ varReplacer2767 = ""MD5"" @ line 3)",True,com/google/android/gms/internal/ads/zzbzk.java,com.apprancher.freestuff,80000000,5k-10k,CogniCrypt,Utilities,Guava
"Constraint ""algorithm in {SHA-256, SHA-384, SHA-512}"" on object $r7 is violated due to the following reason:\n|- First parameter ""varReplacer642"" with value ""MD5"" should be any of {SHA-256, SHA-384, SHA-512} (extracted @ varReplacer642 = ""MD5"" @ line 4)",True,com/google/android/gms/internal/ads/zzbzk.java,com.apprancher.freestuff,80000000,5k-10k,CogniCrypt,Utilities,Guava
"Constraint ""algorithm in {SHA-256, SHA-384, SHA-512}"" on object $r5 is violated due to the following reason:\n|- First parameter ""varReplacer4275"" with value ""MD5"" should be any of {SHA-256, SHA-384, SHA-512} (extracted @ varReplacer4275 = ""MD5"" @ line 1)",True,com/google/android/gms/internal/consent_sdk/zzcn.java,com.apprancher.freestuff,80000000,5k-10k,CogniCrypt,Utilities,Guava
Second parameter was not properly generated as generatedTrustManagers,True,okhttp3/internal/platform/Platform.java,com.appscho.appschov2.esg,13001,5k-10k,CogniCrypt,Utilities,OkHttp
First parameter was not properly generated as generatedKeyManagers,False,okhttp3/internal/platform/Platform.java,com.appscho.appschov2.esg,13001,5k-10k,CogniCrypt,Utilities,OkHttp
Second parameter was not properly generated as generatedTrustManagers,True,okhttp3/internal/platform/Platform.java,com.appscho.appschov2.esg,13001,5k-10k,CogniCrypt,Utilities,OkHttp
Third parameter was not properly generated as randomized,False,okhttp3/internal/platform/Platform.java,com.appscho.appschov2.esg,13001,5k-10k,CogniCrypt,Utilities,OkHttp
First parameter was not properly generated as generatedKeyStore,False,okhttp3/internal/platform/OpenJSSEPlatform.java,com.appscho.appschov2.esg,13001,5k-10k,CogniCrypt,Utilities,OkHttp
"Constraint ""protocol in {TLSv1.2, TLSv1.3}"" on object $r1 is violated due to the following reason:\n|- First parameter ""varReplacer5479"" with value ""TLS"" should be any of {TLSv1.2, TLSv1.3} (extracted @ varReplacer5479 = ""TLS"" @ line 38)",True,okhttp3/internal/platform/BouncyCastlePlatform.java,com.appscho.appschov2.esg,13001,5k-10k,CogniCrypt,Utilities,OkHttp
First parameter was not properly generated as generatedKeyStore,False,okhttp3/internal/platform/BouncyCastlePlatform.java,com.appscho.appschov2.esg,13001,5k-10k,CogniCrypt,Utilities,OkHttp
First parameter was not properly generated as generatedKeyManagers,False,ly/count/android/sdk/ConnectionQueue.java,com.appscho.appschov2.esg,13001,5k-10k,CogniCrypt,others,unknown
"Constraint ""protocol in {TLSv1.2, TLSv1.3}"" on object $r2 is violated due to the following reason:\n|- First parameter ""varReplacer6789"" with value ""TLS"" should be any of {TLSv1.2, TLSv1.3} (extracted @ varReplacer6789 = ""TLS"" @ line 94)",True,ly/count/android/sdk/ConnectionQueue.java,com.appscho.appschov2.esg,13001,5k-10k,CogniCrypt,others,unknown
Second parameter was not properly generated as generatedTrustManagers,False,ly/count/android/sdk/ConnectionQueue.java,com.appscho.appschov2.esg,13001,5k-10k,CogniCrypt,others,unknown
First parameter was not properly generated as generatedKeyManagers,False,okhttp3/internal/platform/ConscryptPlatform.java,com.appscho.appschov2.esg,13001,5k-10k,CogniCrypt,Utilities,OkHttp
Third parameter was not properly generated as randomized,False,okhttp3/internal/platform/ConscryptPlatform.java,com.appscho.appschov2.esg,13001,5k-10k,CogniCrypt,Utilities,OkHttp
"Constraint ""protocol in {TLSv1.2, TLSv1.3}"" on object $r1 is violated due to the following reason:\n|- First parameter ""varReplacer5473"" with value ""TLS"" should be any of {TLSv1.2, TLSv1.3} (extracted @ varReplacer5473 = ""TLS"" @ line 44)",True,okhttp3/internal/platform/ConscryptPlatform.java,com.appscho.appschov2.esg,13001,5k-10k,CogniCrypt,Utilities,OkHttp
First parameter was not properly generated as generatedKeyStore,False,okhttp3/internal/platform/ConscryptPlatform.java,com.appscho.appschov2.esg,13001,5k-10k,CogniCrypt,Utilities,OkHttp
Third parameter was not properly generated as randomized,False,ly/count/android/sdk/ConnectionQueue.java,com.appscho.appschov2.esg,13001,5k-10k,CogniCrypt,others,unknown
"Constraint ""algorithm in {SHA-256, SHA-384, SHA-512}"" on object $r2 is violated due to the following reason:\n|- First parameter ""$r1"" with value ""MD5"" should be any of {SHA-256, SHA-384, SHA-512} (extracted @ varReplacer3322 = ""MD5"" @ line 73)",True,okio/ByteString.java,com.appscho.appschov2.esg,13001,5k-10k,CogniCrypt,Utilities,okio
First parameter was not properly generated as generatedKeyManagers,False,okhttp3/internal/platform/Platform.java,com.appscho.appschov2.esg,13001,5k-10k,CogniCrypt,Utilities,OkHttp
Second parameter was not properly generated as generatedTrustManagers,True,okhttp3/internal/platform/Platform.java,com.appscho.appschov2.esg,13001,5k-10k,CogniCrypt,Utilities,OkHttp
Third parameter was not properly generated as randomized,False,okhttp3/internal/platform/Platform.java,com.appscho.appschov2.esg,13001,5k-10k,CogniCrypt,Utilities,OkHttp
Second parameter was not properly generated as generatedTrustManagers,True,okhttp3/internal/platform/Platform.java,com.appscho.appschov2.esg,13001,5k-10k,CogniCrypt,Utilities,OkHttp
First parameter was not properly generated as generatedKeyStore,False,okhttp3/internal/platform/Platform.java,com.appscho.appschov2.esg,13001,5k-10k,CogniCrypt,Utilities,OkHttp
Second parameter was not properly generated as generatedTrustManagers,True,okhttp3/internal/platform/ConscryptPlatform.java,com.appscho.appschov2.esg,13001,5k-10k,CogniCrypt,Utilities,OkHttp
"Constraint ""protocol in {TLSv1.2, TLSv1.3}"" on object $r1 is violated due to the following reason:\n|- First parameter ""varReplacer5475"" with value ""TLS"" should be any of {TLSv1.2, TLSv1.3} (extracted @ varReplacer5475 = ""TLS"" @ line 75)",True,okhttp3/internal/platform/Platform.java,com.appscho.appschov2.esg,13001,5k-10k,CogniCrypt,Utilities,OkHttp
First parameter was not properly generated as generatedKeyManagers,False,okhttp3/internal/platform/Platform.java,com.appscho.appschov2.esg,13001,5k-10k,CogniCrypt,Utilities,OkHttp
Third parameter was not properly generated as randomized,False,okhttp3/internal/platform/Platform.java,com.appscho.appschov2.esg,13001,5k-10k,CogniCrypt,Utilities,OkHttp
First parameter was not properly generated as generatedKeyManagers,False,okhttp3/internal/platform/Platform.java,com.appscho.appschov2.esg,13001,5k-10k,CogniCrypt,Utilities,OkHttp
Third parameter was not properly generated as randomized,False,okhttp3/internal/platform/Platform.java,com.appscho.appschov2.esg,13001,5k-10k,CogniCrypt,Utilities,OkHttp
"Constraint ""protocol in {TLSv1.2, TLSv1.3}"" on object $r1 is violated due to the following reason:\n|- First parameter ""varReplacer1900"" with value ""SSL"" should be any of {TLSv1.2, TLSv1.3} (extracted @ varReplacer1900 = ""SSL"" @ line 101)",True,com/aryservices/arynews/en/apis/ApiClient.java,com.aryservices.arynews.en,80970,>5M,CogniCrypt,developer_written,not_applicable
Third parameter was not properly generated as randomized,False,okhttp3/OkHttpClient.java,com.aryservices.arynews.en,80970,>5M,CogniCrypt,Utilities,okhttp
First parameter was not properly generated as generatedKeyStore,False,okhttp3/internal/Util.java,com.aryservices.arynews.en,80970,>5M,CogniCrypt,Utilities,okhttp
"Constraint ""protocol in {TLSv1.2, TLSv1.3}"" on object $r3 is violated due to the following reason:\n|- First parameter ""varReplacer2387"" with value ""TLS"" should be any of {TLSv1.2, TLSv1.3} (extracted @ varReplacer2387 = ""TLS"" @ line 417)",True,okhttp3/internal/platform/AndroidPlatform.java,com.aryservices.arynews.en,80970,>5M,CogniCrypt,Utilities,okhttp
"Constraint ""protocol in {TLSv1.2, TLSv1.3}"" on object $r2 is violated due to the following reason:\n|- First parameter ""varReplacer2381"" with value ""TLS"" should be any of {TLSv1.2, TLSv1.3} (extracted @ varReplacer2381 = ""TLS"" @ line 278)",True,okhttp3/internal/platform/Platform.java,com.aryservices.arynews.en,80970,>5M,CogniCrypt,Utilities,okhttp
"Constraint ""protocol in {TLSv1.2, TLSv1.3}"" on object $r3 is violated due to the following reason:\n|- First parameter ""varReplacer2384"" with value ""TLS"" should be any of {TLSv1.2, TLSv1.3} (extracted @ varReplacer2384 = ""TLS"" @ line 96)",True,okhttp3/internal/platform/ConscryptPlatform.java,com.aryservices.arynews.en,80970,>5M,CogniCrypt,Utilities,okhttp
"Constraint ""algorithm in {SHA-256, SHA-384, SHA-512}"" on object $r5 is violated due to the following reason:\n|- First parameter ""varReplacer9927"" with value ""MD5"" should be any of {SHA-256, SHA-384, SHA-512} (extracted @ varReplacer9927 = ""MD5"" @ line 1)",True,com/google/android/gms/internal/consent_sdk/zzbx.java,com.aryservices.arynews.en,80970,>5M,CogniCrypt,Android,com.google.android.gms::play-services-ads-base
First parameter was not properly generated as generatedKeyManagers,False,com/aryservices/arynews/en/apis/ApiClient.java,com.aryservices.arynews.en,80970,>5M,CogniCrypt,developer_written,not_applicable
First parameter was not properly generated as generatedKeyManagers,False,okhttp3/OkHttpClient.java,com.aryservices.arynews.en,80970,>5M,CogniCrypt,Utilities,okhttp
First parameter was not properly generated as generatedKeyManagers,False,okhttp3/OkHttpClient.java,com.aryservices.arynews.en,80970,>5M,CogniCrypt,Utilities,okhttp
First parameter was not properly generated as generatedKeyManagers,False,okhttp3/OkHttpClient.java,com.aryservices.arynews.en,80970,>5M,CogniCrypt,Utilities,okhttp
Second parameter was not properly generated as generatedTrustManagers,False,okhttp3/OkHttpClient.java,com.aryservices.arynews.en,80970,>5M,CogniCrypt,Utilities,okhttp
First parameter was not properly generated as generatedKeyManagers,False,okhttp3/OkHttpClient.java,com.aryservices.arynews.en,80970,>5M,CogniCrypt,Utilities,okhttp
Third parameter was not properly generated as randomized,False,okhttp3/OkHttpClient.java,com.aryservices.arynews.en,80970,>5M,CogniCrypt,Utilities,okhttp
First parameter was not properly generated as generatedKeyManagers,False,okhttp3/OkHttpClient.java,com.aryservices.arynews.en,80970,>5M,CogniCrypt,Utilities,okhttp
Second parameter was not properly generated as generatedTrustManagers,False,okhttp3/OkHttpClient.java,com.aryservices.arynews.en,80970,>5M,CogniCrypt,Utilities,okhttp
Second parameter was not properly generated as generatedTrustManagers,False,okhttp3/OkHttpClient.java,com.aryservices.arynews.en,80970,>5M,CogniCrypt,Utilities,okhttp
Third parameter was not properly generated as randomized,False,okhttp3/OkHttpClient.java,com.aryservices.arynews.en,80970,>5M,CogniCrypt,Utilities,okhttp
Third parameter was not properly generated as randomized,False,okhttp3/OkHttpClient.java,com.aryservices.arynews.en,80970,>5M,CogniCrypt,Utilities,okhttp
Second parameter was not properly generated as generatedTrustManagers,False,okhttp3/OkHttpClient.java,com.aryservices.arynews.en,80970,>5M,CogniCrypt,Utilities,okhttp
Second parameter was not properly generated as generatedTrustManagers,False,okhttp3/OkHttpClient.java,com.aryservices.arynews.en,80970,>5M,CogniCrypt,Utilities,okhttp
Third parameter was not properly generated as randomized,False,okhttp3/OkHttpClient.java,com.aryservices.arynews.en,80970,>5M,CogniCrypt,Utilities,okhttp
Second parameter was not properly generated as generatedTrustManagers,True,com/aryservices/arynews/en/apis/ApiClient.java,com.aryservices.arynews.en,80970,>5M,CogniCrypt,developer_written,not_applicable
"Constraint ""algorithm in {SHA-256, SHA-384, SHA-512}"" on object $r2 is violated due to the following reason:\n|- First parameter ""varReplacer3800"" with value ""MD5"" should be any of {SHA-256, SHA-384, SHA-512} (extracted @ varReplacer3800 = ""MD5"" @ line -1)",True,com/asis/petechmobil/CurrentShiftInfoActivity.java,com.asis.petechmobil,19,1k-5k,CogniCrypt,developer_written,not_applicable
"Constraint ""algorithm in {SHA-256, SHA-384, SHA-512}"" on object $r2 is violated due to the following reason:\n|- First parameter ""varReplacer3485"" with value ""MD5"" should be any of {SHA-256, SHA-384, SHA-512} (extracted @ varReplacer3485 = ""MD5"" @ line -1)",True,com/asis/petechmobil/ServisGirActivity.java,com.asis.petechmobil,19,1k-5k,CogniCrypt,developer_written,not_applicable
"Constraint ""algorithm in {SHA-256, SHA-384, SHA-512}"" on object $r2 is violated due to the following reason:\n|- First parameter ""varReplacer3979"" with value ""MD5"" should be any of {SHA-256, SHA-384, SHA-512} (extracted @ varReplacer3979 = ""MD5"" @ line -1)",True,com/asis/petechmobil/SearchCurrentShiftInfoActivity.java,com.asis.petechmobil,19,1k-5k,CogniCrypt,developer_written,not_applicable
"Constraint ""algorithm in {SHA-256, SHA-384, SHA-512}"" on object $r2 is violated due to the following reason:\n|- First parameter ""varReplacer5807"" with value ""MD5"" should be any of {SHA-256, SHA-384, SHA-512} (extracted @ varReplacer5807 = ""MD5"" @ line -1)",True,com/asis/petechmobil/TankDolumActivity.java,com.asis.petechmobil,19,1k-5k,CogniCrypt,developer_written,not_applicable
"Constraint ""algorithm in {SHA-256, SHA-384, SHA-512}"" on object $r2 is violated due to the following reason:\n|- First parameter ""varReplacer4074"" with value ""MD5"" should be any of {SHA-256, SHA-384, SHA-512} (extracted @ varReplacer4074 = ""MD5"" @ line -1)",True,com/asis/petechmobil/Smsonay_Activity.java,com.asis.petechmobil,19,1k-5k,CogniCrypt,developer_written,not_applicable
"Constraint ""algorithm in {SHA-256, SHA-384, SHA-512}"" on object $r2 is violated due to the following reason:\n|- First parameter ""varReplacer4212"" with value ""MD5"" should be any of {SHA-256, SHA-384, SHA-512} (extracted @ varReplacer4212 = ""MD5"" @ line -1)",True,com/asis/petechmobil/UserListActivity.java,com.asis.petechmobil,19,1k-5k,CogniCrypt,developer_written,not_applicable
"Constraint ""algorithm in {SHA-256, SHA-384, SHA-512}"" on object $r2 is violated due to the following reason:\n|- First parameter ""varReplacer4419"" with value ""MD5"" should be any of {SHA-256, SHA-384, SHA-512} (extracted @ varReplacer4419 = ""MD5"" @ line -1)",True,com/asis/petechmobil/AsistMainActivity.java,com.asis.petechmobil,19,1k-5k,CogniCrypt,developer_written,not_applicable
"Constraint ""algorithm in {SHA-256, SHA-384, SHA-512}"" on object $r2 is violated due to the following reason:\n|- First parameter ""varReplacer4613"" with value ""MD5"" should be any of {SHA-256, SHA-384, SHA-512} (extracted @ varReplacer4613 = ""MD5"" @ line -1)",True,com/asis/petechmobil/SignupActivity.java,com.asis.petechmobil,19,1k-5k,CogniCrypt,developer_written,not_applicable
"Constraint ""algorithm in {SHA-256, SHA-384, SHA-512}"" on object $r2 is violated due to the following reason:\n|- First parameter ""varReplacer4658"" with value ""MD5"" should be any of {SHA-256, SHA-384, SHA-512} (extracted @ varReplacer4658 = ""MD5"" @ line -1)",True,com/asis/petechmobil/Phonegir_Activity.java,com.asis.petechmobil,19,1k-5k,CogniCrypt,developer_written,not_applicable
"Constraint ""algorithm in {SHA-256, SHA-384, SHA-512}"" on object $r2 is violated due to the following reason:\n|- First parameter ""varReplacer5986"" with value ""MD5"" should be any of {SHA-256, SHA-384, SHA-512} (extracted @ varReplacer5986 = ""MD5"" @ line -1)",True,com/asis/petechmobil/BirimFiyatActivity.java,com.asis.petechmobil,19,1k-5k,CogniCrypt,developer_written,not_applicable
"Constraint ""algorithm in {SHA-256, SHA-384, SHA-512}"" on object $r2 is violated due to the following reason:\n|- First parameter ""varReplacer4831"" with value ""MD5"" should be any of {SHA-256, SHA-384, SHA-512} (extracted @ varReplacer4831 = ""MD5"" @ line -1)",True,com/asis/petechmobil/QrKoduActivity.java,com.asis.petechmobil,19,1k-5k,CogniCrypt,developer_written,not_applicable
"Constraint ""algorithm in {SHA-256, SHA-384, SHA-512}"" on object $r2 is violated due to the following reason:\n|- First parameter ""varReplacer5011"" with value ""MD5"" should be any of {SHA-256, SHA-384, SHA-512} (extracted @ varReplacer5011 = ""MD5"" @ line -1)",True,com/asis/petechmobil/BirimFiyatDegisActivity.java,com.asis.petechmobil,19,1k-5k,CogniCrypt,developer_written,not_applicable
"Constraint ""algorithm in {SHA-256, SHA-384, SHA-512}"" on object $r2 is violated due to the following reason:\n|- First parameter ""varReplacer5750"" with value ""MD5"" should be any of {SHA-256, SHA-384, SHA-512} (extracted @ varReplacer5750 = ""MD5"" @ line -1)",True,com/asis/petechmobil/StationAddActivity.java,com.asis.petechmobil,19,1k-5k,CogniCrypt,developer_written,not_applicable
"Constraint ""algorithm in {SHA-256, SHA-384, SHA-512}"" on object $r2 is violated due to the following reason:\n|- First parameter ""varReplacer5699"" with value ""MD5"" should be any of {SHA-256, SHA-384, SHA-512} (extracted @ varReplacer5699 = ""MD5"" @ line -1)",True,com/asis/petechmobil/AraTankDolumActivity.java,com.asis.petechmobil,19,1k-5k,CogniCrypt,developer_written,not_applicable
"Constraint ""algorithm in {SHA-256, SHA-384, SHA-512}"" on object $r2 is violated due to the following reason:\n|- First parameter ""varReplacer5621"" with value ""MD5"" should be any of {SHA-256, SHA-384, SHA-512} (extracted @ varReplacer5621 = ""MD5"" @ line -1)",True,com/asis/petechmobil/ServisTalepGet.java,com.asis.petechmobil,19,1k-5k,CogniCrypt,developer_written,not_applicable
"Constraint ""algorithm in {SHA-256, SHA-384, SHA-512}"" on object $r2 is violated due to the following reason:\n|- First parameter ""varReplacer5522"" with value ""MD5"" should be any of {SHA-256, SHA-384, SHA-512} (extracted @ varReplacer5522 = ""MD5"" @ line -1)",True,com/asis/petechmobil/AnaActivity.java,com.asis.petechmobil,19,1k-5k,CogniCrypt,developer_written,not_applicable
"Constraint ""algorithm in {SHA-256, SHA-384, SHA-512}"" on object $r2 is violated due to the following reason:\n|- First parameter ""varReplacer5389"" with value ""MD5"" should be any of {SHA-256, SHA-384, SHA-512} (extracted @ varReplacer5389 = ""MD5"" @ line -1)",True,com/asis/petechmobil/LoginActivity.java,com.asis.petechmobil,19,1k-5k,CogniCrypt,developer_written,not_applicable
"Constraint ""algorithm in {SHA-256, SHA-384, SHA-512}"" on object $r2 is violated due to the following reason:\n|- First parameter ""varReplacer5314"" with value ""MD5"" should be any of {SHA-256, SHA-384, SHA-512} (extracted @ varReplacer5314 = ""MD5"" @ line -1)",True,com/asis/petechmobil/AnlikTankDurumActivity.java,com.asis.petechmobil,19,1k-5k,CogniCrypt,developer_written,not_applicable
"Constraint ""algorithm in {SHA-256, SHA-384, SHA-512}"" on object $r2 is violated due to the following reason:\n|- First parameter ""varReplacer4895"" with value ""MD5"" should be any of {SHA-256, SHA-384, SHA-512} (extracted @ varReplacer4895 = ""MD5"" @ line -1)",True,com/asis/petechmobil/RaporlarMenuGet.java,com.asis.petechmobil,19,1k-5k,CogniCrypt,developer_written,not_applicable
"Constraint ""algorithm in {SHA-256, SHA-384, SHA-512}"" on object $r2 is violated due to the following reason:\n|- First parameter ""varReplacer5258"" with value ""MD5"" should be any of {SHA-256, SHA-384, SHA-512} (extracted @ varReplacer5258 = ""MD5"" @ line -1)",True,com/asis/petechmobil/MainActivity.java,com.asis.petechmobil,19,1k-5k,CogniCrypt,developer_written,not_applicable
"Constraint ""algorithm in {SHA-256, SHA-384, SHA-512}"" on object $r2 is violated due to the following reason:\n|- First parameter ""varReplacer3402"" with value ""MD5"" should be any of {SHA-256, SHA-384, SHA-512} (extracted @ varReplacer3402 = ""MD5"" @ line -1)",True,com/asis/petechmobil/UserAddActivity.java,com.asis.petechmobil,19,1k-5k,CogniCrypt,developer_written,not_applicable
"Constraint ""algorithm in {SHA-256, SHA-384, SHA-512}"" on object $r2 is violated due to the following reason:\n|- First parameter ""varReplacer3621"" with value ""MD5"" should be any of {SHA-256, SHA-384, SHA-512} (extracted @ varReplacer3621 = ""MD5"" @ line -1)",True,com/asis/petechmobil/TanimliFiyatActivitiy.java,com.asis.petechmobil,19,1k-5k,CogniCrypt,developer_written,not_applicable
Third parameter was not properly generated as randomized,False,okhttp3/internal/platform/Platform.java,com.astroid.yodha,45840004,1M-5M,CogniCrypt,Utilities,OkHttp
"Constraint ""algorithm in {SHA-256, SHA-384, SHA-512}"" on object $r15 is violated due to the following reason:\n|- First parameter ""varReplacer13395"" with value ""MD5"" should be any of {SHA-256, SHA-384, SHA-512} (extracted @ varReplacer13395 = ""MD5"" @ line 80)",True,com/facebook/appevents/ondeviceprocessing/RemoteServiceParametersHelper.java,com.astroid.yodha,45840004,1M-5M,CogniCrypt,SocialMedia,Facebook-App-Links
"Constraint ""algorithm in {SHA-256, SHA-384, SHA-512}"" on object $r3 is violated due to the following reason:\n|- First parameter ""$r1"" with value ""SHA-1"" should be any of {SHA-256, SHA-384, SHA-512} (extracted @ varReplacer13336 = ""SHA-1"" @ line 71)",False,com/facebook/internal/Utility.java,com.astroid.yodha,45840004,1M-5M,CogniCrypt,SocialMedia,Facebook-App-Links
First parameter was not properly generated as generatedKeyStore,False,okhttp3/internal/platform/BouncyCastlePlatform.java,com.astroid.yodha,45840004,1M-5M,CogniCrypt,Utilities,OkHttp
"Constraint ""protocol in {TLSv1.2, TLSv1.3}"" on object $r1 is violated due to the following reason:\n|- First parameter ""varReplacer9949"" with value ""TLS"" should be any of {TLSv1.2, TLSv1.3} (extracted @ varReplacer9949 = ""TLS"" @ line 2)",True,okhttp3/internal/platform/BouncyCastlePlatform.java,com.astroid.yodha,45840004,1M-5M,CogniCrypt,Utilities,OkHttp
First parameter was not properly generated as generatedKeyStore,False,okhttp3/internal/platform/OpenJSSEPlatform.java,com.astroid.yodha,45840004,1M-5M,CogniCrypt,Utilities,OkHttp
Second parameter was not properly generated as generatedTrustManagers,True,okhttp3/internal/platform/ConscryptPlatform.java,com.astroid.yodha,45840004,1M-5M,CogniCrypt,Utilities,OkHttp
Third parameter was not properly generated as randomized,False,okhttp3/internal/platform/ConscryptPlatform.java,com.astroid.yodha,45840004,1M-5M,CogniCrypt,Utilities,OkHttp
First parameter was not properly generated as generatedKeyManagers,False,okhttp3/internal/platform/ConscryptPlatform.java,com.astroid.yodha,45840004,1M-5M,CogniCrypt,Utilities,OkHttp
"Constraint ""protocol in {TLSv1.2, TLSv1.3}"" on object $r1 is violated due to the following reason:\n|- First parameter ""varReplacer9945"" with value ""TLS"" should be any of {TLSv1.2, TLSv1.3} (extracted @ varReplacer9945 = ""TLS"" @ line 2)",True,okhttp3/internal/platform/ConscryptPlatform.java,com.astroid.yodha,45840004,1M-5M,CogniCrypt,Utilities,OkHttp
Second parameter was not properly generated as generatedTrustManagers,True,okhttp3/internal/platform/Platform.java,com.astroid.yodha,45840004,1M-5M,CogniCrypt,Utilities,OkHttp
First parameter was not properly generated as generatedKeyStore,False,okhttp3/internal/platform/ConscryptPlatform.java,com.astroid.yodha,45840004,1M-5M,CogniCrypt,Utilities,OkHttp
Third parameter was not properly generated as randomized,False,okhttp3/internal/platform/Platform.java,com.astroid.yodha,45840004,1M-5M,CogniCrypt,Utilities,OkHttp
First parameter was not properly generated as generatedKeyManagers,False,okhttp3/internal/platform/Platform.java,com.astroid.yodha,45840004,1M-5M,CogniCrypt,Utilities,OkHttp
First parameter was not properly generated as generatedKeyManagers,False,okhttp3/internal/platform/Platform.java,com.astroid.yodha,45840004,1M-5M,CogniCrypt,Utilities,OkHttp
Third parameter was not properly generated as randomized,False,okhttp3/internal/platform/Platform.java,com.astroid.yodha,45840004,1M-5M,CogniCrypt,Utilities,OkHttp
Third parameter was not properly generated as randomized,False,okhttp3/internal/platform/Platform.java,com.astroid.yodha,45840004,1M-5M,CogniCrypt,Utilities,OkHttp
First parameter was not properly generated as generatedKeyStore,False,okhttp3/internal/platform/Platform.java,com.astroid.yodha,45840004,1M-5M,CogniCrypt,Utilities,OkHttp
"Constraint ""protocol in {TLSv1.2, TLSv1.3}"" on object $r1 is violated due to the following reason:\n|- First parameter ""varReplacer9947"" with value ""TLS"" should be any of {TLSv1.2, TLSv1.3} (extracted @ varReplacer9947 = ""TLS"" @ line 2)",True,okhttp3/internal/platform/Platform.java,com.astroid.yodha,45840004,1M-5M,CogniCrypt,Utilities,OkHttp
Second parameter was not properly generated as generatedTrustManagers,True,okhttp3/internal/platform/Platform.java,com.astroid.yodha,45840004,1M-5M,CogniCrypt,Utilities,OkHttp
First parameter was not properly generated as generatedKeyManagers,False,okhttp3/internal/platform/Platform.java,com.astroid.yodha,45840004,1M-5M,CogniCrypt,Utilities,OkHttp
First parameter was not properly generated as generatedKeyManagers,False,okhttp3/internal/platform/Platform.java,com.astroid.yodha,45840004,1M-5M,CogniCrypt,Utilities,OkHttp
Second parameter was not properly generated as generatedTrustManagers,True,okhttp3/internal/platform/Platform.java,com.astroid.yodha,45840004,1M-5M,CogniCrypt,Utilities,OkHttp
Second parameter was not properly generated as generatedTrustManagers,True,okhttp3/internal/platform/Platform.java,com.astroid.yodha,45840004,1M-5M,CogniCrypt,Utilities,OkHttp
"Constraint ""algorithm in {SHA-256, SHA-384, SHA-512}"" on object $r6 is violated due to the following reason:\n|- First parameter ""$r0"" with value ""MD5"" should be any of {SHA-256, SHA-384, SHA-512} (extracted @ varReplacer3365 = ""MD5"" @ line 3)",True,com/google/android/gms/internal/ads/zzbzm.java,com.awabe.learnenglish,60,1M-5M,CogniCrypt,Utilities,Guava
"Constraint ""algorithm in {SHA-256, SHA-384, SHA-512}"" on object $r7 is violated due to the following reason:\n|- First parameter ""varReplacer2750"" with value ""MD5"" should be any of {SHA-256, SHA-384, SHA-512} (extracted @ varReplacer2750 = ""MD5"" @ line 4)",True,com/google/android/gms/internal/ads/zzbzm.java,com.awabe.learnenglish,60,1M-5M,CogniCrypt,Utilities,Guava
"Constraint ""algorithm in {SHA-256, SHA-384, SHA-512}"" on object $r7 is violated due to the following reason:\n|- First parameter ""varReplacer3043"" with value ""MD5"" should be any of {SHA-256, SHA-384, SHA-512} (extracted @ varReplacer3043 = ""MD5"" @ line 151)",False,com/google/android/gms/internal/ads/zzaza.java,com.balintinfotech.myphotokeyboard,4,1M-5M,CogniCrypt,Utilities,Guava
"Constraint ""algorithm in {SHA-256, SHA-384, SHA-512}"" on object $r5 is violated due to the following reason:\n|- First parameter ""varReplacer4437"" with value ""MD5"" should be any of {SHA-256, SHA-384, SHA-512} (extracted @ varReplacer4437 = ""MD5"" @ line 56)",False,com/google/android/gms/internal/ads/zzaza.java,com.balintinfotech.myphotokeyboard,4,1M-5M,CogniCrypt,Utilities,Guava
"Constraint ""algorithm in {SHA-256, SHA-384, SHA-512}"" on object $r3 is violated due to the following reason:\n|- First parameter ""varReplacer14404"" with value ""MD5"" should be any of {SHA-256, SHA-384, SHA-512} (extracted @ varReplacer14404 = ""MD5"" @ line 51)",True,com/ihuman/sdk/lib/utils/IHMD5Utils.java,com.bekids.gogotown.unicorns,144,500k-1M,CogniCrypt,others,unknown
Third parameter was not properly generated as randomized,False,okhttp3/OkHttpClient$Companion.java,com.bekids.gogotown.unicorns,144,500k-1M,CogniCrypt,Utilities,okhttp
Second parameter was not properly generated as generatedTrustManagers,True,okhttp3/OkHttpClient$Companion.java,com.bekids.gogotown.unicorns,144,500k-1M,CogniCrypt,Utilities,okhttp
Third parameter was not properly generated as randomized,False,okhttp3/OkHttpClient$Companion.java,com.bekids.gogotown.unicorns,144,500k-1M,CogniCrypt,Utilities,okhttp
Second parameter was not properly generated as generatedTrustManagers,True,okhttp3/OkHttpClient$Companion.java,com.bekids.gogotown.unicorns,144,500k-1M,CogniCrypt,Utilities,okhttp
First parameter was not properly generated as generatedKeyManagers,False,okhttp3/OkHttpClient$Companion.java,com.bekids.gogotown.unicorns,144,500k-1M,CogniCrypt,Utilities,okhttp
Third parameter was not properly generated as randomized,False,okhttp3/OkHttpClient$Companion.java,com.bekids.gogotown.unicorns,144,500k-1M,CogniCrypt,Utilities,okhttp
"Constraint ""algorithm in {SHA-256, SHA-384, SHA-512}"" on object $r4 is violated due to the following reason:\n|- First parameter ""varReplacer9569"" with value ""MD5"" should be any of {SHA-256, SHA-384, SHA-512} (extracted @ varReplacer9569 = ""MD5"" @ line 97)",True,com/ihuman/sdk/lib/network/core/HttpSignTools.java,com.bekids.gogotown.unicorns,144,500k-1M,CogniCrypt,others,unknown
"Constraint ""protocol in {TLSv1.2, TLSv1.3}"" on object $r6 is violated due to the following reason:\n|- First parameter ""varReplacer17355"" with value ""TLS"" should be any of {TLSv1.2, TLSv1.3} (extracted @ varReplacer17355 = ""TLS"" @ line 249)",True,com/tencent/bugly/proguard/s.java,com.bekids.gogotown.unicorns,144,500k-1M,CogniCrypt,others,unknown
First parameter was not properly generated as generatedKeyManagers,False,com/tencent/bugly/proguard/s.java,com.bekids.gogotown.unicorns,144,500k-1M,CogniCrypt,others,unknown
"Constraint ""algorithm in {SHA-256, SHA-384, SHA-512}"" on object $r1 is violated due to the following reason:\n|- First parameter ""varReplacer8941"" with value ""MD5"" should be any of {SHA-256, SHA-384, SHA-512} (extracted @ varReplacer8941 = ""MD5"" @ line 233)",True,com/ihuman/sdk/lib/filedownloader/util/FileDownloadUtils.java,com.bekids.gogotown.unicorns,144,500k-1M,CogniCrypt,others,unknown
"Constraint ""keyAlgorithm in {AES, HmacSHA256, HmacSHA384, HmacSHA512}"" on object $r3 is violated due to the following reason:\n|- Second parameter ""$r0"" with value """" should be any of {AES, HmacSHA256, HmacSHA384, HmacSHA512} (extracted @ varReplacer6055 = """" @ line 146)",True,com/ihuman/sdk/lib/utils/AES256Cipher.java,com.bekids.gogotown.unicorns,144,500k-1M,CogniCrypt,others,unknown
First parameter was not properly generated as preparedKeyMaterial,True,com/ihuman/sdk/lib/utils/AES256Cipher.java,com.bekids.gogotown.unicorns,144,500k-1M,CogniCrypt,others,unknown
First parameter was not properly generated as generatedKeyStore,False,okhttp3/internal/platform/Platform.java,com.bekids.gogotown.unicorns,144,500k-1M,CogniCrypt,Utilities,okhttp
"Constraint ""protocol in {TLSv1.2, TLSv1.3}"" on object $r1 is violated due to the following reason:\n|- First parameter ""varReplacer8033"" with value ""TLS"" should be any of {TLSv1.2, TLSv1.3} (extracted @ varReplacer8033 = ""TLS"" @ line 80)",True,okhttp3/internal/platform/Platform.java,com.bekids.gogotown.unicorns,144,500k-1M,CogniCrypt,Utilities,okhttp
First parameter was not properly generated as generatedKeyStore,False,okhttp3/internal/platform/OpenJSSEPlatform.java,com.bekids.gogotown.unicorns,144,500k-1M,CogniCrypt,Utilities,okhttp
Third parameter was not properly generated as randomized,False,com/ihuman/sdk/lib/network/manager/IHumanTrustHostUtils.java,com.bekids.gogotown.unicorns,144,500k-1M,CogniCrypt,others,unknown
Second parameter was not properly generated as generatedTrustManagers,True,com/ihuman/sdk/lib/network/manager/IHumanTrustHostUtils.java,com.bekids.gogotown.unicorns,144,500k-1M,CogniCrypt,others,unknown
First parameter was not properly generated as generatedKeyManagers,True,com/ihuman/sdk/lib/network/manager/IHumanTrustHostUtils.java,com.bekids.gogotown.unicorns,144,500k-1M,CogniCrypt,others,unknown
"Constraint ""protocol in {TLSv1.2, TLSv1.3}"" on object $r7 is violated due to the following reason:\n|- First parameter ""varReplacer7162"" with value ""TLS"" should be any of {TLSv1.2, TLSv1.3} (extracted @ varReplacer7162 = ""TLS"" @ line 61)",True,com/ihuman/sdk/lib/network/manager/IHumanTrustHostUtils.java,com.bekids.gogotown.unicorns,144,500k-1M,CogniCrypt,others,unknown
Second parameter was not properly generated as generatedTrustManagers,True,com/tencent/bugly/proguard/s.java,com.bekids.gogotown.unicorns,144,500k-1M,CogniCrypt,others,unknown
First parameter was not properly generated as generatedKeyStore,False,com/ihuman/sdk/lib/network/manager/IHumanTrustHostUtils.java,com.bekids.gogotown.unicorns,144,500k-1M,CogniCrypt,others,unknown
First parameter was not properly generated as generatedKeyStore,True,com/ihuman/sdk/lib/network/manager/IHumanTrustHostUtils.java,com.bekids.gogotown.unicorns,144,500k-1M,CogniCrypt,others,unknown
"Constraint ""protocol in {TLSv1.2, TLSv1.3}"" on object $r1 is violated due to the following reason:\n|- First parameter ""varReplacer8037"" with value ""TLS"" should be any of {TLSv1.2, TLSv1.3} (extracted @ varReplacer8037 = ""TLS"" @ line 41)",True,okhttp3/internal/platform/ConscryptPlatform.java,com.bekids.gogotown.unicorns,144,500k-1M,CogniCrypt,Utilities,okhttp
"Constraint ""algorithm in {SHA-256, SHA-384, SHA-512}"" on object $r3 is violated due to the following reason:\n|- First parameter ""varReplacer9689"" with value ""MD5"" should be any of {SHA-256, SHA-384, SHA-512} (extracted @ varReplacer9689 = ""MD5"" @ line 22)",True,com/ihuman/sdk/lib/utils/IHMD5Utils.java,com.bekids.gogotown.unicorns,144,500k-1M,CogniCrypt,others,unknown
First parameter was not properly generated as generatedKeyManagers,False,okhttp3/OkHttpClient$Companion.java,com.bekids.gogotown.unicorns,144,500k-1M,CogniCrypt,Utilities,okhttp
Second parameter was not properly generated as generatedTrustManagers,True,okhttp3/OkHttpClient$Companion.java,com.bekids.gogotown.unicorns,144,500k-1M,CogniCrypt,Utilities,okhttp
First parameter was not properly generated as generatedKeyManagers,False,okhttp3/OkHttpClient$Companion.java,com.bekids.gogotown.unicorns,144,500k-1M,CogniCrypt,Utilities,okhttp
"Constraint ""algorithm in {SHA-256, SHA-384, SHA-512}"" on object $r4 is violated due to the following reason:\n|- First parameter ""varReplacer8767"" with value ""MD5"" should be any of {SHA-256, SHA-384, SHA-512} (extracted @ varReplacer8767 = ""MD5"" @ line 124)",True,com/ihuman/sdk/lib/utils/StringEncrypt.java,com.bekids.gogotown.unicorns,144,500k-1M,CogniCrypt,others,unknown
First parameter was not properly generated as generatedKeyManagers,False,okhttp3/OkHttpClient.java,com.bfi.rca.gabon,2,1k-5k,CogniCrypt,Utilities,OkHttp
Second parameter was not properly generated as generatedTrustManagers,False,okhttp3/OkHttpClient.java,com.bfi.rca.gabon,2,1k-5k,CogniCrypt,Utilities,OkHttp
Second parameter was not properly generated as generatedTrustManagers,False,okhttp3/OkHttpClient.java,com.bfi.rca.gabon,2,1k-5k,CogniCrypt,Utilities,OkHttp
Second parameter was not properly generated as generatedTrustManagers,False,okhttp3/OkHttpClient.java,com.bfi.rca.gabon,2,1k-5k,CogniCrypt,Utilities,OkHttp
Second parameter was not properly generated as generatedTrustManagers,False,okhttp3/OkHttpClient.java,com.bfi.rca.gabon,2,1k-5k,CogniCrypt,Utilities,OkHttp
Third parameter was not properly generated as randomized,False,okhttp3/OkHttpClient.java,com.bfi.rca.gabon,2,1k-5k,CogniCrypt,Utilities,OkHttp
Third parameter was not properly generated as randomized,False,okhttp3/OkHttpClient.java,com.bfi.rca.gabon,2,1k-5k,CogniCrypt,Utilities,OkHttp
Third parameter was not properly generated as randomized,False,okhttp3/OkHttpClient.java,com.bfi.rca.gabon,2,1k-5k,CogniCrypt,Utilities,OkHttp
First parameter was not properly generated as generatedKeyManagers,False,okhttp3/OkHttpClient.java,com.bfi.rca.gabon,2,1k-5k,CogniCrypt,Utilities,OkHttp
First parameter was not properly generated as generatedKeyManagers,False,okhttp3/OkHttpClient.java,com.bfi.rca.gabon,2,1k-5k,CogniCrypt,Utilities,OkHttp
"Constraint ""algorithm in {SHA-256, SHA-384, SHA-512}"" on object $r1 is violated due to the following reason:\n|- First parameter ""$r2"" with value ""SHA-1"" should be any of {SHA-256, SHA-384, SHA-512} (extracted @ varReplacer18053 = ""SHA-1"" @ line 112)",True,tech/gusavila92/apache/commons/codec/digest/DigestUtils.java,com.bfi.rca.gabon,2,1k-5k,CogniCrypt,others,unknown
"Constraint ""protocol in {TLSv1.2, TLSv1.3}"" on object $r4 is violated due to the following reason:\n|- First parameter ""varReplacer22039"" with value ""TLS"" should be any of {TLSv1.2, TLSv1.3} (extracted @ varReplacer22039 = ""TLS"" @ line 274)",True,okhttp3/internal/platform/Platform.java,com.bfi.rca.gabon,2,1k-5k,CogniCrypt,Utilities,OkHttp
"Constraint ""protocol in {TLSv1.2, TLSv1.3}"" on object $r3 is violated due to the following reason:\n|- First parameter ""varReplacer22045"" with value ""TLS"" should be any of {TLSv1.2, TLSv1.3} (extracted @ varReplacer22045 = ""TLS"" @ line 445)",True,okhttp3/internal/platform/AndroidPlatform.java,com.bfi.rca.gabon,2,1k-5k,CogniCrypt,Utilities,OkHttp
First parameter was not properly generated as generatedKeyStore,False,okhttp3/internal/Util.java,com.bfi.rca.gabon,2,1k-5k,CogniCrypt,Utilities,OkHttp
First parameter was not properly generated as generatedKeyManagers,False,com/bfi/rca/gabon/app/MySSLSocketFactory.java,com.bfi.rca.gabon,2,1k-5k,CogniCrypt,developer_written,not_applicable
"Constraint ""protocol in {TLSv1.2, TLSv1.3}"" on object $r1 is violated due to the following reason:\n|- First parameter ""varReplacer18024"" with value ""TLS"" should be any of {TLSv1.2, TLSv1.3} (extracted @ varReplacer18024 = ""TLS"" @ line 27)",True,com/bfi/rca/gabon/app/MySSLSocketFactory.java,com.bfi.rca.gabon,2,1k-5k,CogniCrypt,developer_written,not_applicable
Second parameter was not properly generated as generatedTrustManagers,True,com/bfi/rca/gabon/app/MySSLSocketFactory.java,com.bfi.rca.gabon,2,1k-5k,CogniCrypt,developer_written,not_applicable
First parameter was not properly generated as generatedKeyManagers,False,okhttp3/OkHttpClient.java,com.bfi.rca.gabon,2,1k-5k,CogniCrypt,Utilities,OkHttp
Third parameter was not properly generated as randomized,False,okhttp3/OkHttpClient.java,com.bfi.rca.gabon,2,1k-5k,CogniCrypt,Utilities,OkHttp
Third parameter was not properly generated as randomized,False,okhttp3/OkHttpClient.java,com.bfi.rca.gabon,2,1k-5k,CogniCrypt,Utilities,OkHttp
Third parameter was not properly generated as randomized,False,okhttp3/OkHttpClient.java,com.bfi.rca.gabon,2,1k-5k,CogniCrypt,Utilities,OkHttp
First parameter was not properly generated as generatedKeyManagers,False,okhttp3/OkHttpClient.java,com.bfi.rca.gabon,2,1k-5k,CogniCrypt,Utilities,OkHttp
Second parameter was not properly generated as generatedTrustManagers,False,okhttp3/OkHttpClient.java,com.bfi.rca.gabon,2,1k-5k,CogniCrypt,Utilities,OkHttp
Second parameter was not properly generated as generatedTrustManagers,False,okhttp3/OkHttpClient.java,com.bfi.rca.gabon,2,1k-5k,CogniCrypt,Utilities,OkHttp
"Constraint ""protocol in {TLSv1.2, TLSv1.3}"" on object $r3 is violated due to the following reason:\n|- First parameter ""varReplacer22042"" with value ""TLS"" should be any of {TLSv1.2, TLSv1.3} (extracted @ varReplacer22042 = ""TLS"" @ line 94)",True,okhttp3/internal/platform/ConscryptPlatform.java,com.bfi.rca.gabon,2,1k-5k,CogniCrypt,Utilities,OkHttp
Third parameter was not properly generated as randomized,False,com/bfi/rca/gabon/app/MySSLSocketFactory.java,com.bfi.rca.gabon,2,1k-5k,CogniCrypt,developer_written,not_applicable
First parameter was not properly generated as generatedKeyManagers,False,okhttp3/OkHttpClient.java,com.bfi.rca.gabon,2,1k-5k,CogniCrypt,Utilities,OkHttp
"Constraint ""algorithm in {SHA-256, SHA-384, SHA-512}"" on object $r2 is violated due to the following reason:\n|- First parameter ""varReplacer3526"" with value ""MD5"" should be any of {SHA-256, SHA-384, SHA-512} (extracted @ varReplacer3526 = ""MD5"" @ line -1)",True,com/facebook/appevents/internal/HashUtils.java,com.bhima.filterfocusname,57,1M-5M,CogniCrypt,SocialMedia,Facebook-App-Links
"Constraint ""algorithm in {SHA-256, SHA-384, SHA-512}"" on object $r7 is violated due to the following reason:\n|- First parameter ""varReplacer7803"" with value ""MD5"" should be any of {SHA-256, SHA-384, SHA-512} (extracted @ varReplacer7803 = ""MD5"" @ line 45)",True,l1/g.java,com.bhima.filterfocusname,57,1M-5M,CogniCrypt,others,unknown
"Constraint ""algorithm in {SHA-256, SHA-384, SHA-512}"" on object $r6 is violated due to the following reason:\n|- First parameter ""$r0"" with value ""MD5"" should be any of {SHA-256, SHA-384, SHA-512} (extracted @ varReplacer8776 = ""MD5"" @ line 26)",True,l1/g.java,com.bhima.filterfocusname,57,1M-5M,CogniCrypt,others,unknown
"Constraint ""algorithm in {SHA-256, SHA-384, SHA-512}"" on object $r7 is violated due to the following reason:\n|- First parameter ""varReplacer3495"" with value ""SHA1"" should be any of {SHA-256, SHA-384, SHA-512} (extracted @ varReplacer3495 = ""SHA1"" @ line -1)",True,com/facebook/internal/security/CertificateUtil.java,com.bhima.filterfocusname,57,1M-5M,CogniCrypt,SocialMedia,Facebook-App-Links
"Constraint ""algorithm in {SHA-256, SHA-384, SHA-512}"" on object $r5 is violated due to the following reason:\n|- First parameter ""varReplacer12871"" with value ""MD5"" should be any of {SHA-256, SHA-384, SHA-512} (extracted @ varReplacer12871 = ""MD5"" @ line 7)",True,S1/h0.java,com.bhima.filterfocusname,57,1M-5M,CogniCrypt,others,unknown
"Constraint ""algorithm in {SHA-256, SHA-384, SHA-512}"" on object $r4 is violated due to the following reason:\n|- First parameter ""$r3"" with value ""MD5"" should be any of {SHA-256, SHA-384, SHA-512} (extracted @ varReplacer3083 = ""MD5"" @ line -1)\n|- First parameter ""$r3"" with value ""SHA-1"" should be any of {SHA-256, SHA-384, SHA-512} (extracted @ varReplacer2814 = ""SHA-1"" @ line 2)",True,com/facebook/internal/Utility.java,com.bhima.filterfocusname,57,1M-5M,CogniCrypt,SocialMedia,Facebook-App-Links
"Constraint ""algorithm in {SHA-256, SHA-384, SHA-512}"" on object $r2 is violated due to the following reason:\n|- First parameter ""varReplacer4499"" with value ""MD5"" should be any of {SHA-256, SHA-384, SHA-512} (extracted @ varReplacer4499 = ""MD5"" @ line -1)",True,com/facebook/appevents/AppEvent$Companion.java,com.bhima.filterfocusname,57,1M-5M,CogniCrypt,SocialMedia,Facebook-App-Links
Third parameter was not properly generated as randomized,False,org/apache/http/conn/ssl/SSLSocketFactory.java,com.biosys.tdcheck,13,1k-5k,CogniCrypt,Utilities,apache-httpclient-android
First parameter was not properly generated as generatedKeyStore,True,org/apache/http/conn/ssl/SSLSocketFactory.java,com.biosys.tdcheck,13,1k-5k,CogniCrypt,Utilities,apache-httpclient-android
Second parameter was not properly generated as generatedTrustManagers,False,org/apache/http/conn/ssl/SSLSocketFactory.java,com.biosys.tdcheck,13,1k-5k,CogniCrypt,Utilities,apache-httpclient-android
"Constraint ""protocol in {TLSv1.2, TLSv1.3}"" on object $r14 is violated due to the following reason:\n|- First parameter ""$r2"" with value ""TLS"" should be any of {TLSv1.2, TLSv1.3} (extracted @ $r2 = ""TLS"" @ line -1)\n|- First parameter ""$r2"" with value ""TLS"" should be any of {TLSv1.2, TLSv1.3} (extracted @ varReplacer2456 = ""TLS"" @ line 209)",True,org/apache/http/conn/ssl/SSLSocketFactory.java,com.biosys.tdcheck,13,1k-5k,CogniCrypt,Utilities,apache-httpclient-android
First parameter was not properly generated as generatedKeyManagers,True,org/apache/http/conn/ssl/SSLSocketFactory.java,com.biosys.tdcheck,13,1k-5k,CogniCrypt,Utilities,apache-httpclient-android
First parameter was not properly generated as generatedKeyStore,True,org/apache/http/conn/ssl/SSLSocketFactory.java,com.biosys.tdcheck,13,1k-5k,CogniCrypt,Utilities,apache-httpclient-android
"Constraint ""algorithm in {SHA-256, SHA-384, SHA-512}"" on object $r6 is violated due to the following reason:\n|- First parameter ""$r0"" with value ""MD5"" should be any of {SHA-256, SHA-384, SHA-512} (extracted @ varReplacer4575 = ""MD5"" @ line 26)",True,com/google/android/gms/internal/ads/qe0.java,com.blackstar.apps.teammanager,15,1k-5k,CogniCrypt,Android,com.google.android.gms::play-services-ads-base
"Constraint ""algorithm in {SHA-256, SHA-384, SHA-512}"" on object $r7 is violated due to the following reason:\n|- First parameter ""varReplacer1744"" with value ""MD5"" should be any of {SHA-256, SHA-384, SHA-512} (extracted @ varReplacer1744 = ""MD5"" @ line 45)",True,com/google/android/gms/internal/ads/qe0.java,com.blackstar.apps.teammanager,15,1k-5k,CogniCrypt,Android,com.google.android.gms::play-services-ads-base
Third parameter was not properly generated as randomized,False,okhttp3/internal/platform/Platform.java,com.bmw.ConnectedRide,551010,500k-1M,CogniCrypt,Utilities,OkHttp
Second parameter was not properly generated as generatedTrustManagers,True,okhttp3/internal/platform/Platform.java,com.bmw.ConnectedRide,551010,500k-1M,CogniCrypt,Utilities,OkHttp
Second parameter was not properly generated as generatedTrustManagers,True,okhttp3/internal/platform/Platform.java,com.bmw.ConnectedRide,551010,500k-1M,CogniCrypt,Utilities,OkHttp
Third parameter was not properly generated as randomized,False,okhttp3/internal/platform/Platform.java,com.bmw.ConnectedRide,551010,500k-1M,CogniCrypt,Utilities,OkHttp
First parameter was not properly generated as generatedKeyManagers,False,okhttp3/internal/platform/Platform.java,com.bmw.ConnectedRide,551010,500k-1M,CogniCrypt,Utilities,OkHttp
First parameter was not properly generated as generatedKeyManagers,False,okhttp3/internal/platform/Platform.java,com.bmw.ConnectedRide,551010,500k-1M,CogniCrypt,Utilities,OkHttp
First parameter was not properly generated as generatedKeyStore,False,okhttp3/internal/platform/OpenJSSEPlatform.java,com.bmw.ConnectedRide,551010,500k-1M,CogniCrypt,Utilities,OkHttp
Third parameter was not properly generated as randomized,False,okhttp3/internal/platform/Platform.java,com.bmw.ConnectedRide,551010,500k-1M,CogniCrypt,Utilities,OkHttp
"Constraint ""protocol in {TLSv1.2, TLSv1.3}"" on object $r1 is violated due to the following reason:\n|- First parameter ""varReplacer19387"" with value ""TLS"" should be any of {TLSv1.2, TLSv1.3} (extracted @ varReplacer19387 = ""TLS"" @ line -1)",True,okhttp3/internal/platform/Platform.java,com.bmw.ConnectedRide,551010,500k-1M,CogniCrypt,Utilities,OkHttp
First parameter was not properly generated as generatedKeyStore,False,okhttp3/internal/platform/Platform.java,com.bmw.ConnectedRide,551010,500k-1M,CogniCrypt,Utilities,OkHttp
First parameter was not properly generated as generatedKeyManagers,False,okhttp3/internal/platform/Platform.java,com.bmw.ConnectedRide,551010,500k-1M,CogniCrypt,Utilities,OkHttp
Second parameter was not properly generated as generatedTrustManagers,True,okhttp3/internal/platform/Platform.java,com.bmw.ConnectedRide,551010,500k-1M,CogniCrypt,Utilities,OkHttp
Second parameter was not properly generated as generatedTrustManagers,True,okhttp3/internal/platform/Platform.java,com.bmw.ConnectedRide,551010,500k-1M,CogniCrypt,Utilities,OkHttp
Third parameter was not properly generated as randomized,False,okhttp3/internal/platform/Platform.java,com.bmw.ConnectedRide,551010,500k-1M,CogniCrypt,Utilities,OkHttp
First parameter was not properly generated as generatedKeyManagers,False,okhttp3/internal/platform/Platform.java,com.bmw.ConnectedRide,551010,500k-1M,CogniCrypt,Utilities,OkHttp
First parameter was not properly generated as generatedKeyStore,False,okhttp3/internal/platform/ConscryptPlatform.java,com.bmw.ConnectedRide,551010,500k-1M,CogniCrypt,Utilities,OkHttp
First parameter was not properly generated as generatedKeyStore,False,okhttp3/internal/platform/BouncyCastlePlatform.java,com.bmw.ConnectedRide,551010,500k-1M,CogniCrypt,Utilities,OkHttp
"Constraint ""protocol in {TLSv1.2, TLSv1.3}"" on object $r1 is violated due to the following reason:\n|- First parameter ""varReplacer19391"" with value ""TLS"" should be any of {TLSv1.2, TLSv1.3} (extracted @ varReplacer19391 = ""TLS"" @ line -1)",True,okhttp3/internal/platform/BouncyCastlePlatform.java,com.bmw.ConnectedRide,551010,500k-1M,CogniCrypt,Utilities,OkHttp
Second parameter was not properly generated as generatedTrustManagers,True,okhttp3/internal/platform/ConscryptPlatform.java,com.bmw.ConnectedRide,551010,500k-1M,CogniCrypt,Utilities,OkHttp
First parameter was not properly generated as generatedKeyManagers,False,okhttp3/internal/platform/ConscryptPlatform.java,com.bmw.ConnectedRide,551010,500k-1M,CogniCrypt,Utilities,OkHttp
Third parameter was not properly generated as randomized,False,okhttp3/internal/platform/ConscryptPlatform.java,com.bmw.ConnectedRide,551010,500k-1M,CogniCrypt,Utilities,OkHttp
"Constraint ""protocol in {TLSv1.2, TLSv1.3}"" on object $r1 is violated due to the following reason:\n|- First parameter ""varReplacer19385"" with value ""TLS"" should be any of {TLSv1.2, TLSv1.3} (extracted @ varReplacer19385 = ""TLS"" @ line -1)",True,okhttp3/internal/platform/ConscryptPlatform.java,com.bmw.ConnectedRide,551010,500k-1M,CogniCrypt,Utilities,OkHttp
"Constraint ""algorithm in {SHA-256, SHA-384, SHA-512}"" on object $r2 is violated due to the following reason:\n|- First parameter ""varReplacer12213"" with value ""SHA"" should be any of {SHA-256, SHA-384, SHA-512} (extracted @ varReplacer12213 = ""SHA"" @ line 3)",True,com/buscounchollo/util/track/VPTTracker.java,com.buscounchollo,552,1M-5M,CogniCrypt,developer_written,not_applicable
First parameter was not properly generated as generatedKeyManagers,False,okhttp3/OkHttpClient.java,com.calculos.laborales,60,1k-5k,CogniCrypt,Utilities,OkHttp
"Constraint ""algorithm in {SHA-256, SHA-384, SHA-512}"" on object $r6 is violated due to the following reason:\n|- First parameter ""$r0"" with value ""MD5"" should be any of {SHA-256, SHA-384, SHA-512} (extracted @ varReplacer4129 = ""MD5"" @ line 3)",True,com/google/android/gms/internal/ads/zzbyt.java,com.calculos.laborales,60,1k-5k,CogniCrypt,Utilities,Guava
"Constraint ""protocol in {TLSv1.2, TLSv1.3}"" on object $r2 is violated due to the following reason:\n|- First parameter ""varReplacer6359"" with value ""TLS"" should be any of {TLSv1.2, TLSv1.3} (extracted @ varReplacer6359 = ""TLS"" @ line 269)",True,okhttp3/internal/platform/Platform.java,com.calculos.laborales,60,1k-5k,CogniCrypt,Utilities,OkHttp
Second parameter was not properly generated as generatedTrustManagers,False,okhttp3/OkHttpClient.java,com.calculos.laborales,60,1k-5k,CogniCrypt,Utilities,OkHttp
Third parameter was not properly generated as randomized,False,okhttp3/OkHttpClient.java,com.calculos.laborales,60,1k-5k,CogniCrypt,Utilities,OkHttp
First parameter was not properly generated as generatedKeyStore,False,okhttp3/OkHttpClient.java,com.calculos.laborales,60,1k-5k,CogniCrypt,Utilities,OkHttp
Third parameter was not properly generated as randomized,False,okhttp3/OkHttpClient.java,com.calculos.laborales,60,1k-5k,CogniCrypt,Utilities,OkHttp
First parameter was not properly generated as generatedKeyManagers,False,okhttp3/OkHttpClient.java,com.calculos.laborales,60,1k-5k,CogniCrypt,Utilities,OkHttp
Second parameter was not properly generated as generatedTrustManagers,False,okhttp3/OkHttpClient.java,com.calculos.laborales,60,1k-5k,CogniCrypt,Utilities,OkHttp
"Constraint ""algorithm in {SHA-256, SHA-384, SHA-512}"" on object $r7 is violated due to the following reason:\n|- First parameter ""varReplacer3597"" with value ""MD5"" should be any of {SHA-256, SHA-384, SHA-512} (extracted @ varReplacer3597 = ""MD5"" @ line 4)",True,com/google/android/gms/internal/ads/zzbyt.java,com.calculos.laborales,60,1k-5k,CogniCrypt,Utilities,Guava
"Constraint ""protocol in {TLSv1.2, TLSv1.3}"" on object $r2 is violated due to the following reason:\n|- First parameter ""varReplacer6361"" with value ""TLS"" should be any of {TLSv1.2, TLSv1.3} (extracted @ varReplacer6361 = ""TLS"" @ line 91)",True,okhttp3/internal/platform/ConscryptPlatform.java,com.calculos.laborales,60,1k-5k,CogniCrypt,Utilities,OkHttp
"Constraint ""algorithm in {SHA-256, SHA-384, SHA-512}"" on object $r2 is violated due to the following reason:\n|- First parameter ""varReplacer25798"" with value ""SHA-1"" should be any of {SHA-256, SHA-384, SHA-512} (extracted @ varReplacer25798 = ""SHA-1"" @ line 615)",True,com/applovin/impl/sdk/utils/r.java,com.callhistory.contacts.calllog,86,500k-1M,CogniCrypt,others,unknown
"Constraint ""algorithm in {SHA-256, SHA-384, SHA-512}"" on object $r6 is violated due to the following reason:\n|- First parameter ""$r0"" with value ""MD5"" should be any of {SHA-256, SHA-384, SHA-512} (extracted @ varReplacer12946 = ""MD5"" @ line 3)",True,com/google/android/gms/internal/ads/zzbzm.java,com.callhistory.contacts.calllog,86,500k-1M,CogniCrypt,Utilities,Gson
"Constraint ""algorithm in {SHA-256, SHA-384, SHA-512}"" on object $r7 is violated due to the following reason:\n|- First parameter ""varReplacer12969"" with value ""MD5"" should be any of {SHA-256, SHA-384, SHA-512} (extracted @ varReplacer12969 = ""MD5"" @ line 4)",True,com/google/android/gms/internal/ads/zzbzm.java,com.callhistory.contacts.calllog,86,500k-1M,CogniCrypt,Utilities,Gson
"Constraint ""algorithm in {SHA-256, SHA-384, SHA-512}"" on object $r7 is violated due to the following reason:\n|- First parameter ""varReplacer26239"" with value ""SHA1"" should be any of {SHA-256, SHA-384, SHA-512} (extracted @ varReplacer26239 = ""SHA1"" @ line 78)",True,com/adcolony/sdk/z0.java,com.callhistory.contacts.calllog,86,500k-1M,CogniCrypt,others,unknown
"Constraint ""algorithm in {SHA-256, SHA-384, SHA-512}"" on object $r2 is violated due to the following reason:\n|- First parameter ""varReplacer7440"" with value ""SHA-1"" should be any of {SHA-256, SHA-384, SHA-512} (extracted @ varReplacer7440 = ""SHA-1"" @ line 270)",True,com/applovin/impl/sdk/utils/StringUtils.java,com.callhistory.contacts.calllog,86,500k-1M,CogniCrypt,others,unknown
"Constraint ""algorithm in {SHA-256, SHA-384, SHA-512}"" on object $r1 is violated due to the following reason:\n|- First parameter ""varReplacer10648"" with value ""MD5"" should be any of {SHA-256, SHA-384, SHA-512} (extracted @ varReplacer10648 = ""MD5"" @ line 300)",True,com/facebook/appevents/AppEvent.java,com.callhistory.contacts.calllog,86,500k-1M,CogniCrypt,SocialMedia,Facebook-Sharing
"Constraint ""algorithm in {SHA-256, SHA-384, SHA-512}"" on object $r1 is violated due to the following reason:\n|- First parameter ""varReplacer23575"" with value ""SHA-1"" should be any of {SHA-256, SHA-384, SHA-512} (extracted @ varReplacer23575 = ""SHA-1"" @ line 13)",True,com/adcolony/sdk/d1.java,com.callhistory.contacts.calllog,86,500k-1M,CogniCrypt,others,unknown
"Constraint ""algorithm in {SHA-256, SHA-384, SHA-512}"" on object $r10 is violated due to the following reason:\n|- First parameter ""varReplacer15964"" with value ""SHA"" should be any of {SHA-256, SHA-384, SHA-512} (extracted @ varReplacer15964 = ""SHA"" @ line 107)",True,com/callhistory/contacts/LoginActivity.java,com.callhistory.contacts.calllog,86,500k-1M,CogniCrypt,developer_written,not_applicable
Second parameter was not properly generated as generatedTrustManagers,True,com/yandex/mobile/ads/impl/vy0.java,com.charging.fun,119,1M-5M,CogniCrypt,others,unknown
Third parameter was not properly generated as randomized,False,ki/h.java,com.charging.fun,119,1M-5M,CogniCrypt,others,unknown
Third parameter was not properly generated as randomized,False,ki/h.java,com.charging.fun,119,1M-5M,CogniCrypt,others,unknown
Second parameter was not properly generated as generatedTrustManagers,True,ki/h.java,com.charging.fun,119,1M-5M,CogniCrypt,others,unknown
Second parameter was not properly generated as generatedTrustManagers,True,ki/h.java,com.charging.fun,119,1M-5M,CogniCrypt,others,unknown
Second parameter was not properly generated as generatedTrustManagers,True,ki/h.java,com.charging.fun,119,1M-5M,CogniCrypt,others,unknown
First parameter was not properly generated as generatedKeyManagers,False,com/zipoapps/premiumhelper/toto/TotoService.java,com.charging.fun,119,1M-5M,CogniCrypt,Android,androidx.multidex::multidex-instrumentation
First parameter was not properly generated as generatedKeyStore,False,ki/h.java,com.charging.fun,119,1M-5M,CogniCrypt,others,unknown
Third parameter was not properly generated as randomized,False,com/zipoapps/premiumhelper/toto/TotoService.java,com.charging.fun,119,1M-5M,CogniCrypt,Android,androidx.multidex::multidex-instrumentation
Second parameter was not properly generated as generatedTrustManagers,False,com/zipoapps/premiumhelper/toto/TotoService.java,com.charging.fun,119,1M-5M,CogniCrypt,Android,androidx.multidex::multidex-instrumentation
First parameter was not properly generated as generatedKeyStore,False,com/zipoapps/premiumhelper/toto/TotoService.java,com.charging.fun,119,1M-5M,CogniCrypt,Android,androidx.multidex::multidex-instrumentation
"Constraint ""algorithm in {SHA-256, SHA-384, SHA-512}"" on object $r1 is violated due to the following reason:\n|- First parameter ""varReplacer28636"" with value ""SHA-1"" should be any of {SHA-256, SHA-384, SHA-512} (extracted @ varReplacer28636 = ""SHA-1"" @ line 7)",True,com/zipoapps/premiumhelper/util/i0.java,com.charging.fun,119,1M-5M,CogniCrypt,Android,androidx.multidex::multidex-instrumentation
First parameter was not properly generated as generatedKeyStore,True,com/yandex/mobile/ads/impl/n81.java,com.charging.fun,119,1M-5M,CogniCrypt,others,unknown
"Constraint ""protocol in {TLSv1.2, TLSv1.3}"" on object $r1 is violated due to the following reason:\n|- First parameter ""varReplacer27637"" with value ""TLS"" should be any of {TLSv1.2, TLSv1.3} (extracted @ varReplacer27637 = ""TLS"" @ line 2)",True,ki/h.java,com.charging.fun,119,1M-5M,CogniCrypt,others,unknown
First parameter was not properly generated as generatedKeyManagers,False,ki/h.java,com.charging.fun,119,1M-5M,CogniCrypt,others,unknown
"Constraint ""protocol in {TLSv1.2, TLSv1.3}"" on object $r1 is violated due to the following reason:\n|- First parameter ""varReplacer35526"" with value ""TLS"" should be any of {TLSv1.2, TLSv1.3} (extracted @ varReplacer35526 = ""TLS"" @ line 2)",True,com/yandex/mobile/ads/impl/vy0.java,com.charging.fun,119,1M-5M,CogniCrypt,others,unknown
Third parameter was not properly generated as randomized,False,ki/h.java,com.charging.fun,119,1M-5M,CogniCrypt,others,unknown
Third parameter was not properly generated as randomized,False,ki/d.java,com.charging.fun,119,1M-5M,CogniCrypt,others,unknown
First parameter was not properly generated as generatedKeyManagers,False,ki/d.java,com.charging.fun,119,1M-5M,CogniCrypt,others,unknown
Second parameter was not properly generated as generatedTrustManagers,True,ki/d.java,com.charging.fun,119,1M-5M,CogniCrypt,others,unknown
"Constraint ""protocol in {TLSv1.2, TLSv1.3}"" on object $r1 is violated due to the following reason:\n|- First parameter ""varReplacer27639"" with value ""TLS"" should be any of {TLSv1.2, TLSv1.3} (extracted @ varReplacer27639 = ""TLS"" @ line 2)",True,ki/c.java,com.charging.fun,119,1M-5M,CogniCrypt,others,unknown
First parameter was not properly generated as generatedKeyStore,False,ki/c.java,com.charging.fun,119,1M-5M,CogniCrypt,others,unknown
"Constraint ""algorithm in {SHA-256, SHA-384, SHA-512}"" on object $r2 is violated due to the following reason:\n|- First parameter ""varReplacer10046"" with value ""SHA-1"" should be any of {SHA-256, SHA-384, SHA-512} (extracted @ varReplacer10046 = ""SHA-1"" @ line 11)",True,com/applovin/impl/sdk/utils/StringUtils.java,com.charging.fun,119,1M-5M,CogniCrypt,others,unknown
"Constraint ""algorithm in {SHA-256, SHA-384, SHA-512}"" on object $r1 is violated due to the following reason:\n|- First parameter ""varReplacer29536"" with value ""MD5"" should be any of {SHA-256, SHA-384, SHA-512} (extracted @ varReplacer29536 = ""MD5"" @ line 1)",True,com/yandex/metrica/impl/ob/ym.java,com.charging.fun,119,1M-5M,CogniCrypt,others,unknown
"Constraint ""algorithm in {SHA-256, SHA-384, SHA-512}"" on object $r14 is violated due to the following reason:\n|- First parameter ""varReplacer39523"" with value ""SHA1"" should be any of {SHA-256, SHA-384, SHA-512} (extracted @ varReplacer39523 = ""SHA1"" @ line 81)",True,com/yandex/metrica/impl/ob/P.java,com.charging.fun,119,1M-5M,CogniCrypt,others,unknown
"Constraint ""algorithm in {SHA-256, SHA-384, SHA-512}"" on object $r2 is violated due to the following reason:\n|- First parameter ""varReplacer38068"" with value ""SHA-1"" should be any of {SHA-256, SHA-384, SHA-512} (extracted @ varReplacer38068 = ""SHA-1"" @ line 144)",True,com/applovin/impl/sdk/utils/r.java,com.charging.fun,119,1M-5M,CogniCrypt,others,unknown
Second parameter was not properly generated as generatedTrustManagers,False,com/yandex/mobile/ads/impl/is0$a.java,com.charging.fun,119,1M-5M,CogniCrypt,others,unknown
Third parameter was not properly generated as randomized,False,com/yandex/mobile/ads/impl/is0$a.java,com.charging.fun,119,1M-5M,CogniCrypt,others,unknown
"Constraint ""protocol in {TLSv1.2, TLSv1.3}"" on object $r1 is violated due to the following reason:\n|- First parameter ""varReplacer35500"" with value ""TLSv1"" should be any of {TLSv1.2, TLSv1.3} (extracted @ varReplacer35500 = ""TLSv1"" @ line 7)",True,com/yandex/mobile/ads/impl/is0$a.java,com.charging.fun,119,1M-5M,CogniCrypt,others,unknown
Third parameter was not properly generated as randomized,False,com/yandex/mobile/ads/impl/vy0.java,com.charging.fun,119,1M-5M,CogniCrypt,others,unknown
First parameter was not properly generated as generatedKeyManagers,False,com/yandex/mobile/ads/impl/vy0.java,com.charging.fun,119,1M-5M,CogniCrypt,others,unknown
First parameter was not properly generated as generatedKeyManagers,False,ki/h.java,com.charging.fun,119,1M-5M,CogniCrypt,others,unknown
"Constraint ""protocol in {TLSv1.2, TLSv1.3}"" on object $r1 is violated due to the following reason:\n|- First parameter ""varReplacer27635"" with value ""TLS"" should be any of {TLSv1.2, TLSv1.3} (extracted @ varReplacer27635 = ""TLS"" @ line 2)",True,ki/d.java,com.charging.fun,119,1M-5M,CogniCrypt,others,unknown
"Constraint ""algorithm in {SHA-256, SHA-384, SHA-512}"" on object $r12 is violated due to the following reason:\n|- First parameter ""varReplacer29054"" with value ""MD5"" should be any of {SHA-256, SHA-384, SHA-512} (extracted @ varReplacer29054 = ""MD5"" @ line 60)",True,com/yandex/metrica/impl/ob/um.java,com.charging.fun,119,1M-5M,CogniCrypt,others,unknown
First parameter was not properly generated as generatedKeyManagers,False,com/yandex/mobile/ads/impl/is0$a.java,com.charging.fun,119,1M-5M,CogniCrypt,others,unknown
First parameter was not properly generated as generatedKeyStore,False,com/yandex/mobile/ads/impl/qq0.java,com.charging.fun,119,1M-5M,CogniCrypt,others,unknown
First parameter was not properly generated as generatedKeyStore,False,ki/d.java,com.charging.fun,119,1M-5M,CogniCrypt,others,unknown
First parameter was not properly generated as generatedKeyStore,False,ki/g.java,com.charging.fun,119,1M-5M,CogniCrypt,others,unknown
Second parameter was not properly generated as generatedTrustManagers,True,ki/h.java,com.charging.fun,119,1M-5M,CogniCrypt,others,unknown
"Constraint ""protocol in {TLSv1.2, TLSv1.3}"" on object $r1 is violated due to the following reason:\n|- First parameter ""varReplacer36143"" with value ""TLS"" should be any of {TLSv1.2, TLSv1.3} (extracted @ varReplacer36143 = ""TLS"" @ line 1)",True,com/yandex/mobile/ads/impl/qq0.java,com.charging.fun,119,1M-5M,CogniCrypt,others,unknown
First parameter was not properly generated as generatedKeyManagers,False,com/yandex/mobile/ads/impl/qq0.java,com.charging.fun,119,1M-5M,CogniCrypt,others,unknown
Second parameter was not properly generated as generatedTrustManagers,True,com/yandex/mobile/ads/impl/qq0.java,com.charging.fun,119,1M-5M,CogniCrypt,others,unknown
First parameter was not properly generated as generatedKeyStore,False,com/yandex/mobile/ads/impl/l81.java,com.charging.fun,119,1M-5M,CogniCrypt,others,unknown
First parameter was not properly generated as generatedKeyManagers,False,ki/h.java,com.charging.fun,119,1M-5M,CogniCrypt,others,unknown
Third parameter was not properly generated as randomized,False,com/yandex/mobile/ads/impl/qq0.java,com.charging.fun,119,1M-5M,CogniCrypt,others,unknown
First parameter was not properly generated as generatedKeyManagers,False,ki/h.java,com.charging.fun,119,1M-5M,CogniCrypt,others,unknown
Third parameter was not properly generated as randomized,False,ki/h.java,com.charging.fun,119,1M-5M,CogniCrypt,others,unknown
"Constraint ""type in {JCEKS, JKS, DKS, PKCS11, PKCS12}"" on object $r0 is violated due to the following reason:\n|- First parameter ""varReplacer109028"" with value ""AndroidKeyStore"" should be any of {JCEKS, JKS, DKS, PKCS11, PKCS12} (extracted @ varReplacer109028 = ""AndroidKeyStore"" @ line -1)",False,GC0/É.java,com.chase.sig.android,464474918,>5M,CogniCrypt,Android,comgoogleandroidgmsplayservicesgcm
Return value was not properly generated as generatedPrivkey,True,com/chase/dmf/android/jpsecurity/crypto/cryptomanager/Á.java,com.chase.sig.android,464474918,>5M,CogniCrypt,Android,androidx.multidex::multidex-instrumentation
First parameter was not properly generated as speccedKey,True,com/chase/dmf/android/jpsecurity/crypto/cryptomanager/Á.java,com.chase.sig.android,464474918,>5M,CogniCrypt,Android,androidx.multidex::multidex-instrumentation
First parameter was not properly generated as preparedKeyMaterial,True,com/chase/dmf/android/jpsecurity/crypto/cryptomanager/Á.java,com.chase.sig.android,464474918,>5M,CogniCrypt,Android,androidx.multidex::multidex-instrumentation
Second parameter parameter was not properly generated as generatedKey OR generatedPubkey OR generatedPrivkey,True,com/chase/dmf/android/jpsecurity/crypto/cryptomanager/Á.java,com.chase.sig.android,464474918,>5M,CogniCrypt,Android,androidx.multidex::multidex-instrumentation
"Constraint ""algorithm in {SHA-256, SHA-384, SHA-512}"" on object $r1 is violated due to the following reason:\n|- First parameter ""varReplacer6938"" with value ""MD5"" should be any of {SHA-256, SHA-384, SHA-512} (extracted @ varReplacer6938 = ""MD5"" @ line 281)",True,com/facebook/appevents/AppEvent.java,com.chownow.communitylanes,139,<100,CogniCrypt,SocialMedia,Facebook-Sharing
"Constraint ""algorithm in {SHA-256, SHA-384, SHA-512}"" on object $r1 is violated due to the following reason:\n|- First parameter ""varReplacer11187"" with value ""SHA-1"" should be any of {SHA-256, SHA-384, SHA-512} (extracted @ varReplacer11187 = ""SHA-1"" @ line 8)",True,com/google/android/libraries/places/internal/dh.java,com.chownow.communitylanes,139,<100,CogniCrypt,Android,com.google.android.gms::play-services-gass
First parameter was not properly generated as preparedRSA,False,com/chownow/communitylanes/util/Decoder.java,com.chownow.communitylanes,139,<100,CogniCrypt,developer_written,not_applicable
Second parameter parameter was not properly generated as generatedPrivkey OR generatedPubkey OR generatedKey,False,com/chownow/communitylanes/util/Decoder.java,com.chownow.communitylanes,139,<100,CogniCrypt,developer_written,not_applicable
First parameter was not properly generated as preparedKeyMaterial,False,com/chownow/communitylanes/util/Decoder.java,com.chownow.communitylanes,139,<100,CogniCrypt,developer_written,not_applicable
"Operation on object of type javax.crypto.Cipher not completed. Expected call to one of the methods {doFinal(byte[]), update(byte[], int, int, byte[], int), doFinal(byte[], int, int, byte[], int), doFinal(byte[], int, int, byte[]), update(byte[]), update(byte[], int, int, byte[]), updateAAD(byte[], int, int), update(byte[], int, int), update(java.nio.ByteBuffer, java.nio.ByteBuffer), wrap(java.security.Key), updateAAD(byte[]), updateAAD(java.nio.ByteBuffer), doFinal(byte[], int, int), doFinal(java.nio.ByteBuffer, java.nio.ByteBuffer)}",False,com/chownow/communitylanes/util/Decoder.java,com.chownow.communitylanes,139,<100,CogniCrypt,developer_written,not_applicable
Second parameter was not properly generated as generatedCipher,False,com/chownow/communitylanes/util/Decoder.java,com.chownow.communitylanes,139,<100,CogniCrypt,developer_written,not_applicable
Second parameter parameter was not properly generated as generatedPrivkey OR generatedPubkey OR generatedKey,False,com/chownow/communitylanes/util/Decoder.java,com.chownow.communitylanes,139,<100,CogniCrypt,developer_written,not_applicable
"Constraint ""type in {JCEKS, JKS, DKS, PKCS11, PKCS12}"" on object $r2 is violated due to the following reason:\n|- First parameter ""varReplacer14755"" with value ""AndroidKeyStore"" should be any of {JCEKS, JKS, DKS, PKCS11, PKCS12} (extracted @ varReplacer14755 = ""AndroidKeyStore"" @ line 224)",False,com/chownow/communitylanes/util/Decoder.java,com.chownow.communitylanes,139,<100,CogniCrypt,developer_written,not_applicable
Second parameter parameter was not properly generated as generatedPubkey OR generatedKey OR generatedPrivkey,False,com/chownow/communitylanes/util/Decoder.java,com.chownow.communitylanes,139,<100,CogniCrypt,developer_written,not_applicable
"Operation on object of type javax.crypto.Cipher not completed. Expected call to one of the methods {doFinal(byte[]), update(byte[], int, int, byte[], int), doFinal(byte[], int, int, byte[], int), doFinal(byte[], int, int, byte[]), update(byte[]), update(byte[], int, int, byte[]), updateAAD(byte[], int, int), update(byte[], int, int), update(java.nio.ByteBuffer, java.nio.ByteBuffer), wrap(java.security.Key), updateAAD(byte[]), updateAAD(java.nio.ByteBuffer), doFinal(byte[], int, int), doFinal(java.nio.ByteBuffer, java.nio.ByteBuffer)}",False,com/chownow/communitylanes/util/Decoder.java,com.chownow.communitylanes,139,<100,CogniCrypt,developer_written,not_applicable
"Constraint ""alg(transformation) in {AES} => mode(transformation) in {GCM, CTR, CTS, CFB, OFB}"" on object $r5 is violated due to the following reason:\n|- Constraint ""alg(transformation) in {AES} => mode(transformation) in {GCM, CTR, CTS, CFB, OFB}"" evaluates to <false>:\n\t|- The left side ""alg(transformation) in {AES}"" evaluates to <true>:\n\t\t|- First parameter ""varReplacer15266"" (transformation) with value ""AES/ECB/PKCS7Padding"" satisfies the constraint in class com.chownow.communitylanes.util.Decoder @ $r5 = getInstance(varReplacer15266,varReplacer15267) @ line 309\n\t|- The right side ""mode(transformation) in {GCM, CTR, CTS, CFB, OFB}"" evaluates to <false>:\n\t\t|- First parameter ""varReplacer15266"" (transformation) with value ""AES/ECB/PKCS7Padding"" violates the constraint in class com.chownow.communitylanes.util.Decoder @ $r5 = getInstance(varReplacer15266,varReplacer15267) @ line 309",True,com/chownow/communitylanes/util/Decoder.java,com.chownow.communitylanes,139,<100,CogniCrypt,developer_written,not_applicable
Second parameter was not properly generated as randomized,True,com/chownow/communitylanes/util/Decoder.java,com.chownow.communitylanes,139,<100,CogniCrypt,developer_written,not_applicable
"Operation on object of type javax.crypto.Cipher not completed. Expected call to one of the methods {doFinal(byte[]), update(byte[], int, int, byte[], int), doFinal(byte[], int, int, byte[], int), doFinal(byte[], int, int, byte[]), update(byte[]), update(byte[], int, int, byte[]), updateAAD(byte[], int, int), update(byte[], int, int), update(java.nio.ByteBuffer, java.nio.ByteBuffer), wrap(java.security.Key), updateAAD(byte[]), updateAAD(java.nio.ByteBuffer), doFinal(byte[], int, int), doFinal(java.nio.ByteBuffer, java.nio.ByteBuffer)}",False,com/chownow/communitylanes/util/Decoder.java,com.chownow.communitylanes,139,<100,CogniCrypt,developer_written,not_applicable
"Operation on object of type java.security.KeyStore not completed. Expected call to one of the methods {getKey(java.lang.String, char[])}",False,com/chownow/communitylanes/util/Decoder.java,com.chownow.communitylanes,139,<100,CogniCrypt,developer_written,not_applicable
Second parameter was not properly generated as generatedCipher,False,com/chownow/communitylanes/util/Decoder.java,com.chownow.communitylanes,139,<100,CogniCrypt,developer_written,not_applicable
Second parameter parameter was not properly generated as generatedPrivkey OR generatedKey OR generatedPubkey,False,com/chownow/communitylanes/util/Decoder.java,com.chownow.communitylanes,139,<100,CogniCrypt,developer_written,not_applicable
Third parameter was not properly generated as preparedGCM,True,com/chownow/communitylanes/util/Decoder.java,com.chownow.communitylanes,139,<100,CogniCrypt,developer_written,not_applicable
"Constraint ""algorithm in {SHA-256, SHA-384, SHA-512}"" on object $r2 is violated due to the following reason:\n|- First parameter ""varReplacer19122"" with value ""SHA-1"" should be any of {SHA-256, SHA-384, SHA-512} (extracted @ varReplacer19122 = ""SHA-1"" @ line 105)",True,com/stripe/android/StripeTextUtils.java,com.chownow.communitylanes,139,<100,CogniCrypt,others,unknown
"Constraint ""algorithm in {RSA} => keysize in {4096, 3072}"" on object $r0 is violated due to the following reason:\n|- Constraint ""algorithm in {RSA} => keysize in {4096, 3072}"" evaluates to <false>:\n\t|- The left side ""algorithm in {RSA}"" evaluates to <true>:\n\t\t|- First parameter ""varReplacer14276"" (algorithm) with value ""RSA"" satisfies the constraint in class com.google.android.gms.iid.zzd @ $r0 = getInstance(varReplacer14276) @ line -1\n\t|- The right side ""keysize in {4096, 3072}"" evaluates to <false>:\n\t\t|- First parameter ""varReplacer14277"" (keysize) with value 2048 violates the constraint in class com.google.android.gms.iid.zzd @ $r0.initialize(varReplacer14277) @ line -1",True,com/google/android/gms/iid/zzd.java,com.chownow.communitylanes,139,<100,CogniCrypt,Android,com.google.android.gms::play-services-gass
Second parameter was not properly generated as generatedTrustManagers,False,okhttp3/OkHttpClient.java,com.chownow.communitylanes,139,<100,CogniCrypt,Utilities,OkHttp
Return value was not properly generated as generatedPubkey,False,com/google/android/gms/iid/zzo.java,com.chownow.communitylanes,139,<100,CogniCrypt,Android,com.google.android.gms::play-services-gass
Return value was not properly generated as generatedPrivkey,False,com/google/android/gms/iid/zzo.java,com.chownow.communitylanes,139,<100,CogniCrypt,Android,com.google.android.gms::play-services-gass
Return value was not properly generated as generatedPubkey,False,com/google/android/gms/iid/zzo.java,com.chownow.communitylanes,139,<100,CogniCrypt,Android,com.google.android.gms::play-services-gass
Return value was not properly generated as generatedPrivkey,False,com/google/android/gms/iid/zzo.java,com.chownow.communitylanes,139,<100,CogniCrypt,Android,com.google.android.gms::play-services-gass
First parameter was not properly generated as generatedPubkey,True,com/google/android/gms/iid/zzn.java,com.chownow.communitylanes,139,<100,CogniCrypt,Android,com.google.android.gms::play-services-gass
Second parameter was not properly generated as generatedPrivkey,True,com/google/android/gms/iid/zzn.java,com.chownow.communitylanes,139,<100,CogniCrypt,Android,com.google.android.gms::play-services-gass
"Operation on object of type javax.crypto.Cipher not completed. Expected call to one of the methods {doFinal(byte[]), update(byte[], int, int, byte[], int), doFinal(byte[], int, int, byte[], int), doFinal(byte[], int, int, byte[]), update(byte[]), update(byte[], int, int, byte[]), updateAAD(byte[], int, int), update(byte[], int, int), update(java.nio.ByteBuffer, java.nio.ByteBuffer), wrap(java.security.Key), updateAAD(byte[]), updateAAD(java.nio.ByteBuffer), doFinal(byte[], int, int), doFinal(java.nio.ByteBuffer, java.nio.ByteBuffer)}",False,com/chownow/communitylanes/util/Decoder.java,com.chownow.communitylanes,139,<100,CogniCrypt,developer_written,not_applicable
Return value was not properly generated as generatedPrivkey,True,com/google/android/gms/iid/zzn.java,com.chownow.communitylanes,139,<100,CogniCrypt,Android,com.google.android.gms::play-services-gass
First parameter was not properly generated as generatedKeyStore,False,okhttp3/OkHttpClient.java,com.chownow.communitylanes,139,<100,CogniCrypt,Utilities,OkHttp
First parameter was not properly generated as speccedKey,True,com/google/android/gms/iid/zzn.java,com.chownow.communitylanes,139,<100,CogniCrypt,Android,com.google.android.gms::play-services-gass
Return value was not properly generated as generatedPubkey,True,com/google/android/gms/iid/zzn.java,com.chownow.communitylanes,139,<100,CogniCrypt,Android,com.google.android.gms::play-services-gass
First parameter was not properly generated as preparedKeyMaterial,True,com/google/android/gms/iid/zzn.java,com.chownow.communitylanes,139,<100,CogniCrypt,Android,com.google.android.gms::play-services-gass
"Constraint ""algorithm in {SHA-256, SHA-384, SHA-512}"" on object $r3 is violated due to the following reason:\n|- First parameter ""$r2"" with value ""MD5"" should be any of {SHA-256, SHA-384, SHA-512} (extracted @ varReplacer7251 = ""MD5"" @ line 269)",True,com/facebook/internal/Utility.java,com.chownow.communitylanes,139,<100,CogniCrypt,SocialMedia,Facebook-Sharing
Return value was not properly generated as generatedKeypair,False,com/google/android/gms/iid/zzd.java,com.chownow.communitylanes,139,<100,CogniCrypt,Android,com.google.android.gms::play-services-gass
"Constraint ""algorithm in {SHA-256, SHA-384, SHA-512}"" on object $r4 is violated due to the following reason:\n|- First parameter ""varReplacer14353"" with value ""SHA1"" should be any of {SHA-256, SHA-384, SHA-512} (extracted @ varReplacer14353 = ""SHA1"" @ line -1)",True,com/google/android/gms/iid/InstanceID.java,com.chownow.communitylanes,139,<100,CogniCrypt,Android,com.google.android.gms::play-services-gass
"Constraint ""protocol in {TLSv1.2, TLSv1.3}"" on object $r3 is violated due to the following reason:\n|- First parameter ""varReplacer4029"" with value ""TLS"" should be any of {TLSv1.2, TLSv1.3} (extracted @ varReplacer4029 = ""TLS"" @ line 266)",True,okhttp3/OkHttpClient.java,com.chownow.communitylanes,139,<100,CogniCrypt,Utilities,OkHttp
Third parameter was not properly generated as randomized,False,okhttp3/OkHttpClient.java,com.chownow.communitylanes,139,<100,CogniCrypt,Utilities,OkHttp
First parameter was not properly generated as generatedKeyManagers,False,okhttp3/OkHttpClient.java,com.chownow.communitylanes,139,<100,CogniCrypt,Utilities,OkHttp
First parameter was not properly generated as speccedKey,True,com/google/android/gms/iid/zzn.java,com.chownow.communitylanes,139,<100,CogniCrypt,Android,com.google.android.gms::play-services-gass
"Operation on object of type java.security.KeyStore not completed. Expected call to one of the methods {getKey(java.lang.String, char[])}",False,com/chownow/communitylanes/util/Decoder.java,com.chownow.communitylanes,139,<100,CogniCrypt,developer_written,not_applicable
Return value was not properly generated as generatedPrivkey,False,com/google/android/gms/iid/zzo.java,com.chownow.communitylanes,139,<100,CogniCrypt,Android,com.google.android.gms::play-services-gass
"Constraint ""type in {JCEKS, JKS, DKS, PKCS11, PKCS12}"" on object $r2 is violated due to the following reason:\n|- First parameter ""varReplacer14736"" with value ""AndroidKeyStore"" should be any of {JCEKS, JKS, DKS, PKCS11, PKCS12} (extracted @ varReplacer14736 = ""AndroidKeyStore"" @ line 242)",False,com/chownow/communitylanes/util/Decoder.java,com.chownow.communitylanes,139,<100,CogniCrypt,developer_written,not_applicable
Operation on object of type javax.crypto.CipherInputStream not completed. Expected call to one of the methods {close()},True,com/chownow/communitylanes/util/Decoder.java,com.chownow.communitylanes,139,<100,CogniCrypt,developer_written,not_applicable
Return value was not properly generated as generatedPubkey,False,com/google/android/gms/iid/zzo.java,com.chownow.communitylanes,139,<100,CogniCrypt,Android,com.google.android.gms::play-services-gass
First parameter was not properly generated as generatedKeyManagers,True,com/chownow/communitylanes/util/SSLUtil.java,com.chownow.communitylanes,139,<100,CogniCrypt,developer_written,not_applicable
Second parameter was not properly generated as generatedTrustManagers,True,com/chownow/communitylanes/util/SSLUtil.java,com.chownow.communitylanes,139,<100,CogniCrypt,developer_written,not_applicable
"Operation on object of type javax.crypto.Cipher not completed. Expected call to one of the methods {doFinal(byte[]), update(byte[], int, int, byte[], int), doFinal(byte[], int, int, byte[], int), doFinal(byte[], int, int, byte[]), update(byte[]), update(byte[], int, int, byte[]), updateAAD(byte[], int, int), update(byte[], int, int), update(java.nio.ByteBuffer, java.nio.ByteBuffer), wrap(java.security.Key), updateAAD(byte[]), updateAAD(java.nio.ByteBuffer), doFinal(byte[], int, int), doFinal(java.nio.ByteBuffer, java.nio.ByteBuffer)}",False,com/chownow/communitylanes/util/Decoder.java,com.chownow.communitylanes,139,<100,CogniCrypt,developer_written,not_applicable
Second parameter parameter was not properly generated as generatedKey OR generatedPubkey OR generatedPrivkey,True,com/chownow/communitylanes/util/Decoder.java,com.chownow.communitylanes,139,<100,CogniCrypt,developer_written,not_applicable
Second parameter parameter was not properly generated as generatedPubkey OR generatedPrivkey OR generatedKey,True,com/chownow/communitylanes/util/Decoder.java,com.chownow.communitylanes,139,<100,CogniCrypt,developer_written,not_applicable
Second parameter was not properly generated as randomized,True,com/chownow/communitylanes/util/Decoder.java,com.chownow.communitylanes,139,<100,CogniCrypt,developer_written,not_applicable
"Constraint ""protocol in {TLSv1.2, TLSv1.3}"" on object $r1 is violated due to the following reason:\n|- First parameter ""varReplacer12606"" with value ""SSL"" should be any of {TLSv1.2, TLSv1.3} (extracted @ varReplacer12606 = ""SSL"" @ line 33)",True,com/chownow/communitylanes/util/SSLUtil.java,com.chownow.communitylanes,139,<100,CogniCrypt,developer_written,not_applicable
"Constraint ""alg(transformation) in {AES} => mode(transformation) in {GCM, CTR, CTS, CFB, OFB}"" on object $r4 is violated due to the following reason:\n|- Constraint ""alg(transformation) in {AES} => mode(transformation) in {GCM, CTR, CTS, CFB, OFB}"" evaluates to <false>:\n\t|- The left side ""alg(transformation) in {AES}"" evaluates to <true>:\n\t\t|- First parameter ""varReplacer14715"" (transformation) with value ""AES/ECB/PKCS7Padding"" satisfies the constraint in class com.chownow.communitylanes.util.Decoder @ $r4 = getInstance(varReplacer14715,varReplacer14716) @ line 276\n\t|- The right side ""mode(transformation) in {GCM, CTR, CTS, CFB, OFB}"" evaluates to <false>:\n\t\t|- First parameter ""varReplacer14715"" (transformation) with value ""AES/ECB/PKCS7Padding"" violates the constraint in class com.chownow.communitylanes.util.Decoder @ $r4 = getInstance(varReplacer14715,varReplacer14716) @ line 276",True,com/chownow/communitylanes/util/Decoder.java,com.chownow.communitylanes,139,<100,CogniCrypt,developer_written,not_applicable
Third parameter was not properly generated as preparedGCM,True,com/chownow/communitylanes/util/Decoder.java,com.chownow.communitylanes,139,<100,CogniCrypt,developer_written,not_applicable
"Constraint ""type in {JCEKS, JKS, DKS, PKCS11, PKCS12}"" on object $r1 is violated due to the following reason:\n|- First parameter ""varReplacer14731"" with value ""AndroidKeyStore"" should be any of {JCEKS, JKS, DKS, PKCS11, PKCS12} (extracted @ varReplacer14731 = ""AndroidKeyStore"" @ line 95)",False,com/chownow/communitylanes/util/Decoder.java,com.chownow.communitylanes,139,<100,CogniCrypt,developer_written,not_applicable
"Operation on object of type java.security.KeyStore not completed. Expected call to one of the methods {getKey(java.lang.String, char[])}",True,com/chownow/communitylanes/util/Decoder.java,com.chownow.communitylanes,139,<100,CogniCrypt,developer_written,not_applicable
Return value parameter was not properly generated as generatedKey OR generatedPubkey OR generatedPrivkey,False,com/chownow/communitylanes/util/Decoder.java,com.chownow.communitylanes,139,<100,CogniCrypt,developer_written,not_applicable
"Constraint ""type in {JCEKS, JKS, DKS, PKCS11, PKCS12}"" on object $r1 is violated due to the following reason:\n|- First parameter ""varReplacer14727"" with value ""AndroidKeyStore"" should be any of {JCEKS, JKS, DKS, PKCS11, PKCS12} (extracted @ varReplacer14727 = ""AndroidKeyStore"" @ line 184)",False,com/chownow/communitylanes/util/Decoder.java,com.chownow.communitylanes,139,<100,CogniCrypt,developer_written,not_applicable
"Operation on object of type javax.crypto.Cipher not completed. Expected call to one of the methods {doFinal(byte[]), update(byte[], int, int, byte[], int), doFinal(byte[], int, int, byte[], int), doFinal(byte[], int, int, byte[]), update(byte[]), update(byte[], int, int, byte[]), updateAAD(byte[], int, int), update(byte[], int, int), update(java.nio.ByteBuffer, java.nio.ByteBuffer), wrap(java.security.Key), updateAAD(byte[]), updateAAD(java.nio.ByteBuffer), doFinal(byte[], int, int), doFinal(java.nio.ByteBuffer, java.nio.ByteBuffer)}",False,com/chownow/communitylanes/util/Decoder.java,com.chownow.communitylanes,139,<100,CogniCrypt,developer_written,not_applicable
"Constraint ""type in {JCEKS, JKS, DKS, PKCS11, PKCS12}"" on object $r1 is violated due to the following reason:\n|- First parameter ""varReplacer14762"" with value ""AndroidKeyStore"" should be any of {JCEKS, JKS, DKS, PKCS11, PKCS12} (extracted @ varReplacer14762 = ""AndroidKeyStore"" @ line 325)",False,com/chownow/communitylanes/util/Decoder.java,com.chownow.communitylanes,139,<100,CogniCrypt,developer_written,not_applicable
First parameter was not properly generated as generatedKeyManagers,True,okhttp3/internal/platform/Platform.java,com.chownow.howardscharro,140,<100,CogniCrypt,Utilities,OkHttp
First parameter was not properly generated as generatedKeyManagers,True,okhttp3/internal/platform/Platform.java,com.chownow.howardscharro,140,<100,CogniCrypt,Utilities,OkHttp
Third parameter was not properly generated as randomized,False,okhttp3/internal/platform/Platform.java,com.chownow.howardscharro,140,<100,CogniCrypt,Utilities,OkHttp
Third parameter was not properly generated as randomized,False,okhttp3/internal/platform/Platform.java,com.chownow.howardscharro,140,<100,CogniCrypt,Utilities,OkHttp
"Constraint ""protocol in {TLSv1.2, TLSv1.3}"" on object $r1 is violated due to the following reason:\n|- First parameter ""varReplacer11587"" with value ""TLS"" should be any of {TLSv1.2, TLSv1.3} (extracted @ varReplacer11587 = ""TLS"" @ line 75)",True,okhttp3/internal/platform/Platform.java,com.chownow.howardscharro,140,<100,CogniCrypt,Utilities,OkHttp
Second parameter was not properly generated as generatedTrustManagers,True,okhttp3/internal/platform/Platform.java,com.chownow.howardscharro,140,<100,CogniCrypt,Utilities,OkHttp
First parameter was not properly generated as generatedKeyStore,False,okhttp3/internal/platform/Platform.java,com.chownow.howardscharro,140,<100,CogniCrypt,Utilities,OkHttp
First parameter was not properly generated as generatedKeyManagers,True,okhttp3/internal/platform/Platform.java,com.chownow.howardscharro,140,<100,CogniCrypt,Utilities,OkHttp
Second parameter was not properly generated as generatedTrustManagers,True,okhttp3/internal/platform/Platform.java,com.chownow.howardscharro,140,<100,CogniCrypt,Utilities,OkHttp
Second parameter was not properly generated as generatedTrustManagers,True,okhttp3/internal/platform/Platform.java,com.chownow.howardscharro,140,<100,CogniCrypt,Utilities,OkHttp
"Constraint ""algorithm in {SHA-256, SHA-384, SHA-512}"" on object $r7 is violated due to the following reason:\n|- First parameter ""varReplacer5798"" with value ""SHA1"" should be any of {SHA-256, SHA-384, SHA-512} (extracted @ varReplacer5798 = ""SHA1"" @ line 30)",True,com/facebook/internal/security/CertificateUtil.java,com.chownow.howardscharro,140,<100,CogniCrypt,SocialMedia,Facebook-Sharing
Third parameter was not properly generated as randomized,False,okhttp3/internal/platform/Platform.java,com.chownow.howardscharro,140,<100,CogniCrypt,Utilities,OkHttp
Second parameter was not properly generated as generatedTrustManagers,True,okhttp3/internal/platform/Platform.java,com.chownow.howardscharro,140,<100,CogniCrypt,Utilities,OkHttp
First parameter was not properly generated as generatedKeyStore,False,okhttp3/internal/platform/OpenJSSEPlatform.java,com.chownow.howardscharro,140,<100,CogniCrypt,Utilities,OkHttp
"Constraint ""protocol in {TLSv1.2, TLSv1.3}"" on object $r1 is violated due to the following reason:\n|- First parameter ""varReplacer11585"" with value ""TLS"" should be any of {TLSv1.2, TLSv1.3} (extracted @ varReplacer11585 = ""TLS"" @ line 44)",True,okhttp3/internal/platform/ConscryptPlatform.java,com.chownow.howardscharro,140,<100,CogniCrypt,Utilities,OkHttp
First parameter was not properly generated as generatedKeyManagers,True,okhttp3/internal/platform/ConscryptPlatform.java,com.chownow.howardscharro,140,<100,CogniCrypt,Utilities,OkHttp
Third parameter was not properly generated as randomized,False,okhttp3/internal/platform/ConscryptPlatform.java,com.chownow.howardscharro,140,<100,CogniCrypt,Utilities,OkHttp
Second parameter was not properly generated as generatedTrustManagers,True,okhttp3/internal/platform/ConscryptPlatform.java,com.chownow.howardscharro,140,<100,CogniCrypt,Utilities,OkHttp
"Constraint ""protocol in {TLSv1.2, TLSv1.3}"" on object $r1 is violated due to the following reason:\n|- First parameter ""varReplacer11591"" with value ""TLS"" should be any of {TLSv1.2, TLSv1.3} (extracted @ varReplacer11591 = ""TLS"" @ line 38)",True,okhttp3/internal/platform/BouncyCastlePlatform.java,com.chownow.howardscharro,140,<100,CogniCrypt,Utilities,OkHttp
First parameter was not properly generated as generatedKeyStore,False,okhttp3/internal/platform/BouncyCastlePlatform.java,com.chownow.howardscharro,140,<100,CogniCrypt,Utilities,OkHttp
"Constraint ""algorithm in {SHA-256, SHA-384, SHA-512}"" on object $r1 is violated due to the following reason:\n|- First parameter ""varReplacer5815"" with value ""MD5"" should be any of {SHA-256, SHA-384, SHA-512} (extracted @ varReplacer5815 = ""MD5"" @ line 22)",True,com/facebook/appevents/internal/HashUtils.java,com.chownow.howardscharro,140,<100,CogniCrypt,SocialMedia,Facebook-Sharing
"Constraint ""algorithm in {SHA-256, SHA-384, SHA-512}"" on object $r3 is violated due to the following reason:\n|- First parameter ""$r2"" with value ""MD5"" should be any of {SHA-256, SHA-384, SHA-512} (extracted @ varReplacer5724 = ""MD5"" @ line 274)\n|- First parameter ""$r2"" with value ""SHA-1"" should be any of {SHA-256, SHA-384, SHA-512} (extracted @ varReplacer4655 = ""SHA-1"" @ line 282)",True,com/facebook/internal/Utility.java,com.chownow.howardscharro,140,<100,CogniCrypt,SocialMedia,Facebook-Sharing
Third parameter was not properly generated as randomized,False,okhttp3/internal/platform/Platform.java,com.chownow.howardscharro,140,<100,CogniCrypt,Utilities,OkHttp
"Constraint ""algorithm in {SHA-256, SHA-384, SHA-512}"" on object $r1 is violated due to the following reason:\n|- First parameter ""varReplacer5313"" with value ""MD5"" should be any of {SHA-256, SHA-384, SHA-512} (extracted @ varReplacer5313 = ""MD5"" @ line 300)",True,com/facebook/appevents/AppEvent.java,com.chownow.howardscharro,140,<100,CogniCrypt,SocialMedia,Facebook-Sharing
First parameter was not properly generated as generatedKeyManagers,True,okhttp3/internal/platform/Platform.java,com.chownow.howardscharro,140,<100,CogniCrypt,Utilities,OkHttp
First parameter was not properly generated as generatedKeyManagers,False,okhttp3/internal/platform/ConscryptPlatform.java,com.chownow.pizzaparlor,1,<100,CogniCrypt,Utilities,OkHttp
"Constraint ""algorithm in {SHA-256, SHA-384, SHA-512}"" on object $r5 is violated due to the following reason:\n|- First parameter ""varReplacer8140"" with value ""MD5"" should be any of {SHA-256, SHA-384, SHA-512} (extracted @ varReplacer8140 = ""MD5"" @ line 38)",True,com/facebook/appevents/internal/HashUtils.java,com.chownow.pizzaparlor,1,<100,CogniCrypt,SocialMedia,Facebook-Core
First parameter was not properly generated as generatedKeyStore,False,okhttp3/internal/platform/BouncyCastlePlatform.java,com.chownow.pizzaparlor,1,<100,CogniCrypt,Utilities,OkHttp
"Constraint ""protocol in {TLSv1.2, TLSv1.3}"" on object $r1 is violated due to the following reason:\n|- First parameter ""varReplacer12093"" with value ""TLS"" should be any of {TLSv1.2, TLSv1.3} (extracted @ varReplacer12093 = ""TLS"" @ line 38)",True,okhttp3/internal/platform/BouncyCastlePlatform.java,com.chownow.pizzaparlor,1,<100,CogniCrypt,Utilities,OkHttp
"Constraint ""algorithm in {SHA-256, SHA-384, SHA-512}"" on object $r8 is violated due to the following reason:\n|- First parameter ""varReplacer8100"" with value ""SHA1"" should be any of {SHA-256, SHA-384, SHA-512} (extracted @ varReplacer8100 = ""SHA1"" @ line 26)",True,com/facebook/internal/security/CertificateUtil.java,com.chownow.pizzaparlor,1,<100,CogniCrypt,SocialMedia,Facebook-Core
Second parameter was not properly generated as generatedTrustManagers,True,okhttp3/internal/platform/Platform.java,com.chownow.pizzaparlor,1,<100,CogniCrypt,Utilities,OkHttp
Third parameter was not properly generated as randomized,False,okhttp3/internal/platform/ConscryptPlatform.java,com.chownow.pizzaparlor,1,<100,CogniCrypt,Utilities,OkHttp
Second parameter was not properly generated as generatedTrustManagers,True,okhttp3/internal/platform/ConscryptPlatform.java,com.chownow.pizzaparlor,1,<100,CogniCrypt,Utilities,OkHttp
"Constraint ""protocol in {TLSv1.2, TLSv1.3}"" on object $r1 is violated due to the following reason:\n|- First parameter ""varReplacer12087"" with value ""TLS"" should be any of {TLSv1.2, TLSv1.3} (extracted @ varReplacer12087 = ""TLS"" @ line 44)",True,okhttp3/internal/platform/ConscryptPlatform.java,com.chownow.pizzaparlor,1,<100,CogniCrypt,Utilities,OkHttp
First parameter was not properly generated as generatedKeyStore,False,okhttp3/internal/platform/ConscryptPlatform.java,com.chownow.pizzaparlor,1,<100,CogniCrypt,Utilities,OkHttp
First parameter was not properly generated as generatedKeyStore,False,okhttp3/internal/platform/OpenJSSEPlatform.java,com.chownow.pizzaparlor,1,<100,CogniCrypt,Utilities,OkHttp
"Constraint ""algorithm in {SHA-256, SHA-384, SHA-512}"" on object $r4 is violated due to the following reason:\n|- First parameter ""$r3"" with value ""SHA-1"" should be any of {SHA-256, SHA-384, SHA-512} (extracted @ varReplacer6338 = ""SHA-1"" @ line 277)\n|- First parameter ""$r3"" with value ""MD5"" should be any of {SHA-256, SHA-384, SHA-512} (extracted @ varReplacer7688 = ""MD5"" @ line 267)",True,com/facebook/internal/Utility.java,com.chownow.pizzaparlor,1,<100,CogniCrypt,SocialMedia,Facebook-Core
Second parameter was not properly generated as generatedTrustManagers,True,okhttp3/internal/platform/Platform.java,com.chownow.pizzaparlor,1,<100,CogniCrypt,Utilities,OkHttp
Second parameter was not properly generated as generatedTrustManagers,True,okhttp3/internal/platform/Platform.java,com.chownow.pizzaparlor,1,<100,CogniCrypt,Utilities,OkHttp
First parameter was not properly generated as generatedKeyManagers,False,okhttp3/internal/platform/Platform.java,com.chownow.pizzaparlor,1,<100,CogniCrypt,Utilities,OkHttp
Third parameter was not properly generated as randomized,False,okhttp3/internal/platform/Platform.java,com.chownow.pizzaparlor,1,<100,CogniCrypt,Utilities,OkHttp
Third parameter was not properly generated as randomized,False,okhttp3/internal/platform/Platform.java,com.chownow.pizzaparlor,1,<100,CogniCrypt,Utilities,OkHttp
First parameter was not properly generated as generatedKeyManagers,False,okhttp3/internal/platform/Platform.java,com.chownow.pizzaparlor,1,<100,CogniCrypt,Utilities,OkHttp
First parameter was not properly generated as generatedKeyManagers,False,okhttp3/internal/platform/Platform.java,com.chownow.pizzaparlor,1,<100,CogniCrypt,Utilities,OkHttp
First parameter was not properly generated as generatedKeyStore,False,okhttp3/internal/platform/Platform.java,com.chownow.pizzaparlor,1,<100,CogniCrypt,Utilities,OkHttp
Third parameter was not properly generated as randomized,False,okhttp3/internal/platform/Platform.java,com.chownow.pizzaparlor,1,<100,CogniCrypt,Utilities,OkHttp
First parameter was not properly generated as generatedKeyManagers,False,okhttp3/internal/platform/Platform.java,com.chownow.pizzaparlor,1,<100,CogniCrypt,Utilities,OkHttp
Third parameter was not properly generated as randomized,False,okhttp3/internal/platform/Platform.java,com.chownow.pizzaparlor,1,<100,CogniCrypt,Utilities,OkHttp
Second parameter was not properly generated as generatedTrustManagers,True,okhttp3/internal/platform/Platform.java,com.chownow.pizzaparlor,1,<100,CogniCrypt,Utilities,OkHttp
"Constraint ""algorithm in {SHA-256, SHA-384, SHA-512}"" on object $r2 is violated due to the following reason:\n|- First parameter ""varReplacer6495"" with value ""MD5"" should be any of {SHA-256, SHA-384, SHA-512} (extracted @ varReplacer6495 = ""MD5"" @ line 252)",True,com/facebook/appevents/AppEvent$Companion.java,com.chownow.pizzaparlor,1,<100,CogniCrypt,SocialMedia,Facebook-Core
"Constraint ""protocol in {TLSv1.2, TLSv1.3}"" on object $r1 is violated due to the following reason:\n|- First parameter ""varReplacer12089"" with value ""TLS"" should be any of {TLSv1.2, TLSv1.3} (extracted @ varReplacer12089 = ""TLS"" @ line 75)",True,okhttp3/internal/platform/Platform.java,com.chownow.pizzaparlor,1,<100,CogniCrypt,Utilities,OkHttp
Third parameter was not properly generated as randomized,False,cz/msebera/android/httpclient/conn/ssl/SSLContexts.java,com.clavax.fence_alarm,8,<100,CogniCrypt,obfuscated,obfuscated
Second parameter was not properly generated as generatedTrustManagers,False,cz/msebera/android/httpclient/conn/ssl/SSLContexts.java,com.clavax.fence_alarm,8,<100,CogniCrypt,obfuscated,obfuscated
First parameter was not properly generated as generatedKeyManagers,False,cz/msebera/android/httpclient/conn/ssl/SSLContexts.java,com.clavax.fence_alarm,8,<100,CogniCrypt,obfuscated,obfuscated
"Constraint ""protocol in {TLSv1.2, TLSv1.3}"" on object $r0 is violated due to the following reason:\n|- First parameter ""varReplacer895"" with value ""TLS"" should be any of {TLSv1.2, TLSv1.3} (extracted @ varReplacer895 = ""TLS"" @ line 58)",True,cz/msebera/android/httpclient/conn/ssl/SSLContexts.java,com.clavax.fence_alarm,8,<100,CogniCrypt,obfuscated,obfuscated
First parameter was not properly generated as generatedKeyStore,True,cz/msebera/android/httpclient/conn/ssl/SSLContextBuilder.java,com.clogica.smartvideoeditor,18,1M-5M,CogniCrypt,others,unknown
"Constraint ""protocol in {TLSv1.2, TLSv1.3}"" on object $r2 is violated due to the following reason:\n|- First parameter ""$r1"" with value null should be any of {TLSv1.2, TLSv1.3} (extracted @ varReplacer13225 = null @ line -1)\n|- First parameter ""$r1"" with value ""TLS"" should be any of {TLSv1.2, TLSv1.3} (extracted @ $r1 = ""TLS"" @ line -1)",True,cz/msebera/android/httpclient/conn/ssl/SSLContextBuilder.java,com.clogica.smartvideoeditor,18,1M-5M,CogniCrypt,others,unknown
First parameter was not properly generated as generatedKeyManagers,False,cz/msebera/android/httpclient/conn/ssl/SSLContextBuilder.java,com.clogica.smartvideoeditor,18,1M-5M,CogniCrypt,others,unknown
Third parameter was not properly generated as randomized,False,cz/msebera/android/httpclient/conn/ssl/SSLContextBuilder.java,com.clogica.smartvideoeditor,18,1M-5M,CogniCrypt,others,unknown
"Constraint ""protocol in {TLSv1.2, TLSv1.3}"" on object $r0 is violated due to the following reason:\n|- First parameter ""varReplacer13173"" with value ""TLS"" should be any of {TLSv1.2, TLSv1.3} (extracted @ varReplacer13173 = ""TLS"" @ line -1)",True,cz/msebera/android/httpclient/conn/ssl/SSLContexts.java,com.clogica.smartvideoeditor,18,1M-5M,CogniCrypt,others,unknown
Second parameter was not properly generated as generatedTrustManagers,False,cz/msebera/android/httpclient/conn/ssl/SSLContexts.java,com.clogica.smartvideoeditor,18,1M-5M,CogniCrypt,others,unknown
First parameter was not properly generated as generatedKeyManagers,False,cz/msebera/android/httpclient/conn/ssl/SSLContexts.java,com.clogica.smartvideoeditor,18,1M-5M,CogniCrypt,others,unknown
Third parameter was not properly generated as randomized,False,cz/msebera/android/httpclient/conn/ssl/SSLContexts.java,com.clogica.smartvideoeditor,18,1M-5M,CogniCrypt,others,unknown
Second parameter was not properly generated as generatedTrustManagers,False,cz/msebera/android/httpclient/conn/ssl/SSLContextBuilder.java,com.clogica.smartvideoeditor,18,1M-5M,CogniCrypt,others,unknown
Third parameter was not properly generated as randomized,False,com/loopj/android/http/MySSLSocketFactory.java,com.clogica.smartvideoeditor,18,1M-5M,CogniCrypt,others,unknown
"Constraint ""protocol in {TLSv1.2, TLSv1.3}"" on object $r1 is violated due to the following reason:\n|- First parameter ""varReplacer13177"" with value ""TLS"" should be any of {TLSv1.2, TLSv1.3} (extracted @ varReplacer13177 = ""TLS"" @ line -1)",True,com/loopj/android/http/MySSLSocketFactory.java,com.clogica.smartvideoeditor,18,1M-5M,CogniCrypt,others,unknown
Second parameter was not properly generated as generatedTrustManagers,True,com/loopj/android/http/MySSLSocketFactory.java,com.clogica.smartvideoeditor,18,1M-5M,CogniCrypt,others,unknown
"Constraint ""algorithm in {SHA-256, SHA-384, SHA-512}"" on object $r6 is violated due to the following reason:\n|- First parameter ""$r0"" with value ""MD5"" should be any of {SHA-256, SHA-384, SHA-512} (extracted @ varReplacer16986 = ""MD5"" @ line 1)",True,com/google/android/gms/internal/ads/cg0.java,com.clogica.smartvideoeditor,18,1M-5M,CogniCrypt,Utilities,Gson
"Constraint ""algorithm in {SHA-256, SHA-384, SHA-512}"" on object $r7 is violated due to the following reason:\n|- First parameter ""varReplacer14908"" with value ""MD5"" should be any of {SHA-256, SHA-384, SHA-512} (extracted @ varReplacer14908 = ""MD5"" @ line 1)",True,com/google/android/gms/internal/ads/cg0.java,com.clogica.smartvideoeditor,18,1M-5M,CogniCrypt,Utilities,Gson
"Constraint ""algorithm in {SHA-256, SHA-384, SHA-512}"" on object $r5 is violated due to the following reason:\n|- First parameter ""varReplacer13844"" with value ""MD5"" should be any of {SHA-256, SHA-384, SHA-512} (extracted @ varReplacer13844 = ""MD5"" @ line 1)",True,e4/d0.java,com.clogica.smartvideoeditor,18,1M-5M,CogniCrypt,others,unknown
First parameter was not properly generated as generatedKeyManagers,True,com/loopj/android/http/MySSLSocketFactory.java,com.clogica.smartvideoeditor,18,1M-5M,CogniCrypt,others,unknown
"Constraint ""algorithm in {SHA-256, SHA-384, SHA-512}"" on object $r1 is violated due to the following reason:\n|- First parameter ""varReplacer15062"" with value ""SHA-1"" should be any of {SHA-256, SHA-384, SHA-512} (extracted @ varReplacer15062 = ""SHA-1"" @ line 205)",True,com/squareup/okhttp/internal/Util.java,com.cofox.kahunas.TheLabMethod,210,<100,CogniCrypt,Utilities,OkHttp
Third parameter was not properly generated as randomized,False,okhttp3/internal/platform/Platform.java,com.cofox.kahunas.TheLabMethod,210,<100,CogniCrypt,Utilities,OkHttp
First parameter was not properly generated as generatedKeyManagers,False,okhttp3/internal/platform/Platform.java,com.cofox.kahunas.TheLabMethod,210,<100,CogniCrypt,Utilities,OkHttp
"Constraint ""protocol in {TLSv1.2, TLSv1.3}"" on object $r1 is violated due to the following reason:\n|- First parameter ""varReplacer4393"" with value ""TLS"" should be any of {TLSv1.2, TLSv1.3} (extracted @ varReplacer4393 = ""TLS"" @ line 75)",True,okhttp3/internal/platform/Platform.java,com.cofox.kahunas.TheLabMethod,210,<100,CogniCrypt,Utilities,OkHttp
First parameter was not properly generated as generatedKeyStore,False,okhttp3/internal/platform/Platform.java,com.cofox.kahunas.TheLabMethod,210,<100,CogniCrypt,Utilities,OkHttp
First parameter was not properly generated as generatedKeyStore,False,okhttp3/internal/platform/OpenJSSEPlatform.java,com.cofox.kahunas.TheLabMethod,210,<100,CogniCrypt,Utilities,OkHttp
Third parameter was not properly generated as randomized,False,okhttp3/internal/platform/ConscryptPlatform.java,com.cofox.kahunas.TheLabMethod,210,<100,CogniCrypt,Utilities,OkHttp
First parameter was not properly generated as generatedKeyManagers,False,okhttp3/internal/platform/ConscryptPlatform.java,com.cofox.kahunas.TheLabMethod,210,<100,CogniCrypt,Utilities,OkHttp
Second parameter was not properly generated as generatedTrustManagers,True,okhttp3/internal/platform/ConscryptPlatform.java,com.cofox.kahunas.TheLabMethod,210,<100,CogniCrypt,Utilities,OkHttp
Second parameter parameter was not properly generated as generatedKey OR generatedPrivkey OR generatedPubkey,True,com/cofox/kahunas/supportingFiles/template/AESUtils.java,com.cofox.kahunas.TheLabMethod,210,<100,CogniCrypt,developer_written,not_applicable
First parameter was not properly generated as generatedKeyStore,False,okhttp3/internal/platform/ConscryptPlatform.java,com.cofox.kahunas.TheLabMethod,210,<100,CogniCrypt,Utilities,OkHttp
First parameter was not properly generated as preparedKeyMaterial,True,com/cofox/kahunas/supportingFiles/template/AESUtils.java,com.cofox.kahunas.TheLabMethod,210,<100,CogniCrypt,developer_written,not_applicable
"Constraint ""alg(transformation) in {AES} => mode(transformation) in {GCM, CTR, CTS, CFB, OFB}"" on object $r3 is violated due to the following reason:\n|- Constraint ""alg(transformation) in {AES} => mode(transformation) in {GCM, CTR, CTS, CFB, OFB}"" evaluates to <false>:\n\t|- The left side ""alg(transformation) in {AES}"" evaluates to <true>:\n\t\t|- First parameter ""varReplacer12613"" (transformation) with value ""AES"" satisfies the constraint in class com.cofox.kahunas.supportingFiles.template.AESUtils @ $r3 = getInstance(varReplacer12613) @ line 46\n\t|- The right side ""mode(transformation) in {GCM, CTR, CTS, CFB, OFB}"" evaluates to <false>:\n\t\t|- First parameter ""varReplacer12613"" (transformation) with value ""AES"" violates the constraint in class com.cofox.kahunas.supportingFiles.template.AESUtils @ $r3 = getInstance(varReplacer12613) @ line 46",True,com/cofox/kahunas/supportingFiles/template/AESUtils.java,com.cofox.kahunas.TheLabMethod,210,<100,CogniCrypt,developer_written,not_applicable
"Call to getInstance on object of type javax.crypto.Cipher is on a dataflow path with an incomplete operation. Potential missing call to one of the methods {init(int, java.security.Key), init(int, java.security.Key, java.security.spec.AlgorithmParameterSpec, java.security.SecureRandom), init(int, java.security.Key, java.security.spec.AlgorithmParameterSpec), init(int, java.security.Key, java.security.AlgorithmParameters, java.security.SecureRandom), init(int, java.security.cert.Certificate), init(int, java.security.Key, java.security.SecureRandom), init(int, java.security.Key, java.security.AlgorithmParameters), init(int, java.security.cert.Certificate, java.security.SecureRandom)}",False,com/ra/fingerprint_auth/FingerprintManagerV23.java,com.cofox.kahunas.TheLabMethod,210,<100,CogniCrypt,others,unknown
Second parameter parameter was not properly generated as generatedPrivkey OR generatedPubkey OR generatedKey,False,com/ra/fingerprint_auth/FingerprintManagerV23.java,com.cofox.kahunas.TheLabMethod,210,<100,CogniCrypt,others,unknown
"Unexpected call to method ""load"" on object of type java.security.KeyStore. Expected a call to one of the following methods {getKey(java.lang.String, char[]), getEntry(java.lang.String, java.security.KeyStore$ProtectionParameter), setEntry(java.lang.String, java.security.KeyStore$Entry, java.security.KeyStore$ProtectionParameter)}",False,com/ra/fingerprint_auth/FingerprintManagerV23.java,com.cofox.kahunas.TheLabMethod,210,<100,CogniCrypt,others,unknown
"Call to init on object of type javax.crypto.Cipher is on a dataflow path with an incomplete operation. Potential missing call to one of the methods {doFinal(byte[]), update(byte[], int, int, byte[], int), doFinal(byte[], int, int, byte[], int), doFinal(byte[], int, int, byte[]), update(byte[]), update(byte[], int, int, byte[]), updateAAD(byte[], int, int), update(byte[], int, int), update(java.nio.ByteBuffer, java.nio.ByteBuffer), wrap(java.security.Key), updateAAD(byte[]), updateAAD(java.nio.ByteBuffer), doFinal(byte[], int, int), doFinal(java.nio.ByteBuffer, java.nio.ByteBuffer)}",True,com/ra/fingerprint_auth/FingerprintManagerV23.java,com.cofox.kahunas.TheLabMethod,210,<100,CogniCrypt,others,unknown
First parameter was not properly generated as generatedKeyManagers,False,com/squareup/okhttp/OkHttpClient.java,com.cofox.kahunas.TheLabMethod,210,<100,CogniCrypt,Utilities,OkHttp
"Constraint ""protocol in {TLSv1.2, TLSv1.3}"" on object $r1 is violated due to the following reason:\n|- First parameter ""varReplacer4391"" with value ""TLS"" should be any of {TLSv1.2, TLSv1.3} (extracted @ varReplacer4391 = ""TLS"" @ line 43)",True,okhttp3/internal/platform/ConscryptPlatform.java,com.cofox.kahunas.TheLabMethod,210,<100,CogniCrypt,Utilities,OkHttp
"Constraint ""type in {JCEKS, JKS, DKS, PKCS11, PKCS12}"" on object $r1 is violated due to the following reason:\n|- First parameter ""varReplacer13115"" with value ""AndroidKeyStore"" should be any of {JCEKS, JKS, DKS, PKCS11, PKCS12} (extracted @ varReplacer13115 = ""AndroidKeyStore"" @ line 94)",False,com/ra/fingerprint_auth/FingerprintManagerV23.java,com.cofox.kahunas.TheLabMethod,210,<100,CogniCrypt,others,unknown
"Constraint ""alg(transformation) in {AES} => mode(transformation) in {GCM, CTR, CTS, CFB, OFB}"" on object $r3 is violated due to the following reason:\n|- Constraint ""alg(transformation) in {AES} => mode(transformation) in {GCM, CTR, CTS, CFB, OFB}"" evaluates to <false>:\n\t|- The left side ""alg(transformation) in {AES}"" evaluates to <true>:\n\t\t|- First parameter ""varReplacer13099"" (transformation) with value ""AES/CBC/PKCS7Padding"" satisfies the constraint in class com.ra.fingerprint_auth.FingerprintManagerV23 @ $r3 = getInstance(varReplacer13099) @ line 120\n\t|- The right side ""mode(transformation) in {GCM, CTR, CTS, CFB, OFB}"" evaluates to <false>:\n\t\t|- First parameter ""varReplacer13099"" (transformation) with value ""AES/CBC/PKCS7Padding"" violates the constraint in class com.ra.fingerprint_auth.FingerprintManagerV23 @ $r3 = getInstance(varReplacer13099) @ line 120",True,com/ra/fingerprint_auth/FingerprintManagerV23.java,com.cofox.kahunas.TheLabMethod,210,<100,CogniCrypt,others,unknown
"Call to getInstance on object of type javax.crypto.KeyGenerator is on a dataflow path with an incomplete operation. Potential missing call to one of the methods {generateKey(), init(java.security.spec.AlgorithmParameterSpec, java.security.SecureRandom), init(java.security.spec.AlgorithmParameterSpec), init(java.security.SecureRandom), init(int, java.security.SecureRandom), init(int)}",False,com/ra/fingerprint_auth/FingerprintManagerV23.java,com.cofox.kahunas.TheLabMethod,210,<100,CogniCrypt,others,unknown
"Constraint ""protocol in {TLSv1.2, TLSv1.3}"" on object $r1 is violated due to the following reason:\n|- First parameter ""varReplacer4397"" with value ""TLS"" should be any of {TLSv1.2, TLSv1.3} (extracted @ varReplacer4397 = ""TLS"" @ line 38)",True,okhttp3/internal/platform/BouncyCastlePlatform.java,com.cofox.kahunas.TheLabMethod,210,<100,CogniCrypt,Utilities,OkHttp
Third parameter was not properly generated as randomized,False,okhttp3/internal/platform/Platform.java,com.cofox.kahunas.TheLabMethod,210,<100,CogniCrypt,Utilities,OkHttp
Second parameter was not properly generated as generatedTrustManagers,True,okhttp3/internal/platform/Platform.java,com.cofox.kahunas.TheLabMethod,210,<100,CogniCrypt,Utilities,OkHttp
First parameter was not properly generated as generatedKeyManagers,False,okhttp3/internal/platform/Platform.java,com.cofox.kahunas.TheLabMethod,210,<100,CogniCrypt,Utilities,OkHttp
Second parameter was not properly generated as generatedTrustManagers,True,okhttp3/internal/platform/Platform.java,com.cofox.kahunas.TheLabMethod,210,<100,CogniCrypt,Utilities,OkHttp
Second parameter was not properly generated as generatedTrustManagers,True,okhttp3/internal/platform/Platform.java,com.cofox.kahunas.TheLabMethod,210,<100,CogniCrypt,Utilities,OkHttp
First parameter was not properly generated as generatedKeyManagers,False,okhttp3/internal/platform/Platform.java,com.cofox.kahunas.TheLabMethod,210,<100,CogniCrypt,Utilities,OkHttp
Third parameter was not properly generated as randomized,False,okhttp3/internal/platform/Platform.java,com.cofox.kahunas.TheLabMethod,210,<100,CogniCrypt,Utilities,OkHttp
Second parameter was not properly generated as generatedTrustManagers,True,okhttp3/internal/platform/Platform.java,com.cofox.kahunas.TheLabMethod,210,<100,CogniCrypt,Utilities,OkHttp
Third parameter was not properly generated as randomized,False,okhttp3/internal/platform/Platform.java,com.cofox.kahunas.TheLabMethod,210,<100,CogniCrypt,Utilities,OkHttp
First parameter was not properly generated as generatedKeyManagers,False,okhttp3/internal/platform/Platform.java,com.cofox.kahunas.TheLabMethod,210,<100,CogniCrypt,Utilities,OkHttp
"Constraint ""algorithm in {SHA-256, SHA-384, SHA-512}"" on object $r1 is violated due to the following reason:\n|- First parameter ""varReplacer16932"" with value ""SHA-1"" should be any of {SHA-256, SHA-384, SHA-512} (extracted @ varReplacer16932 = ""SHA-1"" @ line 216)",True,com/squareup/okhttp/internal/Util.java,com.cofox.kahunas.TheLabMethod,210,<100,CogniCrypt,Utilities,OkHttp
Second parameter was not properly generated as generatedTrustManagers,False,com/squareup/okhttp/OkHttpClient.java,com.cofox.kahunas.TheLabMethod,210,<100,CogniCrypt,Utilities,OkHttp
"Constraint ""protocol in {TLSv1.2, TLSv1.3}"" on object $r3 is violated due to the following reason:\n|- First parameter ""varReplacer14968"" with value ""TLS"" should be any of {TLSv1.2, TLSv1.3} (extracted @ varReplacer14968 = ""TLS"" @ line 661)",True,com/squareup/okhttp/OkHttpClient.java,com.cofox.kahunas.TheLabMethod,210,<100,CogniCrypt,Utilities,OkHttp
Third parameter was not properly generated as randomized,False,com/squareup/okhttp/OkHttpClient.java,com.cofox.kahunas.TheLabMethod,210,<100,CogniCrypt,Utilities,OkHttp
First parameter was not properly generated as generatedKeyStore,False,okhttp3/internal/platform/BouncyCastlePlatform.java,com.cofox.kahunas.TheLabMethod,210,<100,CogniCrypt,Utilities,OkHttp
Call to init on object of type javax.crypto.KeyGenerator is on a dataflow path with an incomplete operation. Potential missing call to one of the methods {generateKey()},False,com/ra/fingerprint_auth/FingerprintManagerV23.java,com.cofox.kahunas.TheLabMethod,210,<100,CogniCrypt,others,unknown
Return value parameter was not properly generated as generatedKey OR generatedPubkey OR generatedPrivkey,True,com/ra/fingerprint_auth/FingerprintManagerV23.java,com.cofox.kahunas.TheLabMethod,210,<100,CogniCrypt,others,unknown
"Constraint ""algorithm in {SHA-256, SHA-384, SHA-512}"" on object $r1 is violated due to the following reason:\n|- First parameter ""varReplacer24733"" with value ""MD5"" should be any of {SHA-256, SHA-384, SHA-512} (extracted @ varReplacer24733 = ""MD5"" @ line 1)",True,com/yandex/metrica/impl/ob/ym.java,com.compassfree.digitalcompass.forandroid.app,46,>5M,CogniCrypt,others,unknown
First parameter was not properly generated as generatedKeyStore,False,com/zipoapps/premiumhelper/toto/TotoService.java,com.compassfree.digitalcompass.forandroid.app,46,>5M,CogniCrypt,Android,androidx.multidex::multidex-instrumentation
First parameter was not properly generated as generatedKeyManagers,False,P9/d.java,com.compassfree.digitalcompass.forandroid.app,46,>5M,CogniCrypt,others,unknown
Second parameter was not properly generated as generatedTrustManagers,True,P9/d.java,com.compassfree.digitalcompass.forandroid.app,46,>5M,CogniCrypt,others,unknown
First parameter was not properly generated as generatedKeyStore,False,P9/h.java,com.compassfree.digitalcompass.forandroid.app,46,>5M,CogniCrypt,others,unknown
"Constraint ""protocol in {TLSv1.2, TLSv1.3}"" on object $r1 is violated due to the following reason:\n|- First parameter ""varReplacer23217"" with value ""TLS"" should be any of {TLSv1.2, TLSv1.3} (extracted @ varReplacer23217 = ""TLS"" @ line 2)",True,P9/h.java,com.compassfree.digitalcompass.forandroid.app,46,>5M,CogniCrypt,others,unknown
First parameter was not properly generated as generatedKeyManagers,False,P9/h.java,com.compassfree.digitalcompass.forandroid.app,46,>5M,CogniCrypt,others,unknown
Third parameter was not properly generated as randomized,False,P9/h.java,com.compassfree.digitalcompass.forandroid.app,46,>5M,CogniCrypt,others,unknown
Second parameter was not properly generated as generatedTrustManagers,True,P9/h.java,com.compassfree.digitalcompass.forandroid.app,46,>5M,CogniCrypt,others,unknown
Third parameter was not properly generated as randomized,False,P9/h.java,com.compassfree.digitalcompass.forandroid.app,46,>5M,CogniCrypt,others,unknown
First parameter was not properly generated as generatedKeyManagers,False,P9/h.java,com.compassfree.digitalcompass.forandroid.app,46,>5M,CogniCrypt,others,unknown
First parameter was not properly generated as generatedKeyManagers,False,P9/h.java,com.compassfree.digitalcompass.forandroid.app,46,>5M,CogniCrypt,others,unknown
Third parameter was not properly generated as randomized,False,P9/h.java,com.compassfree.digitalcompass.forandroid.app,46,>5M,CogniCrypt,others,unknown
First parameter was not properly generated as generatedKeyManagers,False,P9/h.java,com.compassfree.digitalcompass.forandroid.app,46,>5M,CogniCrypt,others,unknown
Second parameter was not properly generated as generatedTrustManagers,True,P9/h.java,com.compassfree.digitalcompass.forandroid.app,46,>5M,CogniCrypt,others,unknown
Second parameter was not properly generated as generatedTrustManagers,True,P9/h.java,com.compassfree.digitalcompass.forandroid.app,46,>5M,CogniCrypt,others,unknown
Third parameter was not properly generated as randomized,False,P9/h.java,com.compassfree.digitalcompass.forandroid.app,46,>5M,CogniCrypt,others,unknown
Second parameter was not properly generated as generatedTrustManagers,True,P9/h.java,com.compassfree.digitalcompass.forandroid.app,46,>5M,CogniCrypt,others,unknown
"Constraint ""protocol in {TLSv1.2, TLSv1.3}"" on object $r1 is violated due to the following reason:\n|- First parameter ""varReplacer23219"" with value ""TLS"" should be any of {TLSv1.2, TLSv1.3} (extracted @ varReplacer23219 = ""TLS"" @ line 2)",True,P9/c.java,com.compassfree.digitalcompass.forandroid.app,46,>5M,CogniCrypt,others,unknown
"Constraint ""algorithm in {SHA-256, SHA-384, SHA-512}"" on object $r12 is violated due to the following reason:\n|- First parameter ""varReplacer24252"" with value ""MD5"" should be any of {SHA-256, SHA-384, SHA-512} (extracted @ varReplacer24252 = ""MD5"" @ line 60)",True,com/yandex/metrica/impl/ob/um.java,com.compassfree.digitalcompass.forandroid.app,46,>5M,CogniCrypt,others,unknown
First parameter was not properly generated as generatedKeyStore,False,P9/c.java,com.compassfree.digitalcompass.forandroid.app,46,>5M,CogniCrypt,others,unknown
"Constraint ""algorithm in {SHA-256, SHA-384, SHA-512}"" on object $r14 is violated due to the following reason:\n|- First parameter ""varReplacer28839"" with value ""SHA1"" should be any of {SHA-256, SHA-384, SHA-512} (extracted @ varReplacer28839 = ""SHA1"" @ line 83)",True,com/yandex/metrica/impl/ob/P.java,com.compassfree.digitalcompass.forandroid.app,46,>5M,CogniCrypt,others,unknown
"Constraint ""algorithm in {SHA-256, SHA-384, SHA-512}"" on object $r2 is violated due to the following reason:\n|- First parameter ""varReplacer6283"" with value ""SHA-1"" should be any of {SHA-256, SHA-384, SHA-512} (extracted @ varReplacer6283 = ""SHA-1"" @ line 11)",True,com/applovin/impl/sdk/utils/StringUtils.java,com.compassfree.digitalcompass.forandroid.app,46,>5M,CogniCrypt,others,unknown
"Constraint ""algorithm in {SHA-256, SHA-384, SHA-512}"" on object $r2 is violated due to the following reason:\n|- First parameter ""varReplacer28273"" with value ""SHA-1"" should be any of {SHA-256, SHA-384, SHA-512} (extracted @ varReplacer28273 = ""SHA-1"" @ line 145)",True,com/applovin/impl/sdk/utils/r.java,com.compassfree.digitalcompass.forandroid.app,46,>5M,CogniCrypt,others,unknown
Third parameter was not properly generated as randomized,False,com/zipoapps/premiumhelper/toto/TotoService.java,com.compassfree.digitalcompass.forandroid.app,46,>5M,CogniCrypt,Android,androidx.multidex::multidex-instrumentation
Second parameter was not properly generated as generatedTrustManagers,False,com/zipoapps/premiumhelper/toto/TotoService.java,com.compassfree.digitalcompass.forandroid.app,46,>5M,CogniCrypt,Android,androidx.multidex::multidex-instrumentation
Third parameter was not properly generated as randomized,False,P9/d.java,com.compassfree.digitalcompass.forandroid.app,46,>5M,CogniCrypt,others,unknown
"Constraint ""protocol in {TLSv1.2, TLSv1.3}"" on object $r1 is violated due to the following reason:\n|- First parameter ""varReplacer23215"" with value ""TLS"" should be any of {TLSv1.2, TLSv1.3} (extracted @ varReplacer23215 = ""TLS"" @ line 2)",True,P9/d.java,com.compassfree.digitalcompass.forandroid.app,46,>5M,CogniCrypt,others,unknown
First parameter was not properly generated as generatedKeyStore,True,P9/d.java,com.compassfree.digitalcompass.forandroid.app,46,>5M,CogniCrypt,others,unknown
First parameter was not properly generated as generatedKeyStore,False,P9/g.java,com.compassfree.digitalcompass.forandroid.app,46,>5M,CogniCrypt,others,unknown
First parameter was not properly generated as generatedKeyManagers,False,com/zipoapps/premiumhelper/toto/TotoService.java,com.compassfree.digitalcompass.forandroid.app,46,>5M,CogniCrypt,Android,androidx.multidex::multidex-instrumentation
"Constraint ""algorithm in {SHA-256, SHA-384, SHA-512}"" on object $r1 is violated due to the following reason:\n|- First parameter ""varReplacer29487"" with value ""SHA-1"" should be any of {SHA-256, SHA-384, SHA-512} (extracted @ varReplacer29487 = ""SHA-1"" @ line 7)",True,com/zipoapps/premiumhelper/util/F.java,com.compassfree.digitalcompass.forandroid.app,46,>5M,CogniCrypt,Android,androidx.multidex::multidex-instrumentation
Third parameter was not properly generated as randomized,False,com/loopj/android/http/MySSLSocketFactory.java,com.couponapp2.chain.tac15031,6080,1k-5k,CogniCrypt,others,unknown
Second parameter was not properly generated as generatedTrustManagers,False,cz/msebera/android/httpclient/conn/ssl/SSLContexts.java,com.couponapp2.chain.tac15031,6080,1k-5k,CogniCrypt,others,unknown
"Constraint ""protocol in {TLSv1.2, TLSv1.3}"" on object $r0 is violated due to the following reason:\n|- First parameter ""varReplacer2382"" with value ""TLS"" should be any of {TLSv1.2, TLSv1.3} (extracted @ varReplacer2382 = ""TLS"" @ line 54)",True,cz/msebera/android/httpclient/conn/ssl/SSLContexts.java,com.couponapp2.chain.tac15031,6080,1k-5k,CogniCrypt,others,unknown
"Constraint ""protocol in {TLSv1.2, TLSv1.3}"" on object $r2 is violated due to the following reason:\n|- First parameter ""$r1"" with value null should be any of {TLSv1.2, TLSv1.3} (extracted @ varReplacer2418 = null @ line -1)\n|- First parameter ""$r1"" with value ""TLS"" should be any of {TLSv1.2, TLSv1.3} (extracted @ $r1 = ""TLS"" @ line -1)",True,cz/msebera/android/httpclient/conn/ssl/SSLContextBuilder.java,com.couponapp2.chain.tac15031,6080,1k-5k,CogniCrypt,others,unknown
First parameter was not properly generated as generatedKeyManagers,True,cz/msebera/android/httpclient/conn/ssl/SSLContextBuilder.java,com.couponapp2.chain.tac15031,6080,1k-5k,CogniCrypt,others,unknown
Second parameter was not properly generated as generatedTrustManagers,True,cz/msebera/android/httpclient/conn/ssl/SSLContextBuilder.java,com.couponapp2.chain.tac15031,6080,1k-5k,CogniCrypt,others,unknown
Second parameter was not properly generated as generatedTrustManagers,True,com/loopj/android/http/MySSLSocketFactory.java,com.couponapp2.chain.tac15031,6080,1k-5k,CogniCrypt,others,unknown
"Constraint ""protocol in {TLSv1.2, TLSv1.3}"" on object $r1 is violated due to the following reason:\n|- First parameter ""varReplacer2386"" with value ""TLS"" should be any of {TLSv1.2, TLSv1.3} (extracted @ varReplacer2386 = ""TLS"" @ line 71)",True,com/loopj/android/http/MySSLSocketFactory.java,com.couponapp2.chain.tac15031,6080,1k-5k,CogniCrypt,others,unknown
First parameter was not properly generated as generatedKeyStore,False,cz/msebera/android/httpclient/conn/ssl/SSLContextBuilder.java,com.couponapp2.chain.tac15031,6080,1k-5k,CogniCrypt,others,unknown
"Constraint ""algorithm in {SHA-256, SHA-384, SHA-512}"" on object $r1 is violated due to the following reason:\n|- First parameter ""varReplacer2150"" with value ""SHA-1"" should be any of {SHA-256, SHA-384, SHA-512} (extracted @ varReplacer2150 = ""SHA-1"" @ line 30)",True,com/android/volley/InternalUtils.java,com.couponapp2.chain.tac15031,6080,1k-5k,CogniCrypt,Android,com.android.tools::common
Third parameter was not properly generated as randomized,False,cz/msebera/android/httpclient/conn/ssl/SSLContextBuilder.java,com.couponapp2.chain.tac15031,6080,1k-5k,CogniCrypt,others,unknown
First parameter was not properly generated as generatedKeyManagers,False,cz/msebera/android/httpclient/conn/ssl/SSLContexts.java,com.couponapp2.chain.tac15031,6080,1k-5k,CogniCrypt,others,unknown
First parameter was not properly generated as generatedKeyManagers,False,com/loopj/android/http/MySSLSocketFactory.java,com.couponapp2.chain.tac15031,6080,1k-5k,CogniCrypt,others,unknown
Third parameter was not properly generated as randomized,False,cz/msebera/android/httpclient/conn/ssl/SSLContexts.java,com.couponapp2.chain.tac15031,6080,1k-5k,CogniCrypt,others,unknown
Third parameter was not properly generated as randomized,False,com/zoho/livechat/android/messaging/wms/common/websocket/WebSocketQueryV13.java,com.coverforyou.app,25,5k-10k,CogniCrypt,Android,universal-image-loader
First parameter was not properly generated as generatedKeyManagers,False,com/zoho/livechat/android/messaging/wms/common/websocket/WebSocketV13.java,com.coverforyou.app,25,5k-10k,CogniCrypt,Android,universal-image-loader
Second parameter was not properly generated as generatedTrustManagers,False,com/zoho/livechat/android/messaging/wms/common/websocket/WebSocketV13.java,com.coverforyou.app,25,5k-10k,CogniCrypt,Android,universal-image-loader
Second parameter parameter was not properly generated as generatedPrivkey OR generatedPubkey OR generatedKey,False,com/coverforyou/app/ui/main/MainActivity.java,com.coverforyou.app,25,5k-10k,CogniCrypt,Android,androidx.multidex::multidex-instrumentation
"Constraint ""alg(transformation) in {AES} => mode(transformation) in {GCM, CTR, CTS, CFB, OFB}"" on object $r1 is violated due to the following reason:\n|- Constraint ""alg(transformation) in {AES} => mode(transformation) in {GCM, CTR, CTS, CFB, OFB}"" evaluates to <false>:\n\t|- The left side ""alg(transformation) in {AES}"" evaluates to <true>:\n\t\t|- First parameter ""varReplacer3060"" (transformation) with value ""AES/CBC/PKCS7Padding"" satisfies the constraint in class com.coverforyou.app.ui.main.MainActivity @ $r1 = getInstance(varReplacer3060) @ line 277\n\t|- The right side ""mode(transformation) in {GCM, CTR, CTS, CFB, OFB}"" evaluates to <false>:\n\t\t|- First parameter ""varReplacer3060"" (transformation) with value ""AES/CBC/PKCS7Padding"" violates the constraint in class com.coverforyou.app.ui.main.MainActivity @ $r1 = getInstance(varReplacer3060) @ line 277",True,com/coverforyou/app/ui/main/MainActivity.java,com.coverforyou.app,25,5k-10k,CogniCrypt,Android,androidx.multidex::multidex-instrumentation
Return value parameter was not properly generated as generatedPubkey OR generatedPrivkey OR generatedKey,False,com/coverforyou/app/ui/main/MainActivity.java,com.coverforyou.app,25,5k-10k,CogniCrypt,Android,androidx.multidex::multidex-instrumentation
"Constraint ""type in {JCEKS, JKS, DKS, PKCS11, PKCS12}"" on object $r1 is violated due to the following reason:\n|- First parameter ""varReplacer3055"" with value ""AndroidKeyStore"" should be any of {JCEKS, JKS, DKS, PKCS11, PKCS12} (extracted @ varReplacer3055 = ""AndroidKeyStore"" @ line 269)",False,com/coverforyou/app/ui/main/MainActivity.java,com.coverforyou.app,25,5k-10k,CogniCrypt,Android,androidx.multidex::multidex-instrumentation
Third parameter was not properly generated as randomized,False,com/zoho/livechat/android/messaging/wms/common/websocket/WebSocketV13.java,com.coverforyou.app,25,5k-10k,CogniCrypt,Android,universal-image-loader
Second parameter was not properly generated as generatedTrustManagers,False,com/zoho/livechat/android/messaging/wms/common/websocket/WebSocketQueryV13.java,com.coverforyou.app,25,5k-10k,CogniCrypt,Android,universal-image-loader
"Constraint ""protocol in {TLSv1.2, TLSv1.3}"" on object $r0 is violated due to the following reason:\n|- First parameter ""varReplacer1949"" with value ""TLS"" should be any of {TLSv1.2, TLSv1.3} (extracted @ varReplacer1949 = ""TLS"" @ line 50)",True,com/zoho/livechat/android/messaging/wms/common/websocket/WebSocketQueryV13.java,com.coverforyou.app,25,5k-10k,CogniCrypt,Android,universal-image-loader
First parameter was not properly generated as generatedKeyManagers,False,com/zoho/livechat/android/messaging/wms/common/websocket/WebSocketQueryV13.java,com.coverforyou.app,25,5k-10k,CogniCrypt,Android,universal-image-loader
"Constraint ""algorithm in {SHA-256, SHA-384, SHA-512}"" on object $r1 is violated due to the following reason:\n|- First parameter ""varReplacer2431"" with value ""SHA-1"" should be any of {SHA-256, SHA-384, SHA-512} (extracted @ varReplacer2431 = ""SHA-1"" @ line 22)",True,vpadn/aN.java,com.ctappstudio.imdoodle,23,5k-10k,CogniCrypt,others,unknown
"Constraint ""algorithm in {SHA-256, SHA-384, SHA-512}"" on object $r2 is violated due to the following reason:\n|- First parameter ""varReplacer4218"" with value ""MD5"" should be any of {SHA-256, SHA-384, SHA-512} (extracted @ varReplacer4218 = ""MD5"" @ line 1033)",True,vpadn/S.java,com.ctappstudio.imdoodle,23,5k-10k,CogniCrypt,others,unknown
Second parameter was not properly generated as generatedTrustManagers,False,org/apache/http/conn/ssl/SSLContexts.java,com.ctappstudio.imdoodle,23,5k-10k,CogniCrypt,Utilities,mapsforge
"Constraint ""protocol in {TLSv1.2, TLSv1.3}"" on object $r0 is violated due to the following reason:\n|- First parameter ""varReplacer3389"" with value ""TLS"" should be any of {TLSv1.2, TLSv1.3} (extracted @ varReplacer3389 = ""TLS"" @ line 57)",False,org/apache/http/conn/ssl/SSLContexts.java,com.ctappstudio.imdoodle,23,5k-10k,CogniCrypt,Utilities,mapsforge
Third parameter was not properly generated as randomized,False,org/apache/http/conn/ssl/SSLContexts.java,com.ctappstudio.imdoodle,23,5k-10k,CogniCrypt,Utilities,mapsforge
First parameter was not properly generated as generatedKeyManagers,False,org/apache/http/conn/ssl/SSLContexts.java,com.ctappstudio.imdoodle,23,5k-10k,CogniCrypt,Utilities,mapsforge
"Constraint ""algorithm in {SHA-256, SHA-384, SHA-512}"" on object $r6 is violated due to the following reason:\n|- First parameter ""$r0"" with value ""MD5"" should be any of {SHA-256, SHA-384, SHA-512} (extracted @ varReplacer30233 = ""MD5"" @ line -1)",True,com/google/android/gms/internal/ads/zzbzt.java,com.cutestudio.led.color.sms,244,>5M,CogniCrypt,Utilities,Gson
"Constraint ""algorithm in {SHA-256, SHA-384, SHA-512}"" on object $r2 is violated due to the following reason:\n|- First parameter ""varReplacer36578"" with value ""MD5"" should be any of {SHA-256, SHA-384, SHA-512} (extracted @ varReplacer36578 = ""MD5"" @ line -1)",True,com/airbnb/lottie/network/NetworkCache.java,com.cutestudio.led.color.sms,244,>5M,CogniCrypt,others,unknown
Return value was not properly generated as generatedPubkey,False,com/pairip/licensecheck/ResponseValidator.java,com.cutestudio.led.color.sms,244,>5M,CogniCrypt,others,unknown
First parameter was not properly generated as speccedKey,False,com/pairip/licensecheck/ResponseValidator.java,com.cutestudio.led.color.sms,244,>5M,CogniCrypt,others,unknown
First parameter was not properly generated as preparedKeyMaterial,False,com/pairip/licensecheck/ResponseValidator.java,com.cutestudio.led.color.sms,244,>5M,CogniCrypt,others,unknown
First parameter was not properly generated as generatedPubkey,False,com/pairip/licensecheck/ResponseValidator.java,com.cutestudio.led.color.sms,244,>5M,CogniCrypt,others,unknown
"Constraint ""algorithm in {SHA-256, SHA-384, SHA-512}"" on object $r5 is violated due to the following reason:\n|- First parameter ""varReplacer36398"" with value ""MD5"" should be any of {SHA-256, SHA-384, SHA-512} (extracted @ varReplacer36398 = ""MD5"" @ line -1)",True,com/google/android/gms/internal/consent_sdk/zzcn.java,com.cutestudio.led.color.sms,244,>5M,CogniCrypt,Utilities,Gson
"Constraint ""algorithm in {SHA-256, SHA-384, SHA-512}"" on object $r1 is violated due to the following reason:\n|- First parameter ""varReplacer36786"" with value ""SHA256"" should be any of {SHA-256, SHA-384, SHA-512} (extracted @ varReplacer36786 = ""SHA256"" @ line -1)",True,com/google/android/play/core/assetpacks/dq.java,com.cutestudio.led.color.sms,244,>5M,CogniCrypt,Utilities,Gson
"Constraint ""algorithm in {SHA-256, SHA-384, SHA-512}"" on object $r7 is violated due to the following reason:\n|- First parameter ""varReplacer29642"" with value ""MD5"" should be any of {SHA-256, SHA-384, SHA-512} (extracted @ varReplacer29642 = ""MD5"" @ line -1)",True,com/google/android/gms/internal/ads/zzbzt.java,com.cutestudio.led.color.sms,244,>5M,CogniCrypt,Utilities,Gson
First parameter was not properly generated as generatedKeyManagers,False,okhttp3/internal/platform/ConscryptPlatform.java,com.delivery.asiaExpress,245,5k-10k,CogniCrypt,Utilities,OkHttp
"Constraint ""protocol in {TLSv1.2, TLSv1.3}"" on object $r3 is violated due to the following reason:\n|- First parameter ""varReplacer7973"" with value ""TLS"" should be any of {TLSv1.2, TLSv1.3} (extracted @ varReplacer7973 = ""TLS"" @ line 1)",True,okhttp3/internal/platform/ConscryptPlatform.java,com.delivery.asiaExpress,245,5k-10k,CogniCrypt,Utilities,OkHttp
"Constraint ""protocol in {TLSv1.2, TLSv1.3}"" on object $r1 is violated due to the following reason:\n|- First parameter ""varReplacer7999"" with value ""TLS"" should be any of {TLSv1.2, TLSv1.3} (extracted @ varReplacer7999 = ""TLS"" @ line -1)",True,okhttp3/internal/platform/ConscryptPlatform.java,com.delivery.asiaExpress,245,5k-10k,CogniCrypt,Utilities,OkHttp
First parameter was not properly generated as generatedKeyStore,False,okhttp3/internal/platform/Platform.java,com.delivery.asiaExpress,245,5k-10k,CogniCrypt,Utilities,OkHttp
"Constraint ""protocol in {TLSv1.2, TLSv1.3}"" on object $r1 is violated due to the following reason:\n|- First parameter ""varReplacer7997"" with value ""TLS"" should be any of {TLSv1.2, TLSv1.3} (extracted @ varReplacer7997 = ""TLS"" @ line -1)",True,okhttp3/internal/platform/Platform.java,com.delivery.asiaExpress,245,5k-10k,CogniCrypt,Utilities,OkHttp
Third parameter was not properly generated as randomized,False,okhttp3/internal/platform/Platform.java,com.delivery.asiaExpress,245,5k-10k,CogniCrypt,Utilities,OkHttp
Second parameter was not properly generated as generatedTrustManagers,True,okhttp3/internal/platform/Platform.java,com.delivery.asiaExpress,245,5k-10k,CogniCrypt,Utilities,OkHttp
Second parameter was not properly generated as generatedTrustManagers,True,okhttp3/internal/platform/Platform.java,com.delivery.asiaExpress,245,5k-10k,CogniCrypt,Utilities,OkHttp
First parameter was not properly generated as generatedKeyManagers,False,okhttp3/internal/platform/Platform.java,com.delivery.asiaExpress,245,5k-10k,CogniCrypt,Utilities,OkHttp
First parameter was not properly generated as generatedKeyManagers,False,okhttp3/internal/platform/Platform.java,com.delivery.asiaExpress,245,5k-10k,CogniCrypt,Utilities,OkHttp
First parameter was not properly generated as generatedKeyManagers,False,okhttp3/internal/platform/Platform.java,com.delivery.asiaExpress,245,5k-10k,CogniCrypt,Utilities,OkHttp
Third parameter was not properly generated as randomized,False,okhttp3/internal/platform/Platform.java,com.delivery.asiaExpress,245,5k-10k,CogniCrypt,Utilities,OkHttp
Third parameter was not properly generated as randomized,False,okhttp3/internal/platform/Platform.java,com.delivery.asiaExpress,245,5k-10k,CogniCrypt,Utilities,OkHttp
Second parameter was not properly generated as generatedTrustManagers,True,okhttp3/internal/platform/Platform.java,com.delivery.asiaExpress,245,5k-10k,CogniCrypt,Utilities,OkHttp
Third parameter was not properly generated as randomized,False,okhttp3/internal/platform/Platform.java,com.delivery.asiaExpress,245,5k-10k,CogniCrypt,Utilities,OkHttp
First parameter was not properly generated as generatedKeyManagers,False,okhttp3/internal/platform/Platform.java,com.delivery.asiaExpress,245,5k-10k,CogniCrypt,Utilities,OkHttp
"Constraint ""algorithm in {SHA-256, SHA-384, SHA-512}"" on object $r4 is violated due to the following reason:\n|- First parameter ""varReplacer3659"" with value ""MD5"" should be any of {SHA-256, SHA-384, SHA-512} (extracted @ varReplacer3659 = ""MD5"" @ line 1)",True,com/facebook/appevents/AppEvent$Companion.java,com.delivery.asiaExpress,245,5k-10k,CogniCrypt,SocialMedia,Facebook-Core
"Constraint ""protocol in {TLSv1.2, TLSv1.3}"" on object $r1 is violated due to the following reason:\n|- First parameter ""varReplacer8001"" with value ""TLS"" should be any of {TLSv1.2, TLSv1.3} (extracted @ varReplacer8001 = ""TLS"" @ line -1)",True,okhttp3/internal/platform/BouncyCastlePlatform.java,com.delivery.asiaExpress,245,5k-10k,CogniCrypt,Utilities,OkHttp
First parameter was not properly generated as generatedKeyStore,False,okhttp3/internal/platform/BouncyCastlePlatform.java,com.delivery.asiaExpress,245,5k-10k,CogniCrypt,Utilities,OkHttp
"Constraint ""algorithm in {SHA-256, SHA-384, SHA-512}"" on object $r2 is violated due to the following reason:\n|- First parameter ""varReplacer11607"" with value ""SHA1"" should be any of {SHA-256, SHA-384, SHA-512} (extracted @ varReplacer11607 = ""SHA1"" @ line 1)",True,dev/fluttercommunity/plus/packageinfo/PackageInfoPlugin.java,com.delivery.asiaExpress,245,5k-10k,CogniCrypt,Android,comandroidtoolsdevicelib
"Constraint ""algorithm in {SHA-256, SHA-384, SHA-512}"" on object $r2 is violated due to the following reason:\n|- First parameter ""varReplacer12483"" with value ""SHA-1"" should be any of {SHA-256, SHA-384, SHA-512} (extracted @ varReplacer12483 = ""SHA-1"" @ line 2)",True,com/google/firebase/crashlytics/internal/common/CommonUtils.java,com.delivery.asiaExpress,245,5k-10k,CogniCrypt,Utilities,Gson
Third parameter was not properly generated as randomized,False,okhttp3/internal/platform/ConscryptPlatform.java,com.delivery.asiaExpress,245,5k-10k,CogniCrypt,Utilities,OkHttp
Second parameter was not properly generated as generatedTrustManagers,True,okhttp3/internal/platform/Platform.java,com.delivery.asiaExpress,245,5k-10k,CogniCrypt,Utilities,OkHttp
First parameter was not properly generated as generatedKeyStore,False,okhttp3/internal/platform/ConscryptPlatform.java,com.delivery.asiaExpress,245,5k-10k,CogniCrypt,Utilities,OkHttp
Second parameter was not properly generated as generatedTrustManagers,True,okhttp3/internal/platform/ConscryptPlatform.java,com.delivery.asiaExpress,245,5k-10k,CogniCrypt,Utilities,OkHttp
"Constraint ""algorithm in {SHA-256, SHA-384, SHA-512}"" on object $r8 is violated due to the following reason:\n|- First parameter ""varReplacer6192"" with value ""SHA1"" should be any of {SHA-256, SHA-384, SHA-512} (extracted @ varReplacer6192 = ""SHA1"" @ line 2)",True,com/facebook/internal/security/CertificateUtil.java,com.delivery.asiaExpress,245,5k-10k,CogniCrypt,SocialMedia,Facebook-Core
First parameter was not properly generated as generatedKeyStore,False,okhttp3/internal/platform/OpenJSSEPlatform.java,com.delivery.asiaExpress,245,5k-10k,CogniCrypt,Utilities,OkHttp
"Constraint ""algorithm in {SHA-256, SHA-384, SHA-512}"" on object $r1 is violated due to the following reason:\n|- First parameter ""varReplacer6213"" with value ""MD5"" should be any of {SHA-256, SHA-384, SHA-512} (extracted @ varReplacer6213 = ""MD5"" @ line 2)",True,com/facebook/appevents/internal/HashUtils.java,com.delivery.asiaExpress,245,5k-10k,CogniCrypt,SocialMedia,Facebook-Core
"Constraint ""algorithm in {SHA-256, SHA-384, SHA-512}"" on object $r4 is violated due to the following reason:\n|- First parameter ""$r2"" with value ""SHA-1"" should be any of {SHA-256, SHA-384, SHA-512} (extracted @ varReplacer3741 = ""SHA-1"" @ line 9)\n|- First parameter ""$r2"" with value ""MD5"" should be any of {SHA-256, SHA-384, SHA-512} (extracted @ varReplacer3820 = ""MD5"" @ line 16)",False,com/facebook/internal/Utility.java,com.delivery.asiaExpress,245,5k-10k,CogniCrypt,SocialMedia,Facebook-Core
Third parameter was not properly generated as randomized,False,okhttp3/OkHttpClient.java,com.deutschlandradiofm.germanyradio,7,5k-10k,CogniCrypt,Utilities,OkHttp
"Constraint ""algorithm in {SHA-256, SHA-384, SHA-512}"" on object $r6 is violated due to the following reason:\n|- First parameter ""varReplacer994"" with value ""MD5"" should be any of {SHA-256, SHA-384, SHA-512} (extracted @ varReplacer994 = ""MD5"" @ line 1)",True,com/google/ads/consent/ConsentInformation.java,com.deutschlandradiofm.germanyradio,7,5k-10k,CogniCrypt,Utilities,Guava
"Constraint ""protocol in {TLSv1.2, TLSv1.3}"" on object $r2 is violated due to the following reason:\n|- First parameter ""varReplacer5631"" with value ""TLS"" should be any of {TLSv1.2, TLSv1.3} (extracted @ varReplacer5631 = ""TLS"" @ line 1)",True,okhttp3/internal/platform/ConscryptPlatform.java,com.deutschlandradiofm.germanyradio,7,5k-10k,CogniCrypt,Utilities,OkHttp
"Constraint ""algorithm in {SHA-256, SHA-384, SHA-512}"" on object $r7 is violated due to the following reason:\n|- First parameter ""varReplacer3699"" with value ""MD5"" should be any of {SHA-256, SHA-384, SHA-512} (extracted @ varReplacer3699 = ""MD5"" @ line 4)",True,com/google/android/gms/internal/ads/zzazu.java,com.deutschlandradiofm.germanyradio,7,5k-10k,CogniCrypt,Utilities,Guava
"Constraint ""algorithm in {SHA-256, SHA-384, SHA-512}"" on object $r5 is violated due to the following reason:\n|- First parameter ""varReplacer6282"" with value ""MD5"" should be any of {SHA-256, SHA-384, SHA-512} (extracted @ varReplacer6282 = ""MD5"" @ line 1)",True,com/google/android/gms/internal/ads/zzazu.java,com.deutschlandradiofm.germanyradio,7,5k-10k,CogniCrypt,Utilities,Guava
Third parameter was not properly generated as randomized,False,okhttp3/OkHttpClient.java,com.deutschlandradiofm.germanyradio,7,5k-10k,CogniCrypt,Utilities,OkHttp
First parameter was not properly generated as generatedKeyStore,False,okhttp3/OkHttpClient.java,com.deutschlandradiofm.germanyradio,7,5k-10k,CogniCrypt,Utilities,OkHttp
Second parameter was not properly generated as generatedTrustManagers,False,okhttp3/OkHttpClient.java,com.deutschlandradiofm.germanyradio,7,5k-10k,CogniCrypt,Utilities,OkHttp
Second parameter was not properly generated as generatedTrustManagers,False,okhttp3/OkHttpClient.java,com.deutschlandradiofm.germanyradio,7,5k-10k,CogniCrypt,Utilities,OkHttp
First parameter was not properly generated as generatedKeyManagers,False,okhttp3/OkHttpClient.java,com.deutschlandradiofm.germanyradio,7,5k-10k,CogniCrypt,Utilities,OkHttp
"Constraint ""protocol in {TLSv1.2, TLSv1.3}"" on object $r2 is violated due to the following reason:\n|- First parameter ""varReplacer5629"" with value ""TLS"" should be any of {TLSv1.2, TLSv1.3} (extracted @ varReplacer5629 = ""TLS"" @ line 1)",True,okhttp3/internal/platform/Platform.java,com.deutschlandradiofm.germanyradio,7,5k-10k,CogniCrypt,Utilities,OkHttp
First parameter was not properly generated as generatedKeyManagers,False,okhttp3/OkHttpClient.java,com.deutschlandradiofm.germanyradio,7,5k-10k,CogniCrypt,Utilities,OkHttp
Second parameter was not properly generated as generatedTrustManagers,True,okhttp3/OkHttpClient.java,com.dieffetech.eolas,2,<100,CogniCrypt,Utilities,OkHttp
First parameter was not properly generated as generatedKeyManagers,False,okhttp3/OkHttpClient.java,com.dieffetech.eolas,2,<100,CogniCrypt,Utilities,OkHttp
Third parameter was not properly generated as randomized,False,okhttp3/OkHttpClient.java,com.dieffetech.eolas,2,<100,CogniCrypt,Utilities,OkHttp
"Constraint ""protocol in {TLSv1.2, TLSv1.3}"" on object $r3 is violated due to the following reason:\n|- First parameter ""varReplacer3650"" with value ""TLS"" should be any of {TLSv1.2, TLSv1.3} (extracted @ varReplacer3650 = ""TLS"" @ line 445)",True,okhttp3/internal/platform/AndroidPlatform.java,com.dieffetech.eolas,2,<100,CogniCrypt,Utilities,OkHttp
"Constraint ""protocol in {TLSv1.2, TLSv1.3}"" on object $r3 is violated due to the following reason:\n|- First parameter ""varReplacer3647"" with value ""TLS"" should be any of {TLSv1.2, TLSv1.3} (extracted @ varReplacer3647 = ""TLS"" @ line 94)",True,okhttp3/internal/platform/ConscryptPlatform.java,com.dieffetech.eolas,2,<100,CogniCrypt,Utilities,OkHttp
Third parameter was not properly generated as randomized,False,okhttp3/OkHttpClient.java,com.dieffetech.eolas,2,<100,CogniCrypt,Utilities,OkHttp
"Constraint ""protocol in {TLSv1.2, TLSv1.3}"" on object $r4 is violated due to the following reason:\n|- First parameter ""varReplacer3644"" with value ""TLS"" should be any of {TLSv1.2, TLSv1.3} (extracted @ varReplacer3644 = ""TLS"" @ line 274)",True,okhttp3/internal/platform/Platform.java,com.dieffetech.eolas,2,<100,CogniCrypt,Utilities,OkHttp
Second parameter was not properly generated as generatedTrustManagers,True,okhttp3/OkHttpClient.java,com.dieffetech.eolas,2,<100,CogniCrypt,Utilities,OkHttp
First parameter was not properly generated as generatedKeyManagers,False,okhttp3/OkHttpClient.java,com.dieffetech.eolas,2,<100,CogniCrypt,Utilities,OkHttp
First parameter was not properly generated as generatedKeyManagers,False,okhttp3/OkHttpClient.java,com.dieffetech.eolas,2,<100,CogniCrypt,Utilities,OkHttp
Third parameter was not properly generated as randomized,False,okhttp3/OkHttpClient.java,com.dieffetech.eolas,2,<100,CogniCrypt,Utilities,OkHttp
Second parameter was not properly generated as generatedTrustManagers,True,okhttp3/OkHttpClient.java,com.dieffetech.eolas,2,<100,CogniCrypt,Utilities,OkHttp
Third parameter was not properly generated as randomized,False,okhttp3/OkHttpClient.java,com.dieffetech.eolas,2,<100,CogniCrypt,Utilities,OkHttp
Second parameter was not properly generated as generatedTrustManagers,True,okhttp3/OkHttpClient.java,com.dieffetech.eolas,2,<100,CogniCrypt,Utilities,OkHttp
Third parameter was not properly generated as randomized,False,okhttp3/OkHttpClient.java,com.dieffetech.eolas,2,<100,CogniCrypt,Utilities,OkHttp
Second parameter was not properly generated as generatedTrustManagers,True,okhttp3/OkHttpClient.java,com.dieffetech.eolas,2,<100,CogniCrypt,Utilities,OkHttp
First parameter was not properly generated as generatedKeyManagers,False,okhttp3/OkHttpClient.java,com.dieffetech.eolas,2,<100,CogniCrypt,Utilities,OkHttp
First parameter was not properly generated as generatedKeyStore,False,okhttp3/internal/Util.java,com.dieffetech.eolas,2,<100,CogniCrypt,Utilities,OkHttp
Third parameter was not properly generated as randomized,False,okhttp3/OkHttpClient.java,com.dieffetech.eolas,2,<100,CogniCrypt,Utilities,OkHttp
First parameter was not properly generated as generatedKeyManagers,False,okhttp3/OkHttpClient.java,com.dieffetech.eolas,2,<100,CogniCrypt,Utilities,OkHttp
Second parameter was not properly generated as generatedTrustManagers,True,okhttp3/OkHttpClient.java,com.dieffetech.eolas,2,<100,CogniCrypt,Utilities,OkHttp
First parameter was not properly generated as generatedKeyManagers,False,okhttp3/OkHttpClient.java,com.dieffetech.eolas,2,<100,CogniCrypt,Utilities,OkHttp
"Constraint ""algorithm in {SHA-256, SHA-384, SHA-512}"" on object $r1 is violated due to the following reason:\n|- First parameter ""varReplacer2546"" with value ""SHA-1"" should be any of {SHA-256, SHA-384, SHA-512} (extracted @ varReplacer2546 = ""SHA-1"" @ line 1)",True,e2/a.java,com.discipleskies.gpsreset,42,500k-1M,CogniCrypt,obfuscated,obfuscated
"Constraint ""algorithm in {SHA-256, SHA-384, SHA-512}"" on object $r6 is violated due to the following reason:\n|- First parameter ""$r0"" with value ""MD5"" should be any of {SHA-256, SHA-384, SHA-512} (extracted @ varReplacer7970 = ""MD5"" @ line 26)",True,k3/g.java,com.discipleskies.gpsreset,42,500k-1M,CogniCrypt,obfuscated,obfuscated
"Constraint ""algorithm in {SHA-256, SHA-384, SHA-512}"" on object $r7 is violated due to the following reason:\n|- First parameter ""varReplacer2203"" with value ""MD5"" should be any of {SHA-256, SHA-384, SHA-512} (extracted @ varReplacer2203 = ""MD5"" @ line 45)",True,k3/g.java,com.discipleskies.gpsreset,42,500k-1M,CogniCrypt,obfuscated,obfuscated
"Constraint ""algorithm in {SHA-256, SHA-384, SHA-512}"" on object $r2 is violated due to the following reason:\n|- First parameter ""varReplacer2348"" with value ""MD5"" should be any of {SHA-256, SHA-384, SHA-512} (extracted @ varReplacer2348 = ""MD5"" @ line 1)",True,y1/b.java,com.discipleskies.gpsreset,42,500k-1M,CogniCrypt,obfuscated,obfuscated
"Constraint ""algorithm in {SHA-256, SHA-384, SHA-512}"" on object $r5 is violated due to the following reason:\n|- First parameter ""varReplacer11581"" with value ""MD5"" should be any of {SHA-256, SHA-384, SHA-512} (extracted @ varReplacer11581 = ""MD5"" @ line 7)",True,o4/o1.java,com.discipleskies.gpsreset,42,500k-1M,CogniCrypt,obfuscated,obfuscated
"Constraint ""algorithm in {SHA-256, SHA-384, SHA-512}"" on object $r5 is violated due to the following reason:\n|- First parameter ""varReplacer2426"" with value ""MD5"" should be any of {SHA-256, SHA-384, SHA-512} (extracted @ varReplacer2426 = ""MD5"" @ line 1)",True,com/google/android/gms/internal/ads/zzcis.java,com.divy.englishtolithuanian,26,<100,CogniCrypt,Utilities,Guava
"Constraint ""algorithm in {SHA-256, SHA-384, SHA-512}"" on object $r7 is violated due to the following reason:\n|- First parameter ""varReplacer487"" with value ""MD5"" should be any of {SHA-256, SHA-384, SHA-512} (extracted @ varReplacer487 = ""MD5"" @ line 4)",True,com/google/android/gms/internal/ads/zzcis.java,com.divy.englishtolithuanian,26,<100,CogniCrypt,Utilities,Guava
"Constraint ""protocol in {TLSv1.2, TLSv1.3}"" on object $r2 is violated due to the following reason:\n|- First parameter ""varReplacer11139"" with value ""TLS"" should be any of {TLSv1.2, TLSv1.3} (extracted @ varReplacer11139 = ""TLS"" @ line 91)",True,okhttp3/internal/platform/ConscryptPlatform.java,com.dragoma.frko,229,5k-10k,CogniCrypt,Utilities,okhttp
"Constraint ""algorithm in {SHA-256, SHA-384, SHA-512}"" on object $r1 is violated due to the following reason:\n|- First parameter ""varReplacer29279"" with value ""SHA-1"" should be any of {SHA-256, SHA-384, SHA-512} (extracted @ varReplacer29279 = ""SHA-1"" @ line 293)",True,com/applovin/impl/sdk/utils/n.java,com.dragoma.frko,229,5k-10k,CogniCrypt,others,unknown
Third parameter was not properly generated as randomized,False,okhttp3/OkHttpClient.java,com.dragoma.frko,229,5k-10k,CogniCrypt,Utilities,okhttp
Second parameter was not properly generated as generatedTrustManagers,False,okhttp3/OkHttpClient.java,com.dragoma.frko,229,5k-10k,CogniCrypt,Utilities,okhttp
First parameter was not properly generated as generatedKeyManagers,False,okhttp3/OkHttpClient.java,com.dragoma.frko,229,5k-10k,CogniCrypt,Utilities,okhttp
Third parameter was not properly generated as randomized,False,okhttp3/OkHttpClient.java,com.dragoma.frko,229,5k-10k,CogniCrypt,Utilities,okhttp
First parameter was not properly generated as generatedKeyStore,False,okhttp3/OkHttpClient.java,com.dragoma.frko,229,5k-10k,CogniCrypt,Utilities,okhttp
First parameter was not properly generated as generatedKeyManagers,False,com/yahoo/ads/utils/YASAdsSSLSocketFactory$DefaultSSLContextFactory.java,com.dragoma.frko,229,5k-10k,CogniCrypt,others,unknown
"Constraint ""protocol in {TLSv1.2, TLSv1.3}"" on object $r1 is violated due to the following reason:\n|- First parameter ""$r2"" with value ""TLS"" should be any of {TLSv1.2, TLSv1.3} (extracted @ varReplacer20894 = ""TLS"" @ line 157)",False,com/yahoo/ads/utils/YASAdsSSLSocketFactory$DefaultSSLContextFactory.java,com.dragoma.frko,229,5k-10k,CogniCrypt,others,unknown
Third parameter was not properly generated as randomized,False,com/yahoo/ads/utils/YASAdsSSLSocketFactory$DefaultSSLContextFactory.java,com.dragoma.frko,229,5k-10k,CogniCrypt,others,unknown
Second parameter was not properly generated as generatedTrustManagers,False,com/yahoo/ads/utils/YASAdsSSLSocketFactory$DefaultSSLContextFactory.java,com.dragoma.frko,229,5k-10k,CogniCrypt,others,unknown
"Constraint ""algorithm in {SHA-256, SHA-384, SHA-512}"" on object $r2 is violated due to the following reason:\n|- First parameter ""varReplacer8212"" with value ""SHA-1"" should be any of {SHA-256, SHA-384, SHA-512} (extracted @ varReplacer8212 = ""SHA-1"" @ line 259)",True,com/applovin/impl/sdk/utils/StringUtils.java,com.dragoma.frko,229,5k-10k,CogniCrypt,others,unknown
"Constraint ""algorithm in {SHA-256, SHA-384, SHA-512}"" on object $r6 is violated due to the following reason:\n|- First parameter ""$r0"" with value ""MD5"" should be any of {SHA-256, SHA-384, SHA-512} (extracted @ varReplacer13529 = ""MD5"" @ line 3)",True,com/google/android/gms/internal/ads/zzbyt.java,com.dragoma.frko,229,5k-10k,CogniCrypt,Utilities,Guava
"Constraint ""algorithm in {SHA-256, SHA-384, SHA-512}"" on object $r7 is violated due to the following reason:\n|- First parameter ""varReplacer11371"" with value ""MD5"" should be any of {SHA-256, SHA-384, SHA-512} (extracted @ varReplacer11371 = ""MD5"" @ line 4)",True,com/google/android/gms/internal/ads/zzbyt.java,com.dragoma.frko,229,5k-10k,CogniCrypt,Utilities,Guava
First parameter was not properly generated as generatedKeyManagers,False,okhttp3/OkHttpClient.java,com.dragoma.frko,229,5k-10k,CogniCrypt,Utilities,okhttp
Second parameter was not properly generated as generatedTrustManagers,False,okhttp3/OkHttpClient.java,com.dragoma.frko,229,5k-10k,CogniCrypt,Utilities,okhttp
First parameter was not properly generated as generatedPubkey,False,com/dragoma/frko/billing/billing/Security.java,com.dragoma.frko,229,5k-10k,CogniCrypt,developer_written,not_applicable
"Constraint ""protocol in {TLSv1.2, TLSv1.3}"" on object $r2 is violated due to the following reason:\n|- First parameter ""varReplacer11137"" with value ""TLS"" should be any of {TLSv1.2, TLSv1.3} (extracted @ varReplacer11137 = ""TLS"" @ line 269)",True,okhttp3/internal/platform/Platform.java,com.dragoma.frko,229,5k-10k,CogniCrypt,Utilities,okhttp
"Constraint ""algorithm in {SHA256withRSA, SHA256withECDSA, SHA256withDSA, SHA384withRSA, SHA512withRSA, SHA384withECDSA, SHA512withECDSA}"" on object $r7 is violated due to the following reason:\n|- First parameter ""varReplacer23724"" with value ""SHA1withRSA"" should be any of {SHA256withRSA, SHA256withECDSA, SHA256withDSA, SHA384withRSA, SHA512withRSA, SHA384withECDSA, SHA512withECDSA} (extracted @ varReplacer23724 = ""SHA1withRSA"" @ line 118)",True,com/dragoma/frko/billing/billing/Security.java,com.dragoma.frko,229,5k-10k,CogniCrypt,developer_written,not_applicable
First parameter was not properly generated as preparedKeyMaterial,False,com/dragoma/frko/billing/billing/Security.java,com.dragoma.frko,229,5k-10k,CogniCrypt,developer_written,not_applicable
Return value was not properly generated as generatedPubkey,False,com/dragoma/frko/billing/billing/Security.java,com.dragoma.frko,229,5k-10k,CogniCrypt,developer_written,not_applicable
First parameter was not properly generated as speccedKey,False,com/dragoma/frko/billing/billing/Security.java,com.dragoma.frko,229,5k-10k,CogniCrypt,developer_written,not_applicable
"Constraint ""algorithm in {SHA-256, SHA-384, SHA-512}"" on object $r1 is violated due to the following reason:\n|- First parameter ""varReplacer2750"" with value ""MD5"" should be any of {SHA-256, SHA-384, SHA-512} (extracted @ varReplacer2750 = ""MD5"" @ line 265)",True,com/facebook/appevents/AppEvent.java,com.eco.tour,47,5k-10k,CogniCrypt,SocialMedia,Facebook-App-Links
"Constraint ""protocol in {TLSv1.2, TLSv1.3}"" on object $r3 is violated due to the following reason:\n|- First parameter ""varReplacer2354"" with value ""TLS"" should be any of {TLSv1.2, TLSv1.3} (extracted @ varReplacer2354 = ""TLS"" @ line 175)",True,com/common/tools/http/SSLSocketFactory.java,com.eco.tour,47,5k-10k,CogniCrypt,others,unknown
First parameter was not properly generated as generatedKeyManagers,False,com/common/tools/http/SSLSocketFactory.java,com.eco.tour,47,5k-10k,CogniCrypt,others,unknown
Second parameter was not properly generated as generatedTrustManagers,True,com/common/tools/http/SSLSocketFactory.java,com.eco.tour,47,5k-10k,CogniCrypt,others,unknown
Second parameter was not properly generated as generatedTrustManagers,False,Ea/h.java,com.ecs.roboshadow,3601,500k-1M,CogniCrypt,others,unknown
"Constraint ""algorithm in {SHA-256, SHA-384, SHA-512}"" on object $r4 is violated due to the following reason:\n|- First parameter ""varReplacer5955"" with value ""MD5"" should be any of {SHA-256, SHA-384, SHA-512} (extracted @ varReplacer5955 = ""MD5"" @ line 4)",True,j9/c.java,com.ecs.roboshadow,3601,500k-1M,CogniCrypt,others,unknown
Second parameter was not properly generated as generatedTrustManagers,True,na/b.java,com.ecs.roboshadow,3601,500k-1M,CogniCrypt,others,unknown
"Constraint ""protocol in {TLSv1.2, TLSv1.3}"" on object $r5 is violated due to the following reason:\n|- First parameter ""varReplacer9343"" with value ""SSL"" should be any of {TLSv1.2, TLSv1.3} (extracted @ varReplacer9343 = ""SSL"" @ line 13)",True,na/b.java,com.ecs.roboshadow,3601,500k-1M,CogniCrypt,others,unknown
First parameter was not properly generated as generatedKeyManagers,False,na/b.java,com.ecs.roboshadow,3601,500k-1M,CogniCrypt,others,unknown
"Constraint ""algorithm in {SHA-256, SHA-384, SHA-512}"" on object $r1 is violated due to the following reason:\n|- First parameter ""varReplacer13427"" with value ""MD5"" should be any of {SHA-256, SHA-384, SHA-512} (extracted @ varReplacer13427 = ""MD5"" @ line 19)",True,E4/k.java,com.ecs.roboshadow,3601,500k-1M,CogniCrypt,others,unknown
"Constraint ""algorithm in {SHA-256, SHA-384, SHA-512}"" on object $r7 is violated due to the following reason:\n|- First parameter ""varReplacer13401"" with value ""SHA1"" should be any of {SHA-256, SHA-384, SHA-512} (extracted @ varReplacer13401 = ""SHA1"" @ line 28)",True,g7/b.java,com.ecs.roboshadow,3601,500k-1M,CogniCrypt,others,unknown
Third parameter was not properly generated as randomized,False,okhttp3/OkHttpClient.java,com.ecs.roboshadow,3601,500k-1M,CogniCrypt,Utilities,OkHttp
"Constraint ""noCallTo[init(int, java.security.cert.Certificate), init(int, java.security.cert.Certificate, java.security.SecureRandom), init(int, java.security.Key), init(int, java.security.Key, java.security.SecureRandom), init(int, java.security.Key, java.security.spec.AlgorithmParameterSpec), init(int, java.security.Key, java.security.AlgorithmParameters), init(int, java.security.Key, java.security.spec.AlgorithmParameterSpec, java.security.SecureRandom), init(int, java.security.Key, java.security.AlgorithmParameters, java.security.SecureRandom)] => alg(transformation) in {AES, RSA, PBEWithHmacSHA224AndAES_128, PBEWithHmacSHA256AndAES_128, PBEWithHmacSHA384AndAES_128, PBEWithHmacSHA512AndAES_128, PBEWithHmacSHA224AndAES_256, PBEWithHmacSHA256AndAES_256, PBEWithHmacSHA384AndAES_256, PBEWithHmacSHA512AndAES_256}"" on object $r6 is violated due to the following reason:\n|- Constraint ""noCallTo[init(int, java.security.cert.Certificate), init(int, java.security.cert.Certificate, java.security.SecureRandom), init(int, java.security.Key), init(int, java.security.Key, java.security.SecureRandom), init(int, java.security.Key, java.security.spec.AlgorithmParameterSpec), init(int, java.security.Key, java.security.AlgorithmParameters), init(int, java.security.Key, java.security.spec.AlgorithmParameterSpec, java.security.SecureRandom), init(int, java.security.Key, java.security.AlgorithmParameters, java.security.SecureRandom)] => alg(transformation) in {AES, RSA, PBEWithHmacSHA224AndAES_128, PBEWithHmacSHA256AndAES_128, PBEWithHmacSHA384AndAES_128, PBEWithHmacSHA512AndAES_128, PBEWithHmacSHA224AndAES_256, PBEWithHmacSHA256AndAES_256, PBEWithHmacSHA384AndAES_256, PBEWithHmacSHA512AndAES_256}"" evaluates to <false>:\n\t|- The left side ""noCallTo[init(int, java.security.cert.Certificate), init(int, java.security.cert.Certificate, java.security.SecureRandom), init(int, java.security.Key), init(int, java.security.Key, java.security.SecureRandom), init(int, java.security.Key, java.security.spec.AlgorithmParameterSpec), init(int, java.security.Key, java.security.AlgorithmParameters), init(int, java.security.Key, java.security.spec.AlgorithmParameterSpec, java.security.SecureRandom), init(int, java.security.Key, java.security.AlgorithmParameters, java.security.SecureRandom)]"" evaluates to <true>:\n\t\tNo call to init(int, java.security.Key) found\n\t\tNo call to init(int, java.security.Key, java.security.spec.AlgorithmParameterSpec, java.security.SecureRandom) found\n\t\tNo call to init(int, java.security.Key, java.security.spec.AlgorithmParameterSpec) found\n\t\tNo call to init(int, java.security.Key, java.security.AlgorithmParameters, java.security.SecureRandom) found\n\t\tNo call to init(int, java.security.cert.Certificate) found\n\t\tNo call to init(int, java.security.Key, java.security.SecureRandom) found\n\t\tNo call to init(int, java.security.Key, java.security.AlgorithmParameters) found\n\t\tNo call to init(int, java.security.cert.Certificate, java.security.SecureRandom) found\n\t|- The right side ""alg(transformation) in {AES, RSA, PBEWithHmacSHA224AndAES_128, PBEWithHmacSHA256AndAES_128, PBEWithHmacSHA384AndAES_128, PBEWithHmacSHA512AndAES_128, PBEWithHmacSHA224AndAES_256, PBEWithHmacSHA256AndAES_256, PBEWithHmacSHA384AndAES_256, PBEWithHmacSHA512AndAES_256}"" evaluates to <false>:\n\t\t|- First parameter ""varReplacer11223"" (transformation) with value ""RC4"" violates the constraint in class Ob.a @ $r6 = getInstance(varReplacer11223) @ line 12",True,Ob/a.java,com.ecs.roboshadow,3601,500k-1M,CogniCrypt,others,unknown
"Constraint ""algorithm in {SHA-256, SHA-384, SHA-512}"" on object $r3 is violated due to the following reason:\n|- First parameter ""$r1"" with value ""SHA-1"" should be any of {SHA-256, SHA-384, SHA-512} (extracted @ varReplacer7081 = ""SHA-1"" @ line 78)\n|- First parameter ""$r1"" with value ""MD5"" should be any of {SHA-256, SHA-384, SHA-512} (extracted @ varReplacer5979 = ""MD5"" @ line 52)",True,K4/H.java,com.ecs.roboshadow,3601,500k-1M,CogniCrypt,others,unknown
"Constraint ""algorithm in {SHA-256, SHA-384, SHA-512}"" on object $r2 is violated due to the following reason:\n|- First parameter ""varReplacer26084"" with value ""SHA-1"" should be any of {SHA-256, SHA-384, SHA-512} (extracted @ varReplacer26084 = ""SHA-1"" @ line 2)",True,Q7/f.java,com.ecs.roboshadow,3601,500k-1M,CogniCrypt,others,unknown
Third parameter was not properly generated as randomized,False,okhttp3/OkHttpClient.java,com.ecs.roboshadow,3601,500k-1M,CogniCrypt,Utilities,OkHttp
"Constraint ""algorithm in {SHA-256, SHA-384, SHA-512}"" on object $r11 is violated due to the following reason:\n|- First parameter ""varReplacer10134"" with value ""MD4"" should be any of {SHA-256, SHA-384, SHA-512} (extracted @ varReplacer10134 = ""MD4"" @ line 18)",True,H3/f.java,com.ecs.roboshadow,3601,500k-1M,CogniCrypt,others,unknown
"Constraint ""protocol in {TLSv1.2, TLSv1.3}"" on object $r28 is violated due to the following reason:\n|- First parameter ""varReplacer17520"" with value ""TLS"" should be any of {TLSv1.2, TLSv1.3} (extracted @ varReplacer17520 = ""TLS"" @ line 278)",True,Ea/h.java,com.ecs.roboshadow,3601,500k-1M,CogniCrypt,others,unknown
"Operation on object of type javax.crypto.Cipher not completed. Expected call to one of the methods {init(int, java.security.Key), init(int, java.security.Key, java.security.spec.AlgorithmParameterSpec, java.security.SecureRandom), init(int, java.security.Key, java.security.spec.AlgorithmParameterSpec), init(int, java.security.Key, java.security.AlgorithmParameters, java.security.SecureRandom), init(int, java.security.cert.Certificate), init(int, java.security.Key, java.security.SecureRandom), init(int, java.security.Key, java.security.AlgorithmParameters), init(int, java.security.cert.Certificate, java.security.SecureRandom)}",True,Ob/a.java,com.ecs.roboshadow,3601,500k-1M,CogniCrypt,others,unknown
First parameter was not properly generated as generatedKeyStore,False,okhttp3/internal/Util.java,com.ecs.roboshadow,3601,500k-1M,CogniCrypt,Utilities,OkHttp
First parameter was not properly generated as generatedKeyManagers,True,Ea/h.java,com.ecs.roboshadow,3601,500k-1M,CogniCrypt,others,unknown
Third parameter was not properly generated as randomized,False,Ea/h.java,com.ecs.roboshadow,3601,500k-1M,CogniCrypt,others,unknown
"Constraint ""algorithm in {SHA-256, SHA-384, SHA-512}"" on object $r1 is violated due to the following reason:\n|- First parameter ""varReplacer23990"" with value ""MD5"" should be any of {SHA-256, SHA-384, SHA-512} (extracted @ varReplacer23990 = ""MD5"" @ line 3)",True,N3/e.java,com.ecs.roboshadow,3601,500k-1M,CogniCrypt,others,unknown
Second parameter was not properly generated as generatedTrustManagers,False,okhttp3/OkHttpClient.java,com.ecs.roboshadow,3601,500k-1M,CogniCrypt,Utilities,OkHttp
First parameter was not properly generated as generatedKeyManagers,False,okhttp3/OkHttpClient.java,com.ecs.roboshadow,3601,500k-1M,CogniCrypt,Utilities,OkHttp
Second parameter was not properly generated as generatedTrustManagers,False,okhttp3/OkHttpClient.java,com.ecs.roboshadow,3601,500k-1M,CogniCrypt,Utilities,OkHttp
"Constraint ""protocol in {TLSv1.2, TLSv1.3}"" on object $r3 is violated due to the following reason:\n|- First parameter ""varReplacer9846"" with value ""TLS"" should be any of {TLSv1.2, TLSv1.3} (extracted @ varReplacer9846 = ""TLS"" @ line 15)",True,okhttp3/internal/platform/AndroidPlatform.java,com.ecs.roboshadow,3601,500k-1M,CogniCrypt,Utilities,OkHttp
Third parameter was not properly generated as randomized,False,okhttp3/OkHttpClient.java,com.ecs.roboshadow,3601,500k-1M,CogniCrypt,Utilities,OkHttp
"Constraint ""protocol in {TLSv1.2, TLSv1.3}"" on object $r4 is violated due to the following reason:\n|- First parameter ""varReplacer9840"" with value ""TLS"" should be any of {TLSv1.2, TLSv1.3} (extracted @ varReplacer9840 = ""TLS"" @ line 23)",True,okhttp3/internal/platform/Platform.java,com.ecs.roboshadow,3601,500k-1M,CogniCrypt,Utilities,OkHttp
Third parameter was not properly generated as randomized,False,okhttp3/OkHttpClient.java,com.ecs.roboshadow,3601,500k-1M,CogniCrypt,Utilities,OkHttp
"Constraint ""protocol in {TLSv1.2, TLSv1.3}"" on object $r3 is violated due to the following reason:\n|- First parameter ""varReplacer9843"" with value ""TLS"" should be any of {TLSv1.2, TLSv1.3} (extracted @ varReplacer9843 = ""TLS"" @ line 18)",True,okhttp3/internal/platform/ConscryptPlatform.java,com.ecs.roboshadow,3601,500k-1M,CogniCrypt,Utilities,OkHttp
Second parameter was not properly generated as generatedTrustManagers,False,okhttp3/OkHttpClient.java,com.ecs.roboshadow,3601,500k-1M,CogniCrypt,Utilities,OkHttp
First parameter was not properly generated as generatedKeyManagers,False,okhttp3/OkHttpClient.java,com.ecs.roboshadow,3601,500k-1M,CogniCrypt,Utilities,OkHttp
Third parameter was not properly generated as randomized,False,okhttp3/OkHttpClient.java,com.ecs.roboshadow,3601,500k-1M,CogniCrypt,Utilities,OkHttp
First parameter was not properly generated as generatedKeyManagers,False,okhttp3/OkHttpClient.java,com.ecs.roboshadow,3601,500k-1M,CogniCrypt,Utilities,OkHttp
Third parameter was not properly generated as randomized,False,okhttp3/OkHttpClient.java,com.ecs.roboshadow,3601,500k-1M,CogniCrypt,Utilities,OkHttp
First parameter was not properly generated as generatedKeyManagers,False,okhttp3/OkHttpClient.java,com.ecs.roboshadow,3601,500k-1M,CogniCrypt,Utilities,OkHttp
Second parameter was not properly generated as generatedTrustManagers,False,okhttp3/OkHttpClient.java,com.ecs.roboshadow,3601,500k-1M,CogniCrypt,Utilities,OkHttp
Second parameter was not properly generated as generatedTrustManagers,False,okhttp3/OkHttpClient.java,com.ecs.roboshadow,3601,500k-1M,CogniCrypt,Utilities,OkHttp
Second parameter was not properly generated as generatedTrustManagers,False,okhttp3/OkHttpClient.java,com.ecs.roboshadow,3601,500k-1M,CogniCrypt,Utilities,OkHttp
First parameter was not properly generated as generatedKeyManagers,False,okhttp3/OkHttpClient.java,com.ecs.roboshadow,3601,500k-1M,CogniCrypt,Utilities,OkHttp
First parameter was not properly generated as generatedKeyManagers,False,okhttp3/OkHttpClient.java,com.ecs.roboshadow,3601,500k-1M,CogniCrypt,Utilities,OkHttp
"Constraint ""protocol in {TLSv1.2, TLSv1.3}"" on object $r1 is violated due to the following reason:\n|- First parameter ""varReplacer1761"" with value ""TLS"" should be any of {TLSv1.2, TLSv1.3} (extracted @ varReplacer1761 = ""TLS"" @ line 38)",True,okhttp3/internal/platform/BouncyCastlePlatform.java,com.emcan.ahmedsharifapp,15,<100,CogniCrypt,Utilities,OkHttp
First parameter was not properly generated as generatedKeyStore,False,okhttp3/internal/platform/BouncyCastlePlatform.java,com.emcan.ahmedsharifapp,15,<100,CogniCrypt,Utilities,OkHttp
Second parameter was not properly generated as generatedTrustManagers,True,okhttp3/internal/platform/ConscryptPlatform.java,com.emcan.ahmedsharifapp,15,<100,CogniCrypt,Utilities,OkHttp
Third parameter was not properly generated as randomized,False,okhttp3/internal/platform/Platform.java,com.emcan.ahmedsharifapp,15,<100,CogniCrypt,Utilities,OkHttp
Second parameter was not properly generated as generatedTrustManagers,True,okhttp3/internal/platform/Platform.java,com.emcan.ahmedsharifapp,15,<100,CogniCrypt,Utilities,OkHttp
Second parameter was not properly generated as generatedTrustManagers,True,okhttp3/internal/platform/Platform.java,com.emcan.ahmedsharifapp,15,<100,CogniCrypt,Utilities,OkHttp
First parameter was not properly generated as generatedKeyManagers,False,okhttp3/internal/platform/Platform.java,com.emcan.ahmedsharifapp,15,<100,CogniCrypt,Utilities,OkHttp
Third parameter was not properly generated as randomized,False,okhttp3/internal/platform/Platform.java,com.emcan.ahmedsharifapp,15,<100,CogniCrypt,Utilities,OkHttp
First parameter was not properly generated as generatedKeyManagers,False,okhttp3/internal/platform/Platform.java,com.emcan.ahmedsharifapp,15,<100,CogniCrypt,Utilities,OkHttp
Third parameter was not properly generated as randomized,False,okhttp3/internal/platform/Platform.java,com.emcan.ahmedsharifapp,15,<100,CogniCrypt,Utilities,OkHttp
First parameter was not properly generated as generatedKeyManagers,False,okhttp3/internal/platform/Platform.java,com.emcan.ahmedsharifapp,15,<100,CogniCrypt,Utilities,OkHttp
First parameter was not properly generated as generatedKeyManagers,False,okhttp3/internal/platform/Platform.java,com.emcan.ahmedsharifapp,15,<100,CogniCrypt,Utilities,OkHttp
Second parameter was not properly generated as generatedTrustManagers,True,okhttp3/internal/platform/Platform.java,com.emcan.ahmedsharifapp,15,<100,CogniCrypt,Utilities,OkHttp
Second parameter was not properly generated as generatedTrustManagers,True,okhttp3/internal/platform/Platform.java,com.emcan.ahmedsharifapp,15,<100,CogniCrypt,Utilities,OkHttp
First parameter was not properly generated as generatedKeyStore,False,okhttp3/internal/platform/Platform.java,com.emcan.ahmedsharifapp,15,<100,CogniCrypt,Utilities,OkHttp
Third parameter was not properly generated as randomized,False,okhttp3/internal/platform/ConscryptPlatform.java,com.emcan.ahmedsharifapp,15,<100,CogniCrypt,Utilities,OkHttp
First parameter was not properly generated as generatedKeyManagers,False,okhttp3/internal/platform/ConscryptPlatform.java,com.emcan.ahmedsharifapp,15,<100,CogniCrypt,Utilities,OkHttp
"Constraint ""protocol in {TLSv1.2, TLSv1.3}"" on object $r1 is violated due to the following reason:\n|- First parameter ""varReplacer1755"" with value ""TLS"" should be any of {TLSv1.2, TLSv1.3} (extracted @ varReplacer1755 = ""TLS"" @ line 44)",True,okhttp3/internal/platform/ConscryptPlatform.java,com.emcan.ahmedsharifapp,15,<100,CogniCrypt,Utilities,OkHttp
First parameter was not properly generated as generatedKeyStore,False,okhttp3/internal/platform/ConscryptPlatform.java,com.emcan.ahmedsharifapp,15,<100,CogniCrypt,Utilities,OkHttp
"Constraint ""protocol in {TLSv1.2, TLSv1.3}"" on object $r1 is violated due to the following reason:\n|- First parameter ""varReplacer1757"" with value ""TLS"" should be any of {TLSv1.2, TLSv1.3} (extracted @ varReplacer1757 = ""TLS"" @ line 75)",True,okhttp3/internal/platform/Platform.java,com.emcan.ahmedsharifapp,15,<100,CogniCrypt,Utilities,OkHttp
Third parameter was not properly generated as randomized,False,okhttp3/internal/platform/Platform.java,com.emcan.ahmedsharifapp,15,<100,CogniCrypt,Utilities,OkHttp
First parameter was not properly generated as generatedKeyStore,False,okhttp3/internal/platform/OpenJSSEPlatform.java,com.emcan.ahmedsharifapp,15,<100,CogniCrypt,Utilities,OkHttp
"Constraint ""algorithm in {SHA-256, SHA-384, SHA-512}"" on object $r6 is violated due to the following reason:\n|- First parameter ""$r0"" with value ""MD5"" should be any of {SHA-256, SHA-384, SHA-512} (extracted @ varReplacer15318 = ""MD5"" @ line 3)",True,com/google/android/gms/ads/internal/util/client/zzf.java,com.erudite.translator,86,>5M,CogniCrypt,Android,com.google.android.gms::play-services-ads-base
"Constraint ""algorithm in {SHA-256, SHA-384, SHA-512}"" on object $r7 is violated due to the following reason:\n|- First parameter ""varReplacer9436"" with value ""MD5"" should be any of {SHA-256, SHA-384, SHA-512} (extracted @ varReplacer9436 = ""MD5"" @ line 4)",True,com/google/android/gms/ads/internal/util/client/zzf.java,com.erudite.translator,86,>5M,CogniCrypt,Android,com.google.android.gms::play-services-ads-base
"Constraint ""algorithm in {SHA-256, SHA-384, SHA-512}"" on object $r5 is violated due to the following reason:\n|- First parameter ""varReplacer29241"" with value ""MD5"" should be any of {SHA-256, SHA-384, SHA-512} (extracted @ varReplacer29241 = ""MD5"" @ line 1)",True,com/google/android/gms/internal/consent_sdk/zzcl.java,com.erudite.translator,86,>5M,CogniCrypt,Android,com.google.android.gms::play-services-ads-base
First parameter was not properly generated as preparedKeyMaterial,True,com/erudite/translator/StringDecrypterImageTranslate.java,com.erudite.translator,86,>5M,CogniCrypt,developer_written,not_applicable
Second parameter parameter was not properly generated as generatedPubkey OR generatedPrivkey OR generatedKey,True,com/erudite/translator/StringDecrypterImageTranslate.java,com.erudite.translator,86,>5M,CogniCrypt,developer_written,not_applicable
"Constraint ""algorithm in {SHA-256, SHA-384, SHA-512}"" on object $r2 is violated due to the following reason:\n|- First parameter ""varReplacer21382"" with value ""SHA-1"" should be any of {SHA-256, SHA-384, SHA-512} (extracted @ varReplacer21382 = ""SHA-1"" @ line 1)",True,com/applovin/impl/sdk/utils/StringUtils.java,com.erudite.translator,86,>5M,CogniCrypt,others,unknown
"Constraint ""algorithm in {SHA-256, SHA-384, SHA-512}"" on object $r2 is violated due to the following reason:\n|- First parameter ""varReplacer25464"" with value ""SHA-1"" should be any of {SHA-256, SHA-384, SHA-512} (extracted @ varReplacer25464 = ""SHA-1"" @ line 3468)",True,com/applovin/impl/qi.java,com.erudite.translator,86,>5M,CogniCrypt,others,unknown
First parameter was not properly generated as randomized,True,com/erudite/translator/StringDecrypterImageTranslate.java,com.erudite.translator,86,>5M,CogniCrypt,developer_written,not_applicable
Third parameter was not properly generated as randomized,False,org/apache/http/conn/ssl/SSLSocketFactory.java,com.etms.employee,15,1k-5k,CogniCrypt,Utilities,apache-httpclient-android
First parameter was not properly generated as generatedKeyStore,False,org/apache/http/conn/ssl/SSLSocketFactory.java,com.etms.employee,15,1k-5k,CogniCrypt,Utilities,apache-httpclient-android
Second parameter was not properly generated as generatedTrustManagers,False,org/apache/http/conn/ssl/SSLSocketFactory.java,com.etms.employee,15,1k-5k,CogniCrypt,Utilities,apache-httpclient-android
First parameter was not properly generated as generatedKeyStore,False,org/apache/http/conn/ssl/SSLSocketFactory.java,com.etms.employee,15,1k-5k,CogniCrypt,Utilities,apache-httpclient-android
First parameter was not properly generated as generatedKeyManagers,True,org/apache/http/conn/ssl/SSLSocketFactory.java,com.etms.employee,15,1k-5k,CogniCrypt,Utilities,apache-httpclient-android
"Constraint ""protocol in {TLSv1.2, TLSv1.3}"" on object $r14 is violated due to the following reason:\n|- First parameter ""$r2"" with value ""TLS"" should be any of {TLSv1.2, TLSv1.3} (extracted @ $r2 = ""TLS"" @ line -1)\n|- First parameter ""$r2"" with value ""TLS"" should be any of {TLSv1.2, TLSv1.3} (extracted @ varReplacer844 = ""TLS"" @ line 209)",True,org/apache/http/conn/ssl/SSLSocketFactory.java,com.etms.employee,15,1k-5k,CogniCrypt,Utilities,apache-httpclient-android
Second parameter was not properly generated as generatedTrustManagers,True,okhttp3/internal/platform/Platform.java,com.etoos.india.app,200,500k-1M,CogniCrypt,Utilities,OkHttp
Second parameter was not properly generated as generatedTrustManagers,True,okhttp3/internal/platform/Platform.java,com.etoos.india.app,200,500k-1M,CogniCrypt,Utilities,OkHttp
"Constraint ""algorithm in {SHA-256, SHA-384, SHA-512}"" on object $r2 is violated due to the following reason:\n|- First parameter ""varReplacer18485"" with value ""MD5"" should be any of {SHA-256, SHA-384, SHA-512} (extracted @ varReplacer18485 = ""MD5"" @ line 1)",True,com/amazonaws/services/s3/internal/MD5DigestCalculatingInputStream.java,com.etoos.india.app,200,500k-1M,CogniCrypt,Cloud,Amazon-AWS-IoT
First parameter was not properly generated as generatedKeyManagers,False,okhttp3/internal/platform/Platform.java,com.etoos.india.app,200,500k-1M,CogniCrypt,Utilities,OkHttp
First parameter was not properly generated as preparedKeyMaterial,True,com/nimbusds/jose/crypto/impl/HMAC.java,com.etoos.india.app,200,500k-1M,CogniCrypt,Android,androidx.lifecycle::lifecycle-reactivestreams-ktx
First parameter was not properly generated as generatedKey,True,com/nimbusds/jose/crypto/impl/HMAC.java,com.etoos.india.app,200,500k-1M,CogniCrypt,Android,androidx.lifecycle::lifecycle-reactivestreams-ktx
First parameter was not properly generated as generatedKey,True,com/nimbusds/jose/crypto/impl/HMAC.java,com.etoos.india.app,200,500k-1M,CogniCrypt,Android,androidx.lifecycle::lifecycle-reactivestreams-ktx
"Constraint ""protocol in {TLSv1.2, TLSv1.3}"" on object $r1 is violated due to the following reason:\n|- First parameter ""varReplacer25061"" with value ""TLS"" should be any of {TLSv1.2, TLSv1.3} (extracted @ varReplacer25061 = ""TLS"" @ line -1)",True,okhttp3/internal/platform/Platform.java,com.etoos.india.app,200,500k-1M,CogniCrypt,Utilities,OkHttp
First parameter was not properly generated as generatedKeyStore,True,okhttp3/internal/platform/Platform.java,com.etoos.india.app,200,500k-1M,CogniCrypt,Utilities,OkHttp
First parameter was not properly generated as generatedKeyStore,True,okhttp3/internal/platform/OpenJSSEPlatform.java,com.etoos.india.app,200,500k-1M,CogniCrypt,Utilities,OkHttp
Third parameter was not properly generated as randomized,False,okhttp3/internal/platform/Platform.java,com.etoos.india.app,200,500k-1M,CogniCrypt,Utilities,OkHttp
"Constraint ""algorithm in {SHA-256, SHA-384, SHA-512}"" on object $r2 is violated due to the following reason:\n|- First parameter ""varReplacer26558"" with value ""MD5"" should be any of {SHA-256, SHA-384, SHA-512} (extracted @ varReplacer26558 = ""MD5"" @ line 1)",True,com/facebook/appevents/internal/HashUtils.java,com.etoos.india.app,200,500k-1M,CogniCrypt,SocialMedia,Facebook-App-Links
Third parameter was not properly generated as randomized,False,okhttp3/internal/platform/Platform.java,com.etoos.india.app,200,500k-1M,CogniCrypt,Utilities,OkHttp
"Constraint ""algorithm in {SHA-256, SHA-384, SHA-512}"" on object $r8 is violated due to the following reason:\n|- First parameter ""varReplacer26520"" with value ""SHA1"" should be any of {SHA-256, SHA-384, SHA-512} (extracted @ varReplacer26520 = ""SHA1"" @ line 2)",True,com/facebook/internal/security/CertificateUtil.java,com.etoos.india.app,200,500k-1M,CogniCrypt,SocialMedia,Facebook-App-Links
First parameter was not properly generated as generatedKeyManagers,False,okhttp3/internal/platform/Platform.java,com.etoos.india.app,200,500k-1M,CogniCrypt,Utilities,OkHttp
Second parameter was not properly generated as generatedTrustManagers,True,okhttp3/internal/platform/Platform.java,com.etoos.india.app,200,500k-1M,CogniCrypt,Utilities,OkHttp
Second parameter was not properly generated as generatedTrustManagers,True,okhttp3/internal/platform/Platform.java,com.etoos.india.app,200,500k-1M,CogniCrypt,Utilities,OkHttp
First parameter was not properly generated as generatedKeyManagers,False,okhttp3/internal/platform/Platform.java,com.etoos.india.app,200,500k-1M,CogniCrypt,Utilities,OkHttp
"Constraint ""algorithm in {SHA-256, SHA-384, SHA-512}"" on object $r3 is violated due to the following reason:\n|- First parameter ""varReplacer19789"" with value ""MD5"" should be any of {SHA-256, SHA-384, SHA-512} (extracted @ varReplacer19789 = ""MD5"" @ line 1)",True,com/etoos/india/app/Util/Util.java,com.etoos.india.app,200,500k-1M,CogniCrypt,developer_written,not_applicable
Third parameter was not properly generated as randomized,False,okhttp3/internal/platform/Platform.java,com.etoos.india.app,200,500k-1M,CogniCrypt,Utilities,OkHttp
First parameter was not properly generated as generatedKeyManagers,False,okhttp3/internal/platform/Platform.java,com.etoos.india.app,200,500k-1M,CogniCrypt,Utilities,OkHttp
First parameter was not properly generated as generatedKeyStore,False,okhttp3/internal/platform/ConscryptPlatform.java,com.etoos.india.app,200,500k-1M,CogniCrypt,Utilities,OkHttp
"Constraint ""protocol in {TLSv1.2, TLSv1.3}"" on object $r1 is violated due to the following reason:\n|- First parameter ""varReplacer25059"" with value ""TLS"" should be any of {TLSv1.2, TLSv1.3} (extracted @ varReplacer25059 = ""TLS"" @ line -1)",True,okhttp3/internal/platform/ConscryptPlatform.java,com.etoos.india.app,200,500k-1M,CogniCrypt,Utilities,OkHttp
Second parameter was not properly generated as generatedTrustManagers,True,okhttp3/internal/platform/ConscryptPlatform.java,com.etoos.india.app,200,500k-1M,CogniCrypt,Utilities,OkHttp
Third parameter was not properly generated as randomized,False,okhttp3/internal/platform/ConscryptPlatform.java,com.etoos.india.app,200,500k-1M,CogniCrypt,Utilities,OkHttp
First parameter was not properly generated as generatedKeyManagers,False,okhttp3/internal/platform/ConscryptPlatform.java,com.etoos.india.app,200,500k-1M,CogniCrypt,Utilities,OkHttp
Third parameter was not properly generated as randomized,False,okhttp3/internal/platform/Platform.java,com.etoos.india.app,200,500k-1M,CogniCrypt,Utilities,OkHttp
"Constraint ""algorithm in {SHA-256, SHA-384, SHA-512}"" on object $r1 is violated due to the following reason:\n|- First parameter ""varReplacer18896"" with value ""MD5"" should be any of {SHA-256, SHA-384, SHA-512} (extracted @ varReplacer18896 = ""MD5"" @ line 12)",True,com/amazonaws/util/Md5Utils.java,com.etoos.india.app,200,500k-1M,CogniCrypt,Cloud,Amazon-AWS-IoT
"Constraint ""algorithm in {SHA-256, SHA-384, SHA-512}"" on object $r2 is violated due to the following reason:\n|- First parameter ""varReplacer8928"" with value ""MD5"" should be any of {SHA-256, SHA-384, SHA-512} (extracted @ varReplacer8928 = ""MD5"" @ line 1)",True,com/facebook/appevents/AppEvent$Companion.java,com.etoos.india.app,200,500k-1M,CogniCrypt,SocialMedia,Facebook-App-Links
"Constraint ""algorithm in {SHA-256, SHA-384, SHA-512}"" on object $r2 is violated due to the following reason:\n|- First parameter ""varReplacer18898"" with value ""MD5"" should be any of {SHA-256, SHA-384, SHA-512} (extracted @ varReplacer18898 = ""MD5"" @ line 1)",True,com/amazonaws/util/Md5Utils.java,com.etoos.india.app,200,500k-1M,CogniCrypt,Cloud,Amazon-AWS-IoT
Second parameter was not properly generated as generatedTrustManagers,False,com/amazonaws/http/UrlHttpClient.java,com.etoos.india.app,200,500k-1M,CogniCrypt,Cloud,Amazon-AWS-IoT
"Constraint ""protocol in {TLSv1.2, TLSv1.3}"" on object $r2 is violated due to the following reason:\n|- First parameter ""varReplacer19470"" with value ""TLS"" should be any of {TLSv1.2, TLSv1.3} (extracted @ varReplacer19470 = ""TLS"" @ line 3)",True,com/amazonaws/http/UrlHttpClient.java,com.etoos.india.app,200,500k-1M,CogniCrypt,Cloud,Amazon-AWS-IoT
First parameter was not properly generated as generatedKeyManagers,False,com/amazonaws/http/UrlHttpClient.java,com.etoos.india.app,200,500k-1M,CogniCrypt,Cloud,Amazon-AWS-IoT
Third parameter was not properly generated as randomized,False,com/amazonaws/http/UrlHttpClient.java,com.etoos.india.app,200,500k-1M,CogniCrypt,Cloud,Amazon-AWS-IoT
First parameter was not properly generated as preparedKeyMaterial,True,com/amazonaws/auth/AbstractAWSSigner.java,com.etoos.india.app,200,500k-1M,CogniCrypt,Cloud,Amazon-AWS-IoT
"Constraint ""algorithm in {SHA-256, SHA-384, SHA-512}"" on object $r4 is violated due to the following reason:\n|- First parameter ""$r3"" with value ""MD5"" should be any of {SHA-256, SHA-384, SHA-512} (extracted @ varReplacer26116 = ""MD5"" @ line -1)\n|- First parameter ""$r3"" with value ""SHA-1"" should be any of {SHA-256, SHA-384, SHA-512} (extracted @ varReplacer8768 = ""SHA-1"" @ line 2)",True,com/facebook/internal/Utility.java,com.etoos.india.app,200,500k-1M,CogniCrypt,SocialMedia,Facebook-App-Links
First parameter was not properly generated as generatedKeyStore,False,okhttp3/internal/platform/BouncyCastlePlatform.java,com.etoos.india.app,200,500k-1M,CogniCrypt,Utilities,OkHttp
"Constraint ""protocol in {TLSv1.2, TLSv1.3}"" on object $r1 is violated due to the following reason:\n|- First parameter ""varReplacer25065"" with value ""TLS"" should be any of {TLSv1.2, TLSv1.3} (extracted @ varReplacer25065 = ""TLS"" @ line -1)",True,okhttp3/internal/platform/BouncyCastlePlatform.java,com.etoos.india.app,200,500k-1M,CogniCrypt,Utilities,OkHttp
First parameter was not properly generated as generatedKey,True,com/amazonaws/auth/AbstractAWSSigner.java,com.etoos.india.app,200,500k-1M,CogniCrypt,Cloud,Amazon-AWS-IoT
First parameter was not properly generated as randomized,True,com/mbridge/msdk/foundation/tools/a.java,com.evansir.runicformulas,141,1M-5M,CogniCrypt,Utilities,okio
First parameter was not properly generated as preparedKeyMaterial,True,com/mbridge/msdk/foundation/tools/a.java,com.evansir.runicformulas,141,1M-5M,CogniCrypt,Utilities,okio
Second parameter parameter was not properly generated as generatedKey OR generatedPubkey OR generatedPrivkey,True,com/mbridge/msdk/foundation/tools/a.java,com.evansir.runicformulas,141,1M-5M,CogniCrypt,Utilities,okio
"Constraint ""alg(transformation) in {AES} => mode(transformation) in {GCM, CTR, CTS, CFB, OFB}"" on object $r6 is violated due to the following reason:\n|- Constraint ""alg(transformation) in {AES} => mode(transformation) in {GCM, CTR, CTS, CFB, OFB}"" evaluates to <false>:\n\t|- The left side ""alg(transformation) in {AES}"" evaluates to <true>:\n\t\t|- First parameter ""varReplacer11077"" (transformation) with value ""AES/CBC/PKCS7PADDING"" satisfies the constraint in class com.mbridge.msdk.foundation.tools.a @ $r6 = getInstance(varReplacer11077) @ line 90\n\t|- The right side ""mode(transformation) in {GCM, CTR, CTS, CFB, OFB}"" evaluates to <false>:\n\t\t|- First parameter ""varReplacer11077"" (transformation) with value ""AES/CBC/PKCS7PADDING"" violates the constraint in class com.mbridge.msdk.foundation.tools.a @ $r6 = getInstance(varReplacer11077) @ line 90",True,com/mbridge/msdk/foundation/tools/a.java,com.evansir.runicformulas,141,1M-5M,CogniCrypt,Utilities,okio
"Constraint ""algorithm in {SHA-256, SHA-384, SHA-512}"" on object $r2 is violated due to the following reason:\n|- First parameter ""varReplacer18573"" with value ""MD5"" should be any of {SHA-256, SHA-384, SHA-512} (extracted @ varReplacer18573 = ""MD5"" @ line 18)",True,com/mbridge/msdk/foundation/tools/ab.java,com.evansir.runicformulas,141,1M-5M,CogniCrypt,Utilities,okio
"Constraint ""algorithm in {SHA-256, SHA-384, SHA-512}"" on object $r7 is violated due to the following reason:\n|- First parameter ""varReplacer6563"" with value ""MD5"" should be any of {SHA-256, SHA-384, SHA-512} (extracted @ varReplacer6563 = ""MD5"" @ line 4)",True,com/google/android/gms/internal/ads/zzcbg.java,com.evansir.runicformulas,141,1M-5M,CogniCrypt,Android,com.google.android.gms::play-services-ads-base
"Constraint ""algorithm in {SHA-256, SHA-384, SHA-512}"" on object $r5 is violated due to the following reason:\n|- First parameter ""varReplacer16461"" with value ""MD5"" should be any of {SHA-256, SHA-384, SHA-512} (extracted @ varReplacer16461 = ""MD5"" @ line 1)",True,com/google/android/gms/internal/consent_sdk/zzcl.java,com.evansir.runicformulas,141,1M-5M,CogniCrypt,Android,com.google.android.gms::play-services-ads-base
"Constraint ""algorithm in {SHA-256, SHA-384, SHA-512}"" on object $r8 is violated due to the following reason:\n|- First parameter ""varReplacer11843"" with value ""MD5"" should be any of {SHA-256, SHA-384, SHA-512} (extracted @ varReplacer11843 = ""MD5"" @ line 104)",True,com/mbridge/msdk/foundation/download/resource/MBResourceManager.java,com.evansir.runicformulas,141,1M-5M,CogniCrypt,Utilities,okio
"Constraint ""algorithm in {SHA-256, SHA-384, SHA-512}"" on object $r6 is violated due to the following reason:\n|- First parameter ""$r0"" with value ""MD5"" should be any of {SHA-256, SHA-384, SHA-512} (extracted @ varReplacer8766 = ""MD5"" @ line 3)",True,com/google/android/gms/internal/ads/zzcbg.java,com.evansir.runicformulas,141,1M-5M,CogniCrypt,Android,com.google.android.gms::play-services-ads-base
"Constraint ""algorithm in {SHA-256, SHA-384, SHA-512}"" on object $r1 is violated due to the following reason:\n|- First parameter ""varReplacer9530"" with value ""MD5"" should be any of {SHA-256, SHA-384, SHA-512} (extracted @ varReplacer9530 = ""MD5"" @ line 23)",True,com/mbridge/msdk/foundation/tools/SameMD5.java,com.evansir.runicformulas,141,1M-5M,CogniCrypt,Utilities,okio
First parameter was not properly generated as generatedKeyStore,False,com/mbridge/msdk/thrid/okhttp/internal/Util.java,com.evansir.runicformulas,141,1M-5M,CogniCrypt,Utilities,okio
"Constraint ""algorithm in {SHA-256, SHA-384, SHA-512}"" on object $r3 is violated due to the following reason:\n|- First parameter ""varReplacer18551"" with value ""MD5"" should be any of {SHA-256, SHA-384, SHA-512} (extracted @ varReplacer18551 = ""MD5"" @ line 64)",True,com/mbridge/msdk/foundation/tools/ab.java,com.evansir.runicformulas,141,1M-5M,CogniCrypt,Utilities,okio
"Constraint ""protocol in {TLSv1.2, TLSv1.3}"" on object $r3 is violated due to the following reason:\n|- First parameter ""varReplacer10180"" with value ""TLS"" should be any of {TLSv1.2, TLSv1.3} (extracted @ varReplacer10180 = ""TLS"" @ line 454)",True,com/mbridge/msdk/thrid/okhttp/internal/platform/AndroidPlatform.java,com.evansir.runicformulas,141,1M-5M,CogniCrypt,Utilities,okio
Third parameter was not properly generated as randomized,False,com/mbridge/msdk/thrid/okhttp/OkHttpClient.java,com.evansir.runicformulas,141,1M-5M,CogniCrypt,Utilities,okio
"Constraint ""protocol in {TLSv1.2, TLSv1.3}"" on object $r4 is violated due to the following reason:\n|- First parameter ""varReplacer10184"" with value ""TLS"" should be any of {TLSv1.2, TLSv1.3} (extracted @ varReplacer10184 = ""TLS"" @ line 298)",True,com/mbridge/msdk/thrid/okhttp/internal/platform/Platform.java,com.evansir.runicformulas,141,1M-5M,CogniCrypt,Utilities,okio
Third parameter was not properly generated as randomized,False,com/mbridge/msdk/thrid/okhttp/OkHttpClient.java,com.evansir.runicformulas,141,1M-5M,CogniCrypt,Utilities,okio
Third parameter was not properly generated as randomized,False,com/mbridge/msdk/thrid/okhttp/OkHttpClient.java,com.evansir.runicformulas,141,1M-5M,CogniCrypt,Utilities,okio
First parameter was not properly generated as generatedKeyManagers,False,com/mbridge/msdk/thrid/okhttp/OkHttpClient.java,com.evansir.runicformulas,141,1M-5M,CogniCrypt,Utilities,okio
Third parameter was not properly generated as randomized,False,com/mbridge/msdk/thrid/okhttp/OkHttpClient.java,com.evansir.runicformulas,141,1M-5M,CogniCrypt,Utilities,okio
Second parameter was not properly generated as generatedTrustManagers,False,com/mbridge/msdk/thrid/okhttp/OkHttpClient.java,com.evansir.runicformulas,141,1M-5M,CogniCrypt,Utilities,okio
Second parameter was not properly generated as generatedTrustManagers,False,com/mbridge/msdk/thrid/okhttp/OkHttpClient.java,com.evansir.runicformulas,141,1M-5M,CogniCrypt,Utilities,okio
Second parameter was not properly generated as generatedTrustManagers,False,com/mbridge/msdk/thrid/okhttp/OkHttpClient.java,com.evansir.runicformulas,141,1M-5M,CogniCrypt,Utilities,okio
Second parameter was not properly generated as generatedTrustManagers,False,com/mbridge/msdk/thrid/okhttp/OkHttpClient.java,com.evansir.runicformulas,141,1M-5M,CogniCrypt,Utilities,okio
"Constraint ""protocol in {TLSv1.2, TLSv1.3}"" on object $r3 is violated due to the following reason:\n|- First parameter ""varReplacer10186"" with value ""TLS"" should be any of {TLSv1.2, TLSv1.3} (extracted @ varReplacer10186 = ""TLS"" @ line 95)",True,com/mbridge/msdk/thrid/okhttp/internal/platform/ConscryptPlatform.java,com.evansir.runicformulas,141,1M-5M,CogniCrypt,Utilities,okio
First parameter was not properly generated as generatedKeyManagers,False,com/mbridge/msdk/thrid/okhttp/OkHttpClient.java,com.evansir.runicformulas,141,1M-5M,CogniCrypt,Utilities,okio
Third parameter was not properly generated as randomized,False,com/mbridge/msdk/thrid/okhttp/OkHttpClient.java,com.evansir.runicformulas,141,1M-5M,CogniCrypt,Utilities,okio
Second parameter was not properly generated as generatedTrustManagers,False,com/mbridge/msdk/thrid/okhttp/OkHttpClient.java,com.evansir.runicformulas,141,1M-5M,CogniCrypt,Utilities,okio
First parameter was not properly generated as generatedKeyManagers,False,com/mbridge/msdk/thrid/okhttp/OkHttpClient.java,com.evansir.runicformulas,141,1M-5M,CogniCrypt,Utilities,okio
Second parameter was not properly generated as generatedTrustManagers,False,com/mbridge/msdk/thrid/okhttp/OkHttpClient.java,com.evansir.runicformulas,141,1M-5M,CogniCrypt,Utilities,okio
First parameter was not properly generated as generatedKeyManagers,False,com/mbridge/msdk/thrid/okhttp/OkHttpClient.java,com.evansir.runicformulas,141,1M-5M,CogniCrypt,Utilities,okio
Third parameter was not properly generated as randomized,False,com/mbridge/msdk/thrid/okhttp/OkHttpClient.java,com.evansir.runicformulas,141,1M-5M,CogniCrypt,Utilities,okio
First parameter was not properly generated as generatedKeyManagers,False,com/mbridge/msdk/thrid/okhttp/OkHttpClient.java,com.evansir.runicformulas,141,1M-5M,CogniCrypt,Utilities,okio
First parameter was not properly generated as generatedKeyManagers,False,com/mbridge/msdk/thrid/okhttp/OkHttpClient.java,com.evansir.runicformulas,141,1M-5M,CogniCrypt,Utilities,okio
"Constraint ""algorithm in {SHA-256, SHA-384, SHA-512}"" on object $r7 is violated due to the following reason:\n|- First parameter ""varReplacer1869"" with value ""MD5"" should be any of {SHA-256, SHA-384, SHA-512} (extracted @ varReplacer1869 = ""MD5"" @ line 4)",True,com/google/android/gms/internal/ads/zzbyt.java,com.excelatlife.moodlog,240010001,1k-5k,CogniCrypt,Utilities,Guava
"Constraint ""algorithm in {SHA-256, SHA-384, SHA-512}"" on object $r8 is violated due to the following reason:\n|- First parameter ""varReplacer4321"" with value ""SHA"" should be any of {SHA-256, SHA-384, SHA-512} (extracted @ varReplacer4321 = ""SHA"" @ line 176)",True,lq.java,com.fanstudio.lienkhucnhacvang.nhactrutinh,22,1M-5M,CogniCrypt,others,unknown
"Constraint ""algorithm in {SHA-256, SHA-384, SHA-512}"" on object $r7 is violated due to the following reason:\n|- First parameter ""varReplacer1369"" with value ""MD5"" should be any of {SHA-256, SHA-384, SHA-512} (extracted @ varReplacer1369 = ""MD5"" @ line 145)",True,com/google/android/gms/internal/ads/zzbat.java,com.fanstudio.lienkhucnhacvang.nhactrutinh,22,1M-5M,CogniCrypt,Utilities,Gson
"Constraint ""algorithm in {SHA-256, SHA-384, SHA-512}"" on object $r5 is violated due to the following reason:\n|- First parameter ""varReplacer2741"" with value ""MD5"" should be any of {SHA-256, SHA-384, SHA-512} (extracted @ varReplacer2741 = ""MD5"" @ line 49)",True,com/google/android/gms/internal/ads/zzbat.java,com.fanstudio.lienkhucnhacvang.nhactrutinh,22,1M-5M,CogniCrypt,Utilities,Gson
"Constraint ""algorithm in {SHA-256, SHA-384, SHA-512}"" on object $r2 is violated due to the following reason:\n|- First parameter ""varReplacer5121"" with value ""MD5"" should be any of {SHA-256, SHA-384, SHA-512} (extracted @ varReplacer5121 = ""MD5"" @ line 45)",True,sb.java,com.fanstudio.lienkhucnhacvang.nhactrutinh,22,1M-5M,CogniCrypt,others,unknown
"Constraint ""algorithm in {SHA-256, SHA-384, SHA-512}"" on object $r5 is violated due to the following reason:\n|- First parameter ""varReplacer1444"" with value ""MD5"" should be any of {SHA-256, SHA-384, SHA-512} (extracted @ varReplacer1444 = ""MD5"" @ line 1)",True,com/google/android/gms/internal/consent_sdk/zzcn.java,com.fehmin.bikeometer,40,>5M,CogniCrypt,Android,com.google.android.gms::play-services-ads-base
"Constraint ""algorithm in {SHA-256, SHA-384, SHA-512}"" on object $r6 is violated due to the following reason:\n|- First parameter ""$r0"" with value ""MD5"" should be any of {SHA-256, SHA-384, SHA-512} (extracted @ varReplacer4379 = ""MD5"" @ line 3)",True,com/google/android/gms/internal/ads/zzcam.java,com.fehmin.bikeometer,40,>5M,CogniCrypt,Android,com.google.android.gms::play-services-ads-base
"Constraint ""algorithm in {SHA-256, SHA-384, SHA-512}"" on object $r7 is violated due to the following reason:\n|- First parameter ""varReplacer4014"" with value ""MD5"" should be any of {SHA-256, SHA-384, SHA-512} (extracted @ varReplacer4014 = ""MD5"" @ line 4)",True,com/google/android/gms/internal/ads/zzcam.java,com.fehmin.bikeometer,40,>5M,CogniCrypt,Android,com.google.android.gms::play-services-ads-base
First parameter was not properly generated as generatedKeyStore,False,okhttp3/internal/platform/ConscryptPlatform.java,com.findpenguins.app,436,500k-1M,CogniCrypt,Utilities,OkHttp
"Constraint ""protocol in {TLSv1.2, TLSv1.3}"" on object $r1 is violated due to the following reason:\n|- First parameter ""varReplacer4619"" with value ""TLS"" should be any of {TLSv1.2, TLSv1.3} (extracted @ varReplacer4619 = ""TLS"" @ line -1)",True,okhttp3/internal/platform/ConscryptPlatform.java,com.findpenguins.app,436,500k-1M,CogniCrypt,Utilities,OkHttp
Second parameter was not properly generated as generatedTrustManagers,True,okhttp3/internal/platform/ConscryptPlatform.java,com.findpenguins.app,436,500k-1M,CogniCrypt,Utilities,OkHttp
First parameter was not properly generated as generatedKeyStore,False,okhttp3/internal/platform/Platform.java,com.findpenguins.app,436,500k-1M,CogniCrypt,Utilities,OkHttp
First parameter was not properly generated as generatedKeyManagers,False,okhttp3/internal/platform/ConscryptPlatform.java,com.findpenguins.app,436,500k-1M,CogniCrypt,Utilities,OkHttp
First parameter was not properly generated as generatedKeyStore,False,okhttp3/internal/platform/OpenJSSEPlatform.java,com.findpenguins.app,436,500k-1M,CogniCrypt,Utilities,OkHttp
"Constraint ""protocol in {TLSv1.2, TLSv1.3}"" on object $r1 is violated due to the following reason:\n|- First parameter ""varReplacer4621"" with value ""TLS"" should be any of {TLSv1.2, TLSv1.3} (extracted @ varReplacer4621 = ""TLS"" @ line -1)",True,okhttp3/internal/platform/Platform.java,com.findpenguins.app,436,500k-1M,CogniCrypt,Utilities,OkHttp
Third parameter was not properly generated as randomized,False,okhttp3/internal/platform/ConscryptPlatform.java,com.findpenguins.app,436,500k-1M,CogniCrypt,Utilities,OkHttp
Third parameter was not properly generated as randomized,False,okhttp3/internal/platform/Platform.java,com.findpenguins.app,436,500k-1M,CogniCrypt,Utilities,OkHttp
First parameter was not properly generated as generatedKeyManagers,False,okhttp3/internal/platform/Platform.java,com.findpenguins.app,436,500k-1M,CogniCrypt,Utilities,OkHttp
First parameter was not properly generated as generatedKeyStore,False,okhttp3/internal/platform/BouncyCastlePlatform.java,com.findpenguins.app,436,500k-1M,CogniCrypt,Utilities,OkHttp
"Constraint ""protocol in {TLSv1.2, TLSv1.3}"" on object $r1 is violated due to the following reason:\n|- First parameter ""varReplacer4625"" with value ""TLS"" should be any of {TLSv1.2, TLSv1.3} (extracted @ varReplacer4625 = ""TLS"" @ line -1)",True,okhttp3/internal/platform/BouncyCastlePlatform.java,com.findpenguins.app,436,500k-1M,CogniCrypt,Utilities,OkHttp
Third parameter was not properly generated as randomized,False,okhttp3/internal/platform/Platform.java,com.findpenguins.app,436,500k-1M,CogniCrypt,Utilities,OkHttp
First parameter was not properly generated as generatedKeyManagers,False,okhttp3/internal/platform/Platform.java,com.findpenguins.app,436,500k-1M,CogniCrypt,Utilities,OkHttp
First parameter was not properly generated as generatedKeyManagers,False,okhttp3/internal/platform/Platform.java,com.findpenguins.app,436,500k-1M,CogniCrypt,Utilities,OkHttp
"Constraint ""algorithm in {SHA-256, SHA-384, SHA-512}"" on object $r4 is violated due to the following reason:\n|- First parameter ""$r3"" with value ""SHA-1"" should be any of {SHA-256, SHA-384, SHA-512} (extracted @ varReplacer8056 = ""SHA-1"" @ line 2)\n|- First parameter ""$r3"" with value ""MD5"" should be any of {SHA-256, SHA-384, SHA-512} (extracted @ varReplacer10100 = ""MD5"" @ line -1)",True,com/facebook/internal/Utility.java,com.findpenguins.app,436,500k-1M,CogniCrypt,SocialMedia,Facebook-Core
Second parameter was not properly generated as generatedTrustManagers,True,okhttp3/internal/platform/Platform.java,com.findpenguins.app,436,500k-1M,CogniCrypt,Utilities,OkHttp
Second parameter was not properly generated as generatedTrustManagers,True,okhttp3/internal/platform/Platform.java,com.findpenguins.app,436,500k-1M,CogniCrypt,Utilities,OkHttp
First parameter was not properly generated as generatedKeyManagers,False,okhttp3/internal/platform/Platform.java,com.findpenguins.app,436,500k-1M,CogniCrypt,Utilities,OkHttp
Third parameter was not properly generated as randomized,False,okhttp3/internal/platform/Platform.java,com.findpenguins.app,436,500k-1M,CogniCrypt,Utilities,OkHttp
Third parameter was not properly generated as randomized,False,okhttp3/internal/platform/Platform.java,com.findpenguins.app,436,500k-1M,CogniCrypt,Utilities,OkHttp
Second parameter was not properly generated as generatedTrustManagers,True,okhttp3/internal/platform/Platform.java,com.findpenguins.app,436,500k-1M,CogniCrypt,Utilities,OkHttp
Second parameter was not properly generated as generatedTrustManagers,True,okhttp3/internal/platform/Platform.java,com.findpenguins.app,436,500k-1M,CogniCrypt,Utilities,OkHttp
"Constraint ""protocol in {TLSv1.2, TLSv1.3}"" on object $r3 is violated due to the following reason:\n|- First parameter ""varReplacer3544"" with value ""TLS"" should be any of {TLSv1.2, TLSv1.3} (extracted @ varReplacer3544 = ""TLS"" @ line 417)",True,okhttp3/internal/platform/AndroidPlatform.java,com.foodbooking.nizamat,5741,1k-5k,CogniCrypt,Utilities,okhttp
First parameter was not properly generated as generatedKeyManagers,False,okhttp3/OkHttpClient.java,com.foodbooking.nizamat,5741,1k-5k,CogniCrypt,Utilities,okhttp
Third parameter was not properly generated as randomized,False,okhttp3/OkHttpClient.java,com.foodbooking.nizamat,5741,1k-5k,CogniCrypt,Utilities,okhttp
"Constraint ""algorithm in {SHA-256, SHA-384, SHA-512}"" on object $r2 is violated due to the following reason:\n|- First parameter ""varReplacer4467"" with value ""MD5"" should be any of {SHA-256, SHA-384, SHA-512} (extracted @ varReplacer4467 = ""MD5"" @ line 249)",True,com/facebook/appevents/AppEvent$Companion.java,com.foodbooking.nizamat,5741,1k-5k,CogniCrypt,SocialMedia,Facebook-Core
"Constraint ""algorithm in {SHA-256, SHA-384, SHA-512}"" on object $r4 is violated due to the following reason:\n|- First parameter ""$r3"" with value ""MD5"" should be any of {SHA-256, SHA-384, SHA-512} (extracted @ varReplacer6737 = ""MD5"" @ line 145)\n|- First parameter ""$r3"" with value ""SHA-1"" should be any of {SHA-256, SHA-384, SHA-512} (extracted @ varReplacer4301 = ""SHA-1"" @ line 155)",True,com/facebook/internal/Utility.java,com.foodbooking.nizamat,5741,1k-5k,CogniCrypt,SocialMedia,Facebook-Core
"Constraint ""protocol in {TLSv1.2, TLSv1.3}"" on object $r3 is violated due to the following reason:\n|- First parameter ""varReplacer3549"" with value ""TLS"" should be any of {TLSv1.2, TLSv1.3} (extracted @ varReplacer3549 = ""TLS"" @ line 97)",True,okhttp3/internal/platform/ConscryptPlatform.java,com.foodbooking.nizamat,5741,1k-5k,CogniCrypt,Utilities,okhttp
"Constraint ""algorithm in {SHA-256, SHA-384, SHA-512}"" on object $r5 is violated due to the following reason:\n|- First parameter ""varReplacer7193"" with value ""MD5"" should be any of {SHA-256, SHA-384, SHA-512} (extracted @ varReplacer7193 = ""MD5"" @ line 38)",True,com/facebook/appevents/internal/HashUtils.java,com.foodbooking.nizamat,5741,1k-5k,CogniCrypt,SocialMedia,Facebook-Core
Second parameter was not properly generated as generatedTrustManagers,False,okhttp3/OkHttpClient.java,com.foodbooking.nizamat,5741,1k-5k,CogniCrypt,Utilities,okhttp
First parameter was not properly generated as generatedKeyManagers,False,okhttp3/OkHttpClient.java,com.foodbooking.nizamat,5741,1k-5k,CogniCrypt,Utilities,okhttp
Second parameter was not properly generated as generatedTrustManagers,False,okhttp3/OkHttpClient.java,com.foodbooking.nizamat,5741,1k-5k,CogniCrypt,Utilities,okhttp
Second parameter was not properly generated as generatedTrustManagers,False,okhttp3/OkHttpClient.java,com.foodbooking.nizamat,5741,1k-5k,CogniCrypt,Utilities,okhttp
First parameter was not properly generated as generatedKeyStore,False,okhttp3/internal/Util.java,com.foodbooking.nizamat,5741,1k-5k,CogniCrypt,Utilities,okhttp
Third parameter was not properly generated as randomized,False,okhttp3/OkHttpClient.java,com.foodbooking.nizamat,5741,1k-5k,CogniCrypt,Utilities,okhttp
"Constraint ""algorithm in {SHA-256, SHA-384, SHA-512}"" on object $r8 is violated due to the following reason:\n|- First parameter ""varReplacer7155"" with value ""SHA1"" should be any of {SHA-256, SHA-384, SHA-512} (extracted @ varReplacer7155 = ""SHA1"" @ line 27)",True,com/facebook/internal/security/CertificateUtil.java,com.foodbooking.nizamat,5741,1k-5k,CogniCrypt,SocialMedia,Facebook-Core
Second parameter was not properly generated as generatedTrustManagers,False,okhttp3/OkHttpClient.java,com.foodbooking.nizamat,5741,1k-5k,CogniCrypt,Utilities,okhttp
First parameter was not properly generated as generatedKeyManagers,False,okhttp3/OkHttpClient.java,com.foodbooking.nizamat,5741,1k-5k,CogniCrypt,Utilities,okhttp
"Constraint ""algorithm in {SHA-256, SHA-384, SHA-512}"" on object $r1 is violated due to the following reason:\n|- First parameter ""varReplacer8572"" with value ""MD5"" should be any of {SHA-256, SHA-384, SHA-512} (extracted @ varReplacer8572 = ""MD5"" @ line 378)",True,io/branch/indexing/ContentDiscoverer$HashHelper.java,com.foodbooking.nizamat,5741,1k-5k,CogniCrypt,others,unknown
Second parameter was not properly generated as generatedTrustManagers,False,okhttp3/OkHttpClient.java,com.foodbooking.nizamat,5741,1k-5k,CogniCrypt,Utilities,okhttp
Third parameter was not properly generated as randomized,False,okhttp3/OkHttpClient.java,com.foodbooking.nizamat,5741,1k-5k,CogniCrypt,Utilities,okhttp
Third parameter was not properly generated as randomized,False,okhttp3/OkHttpClient.java,com.foodbooking.nizamat,5741,1k-5k,CogniCrypt,Utilities,okhttp
First parameter was not properly generated as generatedKeyManagers,False,okhttp3/OkHttpClient.java,com.foodbooking.nizamat,5741,1k-5k,CogniCrypt,Utilities,okhttp
"Constraint ""protocol in {TLSv1.2, TLSv1.3}"" on object $r2 is violated due to the following reason:\n|- First parameter ""varReplacer3546"" with value ""TLS"" should be any of {TLSv1.2, TLSv1.3} (extracted @ varReplacer3546 = ""TLS"" @ line 296)",True,okhttp3/internal/platform/Platform.java,com.foodbooking.nizamat,5741,1k-5k,CogniCrypt,Utilities,okhttp
First parameter was not properly generated as generatedKeyManagers,False,okhttp3/OkHttpClient.java,com.foodbooking.nizamat,5741,1k-5k,CogniCrypt,Utilities,okhttp
Third parameter was not properly generated as randomized,False,okhttp3/OkHttpClient.java,com.foodbooking.nizamat,5741,1k-5k,CogniCrypt,Utilities,okhttp
Second parameter was not properly generated as generatedTrustManagers,False,okhttp3/OkHttpClient.java,com.foodbooking.plazamerengue,5469,<100,CogniCrypt,Utilities,okhttp
First parameter was not properly generated as generatedKeyManagers,False,okhttp3/OkHttpClient.java,com.foodbooking.plazamerengue,5469,<100,CogniCrypt,Utilities,okhttp
Third parameter was not properly generated as randomized,False,okhttp3/OkHttpClient.java,com.foodbooking.plazamerengue,5469,<100,CogniCrypt,Utilities,okhttp
Third parameter was not properly generated as randomized,False,okhttp3/OkHttpClient.java,com.foodbooking.plazamerengue,5469,<100,CogniCrypt,Utilities,okhttp
Third parameter was not properly generated as randomized,False,okhttp3/OkHttpClient.java,com.foodbooking.plazamerengue,5469,<100,CogniCrypt,Utilities,okhttp
First parameter was not properly generated as generatedKeyManagers,False,okhttp3/OkHttpClient.java,com.foodbooking.plazamerengue,5469,<100,CogniCrypt,Utilities,okhttp
Third parameter was not properly generated as randomized,False,okhttp3/OkHttpClient.java,com.foodbooking.plazamerengue,5469,<100,CogniCrypt,Utilities,okhttp
First parameter was not properly generated as generatedKeyManagers,False,okhttp3/OkHttpClient.java,com.foodbooking.plazamerengue,5469,<100,CogniCrypt,Utilities,okhttp
"Constraint ""algorithm in {SHA-256, SHA-384, SHA-512}"" on object $r2 is violated due to the following reason:\n|- First parameter ""varReplacer5132"" with value ""MD5"" should be any of {SHA-256, SHA-384, SHA-512} (extracted @ varReplacer5132 = ""MD5"" @ line 249)",True,com/facebook/appevents/AppEvent$Companion.java,com.foodbooking.plazamerengue,5469,<100,CogniCrypt,SocialMedia,Facebook-Core
"Constraint ""algorithm in {SHA-256, SHA-384, SHA-512}"" on object $r4 is violated due to the following reason:\n|- First parameter ""$r3"" with value ""SHA-1"" should be any of {SHA-256, SHA-384, SHA-512} (extracted @ varReplacer4966 = ""SHA-1"" @ line 155)\n|- First parameter ""$r3"" with value ""MD5"" should be any of {SHA-256, SHA-384, SHA-512} (extracted @ varReplacer6742 = ""MD5"" @ line 145)",True,com/facebook/internal/Utility.java,com.foodbooking.plazamerengue,5469,<100,CogniCrypt,SocialMedia,Facebook-Core
"Constraint ""protocol in {TLSv1.2, TLSv1.3}"" on object $r3 is violated due to the following reason:\n|- First parameter ""varReplacer1768"" with value ""TLS"" should be any of {TLSv1.2, TLSv1.3} (extracted @ varReplacer1768 = ""TLS"" @ line 417)",True,okhttp3/internal/platform/AndroidPlatform.java,com.foodbooking.plazamerengue,5469,<100,CogniCrypt,Utilities,okhttp
"Constraint ""protocol in {TLSv1.2, TLSv1.3}"" on object $r3 is violated due to the following reason:\n|- First parameter ""varReplacer1773"" with value ""TLS"" should be any of {TLSv1.2, TLSv1.3} (extracted @ varReplacer1773 = ""TLS"" @ line 97)",True,okhttp3/internal/platform/ConscryptPlatform.java,com.foodbooking.plazamerengue,5469,<100,CogniCrypt,Utilities,okhttp
Second parameter was not properly generated as generatedTrustManagers,False,okhttp3/OkHttpClient.java,com.foodbooking.plazamerengue,5469,<100,CogniCrypt,Utilities,okhttp
Second parameter was not properly generated as generatedTrustManagers,False,okhttp3/OkHttpClient.java,com.foodbooking.plazamerengue,5469,<100,CogniCrypt,Utilities,okhttp
First parameter was not properly generated as generatedKeyManagers,False,okhttp3/OkHttpClient.java,com.foodbooking.plazamerengue,5469,<100,CogniCrypt,Utilities,okhttp
Third parameter was not properly generated as randomized,False,okhttp3/OkHttpClient.java,com.foodbooking.plazamerengue,5469,<100,CogniCrypt,Utilities,okhttp
Second parameter was not properly generated as generatedTrustManagers,False,okhttp3/OkHttpClient.java,com.foodbooking.plazamerengue,5469,<100,CogniCrypt,Utilities,okhttp
Second parameter was not properly generated as generatedTrustManagers,False,okhttp3/OkHttpClient.java,com.foodbooking.plazamerengue,5469,<100,CogniCrypt,Utilities,okhttp
"Constraint ""algorithm in {SHA-256, SHA-384, SHA-512}"" on object $r1 is violated due to the following reason:\n|- First parameter ""varReplacer8600"" with value ""MD5"" should be any of {SHA-256, SHA-384, SHA-512} (extracted @ varReplacer8600 = ""MD5"" @ line 378)",True,io/branch/indexing/ContentDiscoverer$HashHelper.java,com.foodbooking.plazamerengue,5469,<100,CogniCrypt,others,unknown
"Constraint ""algorithm in {SHA-256, SHA-384, SHA-512}"" on object $r8 is violated due to the following reason:\n|- First parameter ""varReplacer7145"" with value ""SHA1"" should be any of {SHA-256, SHA-384, SHA-512} (extracted @ varReplacer7145 = ""SHA1"" @ line 27)",True,com/facebook/internal/security/CertificateUtil.java,com.foodbooking.plazamerengue,5469,<100,CogniCrypt,SocialMedia,Facebook-Core
First parameter was not properly generated as generatedKeyStore,False,okhttp3/internal/Util.java,com.foodbooking.plazamerengue,5469,<100,CogniCrypt,Utilities,okhttp
"Constraint ""algorithm in {SHA-256, SHA-384, SHA-512}"" on object $r5 is violated due to the following reason:\n|- First parameter ""varReplacer7183"" with value ""MD5"" should be any of {SHA-256, SHA-384, SHA-512} (extracted @ varReplacer7183 = ""MD5"" @ line 38)",True,com/facebook/appevents/internal/HashUtils.java,com.foodbooking.plazamerengue,5469,<100,CogniCrypt,SocialMedia,Facebook-Core
"Constraint ""protocol in {TLSv1.2, TLSv1.3}"" on object $r2 is violated due to the following reason:\n|- First parameter ""varReplacer1770"" with value ""TLS"" should be any of {TLSv1.2, TLSv1.3} (extracted @ varReplacer1770 = ""TLS"" @ line 296)",True,okhttp3/internal/platform/Platform.java,com.foodbooking.plazamerengue,5469,<100,CogniCrypt,Utilities,okhttp
First parameter was not properly generated as generatedKeyManagers,False,okhttp3/OkHttpClient.java,com.foodbooking.plazamerengue,5469,<100,CogniCrypt,Utilities,okhttp
Second parameter was not properly generated as generatedTrustManagers,False,okhttp3/OkHttpClient.java,com.foodbooking.popeheaven,5397,<100,CogniCrypt,Utilities,okhttp
Second parameter was not properly generated as generatedTrustManagers,False,okhttp3/OkHttpClient.java,com.foodbooking.popeheaven,5397,<100,CogniCrypt,Utilities,okhttp
"Constraint ""algorithm in {SHA-256, SHA-384, SHA-512}"" on object $r1 is violated due to the following reason:\n|- First parameter ""varReplacer8612"" with value ""MD5"" should be any of {SHA-256, SHA-384, SHA-512} (extracted @ varReplacer8612 = ""MD5"" @ line 378)",True,io/branch/indexing/ContentDiscoverer$HashHelper.java,com.foodbooking.popeheaven,5397,<100,CogniCrypt,others,unknown
Third parameter was not properly generated as randomized,False,okhttp3/OkHttpClient.java,com.foodbooking.popeheaven,5397,<100,CogniCrypt,Utilities,okhttp
Third parameter was not properly generated as randomized,False,okhttp3/OkHttpClient.java,com.foodbooking.popeheaven,5397,<100,CogniCrypt,Utilities,okhttp
First parameter was not properly generated as generatedKeyManagers,False,okhttp3/OkHttpClient.java,com.foodbooking.popeheaven,5397,<100,CogniCrypt,Utilities,okhttp
First parameter was not properly generated as generatedKeyManagers,False,okhttp3/OkHttpClient.java,com.foodbooking.popeheaven,5397,<100,CogniCrypt,Utilities,okhttp
Third parameter was not properly generated as randomized,False,okhttp3/OkHttpClient.java,com.foodbooking.popeheaven,5397,<100,CogniCrypt,Utilities,okhttp
First parameter was not properly generated as generatedKeyManagers,False,okhttp3/OkHttpClient.java,com.foodbooking.popeheaven,5397,<100,CogniCrypt,Utilities,okhttp
Second parameter was not properly generated as generatedTrustManagers,False,okhttp3/OkHttpClient.java,com.foodbooking.popeheaven,5397,<100,CogniCrypt,Utilities,okhttp
Second parameter was not properly generated as generatedTrustManagers,False,okhttp3/OkHttpClient.java,com.foodbooking.popeheaven,5397,<100,CogniCrypt,Utilities,okhttp
First parameter was not properly generated as generatedKeyManagers,False,okhttp3/OkHttpClient.java,com.foodbooking.popeheaven,5397,<100,CogniCrypt,Utilities,okhttp
First parameter was not properly generated as generatedKeyManagers,False,okhttp3/OkHttpClient.java,com.foodbooking.popeheaven,5397,<100,CogniCrypt,Utilities,okhttp
Second parameter was not properly generated as generatedTrustManagers,False,okhttp3/OkHttpClient.java,com.foodbooking.popeheaven,5397,<100,CogniCrypt,Utilities,okhttp
Third parameter was not properly generated as randomized,False,okhttp3/OkHttpClient.java,com.foodbooking.popeheaven,5397,<100,CogniCrypt,Utilities,okhttp
"Constraint ""algorithm in {SHA-256, SHA-384, SHA-512}"" on object $r2 is violated due to the following reason:\n|- First parameter ""varReplacer2827"" with value ""MD5"" should be any of {SHA-256, SHA-384, SHA-512} (extracted @ varReplacer2827 = ""MD5"" @ line 249)",True,com/facebook/appevents/AppEvent$Companion.java,com.foodbooking.popeheaven,5397,<100,CogniCrypt,SocialMedia,Facebook-Core
"Constraint ""algorithm in {SHA-256, SHA-384, SHA-512}"" on object $r4 is violated due to the following reason:\n|- First parameter ""$r3"" with value ""SHA-1"" should be any of {SHA-256, SHA-384, SHA-512} (extracted @ varReplacer2660 = ""SHA-1"" @ line 155)\n|- First parameter ""$r3"" with value ""MD5"" should be any of {SHA-256, SHA-384, SHA-512} (extracted @ varReplacer4399 = ""MD5"" @ line 145)",True,com/facebook/internal/Utility.java,com.foodbooking.popeheaven,5397,<100,CogniCrypt,SocialMedia,Facebook-Core
"Constraint ""protocol in {TLSv1.2, TLSv1.3}"" on object $r3 is violated due to the following reason:\n|- First parameter ""varReplacer6410"" with value ""TLS"" should be any of {TLSv1.2, TLSv1.3} (extracted @ varReplacer6410 = ""TLS"" @ line 417)",True,okhttp3/internal/platform/AndroidPlatform.java,com.foodbooking.popeheaven,5397,<100,CogniCrypt,Utilities,okhttp
"Constraint ""protocol in {TLSv1.2, TLSv1.3}"" on object $r2 is violated due to the following reason:\n|- First parameter ""varReplacer6412"" with value ""TLS"" should be any of {TLSv1.2, TLSv1.3} (extracted @ varReplacer6412 = ""TLS"" @ line 296)",True,okhttp3/internal/platform/Platform.java,com.foodbooking.popeheaven,5397,<100,CogniCrypt,Utilities,okhttp
"Constraint ""protocol in {TLSv1.2, TLSv1.3}"" on object $r3 is violated due to the following reason:\n|- First parameter ""varReplacer6415"" with value ""TLS"" should be any of {TLSv1.2, TLSv1.3} (extracted @ varReplacer6415 = ""TLS"" @ line 97)",True,okhttp3/internal/platform/ConscryptPlatform.java,com.foodbooking.popeheaven,5397,<100,CogniCrypt,Utilities,okhttp
First parameter was not properly generated as generatedKeyStore,False,okhttp3/internal/Util.java,com.foodbooking.popeheaven,5397,<100,CogniCrypt,Utilities,okhttp
"Constraint ""algorithm in {SHA-256, SHA-384, SHA-512}"" on object $r5 is violated due to the following reason:\n|- First parameter ""varReplacer4845"" with value ""MD5"" should be any of {SHA-256, SHA-384, SHA-512} (extracted @ varReplacer4845 = ""MD5"" @ line 38)",True,com/facebook/appevents/internal/HashUtils.java,com.foodbooking.popeheaven,5397,<100,CogniCrypt,SocialMedia,Facebook-Core
"Constraint ""algorithm in {SHA-256, SHA-384, SHA-512}"" on object $r8 is violated due to the following reason:\n|- First parameter ""varReplacer4807"" with value ""SHA1"" should be any of {SHA-256, SHA-384, SHA-512} (extracted @ varReplacer4807 = ""SHA1"" @ line 27)",True,com/facebook/internal/security/CertificateUtil.java,com.foodbooking.popeheaven,5397,<100,CogniCrypt,SocialMedia,Facebook-Core
Third parameter was not properly generated as randomized,False,okhttp3/OkHttpClient.java,com.foodbooking.popeheaven,5397,<100,CogniCrypt,Utilities,okhttp
"Constraint ""protocol in {TLSv1.2, TLSv1.3}"" on object $r1 is violated due to the following reason:\n|- First parameter ""varReplacer4530"" with value ""TLS"" should be any of {TLSv1.2, TLSv1.3} (extracted @ varReplacer4530 = ""TLS"" @ line 75)",True,okhttp3/internal/platform/Platform.java,com.fourksoft.openvpn,407,1M-5M,CogniCrypt,Utilities,OkHttp
First parameter was not properly generated as generatedKeyStore,False,okhttp3/internal/platform/Platform.java,com.fourksoft.openvpn,407,1M-5M,CogniCrypt,Utilities,OkHttp
First parameter was not properly generated as generatedKeyStore,False,okhttp3/internal/platform/OpenJSSEPlatform.java,com.fourksoft.openvpn,407,1M-5M,CogniCrypt,Utilities,OkHttp
Second parameter was not properly generated as generatedTrustManagers,True,okhttp3/internal/platform/ConscryptPlatform.java,com.fourksoft.openvpn,407,1M-5M,CogniCrypt,Utilities,OkHttp
Third parameter was not properly generated as randomized,False,okhttp3/internal/platform/ConscryptPlatform.java,com.fourksoft.openvpn,407,1M-5M,CogniCrypt,Utilities,OkHttp
First parameter was not properly generated as generatedKeyManagers,False,com/fourksoft/openvpn/api/purchases/RetrofitFactory.java,com.fourksoft.openvpn,407,1M-5M,CogniCrypt,developer_written,not_applicable
"Constraint ""protocol in {TLSv1.2, TLSv1.3}"" on object $r1 is violated due to the following reason:\n|- First parameter ""varReplacer4528"" with value ""TLS"" should be any of {TLSv1.2, TLSv1.3} (extracted @ varReplacer4528 = ""TLS"" @ line 44)",True,okhttp3/internal/platform/ConscryptPlatform.java,com.fourksoft.openvpn,407,1M-5M,CogniCrypt,Utilities,OkHttp
First parameter was not properly generated as generatedKeyStore,False,okhttp3/internal/platform/ConscryptPlatform.java,com.fourksoft.openvpn,407,1M-5M,CogniCrypt,Utilities,OkHttp
Second parameter was not properly generated as generatedTrustManagers,True,com/fourksoft/openvpn/api/purchases/RetrofitFactory.java,com.fourksoft.openvpn,407,1M-5M,CogniCrypt,developer_written,not_applicable
"Constraint ""protocol in {TLSv1.2, TLSv1.3}"" on object $r5 is violated due to the following reason:\n|- First parameter ""varReplacer7300"" with value ""SSL"" should be any of {TLSv1.2, TLSv1.3} (extracted @ varReplacer7300 = ""SSL"" @ line 151)",True,com/fourksoft/openvpn/api/purchases/RetrofitFactory.java,com.fourksoft.openvpn,407,1M-5M,CogniCrypt,developer_written,not_applicable
Second parameter was not properly generated as generatedTrustManagers,True,okhttp3/internal/platform/Platform.java,com.fourksoft.openvpn,407,1M-5M,CogniCrypt,Utilities,OkHttp
First parameter was not properly generated as generatedKeyManagers,False,okhttp3/internal/platform/ConscryptPlatform.java,com.fourksoft.openvpn,407,1M-5M,CogniCrypt,Utilities,OkHttp
Third parameter was not properly generated as randomized,False,okhttp3/internal/platform/Platform.java,com.fourksoft.openvpn,407,1M-5M,CogniCrypt,Utilities,OkHttp
Second parameter was not properly generated as generatedTrustManagers,True,com/fourksoft/openvpn/api/RestClient.java,com.fourksoft.openvpn,407,1M-5M,CogniCrypt,developer_written,not_applicable
Third parameter was not properly generated as randomized,False,okhttp3/internal/platform/Platform.java,com.fourksoft.openvpn,407,1M-5M,CogniCrypt,Utilities,OkHttp
"Constraint ""algorithm in {SHA-256, SHA-384, SHA-512}"" on object $r4 is violated due to the following reason:\n|- First parameter ""$r3"" with value ""MD5"" should be any of {SHA-256, SHA-384, SHA-512} (extracted @ varReplacer11379 = ""MD5"" @ line 145)\n|- First parameter ""$r3"" with value ""SHA-1"" should be any of {SHA-256, SHA-384, SHA-512} (extracted @ varReplacer5936 = ""SHA-1"" @ line 155)",True,com/facebook/internal/Utility.java,com.fourksoft.openvpn,407,1M-5M,CogniCrypt,SocialMedia,Facebook-App-Links
"Constraint ""algorithm in {SHA-256, SHA-384, SHA-512}"" on object $r2 is violated due to the following reason:\n|- First parameter ""varReplacer6101"" with value ""MD5"" should be any of {SHA-256, SHA-384, SHA-512} (extracted @ varReplacer6101 = ""MD5"" @ line 249)",True,com/facebook/appevents/AppEvent$Companion.java,com.fourksoft.openvpn,407,1M-5M,CogniCrypt,SocialMedia,Facebook-App-Links
"Constraint ""algorithm in {SHA-256, SHA-384, SHA-512}"" on object $r1 is violated due to the following reason:\n|- First parameter ""varReplacer20536"" with value ""MD5"" should be any of {SHA-256, SHA-384, SHA-512} (extracted @ varReplacer20536 = ""MD5"" @ line 46)",True,com/appsflyer/internal/AFb1zSDK.java,com.fourksoft.openvpn,407,1M-5M,CogniCrypt,Analytics,AppsFlyer
"Constraint ""algorithm in {SHA-256, SHA-384, SHA-512}"" on object $r1 is violated due to the following reason:\n|- First parameter ""varReplacer20530"" with value ""SHA-1"" should be any of {SHA-256, SHA-384, SHA-512} (extracted @ varReplacer20530 = ""SHA-1"" @ line 33)",True,com/appsflyer/internal/AFb1zSDK.java,com.fourksoft.openvpn,407,1M-5M,CogniCrypt,Analytics,AppsFlyer
"Constraint ""protocol in {TLSv1.2, TLSv1.3}"" on object $r5 is violated due to the following reason:\n|- First parameter ""varReplacer18945"" with value ""SSL"" should be any of {TLSv1.2, TLSv1.3} (extracted @ varReplacer18945 = ""SSL"" @ line 158)",True,com/fourksoft/vpn/core/di/ApplicationModule.java,com.fourksoft.openvpn,407,1M-5M,CogniCrypt,developer_written,not_applicable
Second parameter was not properly generated as generatedTrustManagers,True,okhttp3/internal/platform/Platform.java,com.fourksoft.openvpn,407,1M-5M,CogniCrypt,Utilities,OkHttp
First parameter was not properly generated as generatedKeyManagers,False,com/fourksoft/vpn/core/di/ApplicationModule.java,com.fourksoft.openvpn,407,1M-5M,CogniCrypt,developer_written,not_applicable
"Constraint ""algorithm in {SHA-256, SHA-384, SHA-512}"" on object $r5 is violated due to the following reason:\n|- First parameter ""varReplacer11872"" with value ""MD5"" should be any of {SHA-256, SHA-384, SHA-512} (extracted @ varReplacer11872 = ""MD5"" @ line 38)",True,com/facebook/appevents/internal/HashUtils.java,com.fourksoft.openvpn,407,1M-5M,CogniCrypt,SocialMedia,Facebook-App-Links
First parameter was not properly generated as generatedKeyStore,False,okhttp3/internal/platform/BouncyCastlePlatform.java,com.fourksoft.openvpn,407,1M-5M,CogniCrypt,Utilities,OkHttp
"Constraint ""protocol in {TLSv1.2, TLSv1.3}"" on object $r1 is violated due to the following reason:\n|- First parameter ""varReplacer4534"" with value ""TLS"" should be any of {TLSv1.2, TLSv1.3} (extracted @ varReplacer4534 = ""TLS"" @ line 38)",True,okhttp3/internal/platform/BouncyCastlePlatform.java,com.fourksoft.openvpn,407,1M-5M,CogniCrypt,Utilities,OkHttp
"Constraint ""algorithm in {SHA-256, SHA-384, SHA-512}"" on object $r8 is violated due to the following reason:\n|- First parameter ""varReplacer11829"" with value ""SHA1"" should be any of {SHA-256, SHA-384, SHA-512} (extracted @ varReplacer11829 = ""SHA1"" @ line 26)",True,com/facebook/internal/security/CertificateUtil.java,com.fourksoft.openvpn,407,1M-5M,CogniCrypt,SocialMedia,Facebook-App-Links
Second parameter was not properly generated as generatedTrustManagers,True,com/fourksoft/vpn/core/di/ApplicationModule.java,com.fourksoft.openvpn,407,1M-5M,CogniCrypt,developer_written,not_applicable
"Constraint ""protocol in {TLSv1.2, TLSv1.3}"" on object $r1 is violated due to the following reason:\n|- First parameter ""varReplacer13041"" with value ""SSL"" should be any of {TLSv1.2, TLSv1.3} (extracted @ varReplacer13041 = ""SSL"" @ line 137)",True,com/fourksoft/openvpn/api/RestClient.java,com.fourksoft.openvpn,407,1M-5M,CogniCrypt,developer_written,not_applicable
Second parameter was not properly generated as generatedTrustManagers,True,okhttp3/internal/platform/Platform.java,com.fourksoft.openvpn,407,1M-5M,CogniCrypt,Utilities,OkHttp
First parameter was not properly generated as generatedKeyManagers,False,okhttp3/internal/platform/Platform.java,com.fourksoft.openvpn,407,1M-5M,CogniCrypt,Utilities,OkHttp
Third parameter was not properly generated as randomized,False,okhttp3/internal/platform/Platform.java,com.fourksoft.openvpn,407,1M-5M,CogniCrypt,Utilities,OkHttp
First parameter was not properly generated as generatedKeyManagers,False,okhttp3/internal/platform/Platform.java,com.fourksoft.openvpn,407,1M-5M,CogniCrypt,Utilities,OkHttp
First parameter was not properly generated as generatedKeyManagers,False,okhttp3/internal/platform/Platform.java,com.fourksoft.openvpn,407,1M-5M,CogniCrypt,Utilities,OkHttp
Second parameter was not properly generated as generatedTrustManagers,True,okhttp3/internal/platform/Platform.java,com.fourksoft.openvpn,407,1M-5M,CogniCrypt,Utilities,OkHttp
Third parameter was not properly generated as randomized,False,okhttp3/internal/platform/Platform.java,com.fourksoft.openvpn,407,1M-5M,CogniCrypt,Utilities,OkHttp
First parameter was not properly generated as generatedKeyManagers,False,okhttp3/internal/platform/Platform.java,com.fourksoft.openvpn,407,1M-5M,CogniCrypt,Utilities,OkHttp
First parameter was not properly generated as generatedKeyManagers,False,com/fourksoft/openvpn/api/RestClient.java,com.fourksoft.openvpn,407,1M-5M,CogniCrypt,developer_written,not_applicable
Second parameter was not properly generated as generatedTrustManagers,True,okhttp3/internal/platform/Platform.java,com.fox.foxfast.universal,434,5k-10k,CogniCrypt,Utilities,OkHttp
Second parameter was not properly generated as generatedTrustManagers,True,okhttp3/internal/platform/Platform.java,com.fox.foxfast.universal,434,5k-10k,CogniCrypt,Utilities,OkHttp
First parameter was not properly generated as generatedKeyManagers,False,okhttp3/internal/platform/Platform.java,com.fox.foxfast.universal,434,5k-10k,CogniCrypt,Utilities,OkHttp
Third parameter was not properly generated as randomized,False,okhttp3/internal/platform/Platform.java,com.fox.foxfast.universal,434,5k-10k,CogniCrypt,Utilities,OkHttp
"Constraint ""protocol in {TLSv1.2, TLSv1.3}"" on object $r1 is violated due to the following reason:\n|- First parameter ""varReplacer4845"" with value ""TLS"" should be any of {TLSv1.2, TLSv1.3} (extracted @ varReplacer4845 = ""TLS"" @ line 75)",True,okhttp3/internal/platform/Platform.java,com.fox.foxfast.universal,434,5k-10k,CogniCrypt,Utilities,OkHttp
First parameter was not properly generated as generatedKeyStore,False,okhttp3/internal/platform/Platform.java,com.fox.foxfast.universal,434,5k-10k,CogniCrypt,Utilities,OkHttp
"Constraint ""protocol in {TLSv1.2, TLSv1.3}"" on object $r1 is violated due to the following reason:\n|- First parameter ""varReplacer4843"" with value ""TLS"" should be any of {TLSv1.2, TLSv1.3} (extracted @ varReplacer4843 = ""TLS"" @ line 44)",True,okhttp3/internal/platform/ConscryptPlatform.java,com.fox.foxfast.universal,434,5k-10k,CogniCrypt,Utilities,OkHttp
Third parameter was not properly generated as randomized,False,okhttp3/internal/platform/ConscryptPlatform.java,com.fox.foxfast.universal,434,5k-10k,CogniCrypt,Utilities,OkHttp
Second parameter was not properly generated as generatedTrustManagers,True,okhttp3/internal/platform/ConscryptPlatform.java,com.fox.foxfast.universal,434,5k-10k,CogniCrypt,Utilities,OkHttp
First parameter was not properly generated as generatedKeyManagers,False,okhttp3/internal/platform/ConscryptPlatform.java,com.fox.foxfast.universal,434,5k-10k,CogniCrypt,Utilities,OkHttp
First parameter was not properly generated as generatedKeyStore,False,okhttp3/internal/platform/ConscryptPlatform.java,com.fox.foxfast.universal,434,5k-10k,CogniCrypt,Utilities,OkHttp
First parameter was not properly generated as generatedKeyStore,False,okhttp3/internal/platform/OpenJSSEPlatform.java,com.fox.foxfast.universal,434,5k-10k,CogniCrypt,Utilities,OkHttp
Third parameter was not properly generated as randomized,False,okhttp3/internal/platform/Platform.java,com.fox.foxfast.universal,434,5k-10k,CogniCrypt,Utilities,OkHttp
"Constraint ""protocol in {TLSv1.2, TLSv1.3}"" on object $r16 is violated due to the following reason:\n|- First parameter ""varReplacer14777"" with value ""TLS"" should be any of {TLSv1.2, TLSv1.3} (extracted @ varReplacer14777 = ""TLS"" @ line 46)",True,com/mparticle/networking/g.java,com.fox.foxfast.universal,434,5k-10k,CogniCrypt,others,unknown
Third parameter was not properly generated as randomized,False,okhttp3/internal/platform/Platform.java,com.fox.foxfast.universal,434,5k-10k,CogniCrypt,Utilities,OkHttp
First parameter was not properly generated as generatedKeyManagers,False,com/mparticle/networking/g.java,com.fox.foxfast.universal,434,5k-10k,CogniCrypt,others,unknown
Third parameter was not properly generated as randomized,False,com/mparticle/networking/g.java,com.fox.foxfast.universal,434,5k-10k,CogniCrypt,others,unknown
First parameter was not properly generated as preparedKeyMaterial,False,com/google/android/exoplayer2/upstream/cache/CachedContentIndex$LegacyStorage.java,com.fox.foxfast.universal,434,5k-10k,CogniCrypt,Android,com.android.installreferrer::installreferrer
Second parameter was not properly generated as generatedCipher,False,com/google/android/exoplayer2/upstream/cache/CachedContentIndex$LegacyStorage.java,com.fox.foxfast.universal,434,5k-10k,CogniCrypt,Android,com.android.installreferrer::installreferrer
Second parameter parameter was not properly generated as generatedPrivkey OR generatedPubkey OR generatedKey,False,com/google/android/exoplayer2/upstream/cache/CachedContentIndex$LegacyStorage.java,com.fox.foxfast.universal,434,5k-10k,CogniCrypt,Android,com.android.installreferrer::installreferrer
Second parameter parameter was not properly generated as generatedPrivkey OR generatedPubkey OR generatedKey,False,com/google/android/exoplayer2/upstream/cache/CachedContentIndex$LegacyStorage.java,com.fox.foxfast.universal,434,5k-10k,CogniCrypt,Android,com.android.installreferrer::installreferrer
Second parameter was not properly generated as generatedCipher,False,com/google/android/exoplayer2/upstream/cache/CachedContentIndex$LegacyStorage.java,com.fox.foxfast.universal,434,5k-10k,CogniCrypt,Android,com.android.installreferrer::installreferrer
Second parameter parameter was not properly generated as generatedPubkey OR generatedKey OR generatedPrivkey,False,com/google/android/exoplayer2/upstream/cache/CachedContentIndex$LegacyStorage.java,com.fox.foxfast.universal,434,5k-10k,CogniCrypt,Android,com.android.installreferrer::installreferrer
Second parameter parameter was not properly generated as generatedPubkey OR generatedKey OR generatedPrivkey,False,com/google/android/exoplayer2/upstream/cache/CachedContentIndex$LegacyStorage.java,com.fox.foxfast.universal,434,5k-10k,CogniCrypt,Android,com.android.installreferrer::installreferrer
Return value parameter was not properly generated as generatedKey OR generatedPrivkey OR generatedPubkey,False,com/fox/foxfast/universal/utilities/UtilityBiometrics.java,com.fox.foxfast.universal,434,5k-10k,CogniCrypt,developer_written,not_applicable
"Constraint ""alg(transformation) in {AES} => mode(transformation) in {GCM, CTR, CTS, CFB, OFB}"" on object $r1 is violated due to the following reason:\n|- Constraint ""alg(transformation) in {AES} => mode(transformation) in {GCM, CTR, CTS, CFB, OFB}"" evaluates to <false>:\n\t|- The left side ""alg(transformation) in {AES}"" evaluates to <true>:\n\t\t|- First parameter ""varReplacer9457"" (transformation) with value ""AES/CBC/PKCS5PADDING"" satisfies the constraint in class com.google.android.exoplayer2.upstream.cache.CachedContentIndex @ $r1 = getInstance(varReplacer9457,varReplacer9458) @ line 353\n\t|- The right side ""mode(transformation) in {GCM, CTR, CTS, CFB, OFB}"" evaluates to <false>:\n\t\t|- First parameter ""varReplacer9457"" (transformation) with value ""AES/CBC/PKCS5PADDING"" violates the constraint in class com.google.android.exoplayer2.upstream.cache.CachedContentIndex @ $r1 = getInstance(varReplacer9457,varReplacer9458) @ line 353",True,com/google/android/exoplayer2/upstream/cache/CachedContentIndex.java,com.fox.foxfast.universal,434,5k-10k,CogniCrypt,Android,com.android.installreferrer::installreferrer
"Constraint ""alg(transformation) in {AES} => mode(transformation) in {GCM, CTR, CTS, CFB, OFB}"" on object $r1 is violated due to the following reason:\n|- Constraint ""alg(transformation) in {AES} => mode(transformation) in {GCM, CTR, CTS, CFB, OFB}"" evaluates to <false>:\n\t|- The left side ""alg(transformation) in {AES}"" evaluates to <true>:\n\t\t|- First parameter ""varReplacer9459"" (transformation) with value ""AES/CBC/PKCS5PADDING"" satisfies the constraint in class com.google.android.exoplayer2.upstream.cache.CachedContentIndex @ $r1 = getInstance(varReplacer9459) @ line 358\n\t|- The right side ""mode(transformation) in {GCM, CTR, CTS, CFB, OFB}"" evaluates to <false>:\n\t\t|- First parameter ""varReplacer9459"" (transformation) with value ""AES/CBC/PKCS5PADDING"" violates the constraint in class com.google.android.exoplayer2.upstream.cache.CachedContentIndex @ $r1 = getInstance(varReplacer9459) @ line 358",True,com/google/android/exoplayer2/upstream/cache/CachedContentIndex.java,com.fox.foxfast.universal,434,5k-10k,CogniCrypt,Android,com.android.installreferrer::installreferrer
"Constraint ""alg(transformation) in {AES} => mode(transformation) in {GCM, CTR, CTS, CFB, OFB}"" on object $r6 is violated due to the following reason:\n|- Constraint ""alg(transformation) in {AES} => mode(transformation) in {GCM, CTR, CTS, CFB, OFB}"" evaluates to <false>:\n\t|- The left side ""alg(transformation) in {AES}"" evaluates to <true>:\n\t\t|- First parameter ""varReplacer5263"" (transformation) with value ""AES/CBC/PKCS7Padding"" satisfies the constraint in class com.fox.foxfast.universal.utilities.UtilityBiometrics @ $r6 = getInstance(varReplacer5263) @ line 286\n\t|- The right side ""mode(transformation) in {GCM, CTR, CTS, CFB, OFB}"" evaluates to <false>:\n\t\t|- First parameter ""varReplacer5263"" (transformation) with value ""AES/CBC/PKCS7Padding"" violates the constraint in class com.fox.foxfast.universal.utilities.UtilityBiometrics @ $r6 = getInstance(varReplacer5263) @ line 286",True,com/fox/foxfast/universal/utilities/UtilityBiometrics.java,com.fox.foxfast.universal,434,5k-10k,CogniCrypt,developer_written,not_applicable
"Constraint ""alg(transformation) in {AES} => mode(transformation) in {GCM, CTR, CTS, CFB, OFB}"" on object $r6 is violated due to the following reason:\n|- Constraint ""alg(transformation) in {AES} => mode(transformation) in {GCM, CTR, CTS, CFB, OFB}"" evaluates to <false>:\n\t|- The left side ""alg(transformation) in {AES}"" evaluates to <true>:\n\t\t|- First parameter ""varReplacer5274"" (transformation) with value ""AES/CBC/PKCS7Padding"" satisfies the constraint in class com.fox.foxfast.universal.utilities.UtilityBiometrics @ $r6 = getInstance(varReplacer5274) @ line 312\n\t|- The right side ""mode(transformation) in {GCM, CTR, CTS, CFB, OFB}"" evaluates to <false>:\n\t\t|- First parameter ""varReplacer5274"" (transformation) with value ""AES/CBC/PKCS7Padding"" violates the constraint in class com.fox.foxfast.universal.utilities.UtilityBiometrics @ $r6 = getInstance(varReplacer5274) @ line 312",True,com/fox/foxfast/universal/utilities/UtilityBiometrics.java,com.fox.foxfast.universal,434,5k-10k,CogniCrypt,developer_written,not_applicable
"Constraint ""alg(transformation) in {AES} => mode(transformation) in {GCM, CTR, CTS, CFB, OFB}"" on object $r6 is violated due to the following reason:\n|- Constraint ""alg(transformation) in {AES} => mode(transformation) in {GCM, CTR, CTS, CFB, OFB}"" evaluates to <false>:\n\t|- The left side ""alg(transformation) in {AES}"" evaluates to <true>:\n\t\t|- First parameter ""varReplacer5252"" (transformation) with value ""AES/CBC/PKCS7Padding"" satisfies the constraint in class com.fox.foxfast.universal.utilities.UtilityBiometrics @ $r6 = getInstance(varReplacer5252) @ line 260\n\t|- The right side ""mode(transformation) in {GCM, CTR, CTS, CFB, OFB}"" evaluates to <false>:\n\t\t|- First parameter ""varReplacer5252"" (transformation) with value ""AES/CBC/PKCS7Padding"" violates the constraint in class com.fox.foxfast.universal.utilities.UtilityBiometrics @ $r6 = getInstance(varReplacer5252) @ line 260",True,com/fox/foxfast/universal/utilities/UtilityBiometrics.java,com.fox.foxfast.universal,434,5k-10k,CogniCrypt,developer_written,not_applicable
"Constraint ""alg(transformation) in {AES} => mode(transformation) in {GCM, CTR, CTS, CFB, OFB}"" on object $r6 is violated due to the following reason:\n|- Constraint ""alg(transformation) in {AES} => mode(transformation) in {GCM, CTR, CTS, CFB, OFB}"" evaluates to <false>:\n\t|- The left side ""alg(transformation) in {AES}"" evaluates to <true>:\n\t\t|- First parameter ""varReplacer5285"" (transformation) with value ""AES/CBC/PKCS7Padding"" satisfies the constraint in class com.fox.foxfast.universal.utilities.UtilityBiometrics @ $r6 = getInstance(varReplacer5285) @ line 338\n\t|- The right side ""mode(transformation) in {GCM, CTR, CTS, CFB, OFB}"" evaluates to <false>:\n\t\t|- First parameter ""varReplacer5285"" (transformation) with value ""AES/CBC/PKCS7Padding"" violates the constraint in class com.fox.foxfast.universal.utilities.UtilityBiometrics @ $r6 = getInstance(varReplacer5285) @ line 338",True,com/fox/foxfast/universal/utilities/UtilityBiometrics.java,com.fox.foxfast.universal,434,5k-10k,CogniCrypt,developer_written,not_applicable
Second parameter parameter was not properly generated as generatedKey OR generatedPubkey OR generatedPrivkey,False,com/fox/foxfast/universal/utilities/UtilityBiometrics.java,com.fox.foxfast.universal,434,5k-10k,CogniCrypt,developer_written,not_applicable
"Constraint ""type in {JCEKS, JKS, DKS, PKCS11, PKCS12}"" on object $r24 is violated due to the following reason:\n|- First parameter ""varReplacer5294"" with value ""AndroidKeyStore"" should be any of {JCEKS, JKS, DKS, PKCS11, PKCS12} (extracted @ varReplacer5294 = ""AndroidKeyStore"" @ line 179)",False,com/fox/foxfast/universal/utilities/UtilityBiometrics.java,com.fox.foxfast.universal,434,5k-10k,CogniCrypt,developer_written,not_applicable
Second parameter was not properly generated as generatedTrustManagers,True,okhttp3/internal/platform/Platform.java,com.fox.foxfast.universal,434,5k-10k,CogniCrypt,Utilities,OkHttp
Second parameter was not properly generated as generatedTrustManagers,True,com/mparticle/networking/g.java,com.fox.foxfast.universal,434,5k-10k,CogniCrypt,others,unknown
First parameter was not properly generated as generatedKeyStore,True,com/mparticle/networking/g.java,com.fox.foxfast.universal,434,5k-10k,CogniCrypt,others,unknown
First parameter was not properly generated as randomized,False,com/google/android/exoplayer2/upstream/cache/CachedContentIndex$LegacyStorage.java,com.fox.foxfast.universal,434,5k-10k,CogniCrypt,Android,com.android.installreferrer::installreferrer
First parameter was not properly generated as generatedKeyManagers,False,bo/app/i5.java,com.fox.foxfast.universal,434,5k-10k,CogniCrypt,others,unknown
"Constraint ""algorithm in {SHA-256, SHA-384, SHA-512}"" on object $r1 is violated due to the following reason:\n|- First parameter ""varReplacer13371"" with value ""MD5"" should be any of {SHA-256, SHA-384, SHA-512} (extracted @ varReplacer13371 = ""MD5"" @ line 1)",True,com/braze/support/StringUtils.java,com.fox.foxfast.universal,434,5k-10k,CogniCrypt,others,unknown
Third parameter was not properly generated as randomized,False,okhttp3/internal/platform/Platform.java,com.fox.foxfast.universal,434,5k-10k,CogniCrypt,Utilities,OkHttp
First parameter was not properly generated as generatedKeyManagers,False,okhttp3/internal/platform/Platform.java,com.fox.foxfast.universal,434,5k-10k,CogniCrypt,Utilities,OkHttp
First parameter was not properly generated as generatedKeyManagers,False,okhttp3/internal/platform/Platform.java,com.fox.foxfast.universal,434,5k-10k,CogniCrypt,Utilities,OkHttp
First parameter was not properly generated as generatedKeyManagers,False,okhttp3/internal/platform/Platform.java,com.fox.foxfast.universal,434,5k-10k,CogniCrypt,Utilities,OkHttp
"Constraint ""protocol in {TLSv1.2, TLSv1.3}"" on object $r1 is violated due to the following reason:\n|- First parameter ""varReplacer4849"" with value ""TLS"" should be any of {TLSv1.2, TLSv1.3} (extracted @ varReplacer4849 = ""TLS"" @ line 38)",True,okhttp3/internal/platform/BouncyCastlePlatform.java,com.fox.foxfast.universal,434,5k-10k,CogniCrypt,Utilities,OkHttp
First parameter was not properly generated as generatedKeyStore,False,okhttp3/internal/platform/BouncyCastlePlatform.java,com.fox.foxfast.universal,434,5k-10k,CogniCrypt,Utilities,OkHttp
First parameter was not properly generated as randomized,False,com/fox/foxfast/universal/utilities/UtilityBiometrics.java,com.fox.foxfast.universal,434,5k-10k,CogniCrypt,developer_written,not_applicable
"Constraint ""alg(transformation) in {AES} => mode(transformation) in {GCM, CTR, CTS, CFB, OFB}"" on object $r25 is violated due to the following reason:\n|- Constraint ""alg(transformation) in {AES} => mode(transformation) in {GCM, CTR, CTS, CFB, OFB}"" evaluates to <false>:\n\t|- The left side ""alg(transformation) in {AES}"" evaluates to <true>:\n\t\t|- First parameter ""varReplacer5296"" (transformation) with value ""AES/CBC/PKCS7Padding"" satisfies the constraint in class com.fox.foxfast.universal.utilities.UtilityBiometrics @ $r25 = getInstance(varReplacer5296) @ line 182\n\t|- The right side ""mode(transformation) in {GCM, CTR, CTS, CFB, OFB}"" evaluates to <false>:\n\t\t|- First parameter ""varReplacer5296"" (transformation) with value ""AES/CBC/PKCS7Padding"" violates the constraint in class com.fox.foxfast.universal.utilities.UtilityBiometrics @ $r25 = getInstance(varReplacer5296) @ line 182",True,com/fox/foxfast/universal/utilities/UtilityBiometrics.java,com.fox.foxfast.universal,434,5k-10k,CogniCrypt,developer_written,not_applicable
Second parameter was not properly generated as generatedTrustManagers,True,okhttp3/internal/platform/Platform.java,com.fox.foxfast.universal,434,5k-10k,CogniCrypt,Utilities,OkHttp
Second parameter parameter was not properly generated as generatedKey OR generatedPubkey OR generatedPrivkey,False,com/fox/foxfast/universal/utilities/UtilityBiometrics.java,com.fox.foxfast.universal,434,5k-10k,CogniCrypt,developer_written,not_applicable
Return value parameter was not properly generated as generatedPrivkey OR generatedKey OR generatedPubkey,False,com/fox/foxfast/universal/utilities/UtilityBiometrics.java,com.fox.foxfast.universal,434,5k-10k,CogniCrypt,developer_written,not_applicable
First parameter was not properly generated as preparedRSA,False,com/microsoft/appcenter/utils/crypto/CryptoRsaHandler.java,com.fox.foxfast.universal,434,5k-10k,CogniCrypt,others,unknown
First parameter was not properly generated as preparedKeyMaterial,True,com/mparticle/internal/MPUtility.java,com.fox.foxfast.universal,434,5k-10k,CogniCrypt,others,unknown
First parameter was not properly generated as generatedKey,True,com/mparticle/internal/MPUtility.java,com.fox.foxfast.universal,434,5k-10k,CogniCrypt,others,unknown
"Constraint ""type in {JCEKS, JKS, DKS, PKCS11, PKCS12}"" on object $r9 is violated due to the following reason:\n|- First parameter ""varReplacer12616"" with value ""AndroidKeyStore"" should be any of {JCEKS, JKS, DKS, PKCS11, PKCS12} (extracted @ varReplacer12616 = ""AndroidKeyStore"" @ line 164)",False,com/microsoft/appcenter/utils/crypto/CryptoUtils.java,com.fox.foxfast.universal,434,5k-10k,CogniCrypt,others,unknown
Second parameter was not properly generated as generatedTrustManagers,False,bo/app/i5.java,com.fox.foxfast.universal,434,5k-10k,CogniCrypt,others,unknown
Third parameter was not properly generated as randomized,False,bo/app/i5.java,com.fox.foxfast.universal,434,5k-10k,CogniCrypt,others,unknown
Second parameter parameter was not properly generated as generatedKey OR generatedPubkey OR generatedPrivkey,False,com/fox/foxfast/universal/utilities/UtilityBiometrics.java,com.fox.foxfast.universal,434,5k-10k,CogniCrypt,developer_written,not_applicable
"Constraint ""protocol in {TLSv1.2, TLSv1.3}"" on object $r1 is violated due to the following reason:\n|- First parameter ""varReplacer2579"" with value ""TLS"" should be any of {TLSv1.2, TLSv1.3} (extracted @ varReplacer2579 = ""TLS"" @ line 1)",True,bo/app/i5.java,com.fox.foxfast.universal,434,5k-10k,CogniCrypt,others,unknown
Third parameter was not properly generated as randomized,False,okhttp3/internal/platform/ClickColorsUnderlying.java,com.free.neo.vpn,77761,>5M,CogniCrypt,Utilities,OkHttp
First parameter was not properly generated as generatedKeyManagers,False,okhttp3/internal/platform/ClickColorsUnderlying.java,com.free.neo.vpn,77761,>5M,CogniCrypt,Utilities,OkHttp
First parameter was not properly generated as generatedKeyManagers,False,okhttp3/internal/platform/ClickColorsUnderlying.java,com.free.neo.vpn,77761,>5M,CogniCrypt,Utilities,OkHttp
First parameter was not properly generated as generatedKeyManagers,False,okhttp3/internal/platform/ClickColorsUnderlying.java,com.free.neo.vpn,77761,>5M,CogniCrypt,Utilities,OkHttp
First parameter was not properly generated as generatedKeyStore,False,okhttp3/internal/platform/ClickColorsUnderlying.java,com.free.neo.vpn,77761,>5M,CogniCrypt,Utilities,OkHttp
Second parameter was not properly generated as generatedTrustManagers,True,okhttp3/internal/platform/ClickColorsUnderlying.java,com.free.neo.vpn,77761,>5M,CogniCrypt,Utilities,OkHttp
"Constraint ""protocol in {TLSv1.2, TLSv1.3}"" on object $r1 is violated due to the following reason:\n|- First parameter ""varReplacer6192"" with value ""TLS"" should be any of {TLSv1.2, TLSv1.3} (extracted @ varReplacer6192 = ""TLS"" @ line 2)",False,okhttp3/internal/platform/ClickColorsUnderlying.java,com.free.neo.vpn,77761,>5M,CogniCrypt,Utilities,OkHttp
Second parameter was not properly generated as generatedTrustManagers,True,okhttp3/internal/platform/ClickColorsUnderlying.java,com.free.neo.vpn,77761,>5M,CogniCrypt,Utilities,OkHttp
Third parameter was not properly generated as randomized,False,okhttp3/internal/platform/ClickColorsUnderlying.java,com.free.neo.vpn,77761,>5M,CogniCrypt,Utilities,OkHttp
Third parameter was not properly generated as randomized,False,okhttp3/internal/platform/ClickColorsUnderlying.java,com.free.neo.vpn,77761,>5M,CogniCrypt,Utilities,OkHttp
First parameter was not properly generated as generatedKey,True,com/appsflyer/internal/AFb1mSDK.java,com.free.neo.vpn,77761,>5M,CogniCrypt,Analytics,AppsFlyer
Third parameter was not properly generated as randomized,False,okhttp3/internal/platform/ClickColorsUnderlying.java,com.free.neo.vpn,77761,>5M,CogniCrypt,Utilities,OkHttp
Second parameter was not properly generated as generatedTrustManagers,True,okhttp3/internal/platform/ClickColorsUnderlying.java,com.free.neo.vpn,77761,>5M,CogniCrypt,Utilities,OkHttp
First parameter was not properly generated as generatedKeyManagers,False,okhttp3/internal/platform/ClickColorsUnderlying.java,com.free.neo.vpn,77761,>5M,CogniCrypt,Utilities,OkHttp
First parameter was not properly generated as generatedKeyStore,False,okhttp3/internal/platform/FarAlignedConditional.java,com.free.neo.vpn,77761,>5M,CogniCrypt,Utilities,OkHttp
"Constraint ""algorithm in {SHA-256, SHA-384, SHA-512}"" on object $r1 is violated due to the following reason:\n|- First parameter ""varReplacer11841"" with value ""MD5"" should be any of {SHA-256, SHA-384, SHA-512} (extracted @ varReplacer11841 = ""MD5"" @ line 6)",True,PinchPickingFloating/SpeedBannerHorizontal.java,com.free.neo.vpn,77761,>5M,CogniCrypt,others,unknown
"Constraint ""algorithm in {SHA-256, SHA-384, SHA-512}"" on object $r1 is violated due to the following reason:\n|- First parameter ""varReplacer5439"" with value ""MD5"" should be any of {SHA-256, SHA-384, SHA-512} (extracted @ varReplacer5439 = ""MD5"" @ line 6)",True,FirstFocusedPrediction/CallsCookiesNanograms.java,com.free.neo.vpn,77761,>5M,CogniCrypt,Android,ion
"Constraint ""protocol in {TLSv1.2, TLSv1.3}"" on object $r1 is violated due to the following reason:\n|- First parameter ""varReplacer6196"" with value ""TLS"" should be any of {TLSv1.2, TLSv1.3} (extracted @ varReplacer6196 = ""TLS"" @ line 4)",True,okhttp3/internal/platform/WeakGlobalAddition.java,com.free.neo.vpn,77761,>5M,CogniCrypt,Utilities,OkHttp
First parameter was not properly generated as generatedKeyStore,False,okhttp3/internal/platform/WeakGlobalAddition.java,com.free.neo.vpn,77761,>5M,CogniCrypt,Utilities,OkHttp
"Constraint ""algorithm in {SHA-256, SHA-384, SHA-512}"" on object $r7 is violated due to the following reason:\n|- First parameter ""varReplacer11350"" with value ""MD5"" should be any of {SHA-256, SHA-384, SHA-512} (extracted @ varReplacer11350 = ""MD5"" @ line 45)",True,com/google/android/gms/ads/internal/util/client/zzf.java,com.free.neo.vpn,77761,>5M,CogniCrypt,Utilities,Gson
First parameter was not properly generated as preparedKeyMaterial,True,com/appsflyer/internal/AFb1mSDK.java,com.free.neo.vpn,77761,>5M,CogniCrypt,Analytics,AppsFlyer
Second parameter was not properly generated as generatedTrustManagers,True,okhttp3/internal/platform/ClickColorsUnderlying.java,com.free.neo.vpn,77761,>5M,CogniCrypt,Utilities,OkHttp
First parameter was not properly generated as generatedKeyManagers,False,okhttp3/internal/platform/JunkSocketLithuanian.java,com.free.neo.vpn,77761,>5M,CogniCrypt,Utilities,OkHttp
Second parameter was not properly generated as generatedTrustManagers,True,okhttp3/internal/platform/JunkSocketLithuanian.java,com.free.neo.vpn,77761,>5M,CogniCrypt,Utilities,OkHttp
"Constraint ""protocol in {TLSv1.2, TLSv1.3}"" on object $r1 is violated due to the following reason:\n|- First parameter ""varReplacer6190"" with value ""TLS"" should be any of {TLSv1.2, TLSv1.3} (extracted @ varReplacer6190 = ""TLS"" @ line 4)",True,okhttp3/internal/platform/JunkSocketLithuanian.java,com.free.neo.vpn,77761,>5M,CogniCrypt,Utilities,OkHttp
Third parameter was not properly generated as randomized,False,okhttp3/internal/platform/JunkSocketLithuanian.java,com.free.neo.vpn,77761,>5M,CogniCrypt,Utilities,OkHttp
"Constraint ""algorithm in {SHA-256, SHA-384, SHA-512}"" on object $r5 is violated due to the following reason:\n|- First parameter ""varReplacer8258"" with value ""MD5"" should be any of {SHA-256, SHA-384, SHA-512} (extracted @ varReplacer8258 = ""MD5"" @ line 7)",True,com/google/android/gms/internal/consent_sdk/zzcl.java,com.free.neo.vpn,77761,>5M,CogniCrypt,Utilities,Gson
"Constraint ""algorithm in {HmacSHA256, HmacSHA384, HmacSHA512, HmacPBESHA1, PBEWithHmacSHA1, PBEWithHmacSHA224, PBEWithHmacSHA256, PBEWithHmacSHA384, PBEWithHmacSHA512}"" on object $r3 is violated due to the following reason:\n|- First parameter ""varReplacer8523"" with value ""HmacMD5"" should be any of {HmacSHA256, HmacSHA384, HmacSHA512, HmacPBESHA1, PBEWithHmacSHA1, PBEWithHmacSHA224, PBEWithHmacSHA256, PBEWithHmacSHA384, PBEWithHmacSHA512} (extracted @ varReplacer8523 = ""HmacMD5"" @ line 2)",True,FirstFocusedPrediction/SpeedBannerHorizontal.java,com.free.neo.vpn,77761,>5M,CogniCrypt,Android,ion
"Constraint ""keyAlgorithm in {AES, HmacSHA256, HmacSHA384, HmacSHA512}"" on object $r7 is violated due to the following reason:\n|- Second parameter ""varReplacer8522"" with value ""HmacMD5"" should be any of {AES, HmacSHA256, HmacSHA384, HmacSHA512} (extracted @ varReplacer8522 = ""HmacMD5"" @ line 2)",True,FirstFocusedPrediction/SpeedBannerHorizontal.java,com.free.neo.vpn,77761,>5M,CogniCrypt,Android,ion
First parameter was not properly generated as preparedKeyMaterial,True,FirstFocusedPrediction/SpeedBannerHorizontal.java,com.free.neo.vpn,77761,>5M,CogniCrypt,Android,ion
Second parameter parameter was not properly generated as generatedPubkey OR generatedKey OR generatedPrivkey,True,LossIssuingDiscovery/SpeedBannerHorizontal.java,com.free.neo.vpn,77761,>5M,CogniCrypt,others,unknown
First parameter was not properly generated as randomized,True,LossIssuingDiscovery/SpeedBannerHorizontal.java,com.free.neo.vpn,77761,>5M,CogniCrypt,others,unknown
First parameter was not properly generated as preparedKeyMaterial,True,LossIssuingDiscovery/SpeedBannerHorizontal.java,com.free.neo.vpn,77761,>5M,CogniCrypt,others,unknown
"Constraint ""alg(transformation) in {AES} => mode(transformation) in {GCM, CTR, CTS, CFB, OFB}"" on object $r7 is violated due to the following reason:\n|- Constraint ""alg(transformation) in {AES} => mode(transformation) in {GCM, CTR, CTS, CFB, OFB}"" evaluates to <false>:\n\t|- The left side ""alg(transformation) in {AES}"" evaluates to <true>:\n\t\t|- First parameter ""varReplacer11824"" (transformation) with value ""AES/CBC/PKCS5PADDING"" satisfies the constraint in class LossIssuingDiscovery.SpeedBannerHorizontal @ $r7 = getInstance(varReplacer11824) @ line 25\n\t|- The right side ""mode(transformation) in {GCM, CTR, CTS, CFB, OFB}"" evaluates to <false>:\n\t\t|- First parameter ""varReplacer11824"" (transformation) with value ""AES/CBC/PKCS5PADDING"" violates the constraint in class LossIssuingDiscovery.SpeedBannerHorizontal @ $r7 = getInstance(varReplacer11824) @ line 25",True,LossIssuingDiscovery/SpeedBannerHorizontal.java,com.free.neo.vpn,77761,>5M,CogniCrypt,others,unknown
First parameter was not properly generated as generatedKey,True,FirstFocusedPrediction/SpeedBannerHorizontal.java,com.free.neo.vpn,77761,>5M,CogniCrypt,Android,ion
Second parameter parameter was not properly generated as generatedPubkey OR generatedKey OR generatedPrivkey,True,com/yolo/networklibrary/common/util/cipher/SpeedBannerHorizontal.java,com.free.neo.vpn,77761,>5M,CogniCrypt,others,unknown
"Constraint ""alg(transformation) in {AES} => mode(transformation) in {GCM, CTR, CTS, CFB, OFB}"" on object $r11 is violated due to the following reason:\n|- Constraint ""alg(transformation) in {AES} => mode(transformation) in {GCM, CTR, CTS, CFB, OFB}"" evaluates to <false>:\n\t|- The left side ""alg(transformation) in {AES}"" evaluates to <true>:\n\t\t|- First parameter ""varReplacer5406"" (transformation) with value ""AES/CBC/PKCS5PADDING"" satisfies the constraint in class com.yolo.networklibrary.common.util.cipher.SpeedBannerHorizontal @ $r11 = getInstance(varReplacer5406) @ line 69\n\t|- The right side ""mode(transformation) in {GCM, CTR, CTS, CFB, OFB}"" evaluates to <false>:\n\t\t|- First parameter ""varReplacer5406"" (transformation) with value ""AES/CBC/PKCS5PADDING"" violates the constraint in class com.yolo.networklibrary.common.util.cipher.SpeedBannerHorizontal @ $r11 = getInstance(varReplacer5406) @ line 69",True,com/yolo/networklibrary/common/util/cipher/SpeedBannerHorizontal.java,com.free.neo.vpn,77761,>5M,CogniCrypt,others,unknown
"Constraint ""alg(transformation) in {AES} => mode(transformation) in {GCM, CTR, CTS, CFB, OFB}"" on object $r11 is violated due to the following reason:\n|- Constraint ""alg(transformation) in {AES} => mode(transformation) in {GCM, CTR, CTS, CFB, OFB}"" evaluates to <false>:\n\t|- The left side ""alg(transformation) in {AES}"" evaluates to <true>:\n\t\t|- First parameter ""varReplacer8699"" (transformation) with value ""AES/CBC/PKCS5PADDING"" satisfies the constraint in class com.yolo.networklibrary.common.util.cipher.SpeedBannerHorizontal @ $r11 = getInstance(varReplacer8699) @ line 69\n\t|- The right side ""mode(transformation) in {GCM, CTR, CTS, CFB, OFB}"" evaluates to <false>:\n\t\t|- First parameter ""varReplacer8699"" (transformation) with value ""AES/CBC/PKCS5PADDING"" violates the constraint in class com.yolo.networklibrary.common.util.cipher.SpeedBannerHorizontal @ $r11 = getInstance(varReplacer8699) @ line 69",True,com/yolo/networklibrary/common/util/cipher/SpeedBannerHorizontal.java,com.free.neo.vpn,77761,>5M,CogniCrypt,others,unknown
Second parameter parameter was not properly generated as generatedPrivkey OR generatedPubkey OR generatedKey,True,com/yolo/networklibrary/common/util/cipher/SpeedBannerHorizontal.java,com.free.neo.vpn,77761,>5M,CogniCrypt,others,unknown
First parameter was not properly generated as preparedKeyMaterial,True,com/yolo/networklibrary/common/util/cipher/SpeedBannerHorizontal.java,com.free.neo.vpn,77761,>5M,CogniCrypt,others,unknown
First parameter was not properly generated as generatedKeyStore,False,okhttp3/internal/platform/JunkSocketLithuanian.java,com.free.neo.vpn,77761,>5M,CogniCrypt,Utilities,OkHttp
First parameter was not properly generated as randomized,True,com/yolo/networklibrary/common/util/cipher/SpeedBannerHorizontal.java,com.free.neo.vpn,77761,>5M,CogniCrypt,others,unknown
First parameter was not properly generated as preparedKeyMaterial,True,com/yolo/networklibrary/common/util/cipher/SpeedBannerHorizontal.java,com.free.neo.vpn,77761,>5M,CogniCrypt,others,unknown
First parameter was not properly generated as randomized,True,com/yolo/networklibrary/common/util/cipher/SpeedBannerHorizontal.java,com.free.neo.vpn,77761,>5M,CogniCrypt,others,unknown
Second parameter was not properly generated as generatedTrustManagers,True,com/gameloft/android/ANMP/GloftIVHM/GLUtils/c.java,com.gameloft.android.ANMP.GloftIVHM,21401,>5M,CogniCrypt,developer_written,not_applicable
"Constraint ""algorithm in {SHA-256, SHA-384, SHA-512}"" on object $r2 is violated due to the following reason:\n|- First parameter ""varReplacer3128"" with value ""MD5"" should be any of {SHA-256, SHA-384, SHA-512} (extracted @ varReplacer3128 = ""MD5"" @ line 1)",True,com/facebook/appevents/AppEvent$Companion.java,com.gameloft.android.ANMP.GloftIVHM,21401,>5M,CogniCrypt,SocialMedia,Facebook-App-Links
"Constraint ""algorithm in {SHA-256, SHA-384, SHA-512}"" on object $r4 is violated due to the following reason:\n|- First parameter ""$r3"" with value ""MD5"" should be any of {SHA-256, SHA-384, SHA-512} (extracted @ varReplacer8868 = ""MD5"" @ line 1)\n|- First parameter ""$r3"" with value ""SHA-1"" should be any of {SHA-256, SHA-384, SHA-512} (extracted @ varReplacer2966 = ""SHA-1"" @ line 2)",True,com/facebook/internal/Utility.java,com.gameloft.android.ANMP.GloftIVHM,21401,>5M,CogniCrypt,SocialMedia,Facebook-App-Links
"Constraint ""algorithm in {SHA-256, SHA-384, SHA-512}"" on object $r2 is violated due to the following reason:\n|- First parameter ""varReplacer8710"" with value ""MD5"" should be any of {SHA-256, SHA-384, SHA-512} (extracted @ varReplacer8710 = ""MD5"" @ line 1)",True,com/facebook/appevents/internal/HashUtils.java,com.gameloft.android.ANMP.GloftIVHM,21401,>5M,CogniCrypt,SocialMedia,Facebook-App-Links
Third parameter was not properly generated as randomized,False,io/didomi/sdk/te$a.java,com.gameloft.android.ANMP.GloftIVHM,21401,>5M,CogniCrypt,others,unknown
"Constraint ""protocol in {TLSv1.2, TLSv1.3}"" on object $r1 is violated due to the following reason:\n|- First parameter ""varReplacer15805"" with value ""TLS"" should be any of {TLSv1.2, TLSv1.3} (extracted @ varReplacer15805 = ""TLS"" @ line 1)",True,io/didomi/sdk/te$a.java,com.gameloft.android.ANMP.GloftIVHM,21401,>5M,CogniCrypt,others,unknown
First parameter was not properly generated as generatedKeyManagers,False,io/didomi/sdk/te$a.java,com.gameloft.android.ANMP.GloftIVHM,21401,>5M,CogniCrypt,others,unknown
"Constraint ""algorithm in {SHA-256, SHA-384, SHA-512}"" on object $r8 is violated due to the following reason:\n|- First parameter ""varReplacer8671"" with value ""SHA1"" should be any of {SHA-256, SHA-384, SHA-512} (extracted @ varReplacer8671 = ""SHA1"" @ line 2)",True,com/facebook/internal/security/CertificateUtil.java,com.gameloft.android.ANMP.GloftIVHM,21401,>5M,CogniCrypt,SocialMedia,Facebook-App-Links
"Constraint ""protocol in {TLSv1.2, TLSv1.3}"" on object $r2 is violated due to the following reason:\n|- First parameter ""varReplacer6234"" with value ""TLS"" should be any of {TLSv1.2, TLSv1.3} (extracted @ varReplacer6234 = ""TLS"" @ line 8)",True,com/gameloft/android/ANMP/GloftIVHM/GLUtils/c.java,com.gameloft.android.ANMP.GloftIVHM,21401,>5M,CogniCrypt,developer_written,not_applicable
Second parameter was not properly generated as generatedTrustManagers,False,io/didomi/sdk/te$a.java,com.gameloft.android.ANMP.GloftIVHM,21401,>5M,CogniCrypt,others,unknown
First parameter was not properly generated as preparedKeyMaterial,True,com/gameloft/android/ANMP/GloftIVHM/GLUtils/DefReader.java,com.gameloft.android.ANMP.GloftIVHM,21401,>5M,CogniCrypt,developer_written,not_applicable
Second parameter parameter was not properly generated as generatedKey OR generatedPubkey OR generatedPrivkey,True,com/gameloft/android/ANMP/GloftIVHM/GLUtils/DefReader.java,com.gameloft.android.ANMP.GloftIVHM,21401,>5M,CogniCrypt,developer_written,not_applicable
"Constraint ""alg(transformation) in {AES} => mode(transformation) in {GCM, CTR, CTS, CFB, OFB}"" on object $r6 is violated due to the following reason:\n|- Constraint ""alg(transformation) in {AES} => mode(transformation) in {GCM, CTR, CTS, CFB, OFB}"" evaluates to <false>:\n\t|- The left side ""alg(transformation) in {AES}"" evaluates to <true>:\n\t\t|- First parameter ""varReplacer6203"" (transformation) with value ""AES"" satisfies the constraint in class com.gameloft.android.ANMP.GloftIVHM.GLUtils.DefReader @ $r6 = getInstance(varReplacer6203) @ line 2\n\t|- The right side ""mode(transformation) in {GCM, CTR, CTS, CFB, OFB}"" evaluates to <false>:\n\t\t|- First parameter ""varReplacer6203"" (transformation) with value ""AES"" violates the constraint in class com.gameloft.android.ANMP.GloftIVHM.GLUtils.DefReader @ $r6 = getInstance(varReplacer6203) @ line 2",True,com/gameloft/android/ANMP/GloftIVHM/GLUtils/DefReader.java,com.gameloft.android.ANMP.GloftIVHM,21401,>5M,CogniCrypt,developer_written,not_applicable
First parameter was not properly generated as preparedKeyMaterial,True,com/gameloft/android/ANMP/GloftIVHM/GLUtils/Encrypter.java,com.gameloft.android.ANMP.GloftIVHM,21401,>5M,CogniCrypt,developer_written,not_applicable
Second parameter parameter was not properly generated as generatedPubkey OR generatedPrivkey OR generatedKey,True,com/gameloft/android/ANMP/GloftIVHM/GLUtils/Encrypter.java,com.gameloft.android.ANMP.GloftIVHM,21401,>5M,CogniCrypt,developer_written,not_applicable
Second parameter parameter was not properly generated as generatedPubkey OR generatedPrivkey OR generatedKey,True,com/gameloft/android/ANMP/GloftIVHM/GLUtils/Encrypter.java,com.gameloft.android.ANMP.GloftIVHM,21401,>5M,CogniCrypt,developer_written,not_applicable
First parameter was not properly generated as preparedKeyMaterial,True,com/gameloft/android/ANMP/GloftIVHM/GLUtils/Encrypter.java,com.gameloft.android.ANMP.GloftIVHM,21401,>5M,CogniCrypt,developer_written,not_applicable
First parameter was not properly generated as generatedKeyManagers,False,com/gameloft/android/ANMP/GloftIVHM/GLUtils/c.java,com.gameloft.android.ANMP.GloftIVHM,21401,>5M,CogniCrypt,developer_written,not_applicable
"Constraint ""algorithm in {SHA-256, SHA-384, SHA-512}"" on object $r1 is violated due to the following reason:\n|- First parameter ""varReplacer3312"" with value ""SHA-1"" should be any of {SHA-256, SHA-384, SHA-512} (extracted @ varReplacer3312 = ""SHA-1"" @ line 199)",True,com/squareup/okhttp/internal/Util.java,com.gcart.android.tokojsfashion,10,1k-5k,CogniCrypt,Android,Picasso
Second parameter was not properly generated as generatedTrustManagers,False,com/squareup/okhttp/OkHttpClient.java,com.gcart.android.tokojsfashion,10,1k-5k,CogniCrypt,Android,Picasso
First parameter was not properly generated as generatedKeyManagers,False,com/squareup/okhttp/OkHttpClient.java,com.gcart.android.tokojsfashion,10,1k-5k,CogniCrypt,Android,Picasso
"Constraint ""protocol in {TLSv1.2, TLSv1.3}"" on object $r3 is violated due to the following reason:\n|- First parameter ""varReplacer1222"" with value ""TLS"" should be any of {TLSv1.2, TLSv1.3} (extracted @ varReplacer1222 = ""TLS"" @ line 661)",True,com/squareup/okhttp/OkHttpClient.java,com.gcart.android.tokojsfashion,10,1k-5k,CogniCrypt,Android,Picasso
First parameter was not properly generated as generatedKeyStore,False,okhttp3/OkHttpClient.java,com.gcart.android.tokojsfashion,10,1k-5k,CogniCrypt,Utilities,OkHttp
Second parameter was not properly generated as generatedTrustManagers,False,okhttp3/OkHttpClient.java,com.gcart.android.tokojsfashion,10,1k-5k,CogniCrypt,Utilities,OkHttp
Third parameter was not properly generated as randomized,False,com/squareup/okhttp/OkHttpClient.java,com.gcart.android.tokojsfashion,10,1k-5k,CogniCrypt,Android,Picasso
First parameter was not properly generated as generatedKeyManagers,False,okhttp3/OkHttpClient.java,com.gcart.android.tokojsfashion,10,1k-5k,CogniCrypt,Utilities,OkHttp
Third parameter was not properly generated as randomized,False,okhttp3/OkHttpClient.java,com.gcart.android.tokojsfashion,10,1k-5k,CogniCrypt,Utilities,OkHttp
First parameter was not properly generated as generatedKeyManagers,False,okhttp3/OkHttpClient.java,com.gcart.android.tokojsfashion,10,1k-5k,CogniCrypt,Utilities,OkHttp
Second parameter was not properly generated as generatedTrustManagers,False,okhttp3/OkHttpClient.java,com.gcart.android.tokojsfashion,10,1k-5k,CogniCrypt,Utilities,OkHttp
"Constraint ""protocol in {TLSv1.2, TLSv1.3}"" on object $r2 is violated due to the following reason:\n|- First parameter ""varReplacer2656"" with value ""TLS"" should be any of {TLSv1.2, TLSv1.3} (extracted @ varReplacer2656 = ""TLS"" @ line 91)",True,okhttp3/internal/platform/ConscryptPlatform.java,com.gcart.android.tokojsfashion,10,1k-5k,CogniCrypt,Utilities,OkHttp
"Constraint ""protocol in {TLSv1.2, TLSv1.3}"" on object $r2 is violated due to the following reason:\n|- First parameter ""varReplacer2654"" with value ""TLS"" should be any of {TLSv1.2, TLSv1.3} (extracted @ varReplacer2654 = ""TLS"" @ line 269)",True,okhttp3/internal/platform/Platform.java,com.gcart.android.tokojsfashion,10,1k-5k,CogniCrypt,Utilities,OkHttp
Third parameter was not properly generated as randomized,False,okhttp3/OkHttpClient.java,com.gcart.android.tokojsfashion,10,1k-5k,CogniCrypt,Utilities,OkHttp
"Constraint ""algorithm in {SHA-256, SHA-384, SHA-512}"" on object $r1 is violated due to the following reason:\n|- First parameter ""varReplacer10636"" with value ""SHA1"" should be any of {SHA-256, SHA-384, SHA-512} (extracted @ varReplacer10636 = ""SHA1"" @ line 2)",True,com/gpsmycity/android/util/Utils.java,com.gpsmycity.android.u134,55,5k-10k,CogniCrypt,developer_written,not_applicable
"Constraint ""algorithm in {SHA-256, SHA-384, SHA-512}"" on object $r5 is violated due to the following reason:\n|- First parameter ""varReplacer10833"" with value ""MD5"" should be any of {SHA-256, SHA-384, SHA-512} (extracted @ varReplacer10833 = ""MD5"" @ line 8)",True,com/google/android/gms/internal/ads/zzcgi.java,com.gpsmycity.android.u134,55,5k-10k,CogniCrypt,Utilities,Guava
Second parameter was not properly generated as generatedCipher,True,com/skobbler/ngx/util/SKLogging.java,com.gpsmycity.android.u134,55,5k-10k,CogniCrypt,others,unknown
"Constraint ""algorithm in {SHA-256, SHA-384, SHA-512}"" on object $r7 is violated due to the following reason:\n|- First parameter ""varReplacer9973"" with value ""MD5"" should be any of {SHA-256, SHA-384, SHA-512} (extracted @ varReplacer9973 = ""MD5"" @ line 45)",True,com/google/android/gms/internal/ads/zzcgi.java,com.gpsmycity.android.u134,55,5k-10k,CogniCrypt,Utilities,Guava
"Constraint ""algorithm in {SHA-256, SHA-384, SHA-512}"" on object $r7 is violated due to the following reason:\n|- First parameter ""varReplacer1756"" with value ""MD5"" should be any of {SHA-256, SHA-384, SHA-512} (extracted @ varReplacer1756 = ""MD5"" @ line 4)",True,com/google/android/gms/internal/ads/zzbzt.java,com.hafeziquran.islamicapp,63,500k-1M,CogniCrypt,Android,com.google.android.gms::play-services-ads-base
"Constraint ""algorithm in {SHA-256, SHA-384, SHA-512}"" on object $r6 is violated due to the following reason:\n|- First parameter ""$r0"" with value ""MD5"" should be any of {SHA-256, SHA-384, SHA-512} (extracted @ varReplacer4089 = ""MD5"" @ line 3)",True,com/google/android/gms/internal/ads/zzbzt.java,com.hafeziquran.islamicapp,63,500k-1M,CogniCrypt,Android,com.google.android.gms::play-services-ads-base
"Constraint ""algorithm in {SHA-256, SHA-384, SHA-512}"" on object $r5 is violated due to the following reason:\n|- First parameter ""varReplacer10218"" with value ""MD5"" should be any of {SHA-256, SHA-384, SHA-512} (extracted @ varReplacer10218 = ""MD5"" @ line 1)",True,com/google/android/gms/internal/consent_sdk/zzcn.java,com.hafeziquran.islamicapp,63,500k-1M,CogniCrypt,Android,com.google.android.gms::play-services-ads-base
"Constraint ""algorithm in {SHA-256, SHA-384, SHA-512}"" on object $r2 is violated due to the following reason:\n|- First parameter ""varReplacer13534"" with value ""SHA-1"" should be any of {SHA-256, SHA-384, SHA-512} (extracted @ varReplacer13534 = ""SHA-1"" @ line 89)",True,com/firebase/client/utilities/Utilities.java,com.hafeziquran.islamicapp,63,500k-1M,CogniCrypt,others,unknown
"Constraint ""algorithm in {SHA-256, SHA-384, SHA-512}"" on object $r7 is violated due to the following reason:\n|- First parameter ""varReplacer2165"" with value ""MD5"" should be any of {SHA-256, SHA-384, SHA-512} (extracted @ varReplacer2165 = ""MD5"" @ line 4)",True,com/google/android/gms/internal/ads/zzcbg.java,com.hardgrnd.lineup11,122,>5M,CogniCrypt,Android,com.google.android.gms::play-services-ads-base
First parameter was not properly generated as generatedPubkey,False,com/hardgrnd/lineup11/inapp/Security.java,com.hardgrnd.lineup11,122,>5M,CogniCrypt,developer_written,not_applicable
"Constraint ""algorithm in {SHA256withRSA, SHA256withECDSA, SHA256withDSA, SHA384withRSA, SHA512withRSA, SHA384withECDSA, SHA512withECDSA}"" on object $r7 is violated due to the following reason:\n|- First parameter ""varReplacer10694"" with value ""SHA1withRSA"" should be any of {SHA256withRSA, SHA256withECDSA, SHA256withDSA, SHA384withRSA, SHA512withRSA, SHA384withECDSA, SHA512withECDSA} (extracted @ varReplacer10694 = ""SHA1withRSA"" @ line 109)",True,com/hardgrnd/lineup11/inapp/Security.java,com.hardgrnd.lineup11,122,>5M,CogniCrypt,developer_written,not_applicable
First parameter was not properly generated as speccedKey,True,com/hardgrnd/lineup11/inapp/Security.java,com.hardgrnd.lineup11,122,>5M,CogniCrypt,developer_written,not_applicable
First parameter was not properly generated as preparedKeyMaterial,True,com/hardgrnd/lineup11/inapp/Security.java,com.hardgrnd.lineup11,122,>5M,CogniCrypt,developer_written,not_applicable
Return value was not properly generated as generatedPubkey,False,com/hardgrnd/lineup11/inapp/Security.java,com.hardgrnd.lineup11,122,>5M,CogniCrypt,developer_written,not_applicable
"Constraint ""algorithm in {SHA-256, SHA-384, SHA-512}"" on object $r6 is violated due to the following reason:\n|- First parameter ""$r0"" with value ""MD5"" should be any of {SHA-256, SHA-384, SHA-512} (extracted @ varReplacer4150 = ""MD5"" @ line 3)",True,com/google/android/gms/internal/ads/zzcbg.java,com.hardgrnd.lineup11,122,>5M,CogniCrypt,Android,com.google.android.gms::play-services-ads-base
"Constraint ""algorithm in {SHA-256, SHA-384, SHA-512}"" on object $r7 is violated due to the following reason:\n|- First parameter ""varReplacer1306"" with value ""MD5"" should be any of {SHA-256, SHA-384, SHA-512} (extracted @ varReplacer1306 = ""MD5"" @ line 151)",True,com/google/android/gms/internal/ads/zzbat.java,com.hblackcat.mob_android_finder,16,>5M,CogniCrypt,Android,com.google.android.gms::play-services-ads-base
"Constraint ""algorithm in {SHA-256, SHA-384, SHA-512}"" on object $r5 is violated due to the following reason:\n|- First parameter ""varReplacer2147"" with value ""MD5"" should be any of {SHA-256, SHA-384, SHA-512} (extracted @ varReplacer2147 = ""MD5"" @ line 56)",True,com/google/android/gms/internal/ads/zzbat.java,com.hblackcat.mob_android_finder,16,>5M,CogniCrypt,Android,com.google.android.gms::play-services-ads-base
"Constraint ""algorithm in {SHA-256, SHA-384, SHA-512}"" on object $r5 is violated due to the following reason:\n|- First parameter ""varReplacer17584"" with value ""MD5"" should be any of {SHA-256, SHA-384, SHA-512} (extracted @ varReplacer17584 = ""MD5"" @ line 56)",True,com/google/android/gms/internal/ads/zzbbg.java,com.horairesprierefrance.frenchprayertimes,18,1k-5k,CogniCrypt,Android,com.google.android.gms::play-services-ads-base
"Constraint ""algorithm in {SHA-256, SHA-384, SHA-512}"" on object $r7 is violated due to the following reason:\n|- First parameter ""varReplacer15939"" with value ""MD5"" should be any of {SHA-256, SHA-384, SHA-512} (extracted @ varReplacer15939 = ""MD5"" @ line 151)",True,com/google/android/gms/internal/ads/zzbbg.java,com.horairesprierefrance.frenchprayertimes,18,1k-5k,CogniCrypt,Android,com.google.android.gms::play-services-ads-base
"Constraint ""algorithm in {SHA-256, SHA-384, SHA-512}"" on object $r5 is violated due to the following reason:\n|- First parameter ""varReplacer2211"" with value ""MD5"" should be any of {SHA-256, SHA-384, SHA-512} (extracted @ varReplacer2211 = ""MD5"" @ line 1)",True,com/google/android/gms/internal/ads/zzcis.java,com.ideabuilderapp.banglawordbook,8,500k-1M,CogniCrypt,Utilities,Guava
"Constraint ""algorithm in {SHA-256, SHA-384, SHA-512}"" on object $r7 is violated due to the following reason:\n|- First parameter ""varReplacer585"" with value ""MD5"" should be any of {SHA-256, SHA-384, SHA-512} (extracted @ varReplacer585 = ""MD5"" @ line 4)",True,com/google/android/gms/internal/ads/zzcis.java,com.ideabuilderapp.banglawordbook,8,500k-1M,CogniCrypt,Utilities,Guava
First parameter was not properly generated as generatedKeyManagers,False,g3/k.java,com.ihuaj.gamecc.global,143,1M-5M,CogniCrypt,others,unknown
Second parameter was not properly generated as generatedTrustManagers,True,g3/k.java,com.ihuaj.gamecc.global,143,1M-5M,CogniCrypt,others,unknown
Second parameter was not properly generated as generatedTrustManagers,True,g3/k.java,com.ihuaj.gamecc.global,143,1M-5M,CogniCrypt,others,unknown
First parameter was not properly generated as generatedKeyManagers,False,g3/k.java,com.ihuaj.gamecc.global,143,1M-5M,CogniCrypt,others,unknown
Third parameter was not properly generated as randomized,False,g3/k.java,com.ihuaj.gamecc.global,143,1M-5M,CogniCrypt,others,unknown
First parameter was not properly generated as generatedKeyManagers,False,g3/k.java,com.ihuaj.gamecc.global,143,1M-5M,CogniCrypt,others,unknown
Second parameter was not properly generated as generatedTrustManagers,True,g3/k.java,com.ihuaj.gamecc.global,143,1M-5M,CogniCrypt,others,unknown
"Constraint ""algorithm in {SHA-256, SHA-384, SHA-512}"" on object $r2 is violated due to the following reason:\n|- First parameter ""varReplacer7495"" with value ""MD5"" should be any of {SHA-256, SHA-384, SHA-512} (extracted @ varReplacer7495 = ""MD5"" @ line 4)",True,com/facebook/appevents/AppEvent$Companion.java,com.ihuaj.gamecc.global,143,1M-5M,CogniCrypt,SocialMedia,Facebook-App-Links
"Constraint ""algorithm in {SHA-256, SHA-384, SHA-512}"" on object $r5 is violated due to the following reason:\n|- First parameter ""$r0"" with value ""MD5"" should be any of {SHA-256, SHA-384, SHA-512} (extracted @ varReplacer12708 = ""MD5"" @ line 26)",True,com/google/android/gms/ads/internal/util/client/zzf.java,com.ihuaj.gamecc.global,143,1M-5M,CogniCrypt,Utilities,Gson
Third parameter was not properly generated as randomized,False,g3/k.java,com.ihuaj.gamecc.global,143,1M-5M,CogniCrypt,others,unknown
First parameter was not properly generated as generatedKeyStore,False,g3/j.java,com.ihuaj.gamecc.global,143,1M-5M,CogniCrypt,others,unknown
First parameter was not properly generated as generatedKeyStore,False,g3/k.java,com.ihuaj.gamecc.global,143,1M-5M,CogniCrypt,others,unknown
"Constraint ""protocol in {TLSv1.2, TLSv1.3}"" on object $r1 is violated due to the following reason:\n|- First parameter ""varReplacer4565"" with value ""TLS"" should be any of {TLSv1.2, TLSv1.3} (extracted @ varReplacer4565 = ""TLS"" @ line 2)",True,g3/k.java,com.ihuaj.gamecc.global,143,1M-5M,CogniCrypt,others,unknown
Third parameter was not properly generated as randomized,False,g3/k.java,com.ihuaj.gamecc.global,143,1M-5M,CogniCrypt,others,unknown
First parameter was not properly generated as generatedKeyManagers,False,g3/k.java,com.ihuaj.gamecc.global,143,1M-5M,CogniCrypt,others,unknown
"Constraint ""algorithm in {SHA-256, SHA-384, SHA-512}"" on object $r7 is violated due to the following reason:\n|- First parameter ""varReplacer15978"" with value ""SHA1"" should be any of {SHA-256, SHA-384, SHA-512} (extracted @ varReplacer15978 = ""SHA1"" @ line 28)",True,com/facebook/internal/security/CertificateUtil.java,com.ihuaj.gamecc.global,143,1M-5M,CogniCrypt,SocialMedia,Facebook-App-Links
"Constraint ""algorithm in {SHA-256, SHA-384, SHA-512}"" on object $r4 is violated due to the following reason:\n|- First parameter ""$r3"" with value ""MD5"" should be any of {SHA-256, SHA-384, SHA-512} (extracted @ varReplacer16338 = ""MD5"" @ line 9)\n|- First parameter ""$r3"" with value ""SHA-1"" should be any of {SHA-256, SHA-384, SHA-512} (extracted @ varReplacer7181 = ""SHA-1"" @ line 2)",True,com/facebook/internal/Utility.java,com.ihuaj.gamecc.global,143,1M-5M,CogniCrypt,SocialMedia,Facebook-App-Links
Third parameter was not properly generated as randomized,False,g3/k.java,com.ihuaj.gamecc.global,143,1M-5M,CogniCrypt,others,unknown
Second parameter was not properly generated as generatedTrustManagers,True,g3/k.java,com.ihuaj.gamecc.global,143,1M-5M,CogniCrypt,others,unknown
"Constraint ""protocol in {TLSv1.2, TLSv1.3}"" on object $r1 is violated due to the following reason:\n|- First parameter ""varReplacer4563"" with value ""TLS"" should be any of {TLSv1.2, TLSv1.3} (extracted @ varReplacer4563 = ""TLS"" @ line 2)",True,g3/e.java,com.ihuaj.gamecc.global,143,1M-5M,CogniCrypt,others,unknown
Second parameter was not properly generated as generatedTrustManagers,True,g3/e.java,com.ihuaj.gamecc.global,143,1M-5M,CogniCrypt,others,unknown
Third parameter was not properly generated as randomized,False,g3/e.java,com.ihuaj.gamecc.global,143,1M-5M,CogniCrypt,others,unknown
First parameter was not properly generated as generatedKeyManagers,False,g3/e.java,com.ihuaj.gamecc.global,143,1M-5M,CogniCrypt,others,unknown
"Constraint ""protocol in {TLSv1.2, TLSv1.3}"" on object $r1 is violated due to the following reason:\n|- First parameter ""varReplacer4569"" with value ""TLS"" should be any of {TLSv1.2, TLSv1.3} (extracted @ varReplacer4569 = ""TLS"" @ line 2)",True,g3/d.java,com.ihuaj.gamecc.global,143,1M-5M,CogniCrypt,others,unknown
"Constraint ""algorithm in {SHA-256, SHA-384, SHA-512}"" on object $r7 is violated due to the following reason:\n|- First parameter ""varReplacer11921"" with value ""MD5"" should be any of {SHA-256, SHA-384, SHA-512} (extracted @ varReplacer11921 = ""MD5"" @ line 45)",True,com/google/android/gms/ads/internal/util/client/zzf.java,com.ihuaj.gamecc.global,143,1M-5M,CogniCrypt,Utilities,Gson
First parameter was not properly generated as generatedKeyStore,False,g3/d.java,com.ihuaj.gamecc.global,143,1M-5M,CogniCrypt,others,unknown
"Constraint ""algorithm in {SHA-256, SHA-384, SHA-512}"" on object $r2 is violated due to the following reason:\n|- First parameter ""varReplacer16013"" with value ""MD5"" should be any of {SHA-256, SHA-384, SHA-512} (extracted @ varReplacer16013 = ""MD5"" @ line 14)",True,com/facebook/appevents/internal/HashUtils.java,com.ihuaj.gamecc.global,143,1M-5M,CogniCrypt,SocialMedia,Facebook-App-Links
First parameter was not properly generated as generatedKeyStore,False,g3/e.java,com.ihuaj.gamecc.global,143,1M-5M,CogniCrypt,others,unknown
"Constraint ""algorithm in {SHA256withRSA, SHA256withECDSA, SHA256withDSA, SHA384withRSA, SHA512withRSA, SHA384withECDSA, SHA512withECDSA}"" on object $r8 is violated due to the following reason:\n|- First parameter ""varReplacer17786"" with value ""SHA1withRSA"" should be any of {SHA256withRSA, SHA256withECDSA, SHA256withDSA, SHA384withRSA, SHA512withRSA, SHA384withECDSA, SHA512withECDSA} (extracted @ varReplacer17786 = ""SHA1withRSA"" @ line 78)",True,com/infinityapps/gps/location/navigation/route/maps/purchase/Security.java,com.infinityapps.gps.location.navigation.route.maps,40,500k-1M,CogniCrypt,developer_written,not_applicable
Third parameter was not properly generated as randomized,False,okhttp3/internal/platform/Platform.java,com.infinityapps.gps.location.navigation.route.maps,40,500k-1M,CogniCrypt,Utilities,OkHttp
Second parameter was not properly generated as generatedTrustManagers,True,okhttp3/internal/platform/Platform.java,com.infinityapps.gps.location.navigation.route.maps,40,500k-1M,CogniCrypt,Utilities,OkHttp
Second parameter was not properly generated as generatedTrustManagers,True,okhttp3/internal/platform/Platform.java,com.infinityapps.gps.location.navigation.route.maps,40,500k-1M,CogniCrypt,Utilities,OkHttp
"Constraint ""algorithm in {SHA-256, SHA-384, SHA-512}"" on object $r7 is violated due to the following reason:\n|- First parameter ""varReplacer8564"" with value ""MD5"" should be any of {SHA-256, SHA-384, SHA-512} (extracted @ varReplacer8564 = ""MD5"" @ line 4)",True,com/google/android/gms/internal/ads/zzbyt.java,com.infinityapps.gps.location.navigation.route.maps,40,500k-1M,CogniCrypt,Android,com.google.android.gms::play-services-ads-base
"Constraint ""algorithm in {SHA-256, SHA-384, SHA-512}"" on object $r6 is violated due to the following reason:\n|- First parameter ""$r0"" with value ""MD5"" should be any of {SHA-256, SHA-384, SHA-512} (extracted @ varReplacer10385 = ""MD5"" @ line 3)",True,com/google/android/gms/internal/ads/zzbyt.java,com.infinityapps.gps.location.navigation.route.maps,40,500k-1M,CogniCrypt,Android,com.google.android.gms::play-services-ads-base
First parameter was not properly generated as generatedPubkey,True,com/infinityapps/gps/location/navigation/route/maps/utils/Security.java,com.infinityapps.gps.location.navigation.route.maps,40,500k-1M,CogniCrypt,developer_written,not_applicable
First parameter was not properly generated as generatedKeyManagers,False,okhttp3/internal/platform/Platform.java,com.infinityapps.gps.location.navigation.route.maps,40,500k-1M,CogniCrypt,Utilities,OkHttp
"Constraint ""algorithm in {SHA256withRSA, SHA256withECDSA, SHA256withDSA, SHA384withRSA, SHA512withRSA, SHA384withECDSA, SHA512withECDSA}"" on object $r7 is violated due to the following reason:\n|- First parameter ""varReplacer17681"" with value ""SHA1withRSA"" should be any of {SHA256withRSA, SHA256withECDSA, SHA256withDSA, SHA384withRSA, SHA512withRSA, SHA384withECDSA, SHA512withECDSA} (extracted @ varReplacer17681 = ""SHA1withRSA"" @ line 96)",True,com/infinityapps/gps/location/navigation/route/maps/utils/Security.java,com.infinityapps.gps.location.navigation.route.maps,40,500k-1M,CogniCrypt,developer_written,not_applicable
First parameter was not properly generated as speccedKey,True,com/infinityapps/gps/location/navigation/route/maps/utils/Security.java,com.infinityapps.gps.location.navigation.route.maps,40,500k-1M,CogniCrypt,developer_written,not_applicable
Return value was not properly generated as generatedPubkey,True,com/infinityapps/gps/location/navigation/route/maps/utils/Security.java,com.infinityapps.gps.location.navigation.route.maps,40,500k-1M,CogniCrypt,developer_written,not_applicable
"Constraint ""protocol in {TLSv1.2, TLSv1.3}"" on object $r1 is violated due to the following reason:\n|- First parameter ""varReplacer7845"" with value ""TLS"" should be any of {TLSv1.2, TLSv1.3} (extracted @ varReplacer7845 = ""TLS"" @ line 75)",True,okhttp3/internal/platform/Platform.java,com.infinityapps.gps.location.navigation.route.maps,40,500k-1M,CogniCrypt,Utilities,OkHttp
First parameter was not properly generated as generatedKeyStore,False,okhttp3/internal/platform/Platform.java,com.infinityapps.gps.location.navigation.route.maps,40,500k-1M,CogniCrypt,Utilities,OkHttp
First parameter was not properly generated as preparedKeyMaterial,True,com/infinityapps/gps/location/navigation/route/maps/utils/Security.java,com.infinityapps.gps.location.navigation.route.maps,40,500k-1M,CogniCrypt,developer_written,not_applicable
Second parameter was not properly generated as generatedTrustManagers,True,okhttp3/internal/platform/Platform.java,com.infinityapps.gps.location.navigation.route.maps,40,500k-1M,CogniCrypt,Utilities,OkHttp
Third parameter was not properly generated as randomized,False,okhttp3/internal/platform/Platform.java,com.infinityapps.gps.location.navigation.route.maps,40,500k-1M,CogniCrypt,Utilities,OkHttp
First parameter was not properly generated as generatedKeyManagers,False,okhttp3/internal/platform/Platform.java,com.infinityapps.gps.location.navigation.route.maps,40,500k-1M,CogniCrypt,Utilities,OkHttp
First parameter was not properly generated as generatedPubkey,True,com/infinityapps/gps/location/navigation/route/maps/purchase/Security.java,com.infinityapps.gps.location.navigation.route.maps,40,500k-1M,CogniCrypt,developer_written,not_applicable
Third parameter was not properly generated as randomized,False,okhttp3/internal/platform/Platform.java,com.infinityapps.gps.location.navigation.route.maps,40,500k-1M,CogniCrypt,Utilities,OkHttp
First parameter was not properly generated as generatedKeyManagers,False,okhttp3/internal/platform/ConscryptPlatform.java,com.infinityapps.gps.location.navigation.route.maps,40,500k-1M,CogniCrypt,Utilities,OkHttp
"Constraint ""protocol in {TLSv1.2, TLSv1.3}"" on object $r1 is violated due to the following reason:\n|- First parameter ""varReplacer7849"" with value ""TLS"" should be any of {TLSv1.2, TLSv1.3} (extracted @ varReplacer7849 = ""TLS"" @ line 38)",True,okhttp3/internal/platform/BouncyCastlePlatform.java,com.infinityapps.gps.location.navigation.route.maps,40,500k-1M,CogniCrypt,Utilities,OkHttp
First parameter was not properly generated as generatedKeyStore,False,okhttp3/internal/platform/BouncyCastlePlatform.java,com.infinityapps.gps.location.navigation.route.maps,40,500k-1M,CogniCrypt,Utilities,OkHttp
Second parameter was not properly generated as generatedTrustManagers,True,okhttp3/internal/platform/Platform.java,com.infinityapps.gps.location.navigation.route.maps,40,500k-1M,CogniCrypt,Utilities,OkHttp
Third parameter was not properly generated as randomized,False,okhttp3/internal/platform/ConscryptPlatform.java,com.infinityapps.gps.location.navigation.route.maps,40,500k-1M,CogniCrypt,Utilities,OkHttp
Second parameter was not properly generated as generatedTrustManagers,True,okhttp3/internal/platform/ConscryptPlatform.java,com.infinityapps.gps.location.navigation.route.maps,40,500k-1M,CogniCrypt,Utilities,OkHttp
First parameter was not properly generated as generatedKeyStore,False,okhttp3/internal/platform/ConscryptPlatform.java,com.infinityapps.gps.location.navigation.route.maps,40,500k-1M,CogniCrypt,Utilities,OkHttp
First parameter was not properly generated as generatedKeyStore,False,okhttp3/internal/platform/OpenJSSEPlatform.java,com.infinityapps.gps.location.navigation.route.maps,40,500k-1M,CogniCrypt,Utilities,OkHttp
"Constraint ""protocol in {TLSv1.2, TLSv1.3}"" on object $r1 is violated due to the following reason:\n|- First parameter ""varReplacer7843"" with value ""TLS"" should be any of {TLSv1.2, TLSv1.3} (extracted @ varReplacer7843 = ""TLS"" @ line 44)",True,okhttp3/internal/platform/ConscryptPlatform.java,com.infinityapps.gps.location.navigation.route.maps,40,500k-1M,CogniCrypt,Utilities,OkHttp
First parameter was not properly generated as preparedKeyMaterial,True,com/infinityapps/gps/location/navigation/route/maps/purchase/Security.java,com.infinityapps.gps.location.navigation.route.maps,40,500k-1M,CogniCrypt,developer_written,not_applicable
First parameter was not properly generated as speccedKey,True,com/infinityapps/gps/location/navigation/route/maps/purchase/Security.java,com.infinityapps.gps.location.navigation.route.maps,40,500k-1M,CogniCrypt,developer_written,not_applicable
Return value was not properly generated as generatedPubkey,True,com/infinityapps/gps/location/navigation/route/maps/purchase/Security.java,com.infinityapps.gps.location.navigation.route.maps,40,500k-1M,CogniCrypt,developer_written,not_applicable
First parameter was not properly generated as generatedKeyManagers,False,okhttp3/internal/platform/Platform.java,com.infinityapps.gps.location.navigation.route.maps,40,500k-1M,CogniCrypt,Utilities,OkHttp
First parameter was not properly generated as generatedKeyManagers,False,okhttp3/internal/platform/Platform.java,com.infinityapps.gps.location.navigation.route.maps,40,500k-1M,CogniCrypt,Utilities,OkHttp
Third parameter was not properly generated as randomized,False,okhttp3/internal/platform/Platform.java,com.infinityapps.gps.location.navigation.route.maps,40,500k-1M,CogniCrypt,Utilities,OkHttp
"Constraint ""algorithm in {SHA-256, SHA-384, SHA-512}"" on object $r2 is violated due to the following reason:\n|- First parameter ""varReplacer5519"" with value ""MD5"" should be any of {SHA-256, SHA-384, SHA-512} (extracted @ varReplacer5519 = ""MD5"" @ line 23)",True,com/yandex/metrica/impl/ob/kb.java,com.it4you.babymonitor,2001005,5k-10k,CogniCrypt,obfuscated,obfuscated
"Constraint ""algorithm in {SHA-256, SHA-384, SHA-512}"" on object $r3 is violated due to the following reason:\n|- First parameter ""varReplacer5820"" with value ""SHA1"" should be any of {SHA-256, SHA-384, SHA-512} (extracted @ varReplacer5820 = ""SHA1"" @ line 6)",True,com/yandex/metrica/impl/ob/da.java,com.it4you.babymonitor,2001005,5k-10k,CogniCrypt,obfuscated,obfuscated
"Constraint ""algorithm in {SHA-256, SHA-384, SHA-512}"" on object $r1 is violated due to the following reason:\n|- First parameter ""varReplacer4893"" with value ""MD5"" should be any of {SHA-256, SHA-384, SHA-512} (extracted @ varReplacer4893 = ""MD5"" @ line 7)",True,com/yandex/metrica/impl/ob/TB.java,com.it4you.babymonitor,2001005,5k-10k,CogniCrypt,obfuscated,obfuscated
First parameter was not properly generated as generatedKeyStore,False,okhttp3/internal/platform/OpenJSSEPlatform.java,com.justlogin.newkiosk,40,1k-5k,CogniCrypt,Utilities,OkHttp
First parameter was not properly generated as generatedKeyStore,False,okhttp3/internal/platform/Platform.java,com.justlogin.newkiosk,40,1k-5k,CogniCrypt,Utilities,OkHttp
"Constraint ""protocol in {TLSv1.2, TLSv1.3}"" on object $r1 is violated due to the following reason:\n|- First parameter ""varReplacer3772"" with value ""TLS"" should be any of {TLSv1.2, TLSv1.3} (extracted @ varReplacer3772 = ""TLS"" @ line 75)",True,okhttp3/internal/platform/Platform.java,com.justlogin.newkiosk,40,1k-5k,CogniCrypt,Utilities,OkHttp
Second parameter was not properly generated as generatedTrustManagers,True,okhttp3/internal/platform/Platform.java,com.justlogin.newkiosk,40,1k-5k,CogniCrypt,Utilities,OkHttp
First parameter was not properly generated as generatedKeyManagers,False,okhttp3/internal/platform/Platform.java,com.justlogin.newkiosk,40,1k-5k,CogniCrypt,Utilities,OkHttp
First parameter was not properly generated as generatedKeyManagers,False,okhttp3/internal/platform/Platform.java,com.justlogin.newkiosk,40,1k-5k,CogniCrypt,Utilities,OkHttp
"Constraint ""protocol in {TLSv1.2, TLSv1.3}"" on object $r1 is violated due to the following reason:\n|- First parameter ""varReplacer3776"" with value ""TLS"" should be any of {TLSv1.2, TLSv1.3} (extracted @ varReplacer3776 = ""TLS"" @ line 38)",True,okhttp3/internal/platform/BouncyCastlePlatform.java,com.justlogin.newkiosk,40,1k-5k,CogniCrypt,Utilities,OkHttp
"Constraint ""protocol in {TLSv1.2, TLSv1.3}"" on object $r1 is violated due to the following reason:\n|- First parameter ""varReplacer3770"" with value ""TLS"" should be any of {TLSv1.2, TLSv1.3} (extracted @ varReplacer3770 = ""TLS"" @ line 44)",True,okhttp3/internal/platform/ConscryptPlatform.java,com.justlogin.newkiosk,40,1k-5k,CogniCrypt,Utilities,OkHttp
Third parameter was not properly generated as randomized,False,okhttp3/internal/platform/ConscryptPlatform.java,com.justlogin.newkiosk,40,1k-5k,CogniCrypt,Utilities,OkHttp
First parameter was not properly generated as generatedKeyManagers,False,okhttp3/internal/platform/ConscryptPlatform.java,com.justlogin.newkiosk,40,1k-5k,CogniCrypt,Utilities,OkHttp
Second parameter was not properly generated as generatedTrustManagers,True,okhttp3/internal/platform/ConscryptPlatform.java,com.justlogin.newkiosk,40,1k-5k,CogniCrypt,Utilities,OkHttp
First parameter was not properly generated as generatedKeyStore,False,okhttp3/internal/platform/ConscryptPlatform.java,com.justlogin.newkiosk,40,1k-5k,CogniCrypt,Utilities,OkHttp
Second parameter was not properly generated as generatedTrustManagers,True,okhttp3/internal/platform/Platform.java,com.justlogin.newkiosk,40,1k-5k,CogniCrypt,Utilities,OkHttp
First parameter was not properly generated as generatedKeyManagers,False,okhttp3/internal/platform/Platform.java,com.justlogin.newkiosk,40,1k-5k,CogniCrypt,Utilities,OkHttp
Second parameter was not properly generated as generatedTrustManagers,True,okhttp3/internal/platform/Platform.java,com.justlogin.newkiosk,40,1k-5k,CogniCrypt,Utilities,OkHttp
First parameter was not properly generated as generatedKeyManagers,False,okhttp3/internal/platform/Platform.java,com.justlogin.newkiosk,40,1k-5k,CogniCrypt,Utilities,OkHttp
Third parameter was not properly generated as randomized,False,okhttp3/internal/platform/Platform.java,com.justlogin.newkiosk,40,1k-5k,CogniCrypt,Utilities,OkHttp
Third parameter was not properly generated as randomized,False,okhttp3/internal/platform/Platform.java,com.justlogin.newkiosk,40,1k-5k,CogniCrypt,Utilities,OkHttp
Third parameter was not properly generated as randomized,False,okhttp3/internal/platform/Platform.java,com.justlogin.newkiosk,40,1k-5k,CogniCrypt,Utilities,OkHttp
Second parameter was not properly generated as generatedTrustManagers,True,okhttp3/internal/platform/Platform.java,com.justlogin.newkiosk,40,1k-5k,CogniCrypt,Utilities,OkHttp
First parameter was not properly generated as generatedKeyStore,False,okhttp3/internal/platform/BouncyCastlePlatform.java,com.justlogin.newkiosk,40,1k-5k,CogniCrypt,Utilities,OkHttp
Third parameter was not properly generated as randomized,False,okhttp3/internal/platform/Platform.java,com.justlogin.newkiosk,40,1k-5k,CogniCrypt,Utilities,OkHttp
Second parameter was not properly generated as generatedTrustManagers,True,gp/n.java,com.kddi.android.videopass,40000131,>5M,CogniCrypt,others,unknown
Return value was not properly generated as generatedPubkey,True,ah/a.java,com.kddi.android.videopass,40000131,>5M,CogniCrypt,others,unknown
First parameter was not properly generated as generatedKeyStore,False,gp/m.java,com.kddi.android.videopass,40000131,>5M,CogniCrypt,others,unknown
"Constraint ""protocol in {TLSv1.2, TLSv1.3}"" on object $r3 is violated due to the following reason:\n|- First parameter ""varReplacer6873"" with value ""TLS"" should be any of {TLSv1.2, TLSv1.3} (extracted @ varReplacer6873 = ""TLS"" @ line 4)",True,gp/l.java,com.kddi.android.videopass,40000131,>5M,CogniCrypt,others,unknown
"Constraint ""protocol in {TLSv1.2, TLSv1.3}"" on object $r3 is violated due to the following reason:\n|- First parameter ""varReplacer6876"" with value ""TLS"" should be any of {TLSv1.2, TLSv1.3} (extracted @ varReplacer6876 = ""TLS"" @ line 34)",True,gp/l.java,com.kddi.android.videopass,40000131,>5M,CogniCrypt,others,unknown
"Constraint ""protocol in {TLSv1.2, TLSv1.3}"" on object $r1 is violated due to the following reason:\n|- First parameter ""varReplacer6879"" with value ""TLS"" should be any of {TLSv1.2, TLSv1.3} (extracted @ varReplacer6879 = ""TLS"" @ line 2)",True,gp/g.java,com.kddi.android.videopass,40000131,>5M,CogniCrypt,others,unknown
First parameter was not properly generated as generatedKeyStore,False,gp/g.java,com.kddi.android.videopass,40000131,>5M,CogniCrypt,others,unknown
"Constraint ""algorithm in {SHA-256, SHA-384, SHA-512}"" on object $r5 is violated due to the following reason:\n|- First parameter ""varReplacer9223"" with value ""SHA-1"" should be any of {SHA-256, SHA-384, SHA-512} (extracted @ varReplacer9223 = ""SHA-1"" @ line 2)",True,io/repro/android/y.java,com.kddi.android.videopass,40000131,>5M,CogniCrypt,others,unknown
"Constraint ""algorithm in {SHA-256, SHA-384, SHA-512}"" on object $r4 is violated due to the following reason:\n|- First parameter ""varReplacer13720"" with value ""MD5"" should be any of {SHA-256, SHA-384, SHA-512} (extracted @ varReplacer13720 = ""MD5"" @ line 12)",True,ii/n.java,com.kddi.android.videopass,40000131,>5M,CogniCrypt,others,unknown
"Operation on object of type java.security.DigestInputStream not completed. Expected call to one of the methods {read(), read(byte[], int, int)}",False,ii/n.java,com.kddi.android.videopass,40000131,>5M,CogniCrypt,others,unknown
Second parameter was not properly generated as generatedMessageDigest,False,ii/n.java,com.kddi.android.videopass,40000131,>5M,CogniCrypt,others,unknown
"Constraint ""algorithm in {SHA-256, SHA-384, SHA-512}"" on object $r4 is violated due to the following reason:\n|- First parameter ""$r0"" with value ""MD5"" should be any of {SHA-256, SHA-384, SHA-512} (extracted @ varReplacer14525 = ""MD5"" @ line 25)\n|- First parameter ""$r0"" with value ""MD5"" should be any of {SHA-256, SHA-384, SHA-512} (extracted @ varReplacer14496 = ""MD5"" @ line 26)",True,io/repro/android/g$b.java,com.kddi.android.videopass,40000131,>5M,CogniCrypt,others,unknown
"Constraint ""algorithm in {SHA-256, SHA-384, SHA-512}"" on object $r7 is violated due to the following reason:\n|- First parameter ""varReplacer8538"" with value ""SHA1"" should be any of {SHA-256, SHA-384, SHA-512} (extracted @ varReplacer8538 = ""SHA1"" @ line 19)",True,sj/a.java,com.kddi.android.videopass,40000131,>5M,CogniCrypt,others,unknown
First parameter was not properly generated as preparedKeyMaterial,True,ah/a$a.java,com.kddi.android.videopass,40000131,>5M,CogniCrypt,others,unknown
"Constraint ""keyAlgorithm in {AES, HmacSHA256, HmacSHA384, HmacSHA512}"" on object $r4 is violated due to the following reason:\n|- Second parameter ""varReplacer13711"" with value ""HmacMD5"" should be any of {AES, HmacSHA256, HmacSHA384, HmacSHA512} (extracted @ varReplacer13711 = ""HmacMD5"" @ line 2)",True,ah/a$a.java,com.kddi.android.videopass,40000131,>5M,CogniCrypt,others,unknown
"Constraint ""algorithm in {HmacSHA256, HmacSHA384, HmacSHA512, HmacPBESHA1, PBEWithHmacSHA1, PBEWithHmacSHA224, PBEWithHmacSHA256, PBEWithHmacSHA384, PBEWithHmacSHA512}"" on object $r5 is violated due to the following reason:\n|- First parameter ""varReplacer13712"" with value ""HmacMD5"" should be any of {HmacSHA256, HmacSHA384, HmacSHA512, HmacPBESHA1, PBEWithHmacSHA1, PBEWithHmacSHA224, PBEWithHmacSHA256, PBEWithHmacSHA384, PBEWithHmacSHA512} (extracted @ varReplacer13712 = ""HmacMD5"" @ line 2)",True,ah/a$a.java,com.kddi.android.videopass,40000131,>5M,CogniCrypt,others,unknown
"Operation on object of type javax.crypto.Mac not completed. Expected call to one of the methods {init(java.security.Key), init(java.security.Key, java.security.spec.AlgorithmParameterSpec)}",False,ah/a$a.java,com.kddi.android.videopass,40000131,>5M,CogniCrypt,others,unknown
Second parameter parameter was not properly generated as generatedPubkey OR generatedKey OR generatedPrivkey,True,ah/a$a.java,com.kddi.android.videopass,40000131,>5M,CogniCrypt,others,unknown
First parameter was not properly generated as preparedKeyMaterial,True,ah/a$a.java,com.kddi.android.videopass,40000131,>5M,CogniCrypt,others,unknown
First parameter was not properly generated as randomized,True,ah/a$a.java,com.kddi.android.videopass,40000131,>5M,CogniCrypt,others,unknown
"Operation on object of type javax.crypto.Cipher not completed. Expected call to one of the methods {doFinal(byte[]), update(byte[], int, int, byte[], int), doFinal(byte[], int, int, byte[], int), doFinal(byte[], int, int, byte[]), update(byte[]), update(byte[], int, int, byte[]), updateAAD(byte[], int, int), update(byte[], int, int), update(java.nio.ByteBuffer, java.nio.ByteBuffer), wrap(java.security.Key), updateAAD(byte[]), updateAAD(java.nio.ByteBuffer), doFinal(byte[], int, int), doFinal(java.nio.ByteBuffer, java.nio.ByteBuffer)}",True,ah/a$a.java,com.kddi.android.videopass,40000131,>5M,CogniCrypt,others,unknown
Third parameter was not properly generated as preparedIV,True,ah/a$a.java,com.kddi.android.videopass,40000131,>5M,CogniCrypt,others,unknown
Second parameter parameter was not properly generated as generatedPrivkey OR generatedPubkey OR generatedKey,True,ah/a$a.java,com.kddi.android.videopass,40000131,>5M,CogniCrypt,others,unknown
"Operation on object of type javax.crypto.CipherInputStream not completed. Expected call to one of the methods {read(byte[]), read(byte[], int, int), read()}",False,com/google/android/exoplayer2/upstream/cache/CachedContentIndex$b.java,com.kddi.android.videopass,40000131,>5M,CogniCrypt,Utilities,Gson
Second parameter was not properly generated as generatedCipher,True,com/google/android/exoplayer2/upstream/cache/CachedContentIndex$b.java,com.kddi.android.videopass,40000131,>5M,CogniCrypt,Utilities,Gson
First parameter was not properly generated as generatedKeyManagers,False,gp/h.java,com.kddi.android.videopass,40000131,>5M,CogniCrypt,others,unknown
Second parameter was not properly generated as generatedTrustManagers,False,gp/h.java,com.kddi.android.videopass,40000131,>5M,CogniCrypt,others,unknown
Third parameter was not properly generated as randomized,False,gp/h.java,com.kddi.android.videopass,40000131,>5M,CogniCrypt,others,unknown
"Constraint ""protocol in {TLSv1.2, TLSv1.3}"" on object $r1 is violated due to the following reason:\n|- First parameter ""varReplacer6869"" with value ""TLS"" should be any of {TLSv1.2, TLSv1.3} (extracted @ varReplacer6869 = ""TLS"" @ line 2)",True,gp/h.java,com.kddi.android.videopass,40000131,>5M,CogniCrypt,others,unknown
"Constraint ""algorithm in {SHA-256, SHA-384, SHA-512}"" on object $r1 is violated due to the following reason:\n|- First parameter ""varReplacer10930"" with value ""MD5"" should be any of {SHA-256, SHA-384, SHA-512} (extracted @ varReplacer10930 = ""MD5"" @ line 2)",True,com/kkbox/toolkit/utils/StringUtils.java,com.kddi.android.videopass,40000131,>5M,CogniCrypt,others,unknown
First parameter was not properly generated as generatedKeyStore,False,gp/n.java,com.kddi.android.videopass,40000131,>5M,CogniCrypt,others,unknown
"Constraint ""protocol in {TLSv1.2, TLSv1.3}"" on object $r1 is violated due to the following reason:\n|- First parameter ""varReplacer6871"" with value ""TLS"" should be any of {TLSv1.2, TLSv1.3} (extracted @ varReplacer6871 = ""TLS"" @ line 2)",True,gp/n.java,com.kddi.android.videopass,40000131,>5M,CogniCrypt,others,unknown
First parameter was not properly generated as generatedKeyManagers,False,gp/n.java,com.kddi.android.videopass,40000131,>5M,CogniCrypt,others,unknown
Third parameter was not properly generated as randomized,False,gp/n.java,com.kddi.android.videopass,40000131,>5M,CogniCrypt,others,unknown
Third parameter was not properly generated as randomized,False,gp/n.java,com.kddi.android.videopass,40000131,>5M,CogniCrypt,others,unknown
Third parameter was not properly generated as randomized,False,gp/n.java,com.kddi.android.videopass,40000131,>5M,CogniCrypt,others,unknown
First parameter was not properly generated as generatedKeyManagers,False,gp/n.java,com.kddi.android.videopass,40000131,>5M,CogniCrypt,others,unknown
First parameter was not properly generated as generatedKeyManagers,False,gp/n.java,com.kddi.android.videopass,40000131,>5M,CogniCrypt,others,unknown
Second parameter was not properly generated as generatedTrustManagers,True,gp/n.java,com.kddi.android.videopass,40000131,>5M,CogniCrypt,others,unknown
Second parameter was not properly generated as generatedTrustManagers,True,gp/n.java,com.kddi.android.videopass,40000131,>5M,CogniCrypt,others,unknown
First parameter was not properly generated as randomized,True,com/google/android/exoplayer2/upstream/cache/CachedContentIndex$b.java,com.kddi.android.videopass,40000131,>5M,CogniCrypt,Utilities,Gson
Second parameter was not properly generated as generatedTrustManagers,True,gp/n.java,com.kddi.android.videopass,40000131,>5M,CogniCrypt,others,unknown
First parameter was not properly generated as generatedKeyManagers,False,gp/n.java,com.kddi.android.videopass,40000131,>5M,CogniCrypt,others,unknown
First parameter was not properly generated as generatedKeyManagers,False,gp/n.java,com.kddi.android.videopass,40000131,>5M,CogniCrypt,others,unknown
Third parameter was not properly generated as randomized,False,gp/n.java,com.kddi.android.videopass,40000131,>5M,CogniCrypt,others,unknown
First parameter was not properly generated as generatedKeyManagers,False,gp/n.java,com.kddi.android.videopass,40000131,>5M,CogniCrypt,others,unknown
Third parameter was not properly generated as randomized,False,gp/n.java,com.kddi.android.videopass,40000131,>5M,CogniCrypt,others,unknown
Second parameter was not properly generated as generatedTrustManagers,True,gp/n.java,com.kddi.android.videopass,40000131,>5M,CogniCrypt,others,unknown
Third parameter was not properly generated as randomized,False,gp/n.java,com.kddi.android.videopass,40000131,>5M,CogniCrypt,others,unknown
First parameter was not properly generated as generatedKeyManagers,False,gp/n.java,com.kddi.android.videopass,40000131,>5M,CogniCrypt,others,unknown
Second parameter was not properly generated as generatedTrustManagers,True,gp/n.java,com.kddi.android.videopass,40000131,>5M,CogniCrypt,others,unknown
Second parameter was not properly generated as generatedTrustManagers,True,gp/n.java,com.kddi.android.videopass,40000131,>5M,CogniCrypt,others,unknown
First parameter was not properly generated as generatedKeyStore,False,gp/h.java,com.kddi.android.videopass,40000131,>5M,CogniCrypt,others,unknown
Third parameter was not properly generated as randomized,False,gp/n.java,com.kddi.android.videopass,40000131,>5M,CogniCrypt,others,unknown
First parameter was not properly generated as randomized,True,com/google/android/exoplayer2/upstream/cache/CachedContentIndex$b.java,com.kddi.android.videopass,40000131,>5M,CogniCrypt,Utilities,Gson
First parameter was not properly generated as generatedKey,True,ah/a$a.java,com.kddi.android.videopass,40000131,>5M,CogniCrypt,others,unknown
First parameter was not properly generated as preparedKeyMaterial,True,ah/a.java,com.kddi.android.videopass,40000131,>5M,CogniCrypt,others,unknown
"Constraint ""alg(transformation) in {AES} => mode(transformation) in {GCM, CTR, CTS, CFB, OFB}"" on object $r1 is violated due to the following reason:\n|- Constraint ""alg(transformation) in {AES} => mode(transformation) in {GCM, CTR, CTS, CFB, OFB}"" evaluates to <false>:\n\t|- The left side ""alg(transformation) in {AES}"" evaluates to <true>:\n\t\t|- First parameter ""varReplacer19570"" (transformation) with value ""AES/CBC/PKCS5PADDING"" satisfies the constraint in class com.google.android.exoplayer2.upstream.cache.CachedContentIndex @ $r1 = getInstance(varReplacer19570) @ line 18\n\t|- The right side ""mode(transformation) in {GCM, CTR, CTS, CFB, OFB}"" evaluates to <false>:\n\t\t|- First parameter ""varReplacer19570"" (transformation) with value ""AES/CBC/PKCS5PADDING"" violates the constraint in class com.google.android.exoplayer2.upstream.cache.CachedContentIndex @ $r1 = getInstance(varReplacer19570) @ line 18",True,com/google/android/exoplayer2/upstream/cache/CachedContentIndex.java,com.kddi.android.videopass,40000131,>5M,CogniCrypt,Utilities,Gson
"Constraint ""alg(transformation) in {AES} => mode(transformation) in {GCM, CTR, CTS, CFB, OFB}"" on object $r1 is violated due to the following reason:\n|- Constraint ""alg(transformation) in {AES} => mode(transformation) in {GCM, CTR, CTS, CFB, OFB}"" evaluates to <false>:\n\t|- The left side ""alg(transformation) in {AES}"" evaluates to <true>:\n\t\t|- First parameter ""varReplacer19568"" (transformation) with value ""AES/CBC/PKCS5PADDING"" satisfies the constraint in class com.google.android.exoplayer2.upstream.cache.CachedContentIndex @ $r1 = getInstance(varReplacer19568,varReplacer19569) @ line 13\n\t|- The right side ""mode(transformation) in {GCM, CTR, CTS, CFB, OFB}"" evaluates to <false>:\n\t\t|- First parameter ""varReplacer19568"" (transformation) with value ""AES/CBC/PKCS5PADDING"" violates the constraint in class com.google.android.exoplayer2.upstream.cache.CachedContentIndex @ $r1 = getInstance(varReplacer19568,varReplacer19569) @ line 13",True,com/google/android/exoplayer2/upstream/cache/CachedContentIndex.java,com.kddi.android.videopass,40000131,>5M,CogniCrypt,Utilities,Gson
First parameter was not properly generated as preparedKeyMaterial,True,com/google/android/exoplayer2/upstream/cache/CachedContentIndex$b.java,com.kddi.android.videopass,40000131,>5M,CogniCrypt,Utilities,Gson
Second parameter was not properly generated as generatedCipher,True,com/google/android/exoplayer2/upstream/cache/CachedContentIndex$b.java,com.kddi.android.videopass,40000131,>5M,CogniCrypt,Utilities,Gson
"Operation on object of type javax.crypto.Cipher not completed. Expected call to one of the methods {init(int, java.security.Key), init(int, java.security.Key, java.security.spec.AlgorithmParameterSpec, java.security.SecureRandom), init(int, java.security.Key, java.security.spec.AlgorithmParameterSpec), init(int, java.security.Key, java.security.AlgorithmParameters, java.security.SecureRandom), init(int, java.security.cert.Certificate), init(int, java.security.Key, java.security.SecureRandom), init(int, java.security.Key, java.security.AlgorithmParameters), init(int, java.security.cert.Certificate, java.security.SecureRandom)}",False,com/google/android/exoplayer2/upstream/cache/CachedContentIndex.java,com.kddi.android.videopass,40000131,>5M,CogniCrypt,Utilities,Gson
First parameter was not properly generated as speccedKey,True,ah/a.java,com.kddi.android.videopass,40000131,>5M,CogniCrypt,others,unknown
"Operation on object of type javax.crypto.Cipher not completed. Expected call to one of the methods {init(int, java.security.Key), init(int, java.security.Key, java.security.spec.AlgorithmParameterSpec, java.security.SecureRandom), init(int, java.security.Key, java.security.spec.AlgorithmParameterSpec), init(int, java.security.Key, java.security.AlgorithmParameters, java.security.SecureRandom), init(int, java.security.cert.Certificate), init(int, java.security.Key, java.security.SecureRandom), init(int, java.security.Key, java.security.AlgorithmParameters), init(int, java.security.cert.Certificate, java.security.SecureRandom)}",False,com/google/android/exoplayer2/upstream/cache/CachedContentIndex.java,com.kddi.android.videopass,40000131,>5M,CogniCrypt,Utilities,Gson
"Constraint ""algorithm in {SHA-256, SHA-384, SHA-512}"" on object $r1 is violated due to the following reason:\n|- First parameter ""varReplacer7458"" with value ""MD5"" should be any of {SHA-256, SHA-384, SHA-512} (extracted @ varReplacer7458 = ""MD5"" @ line 28)",True,com/devnagritranslationsdk/utils/Constants.java,com.keiind.connect,62,500k-1M,CogniCrypt,Android,ion
Second parameter was not properly generated as generatedTrustManagers,False,okhttp3/OkHttpClient.java,com.kumobius.android.walljumper,23,>5M,CogniCrypt,Utilities,okhttp
Third parameter was not properly generated as randomized,False,okhttp3/OkHttpClient.java,com.kumobius.android.walljumper,23,>5M,CogniCrypt,Utilities,okhttp
First parameter was not properly generated as generatedKeyManagers,False,okhttp3/OkHttpClient.java,com.kumobius.android.walljumper,23,>5M,CogniCrypt,Utilities,okhttp
Third parameter was not properly generated as randomized,False,okhttp3/OkHttpClient.java,com.kumobius.android.walljumper,23,>5M,CogniCrypt,Utilities,okhttp
Second parameter was not properly generated as generatedTrustManagers,False,okhttp3/OkHttpClient.java,com.kumobius.android.walljumper,23,>5M,CogniCrypt,Utilities,okhttp
Third parameter was not properly generated as randomized,False,okhttp3/OkHttpClient.java,com.kumobius.android.walljumper,23,>5M,CogniCrypt,Utilities,okhttp
Third parameter was not properly generated as randomized,False,okhttp3/OkHttpClient.java,com.kumobius.android.walljumper,23,>5M,CogniCrypt,Utilities,okhttp
First parameter was not properly generated as generatedKeyManagers,False,okhttp3/OkHttpClient.java,com.kumobius.android.walljumper,23,>5M,CogniCrypt,Utilities,okhttp
Second parameter was not properly generated as generatedTrustManagers,False,okhttp3/OkHttpClient.java,com.kumobius.android.walljumper,23,>5M,CogniCrypt,Utilities,okhttp
First parameter was not properly generated as generatedKeyManagers,False,okhttp3/OkHttpClient.java,com.kumobius.android.walljumper,23,>5M,CogniCrypt,Utilities,okhttp
First parameter was not properly generated as generatedKeyStore,False,okhttp3/internal/Util.java,com.kumobius.android.walljumper,23,>5M,CogniCrypt,Utilities,okhttp
"Constraint ""algorithm in {SHA-256, SHA-384, SHA-512}"" on object $r2 is violated due to the following reason:\n|- First parameter ""varReplacer20475"" with value ""SHA-1"" should be any of {SHA-256, SHA-384, SHA-512} (extracted @ varReplacer20475 = ""SHA-1"" @ line 3468)",True,com/applovin/impl/vi.java,com.kumobius.android.walljumper,23,>5M,CogniCrypt,others,unknown
"Constraint ""algorithm in {SHA-256, SHA-384, SHA-512}"" on object $r2 is violated due to the following reason:\n|- First parameter ""varReplacer16392"" with value ""SHA-1"" should be any of {SHA-256, SHA-384, SHA-512} (extracted @ varReplacer16392 = ""SHA-1"" @ line 1)",True,com/applovin/impl/sdk/utils/StringUtils.java,com.kumobius.android.walljumper,23,>5M,CogniCrypt,others,unknown
"Constraint ""protocol in {TLSv1.2, TLSv1.3}"" on object $r3 is violated due to the following reason:\n|- First parameter ""varReplacer7956"" with value ""TLS"" should be any of {TLSv1.2, TLSv1.3} (extracted @ varReplacer7956 = ""TLS"" @ line 95)",True,okhttp3/internal/platform/ConscryptPlatform.java,com.kumobius.android.walljumper,23,>5M,CogniCrypt,Utilities,okhttp
"Constraint ""protocol in {TLSv1.2, TLSv1.3}"" on object $r3 is violated due to the following reason:\n|- First parameter ""varReplacer7949"" with value ""TLS"" should be any of {TLSv1.2, TLSv1.3} (extracted @ varReplacer7949 = ""TLS"" @ line 454)",True,okhttp3/internal/platform/AndroidPlatform.java,com.kumobius.android.walljumper,23,>5M,CogniCrypt,Utilities,okhttp
"Constraint ""protocol in {TLSv1.2, TLSv1.3}"" on object $r4 is violated due to the following reason:\n|- First parameter ""varReplacer7953"" with value ""TLS"" should be any of {TLSv1.2, TLSv1.3} (extracted @ varReplacer7953 = ""TLS"" @ line 298)",True,okhttp3/internal/platform/Platform.java,com.kumobius.android.walljumper,23,>5M,CogniCrypt,Utilities,okhttp
"Constraint ""type in {JCEKS, JKS, DKS, PKCS11, PKCS12}"" on object $r2 is violated due to the following reason:\n|- First parameter ""varReplacer21369"" with value ""AndroidKeyStore"" should be any of {JCEKS, JKS, DKS, PKCS11, PKCS12} (extracted @ varReplacer21369 = ""AndroidKeyStore"" @ line 3)",False,com/digitalturbine/ignite/encryption/c.java,com.kumobius.android.walljumper,23,>5M,CogniCrypt,Android,ion
Second parameter was not properly generated as randomized,True,com/digitalturbine/ignite/encryption/a.java,com.kumobius.android.walljumper,23,>5M,CogniCrypt,Android,ion
Second parameter parameter was not properly generated as generatedPubkey OR generatedKey OR generatedPrivkey,True,com/digitalturbine/ignite/encryption/a.java,com.kumobius.android.walljumper,23,>5M,CogniCrypt,Android,ion
Second parameter was not properly generated as generatedTrustManagers,False,okhttp3/OkHttpClient.java,com.kumobius.android.walljumper,23,>5M,CogniCrypt,Utilities,okhttp
Second parameter was not properly generated as generatedTrustManagers,False,okhttp3/OkHttpClient.java,com.kumobius.android.walljumper,23,>5M,CogniCrypt,Utilities,okhttp
Third parameter was not properly generated as preparedGCM,True,com/digitalturbine/ignite/encryption/a.java,com.kumobius.android.walljumper,23,>5M,CogniCrypt,Android,ion
First parameter was not properly generated as randomized,True,com/ironsource/mediationsdk/utils/IronSourceAES.java,com.kumobius.android.walljumper,23,>5M,CogniCrypt,Android,ion
"Constraint ""alg(transformation) in {AES} => mode(transformation) in {GCM, CTR, CTS, CFB, OFB}"" on object $r5 is violated due to the following reason:\n|- Constraint ""alg(transformation) in {AES} => mode(transformation) in {GCM, CTR, CTS, CFB, OFB}"" evaluates to <false>:\n\t|- The left side ""alg(transformation) in {AES}"" evaluates to <true>:\n\t\t|- First parameter ""varReplacer12918"" (transformation) with value ""AES/CBC/PKCS7Padding"" satisfies the constraint in class com.ironsource.mediationsdk.utils.IronSourceAES @ $r5 = getInstance(varReplacer12918) @ line -1\n\t|- The right side ""mode(transformation) in {GCM, CTR, CTS, CFB, OFB}"" evaluates to <false>:\n\t\t|- First parameter ""varReplacer12918"" (transformation) with value ""AES/CBC/PKCS7Padding"" violates the constraint in class com.ironsource.mediationsdk.utils.IronSourceAES @ $r5 = getInstance(varReplacer12918) @ line -1",True,com/ironsource/mediationsdk/utils/IronSourceAES.java,com.kumobius.android.walljumper,23,>5M,CogniCrypt,Android,ion
Second parameter parameter was not properly generated as generatedKey OR generatedPrivkey OR generatedPubkey,True,com/ironsource/mediationsdk/utils/IronSourceAES.java,com.kumobius.android.walljumper,23,>5M,CogniCrypt,Android,ion
First parameter was not properly generated as randomized,True,com/ironsource/mediationsdk/utils/IronSourceAES.java,com.kumobius.android.walljumper,23,>5M,CogniCrypt,Android,ion
Operation on object of type javax.crypto.CipherInputStream not completed. Expected call to one of the methods {close()},True,com/digitalturbine/ignite/encryption/a.java,com.kumobius.android.walljumper,23,>5M,CogniCrypt,Android,ion
Second parameter was not properly generated as generatedCipher,True,com/digitalturbine/ignite/encryption/a.java,com.kumobius.android.walljumper,23,>5M,CogniCrypt,Android,ion
Second parameter parameter was not properly generated as generatedKey OR generatedPubkey OR generatedPrivkey,True,com/ironsource/mediationsdk/utils/IronSourceAES.java,com.kumobius.android.walljumper,23,>5M,CogniCrypt,Android,ion
First parameter was not properly generated as preparedKeyMaterial,True,com/ironsource/mediationsdk/utils/IronSourceAES.java,com.kumobius.android.walljumper,23,>5M,CogniCrypt,Android,ion
First parameter was not properly generated as generatedKeyManagers,False,okhttp3/OkHttpClient.java,com.kumobius.android.walljumper,23,>5M,CogniCrypt,Utilities,okhttp
First parameter was not properly generated as generatedKeyManagers,False,okhttp3/OkHttpClient.java,com.kumobius.android.walljumper,23,>5M,CogniCrypt,Utilities,okhttp
Second parameter was not properly generated as generatedTrustManagers,False,okhttp3/OkHttpClient.java,com.kumobius.android.walljumper,23,>5M,CogniCrypt,Utilities,okhttp
Third parameter was not properly generated as randomized,False,okhttp3/OkHttpClient.java,com.kumobius.android.walljumper,23,>5M,CogniCrypt,Utilities,okhttp
First parameter was not properly generated as generatedKeyManagers,False,okhttp3/OkHttpClient.java,com.kumobius.android.walljumper,23,>5M,CogniCrypt,Utilities,okhttp
"Constraint ""alg(transformation) in {AES} => mode(transformation) in {GCM, CTR, CTS, CFB, OFB}"" on object $r5 is violated due to the following reason:\n|- Constraint ""alg(transformation) in {AES} => mode(transformation) in {GCM, CTR, CTS, CFB, OFB}"" evaluates to <false>:\n\t|- The left side ""alg(transformation) in {AES}"" evaluates to <true>:\n\t\t|- First parameter ""varReplacer12907"" (transformation) with value ""AES/CBC/PKCS7Padding"" satisfies the constraint in class com.ironsource.mediationsdk.utils.IronSourceAES @ $r5 = getInstance(varReplacer12907) @ line -1\n\t|- The right side ""mode(transformation) in {GCM, CTR, CTS, CFB, OFB}"" evaluates to <false>:\n\t\t|- First parameter ""varReplacer12907"" (transformation) with value ""AES/CBC/PKCS7Padding"" violates the constraint in class com.ironsource.mediationsdk.utils.IronSourceAES @ $r5 = getInstance(varReplacer12907) @ line -1",True,com/ironsource/mediationsdk/utils/IronSourceAES.java,com.kumobius.android.walljumper,23,>5M,CogniCrypt,Android,ion
Third parameter was not properly generated as randomized,False,okhttp3/OkHttpClient.java,com.kumobius.android.walljumper,23,>5M,CogniCrypt,Utilities,okhttp
"Operation on object of type javax.crypto.Cipher not completed. Expected call to one of the methods {doFinal(byte[]), update(byte[], int, int, byte[], int), doFinal(byte[], int, int, byte[], int), doFinal(byte[], int, int, byte[]), update(byte[]), update(byte[], int, int, byte[]), updateAAD(byte[], int, int), update(byte[], int, int), update(java.nio.ByteBuffer, java.nio.ByteBuffer), wrap(java.security.Key), updateAAD(byte[]), updateAAD(java.nio.ByteBuffer), doFinal(byte[], int, int), doFinal(java.nio.ByteBuffer, java.nio.ByteBuffer)}",True,com/digitalturbine/ignite/encryption/a.java,com.kumobius.android.walljumper,23,>5M,CogniCrypt,Android,ion
"Constraint ""algorithm in {SHA-256, SHA-384, SHA-512}"" on object $r7 is violated due to the following reason:\n|- First parameter ""varReplacer1889"" with value ""MD5"" should be any of {SHA-256, SHA-384, SHA-512} (extracted @ varReplacer1889 = ""MD5"" @ line 151)",True,com/google/android/gms/internal/ads/zzbbg.java,com.kuwagata.sifi_fridge,2,<100,CogniCrypt,Android,com.google.android.gms::play-services-ads-base
First parameter was not properly generated as randomized,True,com/baidu/android/bbalbs/common/a/a.java,com.landl.gzbus,42,5k-10k,CogniCrypt,others,unknown
First parameter was not properly generated as preparedKeyMaterial,True,com/baidu/android/bbalbs/common/a/a.java,com.landl.gzbus,42,5k-10k,CogniCrypt,others,unknown
"Constraint ""alg(transformation) in {AES} => mode(transformation) in {GCM, CTR, CTS, CFB, OFB}"" on object $r5 is violated due to the following reason:\n|- Constraint ""alg(transformation) in {AES} => mode(transformation) in {GCM, CTR, CTS, CFB, OFB}"" evaluates to <false>:\n\t|- The left side ""alg(transformation) in {AES}"" evaluates to <true>:\n\t\t|- First parameter ""varReplacer2302"" (transformation) with value ""AES/CBC/PKCS5Padding"" satisfies the constraint in class com.baidu.android.bbalbs.common.a.a @ $r5 = getInstance(varReplacer2302) @ line -1\n\t|- The right side ""mode(transformation) in {GCM, CTR, CTS, CFB, OFB}"" evaluates to <false>:\n\t\t|- First parameter ""varReplacer2302"" (transformation) with value ""AES/CBC/PKCS5Padding"" violates the constraint in class com.baidu.android.bbalbs.common.a.a @ $r5 = getInstance(varReplacer2302) @ line -1",True,com/baidu/android/bbalbs/common/a/a.java,com.landl.gzbus,42,5k-10k,CogniCrypt,others,unknown
First parameter was not properly generated as preparedKeyMaterial,True,com/baidu/android/bbalbs/common/a/a.java,com.landl.gzbus,42,5k-10k,CogniCrypt,others,unknown
Second parameter parameter was not properly generated as generatedPubkey OR generatedPrivkey OR generatedKey,True,com/baidu/android/bbalbs/common/a/a.java,com.landl.gzbus,42,5k-10k,CogniCrypt,others,unknown
Second parameter parameter was not properly generated as generatedPubkey OR generatedKey OR generatedPrivkey,True,com/baidu/android/bbalbs/common/a/a.java,com.landl.gzbus,42,5k-10k,CogniCrypt,others,unknown
First parameter was not properly generated as randomized,True,com/baidu/android/bbalbs/common/a/a.java,com.landl.gzbus,42,5k-10k,CogniCrypt,others,unknown
"Constraint ""algorithm in {SHA-256, SHA-384, SHA-512}"" on object $r1 is violated due to the following reason:\n|- First parameter ""varReplacer2251"" with value ""MD5"" should be any of {SHA-256, SHA-384, SHA-512} (extracted @ varReplacer2251 = ""MD5"" @ line -1)",True,com/baidu/android/bbalbs/common/a/c.java,com.landl.gzbus,42,5k-10k,CogniCrypt,others,unknown
"Constraint ""alg(transformation) in {AES} => mode(transformation) in {GCM, CTR, CTS, CFB, OFB}"" on object $r5 is violated due to the following reason:\n|- Constraint ""alg(transformation) in {AES} => mode(transformation) in {GCM, CTR, CTS, CFB, OFB}"" evaluates to <false>:\n\t|- The left side ""alg(transformation) in {AES}"" evaluates to <true>:\n\t\t|- First parameter ""varReplacer2293"" (transformation) with value ""AES/CBC/PKCS5Padding"" satisfies the constraint in class com.baidu.android.bbalbs.common.a.a @ $r5 = getInstance(varReplacer2293) @ line -1\n\t|- The right side ""mode(transformation) in {GCM, CTR, CTS, CFB, OFB}"" evaluates to <false>:\n\t\t|- First parameter ""varReplacer2293"" (transformation) with value ""AES/CBC/PKCS5Padding"" violates the constraint in class com.baidu.android.bbalbs.common.a.a @ $r5 = getInstance(varReplacer2293) @ line -1",True,com/baidu/android/bbalbs/common/a/a.java,com.landl.gzbus,42,5k-10k,CogniCrypt,others,unknown
First parameter was not properly generated as generatedKeyStore,False,okhttp3/internal/platform/BouncyCastlePlatform.java,com.landl.gzbus,42,5k-10k,CogniCrypt,Utilities,OkHttp
"Constraint ""algorithm in {SHA-256, SHA-384, SHA-512}"" on object $r2 is violated due to the following reason:\n|- First parameter ""varReplacer14979"" with value ""MD5"" should be any of {SHA-256, SHA-384, SHA-512} (extracted @ varReplacer14979 = ""MD5"" @ line 28)",True,com/umeng/analytics/filter/d.java,com.landl.gzbus,42,5k-10k,CogniCrypt,others,unknown
First parameter was not properly generated as generatedKeyManagers,False,okhttp3/internal/platform/Platform.java,com.landl.gzbus,42,5k-10k,CogniCrypt,Utilities,OkHttp
First parameter was not properly generated as generatedKeyStore,False,okhttp3/internal/platform/OpenJSSEPlatform.java,com.landl.gzbus,42,5k-10k,CogniCrypt,Utilities,OkHttp
First parameter was not properly generated as generatedKeyStore,False,okhttp3/internal/platform/ConscryptPlatform.java,com.landl.gzbus,42,5k-10k,CogniCrypt,Utilities,OkHttp
"Constraint ""protocol in {TLSv1.2, TLSv1.3}"" on object $r1 is violated due to the following reason:\n|- First parameter ""varReplacer1620"" with value ""TLS"" should be any of {TLSv1.2, TLSv1.3} (extracted @ varReplacer1620 = ""TLS"" @ line 44)",True,okhttp3/internal/platform/ConscryptPlatform.java,com.landl.gzbus,42,5k-10k,CogniCrypt,Utilities,OkHttp
"Constraint ""algorithm in {SHA-256, SHA-384, SHA-512}"" on object $r2 is violated due to the following reason:\n|- First parameter ""varReplacer3424"" with value ""SHA1"" should be any of {SHA-256, SHA-384, SHA-512} (extracted @ varReplacer3424 = ""SHA1"" @ line -1)",True,com/baidu/lbsapi/auth/b.java,com.landl.gzbus,42,5k-10k,CogniCrypt,others,unknown
"Constraint ""algorithm in {SHA-256, SHA-384, SHA-512}"" on object $r7 is violated due to the following reason:\n|- First parameter ""varReplacer14205"" with value ""SHA"" should be any of {SHA-256, SHA-384, SHA-512} (extracted @ varReplacer14205 = ""SHA"" @ line 1345)",True,com/umeng/commonsdk/statistics/common/DeviceConfig.java,com.landl.gzbus,42,5k-10k,CogniCrypt,others,unknown
"Constraint ""algorithm in {SHA-256, SHA-384, SHA-512}"" on object $r12 is violated due to the following reason:\n|- First parameter ""varReplacer14210"" with value ""SHA1"" should be any of {SHA-256, SHA-384, SHA-512} (extracted @ varReplacer14210 = ""SHA1"" @ line 1325)",True,com/umeng/commonsdk/statistics/common/DeviceConfig.java,com.landl.gzbus,42,5k-10k,CogniCrypt,others,unknown
Second parameter was not properly generated as generatedTrustManagers,True,okhttp3/internal/platform/ConscryptPlatform.java,com.landl.gzbus,42,5k-10k,CogniCrypt,Utilities,OkHttp
Third parameter was not properly generated as randomized,False,okhttp3/internal/platform/ConscryptPlatform.java,com.landl.gzbus,42,5k-10k,CogniCrypt,Utilities,OkHttp
Third parameter was not properly generated as randomized,False,okhttp3/internal/platform/Platform.java,com.landl.gzbus,42,5k-10k,CogniCrypt,Utilities,OkHttp
First parameter was not properly generated as generatedKeyManagers,False,okhttp3/internal/platform/ConscryptPlatform.java,com.landl.gzbus,42,5k-10k,CogniCrypt,Utilities,OkHttp
"Constraint ""alg(transformation) in {AES} => mode(transformation) in {GCM, CTR, CTS, CFB, OFB}"" on object $r3 is violated due to the following reason:\n|- Constraint ""alg(transformation) in {AES} => mode(transformation) in {GCM, CTR, CTS, CFB, OFB}"" evaluates to <false>:\n\t|- The left side ""alg(transformation) in {AES}"" evaluates to <true>:\n\t\t|- First parameter ""varReplacer13746"" (transformation) with value ""AES/CBC/PKCS7Padding"" satisfies the constraint in class com.umeng.commonsdk.statistics.common.DataHelper @ $r3 = getInstance(varReplacer13746) @ line 142\n\t|- The right side ""mode(transformation) in {GCM, CTR, CTS, CFB, OFB}"" evaluates to <false>:\n\t\t|- First parameter ""varReplacer13746"" (transformation) with value ""AES/CBC/PKCS7Padding"" violates the constraint in class com.umeng.commonsdk.statistics.common.DataHelper @ $r3 = getInstance(varReplacer13746) @ line 142",True,com/umeng/commonsdk/statistics/common/DataHelper.java,com.landl.gzbus,42,5k-10k,CogniCrypt,others,unknown
First parameter was not properly generated as randomized,True,com/umeng/commonsdk/statistics/common/DataHelper.java,com.landl.gzbus,42,5k-10k,CogniCrypt,others,unknown
Second parameter parameter was not properly generated as generatedPrivkey OR generatedPubkey OR generatedKey,True,com/umeng/commonsdk/statistics/common/DataHelper.java,com.landl.gzbus,42,5k-10k,CogniCrypt,others,unknown
First parameter was not properly generated as preparedKeyMaterial,True,com/umeng/commonsdk/statistics/common/DataHelper.java,com.landl.gzbus,42,5k-10k,CogniCrypt,others,unknown
"Constraint ""algorithm in {SHA-256, SHA-384, SHA-512}"" on object $r2 is violated due to the following reason:\n|- First parameter ""varReplacer14766"" with value ""MD5"" should be any of {SHA-256, SHA-384, SHA-512} (extracted @ varReplacer14766 = ""MD5"" @ line 104)",True,com/umeng/commonsdk/statistics/common/DataHelper.java,com.landl.gzbus,42,5k-10k,CogniCrypt,others,unknown
First parameter was not properly generated as randomized,True,com/umeng/commonsdk/statistics/common/DataHelper.java,com.landl.gzbus,42,5k-10k,CogniCrypt,others,unknown
Second parameter parameter was not properly generated as generatedPrivkey OR generatedPubkey OR generatedKey,True,com/umeng/commonsdk/statistics/common/DataHelper.java,com.landl.gzbus,42,5k-10k,CogniCrypt,others,unknown
First parameter was not properly generated as preparedKeyMaterial,True,com/umeng/commonsdk/statistics/common/DataHelper.java,com.landl.gzbus,42,5k-10k,CogniCrypt,others,unknown
"Constraint ""alg(transformation) in {AES} => mode(transformation) in {GCM, CTR, CTS, CFB, OFB}"" on object $r3 is violated due to the following reason:\n|- Constraint ""alg(transformation) in {AES} => mode(transformation) in {GCM, CTR, CTS, CFB, OFB}"" evaluates to <false>:\n\t|- The left side ""alg(transformation) in {AES}"" evaluates to <true>:\n\t\t|- First parameter ""varReplacer13743"" (transformation) with value ""AES/CBC/PKCS7Padding"" satisfies the constraint in class com.umeng.commonsdk.statistics.common.DataHelper @ $r3 = getInstance(varReplacer13743) @ line 126\n\t|- The right side ""mode(transformation) in {GCM, CTR, CTS, CFB, OFB}"" evaluates to <false>:\n\t\t|- First parameter ""varReplacer13743"" (transformation) with value ""AES/CBC/PKCS7Padding"" violates the constraint in class com.umeng.commonsdk.statistics.common.DataHelper @ $r3 = getInstance(varReplacer13743) @ line 126",True,com/umeng/commonsdk/statistics/common/DataHelper.java,com.landl.gzbus,42,5k-10k,CogniCrypt,others,unknown
"Constraint ""algorithm in {SHA-256, SHA-384, SHA-512}"" on object $r12 is violated due to the following reason:\n|- First parameter ""varReplacer14215"" with value ""MD5"" should be any of {SHA-256, SHA-384, SHA-512} (extracted @ varReplacer14215 = ""MD5"" @ line 1377)",True,com/umeng/commonsdk/statistics/common/DeviceConfig.java,com.landl.gzbus,42,5k-10k,CogniCrypt,others,unknown
"Constraint ""algorithm in {SHA-256, SHA-384, SHA-512}"" on object $r1 is violated due to the following reason:\n|- First parameter ""varReplacer6225"" with value ""SHA-1"" should be any of {SHA-256, SHA-384, SHA-512} (extracted @ varReplacer6225 = ""SHA-1"" @ line 133)",True,com/landl/gzbus/netWork/NetWorkItemBase.java,com.landl.gzbus,42,5k-10k,CogniCrypt,SocialMedia,Facebook
Second parameter was not properly generated as generatedTrustManagers,True,okhttp3/internal/platform/Platform.java,com.landl.gzbus,42,5k-10k,CogniCrypt,Utilities,OkHttp
First parameter was not properly generated as generatedKeyManagers,False,okhttp3/internal/platform/Platform.java,com.landl.gzbus,42,5k-10k,CogniCrypt,Utilities,OkHttp
"Constraint ""protocol in {TLSv1.2, TLSv1.3}"" on object $r1 is violated due to the following reason:\n|- First parameter ""varReplacer1626"" with value ""TLS"" should be any of {TLSv1.2, TLSv1.3} (extracted @ varReplacer1626 = ""TLS"" @ line 38)",True,okhttp3/internal/platform/BouncyCastlePlatform.java,com.landl.gzbus,42,5k-10k,CogniCrypt,Utilities,OkHttp
"Constraint ""algorithm in {SHA-256, SHA-384, SHA-512}"" on object $r3 is violated due to the following reason:\n|- First parameter ""varReplacer13167"" with value ""MD5"" should be any of {SHA-256, SHA-384, SHA-512} (extracted @ varReplacer13167 = ""MD5"" @ line 80)",True,com/umeng/commonsdk/statistics/common/HelperUtils.java,com.landl.gzbus,42,5k-10k,CogniCrypt,others,unknown
"Constraint ""algorithm in {SHA-256, SHA-384, SHA-512}"" on object $r1 is violated due to the following reason:\n|- First parameter ""varReplacer14365"" with value ""MD5"" should be any of {SHA-256, SHA-384, SHA-512} (extracted @ varReplacer14365 = ""MD5"" @ line 107)",True,com/umeng/commonsdk/statistics/common/HelperUtils.java,com.landl.gzbus,42,5k-10k,CogniCrypt,others,unknown
"Constraint ""algorithm in {SHA-256, SHA-384, SHA-512}"" on object $r11 is violated due to the following reason:\n|- First parameter ""varReplacer15547"" with value ""SHA1"" should be any of {SHA-256, SHA-384, SHA-512} (extracted @ varReplacer15547 = ""SHA1"" @ line 8)",True,org/repackage/a/a/a/a/c.java,com.landl.gzbus,42,5k-10k,CogniCrypt,Utilities,mapsforge
First parameter was not properly generated as randomized,True,com/baidu/location/b/m.java,com.landl.gzbus,42,5k-10k,CogniCrypt,Android,ion
Second parameter parameter was not properly generated as generatedPubkey OR generatedKey OR generatedPrivkey,True,com/baidu/location/b/m.java,com.landl.gzbus,42,5k-10k,CogniCrypt,Android,ion
"Constraint ""alg(transformation) in {AES} => mode(transformation) in {GCM, CTR, CTS, CFB, OFB}"" on object $r7 is violated due to the following reason:\n|- Constraint ""alg(transformation) in {AES} => mode(transformation) in {GCM, CTR, CTS, CFB, OFB}"" evaluates to <false>:\n\t|- The left side ""alg(transformation) in {AES}"" evaluates to <true>:\n\t\t|- First parameter ""varReplacer16487"" (transformation) with value ""AES/CBC/PKCS5PADDING"" satisfies the constraint in class com.baidu.location.b.m @ $r7 = getInstance(varReplacer16487) @ line -1\n\t|- The right side ""mode(transformation) in {GCM, CTR, CTS, CFB, OFB}"" evaluates to <false>:\n\t\t|- First parameter ""varReplacer16487"" (transformation) with value ""AES/CBC/PKCS5PADDING"" violates the constraint in class com.baidu.location.b.m @ $r7 = getInstance(varReplacer16487) @ line -1",True,com/baidu/location/b/m.java,com.landl.gzbus,42,5k-10k,CogniCrypt,Android,ion
First parameter was not properly generated as preparedKeyMaterial,True,com/baidu/location/b/m.java,com.landl.gzbus,42,5k-10k,CogniCrypt,Android,ion
First parameter was not properly generated as randomized,True,com/baidu/location/b/m.java,com.landl.gzbus,42,5k-10k,CogniCrypt,Android,ion
First parameter was not properly generated as generatedKeyManagers,False,okhttp3/internal/platform/Platform.java,com.landl.gzbus,42,5k-10k,CogniCrypt,Utilities,OkHttp
First parameter was not properly generated as preparedKeyMaterial,True,com/baidu/location/b/m.java,com.landl.gzbus,42,5k-10k,CogniCrypt,Android,ion
"Constraint ""alg(transformation) in {AES} => mode(transformation) in {GCM, CTR, CTS, CFB, OFB}"" on object $r7 is violated due to the following reason:\n|- Constraint ""alg(transformation) in {AES} => mode(transformation) in {GCM, CTR, CTS, CFB, OFB}"" evaluates to <false>:\n\t|- The left side ""alg(transformation) in {AES}"" evaluates to <true>:\n\t\t|- First parameter ""varReplacer16374"" (transformation) with value ""AES/CBC/PKCS5PADDING"" satisfies the constraint in class com.baidu.location.b.m @ $r7 = getInstance(varReplacer16374) @ line -1\n\t|- The right side ""mode(transformation) in {GCM, CTR, CTS, CFB, OFB}"" evaluates to <false>:\n\t\t|- First parameter ""varReplacer16374"" (transformation) with value ""AES/CBC/PKCS5PADDING"" violates the constraint in class com.baidu.location.b.m @ $r7 = getInstance(varReplacer16374) @ line -1",True,com/baidu/location/b/m.java,com.landl.gzbus,42,5k-10k,CogniCrypt,Android,ion
"Constraint ""protocol in {TLSv1.2, TLSv1.3}"" on object $r1 is violated due to the following reason:\n|- First parameter ""varReplacer1622"" with value ""TLS"" should be any of {TLSv1.2, TLSv1.3} (extracted @ varReplacer1622 = ""TLS"" @ line 75)",True,okhttp3/internal/platform/Platform.java,com.landl.gzbus,42,5k-10k,CogniCrypt,Utilities,OkHttp
First parameter was not properly generated as generatedKeyManagers,False,okhttp3/internal/platform/Platform.java,com.landl.gzbus,42,5k-10k,CogniCrypt,Utilities,OkHttp
Third parameter was not properly generated as randomized,False,okhttp3/internal/platform/Platform.java,com.landl.gzbus,42,5k-10k,CogniCrypt,Utilities,OkHttp
Third parameter was not properly generated as randomized,False,okhttp3/internal/platform/Platform.java,com.landl.gzbus,42,5k-10k,CogniCrypt,Utilities,OkHttp
Second parameter was not properly generated as generatedTrustManagers,True,okhttp3/internal/platform/Platform.java,com.landl.gzbus,42,5k-10k,CogniCrypt,Utilities,OkHttp
Second parameter was not properly generated as generatedTrustManagers,True,okhttp3/internal/platform/Platform.java,com.landl.gzbus,42,5k-10k,CogniCrypt,Utilities,OkHttp
Second parameter was not properly generated as generatedTrustManagers,True,okhttp3/internal/platform/Platform.java,com.landl.gzbus,42,5k-10k,CogniCrypt,Utilities,OkHttp
Third parameter was not properly generated as randomized,False,okhttp3/internal/platform/Platform.java,com.landl.gzbus,42,5k-10k,CogniCrypt,Utilities,OkHttp
Second parameter parameter was not properly generated as generatedPubkey OR generatedPrivkey OR generatedKey,True,com/baidu/location/b/m.java,com.landl.gzbus,42,5k-10k,CogniCrypt,Android,ion
"Constraint ""algorithm in {SHA-256, SHA-384, SHA-512}"" on object $r1 is violated due to the following reason:\n|- First parameter ""varReplacer14968"" with value ""MD5"" should be any of {SHA-256, SHA-384, SHA-512} (extracted @ varReplacer14968 = ""MD5"" @ line 129)",True,com/umeng/commonsdk/statistics/common/HelperUtils.java,com.landl.gzbus,42,5k-10k,CogniCrypt,others,unknown
First parameter was not properly generated as generatedKeyStore,False,okhttp3/internal/platform/Platform.java,com.landl.gzbus,42,5k-10k,CogniCrypt,Utilities,OkHttp
"Constraint ""algorithm in {SHA-256, SHA-384, SHA-512}"" on object $r6 is violated due to the following reason:\n|- First parameter ""$r0"" with value ""MD5"" should be any of {SHA-256, SHA-384, SHA-512} (extracted @ varReplacer5132 = ""MD5"" @ line 3)",True,com/google/android/gms/internal/ads/zzchh.java,com.learnateso.learn_ateso,40,5k-10k,CogniCrypt,Utilities,Guava
"Constraint ""algorithm in {SHA-256, SHA-384, SHA-512}"" on object $r7 is violated due to the following reason:\n|- First parameter ""varReplacer4510"" with value ""MD5"" should be any of {SHA-256, SHA-384, SHA-512} (extracted @ varReplacer4510 = ""MD5"" @ line 4)",True,com/google/android/gms/internal/ads/zzchh.java,com.learnateso.learn_ateso,40,5k-10k,CogniCrypt,Utilities,Guava
First parameter was not properly generated as generatedKeyManagers,False,com/lekseek/utils/HttpUtils.java,com.lekseek.aptekarzInterakcje,134,5k-10k,CogniCrypt,developer_written,not_applicable
Second parameter was not properly generated as generatedTrustManagers,True,com/lekseek/utils/HttpUtils.java,com.lekseek.aptekarzInterakcje,134,5k-10k,CogniCrypt,developer_written,not_applicable
"Constraint ""protocol in {TLSv1.2, TLSv1.3}"" on object $r0 is violated due to the following reason:\n|- First parameter ""varReplacer2387"" with value ""TLS"" should be any of {TLSv1.2, TLSv1.3} (extracted @ varReplacer2387 = ""TLS"" @ line 41)",True,com/lekseek/utils/HttpUtils.java,com.lekseek.aptekarzInterakcje,134,5k-10k,CogniCrypt,developer_written,not_applicable
"Constraint ""algorithm in {SHA-256, SHA-384, SHA-512}"" on object $r7 is violated due to the following reason:\n|- First parameter ""varReplacer2850"" with value ""MD5"" should be any of {SHA-256, SHA-384, SHA-512} (extracted @ varReplacer2850 = ""MD5"" @ line 4)",True,com/google/android/gms/ads/internal/util/client/zzf.java,com.liogaming.dlskits,8,1M-5M,CogniCrypt,Utilities,Gson
First parameter was not properly generated as preparedKeyMaterial,False,com/pairip/licensecheck/ResponseValidator.java,com.liogaming.dlskits,8,1M-5M,CogniCrypt,others,unknown
First parameter was not properly generated as speccedKey,False,com/pairip/licensecheck/ResponseValidator.java,com.liogaming.dlskits,8,1M-5M,CogniCrypt,others,unknown
Return value was not properly generated as generatedPubkey,False,com/pairip/licensecheck/ResponseValidator.java,com.liogaming.dlskits,8,1M-5M,CogniCrypt,others,unknown
First parameter was not properly generated as generatedPubkey,False,com/pairip/licensecheck/ResponseValidator.java,com.liogaming.dlskits,8,1M-5M,CogniCrypt,others,unknown
"Constraint ""algorithm in {SHA-256, SHA-384, SHA-512}"" on object $r5 is violated due to the following reason:\n|- First parameter ""varReplacer3924"" with value ""MD5"" should be any of {SHA-256, SHA-384, SHA-512} (extracted @ varReplacer3924 = ""MD5"" @ line 1)",True,com/google/android/gms/internal/consent_sdk/zzcl.java,com.liogaming.dlskits,8,1M-5M,CogniCrypt,Utilities,Gson
Second parameter was not properly generated as generatedTrustManagers,True,okhttp3/internal/platform/Platform.java,com.londonandpartners.londonguide,31940000,500k-1M,CogniCrypt,Utilities,OkHttp
First parameter was not properly generated as generatedKeyStore,False,okhttp3/internal/platform/BouncyCastlePlatform.java,com.londonandpartners.londonguide,31940000,500k-1M,CogniCrypt,Utilities,OkHttp
Second parameter was not properly generated as generatedTrustManagers,True,okhttp3/internal/platform/Platform.java,com.londonandpartners.londonguide,31940000,500k-1M,CogniCrypt,Utilities,OkHttp
Third parameter was not properly generated as randomized,False,okhttp3/internal/platform/Platform.java,com.londonandpartners.londonguide,31940000,500k-1M,CogniCrypt,Utilities,OkHttp
First parameter was not properly generated as generatedKeyManagers,False,okhttp3/internal/platform/Platform.java,com.londonandpartners.londonguide,31940000,500k-1M,CogniCrypt,Utilities,OkHttp
First parameter was not properly generated as generatedKeyManagers,False,okhttp3/internal/platform/Platform.java,com.londonandpartners.londonguide,31940000,500k-1M,CogniCrypt,Utilities,OkHttp
"Constraint ""protocol in {TLSv1.2, TLSv1.3}"" on object $r1 is violated due to the following reason:\n|- First parameter ""varReplacer8595"" with value ""TLS"" should be any of {TLSv1.2, TLSv1.3} (extracted @ varReplacer8595 = ""TLS"" @ line 2)",True,okhttp3/internal/platform/BouncyCastlePlatform.java,com.londonandpartners.londonguide,31940000,500k-1M,CogniCrypt,Utilities,OkHttp
Third parameter was not properly generated as randomized,False,okhttp3/internal/platform/Platform.java,com.londonandpartners.londonguide,31940000,500k-1M,CogniCrypt,Utilities,OkHttp
First parameter was not properly generated as generatedKeyManagers,False,okhttp3/internal/platform/Platform.java,com.londonandpartners.londonguide,31940000,500k-1M,CogniCrypt,Utilities,OkHttp
First parameter was not properly generated as generatedKeyManagers,False,okhttp3/internal/platform/Platform.java,com.londonandpartners.londonguide,31940000,500k-1M,CogniCrypt,Utilities,OkHttp
Second parameter was not properly generated as generatedTrustManagers,True,okhttp3/internal/platform/Platform.java,com.londonandpartners.londonguide,31940000,500k-1M,CogniCrypt,Utilities,OkHttp
Second parameter was not properly generated as generatedTrustManagers,True,okhttp3/internal/platform/Platform.java,com.londonandpartners.londonguide,31940000,500k-1M,CogniCrypt,Utilities,OkHttp
"Constraint ""protocol in {TLSv1.2, TLSv1.3}"" on object $r1 is violated due to the following reason:\n|- First parameter ""varReplacer8591"" with value ""TLS"" should be any of {TLSv1.2, TLSv1.3} (extracted @ varReplacer8591 = ""TLS"" @ line 2)",True,okhttp3/internal/platform/Platform.java,com.londonandpartners.londonguide,31940000,500k-1M,CogniCrypt,Utilities,OkHttp
Third parameter was not properly generated as randomized,False,okhttp3/internal/platform/Platform.java,com.londonandpartners.londonguide,31940000,500k-1M,CogniCrypt,Utilities,OkHttp
First parameter was not properly generated as generatedKeyStore,False,okhttp3/internal/platform/OpenJSSEPlatform.java,com.londonandpartners.londonguide,31940000,500k-1M,CogniCrypt,Utilities,OkHttp
First parameter was not properly generated as generatedKeyStore,False,okhttp3/internal/platform/Platform.java,com.londonandpartners.londonguide,31940000,500k-1M,CogniCrypt,Utilities,OkHttp
Third parameter was not properly generated as randomized,False,okhttp3/internal/platform/Platform.java,com.londonandpartners.londonguide,31940000,500k-1M,CogniCrypt,Utilities,OkHttp
First parameter was not properly generated as generatedKeyStore,False,okhttp3/internal/platform/ConscryptPlatform.java,com.londonandpartners.londonguide,31940000,500k-1M,CogniCrypt,Utilities,OkHttp
"Constraint ""protocol in {TLSv1.2, TLSv1.3}"" on object $r1 is violated due to the following reason:\n|- First parameter ""varReplacer8589"" with value ""TLS"" should be any of {TLSv1.2, TLSv1.3} (extracted @ varReplacer8589 = ""TLS"" @ line 2)",True,okhttp3/internal/platform/ConscryptPlatform.java,com.londonandpartners.londonguide,31940000,500k-1M,CogniCrypt,Utilities,OkHttp
First parameter was not properly generated as generatedKeyManagers,False,okhttp3/internal/platform/ConscryptPlatform.java,com.londonandpartners.londonguide,31940000,500k-1M,CogniCrypt,Utilities,OkHttp
Second parameter was not properly generated as generatedTrustManagers,True,okhttp3/internal/platform/ConscryptPlatform.java,com.londonandpartners.londonguide,31940000,500k-1M,CogniCrypt,Utilities,OkHttp
Third parameter was not properly generated as randomized,False,okhttp3/internal/platform/ConscryptPlatform.java,com.londonandpartners.londonguide,31940000,500k-1M,CogniCrypt,Utilities,OkHttp
"Constraint ""algorithm in {SHA-256, SHA-384, SHA-512}"" on object $r5 is violated due to the following reason:\n|- First parameter ""varReplacer5272"" with value ""MD5"" should be any of {SHA-256, SHA-384, SHA-512} (extracted @ varReplacer5272 = ""MD5"" @ line 1)",True,com/google/android/gms/internal/consent_sdk/zzcn.java,com.mamastudio.banglaquiz,6,1k-5k,CogniCrypt,Utilities,Guava
"Constraint ""algorithm in {SHA-256, SHA-384, SHA-512}"" on object $r7 is violated due to the following reason:\n|- First parameter ""varReplacer2996"" with value ""MD5"" should be any of {SHA-256, SHA-384, SHA-512} (extracted @ varReplacer2996 = ""MD5"" @ line 4)",True,com/google/android/gms/internal/ads/zzcgo.java,com.mamastudio.banglaquiz,6,1k-5k,CogniCrypt,Utilities,Guava
First parameter was not properly generated as generatedKeyStore,False,T6/d.java,com.mensajes.borrados.deleted.messages,206,>5M,CogniCrypt,others,unknown
Second parameter was not properly generated as generatedTrustManagers,True,T6/h.java,com.mensajes.borrados.deleted.messages,206,>5M,CogniCrypt,others,unknown
Third parameter was not properly generated as randomized,False,T6/h.java,com.mensajes.borrados.deleted.messages,206,>5M,CogniCrypt,others,unknown
"Constraint ""protocol in {TLSv1.2, TLSv1.3}"" on object $r1 is violated due to the following reason:\n|- First parameter ""varReplacer22165"" with value ""TLS"" should be any of {TLSv1.2, TLSv1.3} (extracted @ varReplacer22165 = ""TLS"" @ line 2)",False,T6/d.java,com.mensajes.borrados.deleted.messages,206,>5M,CogniCrypt,others,unknown
Second parameter was not properly generated as generatedTrustManagers,True,T6/d.java,com.mensajes.borrados.deleted.messages,206,>5M,CogniCrypt,others,unknown
First parameter was not properly generated as generatedKeyManagers,False,T6/h.java,com.mensajes.borrados.deleted.messages,206,>5M,CogniCrypt,others,unknown
Second parameter was not properly generated as generatedTrustManagers,True,T6/h.java,com.mensajes.borrados.deleted.messages,206,>5M,CogniCrypt,others,unknown
First parameter was not properly generated as generatedKeyManagers,False,T6/d.java,com.mensajes.borrados.deleted.messages,206,>5M,CogniCrypt,others,unknown
Second parameter was not properly generated as generatedTrustManagers,True,T6/h.java,com.mensajes.borrados.deleted.messages,206,>5M,CogniCrypt,others,unknown
First parameter was not properly generated as generatedKeyManagers,False,T6/h.java,com.mensajes.borrados.deleted.messages,206,>5M,CogniCrypt,others,unknown
Third parameter was not properly generated as randomized,False,T6/h.java,com.mensajes.borrados.deleted.messages,206,>5M,CogniCrypt,others,unknown
Second parameter was not properly generated as generatedTrustManagers,False,com/zipoapps/premiumhelper/toto/TotoService.java,com.mensajes.borrados.deleted.messages,206,>5M,CogniCrypt,Android,com.android.support::support-core-utils
Second parameter was not properly generated as generatedTrustManagers,True,T6/h.java,com.mensajes.borrados.deleted.messages,206,>5M,CogniCrypt,others,unknown
First parameter was not properly generated as generatedKeyStore,False,com/zipoapps/premiumhelper/toto/TotoService.java,com.mensajes.borrados.deleted.messages,206,>5M,CogniCrypt,Android,com.android.support::support-core-utils
"Constraint ""algorithm in {SHA-256, SHA-384, SHA-512}"" on object $r12 is violated due to the following reason:\n|- First parameter ""varReplacer23498"" with value ""MD5"" should be any of {SHA-256, SHA-384, SHA-512} (extracted @ varReplacer23498 = ""MD5"" @ line -1)",True,com/yandex/metrica/impl/ob/um.java,com.mensajes.borrados.deleted.messages,206,>5M,CogniCrypt,Android,com.android.support::support-core-utils
"Constraint ""algorithm in {SHA-256, SHA-384, SHA-512}"" on object $r2 is violated due to the following reason:\n|- First parameter ""varReplacer28592"" with value ""SHA-1"" should be any of {SHA-256, SHA-384, SHA-512} (extracted @ varReplacer28592 = ""SHA-1"" @ line 1)",True,com/zipoapps/premiumhelper/util/z.java,com.mensajes.borrados.deleted.messages,206,>5M,CogniCrypt,Android,com.android.support::support-core-utils
"Constraint ""algorithm in {SHA-256, SHA-384, SHA-512}"" on object $r2 is violated due to the following reason:\n|- First parameter ""varReplacer27305"" with value ""SHA-1"" should be any of {SHA-256, SHA-384, SHA-512} (extracted @ varReplacer27305 = ""SHA-1"" @ line 5)",True,com/applovin/impl/sdk/utils/r.java,com.mensajes.borrados.deleted.messages,206,>5M,CogniCrypt,Android,androidx.interpolator::interpolator
"Constraint ""algorithm in {SHA-256, SHA-384, SHA-512}"" on object $r14 is violated due to the following reason:\n|- First parameter ""varReplacer27860"" with value ""SHA1"" should be any of {SHA-256, SHA-384, SHA-512} (extracted @ varReplacer27860 = ""SHA1"" @ line -1)",True,com/yandex/metrica/impl/ob/P.java,com.mensajes.borrados.deleted.messages,206,>5M,CogniCrypt,Android,com.android.support::support-core-utils
"Constraint ""algorithm in {SHA-256, SHA-384, SHA-512}"" on object $r1 is violated due to the following reason:\n|- First parameter ""varReplacer23986"" with value ""MD5"" should be any of {SHA-256, SHA-384, SHA-512} (extracted @ varReplacer23986 = ""MD5"" @ line 8)",True,com/yandex/metrica/impl/ob/ym.java,com.mensajes.borrados.deleted.messages,206,>5M,CogniCrypt,Android,com.android.support::support-core-utils
First parameter was not properly generated as generatedKeyStore,True,T6/c.java,com.mensajes.borrados.deleted.messages,206,>5M,CogniCrypt,others,unknown
Third parameter was not properly generated as randomized,False,T6/h.java,com.mensajes.borrados.deleted.messages,206,>5M,CogniCrypt,others,unknown
Third parameter was not properly generated as randomized,False,com/zipoapps/premiumhelper/toto/TotoService.java,com.mensajes.borrados.deleted.messages,206,>5M,CogniCrypt,Android,com.android.support::support-core-utils
First parameter was not properly generated as generatedKeyManagers,False,T6/h.java,com.mensajes.borrados.deleted.messages,206,>5M,CogniCrypt,others,unknown
First parameter was not properly generated as generatedKeyStore,False,T6/g.java,com.mensajes.borrados.deleted.messages,206,>5M,CogniCrypt,others,unknown
First parameter was not properly generated as generatedKeyStore,False,T6/h.java,com.mensajes.borrados.deleted.messages,206,>5M,CogniCrypt,others,unknown
"Constraint ""protocol in {TLSv1.2, TLSv1.3}"" on object $r1 is violated due to the following reason:\n|- First parameter ""varReplacer22167"" with value ""TLS"" should be any of {TLSv1.2, TLSv1.3} (extracted @ varReplacer22167 = ""TLS"" @ line 2)",True,T6/h.java,com.mensajes.borrados.deleted.messages,206,>5M,CogniCrypt,others,unknown
First parameter was not properly generated as generatedKeyManagers,False,T6/h.java,com.mensajes.borrados.deleted.messages,206,>5M,CogniCrypt,others,unknown
"Constraint ""protocol in {TLSv1.2, TLSv1.3}"" on object $r1 is violated due to the following reason:\n|- First parameter ""varReplacer22171"" with value ""TLS"" should be any of {TLSv1.2, TLSv1.3} (extracted @ varReplacer22171 = ""TLS"" @ line 2)",True,T6/c.java,com.mensajes.borrados.deleted.messages,206,>5M,CogniCrypt,others,unknown
"Constraint ""algorithm in {SHA-256, SHA-384, SHA-512}"" on object $r2 is violated due to the following reason:\n|- First parameter ""varReplacer7070"" with value ""SHA-1"" should be any of {SHA-256, SHA-384, SHA-512} (extracted @ varReplacer7070 = ""SHA-1"" @ line -1)",True,com/applovin/impl/sdk/utils/StringUtils.java,com.mensajes.borrados.deleted.messages,206,>5M,CogniCrypt,Android,androidx.interpolator::interpolator
Third parameter was not properly generated as randomized,False,T6/d.java,com.mensajes.borrados.deleted.messages,206,>5M,CogniCrypt,others,unknown
First parameter was not properly generated as generatedKeyManagers,False,com/zipoapps/premiumhelper/toto/TotoService.java,com.mensajes.borrados.deleted.messages,206,>5M,CogniCrypt,Android,com.android.support::support-core-utils
Third parameter was not properly generated as randomized,False,T6/h.java,com.mensajes.borrados.deleted.messages,206,>5M,CogniCrypt,others,unknown
Third parameter was not properly generated as randomized,False,okhttp3/OkHttpClient.java,com.moall.farmerstore88,38,500k-1M,CogniCrypt,Utilities,okhttp
Second parameter was not properly generated as generatedTrustManagers,False,okhttp3/OkHttpClient.java,com.moall.farmerstore88,38,500k-1M,CogniCrypt,Utilities,okhttp
First parameter was not properly generated as generatedKeyStore,False,okhttp3/internal/Util.java,com.moall.farmerstore88,38,500k-1M,CogniCrypt,Utilities,okhttp
"Constraint ""protocol in {TLSv1.2, TLSv1.3}"" on object $r2 is violated due to the following reason:\n|- First parameter ""varReplacer1667"" with value ""TLS"" should be any of {TLSv1.2, TLSv1.3} (extracted @ varReplacer1667 = ""TLS"" @ line 424)",True,okhttp3/internal/platform/AndroidPlatform.java,com.moall.farmerstore88,38,500k-1M,CogniCrypt,Utilities,okhttp
"Constraint ""protocol in {TLSv1.2, TLSv1.3}"" on object $r2 is violated due to the following reason:\n|- First parameter ""varReplacer1669"" with value ""TLS"" should be any of {TLSv1.2, TLSv1.3} (extracted @ varReplacer1669 = ""TLS"" @ line 296)",True,okhttp3/internal/platform/Platform.java,com.moall.farmerstore88,38,500k-1M,CogniCrypt,Utilities,okhttp
Second parameter was not properly generated as generatedTrustManagers,False,okhttp3/OkHttpClient.java,com.moall.farmerstore88,38,500k-1M,CogniCrypt,Utilities,okhttp
Second parameter was not properly generated as generatedTrustManagers,False,okhttp3/OkHttpClient.java,com.moall.farmerstore88,38,500k-1M,CogniCrypt,Utilities,okhttp
Second parameter was not properly generated as generatedTrustManagers,False,okhttp3/OkHttpClient.java,com.moall.farmerstore88,38,500k-1M,CogniCrypt,Utilities,okhttp
Third parameter was not properly generated as randomized,False,okhttp3/OkHttpClient.java,com.moall.farmerstore88,38,500k-1M,CogniCrypt,Utilities,okhttp
First parameter was not properly generated as generatedKeyManagers,False,okhttp3/OkHttpClient.java,com.moall.farmerstore88,38,500k-1M,CogniCrypt,Utilities,okhttp
Third parameter was not properly generated as randomized,False,okhttp3/OkHttpClient.java,com.moall.farmerstore88,38,500k-1M,CogniCrypt,Utilities,okhttp
Third parameter was not properly generated as randomized,False,okhttp3/OkHttpClient.java,com.moall.farmerstore88,38,500k-1M,CogniCrypt,Utilities,okhttp
First parameter was not properly generated as generatedKeyManagers,False,okhttp3/OkHttpClient.java,com.moall.farmerstore88,38,500k-1M,CogniCrypt,Utilities,okhttp
First parameter was not properly generated as generatedKeyManagers,False,okhttp3/OkHttpClient.java,com.moall.farmerstore88,38,500k-1M,CogniCrypt,Utilities,okhttp
First parameter was not properly generated as generatedKeyManagers,False,okhttp3/OkHttpClient.java,com.moall.farmerstore88,38,500k-1M,CogniCrypt,Utilities,okhttp
"Constraint ""protocol in {TLSv1.2, TLSv1.3}"" on object $r3 is violated due to the following reason:\n|- First parameter ""varReplacer1672"" with value ""TLS"" should be any of {TLSv1.2, TLSv1.3} (extracted @ varReplacer1672 = ""TLS"" @ line 97)",True,okhttp3/internal/platform/ConscryptPlatform.java,com.moall.farmerstore88,38,500k-1M,CogniCrypt,Utilities,okhttp
First parameter was not properly generated as generatedKeyStore,False,okhttp3/internal/platform/OpenJSSEPlatform.java,com.mohit.ingenium.tca639,157,<100,CogniCrypt,Utilities,OkHttp
Third parameter was not properly generated as randomized,False,okhttp3/internal/platform/Platform.java,com.mohit.ingenium.tca639,157,<100,CogniCrypt,Utilities,OkHttp
First parameter was not properly generated as generatedKeyManagers,False,okhttp3/internal/platform/Platform.java,com.mohit.ingenium.tca639,157,<100,CogniCrypt,Utilities,OkHttp
Third parameter was not properly generated as randomized,False,okhttp3/internal/platform/Platform.java,com.mohit.ingenium.tca639,157,<100,CogniCrypt,Utilities,OkHttp
Second parameter was not properly generated as generatedTrustManagers,True,okhttp3/internal/platform/Platform.java,com.mohit.ingenium.tca639,157,<100,CogniCrypt,Utilities,OkHttp
First parameter was not properly generated as generatedKeyStore,False,okhttp3/internal/platform/Platform.java,com.mohit.ingenium.tca639,157,<100,CogniCrypt,Utilities,OkHttp
"Constraint ""protocol in {TLSv1.2, TLSv1.3}"" on object $r1 is violated due to the following reason:\n|- First parameter ""varReplacer21901"" with value ""TLS"" should be any of {TLSv1.2, TLSv1.3} (extracted @ varReplacer21901 = ""TLS"" @ line 75)",True,okhttp3/internal/platform/Platform.java,com.mohit.ingenium.tca639,157,<100,CogniCrypt,Utilities,OkHttp
Second parameter was not properly generated as generatedTrustManagers,True,okhttp3/internal/platform/Platform.java,com.mohit.ingenium.tca639,157,<100,CogniCrypt,Utilities,OkHttp
"Constraint ""algorithm in {SHA-256, SHA-384, SHA-512}"" on object $r3 is violated due to the following reason:\n|- First parameter ""$r1"" with value ""SHA-1"" should be any of {SHA-256, SHA-384, SHA-512} (extracted @ varReplacer52616 = ""SHA-1"" @ line 76)",True,okio/ByteString.java,com.mohit.ingenium.tca639,157,<100,CogniCrypt,Utilities,okio
Second parameter parameter was not properly generated as generatedPrivkey OR generatedPubkey OR generatedKey,True,com/razorpay/L__R$.java,com.mohit.ingenium.tca639,157,<100,CogniCrypt,others,unknown
First parameter was not properly generated as generatedKeyManagers,False,okhttp3/internal/platform/ConscryptPlatform.java,com.mohit.ingenium.tca639,157,<100,CogniCrypt,Utilities,OkHttp
"Constraint ""protocol in {TLSv1.2, TLSv1.3}"" on object $r1 is violated due to the following reason:\n|- First parameter ""varReplacer21899"" with value ""TLS"" should be any of {TLSv1.2, TLSv1.3} (extracted @ varReplacer21899 = ""TLS"" @ line 44)",True,okhttp3/internal/platform/ConscryptPlatform.java,com.mohit.ingenium.tca639,157,<100,CogniCrypt,Utilities,OkHttp
First parameter was not properly generated as generatedKeyManagers,False,okhttp3/internal/platform/Platform.java,com.mohit.ingenium.tca639,157,<100,CogniCrypt,Utilities,OkHttp
First parameter was not properly generated as generatedKeyManagers,False,okhttp3/internal/platform/Platform.java,com.mohit.ingenium.tca639,157,<100,CogniCrypt,Utilities,OkHttp
Third parameter was not properly generated as randomized,False,okhttp3/internal/platform/Platform.java,com.mohit.ingenium.tca639,157,<100,CogniCrypt,Utilities,OkHttp
Second parameter was not properly generated as generatedTrustManagers,True,okhttp3/internal/platform/Platform.java,com.mohit.ingenium.tca639,157,<100,CogniCrypt,Utilities,OkHttp
Third parameter was not properly generated as randomized,False,okhttp3/internal/platform/Platform.java,com.mohit.ingenium.tca639,157,<100,CogniCrypt,Utilities,OkHttp
Second parameter was not properly generated as generatedTrustManagers,True,okhttp3/internal/platform/Platform.java,com.mohit.ingenium.tca639,157,<100,CogniCrypt,Utilities,OkHttp
First parameter was not properly generated as generatedKeyManagers,False,okhttp3/internal/platform/Platform.java,com.mohit.ingenium.tca639,157,<100,CogniCrypt,Utilities,OkHttp
"Operation on object of type javax.crypto.Cipher not completed. Expected call to one of the methods {init(int, java.security.Key), init(int, java.security.Key, java.security.spec.AlgorithmParameterSpec, java.security.SecureRandom), init(int, java.security.Key, java.security.spec.AlgorithmParameterSpec), init(int, java.security.Key, java.security.AlgorithmParameters, java.security.SecureRandom), init(int, java.security.cert.Certificate), init(int, java.security.Key, java.security.SecureRandom), init(int, java.security.Key, java.security.AlgorithmParameters), init(int, java.security.cert.Certificate, java.security.SecureRandom)}",False,com/razorpay/L__R$.java,com.mohit.ingenium.tca639,157,<100,CogniCrypt,others,unknown
First parameter was not properly generated as generatedKeyStore,False,okhttp3/internal/platform/ConscryptPlatform.java,com.mohit.ingenium.tca639,157,<100,CogniCrypt,Utilities,OkHttp
First parameter was not properly generated as randomized,True,com/razorpay/L__R$.java,com.mohit.ingenium.tca639,157,<100,CogniCrypt,others,unknown
First parameter was not properly generated as preparedKeyMaterial,True,com/razorpay/L__R$.java,com.mohit.ingenium.tca639,157,<100,CogniCrypt,others,unknown
Second parameter parameter was not properly generated as generatedPrivkey OR generatedKey OR generatedPubkey,True,com/razorpay/L__R$.java,com.mohit.ingenium.tca639,157,<100,CogniCrypt,others,unknown
"Constraint ""alg(transformation) in {AES} => mode(transformation) in {GCM, CTR, CTS, CFB, OFB}"" on object $r1 is violated due to the following reason:\n|- Constraint ""alg(transformation) in {AES} => mode(transformation) in {GCM, CTR, CTS, CFB, OFB}"" evaluates to <false>:\n\t|- The left side ""alg(transformation) in {AES}"" evaluates to <true>:\n\t\t|- First parameter ""varReplacer51603"" (transformation) with value ""AES/CBC/PKCS5Padding"" satisfies the constraint in class com.razorpay.L__R$ @ $r1 = getInstance(varReplacer51603) @ line 59\n\t|- The right side ""mode(transformation) in {GCM, CTR, CTS, CFB, OFB}"" evaluates to <false>:\n\t\t|- First parameter ""varReplacer51603"" (transformation) with value ""AES/CBC/PKCS5Padding"" violates the constraint in class com.razorpay.L__R$ @ $r1 = getInstance(varReplacer51603) @ line 59",False,com/razorpay/L__R$.java,com.mohit.ingenium.tca639,157,<100,CogniCrypt,others,unknown
First parameter was not properly generated as generatedKeyStore,False,okhttp3/internal/platform/BouncyCastlePlatform.java,com.mohit.ingenium.tca639,157,<100,CogniCrypt,Utilities,OkHttp
"Constraint ""protocol in {TLSv1.2, TLSv1.3}"" on object $r1 is violated due to the following reason:\n|- First parameter ""varReplacer21905"" with value ""TLS"" should be any of {TLSv1.2, TLSv1.3} (extracted @ varReplacer21905 = ""TLS"" @ line 38)",True,okhttp3/internal/platform/BouncyCastlePlatform.java,com.mohit.ingenium.tca639,157,<100,CogniCrypt,Utilities,OkHttp
Second parameter was not properly generated as generatedTrustManagers,True,okhttp3/internal/platform/ConscryptPlatform.java,com.mohit.ingenium.tca639,157,<100,CogniCrypt,Utilities,OkHttp
Third parameter was not properly generated as randomized,False,okhttp3/internal/platform/ConscryptPlatform.java,com.mohit.ingenium.tca639,157,<100,CogniCrypt,Utilities,OkHttp
"Unexpected call to method ""init"" on object of type javax.crypto.Cipher. Expected a call to one of the following methods {doFinal(byte[]), update(byte[], int, int, byte[], int), doFinal(byte[], int, int, byte[], int), doFinal(byte[], int, int, byte[]), update(byte[]), update(byte[], int, int, byte[]), doFinal(byte[], int, int), doFinal(java.nio.ByteBuffer, java.nio.ByteBuffer), update(byte[], int, int), update(java.nio.ByteBuffer, java.nio.ByteBuffer)}",False,com/razorpay/L__R$.java,com.mohit.ingenium.tca639,157,<100,CogniCrypt,others,unknown
"Constraint ""algorithm in {SHA-256, SHA-384, SHA-512}"" on object $r5 is violated due to the following reason:\n|- First parameter ""varReplacer268"" with value ""MD5"" should be any of {SHA-256, SHA-384, SHA-512} (extracted @ varReplacer268 = ""MD5"" @ line -1)",True,com/google/android/gms/internal/zzajr.java,com.monotype.android.font.bel.round,19,500k-1M,CogniCrypt,Android,com.google.android.gms::play-services-clearcut
"Constraint ""algorithm in {SHA-256, SHA-384, SHA-512}"" on object $r2 is violated due to the following reason:\n|- First parameter ""varReplacer680"" with value ""MD5"" should be any of {SHA-256, SHA-384, SHA-512} (extracted @ varReplacer680 = ""MD5"" @ line -1)",True,com/google/android/gms/internal/zzajr.java,com.monotype.android.font.bel.round,19,500k-1M,CogniCrypt,Android,com.google.android.gms::play-services-clearcut
First parameter was not properly generated as generatedKeyStore,False,x8/e.java,com.msseed.membership,30014,500k-1M,CogniCrypt,obfuscated,obfuscated
"Constraint ""protocol in {TLSv1.2, TLSv1.3}"" on object $r3 is violated due to the following reason:\n|- First parameter ""varReplacer10869"" with value ""TLS"" should be any of {TLSv1.2, TLSv1.3} (extracted @ varReplacer10869 = ""TLS"" @ line -1)",True,a9/c.java,com.msseed.membership,30014,500k-1M,CogniCrypt,obfuscated,obfuscated
"Constraint ""protocol in {TLSv1.2, TLSv1.3}"" on object $r2 is violated due to the following reason:\n|- First parameter ""varReplacer10862"" with value ""TLS"" should be any of {TLSv1.2, TLSv1.3} (extracted @ varReplacer10862 = ""TLS"" @ line -1)",True,a9/b.java,com.msseed.membership,30014,500k-1M,CogniCrypt,obfuscated,obfuscated
First parameter was not properly generated as generatedKeyManagers,False,x8/e.java,com.msseed.membership,30014,500k-1M,CogniCrypt,obfuscated,obfuscated
Second parameter was not properly generated as generatedTrustManagers,False,x8/e.java,com.msseed.membership,30014,500k-1M,CogniCrypt,obfuscated,obfuscated
Second parameter was not properly generated as generatedTrustManagers,False,x8/e.java,com.msseed.membership,30014,500k-1M,CogniCrypt,obfuscated,obfuscated
Third parameter was not properly generated as randomized,False,x8/e.java,com.msseed.membership,30014,500k-1M,CogniCrypt,obfuscated,obfuscated
First parameter was not properly generated as generatedKeyManagers,False,x8/e.java,com.msseed.membership,30014,500k-1M,CogniCrypt,obfuscated,obfuscated
Second parameter was not properly generated as generatedTrustManagers,False,x8/e.java,com.msseed.membership,30014,500k-1M,CogniCrypt,obfuscated,obfuscated
Third parameter was not properly generated as randomized,False,x8/e.java,com.msseed.membership,30014,500k-1M,CogniCrypt,obfuscated,obfuscated
Second parameter was not properly generated as generatedTrustManagers,False,x8/e.java,com.msseed.membership,30014,500k-1M,CogniCrypt,obfuscated,obfuscated
Third parameter was not properly generated as randomized,False,x8/e.java,com.msseed.membership,30014,500k-1M,CogniCrypt,obfuscated,obfuscated
First parameter was not properly generated as generatedKeyManagers,False,x8/e.java,com.msseed.membership,30014,500k-1M,CogniCrypt,obfuscated,obfuscated
First parameter was not properly generated as generatedKeyManagers,False,x8/e.java,com.msseed.membership,30014,500k-1M,CogniCrypt,obfuscated,obfuscated
Third parameter was not properly generated as randomized,False,x8/e.java,com.msseed.membership,30014,500k-1M,CogniCrypt,obfuscated,obfuscated
"Constraint ""protocol in {TLSv1.2, TLSv1.3}"" on object $r2 is violated due to the following reason:\n|- First parameter ""varReplacer10866"" with value ""TLS"" should be any of {TLSv1.2, TLSv1.3} (extracted @ varReplacer10866 = ""TLS"" @ line -1)",True,a9/f.java,com.msseed.membership,30014,500k-1M,CogniCrypt,obfuscated,obfuscated
"Constraint ""protocol in {TLSv1.2, TLSv1.3}"" on object $r7 is violated due to the following reason:\n|- First parameter ""varReplacer7468"" with value ""SSL"" should be any of {TLSv1.2, TLSv1.3} (extracted @ varReplacer7468 = ""SSL"" @ line 55)",True,com/multiestetica/companies/connection/OkHttpClientFactory.java,com.multiestetica.companies,112,5k-10k,CogniCrypt,developer_written,not_applicable
Third parameter was not properly generated as randomized,False,okhttp3/internal/platform/Platform.java,com.multiestetica.companies,112,5k-10k,CogniCrypt,Utilities,OkHttp
Second parameter was not properly generated as generatedTrustManagers,True,okhttp3/internal/platform/Platform.java,com.multiestetica.companies,112,5k-10k,CogniCrypt,Utilities,OkHttp
"Constraint ""protocol in {TLSv1.2, TLSv1.3}"" on object $r1 is violated due to the following reason:\n|- First parameter ""varReplacer6052"" with value ""TLS"" should be any of {TLSv1.2, TLSv1.3} (extracted @ varReplacer6052 = ""TLS"" @ line 75)",True,okhttp3/internal/platform/Platform.java,com.multiestetica.companies,112,5k-10k,CogniCrypt,Utilities,OkHttp
First parameter was not properly generated as generatedKeyManagers,False,okhttp3/internal/platform/Platform.java,com.multiestetica.companies,112,5k-10k,CogniCrypt,Utilities,OkHttp
Second parameter was not properly generated as generatedTrustManagers,True,okhttp3/internal/platform/Platform.java,com.multiestetica.companies,112,5k-10k,CogniCrypt,Utilities,OkHttp
First parameter was not properly generated as generatedKeyManagers,False,okhttp3/internal/platform/Platform.java,com.multiestetica.companies,112,5k-10k,CogniCrypt,Utilities,OkHttp
Second parameter was not properly generated as generatedTrustManagers,True,okhttp3/internal/platform/Platform.java,com.multiestetica.companies,112,5k-10k,CogniCrypt,Utilities,OkHttp
Third parameter was not properly generated as randomized,False,okhttp3/internal/platform/Platform.java,com.multiestetica.companies,112,5k-10k,CogniCrypt,Utilities,OkHttp
First parameter was not properly generated as generatedKeyStore,False,okhttp3/internal/platform/ConscryptPlatform.java,com.multiestetica.companies,112,5k-10k,CogniCrypt,Utilities,OkHttp
Third parameter was not properly generated as randomized,False,okhttp3/internal/platform/Platform.java,com.multiestetica.companies,112,5k-10k,CogniCrypt,Utilities,OkHttp
First parameter was not properly generated as generatedKeyManagers,False,okhttp3/internal/platform/Platform.java,com.multiestetica.companies,112,5k-10k,CogniCrypt,Utilities,OkHttp
Second parameter was not properly generated as generatedTrustManagers,True,okhttp3/internal/platform/Platform.java,com.multiestetica.companies,112,5k-10k,CogniCrypt,Utilities,OkHttp
First parameter was not properly generated as generatedKeyManagers,False,com/multiestetica/companies/connection/OkHttpClientFactory.java,com.multiestetica.companies,112,5k-10k,CogniCrypt,developer_written,not_applicable
Second parameter was not properly generated as generatedTrustManagers,True,com/multiestetica/companies/connection/OkHttpClientFactory.java,com.multiestetica.companies,112,5k-10k,CogniCrypt,developer_written,not_applicable
First parameter was not properly generated as generatedKeyStore,False,com/multiestetica/companies/connection/OkHttpClientFactory.java,com.multiestetica.companies,112,5k-10k,CogniCrypt,developer_written,not_applicable
Third parameter was not properly generated as randomized,False,com/multiestetica/companies/connection/OkHttpClientFactory.java,com.multiestetica.companies,112,5k-10k,CogniCrypt,developer_written,not_applicable
First parameter was not properly generated as generatedKeyStore,False,okhttp3/internal/platform/Platform.java,com.multiestetica.companies,112,5k-10k,CogniCrypt,Utilities,OkHttp
Third parameter was not properly generated as randomized,False,okhttp3/internal/platform/Platform.java,com.multiestetica.companies,112,5k-10k,CogniCrypt,Utilities,OkHttp
"Constraint ""protocol in {TLSv1.2, TLSv1.3}"" on object $r1 is violated due to the following reason:\n|- First parameter ""varReplacer6050"" with value ""TLS"" should be any of {TLSv1.2, TLSv1.3} (extracted @ varReplacer6050 = ""TLS"" @ line 44)",True,okhttp3/internal/platform/ConscryptPlatform.java,com.multiestetica.companies,112,5k-10k,CogniCrypt,Utilities,OkHttp
First parameter was not properly generated as generatedKeyManagers,False,okhttp3/internal/platform/Platform.java,com.multiestetica.companies,112,5k-10k,CogniCrypt,Utilities,OkHttp
First parameter was not properly generated as generatedKeyStore,False,okhttp3/internal/platform/BouncyCastlePlatform.java,com.multiestetica.companies,112,5k-10k,CogniCrypt,Utilities,OkHttp
"Constraint ""protocol in {TLSv1.2, TLSv1.3}"" on object $r1 is violated due to the following reason:\n|- First parameter ""varReplacer6056"" with value ""TLS"" should be any of {TLSv1.2, TLSv1.3} (extracted @ varReplacer6056 = ""TLS"" @ line 38)",True,okhttp3/internal/platform/BouncyCastlePlatform.java,com.multiestetica.companies,112,5k-10k,CogniCrypt,Utilities,OkHttp
First parameter was not properly generated as generatedKeyStore,False,okhttp3/internal/platform/OpenJSSEPlatform.java,com.multiestetica.companies,112,5k-10k,CogniCrypt,Utilities,OkHttp
Second parameter was not properly generated as generatedTrustManagers,True,okhttp3/internal/platform/ConscryptPlatform.java,com.multiestetica.companies,112,5k-10k,CogniCrypt,Utilities,OkHttp
Third parameter was not properly generated as randomized,False,okhttp3/internal/platform/ConscryptPlatform.java,com.multiestetica.companies,112,5k-10k,CogniCrypt,Utilities,OkHttp
First parameter was not properly generated as generatedKeyManagers,False,okhttp3/internal/platform/ConscryptPlatform.java,com.multiestetica.companies,112,5k-10k,CogniCrypt,Utilities,OkHttp
"Constraint ""alg(transformation) in {AES} => mode(transformation) in {GCM, CTR, CTS, CFB, OFB}"" on object $r1 is violated due to the following reason:\n|- Constraint ""alg(transformation) in {AES} => mode(transformation) in {GCM, CTR, CTS, CFB, OFB}"" evaluates to <false>:\n\t|- The left side ""alg(transformation) in {AES}"" evaluates to <true>:\n\t\t|- First parameter ""varReplacer8612"" (transformation) with value ""AES/CBC/PKCS5Padding"" satisfies the constraint in class com.razorpay.B_$q$ @ $r1 = getInstance(varReplacer8612) @ line 59\n\t|- The right side ""mode(transformation) in {GCM, CTR, CTS, CFB, OFB}"" evaluates to <false>:\n\t\t|- First parameter ""varReplacer8612"" (transformation) with value ""AES/CBC/PKCS5Padding"" violates the constraint in class com.razorpay.B_$q$ @ $r1 = getInstance(varReplacer8612) @ line 59",True,com/razorpay/B_$q$.java,com.mycinemahall,101050500,5k-10k,CogniCrypt,obfuscated,obfuscated
First parameter was not properly generated as randomized,True,com/razorpay/B_$q$.java,com.mycinemahall,101050500,5k-10k,CogniCrypt,obfuscated,obfuscated
First parameter was not properly generated as preparedKeyMaterial,True,com/razorpay/B_$q$.java,com.mycinemahall,101050500,5k-10k,CogniCrypt,obfuscated,obfuscated
Second parameter parameter was not properly generated as generatedPubkey OR generatedKey OR generatedPrivkey,True,com/razorpay/B_$q$.java,com.mycinemahall,101050500,5k-10k,CogniCrypt,obfuscated,obfuscated
Second parameter parameter was not properly generated as generatedKey OR generatedPubkey OR generatedPrivkey,True,com/razorpay/B_$q$.java,com.mycinemahall,101050500,5k-10k,CogniCrypt,obfuscated,obfuscated
Second parameter parameter was not properly generated as generatedKey OR generatedPrivkey OR generatedPubkey,True,com/salesforce/androidsdk/analytics/security/Encryptor.java,com.mysalesforce.mycommunity.C00D2p000000UXa9EAG.A0OT2p000000KyjHGAS.app1,111200000,5k-10k,CogniCrypt,Android,com.android.tools::annotations
First parameter was not properly generated as preparedRSA,False,com/microsoft/appcenter/utils/crypto/CryptoRsaHandler.java,com.mysalesforce.mycommunity.C00D2p000000UXa9EAG.A0OT2p000000KyjHGAS.app1,111200000,5k-10k,CogniCrypt,others,unknown
"Constraint ""type in {JCEKS, JKS, DKS, PKCS11, PKCS12}"" on object $r9 is violated due to the following reason:\n|- First parameter ""varReplacer19556"" with value ""AndroidKeyStore"" should be any of {JCEKS, JKS, DKS, PKCS11, PKCS12} (extracted @ varReplacer19556 = ""AndroidKeyStore"" @ line 170)",False,com/microsoft/appcenter/utils/crypto/CryptoUtils.java,com.mysalesforce.mycommunity.C00D2p000000UXa9EAG.A0OT2p000000KyjHGAS.app1,111200000,5k-10k,CogniCrypt,others,unknown
Second parameter parameter was not properly generated as generatedKey OR generatedPubkey OR generatedPrivkey,True,com/salesforce/androidsdk/analytics/security/Encryptor.java,com.mysalesforce.mycommunity.C00D2p000000UXa9EAG.A0OT2p000000KyjHGAS.app1,111200000,5k-10k,CogniCrypt,Android,com.android.tools::annotations
Second parameter parameter was not properly generated as generatedKey OR generatedPubkey OR generatedPrivkey,True,com/salesforce/androidsdk/analytics/security/Encryptor.java,com.mysalesforce.mycommunity.C00D2p000000UXa9EAG.A0OT2p000000KyjHGAS.app1,111200000,5k-10k,CogniCrypt,Android,com.android.tools::annotations
First parameter was not properly generated as preparedKeyMaterial,True,com/salesforce/androidsdk/analytics/security/Encryptor.java,com.mysalesforce.mycommunity.C00D2p000000UXa9EAG.A0OT2p000000KyjHGAS.app1,111200000,5k-10k,CogniCrypt,Android,com.android.tools::annotations
First parameter was not properly generated as randomized,True,com/salesforce/androidsdk/analytics/security/Encryptor.java,com.mysalesforce.mycommunity.C00D2p000000UXa9EAG.A0OT2p000000KyjHGAS.app1,111200000,5k-10k,CogniCrypt,Android,com.android.tools::annotations
Second parameter parameter was not properly generated as generatedKey OR generatedPrivkey OR generatedPubkey,True,com/salesforce/androidsdk/analytics/security/Encryptor.java,com.mysalesforce.mycommunity.C00D2p000000UXa9EAG.A0OT2p000000KyjHGAS.app1,111200000,5k-10k,CogniCrypt,Android,com.android.tools::annotations
First parameter was not properly generated as generatedKeyStore,False,okhttp3/internal/platform/BouncyCastlePlatform.java,com.mysalesforce.mycommunity.C00D2p000000UXa9EAG.A0OT2p000000KyjHGAS.app1,111200000,5k-10k,CogniCrypt,Utilities,OkHttp
Second parameter parameter was not properly generated as generatedKey OR generatedPubkey OR generatedPrivkey,True,com/salesforce/androidsdk/analytics/security/Encryptor.java,com.mysalesforce.mycommunity.C00D2p000000UXa9EAG.A0OT2p000000KyjHGAS.app1,111200000,5k-10k,CogniCrypt,Android,com.android.tools::annotations
First parameter was not properly generated as randomized,True,com/salesforce/androidsdk/analytics/security/Encryptor.java,com.mysalesforce.mycommunity.C00D2p000000UXa9EAG.A0OT2p000000KyjHGAS.app1,111200000,5k-10k,CogniCrypt,Android,com.android.tools::annotations
Second parameter was not properly generated as generatedTrustManagers,True,okhttp3/internal/platform/ConscryptPlatform.java,com.mysalesforce.mycommunity.C00D2p000000UXa9EAG.A0OT2p000000KyjHGAS.app1,111200000,5k-10k,CogniCrypt,Utilities,OkHttp
First parameter was not properly generated as generatedKeyManagers,False,okhttp3/internal/platform/ConscryptPlatform.java,com.mysalesforce.mycommunity.C00D2p000000UXa9EAG.A0OT2p000000KyjHGAS.app1,111200000,5k-10k,CogniCrypt,Utilities,OkHttp
"Constraint ""protocol in {TLSv1.2, TLSv1.3}"" on object $r1 is violated due to the following reason:\n|- First parameter ""varReplacer4584"" with value ""TLS"" should be any of {TLSv1.2, TLSv1.3} (extracted @ varReplacer4584 = ""TLS"" @ line 38)",True,okhttp3/internal/platform/BouncyCastlePlatform.java,com.mysalesforce.mycommunity.C00D2p000000UXa9EAG.A0OT2p000000KyjHGAS.app1,111200000,5k-10k,CogniCrypt,Utilities,OkHttp
"Constraint ""alg(transformation) in {AES} => mode(transformation) in {GCM, CTR, CTS, CFB, OFB}"" on object $r2 is violated due to the following reason:\n|- Constraint ""alg(transformation) in {AES} => mode(transformation) in {GCM, CTR, CTS, CFB, OFB}"" evaluates to <false>:\n\t|- The left side ""alg(transformation) in {AES}"" evaluates to <true>:\n\t\t|- First parameter ""$r0"" (transformation) with value ""AES/GCM/NoPadding"" satisfies the constraint in class com.salesforce.androidsdk.analytics.security.Encryptor @ $r2 = getInstance($r0) @ line 579\n\t\t|- First parameter ""$r0"" (transformation) with value ""AES/GCM/NoPadding"" satisfies the constraint in class com.salesforce.androidsdk.analytics.security.Encryptor @ $r2 = getInstance($r0) @ line 579\n\t\t|- First parameter ""$r0"" (transformation) with value ""AES/CBC/PKCS5Padding"" satisfies the constraint in class com.salesforce.androidsdk.analytics.security.Encryptor @ $r2 = getInstance($r0) @ line 579\n\t|- The right side ""mode(transformation) in {GCM, CTR, CTS, CFB, OFB}"" evaluates to <false>:\n\t\t|- First parameter ""$r0"" (transformation) with value ""AES/CBC/PKCS5Padding"" violates the constraint in class com.salesforce.androidsdk.analytics.security.Encryptor @ $r2 = getInstance($r0) @ line 579",True,com/salesforce/androidsdk/analytics/security/Encryptor.java,com.mysalesforce.mycommunity.C00D2p000000UXa9EAG.A0OT2p000000KyjHGAS.app1,111200000,5k-10k,CogniCrypt,Android,com.android.tools::annotations
First parameter was not properly generated as preparedKeyMaterial,True,com/salesforce/androidsdk/analytics/security/Encryptor.java,com.mysalesforce.mycommunity.C00D2p000000UXa9EAG.A0OT2p000000KyjHGAS.app1,111200000,5k-10k,CogniCrypt,Android,com.android.tools::annotations
"Constraint ""alg(transformation) in {AES} => mode(transformation) in {GCM, CTR, CTS, CFB, OFB}"" on object $r2 is violated due to the following reason:\n|- Constraint ""alg(transformation) in {AES} => mode(transformation) in {GCM, CTR, CTS, CFB, OFB}"" evaluates to <false>:\n\t|- The left side ""alg(transformation) in {AES}"" evaluates to <true>:\n\t\t|- First parameter ""$r0"" (transformation) with value ""AES/GCM/NoPadding"" satisfies the constraint in class com.salesforce.androidsdk.analytics.security.Encryptor @ $r2 = getInstance($r0,$r1) @ line 581\n\t\t|- First parameter ""$r0"" (transformation) with value ""AES/GCM/NoPadding"" satisfies the constraint in class com.salesforce.androidsdk.analytics.security.Encryptor @ $r2 = getInstance($r0,$r1) @ line 581\n\t\t|- First parameter ""$r0"" (transformation) with value ""AES/CBC/PKCS5Padding"" satisfies the constraint in class com.salesforce.androidsdk.analytics.security.Encryptor @ $r2 = getInstance($r0,$r1) @ line 581\n\t|- The right side ""mode(transformation) in {GCM, CTR, CTS, CFB, OFB}"" evaluates to <false>:\n\t\t|- First parameter ""$r0"" (transformation) with value ""AES/CBC/PKCS5Padding"" violates the constraint in class com.salesforce.androidsdk.analytics.security.Encryptor @ $r2 = getInstance($r0,$r1) @ line 581",True,com/salesforce/androidsdk/analytics/security/Encryptor.java,com.mysalesforce.mycommunity.C00D2p000000UXa9EAG.A0OT2p000000KyjHGAS.app1,111200000,5k-10k,CogniCrypt,Android,com.android.tools::annotations
Third parameter was not properly generated as randomized,False,okhttp3/internal/platform/Platform.java,com.mysalesforce.mycommunity.C00D2p000000UXa9EAG.A0OT2p000000KyjHGAS.app1,111200000,5k-10k,CogniCrypt,Utilities,OkHttp
"Constraint ""type in {JCEKS, JKS, DKS, PKCS11, PKCS12}"" on object $r1 is violated due to the following reason:\n|- First parameter ""varReplacer2772"" with value ""AndroidKeyStore"" should be any of {JCEKS, JKS, DKS, PKCS11, PKCS12} (extracted @ varReplacer2772 = ""AndroidKeyStore"" @ line 176)",False,com/salesforce/androidsdk/security/KeyStoreWrapper.java,com.mysalesforce.mycommunity.C00D2p000000UXa9EAG.A0OT2p000000KyjHGAS.app1,111200000,5k-10k,CogniCrypt,Android,com.android.tools::annotations
Second parameter was not properly generated as generatedTrustManagers,True,okhttp3/internal/platform/Platform.java,com.mysalesforce.mycommunity.C00D2p000000UXa9EAG.A0OT2p000000KyjHGAS.app1,111200000,5k-10k,CogniCrypt,Utilities,OkHttp
Third parameter was not properly generated as randomized,False,okhttp3/internal/platform/Platform.java,com.mysalesforce.mycommunity.C00D2p000000UXa9EAG.A0OT2p000000KyjHGAS.app1,111200000,5k-10k,CogniCrypt,Utilities,OkHttp
Second parameter was not properly generated as generatedTrustManagers,True,okhttp3/internal/platform/Platform.java,com.mysalesforce.mycommunity.C00D2p000000UXa9EAG.A0OT2p000000KyjHGAS.app1,111200000,5k-10k,CogniCrypt,Utilities,OkHttp
Third parameter was not properly generated as randomized,False,okhttp3/internal/platform/Platform.java,com.mysalesforce.mycommunity.C00D2p000000UXa9EAG.A0OT2p000000KyjHGAS.app1,111200000,5k-10k,CogniCrypt,Utilities,OkHttp
Second parameter was not properly generated as generatedTrustManagers,True,okhttp3/internal/platform/Platform.java,com.mysalesforce.mycommunity.C00D2p000000UXa9EAG.A0OT2p000000KyjHGAS.app1,111200000,5k-10k,CogniCrypt,Utilities,OkHttp
First parameter was not properly generated as generatedKeyManagers,False,okhttp3/internal/platform/Platform.java,com.mysalesforce.mycommunity.C00D2p000000UXa9EAG.A0OT2p000000KyjHGAS.app1,111200000,5k-10k,CogniCrypt,Utilities,OkHttp
Second parameter was not properly generated as generatedTrustManagers,True,okhttp3/internal/platform/Platform.java,com.mysalesforce.mycommunity.C00D2p000000UXa9EAG.A0OT2p000000KyjHGAS.app1,111200000,5k-10k,CogniCrypt,Utilities,OkHttp
"Constraint ""protocol in {TLSv1.2, TLSv1.3}"" on object $r1 is violated due to the following reason:\n|- First parameter ""varReplacer4580"" with value ""TLS"" should be any of {TLSv1.2, TLSv1.3} (extracted @ varReplacer4580 = ""TLS"" @ line 75)",True,okhttp3/internal/platform/Platform.java,com.mysalesforce.mycommunity.C00D2p000000UXa9EAG.A0OT2p000000KyjHGAS.app1,111200000,5k-10k,CogniCrypt,Utilities,OkHttp
First parameter was not properly generated as generatedKeyStore,False,okhttp3/internal/platform/Platform.java,com.mysalesforce.mycommunity.C00D2p000000UXa9EAG.A0OT2p000000KyjHGAS.app1,111200000,5k-10k,CogniCrypt,Utilities,OkHttp
First parameter was not properly generated as generatedKeyStore,False,okhttp3/internal/platform/OpenJSSEPlatform.java,com.mysalesforce.mycommunity.C00D2p000000UXa9EAG.A0OT2p000000KyjHGAS.app1,111200000,5k-10k,CogniCrypt,Utilities,OkHttp
First parameter was not properly generated as preparedRSA,True,com/salesforce/androidsdk/security/KeyStoreWrapper.java,com.mysalesforce.mycommunity.C00D2p000000UXa9EAG.A0OT2p000000KyjHGAS.app1,111200000,5k-10k,CogniCrypt,Android,com.android.tools::annotations
Second parameter parameter was not properly generated as generatedKey OR generatedPubkey OR generatedPrivkey,True,com/salesforce/androidsdk/analytics/security/Encryptor.java,com.mysalesforce.mycommunity.C00D2p000000UXa9EAG.A0OT2p000000KyjHGAS.app1,111200000,5k-10k,CogniCrypt,Android,com.android.tools::annotations
Second parameter parameter was not properly generated as generatedKey OR generatedPubkey OR generatedPrivkey,False,com/salesforce/androidsdk/analytics/security/Encryptor.java,com.mysalesforce.mycommunity.C00D2p000000UXa9EAG.A0OT2p000000KyjHGAS.app1,111200000,5k-10k,CogniCrypt,Android,com.android.tools::annotations
First parameter was not properly generated as generatedKeyManagers,False,okhttp3/internal/platform/Platform.java,com.mysalesforce.mycommunity.C00D2p000000UXa9EAG.A0OT2p000000KyjHGAS.app1,111200000,5k-10k,CogniCrypt,Utilities,OkHttp
Third parameter was not properly generated as randomized,False,okhttp3/internal/platform/Platform.java,com.mysalesforce.mycommunity.C00D2p000000UXa9EAG.A0OT2p000000KyjHGAS.app1,111200000,5k-10k,CogniCrypt,Utilities,OkHttp
First parameter was not properly generated as generatedKeyManagers,False,okhttp3/internal/platform/Platform.java,com.mysalesforce.mycommunity.C00D2p000000UXa9EAG.A0OT2p000000KyjHGAS.app1,111200000,5k-10k,CogniCrypt,Utilities,OkHttp
First parameter was not properly generated as generatedKeyStore,False,okhttp3/internal/platform/ConscryptPlatform.java,com.mysalesforce.mycommunity.C00D2p000000UXa9EAG.A0OT2p000000KyjHGAS.app1,111200000,5k-10k,CogniCrypt,Utilities,OkHttp
"Constraint ""protocol in {TLSv1.2, TLSv1.3}"" on object $r1 is violated due to the following reason:\n|- First parameter ""varReplacer4578"" with value ""TLS"" should be any of {TLSv1.2, TLSv1.3} (extracted @ varReplacer4578 = ""TLS"" @ line 44)",True,okhttp3/internal/platform/ConscryptPlatform.java,com.mysalesforce.mycommunity.C00D2p000000UXa9EAG.A0OT2p000000KyjHGAS.app1,111200000,5k-10k,CogniCrypt,Utilities,OkHttp
Third parameter was not properly generated as randomized,False,okhttp3/internal/platform/ConscryptPlatform.java,com.mysalesforce.mycommunity.C00D2p000000UXa9EAG.A0OT2p000000KyjHGAS.app1,111200000,5k-10k,CogniCrypt,Utilities,OkHttp
Second parameter parameter was not properly generated as generatedPrivkey OR generatedKey OR generatedPubkey,False,com/salesforce/androidsdk/analytics/security/Encryptor.java,com.mysalesforce.mycommunity.C00D2p000000UXa9EAG.A0OT2p000000KyjHGAS.app1,111200000,5k-10k,CogniCrypt,Android,com.android.tools::annotations
First parameter was not properly generated as preparedKeyMaterial,True,com/salesforce/androidsdk/analytics/security/Encryptor.java,com.mysalesforce.mycommunity.C00D2p000000UXa9EAG.A0OT2p000000KyjHGAS.app1,111200000,5k-10k,CogniCrypt,Android,com.android.tools::annotations
First parameter was not properly generated as generatedKeyManagers,False,okhttp3/internal/platform/Platform.java,com.mysalesforce.mycommunity.C00D2p000000UXa9EAG.A0OT2p000000KyjHGAS.app1,111200000,5k-10k,CogniCrypt,Utilities,OkHttp
"Constraint ""algorithm in {SHA-256, SHA-384, SHA-512}"" on object $r7 is violated due to the following reason:\n|- First parameter ""varReplacer5674"" with value ""MD5"" should be any of {SHA-256, SHA-384, SHA-512} (extracted @ varReplacer5674 = ""MD5"" @ line -1)",True,com/google/android/gms/internal/ads/lk0.java,com.noursal.Al3qlwFadlhBook,1,<100,CogniCrypt,Android,com.google.android.gms::play-services-ads-base
"Constraint ""algorithm in {SHA-256, SHA-384, SHA-512}"" on object $r5 is violated due to the following reason:\n|- First parameter ""varReplacer6238"" with value ""MD5"" should be any of {SHA-256, SHA-384, SHA-512} (extracted @ varReplacer6238 = ""MD5"" @ line -1)",True,com/google/android/gms/internal/ads/lk0.java,com.noursal.Al3qlwFadlhBook,1,<100,CogniCrypt,Android,com.google.android.gms::play-services-ads-base
Second parameter was not properly generated as generatedTrustManagers,False,okhttp3/OkHttpClient.java,com.nudi.bkn.sapk,82,1M-5M,CogniCrypt,Utilities,OkHttp
Third parameter was not properly generated as randomized,False,okhttp3/OkHttpClient.java,com.nudi.bkn.sapk,82,1M-5M,CogniCrypt,Utilities,OkHttp
Third parameter was not properly generated as randomized,False,okhttp3/OkHttpClient.java,com.nudi.bkn.sapk,82,1M-5M,CogniCrypt,Utilities,OkHttp
First parameter was not properly generated as generatedKeyManagers,False,okhttp3/OkHttpClient.java,com.nudi.bkn.sapk,82,1M-5M,CogniCrypt,Utilities,OkHttp
First parameter was not properly generated as generatedKeyManagers,False,okhttp3/OkHttpClient.java,com.nudi.bkn.sapk,82,1M-5M,CogniCrypt,Utilities,OkHttp
First parameter was not properly generated as generatedKeyManagers,False,okhttp3/OkHttpClient.java,com.nudi.bkn.sapk,82,1M-5M,CogniCrypt,Utilities,OkHttp
Second parameter was not properly generated as generatedTrustManagers,False,okhttp3/OkHttpClient.java,com.nudi.bkn.sapk,82,1M-5M,CogniCrypt,Utilities,OkHttp
First parameter was not properly generated as generatedKeyManagers,False,okhttp3/OkHttpClient.java,com.nudi.bkn.sapk,82,1M-5M,CogniCrypt,Utilities,OkHttp
Second parameter was not properly generated as generatedTrustManagers,False,okhttp3/OkHttpClient.java,com.nudi.bkn.sapk,82,1M-5M,CogniCrypt,Utilities,OkHttp
Second parameter was not properly generated as generatedTrustManagers,False,okhttp3/OkHttpClient.java,com.nudi.bkn.sapk,82,1M-5M,CogniCrypt,Utilities,OkHttp
Third parameter was not properly generated as randomized,False,okhttp3/OkHttpClient.java,com.nudi.bkn.sapk,82,1M-5M,CogniCrypt,Utilities,OkHttp
Third parameter was not properly generated as randomized,False,okhttp3/OkHttpClient.java,com.nudi.bkn.sapk,82,1M-5M,CogniCrypt,Utilities,OkHttp
First parameter was not properly generated as generatedKeyManagers,False,okhttp3/OkHttpClient.java,com.nudi.bkn.sapk,82,1M-5M,CogniCrypt,Utilities,OkHttp
"Constraint ""protocol in {TLSv1.2, TLSv1.3}"" on object $r3 is violated due to the following reason:\n|- First parameter ""varReplacer15560"" with value ""TLS"" should be any of {TLSv1.2, TLSv1.3} (extracted @ varReplacer15560 = ""TLS"" @ line 417)",True,okhttp3/internal/platform/AndroidPlatform.java,com.nudi.bkn.sapk,82,1M-5M,CogniCrypt,Utilities,OkHttp
"Constraint ""protocol in {TLSv1.2, TLSv1.3}"" on object $r2 is violated due to the following reason:\n|- First parameter ""varReplacer15554"" with value ""TLS"" should be any of {TLSv1.2, TLSv1.3} (extracted @ varReplacer15554 = ""TLS"" @ line 278)",True,okhttp3/internal/platform/Platform.java,com.nudi.bkn.sapk,82,1M-5M,CogniCrypt,Utilities,OkHttp
Second parameter was not properly generated as generatedTrustManagers,False,okhttp3/OkHttpClient.java,com.nudi.bkn.sapk,82,1M-5M,CogniCrypt,Utilities,OkHttp
First parameter was not properly generated as generatedKeyStore,False,okhttp3/internal/Util.java,com.nudi.bkn.sapk,82,1M-5M,CogniCrypt,Utilities,OkHttp
"Constraint ""protocol in {TLSv1.2, TLSv1.3}"" on object $r3 is violated due to the following reason:\n|- First parameter ""varReplacer15557"" with value ""TLS"" should be any of {TLSv1.2, TLSv1.3} (extracted @ varReplacer15557 = ""TLS"" @ line 96)",True,okhttp3/internal/platform/ConscryptPlatform.java,com.nudi.bkn.sapk,82,1M-5M,CogniCrypt,Utilities,OkHttp
Third parameter was not properly generated as randomized,False,okhttp3/OkHttpClient.java,com.nudi.bkn.sapk,82,1M-5M,CogniCrypt,Utilities,OkHttp
"Constraint ""algorithm in {SHA-256, SHA-384, SHA-512}"" on object $r2 is violated due to the following reason:\n|- First parameter ""varReplacer6880"" with value ""SHA-1"" should be any of {SHA-256, SHA-384, SHA-512} (extracted @ varReplacer6880 = ""SHA-1"" @ line 108)",True,com/google/firebase/database/obfuscated/zzbu.java,com.nupuit.agpc,5,<100,CogniCrypt,Android,com.google.android.gms::play-services-ads-base
"Constraint ""algorithm in {SHA-256, SHA-384, SHA-512}"" on object $r1 is violated due to the following reason:\n|- First parameter ""varReplacer2392"" with value ""MD5"" should be any of {SHA-256, SHA-384, SHA-512} (extracted @ varReplacer2392 = ""MD5"" @ line 281)",True,com/facebook/appevents/AppEvent.java,com.nupuit.agpc,5,<100,CogniCrypt,SocialMedia,Facebook-Sharing
"Constraint ""algorithm in {SHA-256, SHA-384, SHA-512}"" on object $r5 is violated due to the following reason:\n|- First parameter ""varReplacer5549"" with value ""MD5"" should be any of {SHA-256, SHA-384, SHA-512} (extracted @ varReplacer5549 = ""MD5"" @ line -1)",True,com/google/android/gms/internal/ads/zzamu.java,com.nupuit.agpc,5,<100,CogniCrypt,Android,com.google.android.gms::play-services-ads-base
"Constraint ""algorithm in {SHA-256, SHA-384, SHA-512}"" on object $r7 is violated due to the following reason:\n|- First parameter ""varReplacer5137"" with value ""MD5"" should be any of {SHA-256, SHA-384, SHA-512} (extracted @ varReplacer5137 = ""MD5"" @ line -1)",True,com/google/android/gms/internal/ads/zzamu.java,com.nupuit.agpc,5,<100,CogniCrypt,Android,com.google.android.gms::play-services-ads-base
"Constraint ""algorithm in {SHA-256, SHA-384, SHA-512}"" on object $r5 is violated due to the following reason:\n|- First parameter ""$r0"" with value ""MD5"" should be any of {SHA-256, SHA-384, SHA-512} (extracted @ varReplacer4942 = ""MD5"" @ line 3)",True,com/google/android/gms/ads/internal/util/client/zzf.java,com.offline.poetry,202,1M-5M,CogniCrypt,Android,com.google.android.gms::play-services-ads-base
"Constraint ""algorithm in {SHA-256, SHA-384, SHA-512}"" on object $r4 is violated due to the following reason:\n|- First parameter ""varReplacer6701"" with value ""MD5"" should be any of {SHA-256, SHA-384, SHA-512} (extracted @ varReplacer6701 = ""MD5"" @ line 1)",True,com/google/android/gms/internal/consent_sdk/zzci.java,com.offline.poetry,202,1M-5M,CogniCrypt,Android,com.google.android.gms::play-services-ads-base
"Constraint ""algorithm in {SHA-256, SHA-384, SHA-512}"" on object $r7 is violated due to the following reason:\n|- First parameter ""varReplacer3840"" with value ""MD5"" should be any of {SHA-256, SHA-384, SHA-512} (extracted @ varReplacer3840 = ""MD5"" @ line 4)",True,com/google/android/gms/ads/internal/util/client/zzf.java,com.offline.poetry,202,1M-5M,CogniCrypt,Android,com.google.android.gms::play-services-ads-base
"Constraint ""algorithm in {SHA-256, SHA-384, SHA-512}"" on object $r7 is violated due to the following reason:\n|- First parameter ""varReplacer7343"" with value ""SHA1"" should be any of {SHA-256, SHA-384, SHA-512} (extracted @ varReplacer7343 = ""SHA1"" @ line 26)",True,com/facebook/internal/security/CertificateUtil.java,com.online.quiz,10,5k-10k,CogniCrypt,SocialMedia,Facebook-App-Links
"Constraint ""algorithm in {SHA-256, SHA-384, SHA-512}"" on object $r7 is violated due to the following reason:\n|- First parameter ""varReplacer7757"" with value ""MD5"" should be any of {SHA-256, SHA-384, SHA-512} (extracted @ varReplacer7757 = ""MD5"" @ line 151)",True,com/google/android/gms/internal/ads/zzbaq.java,com.online.quiz,10,5k-10k,CogniCrypt,Android,com.google.android.gms::play-services-ads-base
"Constraint ""algorithm in {SHA-256, SHA-384, SHA-512}"" on object $r5 is violated due to the following reason:\n|- First parameter ""varReplacer9077"" with value ""MD5"" should be any of {SHA-256, SHA-384, SHA-512} (extracted @ varReplacer9077 = ""MD5"" @ line 56)",True,com/google/android/gms/internal/ads/zzbaq.java,com.online.quiz,10,5k-10k,CogniCrypt,Android,com.google.android.gms::play-services-ads-base
"Constraint ""algorithm in {SHA-256, SHA-384, SHA-512}"" on object $r1 is violated due to the following reason:\n|- First parameter ""varReplacer7357"" with value ""MD5"" should be any of {SHA-256, SHA-384, SHA-512} (extracted @ varReplacer7357 = ""MD5"" @ line 27)",True,com/facebook/appevents/internal/HashUtils.java,com.online.quiz,10,5k-10k,CogniCrypt,SocialMedia,Facebook-App-Links
"Constraint ""algorithm in {SHA-256, SHA-384, SHA-512}"" on object $r1 is violated due to the following reason:\n|- First parameter ""varReplacer7164"" with value ""MD5"" should be any of {SHA-256, SHA-384, SHA-512} (extracted @ varReplacer7164 = ""MD5"" @ line 320)",True,com/facebook/appevents/AppEvent.java,com.online.quiz,10,5k-10k,CogniCrypt,SocialMedia,Facebook-App-Links
"Constraint ""algorithm in {SHA-256, SHA-384, SHA-512}"" on object $r3 is violated due to the following reason:\n|- First parameter ""$r2"" with value ""MD5"" should be any of {SHA-256, SHA-384, SHA-512} (extracted @ varReplacer6700 = ""MD5"" @ line 277)\n|- First parameter ""$r2"" with value ""SHA-1"" should be any of {SHA-256, SHA-384, SHA-512} (extracted @ varReplacer6962 = ""SHA-1"" @ line 285)",True,com/facebook/internal/Utility.java,com.online.quiz,10,5k-10k,CogniCrypt,SocialMedia,Facebook-App-Links
"Constraint ""algorithm in {SHA-256, SHA-384, SHA-512}"" on object $r5 is violated due to the following reason:\n|- First parameter ""varReplacer6926"" with value ""MD5"" should be any of {SHA-256, SHA-384, SHA-512} (extracted @ varReplacer6926 = ""MD5"" @ line -1)",True,m5/t70.java,com.pdf.viewer.pdfreader,90,>5M,CogniCrypt,others,unknown
"Constraint ""algorithm in {SHA-256, SHA-384, SHA-512}"" on object $r2 is violated due to the following reason:\n|- First parameter ""varReplacer9182"" with value ""MD5"" should be any of {SHA-256, SHA-384, SHA-512} (extracted @ varReplacer9182 = ""MD5"" @ line -1)",True,m5/lh.java,com.pdf.viewer.pdfreader,90,>5M,CogniCrypt,others,unknown
"Constraint ""notHardCoded[passwordIn]"" on object $r8 is violated due to the following reason:Second parameter @ $r8.load($r7,$r9) should never be hard coded",True,com/tom_roush/pdfbox/pdfparser/PDFParser.java,com.pdf.viewer.pdfreader,90,>5M,CogniCrypt,Cloud,parse
First parameter was not properly generated as generatedKeyManagers,True,rxhttp/wrapper/ssl/HttpsUtils.java,com.peachlive.android,28,500k-1M,CogniCrypt,Android,RxAndroid
"Constraint ""algorithm in {SHA-256, SHA-384, SHA-512}"" on object $r1 is violated due to the following reason:\n|- First parameter ""varReplacer26527"" with value ""MD5"" should be any of {SHA-256, SHA-384, SHA-512} (extracted @ varReplacer26527 = ""MD5"" @ line 54)",True,io/rong/imlib/MD5.java,com.peachlive.android,28,500k-1M,CogniCrypt,Android,androidx.multidex::multidex-instrumentation
"Constraint ""algorithm in {SHA-256, SHA-384, SHA-512}"" on object $r1 is violated due to the following reason:\n|- First parameter ""varReplacer22671"" with value ""MD5"" should be any of {SHA-256, SHA-384, SHA-512} (extracted @ varReplacer22671 = ""MD5"" @ line 112)",True,io/rong/imlib/httpdns/RongHttpDnsUtil.java,com.peachlive.android,28,500k-1M,CogniCrypt,Android,androidx.multidex::multidex-instrumentation
"Constraint ""algorithm in {SHA-256, SHA-384, SHA-512}"" on object $r2 is violated due to the following reason:\n|- First parameter ""varReplacer27799"" with value ""SHA-1"" should be any of {SHA-256, SHA-384, SHA-512} (extracted @ varReplacer27799 = ""SHA-1"" @ line 156)",True,io/rong/imlib/common/SignatureUtils.java,com.peachlive.android,28,500k-1M,CogniCrypt,Android,androidx.multidex::multidex-instrumentation
"Constraint ""algorithm in {SHA-256, SHA-384, SHA-512}"" on object $r2 is violated due to the following reason:\n|- First parameter ""$r1"" with value ""SHA-1"" should be any of {SHA-256, SHA-384, SHA-512} (extracted @ varReplacer18739 = ""SHA-1"" @ line 122)",True,io/rong/imlib/common/SignatureUtils.java,com.peachlive.android,28,500k-1M,CogniCrypt,Android,androidx.multidex::multidex-instrumentation
"Constraint ""algorithm in {SHA-256, SHA-384, SHA-512}"" on object $r5 is violated due to the following reason:\n|- First parameter ""varReplacer7751"" with value ""MD5"" should be any of {SHA-256, SHA-384, SHA-512} (extracted @ varReplacer7751 = ""MD5"" @ line 38)",True,com/facebook/appevents/internal/HashUtils.java,com.peachlive.android,28,500k-1M,CogniCrypt,SocialMedia,Facebook-App-Links
"Constraint ""algorithm in {SHA-256, SHA-384, SHA-512}"" on object $r8 is violated due to the following reason:\n|- First parameter ""varReplacer7707"" with value ""SHA1"" should be any of {SHA-256, SHA-384, SHA-512} (extracted @ varReplacer7707 = ""SHA1"" @ line 26)",True,com/facebook/internal/security/CertificateUtil.java,com.peachlive.android,28,500k-1M,CogniCrypt,SocialMedia,Facebook-App-Links
"Constraint ""algorithm in {SHA-256, SHA-384, SHA-512}"" on object $r11 is violated due to the following reason:\n|- First parameter ""varReplacer26464"" with value ""SHA256"" should be any of {SHA-256, SHA-384, SHA-512} (extracted @ varReplacer26464 = ""SHA256"" @ line 101)",True,com/appsflyer/internal/ac.java,com.peachlive.android,28,500k-1M,CogniCrypt,Analytics,AppsFlyer
First parameter was not properly generated as preparedKeyMaterial,True,io/rong/imlib/common/EncryptUtil.java,com.peachlive.android,28,500k-1M,CogniCrypt,Android,androidx.multidex::multidex-instrumentation
Second parameter parameter was not properly generated as generatedKey OR generatedPubkey OR generatedPrivkey,True,io/rong/imlib/common/EncryptUtil.java,com.peachlive.android,28,500k-1M,CogniCrypt,Android,androidx.multidex::multidex-instrumentation
"Constraint ""alg(transformation) in {AES} => mode(transformation) in {GCM, CTR, CTS, CFB, OFB}"" on object $r4 is violated due to the following reason:\n|- Constraint ""alg(transformation) in {AES} => mode(transformation) in {GCM, CTR, CTS, CFB, OFB}"" evaluates to <false>:\n\t|- The left side ""alg(transformation) in {AES}"" evaluates to <true>:\n\t\t|- First parameter ""varReplacer27804"" (transformation) with value ""AES/CBC/PKCS5Padding"" satisfies the constraint in class io.rong.imlib.common.EncryptUtil @ $r4 = getInstance(varReplacer27804) @ line 164\n\t|- The right side ""mode(transformation) in {GCM, CTR, CTS, CFB, OFB}"" evaluates to <false>:\n\t\t|- First parameter ""varReplacer27804"" (transformation) with value ""AES/CBC/PKCS5Padding"" violates the constraint in class io.rong.imlib.common.EncryptUtil @ $r4 = getInstance(varReplacer27804) @ line 164",True,io/rong/imlib/common/EncryptUtil.java,com.peachlive.android,28,500k-1M,CogniCrypt,Android,androidx.multidex::multidex-instrumentation
Second parameter parameter was not properly generated as generatedKey OR generatedPubkey OR generatedPrivkey,True,io/rong/imlib/common/EncryptUtil.java,com.peachlive.android,28,500k-1M,CogniCrypt,Android,androidx.multidex::multidex-instrumentation
First parameter was not properly generated as preparedKeyMaterial,True,io/rong/imlib/common/EncryptUtil.java,com.peachlive.android,28,500k-1M,CogniCrypt,Android,androidx.multidex::multidex-instrumentation
First parameter was not properly generated as randomized,True,io/rong/imlib/common/EncryptUtil.java,com.peachlive.android,28,500k-1M,CogniCrypt,Android,androidx.multidex::multidex-instrumentation
"Constraint ""alg(transformation) in {AES} => mode(transformation) in {GCM, CTR, CTS, CFB, OFB}"" on object $r3 is violated due to the following reason:\n|- Constraint ""alg(transformation) in {AES} => mode(transformation) in {GCM, CTR, CTS, CFB, OFB}"" evaluates to <false>:\n\t|- The left side ""alg(transformation) in {AES}"" evaluates to <true>:\n\t\t|- First parameter ""varReplacer18764"" (transformation) with value ""AES/CBC/PKCS5Padding"" satisfies the constraint in class io.rong.imlib.common.EncryptUtil @ $r3 = getInstance(varReplacer18764) @ line 106\n\t|- The right side ""mode(transformation) in {GCM, CTR, CTS, CFB, OFB}"" evaluates to <false>:\n\t\t|- First parameter ""varReplacer18764"" (transformation) with value ""AES/CBC/PKCS5Padding"" violates the constraint in class io.rong.imlib.common.EncryptUtil @ $r3 = getInstance(varReplacer18764) @ line 106",True,io/rong/imlib/common/EncryptUtil.java,com.peachlive.android,28,500k-1M,CogniCrypt,Android,androidx.multidex::multidex-instrumentation
First parameter was not properly generated as preparedKeyMaterial,True,io/rong/imlib/common/EncryptUtil.java,com.peachlive.android,28,500k-1M,CogniCrypt,Android,androidx.multidex::multidex-instrumentation
First parameter was not properly generated as randomized,True,io/rong/imlib/common/EncryptUtil.java,com.peachlive.android,28,500k-1M,CogniCrypt,Android,androidx.multidex::multidex-instrumentation
"Constraint ""alg(transformation) in {AES} => mode(transformation) in {GCM, CTR, CTS, CFB, OFB}"" on object $r4 is violated due to the following reason:\n|- Constraint ""alg(transformation) in {AES} => mode(transformation) in {GCM, CTR, CTS, CFB, OFB}"" evaluates to <false>:\n\t|- The left side ""alg(transformation) in {AES}"" evaluates to <true>:\n\t\t|- First parameter ""varReplacer18746"" (transformation) with value ""AES/CBC/PKCS5Padding"" satisfies the constraint in class io.rong.imlib.common.EncryptUtil @ $r4 = getInstance(varReplacer18746) @ line 135\n\t|- The right side ""mode(transformation) in {GCM, CTR, CTS, CFB, OFB}"" evaluates to <false>:\n\t\t|- First parameter ""varReplacer18746"" (transformation) with value ""AES/CBC/PKCS5Padding"" violates the constraint in class io.rong.imlib.common.EncryptUtil @ $r4 = getInstance(varReplacer18746) @ line 135",True,io/rong/imlib/common/EncryptUtil.java,com.peachlive.android,28,500k-1M,CogniCrypt,Android,androidx.multidex::multidex-instrumentation
Second parameter parameter was not properly generated as generatedPrivkey OR generatedKey OR generatedPubkey,True,io/rong/imlib/common/EncryptUtil.java,com.peachlive.android,28,500k-1M,CogniCrypt,Android,androidx.multidex::multidex-instrumentation
"Constraint ""algorithm in {SHA-256, SHA-384, SHA-512}"" on object $r1 is violated due to the following reason:\n|- First parameter ""varReplacer19408"" with value ""MD5"" should be any of {SHA-256, SHA-384, SHA-512} (extracted @ varReplacer19408 = ""MD5"" @ line 11)",True,com/peachlive/android/aanet/parser/PLMD5.java,com.peachlive.android,28,500k-1M,CogniCrypt,developer_written,not_applicable
First parameter was not properly generated as generatedKeyStore,False,rxhttp/wrapper/ssl/HttpsUtils$MyTrustManager.java,com.peachlive.android,28,500k-1M,CogniCrypt,Android,RxAndroid
First parameter was not properly generated as generatedKeyManagers,False,okhttp3/internal/platform/ConscryptPlatform.java,com.peachlive.android,28,500k-1M,CogniCrypt,Utilities,OkHttp
Third parameter was not properly generated as randomized,False,okhttp3/internal/platform/ConscryptPlatform.java,com.peachlive.android,28,500k-1M,CogniCrypt,Utilities,OkHttp
Second parameter was not properly generated as generatedTrustManagers,True,okhttp3/internal/platform/ConscryptPlatform.java,com.peachlive.android,28,500k-1M,CogniCrypt,Utilities,OkHttp
"Constraint ""protocol in {TLSv1.2, TLSv1.3}"" on object $r1 is violated due to the following reason:\n|- First parameter ""varReplacer10398"" with value ""TLS"" should be any of {TLSv1.2, TLSv1.3} (extracted @ varReplacer10398 = ""TLS"" @ line 44)",True,okhttp3/internal/platform/ConscryptPlatform.java,com.peachlive.android,28,500k-1M,CogniCrypt,Utilities,OkHttp
Second parameter parameter was not properly generated as generatedKey OR generatedPubkey OR generatedPrivkey,True,io/rong/imlib/httpdns/RongHttpDnsUtil.java,com.peachlive.android,28,500k-1M,CogniCrypt,Android,androidx.multidex::multidex-instrumentation
First parameter was not properly generated as generatedKeyStore,False,okhttp3/internal/platform/ConscryptPlatform.java,com.peachlive.android,28,500k-1M,CogniCrypt,Utilities,OkHttp
Second parameter was not properly generated as generatedTrustManagers,True,okhttp3/internal/platform/Platform.java,com.peachlive.android,28,500k-1M,CogniCrypt,Utilities,OkHttp
First parameter was not properly generated as generatedKeyManagers,False,okhttp3/internal/platform/Platform.java,com.peachlive.android,28,500k-1M,CogniCrypt,Utilities,OkHttp
Third parameter was not properly generated as randomized,False,okhttp3/internal/platform/Platform.java,com.peachlive.android,28,500k-1M,CogniCrypt,Utilities,OkHttp
First parameter was not properly generated as generatedKeyManagers,False,okhttp3/internal/platform/Platform.java,com.peachlive.android,28,500k-1M,CogniCrypt,Utilities,OkHttp
"Constraint ""protocol in {TLSv1.2, TLSv1.3}"" on object $r1 is violated due to the following reason:\n|- First parameter ""varReplacer10404"" with value ""TLS"" should be any of {TLSv1.2, TLSv1.3} (extracted @ varReplacer10404 = ""TLS"" @ line 38)",True,okhttp3/internal/platform/BouncyCastlePlatform.java,com.peachlive.android,28,500k-1M,CogniCrypt,Utilities,OkHttp
First parameter was not properly generated as generatedKeyStore,False,okhttp3/internal/platform/BouncyCastlePlatform.java,com.peachlive.android,28,500k-1M,CogniCrypt,Utilities,OkHttp
First parameter was not properly generated as generatedKeyStore,False,okhttp3/internal/platform/OpenJSSEPlatform.java,com.peachlive.android,28,500k-1M,CogniCrypt,Utilities,OkHttp
Third parameter was not properly generated as randomized,False,okhttp3/internal/platform/Platform.java,com.peachlive.android,28,500k-1M,CogniCrypt,Utilities,OkHttp
First parameter was not properly generated as randomized,True,io/rong/imlib/common/EncryptUtil.java,com.peachlive.android,28,500k-1M,CogniCrypt,Android,androidx.multidex::multidex-instrumentation
Third parameter was not properly generated as randomized,False,okhttp3/internal/platform/Platform.java,com.peachlive.android,28,500k-1M,CogniCrypt,Utilities,OkHttp
First parameter was not properly generated as randomized,True,io/rong/imlib/httpdns/RongHttpDnsUtil.java,com.peachlive.android,28,500k-1M,CogniCrypt,Android,androidx.multidex::multidex-instrumentation
Second parameter parameter was not properly generated as generatedPrivkey OR generatedPubkey OR generatedKey,True,io/rong/imlib/httpdns/RongHttpDnsUtil.java,com.peachlive.android,28,500k-1M,CogniCrypt,Android,androidx.multidex::multidex-instrumentation
"Constraint ""algorithm in {SHA-256, SHA-384, SHA-512}"" on object $r6 is violated due to the following reason:\n|- First parameter ""varReplacer30245"" with value ""MD5"" should be any of {SHA-256, SHA-384, SHA-512} (extracted @ varReplacer30245 = ""MD5"" @ line 276)",True,io/rong/rtlog/upload/RtLogUploadManager.java,com.peachlive.android,28,500k-1M,CogniCrypt,Android,androidx.multidex::multidex-instrumentation
"Constraint ""algorithm in {SHA-256, SHA-384, SHA-512}"" on object $r3 is violated due to the following reason:\n|- First parameter ""$r1"" with value ""MD5"" should be any of {SHA-256, SHA-384, SHA-512} (extracted @ varReplacer32826 = ""MD5"" @ line 73)\n|- First parameter ""$r1"" with value ""SHA-1"" should be any of {SHA-256, SHA-384, SHA-512} (extracted @ varReplacer33809 = ""SHA-1"" @ line 76)",True,okio/ByteString.java,com.peachlive.android,28,500k-1M,CogniCrypt,Utilities,okio
"Constraint ""algorithm in {SHA-256, SHA-384, SHA-512}"" on object $r4 is violated due to the following reason:\n|- First parameter ""varReplacer30516"" with value ""MD5"" should be any of {SHA-256, SHA-384, SHA-512} (extracted @ varReplacer30516 = ""MD5"" @ line 344)",True,io/rong/imlib/stats/QAStatisticsHelper.java,com.peachlive.android,28,500k-1M,CogniCrypt,Android,androidx.multidex::multidex-instrumentation
"Constraint ""algorithm in {HmacSHA256, HmacSHA384, HmacSHA512, HmacPBESHA1, PBEWithHmacSHA1, PBEWithHmacSHA224, PBEWithHmacSHA256, PBEWithHmacSHA384, PBEWithHmacSHA512}"" on object $r3 is violated due to the following reason:\n|- First parameter ""$r2"" with value ""HmacSHA1"" should be any of {HmacSHA256, HmacSHA384, HmacSHA512, HmacPBESHA1, PBEWithHmacSHA1, PBEWithHmacSHA224, PBEWithHmacSHA256, PBEWithHmacSHA384, PBEWithHmacSHA512} (extracted @ varReplacer26971 = ""HmacSHA1"" @ line 68)\n|- First parameter ""$r2"" with value ""HmacSHA1"" should be any of {HmacSHA256, HmacSHA384, HmacSHA512, HmacPBESHA1, PBEWithHmacSHA1, PBEWithHmacSHA224, PBEWithHmacSHA256, PBEWithHmacSHA384, PBEWithHmacSHA512} (extracted @ varReplacer26976 = ""HmacSHA1"" @ line 28)",True,net/lingala/zip4j/crypto/PBKDF2/MacBasedPRF.java,com.peachlive.android,28,500k-1M,CogniCrypt,Android,comgoogleandroidgmsplayservicessafetynet
First parameter was not properly generated as generatedKey,True,net/lingala/zip4j/crypto/PBKDF2/MacBasedPRF.java,com.peachlive.android,28,500k-1M,CogniCrypt,Android,comgoogleandroidgmsplayservicessafetynet
First parameter was not properly generated as preparedKeyMaterial,True,net/lingala/zip4j/crypto/PBKDF2/MacBasedPRF.java,com.peachlive.android,28,500k-1M,CogniCrypt,Android,comgoogleandroidgmsplayservicessafetynet
First parameter was not properly generated as generatedKey,True,com/appsflyer/internal/ah.java,com.peachlive.android,28,500k-1M,CogniCrypt,Analytics,AppsFlyer
Second parameter was not properly generated as generatedTrustManagers,True,okhttp3/internal/platform/Platform.java,com.peachlive.android,28,500k-1M,CogniCrypt,Utilities,OkHttp
First parameter was not properly generated as preparedKeyMaterial,True,com/appsflyer/internal/ah.java,com.peachlive.android,28,500k-1M,CogniCrypt,Analytics,AppsFlyer
Third parameter was not properly generated as randomized,False,rxhttp/wrapper/ssl/HttpsUtils.java,com.peachlive.android,28,500k-1M,CogniCrypt,Android,RxAndroid
"Constraint ""protocol in {TLSv1.2, TLSv1.3}"" on object $r5 is violated due to the following reason:\n|- First parameter ""varReplacer8678"" with value ""TLS"" should be any of {TLSv1.2, TLSv1.3} (extracted @ varReplacer8678 = ""TLS"" @ line 44)",True,rxhttp/wrapper/ssl/HttpsUtils.java,com.peachlive.android,28,500k-1M,CogniCrypt,Android,RxAndroid
"Constraint ""algorithm in {SHA-256, SHA-384, SHA-512}"" on object $r4 is violated due to the following reason:\n|- First parameter ""$r3"" with value ""MD5"" should be any of {SHA-256, SHA-384, SHA-512} (extracted @ varReplacer7278 = ""MD5"" @ line 145)\n|- First parameter ""$r3"" with value ""SHA-1"" should be any of {SHA-256, SHA-384, SHA-512} (extracted @ varReplacer6083 = ""SHA-1"" @ line 155)",True,com/facebook/internal/Utility.java,com.peachlive.android,28,500k-1M,CogniCrypt,SocialMedia,Facebook-App-Links
First parameter was not properly generated as generatedKeyStore,False,rxhttp/wrapper/ssl/HttpsUtils.java,com.peachlive.android,28,500k-1M,CogniCrypt,Android,RxAndroid
Second parameter was not properly generated as generatedTrustManagers,True,rxhttp/wrapper/ssl/HttpsUtils.java,com.peachlive.android,28,500k-1M,CogniCrypt,Android,RxAndroid
First parameter was not properly generated as generatedKeyStore,True,rxhttp/wrapper/ssl/HttpsUtils.java,com.peachlive.android,28,500k-1M,CogniCrypt,Android,RxAndroid
Second parameter was not properly generated as generatedTrustManagers,True,okhttp3/internal/platform/Platform.java,com.peachlive.android,28,500k-1M,CogniCrypt,Utilities,OkHttp
First parameter was not properly generated as generatedKeyManagers,False,okhttp3/internal/platform/Platform.java,com.peachlive.android,28,500k-1M,CogniCrypt,Utilities,OkHttp
Third parameter was not properly generated as randomized,False,okhttp3/internal/platform/Platform.java,com.peachlive.android,28,500k-1M,CogniCrypt,Utilities,OkHttp
Second parameter was not properly generated as generatedTrustManagers,True,okhttp3/internal/platform/Platform.java,com.peachlive.android,28,500k-1M,CogniCrypt,Utilities,OkHttp
First parameter was not properly generated as generatedKeyManagers,False,okhttp3/internal/platform/Platform.java,com.peachlive.android,28,500k-1M,CogniCrypt,Utilities,OkHttp
"Constraint ""protocol in {TLSv1.2, TLSv1.3}"" on object $r1 is violated due to the following reason:\n|- First parameter ""varReplacer10400"" with value ""TLS"" should be any of {TLSv1.2, TLSv1.3} (extracted @ varReplacer10400 = ""TLS"" @ line 75)",True,okhttp3/internal/platform/Platform.java,com.peachlive.android,28,500k-1M,CogniCrypt,Utilities,OkHttp
First parameter was not properly generated as generatedKeyStore,False,okhttp3/internal/platform/Platform.java,com.peachlive.android,28,500k-1M,CogniCrypt,Utilities,OkHttp
"Constraint ""type in {JCEKS, JKS, DKS, PKCS11, PKCS12}"" on object $r2 is violated due to the following reason:\n|- First parameter ""varReplacer8746"" with value ""BKS"" should be any of {JCEKS, JKS, DKS, PKCS11, PKCS12} (extracted @ varReplacer8746 = ""BKS"" @ line 115)",True,rxhttp/wrapper/ssl/HttpsUtils.java,com.peachlive.android,28,500k-1M,CogniCrypt,Android,RxAndroid
First parameter was not properly generated as randomized,True,io/rong/imlib/httpdns/RongHttpDnsUtil.java,com.peachlive.android,28,500k-1M,CogniCrypt,Android,androidx.multidex::multidex-instrumentation
First parameter was not properly generated as speccedKey,True,io/rong/imlib/httpdns/RongHttpDnsUtil.java,com.peachlive.android,28,500k-1M,CogniCrypt,Android,androidx.multidex::multidex-instrumentation
"Constraint ""algorithm in {PBKDF2WithHmacSHA512, PBKDF2WithHmacSHA384, PBKDF2WithHmacSHA256, PBKDF2WithHmacSHA224, PBEWithHmacSHA512AndAES_128, PBEWithHmacSHA384AndAES_128, PBEWithHmacSHA384AndAES_128, PBEWithHmacSHA224AndAES_128, PBEWithHmacSHA256AndAES_128, PBEWithHmacSHA224AndAES_256, PBEWithHmacSHA256AndAES_256, PBEWithHmacSHA384AndAES_256, PBEWithHmacSHA512AndAES_256}"" on object $r3 is violated due to the following reason:\n|- First parameter ""varReplacer22703"" with value ""DES"" should be any of {PBKDF2WithHmacSHA512, PBKDF2WithHmacSHA384, PBKDF2WithHmacSHA256, PBKDF2WithHmacSHA224, PBEWithHmacSHA512AndAES_128, PBEWithHmacSHA384AndAES_128, PBEWithHmacSHA384AndAES_128, PBEWithHmacSHA224AndAES_128, PBEWithHmacSHA256AndAES_128, PBEWithHmacSHA224AndAES_256, PBEWithHmacSHA256AndAES_256, PBEWithHmacSHA384AndAES_256, PBEWithHmacSHA512AndAES_256} (extracted @ varReplacer22703 = ""DES"" @ line 161)",True,io/rong/imlib/httpdns/RongHttpDnsUtil.java,com.peachlive.android,28,500k-1M,CogniCrypt,Android,androidx.multidex::multidex-instrumentation
"Constraint ""algorithm in {SHA-256, SHA-384, SHA-512}"" on object $r4 is violated due to the following reason:\n|- First parameter ""varReplacer23968"" with value ""MD5"" should be any of {SHA-256, SHA-384, SHA-512} (extracted @ varReplacer23968 = ""MD5"" @ line 56)",True,io/rong/imlib/common/DeviceUtils.java,com.peachlive.android,28,500k-1M,CogniCrypt,Android,androidx.multidex::multidex-instrumentation
"Constraint ""algorithm in {SHA-256, SHA-384, SHA-512}"" on object $r1 is violated due to the following reason:\n|- First parameter ""varReplacer15389"" with value ""MD5"" should be any of {SHA-256, SHA-384, SHA-512} (extracted @ varReplacer15389 = ""MD5"" @ line 349)",True,io/rong/imkit/utils/RongUtils.java,com.peachlive.android,28,500k-1M,CogniCrypt,Android,androidx.multidex::multidex-instrumentation
Return value was not properly generated as generatedKey,True,io/rong/imlib/httpdns/RongHttpDnsUtil.java,com.peachlive.android,28,500k-1M,CogniCrypt,Android,androidx.multidex::multidex-instrumentation
"Constraint ""algorithm in {SHA-256, SHA-384, SHA-512}"" on object $r2 is violated due to the following reason:\n|- First parameter ""varReplacer6250"" with value ""MD5"" should be any of {SHA-256, SHA-384, SHA-512} (extracted @ varReplacer6250 = ""MD5"" @ line 249)",True,com/facebook/appevents/AppEvent$Companion.java,com.peachlive.android,28,500k-1M,CogniCrypt,SocialMedia,Facebook-App-Links
Second parameter was not properly generated as generatedTrustManagers,False,com/google/firebase/crashlytics/buildtools/reloc/org/apache/http/conn/ssl/SSLContexts.java,com.pegasustech.smartstores,10,<100,CogniCrypt,Android,com.google.firebase::firebase-auth-interop
Third parameter was not properly generated as randomized,False,okhttp3/OkHttpClient.java,com.pegasustech.smartstores,10,<100,CogniCrypt,Utilities,okhttp
Third parameter was not properly generated as randomized,False,okhttp3/OkHttpClient.java,com.pegasustech.smartstores,10,<100,CogniCrypt,Utilities,okhttp
First parameter was not properly generated as generatedKeyManagers,False,com/google/firebase/crashlytics/buildtools/reloc/org/apache/http/conn/ssl/SSLContexts.java,com.pegasustech.smartstores,10,<100,CogniCrypt,Android,com.google.firebase::firebase-auth-interop
First parameter was not properly generated as generatedKeyManagers,False,okhttp3/OkHttpClient.java,com.pegasustech.smartstores,10,<100,CogniCrypt,Utilities,okhttp
First parameter was not properly generated as generatedKeyManagers,False,okhttp3/OkHttpClient.java,com.pegasustech.smartstores,10,<100,CogniCrypt,Utilities,okhttp
Second parameter was not properly generated as generatedTrustManagers,False,okhttp3/OkHttpClient.java,com.pegasustech.smartstores,10,<100,CogniCrypt,Utilities,okhttp
Second parameter was not properly generated as generatedTrustManagers,False,okhttp3/OkHttpClient.java,com.pegasustech.smartstores,10,<100,CogniCrypt,Utilities,okhttp
Third parameter was not properly generated as randomized,False,okhttp3/OkHttpClient.java,com.pegasustech.smartstores,10,<100,CogniCrypt,Utilities,okhttp
Third parameter was not properly generated as randomized,False,okhttp3/OkHttpClient.java,com.pegasustech.smartstores,10,<100,CogniCrypt,Utilities,okhttp
Second parameter was not properly generated as generatedTrustManagers,False,okhttp3/OkHttpClient.java,com.pegasustech.smartstores,10,<100,CogniCrypt,Utilities,okhttp
Third parameter was not properly generated as randomized,False,okhttp3/OkHttpClient.java,com.pegasustech.smartstores,10,<100,CogniCrypt,Utilities,okhttp
Second parameter was not properly generated as generatedTrustManagers,False,okhttp3/OkHttpClient.java,com.pegasustech.smartstores,10,<100,CogniCrypt,Utilities,okhttp
First parameter was not properly generated as generatedKeyManagers,False,okhttp3/OkHttpClient.java,com.pegasustech.smartstores,10,<100,CogniCrypt,Utilities,okhttp
First parameter was not properly generated as generatedKeyManagers,False,okhttp3/OkHttpClient.java,com.pegasustech.smartstores,10,<100,CogniCrypt,Utilities,okhttp
Third parameter was not properly generated as randomized,False,com/google/firebase/crashlytics/buildtools/reloc/org/apache/http/conn/ssl/SSLContexts.java,com.pegasustech.smartstores,10,<100,CogniCrypt,Android,com.google.firebase::firebase-auth-interop
Second parameter was not properly generated as generatedTrustManagers,False,okhttp3/OkHttpClient.java,com.pegasustech.smartstores,10,<100,CogniCrypt,Utilities,okhttp
"Constraint ""protocol in {TLSv1.2, TLSv1.3}"" on object $r0 is violated due to the following reason:\n|- First parameter ""varReplacer4184"" with value ""TLS"" should be any of {TLSv1.2, TLSv1.3} (extracted @ varReplacer4184 = ""TLS"" @ line 58)",True,com/google/firebase/crashlytics/buildtools/reloc/org/apache/http/conn/ssl/SSLContexts.java,com.pegasustech.smartstores,10,<100,CogniCrypt,Android,com.google.firebase::firebase-auth-interop
First parameter was not properly generated as generatedKeyManagers,False,okhttp3/OkHttpClient.java,com.pegasustech.smartstores,10,<100,CogniCrypt,Utilities,okhttp
"Constraint ""protocol in {TLSv1.2, TLSv1.3}"" on object $r3 is violated due to the following reason:\n|- First parameter ""varReplacer1705"" with value ""TLS"" should be any of {TLSv1.2, TLSv1.3} (extracted @ varReplacer1705 = ""TLS"" @ line 417)",True,okhttp3/internal/platform/AndroidPlatform.java,com.pegasustech.smartstores,10,<100,CogniCrypt,Utilities,okhttp
"Constraint ""protocol in {TLSv1.2, TLSv1.3}"" on object $r2 is violated due to the following reason:\n|- First parameter ""varReplacer1699"" with value ""TLS"" should be any of {TLSv1.2, TLSv1.3} (extracted @ varReplacer1699 = ""TLS"" @ line 278)",True,okhttp3/internal/platform/Platform.java,com.pegasustech.smartstores,10,<100,CogniCrypt,Utilities,okhttp
First parameter was not properly generated as randomized,True,com/pegasustech/smartstores/JavaEncryption.java,com.pegasustech.smartstores,10,<100,CogniCrypt,Android,androidx.multidex::multidex-instrumentation
"Constraint ""alg(transformation) in {AES} => mode(transformation) in {GCM, CTR, CTS, CFB, OFB}"" on object $r5 is violated due to the following reason:\n|- Constraint ""alg(transformation) in {AES} => mode(transformation) in {GCM, CTR, CTS, CFB, OFB}"" evaluates to <false>:\n\t|- The left side ""alg(transformation) in {AES}"" evaluates to <true>:\n\t\t|- First parameter ""varReplacer1096"" (transformation) with value ""AES/CBC/PKCS5Padding"" satisfies the constraint in class com.pegasustech.smartstores.JavaEncryption @ $r5 = getInstance(varReplacer1096) @ line 82\n\t|- The right side ""mode(transformation) in {GCM, CTR, CTS, CFB, OFB}"" evaluates to <false>:\n\t\t|- First parameter ""varReplacer1096"" (transformation) with value ""AES/CBC/PKCS5Padding"" violates the constraint in class com.pegasustech.smartstores.JavaEncryption @ $r5 = getInstance(varReplacer1096) @ line 82",True,com/pegasustech/smartstores/JavaEncryption.java,com.pegasustech.smartstores,10,<100,CogniCrypt,Android,androidx.multidex::multidex-instrumentation
First parameter was not properly generated as preparedKeyMaterial,True,com/pegasustech/smartstores/JavaEncryption.java,com.pegasustech.smartstores,10,<100,CogniCrypt,Android,androidx.multidex::multidex-instrumentation
"Constraint ""neverTypeOf[keyMaterial, java.lang.String]"" on object $r1 is violated due to the following reason:First parameter @ $r1.<init>($r3,varReplacer1097) should never be of type java.lang.String",True,com/pegasustech/smartstores/JavaEncryption.java,com.pegasustech.smartstores,10,<100,CogniCrypt,Android,androidx.multidex::multidex-instrumentation
"Constraint ""alg(transformation) in {AES} => mode(transformation) in {GCM, CTR, CTS, CFB, OFB}"" on object $r5 is violated due to the following reason:\n|- Constraint ""alg(transformation) in {AES} => mode(transformation) in {GCM, CTR, CTS, CFB, OFB}"" evaluates to <false>:\n\t|- The left side ""alg(transformation) in {AES}"" evaluates to <true>:\n\t\t|- First parameter ""varReplacer3428"" (transformation) with value ""AES/CBC/PKCS5Padding"" satisfies the constraint in class com.pegasustech.smartstores.JavaEncryption @ $r5 = getInstance(varReplacer3428) @ line 49\n\t|- The right side ""mode(transformation) in {GCM, CTR, CTS, CFB, OFB}"" evaluates to <false>:\n\t\t|- First parameter ""varReplacer3428"" (transformation) with value ""AES/CBC/PKCS5Padding"" violates the constraint in class com.pegasustech.smartstores.JavaEncryption @ $r5 = getInstance(varReplacer3428) @ line 49",True,com/pegasustech/smartstores/JavaEncryption.java,com.pegasustech.smartstores,10,<100,CogniCrypt,Android,androidx.multidex::multidex-instrumentation
Second parameter parameter was not properly generated as generatedKey OR generatedPrivkey OR generatedPubkey,True,com/pegasustech/smartstores/JavaEncryption.java,com.pegasustech.smartstores,10,<100,CogniCrypt,Android,androidx.multidex::multidex-instrumentation
Second parameter parameter was not properly generated as generatedKey OR generatedPubkey OR generatedPrivkey,True,com/pegasustech/smartstores/JavaEncryption.java,com.pegasustech.smartstores,10,<100,CogniCrypt,Android,androidx.multidex::multidex-instrumentation
First parameter was not properly generated as randomized,True,com/pegasustech/smartstores/JavaEncryption.java,com.pegasustech.smartstores,10,<100,CogniCrypt,Android,androidx.multidex::multidex-instrumentation
"Constraint ""neverTypeOf[keyMaterial, java.lang.String]"" on object $r1 is violated due to the following reason:First parameter @ $r1.<init>($r3,varReplacer3429) should never be of type java.lang.String",True,com/pegasustech/smartstores/JavaEncryption.java,com.pegasustech.smartstores,10,<100,CogniCrypt,Android,androidx.multidex::multidex-instrumentation
First parameter was not properly generated as generatedKeyStore,False,okhttp3/internal/Util.java,com.pegasustech.smartstores,10,<100,CogniCrypt,Utilities,okhttp
"Constraint ""protocol in {TLSv1.2, TLSv1.3}"" on object $r3 is violated due to the following reason:\n|- First parameter ""varReplacer1702"" with value ""TLS"" should be any of {TLSv1.2, TLSv1.3} (extracted @ varReplacer1702 = ""TLS"" @ line 96)",True,okhttp3/internal/platform/ConscryptPlatform.java,com.pegasustech.smartstores,10,<100,CogniCrypt,Utilities,okhttp
First parameter was not properly generated as preparedKeyMaterial,True,com/pegasustech/smartstores/JavaEncryption.java,com.pegasustech.smartstores,10,<100,CogniCrypt,Android,androidx.multidex::multidex-instrumentation
Second parameter was not properly generated as generatedTrustManagers,True,hh/k.java,com.photoslideshow.birthdayvideomaker,32,1M-5M,CogniCrypt,others,unknown
"Constraint ""algorithm in {SHA-256, SHA-384, SHA-512}"" on object $r11 is violated due to the following reason:\n|- First parameter ""varReplacer16036"" with value ""SHA"" should be any of {SHA-256, SHA-384, SHA-512} (extracted @ varReplacer16036 = ""SHA"" @ line -1)",True,com/photoslideshow/birthdayvideomaker/MyAppActivity.java,com.photoslideshow.birthdayvideomaker,32,1M-5M,CogniCrypt,developer_written,not_applicable
First parameter was not properly generated as generatedKeyStore,False,hh/k.java,com.photoslideshow.birthdayvideomaker,32,1M-5M,CogniCrypt,others,unknown
"Constraint ""protocol in {TLSv1.2, TLSv1.3}"" on object $r1 is violated due to the following reason:\n|- First parameter ""varReplacer3816"" with value ""TLS"" should be any of {TLSv1.2, TLSv1.3} (extracted @ varReplacer3816 = ""TLS"" @ line -1)",True,hh/k.java,com.photoslideshow.birthdayvideomaker,32,1M-5M,CogniCrypt,others,unknown
Second parameter was not properly generated as generatedTrustManagers,True,hh/k.java,com.photoslideshow.birthdayvideomaker,32,1M-5M,CogniCrypt,others,unknown
First parameter was not properly generated as generatedKeyManagers,False,hh/k.java,com.photoslideshow.birthdayvideomaker,32,1M-5M,CogniCrypt,others,unknown
Third parameter was not properly generated as randomized,False,hh/k.java,com.photoslideshow.birthdayvideomaker,32,1M-5M,CogniCrypt,others,unknown
Second parameter was not properly generated as generatedTrustManagers,True,hh/k.java,com.photoslideshow.birthdayvideomaker,32,1M-5M,CogniCrypt,others,unknown
Third parameter was not properly generated as randomized,False,hh/k.java,com.photoslideshow.birthdayvideomaker,32,1M-5M,CogniCrypt,others,unknown
First parameter was not properly generated as generatedKeyManagers,False,hh/k.java,com.photoslideshow.birthdayvideomaker,32,1M-5M,CogniCrypt,others,unknown
Third parameter was not properly generated as randomized,False,hh/k.java,com.photoslideshow.birthdayvideomaker,32,1M-5M,CogniCrypt,others,unknown
Third parameter was not properly generated as randomized,False,hh/k.java,com.photoslideshow.birthdayvideomaker,32,1M-5M,CogniCrypt,others,unknown
"Constraint ""algorithm in {SHA-256, SHA-384, SHA-512}"" on object $r7 is violated due to the following reason:\n|- First parameter ""varReplacer6739"" with value ""MD5"" should be any of {SHA-256, SHA-384, SHA-512} (extracted @ varReplacer6739 = ""MD5"" @ line -1)",True,com/google/android/gms/internal/ads/me0.java,com.photoslideshow.birthdayvideomaker,32,1M-5M,CogniCrypt,Utilities,Gson
First parameter was not properly generated as generatedKeyStore,False,hh/d.java,com.photoslideshow.birthdayvideomaker,32,1M-5M,CogniCrypt,others,unknown
"Constraint ""protocol in {TLSv1.2, TLSv1.3}"" on object $r1 is violated due to the following reason:\n|- First parameter ""varReplacer3820"" with value ""TLS"" should be any of {TLSv1.2, TLSv1.3} (extracted @ varReplacer3820 = ""TLS"" @ line -1)",True,hh/d.java,com.photoslideshow.birthdayvideomaker,32,1M-5M,CogniCrypt,others,unknown
Third parameter was not properly generated as randomized,False,hh/e.java,com.photoslideshow.birthdayvideomaker,32,1M-5M,CogniCrypt,others,unknown
First parameter was not properly generated as generatedKeyManagers,False,hh/k.java,com.photoslideshow.birthdayvideomaker,32,1M-5M,CogniCrypt,others,unknown
"Constraint ""algorithm in {SHA-256, SHA-384, SHA-512}"" on object $r1 is violated due to the following reason:\n|- First parameter ""varReplacer8938"" with value ""MD5"" should be any of {SHA-256, SHA-384, SHA-512} (extracted @ varReplacer8938 = ""MD5"" @ line -1)",True,b4/o.java,com.photoslideshow.birthdayvideomaker,32,1M-5M,CogniCrypt,others,unknown
First parameter was not properly generated as generatedKeyManagers,False,hh/e.java,com.photoslideshow.birthdayvideomaker,32,1M-5M,CogniCrypt,others,unknown
"Constraint ""algorithm in {SHA-256, SHA-384, SHA-512}"" on object $r6 is violated due to the following reason:\n|- First parameter ""$r0"" with value ""MD5"" should be any of {SHA-256, SHA-384, SHA-512} (extracted @ varReplacer9318 = ""MD5"" @ line -1)",True,com/google/android/gms/internal/ads/me0.java,com.photoslideshow.birthdayvideomaker,32,1M-5M,CogniCrypt,Utilities,Gson
"Constraint ""protocol in {TLSv1.2, TLSv1.3}"" on object $r1 is violated due to the following reason:\n|- First parameter ""varReplacer3814"" with value ""TLS"" should be any of {TLSv1.2, TLSv1.3} (extracted @ varReplacer3814 = ""TLS"" @ line -1)",True,hh/e.java,com.photoslideshow.birthdayvideomaker,32,1M-5M,CogniCrypt,others,unknown
First parameter was not properly generated as generatedKeyStore,False,hh/e.java,com.photoslideshow.birthdayvideomaker,32,1M-5M,CogniCrypt,others,unknown
First parameter was not properly generated as generatedKeyStore,False,hh/j.java,com.photoslideshow.birthdayvideomaker,32,1M-5M,CogniCrypt,others,unknown
Second parameter was not properly generated as generatedTrustManagers,True,hh/k.java,com.photoslideshow.birthdayvideomaker,32,1M-5M,CogniCrypt,others,unknown
First parameter was not properly generated as generatedKeyManagers,False,hh/k.java,com.photoslideshow.birthdayvideomaker,32,1M-5M,CogniCrypt,others,unknown
Second parameter was not properly generated as generatedTrustManagers,True,hh/e.java,com.photoslideshow.birthdayvideomaker,32,1M-5M,CogniCrypt,others,unknown
Third parameter was not properly generated as randomized,False,cz/msebera/android/httpclient/conn/ssl/SSLContexts.java,com.pilbeo.pilbeo_pumpkin_android,17,<100,CogniCrypt,others,unknown
Second parameter was not properly generated as generatedTrustManagers,False,cz/msebera/android/httpclient/conn/ssl/SSLContexts.java,com.pilbeo.pilbeo_pumpkin_android,17,<100,CogniCrypt,others,unknown
"Constraint ""protocol in {TLSv1.2, TLSv1.3}"" on object $r0 is violated due to the following reason:\n|- First parameter ""varReplacer1752"" with value ""TLS"" should be any of {TLSv1.2, TLSv1.3} (extracted @ varReplacer1752 = ""TLS"" @ line 54)",True,cz/msebera/android/httpclient/conn/ssl/SSLContexts.java,com.pilbeo.pilbeo_pumpkin_android,17,<100,CogniCrypt,others,unknown
"Constraint ""protocol in {TLSv1.2, TLSv1.3}"" on object $r2 is violated due to the following reason:\n|- First parameter ""$r1"" with value null should be any of {TLSv1.2, TLSv1.3} (extracted @ varReplacer1821 = null @ line -1)\n|- First parameter ""$r1"" with value ""TLS"" should be any of {TLSv1.2, TLSv1.3} (extracted @ $r1 = ""TLS"" @ line 162)",True,cz/msebera/android/httpclient/conn/ssl/SSLContextBuilder.java,com.pilbeo.pilbeo_pumpkin_android,17,<100,CogniCrypt,others,unknown
Second parameter was not properly generated as generatedTrustManagers,True,cz/msebera/android/httpclient/conn/ssl/SSLContextBuilder.java,com.pilbeo.pilbeo_pumpkin_android,17,<100,CogniCrypt,others,unknown
First parameter was not properly generated as generatedKeyManagers,False,com/loopj/android/http/MySSLSocketFactory.java,com.pilbeo.pilbeo_pumpkin_android,17,<100,CogniCrypt,others,unknown
Second parameter was not properly generated as generatedTrustManagers,True,com/loopj/android/http/MySSLSocketFactory.java,com.pilbeo.pilbeo_pumpkin_android,17,<100,CogniCrypt,others,unknown
First parameter was not properly generated as generatedKeyManagers,False,cz/msebera/android/httpclient/conn/ssl/SSLContexts.java,com.pilbeo.pilbeo_pumpkin_android,17,<100,CogniCrypt,others,unknown
First parameter was not properly generated as generatedKeyManagers,True,cz/msebera/android/httpclient/conn/ssl/SSLContextBuilder.java,com.pilbeo.pilbeo_pumpkin_android,17,<100,CogniCrypt,others,unknown
First parameter was not properly generated as generatedKeyStore,True,cz/msebera/android/httpclient/conn/ssl/SSLContextBuilder.java,com.pilbeo.pilbeo_pumpkin_android,17,<100,CogniCrypt,others,unknown
First parameter was not properly generated as generatedKeyStore,False,okhttp3/OkHttpClient.java,com.pilbeo.pilbeo_pumpkin_android,17,<100,CogniCrypt,Utilities,OkHttp
First parameter was not properly generated as generatedKeyManagers,False,okhttp3/OkHttpClient.java,com.pilbeo.pilbeo_pumpkin_android,17,<100,CogniCrypt,Utilities,OkHttp
Third parameter was not properly generated as randomized,False,okhttp3/OkHttpClient.java,com.pilbeo.pilbeo_pumpkin_android,17,<100,CogniCrypt,Utilities,OkHttp
Second parameter was not properly generated as generatedTrustManagers,False,okhttp3/OkHttpClient.java,com.pilbeo.pilbeo_pumpkin_android,17,<100,CogniCrypt,Utilities,OkHttp
Third parameter was not properly generated as randomized,False,okhttp3/OkHttpClient.java,com.pilbeo.pilbeo_pumpkin_android,17,<100,CogniCrypt,Utilities,OkHttp
First parameter was not properly generated as generatedKeyManagers,False,okhttp3/OkHttpClient.java,com.pilbeo.pilbeo_pumpkin_android,17,<100,CogniCrypt,Utilities,OkHttp
Second parameter was not properly generated as generatedTrustManagers,False,okhttp3/OkHttpClient.java,com.pilbeo.pilbeo_pumpkin_android,17,<100,CogniCrypt,Utilities,OkHttp
Third parameter was not properly generated as randomized,True,cz/msebera/android/httpclient/conn/ssl/SSLContextBuilder.java,com.pilbeo.pilbeo_pumpkin_android,17,<100,CogniCrypt,others,unknown
"Constraint ""protocol in {TLSv1.2, TLSv1.3}"" on object $r1 is violated due to the following reason:\n|- First parameter ""varReplacer1756"" with value ""TLS"" should be any of {TLSv1.2, TLSv1.3} (extracted @ varReplacer1756 = ""TLS"" @ line 71)",True,com/loopj/android/http/MySSLSocketFactory.java,com.pilbeo.pilbeo_pumpkin_android,17,<100,CogniCrypt,others,unknown
"Constraint ""protocol in {TLSv1.2, TLSv1.3}"" on object $r2 is violated due to the following reason:\n|- First parameter ""varReplacer3390"" with value ""TLS"" should be any of {TLSv1.2, TLSv1.3} (extracted @ varReplacer3390 = ""TLS"" @ line 269)",True,okhttp3/internal/platform/Platform.java,com.pilbeo.pilbeo_pumpkin_android,17,<100,CogniCrypt,Utilities,OkHttp
"Constraint ""protocol in {TLSv1.2, TLSv1.3}"" on object $r2 is violated due to the following reason:\n|- First parameter ""varReplacer3392"" with value ""TLS"" should be any of {TLSv1.2, TLSv1.3} (extracted @ varReplacer3392 = ""TLS"" @ line 91)",True,okhttp3/internal/platform/ConscryptPlatform.java,com.pilbeo.pilbeo_pumpkin_android,17,<100,CogniCrypt,Utilities,OkHttp
Third parameter was not properly generated as randomized,False,com/loopj/android/http/MySSLSocketFactory.java,com.pilbeo.pilbeo_pumpkin_android,17,<100,CogniCrypt,others,unknown
Second parameter was not properly generated as generatedTrustManagers,False,okhttp3/OkHttpClient.java,com.pioneers.misrel_mostaabal,1,<100,CogniCrypt,Utilities,OkHttp
First parameter was not properly generated as generatedKeyStore,False,okhttp3/OkHttpClient.java,com.pioneers.misrel_mostaabal,1,<100,CogniCrypt,Utilities,OkHttp
First parameter was not properly generated as generatedKeyManagers,False,okhttp3/OkHttpClient.java,com.pioneers.misrel_mostaabal,1,<100,CogniCrypt,Utilities,OkHttp
Third parameter was not properly generated as randomized,False,okhttp3/OkHttpClient.java,com.pioneers.misrel_mostaabal,1,<100,CogniCrypt,Utilities,OkHttp
First parameter was not properly generated as generatedKeyManagers,False,okhttp3/OkHttpClient.java,com.pioneers.misrel_mostaabal,1,<100,CogniCrypt,Utilities,OkHttp
"Constraint ""protocol in {TLSv1.2, TLSv1.3}"" on object $r2 is violated due to the following reason:\n|- First parameter ""varReplacer3625"" with value ""TLS"" should be any of {TLSv1.2, TLSv1.3} (extracted @ varReplacer3625 = ""TLS"" @ line 91)",True,okhttp3/internal/platform/ConscryptPlatform.java,com.pioneers.misrel_mostaabal,1,<100,CogniCrypt,Utilities,OkHttp
Third parameter was not properly generated as randomized,False,okhttp3/OkHttpClient.java,com.pioneers.misrel_mostaabal,1,<100,CogniCrypt,Utilities,OkHttp
Second parameter was not properly generated as generatedTrustManagers,False,okhttp3/OkHttpClient.java,com.pioneers.misrel_mostaabal,1,<100,CogniCrypt,Utilities,OkHttp
"Constraint ""protocol in {TLSv1.2, TLSv1.3}"" on object $r2 is violated due to the following reason:\n|- First parameter ""varReplacer3623"" with value ""TLS"" should be any of {TLSv1.2, TLSv1.3} (extracted @ varReplacer3623 = ""TLS"" @ line 269)",True,okhttp3/internal/platform/Platform.java,com.pioneers.misrel_mostaabal,1,<100,CogniCrypt,Utilities,OkHttp
First parameter was not properly generated as generatedKeyManagers,False,okhttp3/OkHttpClient.java,com.pioneers.wahtal_abnaa_al_alamia,4,<100,CogniCrypt,Utilities,OkHttp
"Constraint ""protocol in {TLSv1.2, TLSv1.3}"" on object $r2 is violated due to the following reason:\n|- First parameter ""varReplacer3418"" with value ""TLS"" should be any of {TLSv1.2, TLSv1.3} (extracted @ varReplacer3418 = ""TLS"" @ line 269)",True,okhttp3/internal/platform/Platform.java,com.pioneers.wahtal_abnaa_al_alamia,4,<100,CogniCrypt,Utilities,OkHttp
"Constraint ""protocol in {TLSv1.2, TLSv1.3}"" on object $r2 is violated due to the following reason:\n|- First parameter ""varReplacer3420"" with value ""TLS"" should be any of {TLSv1.2, TLSv1.3} (extracted @ varReplacer3420 = ""TLS"" @ line 91)",True,okhttp3/internal/platform/ConscryptPlatform.java,com.pioneers.wahtal_abnaa_al_alamia,4,<100,CogniCrypt,Utilities,OkHttp
Second parameter was not properly generated as generatedTrustManagers,False,okhttp3/OkHttpClient.java,com.pioneers.wahtal_abnaa_al_alamia,4,<100,CogniCrypt,Utilities,OkHttp
Second parameter was not properly generated as generatedTrustManagers,False,okhttp3/OkHttpClient.java,com.pioneers.wahtal_abnaa_al_alamia,4,<100,CogniCrypt,Utilities,OkHttp
First parameter was not properly generated as generatedKeyManagers,False,okhttp3/OkHttpClient.java,com.pioneers.wahtal_abnaa_al_alamia,4,<100,CogniCrypt,Utilities,OkHttp
Third parameter was not properly generated as randomized,False,okhttp3/OkHttpClient.java,com.pioneers.wahtal_abnaa_al_alamia,4,<100,CogniCrypt,Utilities,OkHttp
Third parameter was not properly generated as randomized,False,okhttp3/OkHttpClient.java,com.pioneers.wahtal_abnaa_al_alamia,4,<100,CogniCrypt,Utilities,OkHttp
First parameter was not properly generated as generatedKeyStore,False,okhttp3/OkHttpClient.java,com.pioneers.wahtal_abnaa_al_alamia,4,<100,CogniCrypt,Utilities,OkHttp
Return value was not properly generated as generatedPubkey,True,com/pairip/licensecheck/ResponseValidator.java,com.pixsterstudio.captions,38,500k-1M,CogniCrypt,others,unknown
First parameter was not properly generated as speccedKey,True,com/pairip/licensecheck/ResponseValidator.java,com.pixsterstudio.captions,38,500k-1M,CogniCrypt,others,unknown
Second parameter was not properly generated as generatedTrustManagers,True,okhttp3/internal/platform/Platform.java,com.pixsterstudio.captions,38,500k-1M,CogniCrypt,Utilities,OkHttp
"Constraint ""protocol in {TLSv1.2, TLSv1.3}"" on object $r3 is violated due to the following reason:\n|- First parameter ""varReplacer5153"" with value ""TLS"" should be any of {TLSv1.2, TLSv1.3} (extracted @ varReplacer5153 = ""TLS"" @ line 78)",True,okhttp3/internal/platform/Jdk9Platform.java,com.pixsterstudio.captions,38,500k-1M,CogniCrypt,Utilities,OkHttp
First parameter was not properly generated as preparedKeyMaterial,True,com/pairip/licensecheck/ResponseValidator.java,com.pixsterstudio.captions,38,500k-1M,CogniCrypt,others,unknown
First parameter was not properly generated as generatedKeyManagers,False,okhttp3/internal/platform/Platform.java,com.pixsterstudio.captions,38,500k-1M,CogniCrypt,Utilities,OkHttp
Second parameter was not properly generated as generatedTrustManagers,True,okhttp3/internal/platform/Platform.java,com.pixsterstudio.captions,38,500k-1M,CogniCrypt,Utilities,OkHttp
First parameter was not properly generated as generatedKeyManagers,False,okhttp3/internal/platform/Platform.java,com.pixsterstudio.captions,38,500k-1M,CogniCrypt,Utilities,OkHttp
First parameter was not properly generated as generatedKeyManagers,False,okhttp3/internal/platform/Platform.java,com.pixsterstudio.captions,38,500k-1M,CogniCrypt,Utilities,OkHttp
First parameter was not properly generated as generatedKeyStore,False,okhttp3/internal/platform/ConscryptPlatform.java,com.pixsterstudio.captions,38,500k-1M,CogniCrypt,Utilities,OkHttp
"Constraint ""protocol in {TLSv1.2, TLSv1.3}"" on object $r1 is violated due to the following reason:\n|- First parameter ""varReplacer5146"" with value ""TLS"" should be any of {TLSv1.2, TLSv1.3} (extracted @ varReplacer5146 = ""TLS"" @ line 44)",True,okhttp3/internal/platform/ConscryptPlatform.java,com.pixsterstudio.captions,38,500k-1M,CogniCrypt,Utilities,OkHttp
Third parameter was not properly generated as randomized,False,okhttp3/internal/platform/ConscryptPlatform.java,com.pixsterstudio.captions,38,500k-1M,CogniCrypt,Utilities,OkHttp
First parameter was not properly generated as generatedKeyManagers,False,okhttp3/internal/platform/ConscryptPlatform.java,com.pixsterstudio.captions,38,500k-1M,CogniCrypt,Utilities,OkHttp
Second parameter was not properly generated as generatedTrustManagers,True,okhttp3/internal/platform/ConscryptPlatform.java,com.pixsterstudio.captions,38,500k-1M,CogniCrypt,Utilities,OkHttp
Second parameter was not properly generated as generatedTrustManagers,True,okhttp3/internal/platform/Platform.java,com.pixsterstudio.captions,38,500k-1M,CogniCrypt,Utilities,OkHttp
Third parameter was not properly generated as randomized,False,okhttp3/internal/platform/Platform.java,com.pixsterstudio.captions,38,500k-1M,CogniCrypt,Utilities,OkHttp
Second parameter was not properly generated as generatedTrustManagers,True,okhttp3/internal/platform/Platform.java,com.pixsterstudio.captions,38,500k-1M,CogniCrypt,Utilities,OkHttp
Third parameter was not properly generated as randomized,False,okhttp3/internal/platform/Platform.java,com.pixsterstudio.captions,38,500k-1M,CogniCrypt,Utilities,OkHttp
"Constraint ""algorithm in {SHA-256, SHA-384, SHA-512}"" on object $r2 is violated due to the following reason:\n|- First parameter ""varReplacer9472"" with value ""SHA-1"" should be any of {SHA-256, SHA-384, SHA-512} (extracted @ varReplacer9472 = ""SHA-1"" @ line 120)",True,com/singular/sdk/internal/Utils.java,com.pixsterstudio.captions,38,500k-1M,CogniCrypt,others,unknown
Third parameter was not properly generated as randomized,False,okhttp3/internal/platform/Platform.java,com.pixsterstudio.captions,38,500k-1M,CogniCrypt,Utilities,OkHttp
Second parameter was not properly generated as generatedTrustManagers,True,okhttp3/internal/platform/Platform.java,com.pixsterstudio.captions,38,500k-1M,CogniCrypt,Utilities,OkHttp
Second parameter was not properly generated as generatedTrustManagers,True,okhttp3/internal/platform/Platform.java,com.pixsterstudio.captions,38,500k-1M,CogniCrypt,Utilities,OkHttp
First parameter was not properly generated as generatedKeyManagers,False,okhttp3/internal/platform/Platform.java,com.pixsterstudio.captions,38,500k-1M,CogniCrypt,Utilities,OkHttp
First parameter was not properly generated as generatedKeyManagers,False,okhttp3/internal/platform/Platform.java,com.pixsterstudio.captions,38,500k-1M,CogniCrypt,Utilities,OkHttp
First parameter was not properly generated as generatedKeyManagers,False,okhttp3/internal/platform/Platform.java,com.pixsterstudio.captions,38,500k-1M,CogniCrypt,Utilities,OkHttp
Third parameter was not properly generated as randomized,False,okhttp3/internal/platform/Platform.java,com.pixsterstudio.captions,38,500k-1M,CogniCrypt,Utilities,OkHttp
First parameter was not properly generated as generatedKeyManagers,False,okhttp3/internal/platform/Platform.java,com.pixsterstudio.captions,38,500k-1M,CogniCrypt,Utilities,OkHttp
Third parameter was not properly generated as randomized,False,okhttp3/internal/platform/Platform.java,com.pixsterstudio.captions,38,500k-1M,CogniCrypt,Utilities,OkHttp
Third parameter was not properly generated as randomized,False,okhttp3/internal/platform/Platform.java,com.pixsterstudio.captions,38,500k-1M,CogniCrypt,Utilities,OkHttp
Second parameter was not properly generated as generatedTrustManagers,True,okhttp3/internal/platform/Platform.java,com.pixsterstudio.captions,38,500k-1M,CogniCrypt,Utilities,OkHttp
First parameter was not properly generated as generatedKeyStore,False,okhttp3/internal/platform/OpenJSSEPlatform.java,com.pixsterstudio.captions,38,500k-1M,CogniCrypt,Utilities,OkHttp
"Constraint ""protocol in {TLSv1.2, TLSv1.3}"" on object $r1 is violated due to the following reason:\n|- First parameter ""varReplacer5157"" with value ""TLS"" should be any of {TLSv1.2, TLSv1.3} (extracted @ varReplacer5157 = ""TLS"" @ line 38)",True,okhttp3/internal/platform/BouncyCastlePlatform.java,com.pixsterstudio.captions,38,500k-1M,CogniCrypt,Utilities,OkHttp
First parameter was not properly generated as generatedKeyStore,False,okhttp3/internal/platform/BouncyCastlePlatform.java,com.pixsterstudio.captions,38,500k-1M,CogniCrypt,Utilities,OkHttp
"Constraint ""protocol in {TLSv1.2, TLSv1.3}"" on object $r3 is violated due to the following reason:\n|- First parameter ""varReplacer5150"" with value ""TLS"" should be any of {TLSv1.2, TLSv1.3} (extracted @ varReplacer5150 = ""TLS"" @ line 69)",True,okhttp3/internal/platform/Jdk9Platform.java,com.pixsterstudio.captions,38,500k-1M,CogniCrypt,Utilities,OkHttp
Third parameter was not properly generated as randomized,False,okhttp3/internal/platform/Platform.java,com.pixsterstudio.captions,38,500k-1M,CogniCrypt,Utilities,OkHttp
First parameter was not properly generated as generatedPubkey,True,com/pairip/licensecheck/ResponseValidator.java,com.pixsterstudio.captions,38,500k-1M,CogniCrypt,others,unknown
First parameter was not properly generated as generatedKeyStore,False,okhttp3/internal/platform/Platform.java,com.pixsterstudio.captions,38,500k-1M,CogniCrypt,Utilities,OkHttp
"Constraint ""protocol in {TLSv1.2, TLSv1.3}"" on object $r1 is violated due to the following reason:\n|- First parameter ""varReplacer5148"" with value ""TLS"" should be any of {TLSv1.2, TLSv1.3} (extracted @ varReplacer5148 = ""TLS"" @ line 75)",True,okhttp3/internal/platform/Platform.java,com.pixsterstudio.captions,38,500k-1M,CogniCrypt,Utilities,OkHttp
First parameter was not properly generated as generatedKeyStore,True,okhttp3/internal/platform/ConscryptPlatform.java,com.pocketgroup.pocketpay,340,500k-1M,CogniCrypt,Utilities,OkHttp
"Operation on object of type javax.crypto.Cipher not completed. Expected call to one of the methods {init(int, java.security.Key), init(int, java.security.Key, java.security.spec.AlgorithmParameterSpec, java.security.SecureRandom), init(int, java.security.Key, java.security.spec.AlgorithmParameterSpec), init(int, java.security.Key, java.security.AlgorithmParameters, java.security.SecureRandom), init(int, java.security.cert.Certificate), init(int, java.security.Key, java.security.SecureRandom), init(int, java.security.Key, java.security.AlgorithmParameters), init(int, java.security.cert.Certificate, java.security.SecureRandom)}",True,com/pocketgroup/pocketpay/encrypt/AESEncrypt.java,com.pocketgroup.pocketpay,340,500k-1M,CogniCrypt,Android,com.google.android.gms::play-services-auth-base
"Constraint ""alg(transformation) in {AES} => mode(transformation) in {GCM, CTR, CTS, CFB, OFB}"" on object $r5 is violated due to the following reason:\n|- Constraint ""alg(transformation) in {AES} => mode(transformation) in {GCM, CTR, CTS, CFB, OFB}"" evaluates to <false>:\n\t|- The left side ""alg(transformation) in {AES}"" evaluates to <true>:\n\t\t|- First parameter ""varReplacer10709"" (transformation) with value ""AES/CBC/PKCS5Padding"" satisfies the constraint in class com.pocketgroup.pocketpay.encrypt.AESEncrypt @ $r5 = getInstance(varReplacer10709) @ line 24\n\t|- The right side ""mode(transformation) in {GCM, CTR, CTS, CFB, OFB}"" evaluates to <false>:\n\t\t|- First parameter ""varReplacer10709"" (transformation) with value ""AES/CBC/PKCS5Padding"" violates the constraint in class com.pocketgroup.pocketpay.encrypt.AESEncrypt @ $r5 = getInstance(varReplacer10709) @ line 24",True,com/pocketgroup/pocketpay/encrypt/AESEncrypt.java,com.pocketgroup.pocketpay,340,500k-1M,CogniCrypt,Android,com.google.android.gms::play-services-auth-base
Third parameter was not properly generated as randomized,False,okhttp3/internal/platform/ConscryptPlatform.java,com.pocketgroup.pocketpay,340,500k-1M,CogniCrypt,Utilities,OkHttp
Second parameter was not properly generated as generatedTrustManagers,True,okhttp3/internal/platform/ConscryptPlatform.java,com.pocketgroup.pocketpay,340,500k-1M,CogniCrypt,Utilities,OkHttp
First parameter was not properly generated as generatedKeyManagers,False,okhttp3/internal/platform/ConscryptPlatform.java,com.pocketgroup.pocketpay,340,500k-1M,CogniCrypt,Utilities,OkHttp
First parameter was not properly generated as generatedKeyStore,False,okhttp3/internal/platform/OpenJSSEPlatform.java,com.pocketgroup.pocketpay,340,500k-1M,CogniCrypt,Utilities,OkHttp
First parameter was not properly generated as generatedKeyStore,False,okhttp3/internal/platform/BouncyCastlePlatform.java,com.pocketgroup.pocketpay,340,500k-1M,CogniCrypt,Utilities,OkHttp
Second parameter was not properly generated as generatedPrivkey,False,com/salesforce/android/encryption/SecretKeyWrapper.java,com.pocketgroup.pocketpay,340,500k-1M,CogniCrypt,Android,ion
First parameter was not properly generated as generatedPubkey,False,com/salesforce/android/encryption/SecretKeyWrapper.java,com.pocketgroup.pocketpay,340,500k-1M,CogniCrypt,Android,ion
"Constraint ""protocol in {TLSv1.2, TLSv1.3}"" on object $r1 is violated due to the following reason:\n|- First parameter ""varReplacer6561"" with value ""TLS"" should be any of {TLSv1.2, TLSv1.3} (extracted @ varReplacer6561 = ""TLS"" @ line 44)",True,okhttp3/internal/platform/ConscryptPlatform.java,com.pocketgroup.pocketpay,340,500k-1M,CogniCrypt,Utilities,OkHttp
Second parameter parameter was not properly generated as generatedKey OR generatedPubkey OR generatedPrivkey,False,com/salesforce/android/encryption/SecretKeyWrapper.java,com.pocketgroup.pocketpay,340,500k-1M,CogniCrypt,Android,ion
Return value was not properly generated as generatedPubkey,False,com/salesforce/android/encryption/SecretKeyWrapper.java,com.pocketgroup.pocketpay,340,500k-1M,CogniCrypt,Android,ion
Second parameter parameter was not properly generated as generatedKey OR generatedPubkey OR generatedPrivkey,False,com/salesforce/android/encryption/SecretKeyWrapper.java,com.pocketgroup.pocketpay,340,500k-1M,CogniCrypt,Android,ion
First parameter was not properly generated as preparedRSA,True,com/salesforce/android/encryption/SecretKeyWrapper.java,com.pocketgroup.pocketpay,340,500k-1M,CogniCrypt,Android,ion
Return value was not properly generated as generatedKey,False,com/salesforce/android/encryption/KeySourceV19.java,com.pocketgroup.pocketpay,340,500k-1M,CogniCrypt,Android,ion
First parameter was not properly generated as preparedKeyMaterial,True,com/pocketgroup/pocketpay/encrypt/AESEncrypt.java,com.pocketgroup.pocketpay,340,500k-1M,CogniCrypt,Android,com.google.android.gms::play-services-auth-base
Second parameter parameter was not properly generated as generatedPubkey OR generatedKey OR generatedPrivkey,True,com/pocketgroup/pocketpay/encrypt/AESEncrypt.java,com.pocketgroup.pocketpay,340,500k-1M,CogniCrypt,Android,com.google.android.gms::play-services-auth-base
Return value was not properly generated as generatedPrivkey,False,com/salesforce/android/encryption/SecretKeyWrapper.java,com.pocketgroup.pocketpay,340,500k-1M,CogniCrypt,Android,ion
"Constraint ""algorithm in {SHA-256, SHA-384, SHA-512}"" on object $r7 is violated due to the following reason:\n|- First parameter ""varReplacer5140"" with value ""SHA1"" should be any of {SHA-256, SHA-384, SHA-512} (extracted @ varReplacer5140 = ""SHA1"" @ line 26)",True,com/facebook/internal/security/CertificateUtil.java,com.pocketgroup.pocketpay,340,500k-1M,CogniCrypt,SocialMedia,Facebook-App-Links
First parameter was not properly generated as generatedKeyManagers,False,okhttp3/internal/platform/Platform.java,com.pocketgroup.pocketpay,340,500k-1M,CogniCrypt,Utilities,OkHttp
First parameter was not properly generated as randomized,True,com/pocketgroup/pocketpay/encrypt/AESEncrypt.java,com.pocketgroup.pocketpay,340,500k-1M,CogniCrypt,Android,com.google.android.gms::play-services-auth-base
Second parameter was not properly generated as generatedTrustManagers,True,okhttp3/internal/platform/Platform.java,com.pocketgroup.pocketpay,340,500k-1M,CogniCrypt,Utilities,OkHttp
First parameter was not properly generated as generatedKeyManagers,False,okhttp3/internal/platform/Platform.java,com.pocketgroup.pocketpay,340,500k-1M,CogniCrypt,Utilities,OkHttp
Third parameter was not properly generated as randomized,False,okhttp3/internal/platform/Platform.java,com.pocketgroup.pocketpay,340,500k-1M,CogniCrypt,Utilities,OkHttp
Third parameter was not properly generated as randomized,False,okhttp3/internal/platform/Platform.java,com.pocketgroup.pocketpay,340,500k-1M,CogniCrypt,Utilities,OkHttp
First parameter was not properly generated as generatedKeyManagers,False,okhttp3/internal/platform/Platform.java,com.pocketgroup.pocketpay,340,500k-1M,CogniCrypt,Utilities,OkHttp
Second parameter was not properly generated as generatedTrustManagers,True,okhttp3/internal/platform/Platform.java,com.pocketgroup.pocketpay,340,500k-1M,CogniCrypt,Utilities,OkHttp
Third parameter was not properly generated as randomized,False,okhttp3/internal/platform/Platform.java,com.pocketgroup.pocketpay,340,500k-1M,CogniCrypt,Utilities,OkHttp
"Constraint ""protocol in {TLSv1.2, TLSv1.3}"" on object $r1 is violated due to the following reason:\n|- First parameter ""varReplacer6567"" with value ""TLS"" should be any of {TLSv1.2, TLSv1.3} (extracted @ varReplacer6567 = ""TLS"" @ line 38)",True,okhttp3/internal/platform/BouncyCastlePlatform.java,com.pocketgroup.pocketpay,340,500k-1M,CogniCrypt,Utilities,OkHttp
Second parameter was not properly generated as generatedTrustManagers,True,okhttp3/internal/platform/Platform.java,com.pocketgroup.pocketpay,340,500k-1M,CogniCrypt,Utilities,OkHttp
First parameter was not properly generated as generatedKeyManagers,False,okhttp3/internal/platform/Platform.java,com.pocketgroup.pocketpay,340,500k-1M,CogniCrypt,Utilities,OkHttp
Third parameter was not properly generated as randomized,False,okhttp3/internal/platform/Platform.java,com.pocketgroup.pocketpay,340,500k-1M,CogniCrypt,Utilities,OkHttp
"Constraint ""protocol in {TLSv1.2, TLSv1.3}"" on object $r1 is violated due to the following reason:\n|- First parameter ""varReplacer6563"" with value ""TLS"" should be any of {TLSv1.2, TLSv1.3} (extracted @ varReplacer6563 = ""TLS"" @ line 75)",True,okhttp3/internal/platform/Platform.java,com.pocketgroup.pocketpay,340,500k-1M,CogniCrypt,Utilities,OkHttp
First parameter was not properly generated as generatedKeyStore,False,okhttp3/internal/platform/Platform.java,com.pocketgroup.pocketpay,340,500k-1M,CogniCrypt,Utilities,OkHttp
"Constraint ""algorithm in {SHA-256, SHA-384, SHA-512}"" on object $r3 is violated due to the following reason:\n|- First parameter ""$r2"" with value ""MD5"" should be any of {SHA-256, SHA-384, SHA-512} (extracted @ varReplacer5099 = ""MD5"" @ line 277)\n|- First parameter ""$r2"" with value ""SHA-1"" should be any of {SHA-256, SHA-384, SHA-512} (extracted @ varReplacer4696 = ""SHA-1"" @ line 285)",True,com/facebook/internal/Utility.java,com.pocketgroup.pocketpay,340,500k-1M,CogniCrypt,SocialMedia,Facebook-App-Links
Second parameter was not properly generated as generatedTrustManagers,True,okhttp3/internal/platform/Platform.java,com.pocketgroup.pocketpay,340,500k-1M,CogniCrypt,Utilities,OkHttp
"Constraint ""algorithm in {SHA-256, SHA-384, SHA-512}"" on object $r1 is violated due to the following reason:\n|- First parameter ""varReplacer4895"" with value ""MD5"" should be any of {SHA-256, SHA-384, SHA-512} (extracted @ varReplacer4895 = ""MD5"" @ line 320)",True,com/facebook/appevents/AppEvent.java,com.pocketgroup.pocketpay,340,500k-1M,CogniCrypt,SocialMedia,Facebook-App-Links
"Constraint ""algorithm in {SHA-256, SHA-384, SHA-512}"" on object $r1 is violated due to the following reason:\n|- First parameter ""varReplacer5153"" with value ""MD5"" should be any of {SHA-256, SHA-384, SHA-512} (extracted @ varReplacer5153 = ""MD5"" @ line 27)",True,com/facebook/appevents/internal/HashUtils.java,com.pocketgroup.pocketpay,340,500k-1M,CogniCrypt,SocialMedia,Facebook-App-Links
Second parameter was not properly generated as generatedTrustManagers,False,okhttp3/OkHttpClient.java,com.pragma.scientistsinventionsanddiscoveries,5,5k-10k,CogniCrypt,Utilities,OkHttp
First parameter was not properly generated as generatedKeyManagers,False,okhttp3/OkHttpClient.java,com.pragma.scientistsinventionsanddiscoveries,5,5k-10k,CogniCrypt,Utilities,OkHttp
Third parameter was not properly generated as randomized,False,okhttp3/OkHttpClient.java,com.pragma.scientistsinventionsanddiscoveries,5,5k-10k,CogniCrypt,Utilities,OkHttp
First parameter was not properly generated as generatedKeyManagers,False,okhttp3/OkHttpClient.java,com.pragma.scientistsinventionsanddiscoveries,5,5k-10k,CogniCrypt,Utilities,OkHttp
First parameter was not properly generated as generatedKeyManagers,False,okhttp3/OkHttpClient.java,com.pragma.scientistsinventionsanddiscoveries,5,5k-10k,CogniCrypt,Utilities,OkHttp
Second parameter was not properly generated as generatedTrustManagers,False,okhttp3/OkHttpClient.java,com.pragma.scientistsinventionsanddiscoveries,5,5k-10k,CogniCrypt,Utilities,OkHttp
"Constraint ""protocol in {TLSv1.2, TLSv1.3}"" on object $r4 is violated due to the following reason:\n|- First parameter ""varReplacer2772"" with value ""TLS"" should be any of {TLSv1.2, TLSv1.3} (extracted @ varReplacer2772 = ""TLS"" @ line 274)",True,okhttp3/internal/platform/Platform.java,com.pragma.scientistsinventionsanddiscoveries,5,5k-10k,CogniCrypt,Utilities,OkHttp
"Constraint ""protocol in {TLSv1.2, TLSv1.3}"" on object $r2 is violated due to the following reason:\n|- First parameter ""varReplacer2777"" with value ""TLS"" should be any of {TLSv1.2, TLSv1.3} (extracted @ varReplacer2777 = ""TLS"" @ line 436)",True,okhttp3/internal/platform/AndroidPlatform.java,com.pragma.scientistsinventionsanddiscoveries,5,5k-10k,CogniCrypt,Utilities,OkHttp
First parameter was not properly generated as generatedKeyManagers,False,okhttp3/OkHttpClient.java,com.pragma.scientistsinventionsanddiscoveries,5,5k-10k,CogniCrypt,Utilities,OkHttp
Third parameter was not properly generated as randomized,False,okhttp3/OkHttpClient.java,com.pragma.scientistsinventionsanddiscoveries,5,5k-10k,CogniCrypt,Utilities,OkHttp
Third parameter was not properly generated as randomized,False,okhttp3/OkHttpClient.java,com.pragma.scientistsinventionsanddiscoveries,5,5k-10k,CogniCrypt,Utilities,OkHttp
Second parameter was not properly generated as generatedTrustManagers,False,okhttp3/OkHttpClient.java,com.pragma.scientistsinventionsanddiscoveries,5,5k-10k,CogniCrypt,Utilities,OkHttp
Third parameter was not properly generated as randomized,False,okhttp3/OkHttpClient.java,com.pragma.scientistsinventionsanddiscoveries,5,5k-10k,CogniCrypt,Utilities,OkHttp
Second parameter was not properly generated as generatedTrustManagers,False,okhttp3/OkHttpClient.java,com.pragma.scientistsinventionsanddiscoveries,5,5k-10k,CogniCrypt,Utilities,OkHttp
Second parameter was not properly generated as generatedTrustManagers,False,okhttp3/OkHttpClient.java,com.pragma.scientistsinventionsanddiscoveries,5,5k-10k,CogniCrypt,Utilities,OkHttp
First parameter was not properly generated as generatedKeyManagers,False,okhttp3/OkHttpClient.java,com.pragma.scientistsinventionsanddiscoveries,5,5k-10k,CogniCrypt,Utilities,OkHttp
"Constraint ""algorithm in {SHA-256, SHA-384, SHA-512}"" on object $r5 is violated due to the following reason:\n|- First parameter ""varReplacer2316"" with value ""MD5"" should be any of {SHA-256, SHA-384, SHA-512} (extracted @ varReplacer2316 = ""MD5"" @ line 56)",True,com/google/android/gms/internal/ads/zzazu.java,com.pragma.scientistsinventionsanddiscoveries,5,5k-10k,CogniCrypt,Android,com.google.android.gms::play-services-ads-base
First parameter was not properly generated as generatedKeyStore,False,okhttp3/internal/Util.java,com.pragma.scientistsinventionsanddiscoveries,5,5k-10k,CogniCrypt,Utilities,OkHttp
"Constraint ""algorithm in {SHA-256, SHA-384, SHA-512}"" on object $r1 is violated due to the following reason:\n|- First parameter ""varReplacer3257"" with value ""MD5"" should be any of {SHA-256, SHA-384, SHA-512} (extracted @ varReplacer3257 = ""MD5"" @ line 148)",True,com/pragma/scientistsinventionsanddiscoveries/Invention_Details.java,com.pragma.scientistsinventionsanddiscoveries,5,5k-10k,CogniCrypt,developer_written,not_applicable
"Constraint ""algorithm in {SHA-256, SHA-384, SHA-512}"" on object $r1 is violated due to the following reason:\n|- First parameter ""varReplacer3191"" with value ""MD5"" should be any of {SHA-256, SHA-384, SHA-512} (extracted @ varReplacer3191 = ""MD5"" @ line 308)",True,com/pragma/scientistsinventionsanddiscoveries/Cat_List.java,com.pragma.scientistsinventionsanddiscoveries,5,5k-10k,CogniCrypt,developer_written,not_applicable
"Constraint ""algorithm in {SHA-256, SHA-384, SHA-512}"" on object $r1 is violated due to the following reason:\n|- First parameter ""varReplacer382"" with value ""MD5"" should be any of {SHA-256, SHA-384, SHA-512} (extracted @ varReplacer382 = ""MD5"" @ line 138)",True,com/pragma/scientistsinventionsanddiscoveries/Cat_Details.java,com.pragma.scientistsinventionsanddiscoveries,5,5k-10k,CogniCrypt,developer_written,not_applicable
Third parameter was not properly generated as randomized,False,okhttp3/OkHttpClient.java,com.pragma.scientistsinventionsanddiscoveries,5,5k-10k,CogniCrypt,Utilities,OkHttp
"Constraint ""algorithm in {SHA-256, SHA-384, SHA-512}"" on object $r7 is violated due to the following reason:\n|- First parameter ""varReplacer832"" with value ""MD5"" should be any of {SHA-256, SHA-384, SHA-512} (extracted @ varReplacer832 = ""MD5"" @ line 151)",True,com/google/android/gms/internal/ads/zzazu.java,com.pragma.scientistsinventionsanddiscoveries,5,5k-10k,CogniCrypt,Android,com.google.android.gms::play-services-ads-base
"Constraint ""protocol in {TLSv1.2, TLSv1.3}"" on object $r2 is violated due to the following reason:\n|- First parameter ""varReplacer2774"" with value ""TLS"" should be any of {TLSv1.2, TLSv1.3} (extracted @ varReplacer2774 = ""TLS"" @ line 91)",True,okhttp3/internal/platform/ConscryptPlatform.java,com.pragma.scientistsinventionsanddiscoveries,5,5k-10k,CogniCrypt,Utilities,OkHttp
Second parameter was not properly generated as generatedTrustManagers,False,okhttp3/OkHttpClient.java,com.prompt.ma.maapplicationfinalAmul,50,500k-1M,CogniCrypt,Utilities,OkHttp
"Constraint ""protocol in {TLSv1.2, TLSv1.3}"" on object $r3 is violated due to the following reason:\n|- First parameter ""varReplacer16223"" with value ""TLS"" should be any of {TLSv1.2, TLSv1.3} (extracted @ varReplacer16223 = ""TLS"" @ line 445)",True,okhttp3/internal/platform/AndroidPlatform.java,com.prompt.ma.maapplicationfinalAmul,50,500k-1M,CogniCrypt,Utilities,OkHttp
"Constraint ""protocol in {TLSv1.2, TLSv1.3}"" on object $r3 is violated due to the following reason:\n|- First parameter ""varReplacer16220"" with value ""TLS"" should be any of {TLSv1.2, TLSv1.3} (extracted @ varReplacer16220 = ""TLS"" @ line 94)",True,okhttp3/internal/platform/ConscryptPlatform.java,com.prompt.ma.maapplicationfinalAmul,50,500k-1M,CogniCrypt,Utilities,OkHttp
"Constraint ""algorithm in {SHA-256, SHA-384, SHA-512}"" on object $r1 is violated due to the following reason:\n|- First parameter ""varReplacer14843"" with value ""MD5"" should be any of {SHA-256, SHA-384, SHA-512} (extracted @ varReplacer14843 = ""MD5"" @ line 502)",True,com/itextpdf/text/pdf/PdfEncryption.java,com.prompt.ma.maapplicationfinalAmul,50,500k-1M,CogniCrypt,others,unknown
First parameter was not properly generated as generatedKeyManagers,False,okhttp3/OkHttpClient.java,com.prompt.ma.maapplicationfinalAmul,50,500k-1M,CogniCrypt,Utilities,OkHttp
"Constraint ""protocol in {TLSv1.2, TLSv1.3}"" on object $r8 is violated due to the following reason:\n|- First parameter ""varReplacer15390"" with value ""SSL"" should be any of {TLSv1.2, TLSv1.3} (extracted @ varReplacer15390 = ""SSL"" @ line 112)",True,com/prompt/ma/maapplicationfinalAmul/webapi/DownloadFile.java,com.prompt.ma.maapplicationfinalAmul,50,500k-1M,CogniCrypt,developer_written,not_applicable
First parameter was not properly generated as speccedKey,True,com/prompt/ma/maapplicationfinalAmul/util/SecurityHelper.java,com.prompt.ma.maapplicationfinalAmul,50,500k-1M,CogniCrypt,developer_written,not_applicable
Return value was not properly generated as generatedPubkey,True,com/prompt/ma/maapplicationfinalAmul/util/SecurityHelper.java,com.prompt.ma.maapplicationfinalAmul,50,500k-1M,CogniCrypt,developer_written,not_applicable
Second parameter was not properly generated as generatedTrustManagers,True,com/prompt/ma/maapplicationfinalAmul/global/GlobalUtils.java,com.prompt.ma.maapplicationfinalAmul,50,500k-1M,CogniCrypt,developer_written,not_applicable
First parameter was not properly generated as preparedKeyMaterial,True,com/prompt/ma/maapplicationfinalAmul/util/SecurityHelper.java,com.prompt.ma.maapplicationfinalAmul,50,500k-1M,CogniCrypt,developer_written,not_applicable
First parameter was not properly generated as generatedKey,True,com/prompt/ma/maapplicationfinalAmul/util/SecurityHelper.java,com.prompt.ma.maapplicationfinalAmul,50,500k-1M,CogniCrypt,developer_written,not_applicable
First parameter was not properly generated as generatedKeyManagers,False,okhttp3/OkHttpClient.java,com.prompt.ma.maapplicationfinalAmul,50,500k-1M,CogniCrypt,Utilities,OkHttp
Third parameter was not properly generated as randomized,False,okhttp3/OkHttpClient.java,com.prompt.ma.maapplicationfinalAmul,50,500k-1M,CogniCrypt,Utilities,OkHttp
Second parameter was not properly generated as generatedTrustManagers,False,okhttp3/OkHttpClient.java,com.prompt.ma.maapplicationfinalAmul,50,500k-1M,CogniCrypt,Utilities,OkHttp
Third parameter was not properly generated as randomized,False,okhttp3/OkHttpClient.java,com.prompt.ma.maapplicationfinalAmul,50,500k-1M,CogniCrypt,Utilities,OkHttp
Third parameter was not properly generated as randomized,False,okhttp3/OkHttpClient.java,com.prompt.ma.maapplicationfinalAmul,50,500k-1M,CogniCrypt,Utilities,OkHttp
First parameter was not properly generated as generatedKeyManagers,False,okhttp3/OkHttpClient.java,com.prompt.ma.maapplicationfinalAmul,50,500k-1M,CogniCrypt,Utilities,OkHttp
Second parameter was not properly generated as generatedTrustManagers,False,okhttp3/OkHttpClient.java,com.prompt.ma.maapplicationfinalAmul,50,500k-1M,CogniCrypt,Utilities,OkHttp
Third parameter was not properly generated as randomized,False,okhttp3/OkHttpClient.java,com.prompt.ma.maapplicationfinalAmul,50,500k-1M,CogniCrypt,Utilities,OkHttp
Second parameter was not properly generated as generatedTrustManagers,False,okhttp3/OkHttpClient.java,com.prompt.ma.maapplicationfinalAmul,50,500k-1M,CogniCrypt,Utilities,OkHttp
Second parameter was not properly generated as generatedTrustManagers,False,okhttp3/OkHttpClient.java,com.prompt.ma.maapplicationfinalAmul,50,500k-1M,CogniCrypt,Utilities,OkHttp
Third parameter was not properly generated as randomized,False,okhttp3/OkHttpClient.java,com.prompt.ma.maapplicationfinalAmul,50,500k-1M,CogniCrypt,Utilities,OkHttp
First parameter was not properly generated as generatedKeyManagers,False,okhttp3/OkHttpClient.java,com.prompt.ma.maapplicationfinalAmul,50,500k-1M,CogniCrypt,Utilities,OkHttp
Second parameter was not properly generated as generatedTrustManagers,False,okhttp3/OkHttpClient.java,com.prompt.ma.maapplicationfinalAmul,50,500k-1M,CogniCrypt,Utilities,OkHttp
Third parameter was not properly generated as randomized,False,okhttp3/OkHttpClient.java,com.prompt.ma.maapplicationfinalAmul,50,500k-1M,CogniCrypt,Utilities,OkHttp
First parameter was not properly generated as generatedKeyManagers,False,okhttp3/OkHttpClient.java,com.prompt.ma.maapplicationfinalAmul,50,500k-1M,CogniCrypt,Utilities,OkHttp
"Constraint ""protocol in {TLSv1.2, TLSv1.3}"" on object $r1 is violated due to the following reason:\n|- First parameter ""varReplacer15819"" with value ""SSL"" should be any of {TLSv1.2, TLSv1.3} (extracted @ varReplacer15819 = ""SSL"" @ line 521)",True,com/prompt/ma/maapplicationfinalAmul/global/GlobalUtils.java,com.prompt.ma.maapplicationfinalAmul,50,500k-1M,CogniCrypt,developer_written,not_applicable
First parameter was not properly generated as generatedKeyManagers,False,com/prompt/ma/maapplicationfinalAmul/global/GlobalUtils.java,com.prompt.ma.maapplicationfinalAmul,50,500k-1M,CogniCrypt,developer_written,not_applicable
First parameter was not properly generated as generatedKeyManagers,False,okhttp3/OkHttpClient.java,com.prompt.ma.maapplicationfinalAmul,50,500k-1M,CogniCrypt,Utilities,OkHttp
First parameter was not properly generated as generatedKeyStore,False,okhttp3/internal/Util.java,com.prompt.ma.maapplicationfinalAmul,50,500k-1M,CogniCrypt,Utilities,OkHttp
"Constraint ""protocol in {TLSv1.2, TLSv1.3}"" on object $r4 is violated due to the following reason:\n|- First parameter ""varReplacer16217"" with value ""TLS"" should be any of {TLSv1.2, TLSv1.3} (extracted @ varReplacer16217 = ""TLS"" @ line 274)",True,okhttp3/internal/platform/Platform.java,com.prompt.ma.maapplicationfinalAmul,50,500k-1M,CogniCrypt,Utilities,OkHttp
Third parameter was not properly generated as randomized,False,okhttp3/internal/platform/ConscryptPlatform.java,com.quantresearch.exam.ccrn,10,<100,CogniCrypt,Utilities,OkHttp
"Constraint ""algorithm in {SHA-256, SHA-384, SHA-512}"" on object $r2 is violated due to the following reason:\n|- First parameter ""varReplacer3885"" with value ""MD5"" should be any of {SHA-256, SHA-384, SHA-512} (extracted @ varReplacer3885 = ""MD5"" @ line 249)",True,com/facebook/appevents/AppEvent$Companion.java,com.quantresearch.exam.ccrn,10,<100,CogniCrypt,SocialMedia,Facebook-App-Links
"Constraint ""algorithm in {SHA-256, SHA-384, SHA-512}"" on object $r4 is violated due to the following reason:\n|- First parameter ""$r3"" with value ""MD5"" should be any of {SHA-256, SHA-384, SHA-512} (extracted @ varReplacer5559 = ""MD5"" @ line 145)\n|- First parameter ""$r3"" with value ""SHA-1"" should be any of {SHA-256, SHA-384, SHA-512} (extracted @ varReplacer3716 = ""SHA-1"" @ line 155)",True,com/facebook/internal/Utility.java,com.quantresearch.exam.ccrn,10,<100,CogniCrypt,SocialMedia,Facebook-App-Links
"Constraint ""algorithm in {SHA-256, SHA-384, SHA-512}"" on object $r5 is violated due to the following reason:\n|- First parameter ""varReplacer5994"" with value ""MD5"" should be any of {SHA-256, SHA-384, SHA-512} (extracted @ varReplacer5994 = ""MD5"" @ line 38)",True,com/facebook/appevents/internal/HashUtils.java,com.quantresearch.exam.ccrn,10,<100,CogniCrypt,SocialMedia,Facebook-App-Links
"Constraint ""protocol in {TLSv1.2, TLSv1.3}"" on object $r1 is violated due to the following reason:\n|- First parameter ""varReplacer10224"" with value ""TLS"" should be any of {TLSv1.2, TLSv1.3} (extracted @ varReplacer10224 = ""TLS"" @ line 38)",True,okhttp3/internal/platform/BouncyCastlePlatform.java,com.quantresearch.exam.ccrn,10,<100,CogniCrypt,Utilities,OkHttp
"Constraint ""algorithm in {SHA-256, SHA-384, SHA-512}"" on object $r8 is violated due to the following reason:\n|- First parameter ""varReplacer5954"" with value ""SHA1"" should be any of {SHA-256, SHA-384, SHA-512} (extracted @ varReplacer5954 = ""SHA1"" @ line 27)",True,com/facebook/internal/security/CertificateUtil.java,com.quantresearch.exam.ccrn,10,<100,CogniCrypt,SocialMedia,Facebook-App-Links
Second parameter was not properly generated as generatedTrustManagers,True,okhttp3/internal/platform/Platform.java,com.quantresearch.exam.ccrn,10,<100,CogniCrypt,Utilities,OkHttp
Second parameter was not properly generated as generatedTrustManagers,True,okhttp3/internal/platform/Platform.java,com.quantresearch.exam.ccrn,10,<100,CogniCrypt,Utilities,OkHttp
Second parameter was not properly generated as generatedTrustManagers,True,okhttp3/internal/platform/Platform.java,com.quantresearch.exam.ccrn,10,<100,CogniCrypt,Utilities,OkHttp
Second parameter was not properly generated as generatedTrustManagers,True,okhttp3/internal/platform/Platform.java,com.quantresearch.exam.ccrn,10,<100,CogniCrypt,Utilities,OkHttp
Third parameter was not properly generated as randomized,False,okhttp3/internal/platform/Platform.java,com.quantresearch.exam.ccrn,10,<100,CogniCrypt,Utilities,OkHttp
First parameter was not properly generated as generatedKeyManagers,False,okhttp3/internal/platform/Platform.java,com.quantresearch.exam.ccrn,10,<100,CogniCrypt,Utilities,OkHttp
First parameter was not properly generated as generatedKeyManagers,False,okhttp3/internal/platform/Platform.java,com.quantresearch.exam.ccrn,10,<100,CogniCrypt,Utilities,OkHttp
First parameter was not properly generated as generatedKeyManagers,False,okhttp3/internal/platform/Platform.java,com.quantresearch.exam.ccrn,10,<100,CogniCrypt,Utilities,OkHttp
First parameter was not properly generated as generatedKeyStore,False,okhttp3/internal/platform/BouncyCastlePlatform.java,com.quantresearch.exam.ccrn,10,<100,CogniCrypt,Utilities,OkHttp
Third parameter was not properly generated as randomized,False,okhttp3/internal/platform/Platform.java,com.quantresearch.exam.ccrn,10,<100,CogniCrypt,Utilities,OkHttp
Third parameter was not properly generated as randomized,False,okhttp3/internal/platform/Platform.java,com.quantresearch.exam.ccrn,10,<100,CogniCrypt,Utilities,OkHttp
Second parameter was not properly generated as generatedTrustManagers,True,okhttp3/internal/platform/ConscryptPlatform.java,com.quantresearch.exam.ccrn,10,<100,CogniCrypt,Utilities,OkHttp
"Constraint ""protocol in {TLSv1.2, TLSv1.3}"" on object $r1 is violated due to the following reason:\n|- First parameter ""varReplacer10218"" with value ""TLS"" should be any of {TLSv1.2, TLSv1.3} (extracted @ varReplacer10218 = ""TLS"" @ line 44)",True,okhttp3/internal/platform/ConscryptPlatform.java,com.quantresearch.exam.ccrn,10,<100,CogniCrypt,Utilities,OkHttp
First parameter was not properly generated as generatedKeyStore,False,okhttp3/internal/platform/ConscryptPlatform.java,com.quantresearch.exam.ccrn,10,<100,CogniCrypt,Utilities,OkHttp
First parameter was not properly generated as generatedKeyManagers,False,okhttp3/internal/platform/Platform.java,com.quantresearch.exam.ccrn,10,<100,CogniCrypt,Utilities,OkHttp
First parameter was not properly generated as generatedKeyManagers,False,okhttp3/internal/platform/ConscryptPlatform.java,com.quantresearch.exam.ccrn,10,<100,CogniCrypt,Utilities,OkHttp
First parameter was not properly generated as generatedKeyStore,False,okhttp3/internal/platform/Platform.java,com.quantresearch.exam.ccrn,10,<100,CogniCrypt,Utilities,OkHttp
Third parameter was not properly generated as randomized,False,okhttp3/internal/platform/Platform.java,com.quantresearch.exam.ccrn,10,<100,CogniCrypt,Utilities,OkHttp
"Constraint ""protocol in {TLSv1.2, TLSv1.3}"" on object $r1 is violated due to the following reason:\n|- First parameter ""varReplacer10220"" with value ""TLS"" should be any of {TLSv1.2, TLSv1.3} (extracted @ varReplacer10220 = ""TLS"" @ line 75)",True,okhttp3/internal/platform/Platform.java,com.quantresearch.exam.ccrn,10,<100,CogniCrypt,Utilities,OkHttp
First parameter was not properly generated as generatedKeyStore,False,okhttp3/internal/platform/OpenJSSEPlatform.java,com.quantresearch.exam.ccrn,10,<100,CogniCrypt,Utilities,OkHttp
First parameter was not properly generated as generatedKeyManagers,False,okhttp3/internal/platform/Platform.java,com.rewardstyle.liketoknowit,10640,1M-5M,CogniCrypt,Utilities,OkHttp
Third parameter was not properly generated as randomized,False,okhttp3/internal/platform/Platform.java,com.rewardstyle.liketoknowit,10640,1M-5M,CogniCrypt,Utilities,OkHttp
Second parameter was not properly generated as generatedTrustManagers,True,okhttp3/internal/platform/Platform.java,com.rewardstyle.liketoknowit,10640,1M-5M,CogniCrypt,Utilities,OkHttp
Second parameter was not properly generated as generatedTrustManagers,True,okhttp3/internal/platform/Platform.java,com.rewardstyle.liketoknowit,10640,1M-5M,CogniCrypt,Utilities,OkHttp
Return value was not properly generated as generatedPubkey,False,com/pairip/licensecheck/ResponseValidator.java,com.rewardstyle.liketoknowit,10640,1M-5M,CogniCrypt,others,unknown
First parameter was not properly generated as preparedKeyMaterial,False,com/pairip/licensecheck/ResponseValidator.java,com.rewardstyle.liketoknowit,10640,1M-5M,CogniCrypt,others,unknown
"Constraint ""protocol in {TLSv1.2, TLSv1.3}"" on object $r1 is violated due to the following reason:\n|- First parameter ""varReplacer13890"" with value ""TLS"" should be any of {TLSv1.2, TLSv1.3} (extracted @ varReplacer13890 = ""TLS"" @ line 38)",True,okhttp3/internal/platform/BouncyCastlePlatform.java,com.rewardstyle.liketoknowit,10640,1M-5M,CogniCrypt,Utilities,OkHttp
"Constraint ""algorithm in {SHA-256, SHA-384, SHA-512}"" on object $r1 is violated due to the following reason:\n|- First parameter ""varReplacer5298"" with value ""MD5"" should be any of {SHA-256, SHA-384, SHA-512} (extracted @ varReplacer5298 = ""MD5"" @ line 1)",True,com/braze/support/StringUtils.java,com.rewardstyle.liketoknowit,10640,1M-5M,CogniCrypt,others,unknown
"Constraint ""algorithm in {SHA-256, SHA-384, SHA-512}"" on object $r3 is violated due to the following reason:\n|- First parameter ""$r1"" with value ""SHA-1"" should be any of {SHA-256, SHA-384, SHA-512} (extracted @ varReplacer14829 = ""SHA-1"" @ line 40)",True,com/zendesk/util/DigestUtils.java,com.rewardstyle.liketoknowit,10640,1M-5M,CogniCrypt,others,unknown
First parameter was not properly generated as generatedKeyStore,False,okhttp3/internal/platform/BouncyCastlePlatform.java,com.rewardstyle.liketoknowit,10640,1M-5M,CogniCrypt,Utilities,OkHttp
First parameter was not properly generated as speccedKey,False,com/pairip/licensecheck/ResponseValidator.java,com.rewardstyle.liketoknowit,10640,1M-5M,CogniCrypt,others,unknown
Second parameter was not properly generated as generatedTrustManagers,True,okhttp3/internal/platform/Platform.java,com.rewardstyle.liketoknowit,10640,1M-5M,CogniCrypt,Utilities,OkHttp
First parameter was not properly generated as generatedKeyManagers,False,okhttp3/internal/platform/Platform.java,com.rewardstyle.liketoknowit,10640,1M-5M,CogniCrypt,Utilities,OkHttp
Third parameter was not properly generated as randomized,False,okhttp3/internal/platform/Platform.java,com.rewardstyle.liketoknowit,10640,1M-5M,CogniCrypt,Utilities,OkHttp
Third parameter was not properly generated as randomized,False,okhttp3/internal/platform/Platform.java,com.rewardstyle.liketoknowit,10640,1M-5M,CogniCrypt,Utilities,OkHttp
First parameter was not properly generated as generatedKeyManagers,False,okhttp3/internal/platform/Platform.java,com.rewardstyle.liketoknowit,10640,1M-5M,CogniCrypt,Utilities,OkHttp
"Constraint ""protocol in {TLSv1.2, TLSv1.3}"" on object $r1 is violated due to the following reason:\n|- First parameter ""varReplacer13886"" with value ""TLS"" should be any of {TLSv1.2, TLSv1.3} (extracted @ varReplacer13886 = ""TLS"" @ line 75)",False,okhttp3/internal/platform/Platform.java,com.rewardstyle.liketoknowit,10640,1M-5M,CogniCrypt,Utilities,OkHttp
First parameter was not properly generated as generatedKeyStore,False,okhttp3/internal/platform/Platform.java,com.rewardstyle.liketoknowit,10640,1M-5M,CogniCrypt,Utilities,OkHttp
Second parameter was not properly generated as generatedTrustManagers,True,okhttp3/internal/platform/ConscryptPlatform.java,com.rewardstyle.liketoknowit,10640,1M-5M,CogniCrypt,Utilities,OkHttp
Third parameter was not properly generated as randomized,False,okhttp3/internal/platform/ConscryptPlatform.java,com.rewardstyle.liketoknowit,10640,1M-5M,CogniCrypt,Utilities,OkHttp
First parameter was not properly generated as generatedKeyManagers,False,okhttp3/internal/platform/ConscryptPlatform.java,com.rewardstyle.liketoknowit,10640,1M-5M,CogniCrypt,Utilities,OkHttp
"Constraint ""protocol in {TLSv1.2, TLSv1.3}"" on object $r1 is violated due to the following reason:\n|- First parameter ""varReplacer13884"" with value ""TLS"" should be any of {TLSv1.2, TLSv1.3} (extracted @ varReplacer13884 = ""TLS"" @ line 44)",True,okhttp3/internal/platform/ConscryptPlatform.java,com.rewardstyle.liketoknowit,10640,1M-5M,CogniCrypt,Utilities,OkHttp
First parameter was not properly generated as generatedKeyStore,False,okhttp3/internal/platform/ConscryptPlatform.java,com.rewardstyle.liketoknowit,10640,1M-5M,CogniCrypt,Utilities,OkHttp
First parameter was not properly generated as generatedKeyStore,False,okhttp3/internal/platform/OpenJSSEPlatform.java,com.rewardstyle.liketoknowit,10640,1M-5M,CogniCrypt,Utilities,OkHttp
Third parameter was not properly generated as randomized,False,okhttp3/internal/platform/Platform.java,com.rewardstyle.liketoknowit,10640,1M-5M,CogniCrypt,Utilities,OkHttp
Second parameter was not properly generated as generatedTrustManagers,True,okhttp3/internal/platform/Platform.java,com.rewardstyle.liketoknowit,10640,1M-5M,CogniCrypt,Utilities,OkHttp
First parameter was not properly generated as generatedPubkey,False,com/pairip/licensecheck/ResponseValidator.java,com.rewardstyle.liketoknowit,10640,1M-5M,CogniCrypt,others,unknown
First parameter was not properly generated as generatedKeyManagers,False,okhttp3/internal/platform/Platform.java,com.rewardstyle.liketoknowit,10640,1M-5M,CogniCrypt,Utilities,OkHttp
"Constraint ""algorithm in {SHA-256, SHA-384, SHA-512}"" on object $r7 is violated due to the following reason:\n|- First parameter ""varReplacer7682"" with value ""MD5"" should be any of {SHA-256, SHA-384, SHA-512} (extracted @ varReplacer7682 = ""MD5"" @ line 45)",True,com/google/android/gms/internal/ads/zzcgg.java,com.rms.mobile.number.locator.mobilecall.tracker.callerid.location,5,500k-1M,CogniCrypt,Android,com.google.android.gms::play-services-ads-base
"Constraint ""algorithm in {SHA-256, SHA-384, SHA-512}"" on object $r5 is violated due to the following reason:\n|- First parameter ""varReplacer8355"" with value ""MD5"" should be any of {SHA-256, SHA-384, SHA-512} (extracted @ varReplacer8355 = ""MD5"" @ line 8)",True,com/google/android/gms/internal/ads/zzcgg.java,com.rms.mobile.number.locator.mobilecall.tracker.callerid.location,5,500k-1M,CogniCrypt,Android,com.google.android.gms::play-services-ads-base
"Constraint ""algorithm in {SHA-256, SHA-384, SHA-512}"" on object $r5 is violated due to the following reason:\n|- First parameter ""$r0"" with value ""MD5"" should be any of {SHA-256, SHA-384, SHA-512} (extracted @ varReplacer2751 = ""MD5"" @ line 26)",True,com/google/android/gms/internal/ads/zzcdv.java,com.rmtheis.price.comparison.scanner,102,500k-1M,CogniCrypt,Utilities,Gson
"Constraint ""algorithm in {SHA-256, SHA-384, SHA-512}"" on object $r4 is violated due to the following reason:\n|- First parameter ""varReplacer7827"" with value ""MD5"" should be any of {SHA-256, SHA-384, SHA-512} (extracted @ varReplacer7827 = ""MD5"" @ line 8)",True,com/google/android/gms/internal/consent_sdk/zzcm.java,com.rmtheis.price.comparison.scanner,102,500k-1M,CogniCrypt,Utilities,Gson
"Constraint ""algorithm in {SHA-256, SHA-384, SHA-512}"" on object $r4 is violated due to the following reason:\n|- First parameter ""$r3"" with value ""SHA-1"" should be any of {SHA-256, SHA-384, SHA-512} (extracted @ varReplacer3496 = ""SHA-1"" @ line 277)\n|- First parameter ""$r3"" with value ""MD5"" should be any of {SHA-256, SHA-384, SHA-512} (extracted @ varReplacer5634 = ""MD5"" @ line 267)",True,com/facebook/internal/Utility.java,com.rsmnm.driver,26,<100,CogniCrypt,SocialMedia,Facebook-App-Links
"Constraint ""algorithm in {SHA-256, SHA-384, SHA-512}"" on object $r5 is violated due to the following reason:\n|- First parameter ""varReplacer6091"" with value ""MD5"" should be any of {SHA-256, SHA-384, SHA-512} (extracted @ varReplacer6091 = ""MD5"" @ line 38)",True,com/facebook/appevents/internal/HashUtils.java,com.rsmnm.driver,26,<100,CogniCrypt,SocialMedia,Facebook-App-Links
"Constraint ""algorithm in {SHA-256, SHA-384, SHA-512}"" on object $r8 is violated due to the following reason:\n|- First parameter ""varReplacer6052"" with value ""SHA1"" should be any of {SHA-256, SHA-384, SHA-512} (extracted @ varReplacer6052 = ""SHA1"" @ line 26)",True,com/facebook/internal/security/CertificateUtil.java,com.rsmnm.driver,26,<100,CogniCrypt,SocialMedia,Facebook-App-Links
"Constraint ""algorithm in {SHA-256, SHA-384, SHA-512}"" on object $r9 is violated due to the following reason:\n|- First parameter ""varReplacer7242"" with value ""SHA-1"" should be any of {SHA-256, SHA-384, SHA-512} (extracted @ varReplacer7242 = ""SHA-1"" @ line 25)",True,com/rsmnm/Utils/DeveloperHelper.java,com.rsmnm.driver,26,<100,CogniCrypt,developer_written,not_applicable
"Constraint ""algorithm in {SHA-256, SHA-384, SHA-512}"" on object $r9 is violated due to the following reason:\n|- First parameter ""varReplacer7249"" with value ""SHA"" should be any of {SHA-256, SHA-384, SHA-512} (extracted @ varReplacer7249 = ""SHA"" @ line 33)",True,com/rsmnm/Utils/DeveloperHelper.java,com.rsmnm.driver,26,<100,CogniCrypt,developer_written,not_applicable
"Constraint ""algorithm in {SHA-256, SHA-384, SHA-512}"" on object $r9 is violated due to the following reason:\n|- First parameter ""varReplacer7246"" with value ""MD5"" should be any of {SHA-256, SHA-384, SHA-512} (extracted @ varReplacer7246 = ""MD5"" @ line 29)",True,com/rsmnm/Utils/DeveloperHelper.java,com.rsmnm.driver,26,<100,CogniCrypt,developer_written,not_applicable
"Constraint ""algorithm in {SHA-256, SHA-384, SHA-512}"" on object $r3 is violated due to the following reason:\n|- First parameter ""varReplacer9013"" with value ""SHA-1"" should be any of {SHA-256, SHA-384, SHA-512} (extracted @ varReplacer9013 = ""SHA-1"" @ line 90)",True,com/stripe/android/StripeTextUtils.java,com.rsmnm.driver,26,<100,CogniCrypt,others,unknown
"Constraint ""algorithm in {SHA-256, SHA-384, SHA-512}"" on object $r2 is violated due to the following reason:\n|- First parameter ""varReplacer3654"" with value ""MD5"" should be any of {SHA-256, SHA-384, SHA-512} (extracted @ varReplacer3654 = ""MD5"" @ line 252)",True,com/facebook/appevents/AppEvent$Companion.java,com.rsmnm.driver,26,<100,CogniCrypt,SocialMedia,Facebook-App-Links
Third parameter was not properly generated as randomized,False,okhttp3/OkHttpClient.java,com.rtve.mas24,87,500k-1M,CogniCrypt,Utilities,OkHttp
"Constraint ""alg(transformation) in {AES} => mode(transformation) in {GCM, CTR, CTS, CFB, OFB}"" on object $r6 is violated due to the following reason:\n|- Constraint ""alg(transformation) in {AES} => mode(transformation) in {GCM, CTR, CTS, CFB, OFB}"" evaluates to <false>:\n\t|- The left side ""alg(transformation) in {AES}"" evaluates to <true>:\n\t\t|- First parameter ""varReplacer13076"" (transformation) with value ""AES/CBC/PKCS7Padding"" satisfies the constraint in class com.rtve.ztnr.encrypt.BlowFishEncrypt @ $r6 = getInstance(varReplacer13076) @ line 25\n\t|- The right side ""mode(transformation) in {GCM, CTR, CTS, CFB, OFB}"" evaluates to <false>:\n\t\t|- First parameter ""varReplacer13076"" (transformation) with value ""AES/CBC/PKCS7Padding"" violates the constraint in class com.rtve.ztnr.encrypt.BlowFishEncrypt @ $r6 = getInstance(varReplacer13076) @ line 25",True,com/rtve/ztnr/encrypt/BlowFishEncrypt.java,com.rtve.mas24,87,500k-1M,CogniCrypt,developer_written,not_applicable
First parameter was not properly generated as randomized,True,com/rtve/ztnr/encrypt/BlowFishEncrypt.java,com.rtve.mas24,87,500k-1M,CogniCrypt,developer_written,not_applicable
"Constraint ""algorithm in {SHA-256, SHA-384, SHA-512}"" on object $r1 is violated due to the following reason:\n|- First parameter ""varReplacer15062"" with value ""SHA-1"" should be any of {SHA-256, SHA-384, SHA-512} (extracted @ varReplacer15062 = ""SHA-1"" @ line 199)",True,com/squareup/okhttp/internal/Util.java,com.rtve.mas24,87,500k-1M,CogniCrypt,Utilities,OkHttp
Second parameter was not properly generated as generatedTrustManagers,False,okhttp3/OkHttpClient.java,com.rtve.mas24,87,500k-1M,CogniCrypt,Utilities,OkHttp
Second parameter was not properly generated as generatedTrustManagers,False,okhttp3/OkHttpClient.java,com.rtve.mas24,87,500k-1M,CogniCrypt,Utilities,OkHttp
First parameter was not properly generated as generatedKeyStore,False,okhttp3/internal/Util.java,com.rtve.mas24,87,500k-1M,CogniCrypt,Utilities,OkHttp
First parameter was not properly generated as generatedKeyManagers,False,okhttp3/OkHttpClient.java,com.rtve.mas24,87,500k-1M,CogniCrypt,Utilities,OkHttp
Second parameter parameter was not properly generated as generatedPubkey OR generatedPrivkey OR generatedKey,True,com/rtve/ztnr/encrypt/BlowFishEncrypt.java,com.rtve.mas24,87,500k-1M,CogniCrypt,developer_written,not_applicable
Third parameter was not properly generated as randomized,False,okhttp3/OkHttpClient.java,com.rtve.mas24,87,500k-1M,CogniCrypt,Utilities,OkHttp
Second parameter was not properly generated as generatedTrustManagers,False,okhttp3/OkHttpClient.java,com.rtve.mas24,87,500k-1M,CogniCrypt,Utilities,OkHttp
First parameter was not properly generated as generatedKeyManagers,False,okhttp3/OkHttpClient.java,com.rtve.mas24,87,500k-1M,CogniCrypt,Utilities,OkHttp
Third parameter was not properly generated as randomized,False,okhttp3/OkHttpClient.java,com.rtve.mas24,87,500k-1M,CogniCrypt,Utilities,OkHttp
Second parameter was not properly generated as generatedTrustManagers,False,okhttp3/OkHttpClient.java,com.rtve.mas24,87,500k-1M,CogniCrypt,Utilities,OkHttp
First parameter was not properly generated as generatedKeyManagers,False,okhttp3/OkHttpClient.java,com.rtve.mas24,87,500k-1M,CogniCrypt,Utilities,OkHttp
Second parameter was not properly generated as generatedTrustManagers,False,okhttp3/OkHttpClient.java,com.rtve.mas24,87,500k-1M,CogniCrypt,Utilities,OkHttp
"Constraint ""algorithm in {SHA-256, SHA-384, SHA-512}"" on object $r4 is violated due to the following reason:\n|- First parameter ""varReplacer12531"" with value ""MD5"" should be any of {SHA-256, SHA-384, SHA-512} (extracted @ varReplacer12531 = ""MD5"" @ line 208)",True,st/lowlevel/storo/SimpleDiskCache.java,com.rtve.mas24,87,500k-1M,CogniCrypt,others,unknown
First parameter was not properly generated as generatedKeyManagers,False,okhttp3/OkHttpClient.java,com.rtve.mas24,87,500k-1M,CogniCrypt,Utilities,OkHttp
"Constraint ""algorithm in {SHA-256, SHA-384, SHA-512}"" on object $r1 is violated due to the following reason:\n|- First parameter ""varReplacer2114"" with value ""MD5"" should be any of {SHA-256, SHA-384, SHA-512} (extracted @ varReplacer2114 = ""MD5"" @ line 280)",True,com/facebook/appevents/AppEvent.java,com.rtve.mas24,87,500k-1M,CogniCrypt,SocialMedia,Facebook-Sharing
Third parameter was not properly generated as randomized,False,okhttp3/OkHttpClient.java,com.rtve.mas24,87,500k-1M,CogniCrypt,Utilities,OkHttp
Third parameter was not properly generated as randomized,False,okhttp3/OkHttpClient.java,com.rtve.mas24,87,500k-1M,CogniCrypt,Utilities,OkHttp
"Constraint ""protocol in {TLSv1.2, TLSv1.3}"" on object $r3 is violated due to the following reason:\n|- First parameter ""varReplacer3721"" with value ""TLS"" should be any of {TLSv1.2, TLSv1.3} (extracted @ varReplacer3721 = ""TLS"" @ line 417)",True,okhttp3/internal/platform/AndroidPlatform.java,com.rtve.mas24,87,500k-1M,CogniCrypt,Utilities,OkHttp
"Constraint ""protocol in {TLSv1.2, TLSv1.3}"" on object $r2 is violated due to the following reason:\n|- First parameter ""varReplacer3723"" with value ""TLS"" should be any of {TLSv1.2, TLSv1.3} (extracted @ varReplacer3723 = ""TLS"" @ line 296)",True,okhttp3/internal/platform/Platform.java,com.rtve.mas24,87,500k-1M,CogniCrypt,Utilities,OkHttp
"Constraint ""protocol in {TLSv1.2, TLSv1.3}"" on object $r3 is violated due to the following reason:\n|- First parameter ""varReplacer3726"" with value ""TLS"" should be any of {TLSv1.2, TLSv1.3} (extracted @ varReplacer3726 = ""TLS"" @ line 97)",True,okhttp3/internal/platform/ConscryptPlatform.java,com.rtve.mas24,87,500k-1M,CogniCrypt,Utilities,OkHttp
"Constraint ""algorithm in {SHA-256, SHA-384, SHA-512}"" on object $r1 is violated due to the following reason:\n|- First parameter ""varReplacer7411"" with value ""MD5"" should be any of {SHA-256, SHA-384, SHA-512} (extracted @ varReplacer7411 = ""MD5"" @ line 293)",True,com/adobe/mobile/RemoteDownload.java,com.rtve.mas24,87,500k-1M,CogniCrypt,others,unknown
First parameter was not properly generated as generatedKeyManagers,False,okhttp3/OkHttpClient.java,com.rtve.mas24,87,500k-1M,CogniCrypt,Utilities,OkHttp
Third parameter was not properly generated as randomized,False,com/squareup/okhttp/OkHttpClient.java,com.rtve.mas24,87,500k-1M,CogniCrypt,Utilities,OkHttp
Second parameter was not properly generated as generatedTrustManagers,False,com/squareup/okhttp/OkHttpClient.java,com.rtve.mas24,87,500k-1M,CogniCrypt,Utilities,OkHttp
First parameter was not properly generated as generatedKeyManagers,False,com/squareup/okhttp/OkHttpClient.java,com.rtve.mas24,87,500k-1M,CogniCrypt,Utilities,OkHttp
Second parameter was not properly generated as generatedCipher,True,com/rtve/ztnr/encrypt/BlowFishEncrypt.java,com.rtve.mas24,87,500k-1M,CogniCrypt,developer_written,not_applicable
First parameter was not properly generated as preparedKeyMaterial,True,com/rtve/ztnr/encrypt/BlowFishEncrypt.java,com.rtve.mas24,87,500k-1M,CogniCrypt,developer_written,not_applicable
"Constraint ""protocol in {TLSv1.2, TLSv1.3}"" on object $r3 is violated due to the following reason:\n|- First parameter ""varReplacer8538"" with value ""TLS"" should be any of {TLSv1.2, TLSv1.3} (extracted @ varReplacer8538 = ""TLS"" @ line 629)",True,com/squareup/okhttp/OkHttpClient.java,com.rtve.mas24,87,500k-1M,CogniCrypt,Utilities,OkHttp
"Constraint ""algorithm in {SHA-256, SHA-384, SHA-512}"" on object $r4 is violated due to the following reason:\n|- First parameter ""varReplacer4909"" with value ""MD5"" should be any of {SHA-256, SHA-384, SHA-512} (extracted @ varReplacer4909 = ""MD5"" @ line 8)",True,com/google/android/gms/internal/consent_sdk/zzcm.java,com.rvappstudios.flashlight,209,>5M,CogniCrypt,Utilities,Guava
"Constraint ""algorithm in {SHA-256, SHA-384, SHA-512}"" on object $r5 is violated due to the following reason:\n|- First parameter ""$r0"" with value ""MD5"" should be any of {SHA-256, SHA-384, SHA-512} (extracted @ varReplacer4667 = ""MD5"" @ line 26)",True,com/google/android/gms/ads/internal/util/client/zzf.java,com.rvappstudios.flashlight,209,>5M,CogniCrypt,Utilities,Guava
"Constraint ""algorithm in {SHA-256, SHA-384, SHA-512}"" on object $r7 is violated due to the following reason:\n|- First parameter ""varReplacer1735"" with value ""MD5"" should be any of {SHA-256, SHA-384, SHA-512} (extracted @ varReplacer1735 = ""MD5"" @ line 45)",True,com/google/android/gms/ads/internal/util/client/zzf.java,com.rvappstudios.flashlight,209,>5M,CogniCrypt,Utilities,Guava
"Constraint ""algorithm in {SHA-256, SHA-384, SHA-512}"" on object $r5 is violated due to the following reason:\n|- First parameter ""varReplacer5693"" with value ""MD5"" should be any of {SHA-256, SHA-384, SHA-512} (extracted @ varReplacer5693 = ""MD5"" @ line 1)",True,com/google/android/gms/internal/consent_sdk/zzcn.java,com.sadanimewallpaper.masmasstudio,6,1k-5k,CogniCrypt,Utilities,Guava
"Constraint ""algorithm in {SHA-256, SHA-384, SHA-512}"" on object $r6 is violated due to the following reason:\n|- First parameter ""$r0"" with value ""MD5"" should be any of {SHA-256, SHA-384, SHA-512} (extracted @ varReplacer3890 = ""MD5"" @ line 3)",True,com/google/android/gms/internal/ads/zzbzm.java,com.sadanimewallpaper.masmasstudio,6,1k-5k,CogniCrypt,Utilities,Guava
"Constraint ""algorithm in {SHA-256, SHA-384, SHA-512}"" on object $r7 is violated due to the following reason:\n|- First parameter ""varReplacer1713"" with value ""MD5"" should be any of {SHA-256, SHA-384, SHA-512} (extracted @ varReplacer1713 = ""MD5"" @ line 4)",True,com/google/android/gms/internal/ads/zzbzm.java,com.sadanimewallpaper.masmasstudio,6,1k-5k,CogniCrypt,Utilities,Guava
"Constraint ""algorithm in {SHA-256, SHA-384, SHA-512}"" on object $r7 is violated due to the following reason:\n|- First parameter ""varReplacer2481"" with value ""MD5"" should be any of {SHA-256, SHA-384, SHA-512} (extracted @ varReplacer2481 = ""MD5"" @ line 4)",True,com/google/android/gms/internal/ads/zzcfb.java,com.sanaedutech.accounts_auditing,234,1k-5k,CogniCrypt,Utilities,Guava
"Constraint ""algorithm in {SHA-256, SHA-384, SHA-512}"" on object $r5 is violated due to the following reason:\n|- First parameter ""varReplacer3298"" with value ""MD5"" should be any of {SHA-256, SHA-384, SHA-512} (extracted @ varReplacer3298 = ""MD5"" @ line 1)",True,com/google/android/gms/internal/ads/zzcfb.java,com.sanaedutech.accounts_auditing,234,1k-5k,CogniCrypt,Utilities,Guava
First parameter was not properly generated as generatedKeyStore,False,okhttp3/OkHttpClient.java,com.schoolmatenuvo.pierrepaul,100,<100,CogniCrypt,Utilities,OkHttp
"Constraint ""protocol in {TLSv1.2, TLSv1.3}"" on object $r2 is violated due to the following reason:\n|- First parameter ""varReplacer8720"" with value ""TLS"" should be any of {TLSv1.2, TLSv1.3} (extracted @ varReplacer8720 = ""TLS"" @ line 269)",True,okhttp3/internal/platform/Platform.java,com.schoolmatenuvo.pierrepaul,100,<100,CogniCrypt,Utilities,OkHttp
Third parameter was not properly generated as randomized,False,okhttp3/OkHttpClient.java,com.schoolmatenuvo.pierrepaul,100,<100,CogniCrypt,Utilities,OkHttp
Second parameter was not properly generated as generatedTrustManagers,False,okhttp3/OkHttpClient.java,com.schoolmatenuvo.pierrepaul,100,<100,CogniCrypt,Utilities,OkHttp
Second parameter was not properly generated as generatedTrustManagers,False,okhttp3/OkHttpClient.java,com.schoolmatenuvo.pierrepaul,100,<100,CogniCrypt,Utilities,OkHttp
First parameter was not properly generated as generatedKeyManagers,False,okhttp3/OkHttpClient.java,com.schoolmatenuvo.pierrepaul,100,<100,CogniCrypt,Utilities,OkHttp
Third parameter was not properly generated as randomized,False,okhttp3/OkHttpClient.java,com.schoolmatenuvo.pierrepaul,100,<100,CogniCrypt,Utilities,OkHttp
First parameter was not properly generated as preparedKeyMaterial,True,com/atom/ipg/data/security/SecureCardData.java,com.schoolmatenuvo.pierrepaul,100,<100,CogniCrypt,others,unknown
"Constraint ""neverTypeOf[keyMaterial, java.lang.String]"" on object $r1 is violated due to the following reason:First parameter @ $r1.<init>($r4,varReplacer11159) should never be of type java.lang.String",False,com/atom/ipg/data/security/SecureCardData.java,com.schoolmatenuvo.pierrepaul,100,<100,CogniCrypt,others,unknown
"Constraint ""instanceOf[key, javax.crypto.SecretKey] => alg(transformation) in {AES, PBEWithHmacSHA224AndAES_128, PBEWithHmacSHA256AndAES_128, PBEWithHmacSHA384AndAES_128, PBEWithHmacSHA512AndAES_128, PBEWithHmacSHA224AndAES_256, PBEWithHmacSHA256AndAES_256, PBEWithHmacSHA384AndAES_256, PBEWithHmacSHA512AndAES_256}"" on object $r5 is violated due to the following reason:\n|- Constraint ""instanceOf[key, javax.crypto.SecretKey] => alg(transformation) in {AES, PBEWithHmacSHA224AndAES_128, PBEWithHmacSHA256AndAES_128, PBEWithHmacSHA384AndAES_128, PBEWithHmacSHA512AndAES_128, PBEWithHmacSHA224AndAES_256, PBEWithHmacSHA256AndAES_256, PBEWithHmacSHA384AndAES_256, PBEWithHmacSHA512AndAES_256}"" evaluates to <false>:\n\t|- The left side ""instanceOf[key, javax.crypto.SecretKey]"" evaluates to <true>:\n\t\t|- Second parameter @ $r5.init(varReplacer11161,$r1) is not an instance of class javax.crypto.SecretKey\n\t|- The right side ""alg(transformation) in {AES, PBEWithHmacSHA224AndAES_128, PBEWithHmacSHA256AndAES_128, PBEWithHmacSHA384AndAES_128, PBEWithHmacSHA512AndAES_128, PBEWithHmacSHA224AndAES_256, PBEWithHmacSHA256AndAES_256, PBEWithHmacSHA384AndAES_256, PBEWithHmacSHA512AndAES_256}"" evaluates to <false>:\n\t\t|- First parameter ""varReplacer11160"" (transformation) with value ""DES"" violates the constraint in class com.atom.ipg.data.security.SecureCardData @ $r5 = getInstance(varReplacer11160) @ line 24",True,com/atom/ipg/data/security/SecureCardData.java,com.schoolmatenuvo.pierrepaul,100,<100,CogniCrypt,others,unknown
"Constraint ""keyAlgorithm in {AES, HmacSHA256, HmacSHA384, HmacSHA512}"" on object $r1 is violated due to the following reason:\n|- Second parameter ""varReplacer11159"" with value ""DES"" should be any of {AES, HmacSHA256, HmacSHA384, HmacSHA512} (extracted @ varReplacer11159 = ""DES"" @ line 23)",True,com/atom/ipg/data/security/SecureCardData.java,com.schoolmatenuvo.pierrepaul,100,<100,CogniCrypt,others,unknown
Second parameter parameter was not properly generated as generatedKey OR generatedPubkey OR generatedPrivkey,True,com/atom/ipg/data/security/SecureCardData.java,com.schoolmatenuvo.pierrepaul,100,<100,CogniCrypt,others,unknown
"Constraint ""protocol in {TLSv1.2, TLSv1.3}"" on object $r12 is violated due to the following reason:\n|- First parameter ""varReplacer7967"" with value ""SSL"" should be any of {TLSv1.2, TLSv1.3} (extracted @ varReplacer7967 = ""SSL"" @ line 382)",True,com/schoolmatenuvo/pierrepaul/activity/OtherTermFeeActivity$DownloadTask.java,com.schoolmatenuvo.pierrepaul,100,<100,CogniCrypt,developer_written,not_applicable
First parameter was not properly generated as generatedKeyManagers,False,okhttp3/OkHttpClient.java,com.schoolmatenuvo.pierrepaul,100,<100,CogniCrypt,Utilities,OkHttp
"Constraint ""protocol in {TLSv1.2, TLSv1.3}"" on object $r2 is violated due to the following reason:\n|- First parameter ""varReplacer8722"" with value ""TLS"" should be any of {TLSv1.2, TLSv1.3} (extracted @ varReplacer8722 = ""TLS"" @ line 91)",True,okhttp3/internal/platform/ConscryptPlatform.java,com.schoolmatenuvo.pierrepaul,100,<100,CogniCrypt,Utilities,OkHttp
First parameter was not properly generated as preparedKeyMaterial,True,com/sejood/elsahw/k.java,com.sejood.elsahw,1005,1k-5k,CogniCrypt,developer_written,not_applicable
"Constraint ""algorithm in {HmacSHA256, HmacSHA384, HmacSHA512, HmacPBESHA1, PBEWithHmacSHA1, PBEWithHmacSHA224, PBEWithHmacSHA256, PBEWithHmacSHA384, PBEWithHmacSHA512}"" on object $r5 is violated due to the following reason:\n|- First parameter ""varReplacer2826"" with value ""HmacSHA1"" should be any of {HmacSHA256, HmacSHA384, HmacSHA512, HmacPBESHA1, PBEWithHmacSHA1, PBEWithHmacSHA224, PBEWithHmacSHA256, PBEWithHmacSHA384, PBEWithHmacSHA512} (extracted @ varReplacer2826 = ""HmacSHA1"" @ line -1)",True,com/sejood/elsahw/k.java,com.sejood.elsahw,1005,1k-5k,CogniCrypt,developer_written,not_applicable
"Constraint ""keyAlgorithm in {AES, HmacSHA256, HmacSHA384, HmacSHA512}"" on object $r0 is violated due to the following reason:\n|- Second parameter ""varReplacer2825"" with value ""HmacSHA1"" should be any of {AES, HmacSHA256, HmacSHA384, HmacSHA512} (extracted @ varReplacer2825 = ""HmacSHA1"" @ line -1)",True,com/sejood/elsahw/k.java,com.sejood.elsahw,1005,1k-5k,CogniCrypt,developer_written,not_applicable
"Constraint ""algorithm in {SHA-256, SHA-384, SHA-512}"" on object $r7 is violated due to the following reason:\n|- First parameter ""varReplacer5949"" with value ""MD5"" should be any of {SHA-256, SHA-384, SHA-512} (extracted @ varReplacer5949 = ""MD5"" @ line -1)",True,com/google/android/gms/internal/ads/zzazt.java,com.sejood.elsahw,1005,1k-5k,CogniCrypt,Android,com.google.android.ads.consent::consent-library
First parameter was not properly generated as generatedKey,True,com/sejood/elsahw/k.java,com.sejood.elsahw,1005,1k-5k,CogniCrypt,developer_written,not_applicable
"Constraint ""algorithm in {SHA-256, SHA-384, SHA-512}"" on object $r5 is violated due to the following reason:\n|- First parameter ""varReplacer5119"" with value ""MD5"" should be any of {SHA-256, SHA-384, SHA-512} (extracted @ varReplacer5119 = ""MD5"" @ line -1)",True,com/google/ads/consent/ConsentInformation.java,com.sejood.elsahw,1005,1k-5k,CogniCrypt,Android,com.google.android.ads.consent::consent-library
"Constraint ""algorithm in {SHA-256, SHA-384, SHA-512}"" on object $r6 is violated due to the following reason:\n|- First parameter ""$r0"" with value ""MD5"" should be any of {SHA-256, SHA-384, SHA-512} (extracted @ varReplacer2946 = ""MD5"" @ line 3)",True,com/google/android/gms/internal/ads/zzbyt.java,com.sensustech.acremotecontrol,14,>5M,CogniCrypt,Android,com.google.android.gms::play-services-ads-base
Return value was not properly generated as generatedPubkey,True,games/moisoni/google_iab/Security.java,com.sensustech.acremotecontrol,14,>5M,CogniCrypt,Android,comgoogleandroidgmsplayservicesgames
First parameter was not properly generated as generatedPubkey,True,games/moisoni/google_iab/Security.java,com.sensustech.acremotecontrol,14,>5M,CogniCrypt,Android,comgoogleandroidgmsplayservicesgames
"Constraint ""algorithm in {SHA-256, SHA-384, SHA-512}"" on object $r5 is violated due to the following reason:\n|- First parameter ""varReplacer3067"" with value ""MD5"" should be any of {SHA-256, SHA-384, SHA-512} (extracted @ varReplacer3067 = ""MD5"" @ line 1)",True,com/google/android/gms/internal/consent_sdk/zzcn.java,com.sensustech.acremotecontrol,14,>5M,CogniCrypt,Android,com.google.android.gms::play-services-ads-base
"Constraint ""algorithm in {SHA-256, SHA-384, SHA-512}"" on object $r7 is violated due to the following reason:\n|- First parameter ""varReplacer869"" with value ""MD5"" should be any of {SHA-256, SHA-384, SHA-512} (extracted @ varReplacer869 = ""MD5"" @ line 4)",True,com/google/android/gms/internal/ads/zzbyt.java,com.sensustech.acremotecontrol,14,>5M,CogniCrypt,Android,com.google.android.gms::play-services-ads-base
"Constraint ""algorithm in {SHA256withRSA, SHA256withECDSA, SHA256withDSA, SHA384withRSA, SHA512withRSA, SHA384withECDSA, SHA512withECDSA}"" on object $r7 is violated due to the following reason:\n|- First parameter ""varReplacer4121"" with value ""SHA1withRSA"" should be any of {SHA256withRSA, SHA256withECDSA, SHA256withDSA, SHA384withRSA, SHA512withRSA, SHA384withECDSA, SHA512withECDSA} (extracted @ varReplacer4121 = ""SHA1withRSA"" @ line 83)",True,games/moisoni/google_iab/Security.java,com.sensustech.acremotecontrol,14,>5M,CogniCrypt,Android,comgoogleandroidgmsplayservicesgames
First parameter was not properly generated as preparedKeyMaterial,True,games/moisoni/google_iab/Security.java,com.sensustech.acremotecontrol,14,>5M,CogniCrypt,Android,comgoogleandroidgmsplayservicesgames
First parameter was not properly generated as speccedKey,True,games/moisoni/google_iab/Security.java,com.sensustech.acremotecontrol,14,>5M,CogniCrypt,Android,comgoogleandroidgmsplayservicesgames
"Constraint ""protocol in {TLSv1.2, TLSv1.3}"" on object $r3 is violated due to the following reason:\n|- First parameter ""varReplacer3118"" with value ""TLS"" should be any of {TLSv1.2, TLSv1.3} (extracted @ varReplacer3118 = ""TLS"" @ line 445)",True,okhttp3/internal/platform/AndroidPlatform.java,com.service.madactylo,3,<100,CogniCrypt,Utilities,OkHttp
"Constraint ""protocol in {TLSv1.2, TLSv1.3}"" on object $r4 is violated due to the following reason:\n|- First parameter ""varReplacer3112"" with value ""TLS"" should be any of {TLSv1.2, TLSv1.3} (extracted @ varReplacer3112 = ""TLS"" @ line 274)",True,okhttp3/internal/platform/Platform.java,com.service.madactylo,3,<100,CogniCrypt,Utilities,OkHttp
"Constraint ""protocol in {TLSv1.2, TLSv1.3}"" on object $r3 is violated due to the following reason:\n|- First parameter ""varReplacer3115"" with value ""TLS"" should be any of {TLSv1.2, TLSv1.3} (extracted @ varReplacer3115 = ""TLS"" @ line 94)",True,okhttp3/internal/platform/ConscryptPlatform.java,com.service.madactylo,3,<100,CogniCrypt,Utilities,OkHttp
First parameter was not properly generated as generatedKeyStore,False,okhttp3/internal/Util.java,com.service.madactylo,3,<100,CogniCrypt,Utilities,OkHttp
Third parameter was not properly generated as randomized,False,okhttp3/OkHttpClient.java,com.service.madactylo,3,<100,CogniCrypt,Utilities,OkHttp
First parameter was not properly generated as generatedKeyManagers,False,okhttp3/OkHttpClient.java,com.service.madactylo,3,<100,CogniCrypt,Utilities,OkHttp
Second parameter was not properly generated as generatedTrustManagers,False,okhttp3/OkHttpClient.java,com.service.madactylo,3,<100,CogniCrypt,Utilities,OkHttp
Third parameter was not properly generated as randomized,False,okhttp3/OkHttpClient.java,com.service.madactylo,3,<100,CogniCrypt,Utilities,OkHttp
Second parameter was not properly generated as generatedTrustManagers,False,okhttp3/OkHttpClient.java,com.service.madactylo,3,<100,CogniCrypt,Utilities,OkHttp
First parameter was not properly generated as generatedKeyManagers,False,okhttp3/OkHttpClient.java,com.service.madactylo,3,<100,CogniCrypt,Utilities,OkHttp
Third parameter was not properly generated as randomized,False,okhttp3/OkHttpClient.java,com.service.madactylo,3,<100,CogniCrypt,Utilities,OkHttp
Second parameter was not properly generated as generatedTrustManagers,False,okhttp3/OkHttpClient.java,com.service.madactylo,3,<100,CogniCrypt,Utilities,OkHttp
First parameter was not properly generated as generatedKeyManagers,False,okhttp3/OkHttpClient.java,com.service.madactylo,3,<100,CogniCrypt,Utilities,OkHttp
First parameter was not properly generated as generatedKeyManagers,False,okhttp3/OkHttpClient.java,com.service.madactylo,3,<100,CogniCrypt,Utilities,OkHttp
Second parameter was not properly generated as generatedTrustManagers,False,okhttp3/OkHttpClient.java,com.service.madactylo,3,<100,CogniCrypt,Utilities,OkHttp
Third parameter was not properly generated as randomized,False,okhttp3/OkHttpClient.java,com.service.madactylo,3,<100,CogniCrypt,Utilities,OkHttp
Third parameter was not properly generated as randomized,False,okhttp3/OkHttpClient.java,com.service.madactylo,3,<100,CogniCrypt,Utilities,OkHttp
Second parameter was not properly generated as generatedTrustManagers,False,okhttp3/OkHttpClient.java,com.service.madactylo,3,<100,CogniCrypt,Utilities,OkHttp
First parameter was not properly generated as generatedKeyManagers,False,okhttp3/OkHttpClient.java,com.service.madactylo,3,<100,CogniCrypt,Utilities,OkHttp
First parameter was not properly generated as generatedKeyManagers,False,okhttp3/OkHttpClient.java,com.service.madactylo,3,<100,CogniCrypt,Utilities,OkHttp
Third parameter was not properly generated as randomized,False,okhttp3/OkHttpClient.java,com.service.madactylo,3,<100,CogniCrypt,Utilities,OkHttp
Second parameter was not properly generated as generatedTrustManagers,False,okhttp3/OkHttpClient.java,com.service.madactylo,3,<100,CogniCrypt,Utilities,OkHttp
First parameter was not properly generated as generatedPubkey,True,com/pairip/licensecheck3/ResponseValidator.java,com.sgk.eganna.in,59,>5M,CogniCrypt,obfuscated,obfuscated
Return value was not properly generated as generatedPubkey,True,com/pairip/licensecheck3/ResponseValidator.java,com.sgk.eganna.in,59,>5M,CogniCrypt,obfuscated,obfuscated
First parameter was not properly generated as speccedKey,True,com/pairip/licensecheck3/ResponseValidator.java,com.sgk.eganna.in,59,>5M,CogniCrypt,obfuscated,obfuscated
First parameter was not properly generated as preparedKeyMaterial,True,com/pairip/licensecheck3/ResponseValidator.java,com.sgk.eganna.in,59,>5M,CogniCrypt,obfuscated,obfuscated
Third parameter was not properly generated as randomized,False,okhttp3/OkHttpClient.java,com.shoutcast.stm.radiosupergospelpr,1,<100,CogniCrypt,Utilities,OkHttp
First parameter was not properly generated as generatedKeyStore,False,okhttp3/OkHttpClient.java,com.shoutcast.stm.radiosupergospelpr,1,<100,CogniCrypt,Utilities,OkHttp
Second parameter was not properly generated as generatedTrustManagers,False,okhttp3/OkHttpClient.java,com.shoutcast.stm.radiosupergospelpr,1,<100,CogniCrypt,Utilities,OkHttp
"Constraint ""protocol in {TLSv1.2, TLSv1.3}"" on object $r3 is violated due to the following reason:\n|- First parameter ""varReplacer2169"" with value ""TLS"" should be any of {TLSv1.2, TLSv1.3} (extracted @ varReplacer2169 = ""TLS"" @ line 288)",True,okhttp3/OkHttpClient.java,com.shoutcast.stm.radiosupergospelpr,1,<100,CogniCrypt,Utilities,OkHttp
First parameter was not properly generated as generatedKeyManagers,False,okhttp3/OkHttpClient.java,com.shoutcast.stm.radiosupergospelpr,1,<100,CogniCrypt,Utilities,OkHttp
Second parameter was not properly generated as generatedTrustManagers,True,org/jsoup/helper/HttpConnection$Response.java,com.shuvic.alumni.sungnamob,18,1k-5k,CogniCrypt,Utilities,jsoup
"Constraint ""protocol in {TLSv1.2, TLSv1.3}"" on object $r4 is violated due to the following reason:\n|- First parameter ""varReplacer2819"" with value ""SSL"" should be any of {TLSv1.2, TLSv1.3} (extracted @ varReplacer2819 = ""SSL"" @ line 831)",True,org/jsoup/helper/HttpConnection$Response.java,com.shuvic.alumni.sungnamob,18,1k-5k,CogniCrypt,Utilities,jsoup
First parameter was not properly generated as generatedKeyManagers,False,org/jsoup/helper/HttpConnection$Response.java,com.shuvic.alumni.sungnamob,18,1k-5k,CogniCrypt,Utilities,jsoup
"Constraint ""algorithm in {SHA-256, SHA-384, SHA-512}"" on object $r5 is violated due to the following reason:\n|- First parameter ""varReplacer3330"" with value ""SHA"" should be any of {SHA-256, SHA-384, SHA-512} (extracted @ varReplacer3330 = ""SHA"" @ line 165)",True,com/kakao/util/helper/Utility.java,com.shuvic.alumni.sungnamob,18,1k-5k,CogniCrypt,others,unknown
First parameter was not properly generated as generatedKeyManagers,False,okhttp3/OkHttpClient.java,com.siamtele.user,94,1k-5k,CogniCrypt,Utilities,OkHttp
Third parameter was not properly generated as randomized,False,okhttp3/OkHttpClient.java,com.siamtele.user,94,1k-5k,CogniCrypt,Utilities,OkHttp
"Constraint ""protocol in {TLSv1.2, TLSv1.3}"" on object $r0 is violated due to the following reason:\n|- First parameter ""varReplacer3643"" with value ""TLS"" should be any of {TLSv1.2, TLSv1.3} (extracted @ varReplacer3643 = ""TLS"" @ line 54)",True,org/apache/http/conn/ssl/SSLContexts.java,com.siamtele.user,94,1k-5k,CogniCrypt,Utilities,mapsforge
Second parameter was not properly generated as generatedTrustManagers,False,okhttp3/OkHttpClient.java,com.siamtele.user,94,1k-5k,CogniCrypt,Utilities,OkHttp
"Constraint ""protocol in {TLSv1.2, TLSv1.3}"" on object $r2 is violated due to the following reason:\n|- First parameter ""varReplacer4533"" with value ""TLS"" should be any of {TLSv1.2, TLSv1.3} (extracted @ varReplacer4533 = ""TLS"" @ line 91)",True,okhttp3/internal/platform/ConscryptPlatform.java,com.siamtele.user,94,1k-5k,CogniCrypt,Utilities,OkHttp
"Constraint ""protocol in {TLSv1.2, TLSv1.3}"" on object $r2 is violated due to the following reason:\n|- First parameter ""varReplacer4531"" with value ""TLS"" should be any of {TLSv1.2, TLSv1.3} (extracted @ varReplacer4531 = ""TLS"" @ line 269)",True,okhttp3/internal/platform/Platform.java,com.siamtele.user,94,1k-5k,CogniCrypt,Utilities,OkHttp
Third parameter was not properly generated as randomized,False,okhttp3/OkHttpClient.java,com.siamtele.user,94,1k-5k,CogniCrypt,Utilities,OkHttp
Third parameter was not properly generated as randomized,False,org/apache/http/conn/ssl/SSLContexts.java,com.siamtele.user,94,1k-5k,CogniCrypt,Utilities,mapsforge
Second parameter was not properly generated as generatedTrustManagers,False,org/apache/http/conn/ssl/SSLContexts.java,com.siamtele.user,94,1k-5k,CogniCrypt,Utilities,mapsforge
First parameter was not properly generated as generatedKeyStore,False,okhttp3/OkHttpClient.java,com.siamtele.user,94,1k-5k,CogniCrypt,Utilities,OkHttp
Second parameter was not properly generated as generatedTrustManagers,False,okhttp3/OkHttpClient.java,com.siamtele.user,94,1k-5k,CogniCrypt,Utilities,OkHttp
First parameter was not properly generated as generatedKeyManagers,False,okhttp3/OkHttpClient.java,com.siamtele.user,94,1k-5k,CogniCrypt,Utilities,OkHttp
First parameter was not properly generated as generatedKeyManagers,False,org/apache/http/conn/ssl/SSLContexts.java,com.siamtele.user,94,1k-5k,CogniCrypt,Utilities,mapsforge
Third parameter was not properly generated as randomized,False,gj/c.java,com.subsplash.thechurchapp.s_TP3JNC,2291,1k-5k,CogniCrypt,obfuscated,obfuscated
First parameter was not properly generated as generatedKeyManagers,False,gj/c.java,com.subsplash.thechurchapp.s_TP3JNC,2291,1k-5k,CogniCrypt,obfuscated,obfuscated
Second parameter was not properly generated as generatedTrustManagers,False,gj/c.java,com.subsplash.thechurchapp.s_TP3JNC,2291,1k-5k,CogniCrypt,obfuscated,obfuscated
"Constraint ""protocol in {TLSv1.2, TLSv1.3}"" on object $r2 is violated due to the following reason:\n|- First parameter ""varReplacer4399"" with value ""TLS"" should be any of {TLSv1.2, TLSv1.3} (extracted @ varReplacer4399 = ""TLS"" @ line -1)",True,d/e0/k/b.java,com.tagalog.opm.lovesongs,7,1k-5k,CogniCrypt,obfuscated,obfuscated
"Constraint ""protocol in {TLSv1.2, TLSv1.3}"" on object $r2 is violated due to the following reason:\n|- First parameter ""varReplacer4397"" with value ""TLS"" should be any of {TLSv1.2, TLSv1.3} (extracted @ varReplacer4397 = ""TLS"" @ line -1)",True,d/e0/k/f.java,com.tagalog.opm.lovesongs,7,1k-5k,CogniCrypt,obfuscated,obfuscated
Second parameter was not properly generated as generatedTrustManagers,False,d/v.java,com.tagalog.opm.lovesongs,7,1k-5k,CogniCrypt,obfuscated,obfuscated
Second parameter was not properly generated as generatedTrustManagers,False,d/v.java,com.tagalog.opm.lovesongs,7,1k-5k,CogniCrypt,obfuscated,obfuscated
Third parameter was not properly generated as randomized,False,d/v.java,com.tagalog.opm.lovesongs,7,1k-5k,CogniCrypt,obfuscated,obfuscated
First parameter was not properly generated as generatedKeyManagers,False,d/v.java,com.tagalog.opm.lovesongs,7,1k-5k,CogniCrypt,obfuscated,obfuscated
First parameter was not properly generated as generatedKeyManagers,False,d/v.java,com.tagalog.opm.lovesongs,7,1k-5k,CogniCrypt,obfuscated,obfuscated
Third parameter was not properly generated as randomized,False,d/v.java,com.tagalog.opm.lovesongs,7,1k-5k,CogniCrypt,obfuscated,obfuscated
First parameter was not properly generated as generatedKeyStore,False,d/v.java,com.tagalog.opm.lovesongs,7,1k-5k,CogniCrypt,obfuscated,obfuscated
"Constraint ""algorithm in {SHA-256, SHA-384, SHA-512}"" on object $r2 is violated due to the following reason:\n|- First parameter ""varReplacer2966"" with value ""SHA-1"" should be any of {SHA-256, SHA-384, SHA-512} (extracted @ varReplacer2966 = ""SHA-1"" @ line -1)",True,com/applovin/impl/sdk/utils/StringUtils.java,com.tagalog.opm.lovesongs,7,1k-5k,CogniCrypt,obfuscated,obfuscated
"Constraint ""algorithm in {SHA-256, SHA-384, SHA-512}"" on object $r1 is violated due to the following reason:\n|- First parameter ""varReplacer6768"" with value ""SHA-1"" should be any of {SHA-256, SHA-384, SHA-512} (extracted @ varReplacer6768 = ""SHA-1"" @ line -1)",True,com/applovin/impl/sdk/utils/l.java,com.tagalog.opm.lovesongs,7,1k-5k,CogniCrypt,obfuscated,obfuscated
Second parameter was not properly generated as generatedTrustManagers,True,zz/m.java,com.technogym.mywellness.indooraction,16,1k-5k,CogniCrypt,obfuscated,obfuscated
First parameter was not properly generated as generatedKeyManagers,False,zz/m.java,com.technogym.mywellness.indooraction,16,1k-5k,CogniCrypt,obfuscated,obfuscated
First parameter was not properly generated as generatedKeyManagers,False,zz/m.java,com.technogym.mywellness.indooraction,16,1k-5k,CogniCrypt,obfuscated,obfuscated
Third parameter was not properly generated as randomized,False,zz/m.java,com.technogym.mywellness.indooraction,16,1k-5k,CogniCrypt,obfuscated,obfuscated
Third parameter was not properly generated as randomized,False,zz/g.java,com.technogym.mywellness.indooraction,16,1k-5k,CogniCrypt,obfuscated,obfuscated
"Constraint ""algorithm in {SHA-256, SHA-384, SHA-512}"" on object $r1 is violated due to the following reason:\n|- First parameter ""varReplacer14768"" with value ""SHA"" should be any of {SHA-256, SHA-384, SHA-512} (extracted @ varReplacer14768 = ""SHA"" @ line 2)",True,vj/f.java,com.technogym.mywellness.indooraction,16,1k-5k,CogniCrypt,obfuscated,obfuscated
Second parameter was not properly generated as generatedTrustManagers,True,zz/m.java,com.technogym.mywellness.indooraction,16,1k-5k,CogniCrypt,obfuscated,obfuscated
First parameter was not properly generated as generatedKeyManagers,False,zz/m.java,com.technogym.mywellness.indooraction,16,1k-5k,CogniCrypt,obfuscated,obfuscated
Third parameter was not properly generated as randomized,False,zz/m.java,com.technogym.mywellness.indooraction,16,1k-5k,CogniCrypt,obfuscated,obfuscated
Third parameter was not properly generated as randomized,False,zz/m.java,com.technogym.mywellness.indooraction,16,1k-5k,CogniCrypt,obfuscated,obfuscated
First parameter was not properly generated as generatedKeyManagers,False,zz/m.java,com.technogym.mywellness.indooraction,16,1k-5k,CogniCrypt,obfuscated,obfuscated
"Constraint ""protocol in {TLSv1.2, TLSv1.3}"" on object $r1 is violated due to the following reason:\n|- First parameter ""varReplacer15645"" with value ""TLS"" should be any of {TLSv1.2, TLSv1.3} (extracted @ varReplacer15645 = ""TLS"" @ line 2)",True,zz/m.java,com.technogym.mywellness.indooraction,16,1k-5k,CogniCrypt,obfuscated,obfuscated
First parameter was not properly generated as generatedKeyStore,False,zz/m.java,com.technogym.mywellness.indooraction,16,1k-5k,CogniCrypt,obfuscated,obfuscated
First parameter was not properly generated as generatedKeyStore,False,zz/l.java,com.technogym.mywellness.indooraction,16,1k-5k,CogniCrypt,obfuscated,obfuscated
Third parameter was not properly generated as randomized,False,zz/m.java,com.technogym.mywellness.indooraction,16,1k-5k,CogniCrypt,obfuscated,obfuscated
Second parameter was not properly generated as generatedTrustManagers,True,zz/m.java,com.technogym.mywellness.indooraction,16,1k-5k,CogniCrypt,obfuscated,obfuscated
First parameter was not properly generated as generatedKeyStore,False,zz/g.java,com.technogym.mywellness.indooraction,16,1k-5k,CogniCrypt,obfuscated,obfuscated
Second parameter was not properly generated as generatedTrustManagers,True,zz/m.java,com.technogym.mywellness.indooraction,16,1k-5k,CogniCrypt,obfuscated,obfuscated
First parameter was not properly generated as generatedKeyManagers,False,zz/g.java,com.technogym.mywellness.indooraction,16,1k-5k,CogniCrypt,obfuscated,obfuscated
Second parameter was not properly generated as generatedTrustManagers,True,zz/g.java,com.technogym.mywellness.indooraction,16,1k-5k,CogniCrypt,obfuscated,obfuscated
"Constraint ""protocol in {TLSv1.2, TLSv1.3}"" on object $r1 is violated due to the following reason:\n|- First parameter ""varReplacer15649"" with value ""TLS"" should be any of {TLSv1.2, TLSv1.3} (extracted @ varReplacer15649 = ""TLS"" @ line 2)",True,zz/f.java,com.technogym.mywellness.indooraction,16,1k-5k,CogniCrypt,obfuscated,obfuscated
First parameter was not properly generated as generatedKeyStore,False,zz/f.java,com.technogym.mywellness.indooraction,16,1k-5k,CogniCrypt,obfuscated,obfuscated
"Constraint ""protocol in {TLSv1.2, TLSv1.3}"" on object $r1 is violated due to the following reason:\n|- First parameter ""varReplacer15643"" with value ""TLS"" should be any of {TLSv1.2, TLSv1.3} (extracted @ varReplacer15643 = ""TLS"" @ line 2)",True,zz/g.java,com.technogym.mywellness.indooraction,16,1k-5k,CogniCrypt,obfuscated,obfuscated
Third parameter was not properly generated as randomized,False,okhttp3/internal/platform/Platform.java,com.teegloyalty.timezone,245,1M-5M,CogniCrypt,Utilities,OkHttp
First parameter was not properly generated as generatedKeyManagers,False,okhttp3/internal/platform/Platform.java,com.teegloyalty.timezone,245,1M-5M,CogniCrypt,Utilities,OkHttp
Third parameter was not properly generated as randomized,False,okhttp3/internal/platform/Platform.java,com.teegloyalty.timezone,245,1M-5M,CogniCrypt,Utilities,OkHttp
First parameter was not properly generated as generatedKeyManagers,False,okhttp3/internal/platform/Platform.java,com.teegloyalty.timezone,245,1M-5M,CogniCrypt,Utilities,OkHttp
"Constraint ""algorithm in {SHA-256, SHA-384, SHA-512}"" on object $r2 is violated due to the following reason:\n|- First parameter ""varReplacer6963"" with value ""MD5"" should be any of {SHA-256, SHA-384, SHA-512} (extracted @ varReplacer6963 = ""MD5"" @ line 283)",True,com/facebook/appevents/AppEvent$Companion.java,com.teegloyalty.timezone,245,1M-5M,CogniCrypt,SocialMedia,Facebook-App-Links
"Constraint ""protocol in {TLSv1.2, TLSv1.3}"" on object $r1 is violated due to the following reason:\n|- First parameter ""varReplacer19346"" with value ""TLS"" should be any of {TLSv1.2, TLSv1.3} (extracted @ varReplacer19346 = ""TLS"" @ line 38)",True,okhttp3/internal/platform/BouncyCastlePlatform.java,com.teegloyalty.timezone,245,1M-5M,CogniCrypt,Utilities,OkHttp
First parameter was not properly generated as generatedKeyStore,False,okhttp3/internal/platform/BouncyCastlePlatform.java,com.teegloyalty.timezone,245,1M-5M,CogniCrypt,Utilities,OkHttp
"Constraint ""algorithm in {SHA-256, SHA-384, SHA-512}"" on object $r6 is violated due to the following reason:\n|- First parameter ""varReplacer16125"" with value ""SHA"" should be any of {SHA-256, SHA-384, SHA-512} (extracted @ varReplacer16125 = ""SHA"" @ line 144)",True,com/microsoft/identity/common/internal/util/PackageUtils.java,com.teegloyalty.timezone,245,1M-5M,CogniCrypt,Android,androidx.lifecycle::lifecycle-viewmodel-ktx
First parameter was not properly generated as generatedKey,False,com/microsoft/identity/common/java/crypto/StorageEncryptionManager.java,com.teegloyalty.timezone,245,1M-5M,CogniCrypt,Android,androidx.lifecycle::lifecycle-viewmodel-ktx
Second parameter parameter was not properly generated as generatedPrivkey OR generatedPubkey OR generatedKey,False,com/microsoft/identity/common/java/crypto/StorageEncryptionManager.java,com.teegloyalty.timezone,245,1M-5M,CogniCrypt,Android,androidx.lifecycle::lifecycle-viewmodel-ktx
First parameter was not properly generated as generatedKey,False,com/microsoft/identity/common/java/crypto/StorageEncryptionManager.java,com.teegloyalty.timezone,245,1M-5M,CogniCrypt,Android,androidx.lifecycle::lifecycle-viewmodel-ktx
First parameter was not properly generated as randomized,True,com/microsoft/identity/common/java/crypto/StorageEncryptionManager.java,com.teegloyalty.timezone,245,1M-5M,CogniCrypt,Android,androidx.lifecycle::lifecycle-viewmodel-ktx
Second parameter parameter was not properly generated as generatedPrivkey OR generatedKey OR generatedPubkey,False,com/microsoft/identity/common/internal/util/AndroidKeyStoreUtil.java,com.teegloyalty.timezone,245,1M-5M,CogniCrypt,Android,androidx.lifecycle::lifecycle-viewmodel-ktx
Return value was not properly generated as generatedPrivkey,True,com/microsoft/identity/common/internal/util/AndroidKeyStoreUtil.java,com.teegloyalty.timezone,245,1M-5M,CogniCrypt,Android,androidx.lifecycle::lifecycle-viewmodel-ktx
"Constraint ""type in {JCEKS, JKS, DKS, PKCS11, PKCS12}"" on object $r0 is violated due to the following reason:\n|- First parameter ""varReplacer21438"" with value ""AndroidKeyStore"" should be any of {JCEKS, JKS, DKS, PKCS11, PKCS12} (extracted @ varReplacer21438 = ""AndroidKeyStore"" @ line 88)",False,com/microsoft/identity/common/internal/util/AndroidKeyStoreUtil.java,com.teegloyalty.timezone,245,1M-5M,CogniCrypt,Android,androidx.lifecycle::lifecycle-viewmodel-ktx
"Constraint ""type in {JCEKS, JKS, DKS, PKCS11, PKCS12}"" on object $r3 is violated due to the following reason:\n|- First parameter ""varReplacer21395"" with value ""AndroidKeyStore"" should be any of {JCEKS, JKS, DKS, PKCS11, PKCS12} (extracted @ varReplacer21395 = ""AndroidKeyStore"" @ line 273)",False,com/microsoft/identity/common/internal/util/AndroidKeyStoreUtil.java,com.teegloyalty.timezone,245,1M-5M,CogniCrypt,Android,androidx.lifecycle::lifecycle-viewmodel-ktx
First parameter was not properly generated as generatedPubkey,False,com/microsoft/identity/common/internal/util/AndroidKeyStoreUtil.java,com.teegloyalty.timezone,245,1M-5M,CogniCrypt,Android,androidx.lifecycle::lifecycle-viewmodel-ktx
Second parameter was not properly generated as generatedPrivkey,False,com/microsoft/identity/common/internal/util/AndroidKeyStoreUtil.java,com.teegloyalty.timezone,245,1M-5M,CogniCrypt,Android,androidx.lifecycle::lifecycle-viewmodel-ktx
Second parameter parameter was not properly generated as generatedPrivkey OR generatedKey OR generatedPubkey,False,com/microsoft/identity/common/java/crypto/StorageEncryptionManager.java,com.teegloyalty.timezone,245,1M-5M,CogniCrypt,Android,androidx.lifecycle::lifecycle-viewmodel-ktx
First parameter was not properly generated as generatedKeyManagers,False,okhttp3/internal/platform/Platform.java,com.teegloyalty.timezone,245,1M-5M,CogniCrypt,Utilities,OkHttp
Second parameter was not properly generated as generatedTrustManagers,True,okhttp3/internal/platform/Platform.java,com.teegloyalty.timezone,245,1M-5M,CogniCrypt,Utilities,OkHttp
Third parameter was not properly generated as randomized,False,okhttp3/internal/platform/Platform.java,com.teegloyalty.timezone,245,1M-5M,CogniCrypt,Utilities,OkHttp
Return value was not properly generated as generatedPubkey,False,com/microsoft/identity/common/internal/util/AndroidKeyStoreUtil.java,com.teegloyalty.timezone,245,1M-5M,CogniCrypt,Android,androidx.lifecycle::lifecycle-viewmodel-ktx
Second parameter was not properly generated as generatedTrustManagers,True,okhttp3/internal/platform/ConscryptPlatform.java,com.teegloyalty.timezone,245,1M-5M,CogniCrypt,Utilities,OkHttp
Third parameter was not properly generated as randomized,False,okhttp3/internal/platform/ConscryptPlatform.java,com.teegloyalty.timezone,245,1M-5M,CogniCrypt,Utilities,OkHttp
First parameter was not properly generated as generatedKeyManagers,False,okhttp3/internal/platform/ConscryptPlatform.java,com.teegloyalty.timezone,245,1M-5M,CogniCrypt,Utilities,OkHttp
"Constraint ""protocol in {TLSv1.2, TLSv1.3}"" on object $r1 is violated due to the following reason:\n|- First parameter ""varReplacer19340"" with value ""TLS"" should be any of {TLSv1.2, TLSv1.3} (extracted @ varReplacer19340 = ""TLS"" @ line 43)",True,okhttp3/internal/platform/ConscryptPlatform.java,com.teegloyalty.timezone,245,1M-5M,CogniCrypt,Utilities,OkHttp
First parameter was not properly generated as generatedKeyStore,True,okhttp3/internal/platform/ConscryptPlatform.java,com.teegloyalty.timezone,245,1M-5M,CogniCrypt,Utilities,OkHttp
First parameter was not properly generated as generatedKeyStore,False,okhttp3/internal/platform/OpenJSSEPlatform.java,com.teegloyalty.timezone,245,1M-5M,CogniCrypt,Utilities,OkHttp
"Constraint ""algorithm in {SHA-256, SHA-384, SHA-512}"" on object $r4 is violated due to the following reason:\n|- First parameter ""$r3"" with value ""SHA-1"" should be any of {SHA-256, SHA-384, SHA-512} (extracted @ varReplacer6669 = ""SHA-1"" @ line 146)\n|- First parameter ""$r3"" with value ""MD5"" should be any of {SHA-256, SHA-384, SHA-512} (extracted @ varReplacer9508 = ""MD5"" @ line 136)",True,com/facebook/internal/Utility.java,com.teegloyalty.timezone,245,1M-5M,CogniCrypt,SocialMedia,Facebook-App-Links
Second parameter was not properly generated as generatedTrustManagers,True,okhttp3/internal/platform/Platform.java,com.teegloyalty.timezone,245,1M-5M,CogniCrypt,Utilities,OkHttp
"Constraint ""algorithm in {SHA-256, SHA-384, SHA-512}"" on object $r5 is violated due to the following reason:\n|- First parameter ""varReplacer9869"" with value ""MD5"" should be any of {SHA-256, SHA-384, SHA-512} (extracted @ varReplacer9869 = ""MD5"" @ line 45)",True,com/facebook/appevents/internal/HashUtils.java,com.teegloyalty.timezone,245,1M-5M,CogniCrypt,SocialMedia,Facebook-App-Links
"Constraint ""type in {JCEKS, JKS, DKS, PKCS11, PKCS12}"" on object $r2 is violated due to the following reason:\n|- First parameter ""varReplacer2765"" with value ""AndroidKeyStore"" should be any of {JCEKS, JKS, DKS, PKCS11, PKCS12} (extracted @ varReplacer2765 = ""AndroidKeyStore"" @ line 24)",False,com/teegloyalty/timezone/common/biometric/BiometricManagerV24.java,com.teegloyalty.timezone,245,1M-5M,CogniCrypt,developer_written,not_applicable
"Constraint ""alg(transformation) in {AES} => mode(transformation) in {GCM, CTR, CTS, CFB, OFB}"" on object $r1 is violated due to the following reason:\n|- Constraint ""alg(transformation) in {AES} => mode(transformation) in {GCM, CTR, CTS, CFB, OFB}"" evaluates to <false>:\n\t|- The left side ""alg(transformation) in {AES}"" evaluates to <true>:\n\t\t|- First parameter ""varReplacer2763"" (transformation) with value ""AES/CBC/PKCS7Padding"" satisfies the constraint in class com.teegloyalty.timezone.common.biometric.BiometricManagerV24 @ $r1 = getInstance(varReplacer2763) @ line 24\n\t|- The right side ""mode(transformation) in {GCM, CTR, CTS, CFB, OFB}"" evaluates to <false>:\n\t\t|- First parameter ""varReplacer2763"" (transformation) with value ""AES/CBC/PKCS7Padding"" violates the constraint in class com.teegloyalty.timezone.common.biometric.BiometricManagerV24 @ $r1 = getInstance(varReplacer2763) @ line 24",True,com/teegloyalty/timezone/common/biometric/BiometricManagerV24.java,com.teegloyalty.timezone,245,1M-5M,CogniCrypt,developer_written,not_applicable
First parameter was not properly generated as generatedKeyStore,False,okhttp3/internal/platform/Platform.java,com.teegloyalty.timezone,245,1M-5M,CogniCrypt,Utilities,OkHttp
"Constraint ""protocol in {TLSv1.2, TLSv1.3}"" on object $r1 is violated due to the following reason:\n|- First parameter ""varReplacer19342"" with value ""TLS"" should be any of {TLSv1.2, TLSv1.3} (extracted @ varReplacer19342 = ""TLS"" @ line 75)",True,okhttp3/internal/platform/Platform.java,com.teegloyalty.timezone,245,1M-5M,CogniCrypt,Utilities,OkHttp
First parameter was not properly generated as generatedKeyManagers,False,okhttp3/internal/platform/Platform.java,com.teegloyalty.timezone,245,1M-5M,CogniCrypt,Utilities,OkHttp
Second parameter was not properly generated as generatedTrustManagers,True,okhttp3/internal/platform/Platform.java,com.teegloyalty.timezone,245,1M-5M,CogniCrypt,Utilities,OkHttp
"Constraint ""algorithm in {SHA-256, SHA-384, SHA-512}"" on object $r3 is violated due to the following reason:\n|- First parameter ""varReplacer2840"" with value ""SHA"" should be any of {SHA-256, SHA-384, SHA-512} (extracted @ varReplacer2840 = ""SHA"" @ line 91)",True,com/microsoft/identity/common/internal/broker/PackageHelper.java,com.teegloyalty.timezone,245,1M-5M,CogniCrypt,Android,androidx.lifecycle::lifecycle-viewmodel-ktx
Second parameter was not properly generated as generatedTrustManagers,True,okhttp3/internal/platform/Platform.java,com.teegloyalty.timezone,245,1M-5M,CogniCrypt,Utilities,OkHttp
"Constraint ""algorithm in {SHA-256, SHA-384, SHA-512}"" on object $r8 is violated due to the following reason:\n|- First parameter ""varReplacer9832"" with value ""SHA1"" should be any of {SHA-256, SHA-384, SHA-512} (extracted @ varReplacer9832 = ""SHA1"" @ line 35)",True,com/facebook/internal/security/CertificateUtil.java,com.teegloyalty.timezone,245,1M-5M,CogniCrypt,SocialMedia,Facebook-App-Links
Second parameter parameter was not properly generated as generatedPubkey OR generatedPrivkey OR generatedKey,False,com/microsoft/identity/common/internal/util/AndroidKeyStoreUtil.java,com.teegloyalty.timezone,245,1M-5M,CogniCrypt,Android,androidx.lifecycle::lifecycle-viewmodel-ktx
Third parameter was not properly generated as randomized,False,okhttp3/internal/platform/Platform.java,com.teegloyalty.timezone,245,1M-5M,CogniCrypt,Utilities,OkHttp
Return value was not properly generated as generatedKeypair,False,com/microsoft/identity/common/internal/util/AndroidKeyStoreUtil.java,com.teegloyalty.timezone,245,1M-5M,CogniCrypt,Android,androidx.lifecycle::lifecycle-viewmodel-ktx
First parameter was not properly generated as speccedKey,False,com/pairip/licensecheck/ResponseValidator.java,com.teegloyalty.timezone,245,1M-5M,CogniCrypt,others,unknown
First parameter was not properly generated as preparedKeyMaterial,False,com/pairip/licensecheck/ResponseValidator.java,com.teegloyalty.timezone,245,1M-5M,CogniCrypt,others,unknown
Return value was not properly generated as generatedPubkey,False,com/pairip/licensecheck/ResponseValidator.java,com.teegloyalty.timezone,245,1M-5M,CogniCrypt,others,unknown
First parameter was not properly generated as generatedPubkey,False,com/pairip/licensecheck/ResponseValidator.java,com.teegloyalty.timezone,245,1M-5M,CogniCrypt,others,unknown
First parameter was not properly generated as preparedKeyMaterial,True,com/microsoft/identity/common/java/crypto/key/AbstractSecretKeyLoader.java,com.teegloyalty.timezone,245,1M-5M,CogniCrypt,Android,androidx.lifecycle::lifecycle-viewmodel-ktx
First parameter was not properly generated as preparedKeyMaterial,False,com/microsoft/identity/common/java/crypto/key/KeyUtil.java,com.teegloyalty.timezone,245,1M-5M,CogniCrypt,Android,androidx.lifecycle::lifecycle-viewmodel-ktx
Return value was not properly generated as generatedKey,False,com/microsoft/identity/common/crypto/AndroidWrappedKeyLoader.java,com.teegloyalty.timezone,245,1M-5M,CogniCrypt,Android,androidx.lifecycle::lifecycle-viewmodel-ktx
First parameter was not properly generated as preparedRSA,False,com/microsoft/identity/common/internal/util/AndroidKeyStoreUtil.java,com.teegloyalty.timezone,245,1M-5M,CogniCrypt,Android,androidx.lifecycle::lifecycle-viewmodel-ktx
First parameter was not properly generated as generatedKeyManagers,False,okhttp3/internal/platform/Platform.java,com.tempnumber.Temp_Number.Temp_Number,69,1M-5M,CogniCrypt,Utilities,OkHttp
Second parameter was not properly generated as generatedTrustManagers,True,okhttp3/internal/platform/Platform.java,com.tempnumber.Temp_Number.Temp_Number,69,1M-5M,CogniCrypt,Utilities,OkHttp
Second parameter was not properly generated as generatedTrustManagers,True,okhttp3/internal/platform/Platform.java,com.tempnumber.Temp_Number.Temp_Number,69,1M-5M,CogniCrypt,Utilities,OkHttp
"Constraint ""algorithm in {SHA-256, SHA-384, SHA-512}"" on object $r7 is violated due to the following reason:\n|- First parameter ""varReplacer11401"" with value ""MD5"" should be any of {SHA-256, SHA-384, SHA-512} (extracted @ varReplacer11401 = ""MD5"" @ line 4)",True,com/google/android/gms/ads/internal/util/client/zzf.java,com.tempnumber.Temp_Number.Temp_Number,69,1M-5M,CogniCrypt,Utilities,Gson
"Constraint ""algorithm in {SHA-256, SHA-384, SHA-512}"" on object $r8 is violated due to the following reason:\n|- First parameter ""varReplacer17712"" with value ""SHA1"" should be any of {SHA-256, SHA-384, SHA-512} (extracted @ varReplacer17712 = ""SHA1"" @ line 35)",True,com/facebook/internal/security/CertificateUtil.java,com.tempnumber.Temp_Number.Temp_Number,69,1M-5M,CogniCrypt,Advertising,Facebook-Audience
"Constraint ""protocol in {TLSv1.2, TLSv1.3}"" on object $r1 is violated due to the following reason:\n|- First parameter ""varReplacer7526"" with value ""TLS"" should be any of {TLSv1.2, TLSv1.3} (extracted @ varReplacer7526 = ""TLS"" @ line 38)",True,okhttp3/internal/platform/BouncyCastlePlatform.java,com.tempnumber.Temp_Number.Temp_Number,69,1M-5M,CogniCrypt,Utilities,OkHttp
First parameter was not properly generated as generatedKeyStore,False,okhttp3/internal/platform/BouncyCastlePlatform.java,com.tempnumber.Temp_Number.Temp_Number,69,1M-5M,CogniCrypt,Utilities,OkHttp
Third parameter was not properly generated as randomized,False,okhttp3/internal/platform/Platform.java,com.tempnumber.Temp_Number.Temp_Number,69,1M-5M,CogniCrypt,Utilities,OkHttp
"Constraint ""algorithm in {SHA-256, SHA-384, SHA-512}"" on object $r5 is violated due to the following reason:\n|- First parameter ""varReplacer24007"" with value ""MD5"" should be any of {SHA-256, SHA-384, SHA-512} (extracted @ varReplacer24007 = ""MD5"" @ line 1)",True,com/google/android/gms/internal/consent_sdk/zzcl.java,com.tempnumber.Temp_Number.Temp_Number,69,1M-5M,CogniCrypt,Utilities,Gson
"Constraint ""algorithm in {SHA-256, SHA-384, SHA-512}"" on object $r2 is violated due to the following reason:\n|- First parameter ""varReplacer17754"" with value ""MD5"" should be any of {SHA-256, SHA-384, SHA-512} (extracted @ varReplacer17754 = ""MD5"" @ line 45)",True,com/facebook/appevents/internal/HashUtils.java,com.tempnumber.Temp_Number.Temp_Number,69,1M-5M,CogniCrypt,Advertising,Facebook-Audience
"Constraint ""algorithm in {SHA-256, SHA-384, SHA-512}"" on object $r6 is violated due to the following reason:\n|- First parameter ""$r0"" with value ""MD5"" should be any of {SHA-256, SHA-384, SHA-512} (extracted @ varReplacer12352 = ""MD5"" @ line 3)",True,com/google/android/gms/ads/internal/util/client/zzf.java,com.tempnumber.Temp_Number.Temp_Number,69,1M-5M,CogniCrypt,Utilities,Gson
First parameter was not properly generated as generatedKeyManagers,False,okhttp3/internal/platform/Platform.java,com.tempnumber.Temp_Number.Temp_Number,69,1M-5M,CogniCrypt,Utilities,OkHttp
Second parameter was not properly generated as generatedTrustManagers,True,okhttp3/internal/platform/Platform.java,com.tempnumber.Temp_Number.Temp_Number,69,1M-5M,CogniCrypt,Utilities,OkHttp
Third parameter was not properly generated as randomized,False,okhttp3/internal/platform/Platform.java,com.tempnumber.Temp_Number.Temp_Number,69,1M-5M,CogniCrypt,Utilities,OkHttp
Third parameter was not properly generated as randomized,False,okhttp3/internal/platform/Platform.java,com.tempnumber.Temp_Number.Temp_Number,69,1M-5M,CogniCrypt,Utilities,OkHttp
"Constraint ""algorithm in {SHA-256, SHA-384, SHA-512}"" on object $r4 is violated due to the following reason:\n|- First parameter ""$r3"" with value ""SHA-1"" should be any of {SHA-256, SHA-384, SHA-512} (extracted @ varReplacer16568 = ""SHA-1"" @ line 145)\n|- First parameter ""$r3"" with value ""MD5"" should be any of {SHA-256, SHA-384, SHA-512} (extracted @ varReplacer23152 = ""MD5"" @ line 135)",True,com/facebook/internal/Utility.java,com.tempnumber.Temp_Number.Temp_Number,69,1M-5M,CogniCrypt,Advertising,Facebook-Audience
First parameter was not properly generated as generatedKeyManagers,False,okhttp3/internal/platform/Platform.java,com.tempnumber.Temp_Number.Temp_Number,69,1M-5M,CogniCrypt,Utilities,OkHttp
Third parameter was not properly generated as randomized,False,okhttp3/internal/platform/Platform.java,com.tempnumber.Temp_Number.Temp_Number,69,1M-5M,CogniCrypt,Utilities,OkHttp
First parameter was not properly generated as generatedKeyManagers,False,okhttp3/internal/platform/Platform.java,com.tempnumber.Temp_Number.Temp_Number,69,1M-5M,CogniCrypt,Utilities,OkHttp
"Constraint ""protocol in {TLSv1.2, TLSv1.3}"" on object $r1 is violated due to the following reason:\n|- First parameter ""varReplacer7522"" with value ""TLS"" should be any of {TLSv1.2, TLSv1.3} (extracted @ varReplacer7522 = ""TLS"" @ line 75)",True,okhttp3/internal/platform/Platform.java,com.tempnumber.Temp_Number.Temp_Number,69,1M-5M,CogniCrypt,Utilities,OkHttp
First parameter was not properly generated as generatedKeyStore,False,okhttp3/internal/platform/Platform.java,com.tempnumber.Temp_Number.Temp_Number,69,1M-5M,CogniCrypt,Utilities,OkHttp
First parameter was not properly generated as generatedKeyManagers,True,okhttp3/internal/platform/ConscryptPlatform.java,com.tempnumber.Temp_Number.Temp_Number,69,1M-5M,CogniCrypt,Utilities,OkHttp
First parameter was not properly generated as generatedKeyStore,False,okhttp3/internal/platform/OpenJSSEPlatform.java,com.tempnumber.Temp_Number.Temp_Number,69,1M-5M,CogniCrypt,Utilities,OkHttp
First parameter was not properly generated as generatedKeyStore,False,okhttp3/internal/platform/ConscryptPlatform.java,com.tempnumber.Temp_Number.Temp_Number,69,1M-5M,CogniCrypt,Utilities,OkHttp
"Constraint ""protocol in {TLSv1.2, TLSv1.3}"" on object $r1 is violated due to the following reason:\n|- First parameter ""varReplacer7520"" with value ""TLS"" should be any of {TLSv1.2, TLSv1.3} (extracted @ varReplacer7520 = ""TLS"" @ line 44)",True,okhttp3/internal/platform/ConscryptPlatform.java,com.tempnumber.Temp_Number.Temp_Number,69,1M-5M,CogniCrypt,Utilities,OkHttp
Second parameter was not properly generated as generatedTrustManagers,True,okhttp3/internal/platform/Platform.java,com.tempnumber.Temp_Number.Temp_Number,69,1M-5M,CogniCrypt,Utilities,OkHttp
"Constraint ""algorithm in {SHA-256, SHA-384, SHA-512}"" on object $r2 is violated due to the following reason:\n|- First parameter ""varReplacer15570"" with value ""MD5"" should be any of {SHA-256, SHA-384, SHA-512} (extracted @ varReplacer15570 = ""MD5"" @ line 248)",True,com/facebook/appevents/AppEvent$Companion.java,com.tempnumber.Temp_Number.Temp_Number,69,1M-5M,CogniCrypt,Advertising,Facebook-Audience
Second parameter was not properly generated as generatedTrustManagers,True,okhttp3/internal/platform/ConscryptPlatform.java,com.tempnumber.Temp_Number.Temp_Number,69,1M-5M,CogniCrypt,Utilities,OkHttp
Third parameter was not properly generated as randomized,True,okhttp3/internal/platform/ConscryptPlatform.java,com.tempnumber.Temp_Number.Temp_Number,69,1M-5M,CogniCrypt,Utilities,OkHttp
"Constraint ""algorithm in {SHA-256, SHA-384, SHA-512}"" on object $r7 is violated due to the following reason:\n|- First parameter ""varReplacer1739"" with value ""SHA-1"" should be any of {SHA-256, SHA-384, SHA-512} (extracted @ varReplacer1739 = ""SHA-1"" @ line -1)",True,com/tmobile/visualvoicemail/timber/Jargs$Companion.java,com.tmobile.vvm.application,784457,>5M,CogniCrypt,developer_written,not_applicable
"Constraint ""protocol in {TLSv1.2, TLSv1.3}"" on object $r1 is violated due to the following reason:\n|- First parameter ""varReplacer29672"" with value ""TLS"" should be any of {TLSv1.2, TLSv1.3} (extracted @ varReplacer29672 = ""TLS"" @ line 38)",True,okhttp3/internal/platform/BouncyCastlePlatform.java,com.tmobtech.halkbank,5221,>5M,CogniCrypt,Utilities,OkHttp
Second parameter was not properly generated as generatedTrustManagers,False,com/squareup/okhttp/OkHttpClient.java,com.tmobtech.halkbank,5221,>5M,CogniCrypt,Android,Picasso
"Constraint ""algorithm in {SHA-256, SHA-384, SHA-512}"" on object $r2 is violated due to the following reason:\n|- First parameter ""$r1"" with value ""sha1"" should be any of {SHA-256, SHA-384, SHA-512} (extracted @ varReplacer19735 = ""sha1"" @ line 327)\n|- First parameter ""$r1"" with value ""md5"" should be any of {SHA-256, SHA-384, SHA-512} (extracted @ varReplacer19756 = ""md5"" @ line 46)\n|- First parameter ""$r1"" with value ""sha1"" should be any of {SHA-256, SHA-384, SHA-512} (extracted @ varReplacer19737 = ""sha1"" @ line 362)\n|- First parameter ""$r1"" with value ""sha1"" should be any of {SHA-256, SHA-384, SHA-512} (extracted @ varReplacer19728 = ""sha1"" @ line 300)\n|- First parameter ""$r1"" with value ""sha1"" should be any of {SHA-256, SHA-384, SHA-512} (extracted @ varReplacer19787 = ""sha1"" @ line 148)",True,com/skala/sdk/util/Hasher.java,com.tmobtech.halkbank,5221,>5M,CogniCrypt,others,unknown
"Constraint ""algorithm in {SHA-256, SHA-384, SHA-512}"" on object $r1 is violated due to the following reason:\n|- First parameter ""varReplacer43282"" with value ""SHA-1"" should be any of {SHA-256, SHA-384, SHA-512} (extracted @ varReplacer43282 = ""SHA-1"" @ line 199)",True,com/squareup/okhttp/internal/Util.java,com.tmobtech.halkbank,5221,>5M,CogniCrypt,Android,Picasso
First parameter was not properly generated as generatedKeyManagers,False,okhttp3/internal/platform/Platform.java,com.tmobtech.halkbank,5221,>5M,CogniCrypt,Utilities,OkHttp
First parameter was not properly generated as generatedKeyManagers,False,okhttp3/internal/platform/Platform.java,com.tmobtech.halkbank,5221,>5M,CogniCrypt,Utilities,OkHttp
"Constraint ""algorithm in {SHA-256, SHA-384, SHA-512}"" on object $r10 is violated due to the following reason:\n|- First parameter ""$r9"" with value ""sha256"" should be any of {SHA-256, SHA-384, SHA-512} (extracted @ varReplacer35360 = ""sha256"" @ line 264)",False,com/skala/sdk/util/Hasher.java,com.tmobtech.halkbank,5221,>5M,CogniCrypt,others,unknown
Third parameter was not properly generated as randomized,False,com/squareup/okhttp/OkHttpClient.java,com.tmobtech.halkbank,5221,>5M,CogniCrypt,Android,Picasso
Third parameter was not properly generated as randomized,False,okhttp3/internal/platform/Platform.java,com.tmobtech.halkbank,5221,>5M,CogniCrypt,Utilities,OkHttp
"Constraint ""protocol in {TLSv1.2, TLSv1.3}"" on object $r1 is violated due to the following reason:\n|- First parameter ""varReplacer29668"" with value ""TLS"" should be any of {TLSv1.2, TLSv1.3} (extracted @ varReplacer29668 = ""TLS"" @ line 75)",True,okhttp3/internal/platform/Platform.java,com.tmobtech.halkbank,5221,>5M,CogniCrypt,Utilities,OkHttp
First parameter was not properly generated as generatedKeyStore,False,okhttp3/internal/platform/Platform.java,com.tmobtech.halkbank,5221,>5M,CogniCrypt,Utilities,OkHttp
"Constraint ""protocol in {TLSv1.2, TLSv1.3}"" on object $r3 is violated due to the following reason:\n|- First parameter ""varReplacer41384"" with value ""TLS"" should be any of {TLSv1.2, TLSv1.3} (extracted @ varReplacer41384 = ""TLS"" @ line 629)",True,com/squareup/okhttp/OkHttpClient.java,com.tmobtech.halkbank,5221,>5M,CogniCrypt,Android,Picasso
Second parameter was not properly generated as generatedTrustManagers,True,okhttp3/internal/platform/ConscryptPlatform.java,com.tmobtech.halkbank,5221,>5M,CogniCrypt,Utilities,OkHttp
First parameter was not properly generated as generatedKeyManagers,False,okhttp3/internal/platform/ConscryptPlatform.java,com.tmobtech.halkbank,5221,>5M,CogniCrypt,Utilities,OkHttp
Third parameter was not properly generated as randomized,False,okhttp3/internal/platform/ConscryptPlatform.java,com.tmobtech.halkbank,5221,>5M,CogniCrypt,Utilities,OkHttp
"Constraint ""protocol in {TLSv1.2, TLSv1.3}"" on object $r1 is violated due to the following reason:\n|- First parameter ""varReplacer29666"" with value ""TLS"" should be any of {TLSv1.2, TLSv1.3} (extracted @ varReplacer29666 = ""TLS"" @ line 44)",True,okhttp3/internal/platform/ConscryptPlatform.java,com.tmobtech.halkbank,5221,>5M,CogniCrypt,Utilities,OkHttp
First parameter was not properly generated as generatedKeyStore,True,okhttp3/internal/platform/ConscryptPlatform.java,com.tmobtech.halkbank,5221,>5M,CogniCrypt,Utilities,OkHttp
First parameter was not properly generated as generatedKeyManagers,False,j1/s.java,com.tmobtech.halkbank,5221,>5M,CogniCrypt,others,unknown
"Constraint ""protocol in {TLSv1.2, TLSv1.3}"" on object $r2 is violated due to the following reason:\n|- First parameter ""varReplacer36885"" with value ""TLS"" should be any of {TLSv1.2, TLSv1.3} (extracted @ varReplacer36885 = ""TLS"" @ line 5)",True,j1/s.java,com.tmobtech.halkbank,5221,>5M,CogniCrypt,others,unknown
First parameter was not properly generated as generatedKeyStore,False,okhttp3/internal/platform/OpenJSSEPlatform.java,com.tmobtech.halkbank,5221,>5M,CogniCrypt,Utilities,OkHttp
First parameter was not properly generated as generatedKeyManagers,False,com/squareup/okhttp/OkHttpClient.java,com.tmobtech.halkbank,5221,>5M,CogniCrypt,Android,Picasso
Second parameter was not properly generated as generatedCipher,True,com/tmoblabs/torc/utility/LanguageUtilities.java,com.tmobtech.halkbank,5221,>5M,CogniCrypt,others,unknown
First parameter was not properly generated as generatedKeyManagers,False,okhttp3/internal/platform/Platform.java,com.tmobtech.halkbank,5221,>5M,CogniCrypt,Utilities,OkHttp
Second parameter was not properly generated as generatedTrustManagers,True,j1/s.java,com.tmobtech.halkbank,5221,>5M,CogniCrypt,others,unknown
First parameter was not properly generated as generatedKeyStore,False,okhttp3/internal/platform/BouncyCastlePlatform.java,com.tmobtech.halkbank,5221,>5M,CogniCrypt,Utilities,OkHttp
First parameter was not properly generated as generatedKeyManagers,False,okhttp3/internal/platform/Platform.java,com.tmobtech.halkbank,5221,>5M,CogniCrypt,Utilities,OkHttp
Second parameter was not properly generated as generatedTrustManagers,True,okhttp3/internal/platform/Platform.java,com.tmobtech.halkbank,5221,>5M,CogniCrypt,Utilities,OkHttp
Third parameter was not properly generated as randomized,False,okhttp3/internal/platform/Platform.java,com.tmobtech.halkbank,5221,>5M,CogniCrypt,Utilities,OkHttp
First parameter was not properly generated as generatedKeyStore,True,com/skala/sdk/HttpsConnection.java,com.tmobtech.halkbank,5221,>5M,CogniCrypt,others,unknown
Second parameter was not properly generated as generatedTrustManagers,True,okhttp3/internal/platform/Platform.java,com.tmobtech.halkbank,5221,>5M,CogniCrypt,Utilities,OkHttp
Second parameter was not properly generated as generatedTrustManagers,True,okhttp3/internal/platform/Platform.java,com.tmobtech.halkbank,5221,>5M,CogniCrypt,Utilities,OkHttp
Third parameter was not properly generated as randomized,False,okhttp3/internal/platform/Platform.java,com.tmobtech.halkbank,5221,>5M,CogniCrypt,Utilities,OkHttp
Second parameter was not properly generated as generatedTrustManagers,True,okhttp3/internal/platform/Platform.java,com.tmobtech.halkbank,5221,>5M,CogniCrypt,Utilities,OkHttp
Third parameter was not properly generated as randomized,False,okhttp3/internal/platform/Platform.java,com.tmobtech.halkbank,5221,>5M,CogniCrypt,Utilities,OkHttp
"Constraint ""alg(transformation) in {AES} => mode(transformation) in {GCM, CTR, CTS, CFB, OFB}"" on object $r4 is violated due to the following reason:\n|- Constraint ""alg(transformation) in {AES} => mode(transformation) in {GCM, CTR, CTS, CFB, OFB}"" evaluates to <false>:\n\t|- The left side ""alg(transformation) in {AES}"" evaluates to <true>:\n\t\t|- First parameter ""varReplacer18217"" (transformation) with value ""AES"" satisfies the constraint in class com.two.ukcitizenship.utils.Sikfghefhgdsfr @ $r4 = getInstance(varReplacer18217) @ line 5\n\t|- The right side ""mode(transformation) in {GCM, CTR, CTS, CFB, OFB}"" evaluates to <false>:\n\t\t|- First parameter ""varReplacer18217"" (transformation) with value ""AES"" violates the constraint in class com.two.ukcitizenship.utils.Sikfghefhgdsfr @ $r4 = getInstance(varReplacer18217) @ line 5",True,com/two/ukcitizenship/utils/Sikfghefhgdsfr.java,com.two.ukcitizenship,10,1k-5k,CogniCrypt,developer_written,not_applicable
Second parameter parameter was not properly generated as generatedPubkey OR generatedKey OR generatedPrivkey,True,com/two/ukcitizenship/utils/Sikfghefhgdsfr.java,com.two.ukcitizenship,10,1k-5k,CogniCrypt,developer_written,not_applicable
Second parameter parameter was not properly generated as generatedPrivkey OR generatedKey OR generatedPubkey,True,com/two/ukcitizenship/utils/Sikfghefhgdsfr.java,com.two.ukcitizenship,10,1k-5k,CogniCrypt,developer_written,not_applicable
"Constraint ""algorithm in {SHA-256, SHA-384, SHA-512}"" on object $r7 is violated due to the following reason:\n|- First parameter ""varReplacer4725"" with value ""MD5"" should be any of {SHA-256, SHA-384, SHA-512} (extracted @ varReplacer4725 = ""MD5"" @ line 45)",True,com/google/android/gms/internal/ads/zzcgg.java,com.two.ukcitizenship,10,1k-5k,CogniCrypt,Android,com.google.android.gms::play-services-ads-base
"Constraint ""algorithm in {SHA-256, SHA-384, SHA-512}"" on object $r5 is violated due to the following reason:\n|- First parameter ""varReplacer5614"" with value ""MD5"" should be any of {SHA-256, SHA-384, SHA-512} (extracted @ varReplacer5614 = ""MD5"" @ line 8)",True,com/google/android/gms/internal/ads/zzcgg.java,com.two.ukcitizenship,10,1k-5k,CogniCrypt,Android,com.google.android.gms::play-services-ads-base
First parameter was not properly generated as preparedKeyMaterial,True,com/two/ukcitizenship/utils/Iflkjsdfjkeikdg.java,com.two.ukcitizenship,10,1k-5k,CogniCrypt,developer_written,not_applicable
"Constraint ""algorithm in {SHA-256, SHA-384, SHA-512}"" on object $r8 is violated due to the following reason:\n|- First parameter ""varReplacer9171"" with value ""SHA1"" should be any of {SHA-256, SHA-384, SHA-512} (extracted @ varReplacer9171 = ""SHA1"" @ line 28)",True,com/facebook/internal/security/CertificateUtil.java,com.two.ukcitizenship,10,1k-5k,CogniCrypt,SocialMedia,Facebook-App-Links
"Constraint ""algorithm in {SHA-256, SHA-384, SHA-512}"" on object $r2 is violated due to the following reason:\n|- First parameter ""varReplacer9204"" with value ""MD5"" should be any of {SHA-256, SHA-384, SHA-512} (extracted @ varReplacer9204 = ""MD5"" @ line 14)",True,com/facebook/appevents/internal/HashUtils.java,com.two.ukcitizenship,10,1k-5k,CogniCrypt,SocialMedia,Facebook-App-Links
"Constraint ""algorithm in {SHA-256, SHA-384, SHA-512}"" on object $r4 is violated due to the following reason:\n|- First parameter ""$r3"" with value ""MD5"" should be any of {SHA-256, SHA-384, SHA-512} (extracted @ varReplacer8806 = ""MD5"" @ line -1)\n|- First parameter ""$r3"" with value ""SHA-1"" should be any of {SHA-256, SHA-384, SHA-512} (extracted @ varReplacer7380 = ""SHA-1"" @ line 2)",True,com/facebook/internal/Utility.java,com.two.ukcitizenship,10,1k-5k,CogniCrypt,SocialMedia,Facebook-App-Links
"Constraint ""algorithm in {SHA-256, SHA-384, SHA-512}"" on object $r2 is violated due to the following reason:\n|- First parameter ""varReplacer8258"" with value ""MD5"" should be any of {SHA-256, SHA-384, SHA-512} (extracted @ varReplacer8258 = ""MD5"" @ line 4)",True,com/facebook/appevents/AppEvent$Companion.java,com.two.ukcitizenship,10,1k-5k,CogniCrypt,SocialMedia,Facebook-App-Links
"Constraint ""alg(transformation) in {AES} => mode(transformation) in {GCM, CTR, CTS, CFB, OFB}"" on object $r4 is violated due to the following reason:\n|- Constraint ""alg(transformation) in {AES} => mode(transformation) in {GCM, CTR, CTS, CFB, OFB}"" evaluates to <false>:\n\t|- The left side ""alg(transformation) in {AES}"" evaluates to <true>:\n\t\t|- First parameter ""varReplacer18218"" (transformation) with value ""AES"" satisfies the constraint in class com.two.ukcitizenship.utils.Sikfghefhgdsfr @ $r4 = getInstance(varReplacer18218) @ line 11\n\t|- The right side ""mode(transformation) in {GCM, CTR, CTS, CFB, OFB}"" evaluates to <false>:\n\t\t|- First parameter ""varReplacer18218"" (transformation) with value ""AES"" violates the constraint in class com.two.ukcitizenship.utils.Sikfghefhgdsfr @ $r4 = getInstance(varReplacer18218) @ line 11",True,com/two/ukcitizenship/utils/Sikfghefhgdsfr.java,com.two.ukcitizenship,10,1k-5k,CogniCrypt,developer_written,not_applicable
"Constraint ""protocol in {TLSv1.2, TLSv1.3}"" on object $r2 is violated due to the following reason:\n|- First parameter ""varReplacer6994"" with value ""TLS"" should be any of {TLSv1.2, TLSv1.3} (extracted @ varReplacer6994 = ""TLS"" @ line -1)",True,com/uxcam/internals/ca.java,com.umnico.android,1054,1k-5k,CogniCrypt,others,unknown
Second parameter was not properly generated as generatedCipher,True,com/uxcam/internals/at.java,com.umnico.android,1054,1k-5k,CogniCrypt,others,unknown
First parameter was not properly generated as generatedKeyManagers,False,com/uxcam/internals/ca.java,com.umnico.android,1054,1k-5k,CogniCrypt,others,unknown
Second parameter was not properly generated as generatedTrustManagers,False,com/uxcam/internals/ca.java,com.umnico.android,1054,1k-5k,CogniCrypt,others,unknown
First parameter was not properly generated as generatedKeyStore,False,com/uxcam/internals/ca.java,com.umnico.android,1054,1k-5k,CogniCrypt,others,unknown
Third parameter was not properly generated as randomized,False,com/uxcam/internals/ca.java,com.umnico.android,1054,1k-5k,CogniCrypt,others,unknown
"Constraint ""alg(transformation) in {AES} => mode(transformation) in {GCM, CTR, CTS, CFB, OFB}"" on object $r3 is violated due to the following reason:\n|- Constraint ""alg(transformation) in {AES} => mode(transformation) in {GCM, CTR, CTS, CFB, OFB}"" evaluates to <false>:\n\t|- The left side ""alg(transformation) in {AES}"" evaluates to <true>:\n\t\t|- First parameter ""varReplacer6096"" (transformation) with value ""AES/CBC/PKCS5Padding"" satisfies the constraint in class com.uxcam.internals.at @ $r3 = getInstance(varReplacer6096) @ line -1\n\t|- The right side ""mode(transformation) in {GCM, CTR, CTS, CFB, OFB}"" evaluates to <false>:\n\t\t|- First parameter ""varReplacer6096"" (transformation) with value ""AES/CBC/PKCS5Padding"" violates the constraint in class com.uxcam.internals.at @ $r3 = getInstance(varReplacer6096) @ line -1",True,com/uxcam/internals/at.java,com.umnico.android,1054,1k-5k,CogniCrypt,others,unknown
"Constraint ""protocol in {TLSv1.2, TLSv1.3}"" on object $r3 is violated due to the following reason:\n|- First parameter ""varReplacer10587"" with value ""TLS"" should be any of {TLSv1.2, TLSv1.3} (extracted @ varReplacer10587 = ""TLS"" @ line 97)",True,okhttp3/internal/platform/ConscryptPlatform.java,com.umnico.android,1054,1k-5k,CogniCrypt,Utilities,okhttp
First parameter was not properly generated as preparedKeyMaterial,True,com/uxcam/internals/at.java,com.umnico.android,1054,1k-5k,CogniCrypt,others,unknown
Second parameter was not properly generated as generatedTrustManagers,False,okhttp3/OkHttpClient.java,com.umnico.android,1054,1k-5k,CogniCrypt,Utilities,okhttp
Second parameter was not properly generated as generatedTrustManagers,False,okhttp3/OkHttpClient.java,com.umnico.android,1054,1k-5k,CogniCrypt,Utilities,okhttp
Second parameter parameter was not properly generated as generatedPubkey OR generatedPrivkey OR generatedKey,True,com/uxcam/internals/at.java,com.umnico.android,1054,1k-5k,CogniCrypt,others,unknown
Third parameter was not properly generated as randomized,False,okhttp3/OkHttpClient.java,com.umnico.android,1054,1k-5k,CogniCrypt,Utilities,okhttp
Third parameter was not properly generated as randomized,False,okhttp3/OkHttpClient.java,com.umnico.android,1054,1k-5k,CogniCrypt,Utilities,okhttp
Second parameter was not properly generated as generatedTrustManagers,False,okhttp3/OkHttpClient.java,com.umnico.android,1054,1k-5k,CogniCrypt,Utilities,okhttp
First parameter was not properly generated as generatedKeyManagers,False,okhttp3/OkHttpClient.java,com.umnico.android,1054,1k-5k,CogniCrypt,Utilities,okhttp
Second parameter was not properly generated as generatedTrustManagers,False,okhttp3/OkHttpClient.java,com.umnico.android,1054,1k-5k,CogniCrypt,Utilities,okhttp
First parameter was not properly generated as generatedKeyManagers,False,okhttp3/OkHttpClient.java,com.umnico.android,1054,1k-5k,CogniCrypt,Utilities,okhttp
First parameter was not properly generated as generatedKeyManagers,False,okhttp3/OkHttpClient.java,com.umnico.android,1054,1k-5k,CogniCrypt,Utilities,okhttp
Second parameter was not properly generated as generatedTrustManagers,False,okhttp3/OkHttpClient.java,com.umnico.android,1054,1k-5k,CogniCrypt,Utilities,okhttp
First parameter was not properly generated as generatedKeyManagers,False,okhttp3/OkHttpClient.java,com.umnico.android,1054,1k-5k,CogniCrypt,Utilities,okhttp
First parameter was not properly generated as generatedKeyManagers,False,okhttp3/OkHttpClient.java,com.umnico.android,1054,1k-5k,CogniCrypt,Utilities,okhttp
Third parameter was not properly generated as randomized,False,okhttp3/OkHttpClient.java,com.umnico.android,1054,1k-5k,CogniCrypt,Utilities,okhttp
Third parameter was not properly generated as randomized,False,okhttp3/OkHttpClient.java,com.umnico.android,1054,1k-5k,CogniCrypt,Utilities,okhttp
First parameter was not properly generated as preparedKeyMaterial,True,com/uxcam/internals/au.java,com.umnico.android,1054,1k-5k,CogniCrypt,others,unknown
Return value was not properly generated as generatedPubkey,True,com/uxcam/internals/au.java,com.umnico.android,1054,1k-5k,CogniCrypt,others,unknown
First parameter was not properly generated as speccedKey,True,com/uxcam/internals/au.java,com.umnico.android,1054,1k-5k,CogniCrypt,others,unknown
Second parameter parameter was not properly generated as generatedKey OR generatedPubkey OR generatedPrivkey,True,com/uxcam/internals/au.java,com.umnico.android,1054,1k-5k,CogniCrypt,others,unknown
"Constraint ""protocol in {TLSv1.2, TLSv1.3}"" on object $r2 is violated due to the following reason:\n|- First parameter ""varReplacer10584"" with value ""TLS"" should be any of {TLSv1.2, TLSv1.3} (extracted @ varReplacer10584 = ""TLS"" @ line 296)",True,okhttp3/internal/platform/Platform.java,com.umnico.android,1054,1k-5k,CogniCrypt,Utilities,okhttp
"Constraint ""protocol in {TLSv1.2, TLSv1.3}"" on object $r3 is violated due to the following reason:\n|- First parameter ""varReplacer10582"" with value ""TLS"" should be any of {TLSv1.2, TLSv1.3} (extracted @ varReplacer10582 = ""TLS"" @ line 417)",True,okhttp3/internal/platform/AndroidPlatform.java,com.umnico.android,1054,1k-5k,CogniCrypt,Utilities,okhttp
First parameter was not properly generated as generatedKeyStore,False,okhttp3/internal/Util.java,com.umnico.android,1054,1k-5k,CogniCrypt,Utilities,okhttp
"Constraint ""algorithm in {SHA-256, SHA-384, SHA-512}"" on object $r6 is violated due to the following reason:\n|- First parameter ""varReplacer6434"" with value ""MD5"" should be any of {SHA-256, SHA-384, SHA-512} (extracted @ varReplacer6434 = ""MD5"" @ line -1)",True,com/uxcam/internals/fq.java,com.umnico.android,1054,1k-5k,CogniCrypt,others,unknown
Third parameter was not properly generated as randomized,False,okhttp3/OkHttpClient.java,com.umnico.android,1054,1k-5k,CogniCrypt,Utilities,okhttp
First parameter was not properly generated as generatedKeyManagers,False,k7/m.java,com.vcis.app.kanossaschool,37,5k-10k,CogniCrypt,obfuscated,obfuscated
Second parameter was not properly generated as generatedTrustManagers,True,k7/m.java,com.vcis.app.kanossaschool,37,5k-10k,CogniCrypt,obfuscated,obfuscated
Third parameter was not properly generated as randomized,False,k7/m.java,com.vcis.app.kanossaschool,37,5k-10k,CogniCrypt,obfuscated,obfuscated
Second parameter was not properly generated as generatedTrustManagers,True,k7/m.java,com.vcis.app.kanossaschool,37,5k-10k,CogniCrypt,obfuscated,obfuscated
Third parameter was not properly generated as randomized,False,k7/m.java,com.vcis.app.kanossaschool,37,5k-10k,CogniCrypt,obfuscated,obfuscated
Third parameter was not properly generated as randomized,False,k7/m.java,com.vcis.app.kanossaschool,37,5k-10k,CogniCrypt,obfuscated,obfuscated
Third parameter was not properly generated as randomized,False,k7/m.java,com.vcis.app.kanossaschool,37,5k-10k,CogniCrypt,obfuscated,obfuscated
First parameter was not properly generated as generatedKeyManagers,False,k7/m.java,com.vcis.app.kanossaschool,37,5k-10k,CogniCrypt,obfuscated,obfuscated
Second parameter was not properly generated as generatedTrustManagers,True,k7/m.java,com.vcis.app.kanossaschool,37,5k-10k,CogniCrypt,obfuscated,obfuscated
First parameter was not properly generated as generatedKeyStore,False,k7/g.java,com.vcis.app.kanossaschool,37,5k-10k,CogniCrypt,obfuscated,obfuscated
First parameter was not properly generated as generatedKeyManagers,False,k7/m.java,com.vcis.app.kanossaschool,37,5k-10k,CogniCrypt,obfuscated,obfuscated
First parameter was not properly generated as generatedKeyStore,False,k7/l.java,com.vcis.app.kanossaschool,37,5k-10k,CogniCrypt,obfuscated,obfuscated
"Constraint ""protocol in {TLSv1.2, TLSv1.3}"" on object $r1 is violated due to the following reason:\n|- First parameter ""varReplacer5629"" with value ""TLS"" should be any of {TLSv1.2, TLSv1.3} (extracted @ varReplacer5629 = ""TLS"" @ line -1)",True,k7/g.java,com.vcis.app.kanossaschool,37,5k-10k,CogniCrypt,obfuscated,obfuscated
First parameter was not properly generated as generatedKeyStore,False,k7/m.java,com.vcis.app.kanossaschool,37,5k-10k,CogniCrypt,obfuscated,obfuscated
First parameter was not properly generated as generatedKeyStore,False,k7/f.java,com.vcis.app.kanossaschool,37,5k-10k,CogniCrypt,obfuscated,obfuscated
"Constraint ""protocol in {TLSv1.2, TLSv1.3}"" on object $r1 is violated due to the following reason:\n|- First parameter ""varReplacer5635"" with value ""TLS"" should be any of {TLSv1.2, TLSv1.3} (extracted @ varReplacer5635 = ""TLS"" @ line -1)",True,k7/f.java,com.vcis.app.kanossaschool,37,5k-10k,CogniCrypt,obfuscated,obfuscated
First parameter was not properly generated as generatedKeyManagers,False,k7/g.java,com.vcis.app.kanossaschool,37,5k-10k,CogniCrypt,obfuscated,obfuscated
Second parameter was not properly generated as generatedTrustManagers,True,k7/g.java,com.vcis.app.kanossaschool,37,5k-10k,CogniCrypt,obfuscated,obfuscated
Second parameter was not properly generated as generatedTrustManagers,True,k7/m.java,com.vcis.app.kanossaschool,37,5k-10k,CogniCrypt,obfuscated,obfuscated
Third parameter was not properly generated as randomized,False,k7/g.java,com.vcis.app.kanossaschool,37,5k-10k,CogniCrypt,obfuscated,obfuscated
"Constraint ""protocol in {TLSv1.2, TLSv1.3}"" on object $r1 is violated due to the following reason:\n|- First parameter ""varReplacer5631"" with value ""TLS"" should be any of {TLSv1.2, TLSv1.3} (extracted @ varReplacer5631 = ""TLS"" @ line -1)",True,k7/m.java,com.vcis.app.kanossaschool,37,5k-10k,CogniCrypt,obfuscated,obfuscated
First parameter was not properly generated as generatedKeyManagers,False,k7/m.java,com.vcis.app.kanossaschool,37,5k-10k,CogniCrypt,obfuscated,obfuscated
Second parameter was not properly generated as generatedTrustManagers,False,okhttp3/OkHttpClient.java,com.virenter.books.aaaav,10,5k-10k,CogniCrypt,Utilities,OkHttp
"Constraint ""protocol in {TLSv1.2, TLSv1.3}"" on object $r2 is violated due to the following reason:\n|- First parameter ""varReplacer1765"" with value ""TLS"" should be any of {TLSv1.2, TLSv1.3} (extracted @ varReplacer1765 = ""TLS"" @ line 91)",True,okhttp3/internal/platform/ConscryptPlatform.java,com.virenter.books.aaaav,10,5k-10k,CogniCrypt,Utilities,OkHttp
"Constraint ""algorithm in {SHA-256, SHA-384, SHA-512}"" on object $r7 is violated due to the following reason:\n|- First parameter ""varReplacer5660"" with value ""MD5"" should be any of {SHA-256, SHA-384, SHA-512} (extracted @ varReplacer5660 = ""MD5"" @ line 4)",True,com/google/android/gms/internal/ads/zzcam.java,com.virenter.books.aaaav,10,5k-10k,CogniCrypt,Android,com.google.android.gms::play-services-ads-base
"Constraint ""algorithm in {SHA-256, SHA-384, SHA-512}"" on object $r6 is violated due to the following reason:\n|- First parameter ""$r0"" with value ""MD5"" should be any of {SHA-256, SHA-384, SHA-512} (extracted @ varReplacer6343 = ""MD5"" @ line 3)",True,com/google/android/gms/internal/ads/zzcam.java,com.virenter.books.aaaav,10,5k-10k,CogniCrypt,Android,com.google.android.gms::play-services-ads-base
"Constraint ""algorithm in {SHA-256, SHA-384, SHA-512}"" on object $r5 is violated due to the following reason:\n|- First parameter ""varReplacer6578"" with value ""MD5"" should be any of {SHA-256, SHA-384, SHA-512} (extracted @ varReplacer6578 = ""MD5"" @ line 1)",True,com/google/android/gms/internal/consent_sdk/zzcn.java,com.virenter.books.aaaav,10,5k-10k,CogniCrypt,Android,com.google.android.gms::play-services-ads-base
First parameter was not properly generated as generatedKeyStore,False,okhttp3/OkHttpClient.java,com.virenter.books.aaaav,10,5k-10k,CogniCrypt,Utilities,OkHttp
Third parameter was not properly generated as randomized,False,okhttp3/OkHttpClient.java,com.virenter.books.aaaav,10,5k-10k,CogniCrypt,Utilities,OkHttp
First parameter was not properly generated as generatedKeyManagers,False,okhttp3/OkHttpClient.java,com.virenter.books.aaaav,10,5k-10k,CogniCrypt,Utilities,OkHttp
Third parameter was not properly generated as randomized,False,okhttp3/OkHttpClient.java,com.virenter.books.aaaav,10,5k-10k,CogniCrypt,Utilities,OkHttp
First parameter was not properly generated as generatedKeyManagers,False,okhttp3/OkHttpClient.java,com.virenter.books.aaaav,10,5k-10k,CogniCrypt,Utilities,OkHttp
Second parameter was not properly generated as generatedTrustManagers,False,okhttp3/OkHttpClient.java,com.virenter.books.aaaav,10,5k-10k,CogniCrypt,Utilities,OkHttp
"Constraint ""protocol in {TLSv1.2, TLSv1.3}"" on object $r2 is violated due to the following reason:\n|- First parameter ""varReplacer1763"" with value ""TLS"" should be any of {TLSv1.2, TLSv1.3} (extracted @ varReplacer1763 = ""TLS"" @ line 269)",True,okhttp3/internal/platform/Platform.java,com.virenter.books.aaaav,10,5k-10k,CogniCrypt,Utilities,OkHttp
First parameter was not properly generated as generatedKeyManagers,False,okhttp3/internal/platform/Platform.java,com.vpnoneclick.android,315,>5M,CogniCrypt,Utilities,OkHttp
Third parameter was not properly generated as randomized,False,okhttp3/internal/platform/Platform.java,com.vpnoneclick.android,315,>5M,CogniCrypt,Utilities,OkHttp
First parameter was not properly generated as generatedKeyManagers,False,okhttp3/internal/platform/Platform.java,com.vpnoneclick.android,315,>5M,CogniCrypt,Utilities,OkHttp
Second parameter was not properly generated as generatedTrustManagers,True,okhttp3/internal/platform/Platform.java,com.vpnoneclick.android,315,>5M,CogniCrypt,Utilities,OkHttp
Third parameter was not properly generated as randomized,False,okhttp3/internal/platform/Platform.java,com.vpnoneclick.android,315,>5M,CogniCrypt,Utilities,OkHttp
Second parameter was not properly generated as generatedTrustManagers,True,okhttp3/internal/platform/Platform.java,com.vpnoneclick.android,315,>5M,CogniCrypt,Utilities,OkHttp
Third parameter was not properly generated as randomized,False,okhttp3/internal/platform/Platform.java,com.vpnoneclick.android,315,>5M,CogniCrypt,Utilities,OkHttp
Third parameter was not properly generated as randomized,False,okhttp3/internal/platform/Platform.java,com.vpnoneclick.android,315,>5M,CogniCrypt,Utilities,OkHttp
Second parameter was not properly generated as generatedTrustManagers,True,okhttp3/internal/platform/Platform.java,com.vpnoneclick.android,315,>5M,CogniCrypt,Utilities,OkHttp
First parameter was not properly generated as generatedKeyStore,False,okhttp3/internal/platform/ConscryptPlatform.java,com.vpnoneclick.android,315,>5M,CogniCrypt,Utilities,OkHttp
"Constraint ""protocol in {TLSv1.2, TLSv1.3}"" on object $r1 is violated due to the following reason:\n|- First parameter ""varReplacer1573"" with value ""TLS"" should be any of {TLSv1.2, TLSv1.3} (extracted @ varReplacer1573 = ""TLS"" @ line 44)",True,okhttp3/internal/platform/ConscryptPlatform.java,com.vpnoneclick.android,315,>5M,CogniCrypt,Utilities,OkHttp
Second parameter was not properly generated as generatedTrustManagers,True,okhttp3/internal/platform/ConscryptPlatform.java,com.vpnoneclick.android,315,>5M,CogniCrypt,Utilities,OkHttp
Third parameter was not properly generated as randomized,False,okhttp3/internal/platform/ConscryptPlatform.java,com.vpnoneclick.android,315,>5M,CogniCrypt,Utilities,OkHttp
First parameter was not properly generated as generatedKeyManagers,False,okhttp3/internal/platform/ConscryptPlatform.java,com.vpnoneclick.android,315,>5M,CogniCrypt,Utilities,OkHttp
First parameter was not properly generated as generatedKeyStore,False,okhttp3/internal/platform/OpenJSSEPlatform.java,com.vpnoneclick.android,315,>5M,CogniCrypt,Utilities,OkHttp
"Constraint ""protocol in {TLSv1.2, TLSv1.3}"" on object $r1 is violated due to the following reason:\n|- First parameter ""varReplacer1579"" with value ""TLS"" should be any of {TLSv1.2, TLSv1.3} (extracted @ varReplacer1579 = ""TLS"" @ line 38)",True,okhttp3/internal/platform/BouncyCastlePlatform.java,com.vpnoneclick.android,315,>5M,CogniCrypt,Utilities,OkHttp
First parameter was not properly generated as generatedKeyStore,False,okhttp3/internal/platform/BouncyCastlePlatform.java,com.vpnoneclick.android,315,>5M,CogniCrypt,Utilities,OkHttp
"Constraint ""algorithm in {SHA-256, SHA-384, SHA-512}"" on object $r2 is violated due to the following reason:\n|- First parameter ""$r1"" with value ""SHA-1"" should be any of {SHA-256, SHA-384, SHA-512} (extracted @ varReplacer9406 = ""SHA-1"" @ line 75)",True,okio/ByteString.java,com.vpnoneclick.android,315,>5M,CogniCrypt,Utilities,okio
Second parameter was not properly generated as generatedTrustManagers,True,okhttp3/internal/platform/Platform.java,com.vpnoneclick.android,315,>5M,CogniCrypt,Utilities,OkHttp
First parameter was not properly generated as generatedKeyManagers,False,okhttp3/internal/platform/Platform.java,com.vpnoneclick.android,315,>5M,CogniCrypt,Utilities,OkHttp
First parameter was not properly generated as generatedKeyManagers,False,okhttp3/internal/platform/Platform.java,com.vpnoneclick.android,315,>5M,CogniCrypt,Utilities,OkHttp
First parameter was not properly generated as generatedKeyStore,False,okhttp3/internal/platform/Platform.java,com.vpnoneclick.android,315,>5M,CogniCrypt,Utilities,OkHttp
"Constraint ""algorithm in {SHA-256, SHA-384, SHA-512}"" on object $r5 is violated due to the following reason:\n|- First parameter ""$r0"" with value ""MD5"" should be any of {SHA-256, SHA-384, SHA-512} (extracted @ varReplacer7600 = ""MD5"" @ line 3)",True,com/google/android/gms/internal/ads/zzcbg.java,com.vpnoneclick.android,315,>5M,CogniCrypt,Android,com.google.android.gms::play-services-ads-base
"Constraint ""algorithm in {SHA-256, SHA-384, SHA-512}"" on object $r7 is violated due to the following reason:\n|- First parameter ""varReplacer6783"" with value ""MD5"" should be any of {SHA-256, SHA-384, SHA-512} (extracted @ varReplacer6783 = ""MD5"" @ line 4)",True,com/google/android/gms/internal/ads/zzcbg.java,com.vpnoneclick.android,315,>5M,CogniCrypt,Android,com.google.android.gms::play-services-ads-base
"Constraint ""protocol in {TLSv1.2, TLSv1.3}"" on object $r1 is violated due to the following reason:\n|- First parameter ""varReplacer1575"" with value ""TLS"" should be any of {TLSv1.2, TLSv1.3} (extracted @ varReplacer1575 = ""TLS"" @ line 75)",True,okhttp3/internal/platform/Platform.java,com.vpnoneclick.android,315,>5M,CogniCrypt,Utilities,OkHttp
Second parameter parameter was not properly generated as generatedPrivkey OR generatedKey OR generatedPubkey,True,com/razorpay/CryptLib.java,com.walking.fun.rewards.fitness.fitzu,77,1k-5k,CogniCrypt,others,unknown
First parameter was not properly generated as preparedKeyMaterial,True,com/razorpay/CryptLib.java,com.walking.fun.rewards.fitness.fitzu,77,1k-5k,CogniCrypt,others,unknown
"Constraint ""algorithm in {SHA-256, SHA-384, SHA-512}"" on object $r5 is violated due to the following reason:\n|- First parameter ""varReplacer11358"" with value ""MD5"" should be any of {SHA-256, SHA-384, SHA-512} (extracted @ varReplacer11358 = ""MD5"" @ line 56)",True,com/google/android/gms/internal/ads/zzbbg.java,com.walking.fun.rewards.fitness.fitzu,77,1k-5k,CogniCrypt,Android,com.google.android.gms::play-services-ads-base
"Constraint ""algorithm in {SHA-256, SHA-384, SHA-512}"" on object $r7 is violated due to the following reason:\n|- First parameter ""varReplacer10850"" with value ""MD5"" should be any of {SHA-256, SHA-384, SHA-512} (extracted @ varReplacer10850 = ""MD5"" @ line 151)",True,com/google/android/gms/internal/ads/zzbbg.java,com.walking.fun.rewards.fitness.fitzu,77,1k-5k,CogniCrypt,Android,com.google.android.gms::play-services-ads-base
Second parameter was not properly generated as generatedTrustManagers,False,okhttp3/OkHttpClient.java,com.walking.fun.rewards.fitness.fitzu,77,1k-5k,CogniCrypt,Utilities,okhttp
First parameter was not properly generated as generatedKeyManagers,False,okhttp3/OkHttpClient.java,com.walking.fun.rewards.fitness.fitzu,77,1k-5k,CogniCrypt,Utilities,okhttp
First parameter was not properly generated as generatedKeyManagers,False,okhttp3/OkHttpClient.java,com.walking.fun.rewards.fitness.fitzu,77,1k-5k,CogniCrypt,Utilities,okhttp
Second parameter was not properly generated as generatedTrustManagers,False,okhttp3/OkHttpClient.java,com.walking.fun.rewards.fitness.fitzu,77,1k-5k,CogniCrypt,Utilities,okhttp
First parameter was not properly generated as generatedKeyManagers,False,okhttp3/OkHttpClient.java,com.walking.fun.rewards.fitness.fitzu,77,1k-5k,CogniCrypt,Utilities,okhttp
Second parameter was not properly generated as generatedTrustManagers,False,okhttp3/OkHttpClient.java,com.walking.fun.rewards.fitness.fitzu,77,1k-5k,CogniCrypt,Utilities,okhttp
First parameter was not properly generated as generatedKeyManagers,False,okhttp3/OkHttpClient.java,com.walking.fun.rewards.fitness.fitzu,77,1k-5k,CogniCrypt,Utilities,okhttp
First parameter was not properly generated as randomized,True,com/razorpay/CryptLib.java,com.walking.fun.rewards.fitness.fitzu,77,1k-5k,CogniCrypt,others,unknown
First parameter was not properly generated as generatedKeyStore,False,okhttp3/internal/Util.java,com.walking.fun.rewards.fitness.fitzu,77,1k-5k,CogniCrypt,Utilities,okhttp
Second parameter parameter was not properly generated as generatedKey OR generatedPrivkey OR generatedPubkey,True,com/razorpay/CryptLib.java,com.walking.fun.rewards.fitness.fitzu,77,1k-5k,CogniCrypt,others,unknown
"Constraint ""protocol in {TLSv1.2, TLSv1.3}"" on object $r3 is violated due to the following reason:\n|- First parameter ""varReplacer8688"" with value ""TLS"" should be any of {TLSv1.2, TLSv1.3} (extracted @ varReplacer8688 = ""TLS"" @ line 96)",True,okhttp3/internal/platform/ConscryptPlatform.java,com.walking.fun.rewards.fitness.fitzu,77,1k-5k,CogniCrypt,Utilities,okhttp
First parameter was not properly generated as generatedKeyManagers,False,okhttp3/OkHttpClient.java,com.walking.fun.rewards.fitness.fitzu,77,1k-5k,CogniCrypt,Utilities,okhttp
Third parameter was not properly generated as randomized,False,okhttp3/OkHttpClient.java,com.walking.fun.rewards.fitness.fitzu,77,1k-5k,CogniCrypt,Utilities,okhttp
Third parameter was not properly generated as randomized,False,okhttp3/OkHttpClient.java,com.walking.fun.rewards.fitness.fitzu,77,1k-5k,CogniCrypt,Utilities,okhttp
Second parameter was not properly generated as generatedTrustManagers,False,okhttp3/OkHttpClient.java,com.walking.fun.rewards.fitness.fitzu,77,1k-5k,CogniCrypt,Utilities,okhttp
Third parameter was not properly generated as randomized,False,okhttp3/OkHttpClient.java,com.walking.fun.rewards.fitness.fitzu,77,1k-5k,CogniCrypt,Utilities,okhttp
Second parameter was not properly generated as generatedTrustManagers,False,okhttp3/OkHttpClient.java,com.walking.fun.rewards.fitness.fitzu,77,1k-5k,CogniCrypt,Utilities,okhttp
Third parameter was not properly generated as randomized,False,okhttp3/OkHttpClient.java,com.walking.fun.rewards.fitness.fitzu,77,1k-5k,CogniCrypt,Utilities,okhttp
"Constraint ""protocol in {TLSv1.2, TLSv1.3}"" on object $r2 is violated due to the following reason:\n|- First parameter ""varReplacer8685"" with value ""TLS"" should be any of {TLSv1.2, TLSv1.3} (extracted @ varReplacer8685 = ""TLS"" @ line 278)",True,okhttp3/internal/platform/Platform.java,com.walking.fun.rewards.fitness.fitzu,77,1k-5k,CogniCrypt,Utilities,okhttp
Third parameter was not properly generated as randomized,False,okhttp3/OkHttpClient.java,com.walking.fun.rewards.fitness.fitzu,77,1k-5k,CogniCrypt,Utilities,okhttp
"Constraint ""algorithm in {SHA-256, SHA-384, SHA-512}"" on object $r3 is violated due to the following reason:\n|- First parameter ""$r2"" with value ""MD5"" should be any of {SHA-256, SHA-384, SHA-512} (extracted @ varReplacer3940 = ""MD5"" @ line 271)",True,com/facebook/internal/Utility.java,com.walking.fun.rewards.fitness.fitzu,77,1k-5k,CogniCrypt,SocialMedia,Facebook-Sharing
"Constraint ""algorithm in {SHA-256, SHA-384, SHA-512}"" on object $r2 is violated due to the following reason:\n|- First parameter ""$r1"" with value ""SHA-1"" should be any of {SHA-256, SHA-384, SHA-512} (extracted @ varReplacer14279 = ""SHA-1"" @ line 141)",True,okio/ByteString.java,com.walking.fun.rewards.fitness.fitzu,77,1k-5k,CogniCrypt,Utilities,okio
"Constraint ""algorithm in {SHA-256, SHA-384, SHA-512}"" on object $r1 is violated due to the following reason:\n|- First parameter ""varReplacer3756"" with value ""MD5"" should be any of {SHA-256, SHA-384, SHA-512} (extracted @ varReplacer3756 = ""MD5"" @ line 300)",True,com/facebook/appevents/AppEvent.java,com.walking.fun.rewards.fitness.fitzu,77,1k-5k,CogniCrypt,SocialMedia,Facebook-Sharing
"Constraint ""protocol in {TLSv1.2, TLSv1.3}"" on object $r3 is violated due to the following reason:\n|- First parameter ""varReplacer8691"" with value ""TLS"" should be any of {TLSv1.2, TLSv1.3} (extracted @ varReplacer8691 = ""TLS"" @ line 417)",True,okhttp3/internal/platform/AndroidPlatform.java,com.walking.fun.rewards.fitness.fitzu,77,1k-5k,CogniCrypt,Utilities,okhttp
First parameter was not properly generated as preparedKeyMaterial,True,com/google/android/gms/internal/zzar.java,com.weblogy.acotonou.com,20,1k-5k,CogniCrypt,Android,com.google.android.gms::play-services-clearcut
First parameter was not properly generated as randomized,True,com/google/android/gms/internal/zzar.java,com.weblogy.acotonou.com,20,1k-5k,CogniCrypt,Android,com.google.android.gms::play-services-clearcut
"Constraint ""algorithm in {SHA-256, SHA-384, SHA-512}"" on object $r5 is violated due to the following reason:\n|- First parameter ""varReplacer1381"" with value ""MD5"" should be any of {SHA-256, SHA-384, SHA-512} (extracted @ varReplacer1381 = ""MD5"" @ line -1)",True,com/google/android/gms/ads/internal/util/client/zza.java,com.weblogy.acotonou.com,20,1k-5k,CogniCrypt,Android,com.google.android.gms::play-services-clearcut
Second parameter parameter was not properly generated as generatedPrivkey OR generatedKey OR generatedPubkey,True,com/google/android/gms/internal/zzar.java,com.weblogy.acotonou.com,20,1k-5k,CogniCrypt,Android,com.google.android.gms::play-services-clearcut
"Constraint ""algorithm in {SHA-256, SHA-384, SHA-512}"" on object $r2 is violated due to the following reason:\n|- First parameter ""varReplacer2628"" with value ""MD5"" should be any of {SHA-256, SHA-384, SHA-512} (extracted @ varReplacer2628 = ""MD5"" @ line -1)",True,com/google/android/gms/internal/zzbm.java,com.weblogy.acotonou.com,20,1k-5k,CogniCrypt,Android,com.google.android.gms::play-services-clearcut
"Constraint ""alg(transformation) in {AES} => mode(transformation) in {GCM, CTR, CTS, CFB, OFB}"" on object $r9 is violated due to the following reason:\n|- Constraint ""alg(transformation) in {AES} => mode(transformation) in {GCM, CTR, CTS, CFB, OFB}"" evaluates to <false>:\n\t|- The left side ""alg(transformation) in {AES}"" evaluates to <true>:\n\t\t|- First parameter ""varReplacer1796"" (transformation) with value ""AES/CBC/PKCS5Padding"" satisfies the constraint in class com.google.android.gms.internal.zzar @ $r9 = getInstance(varReplacer1796) @ line -1\n\t|- The right side ""mode(transformation) in {GCM, CTR, CTS, CFB, OFB}"" evaluates to <false>:\n\t\t|- First parameter ""varReplacer1796"" (transformation) with value ""AES/CBC/PKCS5Padding"" violates the constraint in class com.google.android.gms.internal.zzar @ $r9 = getInstance(varReplacer1796) @ line -1",True,com/google/android/gms/internal/zzar.java,com.weblogy.acotonou.com,20,1k-5k,CogniCrypt,Android,com.google.android.gms::play-services-clearcut
"Constraint ""algorithm in {SHA-256, SHA-384, SHA-512}"" on object $r8 is violated due to the following reason:\n|- First parameter ""varReplacer1300"" with value ""MD5"" should be any of {SHA-256, SHA-384, SHA-512} (extracted @ varReplacer1300 = ""MD5"" @ line -1)",True,com/google/android/gms/internal/zzip.java,com.weblogy.acotonou.com,20,1k-5k,CogniCrypt,Android,com.google.android.gms::play-services-clearcut
"Constraint ""algorithm in {SHA-256, SHA-384, SHA-512}"" on object $r7 is violated due to the following reason:\n|- First parameter ""varReplacer2348"" with value ""MD5"" should be any of {SHA-256, SHA-384, SHA-512} (extracted @ varReplacer2348 = ""MD5"" @ line -1)",True,com/google/android/gms/internal/ads/zzamu.java,com.winterfelltech.belarusian.keyboard,5,1k-5k,CogniCrypt,Android,com.google.android.gms::play-services-ads-base
"Constraint ""algorithm in {SHA-256, SHA-384, SHA-512}"" on object $r5 is violated due to the following reason:\n|- First parameter ""varReplacer2821"" with value ""MD5"" should be any of {SHA-256, SHA-384, SHA-512} (extracted @ varReplacer2821 = ""MD5"" @ line -1)",True,com/google/android/gms/internal/ads/zzamu.java,com.winterfelltech.belarusian.keyboard,5,1k-5k,CogniCrypt,Android,com.google.android.gms::play-services-ads-base
"Constraint ""algorithm in {SHA-256, SHA-384, SHA-512}"" on object $r7 is violated due to the following reason:\n|- First parameter ""varReplacer4417"" with value ""MD5"" should be any of {SHA-256, SHA-384, SHA-512} (extracted @ varReplacer4417 = ""MD5"" @ line 4)",True,com/google/android/gms/ads/internal/util/client/zzf.java,com.x2line.android.milkybaby,26144281,500k-1M,CogniCrypt,Utilities,Gson
"Constraint ""algorithm in {SHA-256, SHA-384, SHA-512}"" on object $r4 is violated due to the following reason:\n|- First parameter ""varReplacer7081"" with value ""MD5"" should be any of {SHA-256, SHA-384, SHA-512} (extracted @ varReplacer7081 = ""MD5"" @ line 1)",True,com/google/android/gms/internal/consent_sdk/zzci.java,com.x2line.android.milkybaby,26144281,500k-1M,CogniCrypt,Utilities,Gson
"Constraint ""algorithm in {SHA-256, SHA-384, SHA-512}"" on object $r5 is violated due to the following reason:\n|- First parameter ""$r0"" with value ""MD5"" should be any of {SHA-256, SHA-384, SHA-512} (extracted @ varReplacer5246 = ""MD5"" @ line 3)",True,com/google/android/gms/ads/internal/util/client/zzf.java,com.x2line.android.milkybaby,26144281,500k-1M,CogniCrypt,Utilities,Gson
"Operation on object of type java.security.KeyStore not completed. Expected call to one of the methods {getKey(java.lang.String, char[])}",False,com/yardi/systems/rentcafe/resident/thomassafran/astra/utils/Common.java,com.yardi.systems.rentcafe.resident.thomassafran.astra,2,<100,CogniCrypt,developer_written,not_applicable
Operation on object of type javax.crypto.CipherInputStream not completed. Expected call to one of the methods {close()},True,com/yardi/systems/rentcafe/resident/thomassafran/astra/utils/Common.java,com.yardi.systems.rentcafe.resident.thomassafran.astra,2,<100,CogniCrypt,developer_written,not_applicable
Second parameter was not properly generated as generatedCipher,False,com/yardi/systems/rentcafe/resident/thomassafran/astra/utils/Common.java,com.yardi.systems.rentcafe.resident.thomassafran.astra,2,<100,CogniCrypt,developer_written,not_applicable
"Call to init on object of type javax.crypto.Cipher is on a dataflow path with an incomplete operation. Potential missing call to one of the methods {doFinal(byte[]), update(byte[], int, int, byte[], int), doFinal(byte[], int, int, byte[], int), doFinal(byte[], int, int, byte[]), update(byte[]), update(byte[], int, int, byte[]), updateAAD(byte[], int, int), update(byte[], int, int), update(java.nio.ByteBuffer, java.nio.ByteBuffer), wrap(java.security.Key), updateAAD(byte[]), updateAAD(java.nio.ByteBuffer), doFinal(byte[], int, int), doFinal(java.nio.ByteBuffer, java.nio.ByteBuffer)}",False,com/yardi/systems/rentcafe/resident/thomassafran/astra/utils/Common.java,com.yardi.systems.rentcafe.resident.thomassafran.astra,2,<100,CogniCrypt,developer_written,not_applicable
"Call to init on object of type javax.crypto.Cipher is on a dataflow path with an incomplete operation. Potential missing call to one of the methods {doFinal(byte[]), update(byte[], int, int, byte[], int), doFinal(byte[], int, int, byte[], int), doFinal(byte[], int, int, byte[]), update(byte[]), update(byte[], int, int, byte[]), updateAAD(byte[], int, int), update(byte[], int, int), update(java.nio.ByteBuffer, java.nio.ByteBuffer), wrap(java.security.Key), updateAAD(byte[]), updateAAD(java.nio.ByteBuffer), doFinal(byte[], int, int), doFinal(java.nio.ByteBuffer, java.nio.ByteBuffer)}",False,com/yardi/systems/rentcafe/resident/thomassafran/astra/utils/Common.java,com.yardi.systems.rentcafe.resident.thomassafran.astra,2,<100,CogniCrypt,developer_written,not_applicable
Second parameter parameter was not properly generated as generatedPrivkey OR generatedKey OR generatedPubkey,False,com/yardi/systems/rentcafe/resident/thomassafran/astra/utils/Common.java,com.yardi.systems.rentcafe.resident.thomassafran.astra,2,<100,CogniCrypt,developer_written,not_applicable
Second parameter parameter was not properly generated as generatedPrivkey OR generatedKey OR generatedPubkey,False,com/yardi/systems/rentcafe/resident/thomassafran/astra/utils/Common.java,com.yardi.systems.rentcafe.resident.thomassafran.astra,2,<100,CogniCrypt,developer_written,not_applicable
"Constraint ""type in {JCEKS, JKS, DKS, PKCS11, PKCS12}"" on object $r5 is violated due to the following reason:\n|- First parameter ""varReplacer3084"" with value ""AndroidKeyStore"" should be any of {JCEKS, JKS, DKS, PKCS11, PKCS12} (extracted @ varReplacer3084 = ""AndroidKeyStore"" @ line 2850)",False,com/yardi/systems/rentcafe/resident/thomassafran/astra/utils/Common.java,com.yardi.systems.rentcafe.resident.thomassafran.astra,2,<100,CogniCrypt,developer_written,not_applicable
First parameter was not properly generated as preparedRSA,False,com/yardi/systems/rentcafe/resident/thomassafran/astra/utils/Common.java,com.yardi.systems.rentcafe.resident.thomassafran.astra,2,<100,CogniCrypt,developer_written,not_applicable
"Unexpected call to method ""load"" on object of type java.security.KeyStore. Expected a call to one of the following methods {getKey(java.lang.String, char[]), getEntry(java.lang.String, java.security.KeyStore$ProtectionParameter), setEntry(java.lang.String, java.security.KeyStore$Entry, java.security.KeyStore$ProtectionParameter)}",False,com/yardi/systems/rentcafe/resident/thomassafran/astra/views/FingerprintSetupFragment.java,com.yardi.systems.rentcafe.resident.thomassafran.astra,2,<100,CogniCrypt,developer_written,not_applicable
"Constraint ""alg(transformation) in {AES} => mode(transformation) in {GCM, CTR, CTS, CFB, OFB}"" on object $r4 is violated due to the following reason:\n|- Constraint ""alg(transformation) in {AES} => mode(transformation) in {GCM, CTR, CTS, CFB, OFB}"" evaluates to <false>:\n\t|- The left side ""alg(transformation) in {AES}"" evaluates to <true>:\n\t\t|- First parameter ""varReplacer6146"" (transformation) with value ""AES/CBC/PKCS7Padding"" satisfies the constraint in class com.yardi.systems.rentcafe.resident.thomassafran.astra.views.FingerprintSetupFragment @ $r4 = getInstance(varReplacer6146) @ line 447\n\t|- The right side ""mode(transformation) in {GCM, CTR, CTS, CFB, OFB}"" evaluates to <false>:\n\t\t|- First parameter ""varReplacer6146"" (transformation) with value ""AES/CBC/PKCS7Padding"" violates the constraint in class com.yardi.systems.rentcafe.resident.thomassafran.astra.views.FingerprintSetupFragment @ $r4 = getInstance(varReplacer6146) @ line 447",True,com/yardi/systems/rentcafe/resident/thomassafran/astra/views/FingerprintSetupFragment.java,com.yardi.systems.rentcafe.resident.thomassafran.astra,2,<100,CogniCrypt,developer_written,not_applicable
"Operation on object of type javax.crypto.Cipher not completed. Expected call to one of the methods {init(int, java.security.Key), init(int, java.security.Key, java.security.spec.AlgorithmParameterSpec, java.security.SecureRandom), init(int, java.security.Key, java.security.spec.AlgorithmParameterSpec), init(int, java.security.Key, java.security.AlgorithmParameters, java.security.SecureRandom), init(int, java.security.cert.Certificate), init(int, java.security.Key, java.security.SecureRandom), init(int, java.security.Key, java.security.AlgorithmParameters), init(int, java.security.cert.Certificate, java.security.SecureRandom)}",False,com/yardi/systems/rentcafe/resident/thomassafran/astra/views/FingerprintSetupFragment.java,com.yardi.systems.rentcafe.resident.thomassafran.astra,2,<100,CogniCrypt,developer_written,not_applicable
First parameter was not properly generated as generatedKeyStore,False,com/yardi/systems/rentcafe/resident/thomassafran/astra/webservices/WebServiceUtil.java,com.yardi.systems.rentcafe.resident.thomassafran.astra,2,<100,CogniCrypt,developer_written,not_applicable
"Call to init on object of type javax.crypto.Cipher is on a dataflow path with an incomplete operation. Potential missing call to one of the methods {doFinal(byte[]), update(byte[], int, int, byte[], int), doFinal(byte[], int, int, byte[], int), doFinal(byte[], int, int, byte[]), update(byte[]), update(byte[], int, int, byte[]), updateAAD(byte[], int, int), update(byte[], int, int), update(java.nio.ByteBuffer, java.nio.ByteBuffer), wrap(java.security.Key), updateAAD(byte[]), updateAAD(java.nio.ByteBuffer), doFinal(byte[], int, int), doFinal(java.nio.ByteBuffer, java.nio.ByteBuffer)}",False,com/yardi/systems/rentcafe/resident/thomassafran/astra/utils/Common.java,com.yardi.systems.rentcafe.resident.thomassafran.astra,2,<100,CogniCrypt,developer_written,not_applicable
Second parameter was not properly generated as generatedCipher,False,com/yardi/systems/rentcafe/resident/thomassafran/astra/utils/Common.java,com.yardi.systems.rentcafe.resident.thomassafran.astra,2,<100,CogniCrypt,developer_written,not_applicable
Second parameter parameter was not properly generated as generatedKey OR generatedPrivkey OR generatedPubkey,False,com/yardi/systems/rentcafe/resident/thomassafran/astra/utils/Common.java,com.yardi.systems.rentcafe.resident.thomassafran.astra,2,<100,CogniCrypt,developer_written,not_applicable
"Operation on object of type java.security.KeyStore not completed. Expected call to one of the methods {getKey(java.lang.String, char[])}",True,com/yardi/systems/rentcafe/resident/thomassafran/astra/utils/Common.java,com.yardi.systems.rentcafe.resident.thomassafran.astra,2,<100,CogniCrypt,developer_written,not_applicable
Second parameter parameter was not properly generated as generatedKey OR generatedPrivkey OR generatedPubkey,False,com/yardi/systems/rentcafe/resident/thomassafran/astra/utils/Common.java,com.yardi.systems.rentcafe.resident.thomassafran.astra,2,<100,CogniCrypt,developer_written,not_applicable
"Constraint ""alg(transformation) in {AES} => mode(transformation) in {GCM, CTR, CTS, CFB, OFB}"" on object $r3 is violated due to the following reason:\n|- Constraint ""alg(transformation) in {AES} => mode(transformation) in {GCM, CTR, CTS, CFB, OFB}"" evaluates to <false>:\n\t|- The left side ""alg(transformation) in {AES}"" evaluates to <true>:\n\t\t|- First parameter ""varReplacer2973"" (transformation) with value ""AES/CBC/PKCS7Padding"" satisfies the constraint in class com.yardi.systems.rentcafe.resident.thomassafran.astra.views.LoginEmailPasswordFragment @ $r3 = getInstance(varReplacer2973) @ line 915\n\t|- The right side ""mode(transformation) in {GCM, CTR, CTS, CFB, OFB}"" evaluates to <false>:\n\t\t|- First parameter ""varReplacer2973"" (transformation) with value ""AES/CBC/PKCS7Padding"" violates the constraint in class com.yardi.systems.rentcafe.resident.thomassafran.astra.views.LoginEmailPasswordFragment @ $r3 = getInstance(varReplacer2973) @ line 915",True,com/yardi/systems/rentcafe/resident/thomassafran/astra/views/LoginEmailPasswordFragment.java,com.yardi.systems.rentcafe.resident.thomassafran.astra,2,<100,CogniCrypt,developer_written,not_applicable
First parameter was not properly generated as randomized,True,com/yardi/systems/rentcafe/resident/thomassafran/astra/views/LoginEmailPasswordFragment.java,com.yardi.systems.rentcafe.resident.thomassafran.astra,2,<100,CogniCrypt,developer_written,not_applicable
"Operation on object of type javax.crypto.Cipher not completed. Expected call to one of the methods {init(int, java.security.Key), init(int, java.security.Key, java.security.spec.AlgorithmParameterSpec, java.security.SecureRandom), init(int, java.security.Key, java.security.spec.AlgorithmParameterSpec), init(int, java.security.Key, java.security.AlgorithmParameters, java.security.SecureRandom), init(int, java.security.cert.Certificate), init(int, java.security.Key, java.security.SecureRandom), init(int, java.security.Key, java.security.AlgorithmParameters), init(int, java.security.cert.Certificate, java.security.SecureRandom)}",False,com/yardi/systems/rentcafe/resident/thomassafran/astra/views/LoginEmailPasswordFragment.java,com.yardi.systems.rentcafe.resident.thomassafran.astra,2,<100,CogniCrypt,developer_written,not_applicable
"Constraint ""type in {JCEKS, JKS, DKS, PKCS11, PKCS12}"" on object $r4 is violated due to the following reason:\n|- First parameter ""varReplacer3001"" with value ""AndroidKeyStore"" should be any of {JCEKS, JKS, DKS, PKCS11, PKCS12} (extracted @ varReplacer3001 = ""AndroidKeyStore"" @ line 2810)",False,com/yardi/systems/rentcafe/resident/thomassafran/astra/utils/Common.java,com.yardi.systems.rentcafe.resident.thomassafran.astra,2,<100,CogniCrypt,developer_written,not_applicable
"Constraint ""type in {JCEKS, JKS, DKS, PKCS11, PKCS12}"" on object $r4 is violated due to the following reason:\n|- First parameter ""varReplacer3008"" with value ""AndroidKeyStore"" should be any of {JCEKS, JKS, DKS, PKCS11, PKCS12} (extracted @ varReplacer3008 = ""AndroidKeyStore"" @ line 2810)",False,com/yardi/systems/rentcafe/resident/thomassafran/astra/utils/Common.java,com.yardi.systems.rentcafe.resident.thomassafran.astra,2,<100,CogniCrypt,developer_written,not_applicable
"Operation on object of type java.security.KeyStore not completed. Expected call to one of the methods {getKey(java.lang.String, char[])}",False,com/yardi/systems/rentcafe/resident/thomassafran/astra/utils/Common.java,com.yardi.systems.rentcafe.resident.thomassafran.astra,2,<100,CogniCrypt,developer_written,not_applicable
"Call to init on object of type javax.crypto.Cipher is on a dataflow path with an incomplete operation. Potential missing call to one of the methods {doFinal(byte[]), update(byte[], int, int, byte[], int), doFinal(byte[], int, int, byte[], int), doFinal(byte[], int, int, byte[]), update(byte[]), update(byte[], int, int, byte[]), updateAAD(byte[], int, int), update(byte[], int, int), update(java.nio.ByteBuffer, java.nio.ByteBuffer), wrap(java.security.Key), updateAAD(byte[]), updateAAD(java.nio.ByteBuffer), doFinal(byte[], int, int), doFinal(java.nio.ByteBuffer, java.nio.ByteBuffer)}",True,com/yardi/systems/rentcafe/resident/thomassafran/astra/utils/Common.java,com.yardi.systems.rentcafe.resident.thomassafran.astra,2,<100,CogniCrypt,developer_written,not_applicable
Second parameter was not properly generated as generatedTrustManagers,True,com/amazonaws/http/UrlHttpClient.java,com.ymaa.waterstyle,6,1k-5k,CogniCrypt,Cloud,Amazon-AWS-IoT
"Constraint ""algorithm in {SHA-256, SHA-384, SHA-512}"" on object $r8 is violated due to the following reason:\n|- First parameter ""varReplacer4175"" with value ""MD5"" should be any of {SHA-256, SHA-384, SHA-512} (extracted @ varReplacer4175 = ""MD5"" @ line 81)",True,com/ymaa/waterstyle/DownloadManager.java,com.ymaa.waterstyle,6,1k-5k,CogniCrypt,developer_written,not_applicable
"Constraint ""protocol in {TLSv1.2, TLSv1.3}"" on object $r2 is violated due to the following reason:\n|- First parameter ""varReplacer3003"" with value ""TLS"" should be any of {TLSv1.2, TLSv1.3} (extracted @ varReplacer3003 = ""TLS"" @ line 291)",True,com/amazonaws/http/UrlHttpClient.java,com.ymaa.waterstyle,6,1k-5k,CogniCrypt,Cloud,Amazon-AWS-IoT
First parameter was not properly generated as generatedKeyManagers,False,com/amazonaws/http/UrlHttpClient.java,com.ymaa.waterstyle,6,1k-5k,CogniCrypt,Cloud,Amazon-AWS-IoT
Third parameter was not properly generated as randomized,False,com/amazonaws/http/UrlHttpClient.java,com.ymaa.waterstyle,6,1k-5k,CogniCrypt,Cloud,Amazon-AWS-IoT
Third parameter was not properly generated as randomized,False,okhttp3/OkHttpClient.java,com.zoop.caparao,107,1k-5k,CogniCrypt,Utilities,OkHttp
"Constraint ""protocol in {TLSv1.2, TLSv1.3}"" on object $r3 is violated due to the following reason:\n|- First parameter ""varReplacer3311"" with value ""TLS"" should be any of {TLSv1.2, TLSv1.3} (extracted @ varReplacer3311 = ""TLS"" @ line 281)",True,okhttp3/OkHttpClient.java,com.zoop.caparao,107,1k-5k,CogniCrypt,Utilities,OkHttp
"Constraint ""algorithm in {SHA-256, SHA-384, SHA-512}"" on object $r2 is violated due to the following reason:\n|- First parameter ""$r1"" with value ""SHA-1"" should be any of {SHA-256, SHA-384, SHA-512} (extracted @ varReplacer8121 = ""SHA-1"" @ line 140)",True,okio/ByteString.java,com.zoop.caparao,107,1k-5k,CogniCrypt,Utilities,okio
Second parameter was not properly generated as generatedTrustManagers,False,com/zoop/zoopandroidsdk/sessions/Retrofit.java,com.zoop.caparao,107,1k-5k,CogniCrypt,Android,androidx.multidex::multidex-instrumentation
First parameter was not properly generated as generatedKeyManagers,False,okhttp3/OkHttpClient.java,com.zoop.caparao,107,1k-5k,CogniCrypt,Utilities,OkHttp
Second parameter was not properly generated as generatedTrustManagers,False,okhttp3/OkHttpClient.java,com.zoop.caparao,107,1k-5k,CogniCrypt,Utilities,OkHttp
Third parameter was not properly generated as randomized,False,com/zoop/zoopandroidsdk/sessions/Retrofit.java,com.zoop.caparao,107,1k-5k,CogniCrypt,Android,androidx.multidex::multidex-instrumentation
First parameter was not properly generated as generatedKeyManagers,False,com/zoop/zoopandroidsdk/sessions/Retrofit.java,com.zoop.caparao,107,1k-5k,CogniCrypt,Android,androidx.multidex::multidex-instrumentation
First parameter was not properly generated as generatedKeyStore,False,okhttp3/OkHttpClient.java,com.zoop.caparao,107,1k-5k,CogniCrypt,Utilities,OkHttp
"Constraint ""algorithm in {SHA-256, SHA-384, SHA-512}"" on object $r7 is violated due to the following reason:\n|- First parameter ""varReplacer3683"" with value ""MD5"" should be any of {SHA-256, SHA-384, SHA-512} (extracted @ varReplacer3683 = ""MD5"" @ line 4)",True,com/google/android/gms/internal/ads/zzcgg.java,conversor.conversaotaxasbasico.krwisk,37,<100,CogniCrypt,Utilities,Guava
"Constraint ""algorithm in {SHA-256, SHA-384, SHA-512}"" on object $r5 is violated due to the following reason:\n|- First parameter ""varReplacer4706"" with value ""MD5"" should be any of {SHA-256, SHA-384, SHA-512} (extracted @ varReplacer4706 = ""MD5"" @ line 1)",True,com/google/android/gms/internal/ads/zzcgg.java,conversor.conversaotaxasbasico.krwisk,37,<100,CogniCrypt,Utilities,Guava
Second parameter was not properly generated as generatedTrustManagers,True,org/jsoup/helper/HttpConnection$Response.java,conversor.conversaotaxasbasico.krwisk,37,<100,CogniCrypt,Utilities,jsoup
"Constraint ""protocol in {TLSv1.2, TLSv1.3}"" on object $r4 is violated due to the following reason:\n|- First parameter ""varReplacer1317"" with value ""SSL"" should be any of {TLSv1.2, TLSv1.3} (extracted @ varReplacer1317 = ""SSL"" @ line 831)",True,org/jsoup/helper/HttpConnection$Response.java,conversor.conversaotaxasbasico.krwisk,37,<100,CogniCrypt,Utilities,jsoup
First parameter was not properly generated as generatedKeyManagers,False,org/jsoup/helper/HttpConnection$Response.java,conversor.conversaotaxasbasico.krwisk,37,<100,CogniCrypt,Utilities,jsoup
First parameter was not properly generated as generatedKeyStore,False,okhttp3/OkHttpClient.java,countries.of.the.world,4,5k-10k,CogniCrypt,Utilities,okhttp
Second parameter was not properly generated as generatedTrustManagers,False,okhttp3/OkHttpClient.java,countries.of.the.world,4,5k-10k,CogniCrypt,Utilities,okhttp
"Constraint ""protocol in {TLSv1.2, TLSv1.3}"" on object $r3 is violated due to the following reason:\n|- First parameter ""varReplacer1618"" with value ""TLS"" should be any of {TLSv1.2, TLSv1.3} (extracted @ varReplacer1618 = ""TLS"" @ line 224)",True,okhttp3/OkHttpClient.java,countries.of.the.world,4,5k-10k,CogniCrypt,Utilities,okhttp
Third parameter was not properly generated as randomized,False,okhttp3/OkHttpClient.java,countries.of.the.world,4,5k-10k,CogniCrypt,Utilities,okhttp
First parameter was not properly generated as generatedKeyManagers,False,okhttp3/OkHttpClient.java,countries.of.the.world,4,5k-10k,CogniCrypt,Utilities,okhttp
First parameter was not properly generated as generatedKeyManagers,False,de/danoeh/antennapod/net/ssl/AntennaPodSslSocketFactory.java,de.danoeh.antennapod,3080095,1M-5M,CogniCrypt,developer_written,not_applicable
"Constraint ""protocol in {TLSv1.2, TLSv1.3}"" on object $r1 is violated due to the following reason:\n|- First parameter ""varReplacer6584"" with value ""TLS"" should be any of {TLSv1.2, TLSv1.3} (extracted @ varReplacer6584 = ""TLS"" @ line 44)",True,okhttp3/internal/platform/ConscryptPlatform.java,de.danoeh.antennapod,3080095,1M-5M,CogniCrypt,Utilities,OkHttp
First parameter was not properly generated as generatedKeyStore,False,de/danoeh/antennapod/net/ssl/BackportTrustManager.java,de.danoeh.antennapod,3080095,1M-5M,CogniCrypt,developer_written,not_applicable
First parameter was not properly generated as generatedKeyStore,False,okhttp3/internal/platform/ConscryptPlatform.java,de.danoeh.antennapod,3080095,1M-5M,CogniCrypt,Utilities,OkHttp
Third parameter was not properly generated as randomized,False,okhttp3/internal/platform/ConscryptPlatform.java,de.danoeh.antennapod,3080095,1M-5M,CogniCrypt,Utilities,OkHttp
First parameter was not properly generated as generatedKeyManagers,False,okhttp3/internal/platform/ConscryptPlatform.java,de.danoeh.antennapod,3080095,1M-5M,CogniCrypt,Utilities,OkHttp
Second parameter was not properly generated as generatedTrustManagers,True,okhttp3/internal/platform/ConscryptPlatform.java,de.danoeh.antennapod,3080095,1M-5M,CogniCrypt,Utilities,OkHttp
First parameter was not properly generated as generatedKeyStore,False,okhttp3/internal/platform/OpenJSSEPlatform.java,de.danoeh.antennapod,3080095,1M-5M,CogniCrypt,Utilities,OkHttp
First parameter was not properly generated as generatedKeyStore,False,okhttp3/internal/platform/Platform.java,de.danoeh.antennapod,3080095,1M-5M,CogniCrypt,Utilities,OkHttp
First parameter was not properly generated as generatedKeyManagers,False,okhttp3/internal/platform/Platform.java,de.danoeh.antennapod,3080095,1M-5M,CogniCrypt,Utilities,OkHttp
First parameter was not properly generated as generatedKeyManagers,False,okhttp3/internal/platform/Platform.java,de.danoeh.antennapod,3080095,1M-5M,CogniCrypt,Utilities,OkHttp
Third parameter was not properly generated as randomized,False,okhttp3/internal/platform/Platform.java,de.danoeh.antennapod,3080095,1M-5M,CogniCrypt,Utilities,OkHttp
Second parameter was not properly generated as generatedTrustManagers,True,okhttp3/internal/platform/Platform.java,de.danoeh.antennapod,3080095,1M-5M,CogniCrypt,Utilities,OkHttp
First parameter was not properly generated as generatedKeyManagers,False,okhttp3/internal/platform/Platform.java,de.danoeh.antennapod,3080095,1M-5M,CogniCrypt,Utilities,OkHttp
Third parameter was not properly generated as randomized,False,okhttp3/internal/platform/Platform.java,de.danoeh.antennapod,3080095,1M-5M,CogniCrypt,Utilities,OkHttp
"Constraint ""protocol in {TLSv1.2, TLSv1.3}"" on object $r1 is violated due to the following reason:\n|- First parameter ""varReplacer6586"" with value ""TLS"" should be any of {TLSv1.2, TLSv1.3} (extracted @ varReplacer6586 = ""TLS"" @ line 75)",True,okhttp3/internal/platform/Platform.java,de.danoeh.antennapod,3080095,1M-5M,CogniCrypt,Utilities,OkHttp
Third parameter was not properly generated as randomized,False,okhttp3/internal/platform/Platform.java,de.danoeh.antennapod,3080095,1M-5M,CogniCrypt,Utilities,OkHttp
Second parameter was not properly generated as generatedTrustManagers,True,okhttp3/internal/platform/Platform.java,de.danoeh.antennapod,3080095,1M-5M,CogniCrypt,Utilities,OkHttp
Second parameter was not properly generated as generatedTrustManagers,True,de/danoeh/antennapod/net/ssl/AntennaPodSslSocketFactory.java,de.danoeh.antennapod,3080095,1M-5M,CogniCrypt,developer_written,not_applicable
Second parameter was not properly generated as generatedTrustManagers,True,de/danoeh/antennapod/net/ssl/AntennaPodSslSocketFactory.java,de.danoeh.antennapod,3080095,1M-5M,CogniCrypt,developer_written,not_applicable
Third parameter was not properly generated as randomized,False,de/danoeh/antennapod/net/ssl/AntennaPodSslSocketFactory.java,de.danoeh.antennapod,3080095,1M-5M,CogniCrypt,developer_written,not_applicable
First parameter was not properly generated as generatedKeyManagers,False,de/danoeh/antennapod/net/ssl/AntennaPodSslSocketFactory.java,de.danoeh.antennapod,3080095,1M-5M,CogniCrypt,developer_written,not_applicable
"Constraint ""algorithm in {SHA-256, SHA-384, SHA-512}"" on object $r3 is violated due to the following reason:\n|- First parameter ""varReplacer13310"" with value ""MD5"" should be any of {SHA-256, SHA-384, SHA-512} (extracted @ varReplacer13310 = ""MD5"" @ line 65)",True,de/danoeh/antennapod/net/download/serviceinterface/FileNameGenerator.java,de.danoeh.antennapod,3080095,1M-5M,CogniCrypt,developer_written,not_applicable
Third parameter was not properly generated as randomized,False,de/danoeh/antennapod/net/ssl/AntennaPodSslSocketFactory.java,de.danoeh.antennapod,3080095,1M-5M,CogniCrypt,developer_written,not_applicable
"Constraint ""protocol in {TLSv1.2, TLSv1.3}"" on object $r1 is violated due to the following reason:\n|- First parameter ""varReplacer6590"" with value ""TLS"" should be any of {TLSv1.2, TLSv1.3} (extracted @ varReplacer6590 = ""TLS"" @ line 38)",True,okhttp3/internal/platform/BouncyCastlePlatform.java,de.danoeh.antennapod,3080095,1M-5M,CogniCrypt,Utilities,OkHttp
Second parameter was not properly generated as generatedTrustManagers,True,okhttp3/internal/platform/Platform.java,de.danoeh.antennapod,3080095,1M-5M,CogniCrypt,Utilities,OkHttp
Third parameter was not properly generated as randomized,False,okhttp3/internal/platform/Platform.java,de.danoeh.antennapod,3080095,1M-5M,CogniCrypt,Utilities,OkHttp
Second parameter was not properly generated as generatedTrustManagers,True,okhttp3/internal/platform/Platform.java,de.danoeh.antennapod,3080095,1M-5M,CogniCrypt,Utilities,OkHttp
First parameter was not properly generated as generatedKeyManagers,False,okhttp3/internal/platform/Platform.java,de.danoeh.antennapod,3080095,1M-5M,CogniCrypt,Utilities,OkHttp
First parameter was not properly generated as generatedKeyStore,False,okhttp3/internal/platform/BouncyCastlePlatform.java,de.danoeh.antennapod,3080095,1M-5M,CogniCrypt,Utilities,OkHttp
"Constraint ""algorithm in {SHA-256, SHA-384, SHA-512}"" on object $r7 is violated due to the following reason:\n|- First parameter ""varReplacer4002"" with value ""MD5"" should be any of {SHA-256, SHA-384, SHA-512} (extracted @ varReplacer4002 = ""MD5"" @ line 4)",True,com/google/android/gms/internal/ads/zzchh.java,de.nitri.bigfive,32,5k-10k,CogniCrypt,Utilities,Guava
"Constraint ""algorithm in {SHA-256, SHA-384, SHA-512}"" on object $r1 is violated due to the following reason:\n|- First parameter ""varReplacer1918"" with value ""MD5"" should be any of {SHA-256, SHA-384, SHA-512} (extracted @ varReplacer1918 = ""MD5"" @ line 300)",True,com/facebook/appevents/AppEvent.java,de.nitri.bigfive,32,5k-10k,CogniCrypt,SocialMedia,Facebook-App-Links
"Constraint ""algorithm in {SHA-256, SHA-384, SHA-512}"" on object $r3 is violated due to the following reason:\n|- First parameter ""$r2"" with value ""SHA-1"" should be any of {SHA-256, SHA-384, SHA-512} (extracted @ varReplacer1259 = ""SHA-1"" @ line 282)\n|- First parameter ""$r2"" with value ""MD5"" should be any of {SHA-256, SHA-384, SHA-512} (extracted @ varReplacer2330 = ""MD5"" @ line 274)",True,com/facebook/internal/Utility.java,de.nitri.bigfive,32,5k-10k,CogniCrypt,SocialMedia,Facebook-App-Links
"Constraint ""algorithm in {SHA-256, SHA-384, SHA-512}"" on object $r1 is violated due to the following reason:\n|- First parameter ""varReplacer2423"" with value ""MD5"" should be any of {SHA-256, SHA-384, SHA-512} (extracted @ varReplacer2423 = ""MD5"" @ line 22)",True,com/facebook/appevents/internal/HashUtils.java,de.nitri.bigfive,32,5k-10k,CogniCrypt,SocialMedia,Facebook-App-Links
"Constraint ""algorithm in {SHA-256, SHA-384, SHA-512}"" on object $r7 is violated due to the following reason:\n|- First parameter ""varReplacer2404"" with value ""SHA1"" should be any of {SHA-256, SHA-384, SHA-512} (extracted @ varReplacer2404 = ""SHA1"" @ line 30)",True,com/facebook/internal/security/CertificateUtil.java,de.nitri.bigfive,32,5k-10k,CogniCrypt,SocialMedia,Facebook-App-Links
"Constraint ""algorithm in {SHA-256, SHA-384, SHA-512}"" on object $r6 is violated due to the following reason:\n|- First parameter ""varReplacer4928"" with value ""MD5"" should be any of {SHA-256, SHA-384, SHA-512} (extracted @ varReplacer4928 = ""MD5"" @ line 97)",True,com/google/ads/consent/ConsentInformation.java,de.nitri.bigfive,32,5k-10k,CogniCrypt,Utilities,Guava
First parameter was not properly generated as generatedKeyManagers,False,s2/t.java,de.rooehler.bikecomputer,262,500k-1M,CogniCrypt,others,unknown
Third parameter was not properly generated as randomized,False,s2/t.java,de.rooehler.bikecomputer,262,500k-1M,CogniCrypt,others,unknown
Second parameter was not properly generated as generatedTrustManagers,False,s2/t.java,de.rooehler.bikecomputer,262,500k-1M,CogniCrypt,others,unknown
First parameter was not properly generated as generatedKeyManagers,False,s2/t.java,de.rooehler.bikecomputer,262,500k-1M,CogniCrypt,others,unknown
"Constraint ""protocol in {TLSv1.2, TLSv1.3}"" on object $r2 is violated due to the following reason:\n|- First parameter ""varReplacer3403"" with value ""TLS"" should be any of {TLSv1.2, TLSv1.3} (extracted @ varReplacer3403 = ""TLS"" @ line 1)",True,a3/f.java,de.rooehler.bikecomputer,262,500k-1M,CogniCrypt,others,unknown
"Constraint ""protocol in {TLSv1.2, TLSv1.3}"" on object $r2 is violated due to the following reason:\n|- First parameter ""varReplacer3405"" with value ""TLS"" should be any of {TLSv1.2, TLSv1.3} (extracted @ varReplacer3405 = ""TLS"" @ line 1)",True,a3/b.java,de.rooehler.bikecomputer,262,500k-1M,CogniCrypt,others,unknown
Third parameter was not properly generated as randomized,False,org/apache/http/conn/ssl/SSLContexts.java,de.rooehler.bikecomputer,262,500k-1M,CogniCrypt,Android,EventBus
Third parameter was not properly generated as randomized,False,s2/t.java,de.rooehler.bikecomputer,262,500k-1M,CogniCrypt,others,unknown
Second parameter was not properly generated as generatedTrustManagers,False,s2/t.java,de.rooehler.bikecomputer,262,500k-1M,CogniCrypt,others,unknown
Second parameter was not properly generated as generatedTrustManagers,False,org/apache/http/conn/ssl/SSLContexts.java,de.rooehler.bikecomputer,262,500k-1M,CogniCrypt,Android,EventBus
"Constraint ""algorithm in {HmacSHA256, HmacSHA384, HmacSHA512, HmacPBESHA1, PBEWithHmacSHA1, PBEWithHmacSHA224, PBEWithHmacSHA256, PBEWithHmacSHA384, PBEWithHmacSHA512}"" on object $r5 is violated due to the following reason:\n|- First parameter ""varReplacer17270"" with value ""HmacSHA1"" should be any of {HmacSHA256, HmacSHA384, HmacSHA512, HmacPBESHA1, PBEWithHmacSHA1, PBEWithHmacSHA224, PBEWithHmacSHA256, PBEWithHmacSHA384, PBEWithHmacSHA512} (extracted @ varReplacer17270 = ""HmacSHA1"" @ line 4)",True,oauth/signpost/signature/HmacSha1MessageSigner.java,de.rooehler.bikecomputer,262,500k-1M,CogniCrypt,Utilities,androidoauthclient
First parameter was not properly generated as preparedKeyMaterial,True,oauth/signpost/signature/HmacSha1MessageSigner.java,de.rooehler.bikecomputer,262,500k-1M,CogniCrypt,Utilities,androidoauthclient
First parameter was not properly generated as generatedKey,True,oauth/signpost/signature/HmacSha1MessageSigner.java,de.rooehler.bikecomputer,262,500k-1M,CogniCrypt,Utilities,androidoauthclient
"Constraint ""keyAlgorithm in {AES, HmacSHA256, HmacSHA384, HmacSHA512}"" on object $r9 is violated due to the following reason:\n|- Second parameter ""varReplacer17269"" with value ""HmacSHA1"" should be any of {AES, HmacSHA256, HmacSHA384, HmacSHA512} (extracted @ varReplacer17269 = ""HmacSHA1"" @ line 2)",True,oauth/signpost/signature/HmacSha1MessageSigner.java,de.rooehler.bikecomputer,262,500k-1M,CogniCrypt,Utilities,androidoauthclient
"Constraint ""algorithm in {SHA-256, SHA-384, SHA-512}"" on object $r5 is violated due to the following reason:\n|- First parameter ""varReplacer18489"" with value ""MD5"" should be any of {SHA-256, SHA-384, SHA-512} (extracted @ varReplacer18489 = ""MD5"" @ line 1)",True,com/google/android/gms/internal/consent_sdk/zzcn.java,de.rooehler.bikecomputer,262,500k-1M,CogniCrypt,Utilities,Guava
"Constraint ""algorithm in {SHA-256, SHA-384, SHA-512}"" on object $r6 is violated due to the following reason:\n|- First parameter ""$r0"" with value ""MD5"" should be any of {SHA-256, SHA-384, SHA-512} (extracted @ varReplacer13941 = ""MD5"" @ line 3)",True,com/google/android/gms/internal/ads/zzbzh.java,de.rooehler.bikecomputer,262,500k-1M,CogniCrypt,Utilities,Guava
"Constraint ""algorithm in {SHA-256, SHA-384, SHA-512}"" on object $r7 is violated due to the following reason:\n|- First parameter ""varReplacer11099"" with value ""MD5"" should be any of {SHA-256, SHA-384, SHA-512} (extracted @ varReplacer11099 = ""MD5"" @ line 4)",True,com/google/android/gms/internal/ads/zzbzh.java,de.rooehler.bikecomputer,262,500k-1M,CogniCrypt,Utilities,Guava
"Constraint ""protocol in {TLSv1.2, TLSv1.3}"" on object $r0 is violated due to the following reason:\n|- First parameter ""varReplacer2442"" with value ""TLS"" should be any of {TLSv1.2, TLSv1.3} (extracted @ varReplacer2442 = ""TLS"" @ line 1)",True,org/apache/http/conn/ssl/SSLContexts.java,de.rooehler.bikecomputer,262,500k-1M,CogniCrypt,Android,EventBus
First parameter was not properly generated as generatedKeyStore,False,s2/t.java,de.rooehler.bikecomputer,262,500k-1M,CogniCrypt,others,unknown
First parameter was not properly generated as generatedKeyManagers,False,org/apache/http/conn/ssl/SSLContexts.java,de.rooehler.bikecomputer,262,500k-1M,CogniCrypt,Android,EventBus
First parameter was not properly generated as generatedKeyManagers,False,okhttp3/internal/platform/Platform.java,es.ottplayer.tv,16842877,1M-5M,CogniCrypt,Utilities,OkHttp
"Constraint ""protocol in {TLSv1.2, TLSv1.3}"" on object $r1 is violated due to the following reason:\n|- First parameter ""varReplacer2777"" with value ""TLS"" should be any of {TLSv1.2, TLSv1.3} (extracted @ varReplacer2777 = ""TLS"" @ line 75)",True,okhttp3/internal/platform/Platform.java,es.ottplayer.tv,16842877,1M-5M,CogniCrypt,Utilities,OkHttp
"Constraint ""protocol in {TLSv1.2, TLSv1.3}"" on object $r5 is violated due to the following reason:\n|- First parameter ""varReplacer6751"" with value ""SSL"" should be any of {TLSv1.2, TLSv1.3} (extracted @ varReplacer6751 = ""SSL"" @ line 45)",True,com/github/kittinunf/fuel/core/FuelManager$socketFactory$2.java,es.ottplayer.tv,16842877,1M-5M,CogniCrypt,others,unknown
First parameter was not properly generated as generatedKeyStore,False,com/github/kittinunf/fuel/core/FuelManager$socketFactory$2.java,es.ottplayer.tv,16842877,1M-5M,CogniCrypt,others,unknown
First parameter was not properly generated as generatedKeyStore,False,okhttp3/internal/platform/BouncyCastlePlatform.java,es.ottplayer.tv,16842877,1M-5M,CogniCrypt,Utilities,OkHttp
"Constraint ""protocol in {TLSv1.2, TLSv1.3}"" on object $r1 is violated due to the following reason:\n|- First parameter ""varReplacer2781"" with value ""TLS"" should be any of {TLSv1.2, TLSv1.3} (extracted @ varReplacer2781 = ""TLS"" @ line 38)",True,okhttp3/internal/platform/BouncyCastlePlatform.java,es.ottplayer.tv,16842877,1M-5M,CogniCrypt,Utilities,OkHttp
Third parameter was not properly generated as randomized,False,okhttp3/internal/platform/ConscryptPlatform.java,es.ottplayer.tv,16842877,1M-5M,CogniCrypt,Utilities,OkHttp
First parameter was not properly generated as generatedKeyManagers,False,okhttp3/internal/platform/ConscryptPlatform.java,es.ottplayer.tv,16842877,1M-5M,CogniCrypt,Utilities,OkHttp
Second parameter was not properly generated as generatedTrustManagers,True,okhttp3/internal/platform/ConscryptPlatform.java,es.ottplayer.tv,16842877,1M-5M,CogniCrypt,Utilities,OkHttp
"Constraint ""protocol in {TLSv1.2, TLSv1.3}"" on object $r1 is violated due to the following reason:\n|- First parameter ""varReplacer2775"" with value ""TLS"" should be any of {TLSv1.2, TLSv1.3} (extracted @ varReplacer2775 = ""TLS"" @ line 44)",True,okhttp3/internal/platform/ConscryptPlatform.java,es.ottplayer.tv,16842877,1M-5M,CogniCrypt,Utilities,OkHttp
First parameter was not properly generated as generatedKeyStore,False,okhttp3/internal/platform/Platform.java,es.ottplayer.tv,16842877,1M-5M,CogniCrypt,Utilities,OkHttp
First parameter was not properly generated as generatedKeyStore,False,okhttp3/internal/platform/OpenJSSEPlatform.java,es.ottplayer.tv,16842877,1M-5M,CogniCrypt,Utilities,OkHttp
Third parameter was not properly generated as randomized,False,okhttp3/internal/platform/Platform.java,es.ottplayer.tv,16842877,1M-5M,CogniCrypt,Utilities,OkHttp
First parameter was not properly generated as generatedKeyStore,False,okhttp3/internal/platform/ConscryptPlatform.java,es.ottplayer.tv,16842877,1M-5M,CogniCrypt,Utilities,OkHttp
Second parameter was not properly generated as generatedTrustManagers,True,okhttp3/internal/platform/Platform.java,es.ottplayer.tv,16842877,1M-5M,CogniCrypt,Utilities,OkHttp
Third parameter was not properly generated as randomized,False,okhttp3/internal/platform/Platform.java,es.ottplayer.tv,16842877,1M-5M,CogniCrypt,Utilities,OkHttp
Second parameter was not properly generated as generatedTrustManagers,True,okhttp3/internal/platform/Platform.java,es.ottplayer.tv,16842877,1M-5M,CogniCrypt,Utilities,OkHttp
First parameter was not properly generated as generatedKeyManagers,False,okhttp3/internal/platform/Platform.java,es.ottplayer.tv,16842877,1M-5M,CogniCrypt,Utilities,OkHttp
Third parameter was not properly generated as randomized,False,okhttp3/internal/platform/Platform.java,es.ottplayer.tv,16842877,1M-5M,CogniCrypt,Utilities,OkHttp
First parameter was not properly generated as generatedKeyManagers,False,okhttp3/internal/platform/Platform.java,es.ottplayer.tv,16842877,1M-5M,CogniCrypt,Utilities,OkHttp
Second parameter was not properly generated as generatedTrustManagers,True,okhttp3/internal/platform/Platform.java,es.ottplayer.tv,16842877,1M-5M,CogniCrypt,Utilities,OkHttp
First parameter was not properly generated as generatedKeyManagers,False,okhttp3/internal/platform/Platform.java,es.ottplayer.tv,16842877,1M-5M,CogniCrypt,Utilities,OkHttp
Second parameter was not properly generated as generatedTrustManagers,True,okhttp3/internal/platform/Platform.java,es.ottplayer.tv,16842877,1M-5M,CogniCrypt,Utilities,OkHttp
Third parameter was not properly generated as randomized,False,okhttp3/internal/platform/Platform.java,es.ottplayer.tv,16842877,1M-5M,CogniCrypt,Utilities,OkHttp
First parameter was not properly generated as generatedKeyManagers,False,okhttp3/OkHttpClient.java,es.wemakeit.couto,51,<100,CogniCrypt,Utilities,OkHttp
Third parameter was not properly generated as randomized,False,okhttp3/OkHttpClient.java,es.wemakeit.couto,51,<100,CogniCrypt,Utilities,OkHttp
Second parameter was not properly generated as generatedTrustManagers,False,okhttp3/OkHttpClient.java,es.wemakeit.couto,51,<100,CogniCrypt,Utilities,OkHttp
Second parameter was not properly generated as generatedTrustManagers,False,okhttp3/OkHttpClient.java,es.wemakeit.couto,51,<100,CogniCrypt,Utilities,OkHttp
Second parameter was not properly generated as generatedTrustManagers,False,okhttp3/OkHttpClient.java,es.wemakeit.couto,51,<100,CogniCrypt,Utilities,OkHttp
Third parameter was not properly generated as randomized,False,okhttp3/OkHttpClient.java,es.wemakeit.couto,51,<100,CogniCrypt,Utilities,OkHttp
First parameter was not properly generated as generatedKeyManagers,False,okhttp3/OkHttpClient.java,es.wemakeit.couto,51,<100,CogniCrypt,Utilities,OkHttp
Second parameter was not properly generated as generatedTrustManagers,False,okhttp3/OkHttpClient.java,es.wemakeit.couto,51,<100,CogniCrypt,Utilities,OkHttp
First parameter was not properly generated as generatedKeyManagers,False,com/redsys/tpvvinapplibrary/a/b/b/b.java,es.wemakeit.couto,51,<100,CogniCrypt,others,unknown
First parameter was not properly generated as generatedKeyStore,False,com/paypal/android/sdk/ca.java,es.wemakeit.couto,51,<100,CogniCrypt,Utilities,Paypal
First parameter was not properly generated as generatedKeyStore,False,com/paypal/android/sdk/ca.java,es.wemakeit.couto,51,<100,CogniCrypt,Utilities,Paypal
Third parameter was not properly generated as randomized,False,com/paypal/android/sdk/cc.java,es.wemakeit.couto,51,<100,CogniCrypt,Utilities,Paypal
"Constraint ""protocol in {TLSv1.2, TLSv1.3}"" on object $r3 is violated due to the following reason:\n|- First parameter ""varReplacer29199"" with value ""TLS"" should be any of {TLSv1.2, TLSv1.3} (extracted @ varReplacer29199 = ""TLS"" @ line -1)",True,com/paypal/android/sdk/cc.java,es.wemakeit.couto,51,<100,CogniCrypt,Utilities,Paypal
First parameter was not properly generated as generatedKeyManagers,False,com/paypal/android/sdk/cc.java,es.wemakeit.couto,51,<100,CogniCrypt,Utilities,Paypal
Second parameter was not properly generated as generatedTrustManagers,True,com/paypal/android/sdk/cc.java,es.wemakeit.couto,51,<100,CogniCrypt,Utilities,Paypal
"Constraint ""protocol in {TLSv1.2, TLSv1.3}"" on object $r3 is violated due to the following reason:\n|- First parameter ""varReplacer21527"" with value ""TLS"" should be any of {TLSv1.2, TLSv1.3} (extracted @ varReplacer21527 = ""TLS"" @ line 445)",True,okhttp3/internal/platform/AndroidPlatform.java,es.wemakeit.couto,51,<100,CogniCrypt,Utilities,OkHttp
"Constraint ""protocol in {TLSv1.2, TLSv1.3}"" on object $r4 is violated due to the following reason:\n|- First parameter ""varReplacer21521"" with value ""TLS"" should be any of {TLSv1.2, TLSv1.3} (extracted @ varReplacer21521 = ""TLS"" @ line 274)",True,okhttp3/internal/platform/Platform.java,es.wemakeit.couto,51,<100,CogniCrypt,Utilities,OkHttp
"Constraint ""protocol in {TLSv1.2, TLSv1.3}"" on object $r3 is violated due to the following reason:\n|- First parameter ""varReplacer21524"" with value ""TLS"" should be any of {TLSv1.2, TLSv1.3} (extracted @ varReplacer21524 = ""TLS"" @ line 94)",True,okhttp3/internal/platform/ConscryptPlatform.java,es.wemakeit.couto,51,<100,CogniCrypt,Utilities,OkHttp
"Constraint ""algorithm in {SHA-256, SHA-384, SHA-512}"" on object $r1 is violated due to the following reason:\n|- First parameter ""$r2"" with value ""MD5"" should be any of {SHA-256, SHA-384, SHA-512} (extracted @ varReplacer27899 = ""MD5"" @ line 188)",True,org/apache/commons/codec/digest/DigestUtils.java,es.wemakeit.couto,51,<100,CogniCrypt,Android,com.android.tools::annotations
First parameter was not properly generated as generatedKeyStore,False,com/redsys/tpvvinapplibrary/a/b/b/b.java,es.wemakeit.couto,51,<100,CogniCrypt,others,unknown
First parameter was not properly generated as generatedKeyStore,False,okhttp3/internal/Util.java,es.wemakeit.couto,51,<100,CogniCrypt,Utilities,OkHttp
Third parameter was not properly generated as randomized,False,com/redsys/tpvvinapplibrary/a/b/b/b.java,es.wemakeit.couto,51,<100,CogniCrypt,others,unknown
Second parameter was not properly generated as generatedTrustManagers,False,com/redsys/tpvvinapplibrary/a/b/b/b.java,es.wemakeit.couto,51,<100,CogniCrypt,others,unknown
Third parameter was not properly generated as randomized,False,okhttp3/OkHttpClient.java,es.wemakeit.couto,51,<100,CogniCrypt,Utilities,OkHttp
First parameter was not properly generated as generatedKeyManagers,False,okhttp3/OkHttpClient.java,es.wemakeit.couto,51,<100,CogniCrypt,Utilities,OkHttp
Third parameter was not properly generated as randomized,False,okhttp3/OkHttpClient.java,es.wemakeit.couto,51,<100,CogniCrypt,Utilities,OkHttp
First parameter was not properly generated as generatedKeyManagers,False,okhttp3/OkHttpClient.java,es.wemakeit.couto,51,<100,CogniCrypt,Utilities,OkHttp
Second parameter was not properly generated as generatedTrustManagers,False,okhttp3/OkHttpClient.java,es.wemakeit.couto,51,<100,CogniCrypt,Utilities,OkHttp
Third parameter was not properly generated as randomized,False,okhttp3/OkHttpClient.java,es.wemakeit.couto,51,<100,CogniCrypt,Utilities,OkHttp
Second parameter was not properly generated as generatedTrustManagers,False,okhttp3/OkHttpClient.java,es.wemakeit.couto,51,<100,CogniCrypt,Utilities,OkHttp
Third parameter was not properly generated as randomized,False,okhttp3/OkHttpClient.java,es.wemakeit.couto,51,<100,CogniCrypt,Utilities,OkHttp
First parameter was not properly generated as generatedKeyManagers,False,okhttp3/OkHttpClient.java,es.wemakeit.couto,51,<100,CogniCrypt,Utilities,OkHttp
First parameter was not properly generated as generatedKeyManagers,False,okhttp3/OkHttpClient.java,es.wemakeit.couto,51,<100,CogniCrypt,Utilities,OkHttp
First parameter was not properly generated as generatedKeyStore,False,od/h.java,eu.appcorner.skanzen,4932,5k-10k,CogniCrypt,obfuscated,obfuscated
Third parameter was not properly generated as randomized,False,od/d.java,eu.appcorner.skanzen,4932,5k-10k,CogniCrypt,obfuscated,obfuscated
First parameter was not properly generated as generatedKeyManagers,False,od/h.java,eu.appcorner.skanzen,4932,5k-10k,CogniCrypt,obfuscated,obfuscated
"Constraint ""protocol in {TLSv1.2, TLSv1.3}"" on object $r1 is violated due to the following reason:\n|- First parameter ""varReplacer5731"" with value ""TLS"" should be any of {TLSv1.2, TLSv1.3} (extracted @ varReplacer5731 = ""TLS"" @ line 1)",True,od/h.java,eu.appcorner.skanzen,4932,5k-10k,CogniCrypt,obfuscated,obfuscated
Second parameter was not properly generated as generatedTrustManagers,True,od/h.java,eu.appcorner.skanzen,4932,5k-10k,CogniCrypt,obfuscated,obfuscated
Second parameter was not properly generated as generatedTrustManagers,True,od/h.java,eu.appcorner.skanzen,4932,5k-10k,CogniCrypt,obfuscated,obfuscated
Second parameter was not properly generated as generatedTrustManagers,True,od/h.java,eu.appcorner.skanzen,4932,5k-10k,CogniCrypt,obfuscated,obfuscated
Second parameter was not properly generated as generatedTrustManagers,True,od/h.java,eu.appcorner.skanzen,4932,5k-10k,CogniCrypt,obfuscated,obfuscated
Third parameter was not properly generated as randomized,False,od/h.java,eu.appcorner.skanzen,4932,5k-10k,CogniCrypt,obfuscated,obfuscated
Third parameter was not properly generated as randomized,False,od/h.java,eu.appcorner.skanzen,4932,5k-10k,CogniCrypt,obfuscated,obfuscated
Third parameter was not properly generated as randomized,False,od/h.java,eu.appcorner.skanzen,4932,5k-10k,CogniCrypt,obfuscated,obfuscated
Third parameter was not properly generated as randomized,False,od/h.java,eu.appcorner.skanzen,4932,5k-10k,CogniCrypt,obfuscated,obfuscated
First parameter was not properly generated as generatedKeyManagers,False,od/h.java,eu.appcorner.skanzen,4932,5k-10k,CogniCrypt,obfuscated,obfuscated
First parameter was not properly generated as generatedKeyStore,False,od/d.java,eu.appcorner.skanzen,4932,5k-10k,CogniCrypt,obfuscated,obfuscated
"Constraint ""protocol in {TLSv1.2, TLSv1.3}"" on object $r1 is violated due to the following reason:\n|- First parameter ""varReplacer5729"" with value ""TLS"" should be any of {TLSv1.2, TLSv1.3} (extracted @ varReplacer5729 = ""TLS"" @ line 1)",True,od/d.java,eu.appcorner.skanzen,4932,5k-10k,CogniCrypt,obfuscated,obfuscated
Second parameter was not properly generated as generatedTrustManagers,True,od/d.java,eu.appcorner.skanzen,4932,5k-10k,CogniCrypt,obfuscated,obfuscated
First parameter was not properly generated as generatedKeyManagers,False,od/d.java,eu.appcorner.skanzen,4932,5k-10k,CogniCrypt,obfuscated,obfuscated
First parameter was not properly generated as generatedKeyStore,False,od/g.java,eu.appcorner.skanzen,4932,5k-10k,CogniCrypt,obfuscated,obfuscated
"Constraint ""protocol in {TLSv1.2, TLSv1.3}"" on object $r1 is violated due to the following reason:\n|- First parameter ""varReplacer5735"" with value ""TLS"" should be any of {TLSv1.2, TLSv1.3} (extracted @ varReplacer5735 = ""TLS"" @ line 1)",True,od/c.java,eu.appcorner.skanzen,4932,5k-10k,CogniCrypt,obfuscated,obfuscated
First parameter was not properly generated as generatedKeyStore,False,od/c.java,eu.appcorner.skanzen,4932,5k-10k,CogniCrypt,obfuscated,obfuscated
First parameter was not properly generated as generatedKeyManagers,False,od/h.java,eu.appcorner.skanzen,4932,5k-10k,CogniCrypt,obfuscated,obfuscated
First parameter was not properly generated as generatedKeyManagers,False,od/h.java,eu.appcorner.skanzen,4932,5k-10k,CogniCrypt,obfuscated,obfuscated
"Operation on object of type javax.crypto.Cipher not completed. Expected call to one of the methods {init(int, java.security.Key), init(int, java.security.Key, java.security.spec.AlgorithmParameterSpec, java.security.SecureRandom), init(int, java.security.Key, java.security.spec.AlgorithmParameterSpec), init(int, java.security.Key, java.security.AlgorithmParameters, java.security.SecureRandom), init(int, java.security.cert.Certificate), init(int, java.security.Key, java.security.SecureRandom), init(int, java.security.Key, java.security.AlgorithmParameters), init(int, java.security.cert.Certificate, java.security.SecureRandom)}",False,fr/pcsoft/wdjava/core/context/WDContexte.java,eu.magelansoftware.mydtassist,48,<100,CogniCrypt,Android,androidx.multidex::multidex-instrumentation
"Constraint ""algorithm in {SHA-256, SHA-384, SHA-512}"" on object $r7 is violated due to the following reason:\n|- First parameter ""varReplacer10534"" with value ""MD5"" should be any of {SHA-256, SHA-384, SHA-512} (extracted @ varReplacer10534 = ""MD5"" @ line -1)",True,fr/pcsoft/wdjava/core/context/WDContexte.java,eu.magelansoftware.mydtassist,48,<100,CogniCrypt,Android,androidx.multidex::multidex-instrumentation
"Constraint ""alg(transformation) in {AES} => mode(transformation) in {GCM, CTR, CTS, CFB, OFB}"" on object $r3 is violated due to the following reason:\n|- Constraint ""alg(transformation) in {AES} => mode(transformation) in {GCM, CTR, CTS, CFB, OFB}"" evaluates to <false>:\n\t|- The left side ""alg(transformation) in {AES}"" evaluates to <true>:\n\t\t|- First parameter ""varReplacer10536"" (transformation) with value ""AES/CBC/PKCS5Padding"" satisfies the constraint in class fr.pcsoft.wdjava.core.context.WDContexte @ $r3 = getInstance(varReplacer10536) @ line -1\n\t|- The right side ""mode(transformation) in {GCM, CTR, CTS, CFB, OFB}"" evaluates to <false>:\n\t\t|- First parameter ""varReplacer10536"" (transformation) with value ""AES/CBC/PKCS5Padding"" violates the constraint in class fr.pcsoft.wdjava.core.context.WDContexte @ $r3 = getInstance(varReplacer10536) @ line -1",True,fr/pcsoft/wdjava/core/context/WDContexte.java,eu.magelansoftware.mydtassist,48,<100,CogniCrypt,Android,androidx.multidex::multidex-instrumentation
First parameter was not properly generated as randomized,True,fr/pcsoft/wdjava/core/context/WDContexte.java,eu.magelansoftware.mydtassist,48,<100,CogniCrypt,Android,androidx.multidex::multidex-instrumentation
First parameter was not properly generated as preparedKeyMaterial,True,fr/pcsoft/wdjava/core/context/WDContexte.java,eu.magelansoftware.mydtassist,48,<100,CogniCrypt,Android,androidx.multidex::multidex-instrumentation
Second parameter parameter was not properly generated as generatedKey OR generatedPrivkey OR generatedPubkey,False,g/a/a/m/o.java,fr.lapostemobile.appliclient,61,1M-5M,CogniCrypt,obfuscated,obfuscated
First parameter was not properly generated as preparedRSA,False,g/a/a/m/o.java,fr.lapostemobile.appliclient,61,1M-5M,CogniCrypt,obfuscated,obfuscated
First parameter was not properly generated as preparedKeyMaterial,True,g/a/a/m/o.java,fr.lapostemobile.appliclient,61,1M-5M,CogniCrypt,obfuscated,obfuscated
Second parameter was not properly generated as generatedCipher,False,g/a/a/m/o.java,fr.lapostemobile.appliclient,61,1M-5M,CogniCrypt,obfuscated,obfuscated
"Constraint ""alg(transformation) in {AES} => mode(transformation) in {GCM, CTR, CTS, CFB, OFB}"" on object $r4 is violated due to the following reason:\n|- Constraint ""alg(transformation) in {AES} => mode(transformation) in {GCM, CTR, CTS, CFB, OFB}"" evaluates to <false>:\n\t|- The left side ""alg(transformation) in {AES}"" evaluates to <true>:\n\t\t|- First parameter ""varReplacer6509"" (transformation) with value ""AES/ECB/PKCS7Padding"" satisfies the constraint in class g.a.a.m.o @ $r4 = getInstance(varReplacer6509,varReplacer6510) @ line -1\n\t|- The right side ""mode(transformation) in {GCM, CTR, CTS, CFB, OFB}"" evaluates to <false>:\n\t\t|- First parameter ""varReplacer6509"" (transformation) with value ""AES/ECB/PKCS7Padding"" violates the constraint in class g.a.a.m.o @ $r4 = getInstance(varReplacer6509,varReplacer6510) @ line -1",True,g/a/a/m/o.java,fr.lapostemobile.appliclient,61,1M-5M,CogniCrypt,obfuscated,obfuscated
Second parameter parameter was not properly generated as generatedKey OR generatedPubkey OR generatedPrivkey,True,g/a/a/m/o.java,fr.lapostemobile.appliclient,61,1M-5M,CogniCrypt,obfuscated,obfuscated
Second parameter parameter was not properly generated as generatedPrivkey OR generatedPubkey OR generatedKey,False,g/a/a/m/o.java,fr.lapostemobile.appliclient,61,1M-5M,CogniCrypt,obfuscated,obfuscated
Second parameter was not properly generated as generatedCipher,False,g/a/a/m/o.java,fr.lapostemobile.appliclient,61,1M-5M,CogniCrypt,obfuscated,obfuscated
"Constraint ""type in {JCEKS, JKS, DKS, PKCS11, PKCS12}"" on object $r0 is violated due to the following reason:\n|- First parameter ""varReplacer6541"" with value ""AndroidKeyStore"" should be any of {JCEKS, JKS, DKS, PKCS11, PKCS12} (extracted @ varReplacer6541 = ""AndroidKeyStore"" @ line -1)",False,g/a/a/m/o.java,fr.lapostemobile.appliclient,61,1M-5M,CogniCrypt,obfuscated,obfuscated
First parameter was not properly generated as generatedKeyManagers,False,hu/tell/tellmonapp/services/NukeSSLCerts.java,hu.tell.tellmonapp,22,<100,CogniCrypt,developer_written,not_applicable
Second parameter was not properly generated as generatedTrustManagers,True,hu/tell/tellmonapp/services/NukeSSLCerts.java,hu.tell.tellmonapp,22,<100,CogniCrypt,developer_written,not_applicable
"Constraint ""protocol in {TLSv1.2, TLSv1.3}"" on object $r5 is violated due to the following reason:\n|- First parameter ""varReplacer1097"" with value ""SSL"" should be any of {TLSv1.2, TLSv1.3} (extracted @ varReplacer1097 = ""SSL"" @ line 13)",True,hu/tell/tellmonapp/services/NukeSSLCerts.java,hu.tell.tellmonapp,22,<100,CogniCrypt,developer_written,not_applicable
"Constraint ""protocol in {TLSv1.2, TLSv1.3}"" on object $r4 is violated due to the following reason:\n|- First parameter ""varReplacer3598"" with value ""TLS"" should be any of {TLSv1.2, TLSv1.3} (extracted @ varReplacer3598 = ""TLS"" @ line 210)",True,com/mixpanel/android/mpmetrics/MPConfig.java,ie.flipdish.fd24065,64301,<100,CogniCrypt,others,unknown
Third parameter was not properly generated as randomized,False,com/mixpanel/android/mpmetrics/MPConfig.java,ie.flipdish.fd24065,64301,<100,CogniCrypt,others,unknown
First parameter was not properly generated as generatedKeyManagers,False,com/mixpanel/android/mpmetrics/MPConfig.java,ie.flipdish.fd24065,64301,<100,CogniCrypt,others,unknown
Second parameter was not properly generated as generatedTrustManagers,False,com/mixpanel/android/mpmetrics/MPConfig.java,ie.flipdish.fd24065,64301,<100,CogniCrypt,others,unknown
First parameter was not properly generated as generatedKeyManagers,False,okhttp3/internal/platform/Platform.java,ie.flipdish.fd24065,64301,<100,CogniCrypt,Utilities,OkHttp
Third parameter was not properly generated as randomized,False,okhttp3/internal/platform/Platform.java,ie.flipdish.fd24065,64301,<100,CogniCrypt,Utilities,OkHttp
Second parameter was not properly generated as generatedTrustManagers,True,okhttp3/internal/platform/Platform.java,ie.flipdish.fd24065,64301,<100,CogniCrypt,Utilities,OkHttp
Third parameter was not properly generated as randomized,False,okhttp3/internal/platform/Platform.java,ie.flipdish.fd24065,64301,<100,CogniCrypt,Utilities,OkHttp
"Constraint ""algorithm in {SHA-256, SHA-384, SHA-512}"" on object $r7 is violated due to the following reason:\n|- First parameter ""varReplacer4925"" with value ""SHA1"" should be any of {SHA-256, SHA-384, SHA-512} (extracted @ varReplacer4925 = ""SHA1"" @ line 43)",True,com/mixpanel/android/util/ImageStore.java,ie.flipdish.fd24065,64301,<100,CogniCrypt,others,unknown
First parameter was not properly generated as generatedKeyStore,False,okhttp3/internal/platform/OpenJSSEPlatform.java,ie.flipdish.fd24065,64301,<100,CogniCrypt,Utilities,OkHttp
Second parameter was not properly generated as generatedTrustManagers,True,okhttp3/internal/platform/Platform.java,ie.flipdish.fd24065,64301,<100,CogniCrypt,Utilities,OkHttp
First parameter was not properly generated as generatedKeyStore,False,okhttp3/internal/platform/Platform.java,ie.flipdish.fd24065,64301,<100,CogniCrypt,Utilities,OkHttp
"Constraint ""protocol in {TLSv1.2, TLSv1.3}"" on object $r1 is violated due to the following reason:\n|- First parameter ""varReplacer13917"" with value ""TLS"" should be any of {TLSv1.2, TLSv1.3} (extracted @ varReplacer13917 = ""TLS"" @ line 75)",True,okhttp3/internal/platform/Platform.java,ie.flipdish.fd24065,64301,<100,CogniCrypt,Utilities,OkHttp
First parameter was not properly generated as generatedKeyManagers,False,okhttp3/internal/platform/Platform.java,ie.flipdish.fd24065,64301,<100,CogniCrypt,Utilities,OkHttp
Second parameter was not properly generated as generatedTrustManagers,True,okhttp3/internal/platform/Platform.java,ie.flipdish.fd24065,64301,<100,CogniCrypt,Utilities,OkHttp
Second parameter was not properly generated as generatedTrustManagers,True,okhttp3/internal/platform/Platform.java,ie.flipdish.fd24065,64301,<100,CogniCrypt,Utilities,OkHttp
First parameter was not properly generated as generatedKeyManagers,False,okhttp3/internal/platform/Platform.java,ie.flipdish.fd24065,64301,<100,CogniCrypt,Utilities,OkHttp
Third parameter was not properly generated as randomized,False,okhttp3/internal/platform/Platform.java,ie.flipdish.fd24065,64301,<100,CogniCrypt,Utilities,OkHttp
"Constraint ""protocol in {TLSv1.2, TLSv1.3}"" on object $r1 is violated due to the following reason:\n|- First parameter ""varReplacer13915"" with value ""TLS"" should be any of {TLSv1.2, TLSv1.3} (extracted @ varReplacer13915 = ""TLS"" @ line 44)",True,okhttp3/internal/platform/ConscryptPlatform.java,ie.flipdish.fd24065,64301,<100,CogniCrypt,Utilities,OkHttp
Third parameter was not properly generated as randomized,False,okhttp3/internal/platform/Platform.java,ie.flipdish.fd24065,64301,<100,CogniCrypt,Utilities,OkHttp
Second parameter was not properly generated as generatedTrustManagers,True,okhttp3/internal/platform/ConscryptPlatform.java,ie.flipdish.fd24065,64301,<100,CogniCrypt,Utilities,OkHttp
Third parameter was not properly generated as randomized,False,okhttp3/internal/platform/ConscryptPlatform.java,ie.flipdish.fd24065,64301,<100,CogniCrypt,Utilities,OkHttp
First parameter was not properly generated as generatedKeyManagers,False,okhttp3/internal/platform/ConscryptPlatform.java,ie.flipdish.fd24065,64301,<100,CogniCrypt,Utilities,OkHttp
"Constraint ""protocol in {TLSv1.2, TLSv1.3}"" on object $r1 is violated due to the following reason:\n|- First parameter ""varReplacer13921"" with value ""TLS"" should be any of {TLSv1.2, TLSv1.3} (extracted @ varReplacer13921 = ""TLS"" @ line 38)",True,okhttp3/internal/platform/BouncyCastlePlatform.java,ie.flipdish.fd24065,64301,<100,CogniCrypt,Utilities,OkHttp
First parameter was not properly generated as generatedKeyStore,False,okhttp3/internal/platform/BouncyCastlePlatform.java,ie.flipdish.fd24065,64301,<100,CogniCrypt,Utilities,OkHttp
"Constraint ""algorithm in {SHA-256, SHA-384, SHA-512}"" on object $r1 is violated due to the following reason:\n|- First parameter ""varReplacer8648"" with value ""MD5"" should be any of {SHA-256, SHA-384, SHA-512} (extracted @ varReplacer8648 = ""MD5"" @ line 300)",True,com/facebook/appevents/AppEvent.java,ie.flipdish.fd24065,64301,<100,CogniCrypt,SocialMedia,Facebook-Sharing
"Constraint ""algorithm in {SHA-256, SHA-384, SHA-512}"" on object $r3 is violated due to the following reason:\n|- First parameter ""$r2"" with value ""MD5"" should be any of {SHA-256, SHA-384, SHA-512} (extracted @ varReplacer8852 = ""MD5"" @ line 271)",True,com/facebook/internal/Utility.java,ie.flipdish.fd24065,64301,<100,CogniCrypt,SocialMedia,Facebook-Sharing
First parameter was not properly generated as generatedKeyStore,False,okhttp3/internal/platform/ConscryptPlatform.java,ie.flipdish.fd24065,64301,<100,CogniCrypt,Utilities,OkHttp
First parameter was not properly generated as generatedKeyManagers,False,okhttp3/internal/platform/Platform.java,ie.flipdish.fd24065,64301,<100,CogniCrypt,Utilities,OkHttp
"Constraint ""alg(transformation) in {AES} => mode(transformation) in {GCM, CTR, CTS, CFB, OFB}"" on object $r6 is violated due to the following reason:\n|- Constraint ""alg(transformation) in {AES} => mode(transformation) in {GCM, CTR, CTS, CFB, OFB}"" evaluates to <false>:\n\t|- The left side ""alg(transformation) in {AES}"" evaluates to <true>:\n\t\t|- First parameter ""varReplacer47169"" (transformation) with value ""AES/CBC/PKCS5Padding"" satisfies the constraint in class m4.a @ $r6 = getInstance(varReplacer47169) @ line 34\n\t|- The right side ""mode(transformation) in {GCM, CTR, CTS, CFB, OFB}"" evaluates to <false>:\n\t\t|- First parameter ""varReplacer47169"" (transformation) with value ""AES/CBC/PKCS5Padding"" violates the constraint in class m4.a @ $r6 = getInstance(varReplacer47169) @ line 34",True,m4/a.java,imagetopdf.pdfconverter.jpgtopdf.pdfeditor,80,>5M,CogniCrypt,others,unknown
Second parameter parameter was not properly generated as generatedPubkey OR generatedPrivkey OR generatedKey,True,m4/a.java,imagetopdf.pdfconverter.jpgtopdf.pdfeditor,80,>5M,CogniCrypt,others,unknown
First parameter was not properly generated as preparedKeyMaterial,True,m4/a.java,imagetopdf.pdfconverter.jpgtopdf.pdfeditor,80,>5M,CogniCrypt,others,unknown
"Call to update on object of type java.security.MessageDigest is on a dataflow path with an incomplete operation. Potential missing call to one of the methods {digest(), digest(byte[], int, int), digest(byte[])}",False,nd/b.java,imagetopdf.pdfconverter.jpgtopdf.pdfeditor,80,>5M,CogniCrypt,others,unknown
"Call to update on object of type java.security.MessageDigest is on a dataflow path with an incomplete operation. Potential missing call to one of the methods {digest(), digest(byte[], int, int), digest(byte[])}",True,nd/b.java,imagetopdf.pdfconverter.jpgtopdf.pdfeditor,80,>5M,CogniCrypt,others,unknown
"Constraint ""algorithm in {SHA-256, SHA-384, SHA-512}"" on object $r12 is violated due to the following reason:\n|- First parameter ""varReplacer40743"" with value ""MD5"" should be any of {SHA-256, SHA-384, SHA-512} (extracted @ varReplacer40743 = ""MD5"" @ line 101)",True,nd/b.java,imagetopdf.pdfconverter.jpgtopdf.pdfeditor,80,>5M,CogniCrypt,others,unknown
"Constraint ""algorithm in {SHA-256, SHA-384, SHA-512}"" on object $r5 is violated due to the following reason:\n|- First parameter ""varReplacer40538"" with value ""MD5"" should be any of {SHA-256, SHA-384, SHA-512} (extracted @ varReplacer40538 = ""MD5"" @ line -1)",True,com/google/android/gms/internal/consent_sdk/zzcn.java,imagetopdf.pdfconverter.jpgtopdf.pdfeditor,80,>5M,CogniCrypt,Utilities,Guava
"Constraint ""algorithm in {SHA-256, SHA-384, SHA-512}"" on object $r1 is violated due to the following reason:\n|- First parameter ""varReplacer12326"" with value ""MD5"" should be any of {SHA-256, SHA-384, SHA-512} (extracted @ varReplacer12326 = ""MD5"" @ line 4)",True,com/google/android/play/core/assetpacks/t0.java,imagetopdf.pdfconverter.jpgtopdf.pdfeditor,80,>5M,CogniCrypt,Utilities,Guava
First parameter was not properly generated as preparedKeyMaterial,True,m4/a.java,imagetopdf.pdfconverter.jpgtopdf.pdfeditor,80,>5M,CogniCrypt,others,unknown
"Constraint ""alg(transformation) in {AES} => mode(transformation) in {GCM, CTR, CTS, CFB, OFB}"" on object $r6 is violated due to the following reason:\n|- Constraint ""alg(transformation) in {AES} => mode(transformation) in {GCM, CTR, CTS, CFB, OFB}"" evaluates to <false>:\n\t|- The left side ""alg(transformation) in {AES}"" evaluates to <true>:\n\t\t|- First parameter ""varReplacer47177"" (transformation) with value ""AES/CBC/PKCS5Padding"" satisfies the constraint in class m4.a @ $r6 = getInstance(varReplacer47177) @ line 34\n\t|- The right side ""mode(transformation) in {GCM, CTR, CTS, CFB, OFB}"" evaluates to <false>:\n\t\t|- First parameter ""varReplacer47177"" (transformation) with value ""AES/CBC/PKCS5Padding"" violates the constraint in class m4.a @ $r6 = getInstance(varReplacer47177) @ line 34",True,m4/a.java,imagetopdf.pdfconverter.jpgtopdf.pdfeditor,80,>5M,CogniCrypt,others,unknown
Second parameter parameter was not properly generated as generatedPrivkey OR generatedPubkey OR generatedKey,True,m4/a.java,imagetopdf.pdfconverter.jpgtopdf.pdfeditor,80,>5M,CogniCrypt,others,unknown
First parameter was not properly generated as randomized,True,m4/a.java,imagetopdf.pdfconverter.jpgtopdf.pdfeditor,80,>5M,CogniCrypt,others,unknown
"Constraint ""algorithm in {SHA-256, SHA-384, SHA-512}"" on object $r1 is violated due to the following reason:\n|- First parameter ""varReplacer30173"" with value ""MD5"" should be any of {SHA-256, SHA-384, SHA-512} (extracted @ varReplacer30173 = ""MD5"" @ line -1)",True,lib/android/wps/fc/hssf/record/crypto/Biff8EncryptionKey.java,imagetopdf.pdfconverter.jpgtopdf.pdfeditor,80,>5M,CogniCrypt,Android,comandroiddatabindingbaselibrary
"Constraint ""algorithm in {SHA-256, SHA-384, SHA-512}"" on object $r3 is violated due to the following reason:\n|- First parameter ""varReplacer30155"" with value ""MD5"" should be any of {SHA-256, SHA-384, SHA-512} (extracted @ varReplacer30155 = ""MD5"" @ line -1)",True,lib/android/wps/fc/hssf/record/crypto/Biff8EncryptionKey.java,imagetopdf.pdfconverter.jpgtopdf.pdfeditor,80,>5M,CogniCrypt,Android,comandroiddatabindingbaselibrary
"Constraint ""algorithm in {SHA-256, SHA-384, SHA-512}"" on object $r5 is violated due to the following reason:\n|- First parameter ""varReplacer30172"" with value ""MD5"" should be any of {SHA-256, SHA-384, SHA-512} (extracted @ varReplacer30172 = ""MD5"" @ line -1)",True,lib/android/wps/fc/hssf/record/crypto/Biff8EncryptionKey.java,imagetopdf.pdfconverter.jpgtopdf.pdfeditor,80,>5M,CogniCrypt,Android,comandroiddatabindingbaselibrary
First parameter was not properly generated as randomized,True,m4/a.java,imagetopdf.pdfconverter.jpgtopdf.pdfeditor,80,>5M,CogniCrypt,others,unknown
"Constraint ""algorithm in {SHA-256, SHA-384, SHA-512}"" on object $r1 is violated due to the following reason:\n|- First parameter ""varReplacer6040"" with value ""SHA-1"" should be any of {SHA-256, SHA-384, SHA-512} (extracted @ varReplacer6040 = ""SHA-1"" @ line 13)",True,com/appsflyer/internal/ac.java,in.co.mfonline,33,5k-10k,CogniCrypt,Analytics,AppsFlyer
First parameter was not properly generated as preparedRSA,False,com/appsflyer/AFKeystoreWrapper.java,in.co.mfonline,33,5k-10k,CogniCrypt,Analytics,AppsFlyer
"Constraint ""algorithm in {SHA-256, SHA-384, SHA-512}"" on object $r11 is violated due to the following reason:\n|- First parameter ""varReplacer5712"" with value ""SHA256"" should be any of {SHA-256, SHA-384, SHA-512} (extracted @ varReplacer5712 = ""SHA256"" @ line 130)",True,com/appsflyer/AndroidUtils.java,in.co.mfonline,33,5k-10k,CogniCrypt,Analytics,AppsFlyer
"Constraint ""algorithm in {SHA-256, SHA-384, SHA-512}"" on object $r1 is violated due to the following reason:\n|- First parameter ""varReplacer6047"" with value ""MD5"" should be any of {SHA-256, SHA-384, SHA-512} (extracted @ varReplacer6047 = ""MD5"" @ line 26)",True,com/appsflyer/internal/ac.java,in.co.mfonline,33,5k-10k,CogniCrypt,Analytics,AppsFlyer
"Constraint ""type in {JCEKS, JKS, DKS, PKCS11, PKCS12}"" on object $r1 is violated due to the following reason:\n|- First parameter ""varReplacer6590"" with value ""AndroidKeyStore"" should be any of {JCEKS, JKS, DKS, PKCS11, PKCS12} (extracted @ varReplacer6590 = ""AndroidKeyStore"" @ line 1054)",False,com/appsflyer/AFKeystoreWrapper.java,in.co.mfonline,33,5k-10k,CogniCrypt,Analytics,AppsFlyer
"Constraint ""algorithm in {SHA-256, SHA-384, SHA-512}"" on object $r1 is violated due to the following reason:\n|- First parameter ""varReplacer1673"" with value ""MD5"" should be any of {SHA-256, SHA-384, SHA-512} (extracted @ varReplacer1673 = ""MD5"" @ line 300)",True,com/facebook/appevents/AppEvent.java,in.co.mfonline,33,5k-10k,CogniCrypt,SocialMedia,Facebook-Sharing
"Constraint ""algorithm in {SHA-256, SHA-384, SHA-512}"" on object $r6 is violated due to the following reason:\n|- First parameter ""$r0"" with value ""MD5"" should be any of {SHA-256, SHA-384, SHA-512} (extracted @ varReplacer5899 = ""MD5"" @ line 3)",True,com/google/android/gms/internal/ads/zzbzh.java,in.myinnos.batteryinfopro,50,5k-10k,CogniCrypt,Android,com.google.android.gms::play-services-ads-base
Return value was not properly generated as generatedPubkey,False,com/anjlab/android/iab/v3/Security.java,in.myinnos.batteryinfopro,50,5k-10k,CogniCrypt,others,unknown
First parameter was not properly generated as preparedKeyMaterial,False,com/anjlab/android/iab/v3/Security.java,in.myinnos.batteryinfopro,50,5k-10k,CogniCrypt,others,unknown
First parameter was not properly generated as speccedKey,False,com/anjlab/android/iab/v3/Security.java,in.myinnos.batteryinfopro,50,5k-10k,CogniCrypt,others,unknown
First parameter was not properly generated as generatedPubkey,False,com/anjlab/android/iab/v3/Security.java,in.myinnos.batteryinfopro,50,5k-10k,CogniCrypt,others,unknown
"Constraint ""algorithm in {SHA256withRSA, SHA256withECDSA, SHA256withDSA, SHA384withRSA, SHA512withRSA, SHA384withECDSA, SHA512withECDSA}"" on object $r7 is violated due to the following reason:\n|- First parameter ""varReplacer8454"" with value ""SHA1withRSA"" should be any of {SHA256withRSA, SHA256withECDSA, SHA256withDSA, SHA384withRSA, SHA512withRSA, SHA384withECDSA, SHA512withECDSA} (extracted @ varReplacer8454 = ""SHA1withRSA"" @ line 128)",True,com/anjlab/android/iab/v3/Security.java,in.myinnos.batteryinfopro,50,5k-10k,CogniCrypt,others,unknown
"Constraint ""algorithm in {SHA-256, SHA-384, SHA-512}"" on object $r7 is violated due to the following reason:\n|- First parameter ""varReplacer5047"" with value ""MD5"" should be any of {SHA-256, SHA-384, SHA-512} (extracted @ varReplacer5047 = ""MD5"" @ line 4)",True,com/google/android/gms/internal/ads/zzbzh.java,in.myinnos.batteryinfopro,50,5k-10k,CogniCrypt,Android,com.google.android.gms::play-services-ads-base
"Constraint ""algorithm in {SHA-256, SHA-384, SHA-512}"" on object $r8 is violated due to the following reason:\n|- First parameter ""varReplacer10142"" with value ""MD5"" should be any of {SHA-256, SHA-384, SHA-512} (extracted @ varReplacer10142 = ""MD5"" @ line 3)",True,com/google/ads/consent/ConsentInformation.java,in.vineetsirohi.customwidget,319,>5M,CogniCrypt,Utilities,Gson
"Constraint ""protocol in {TLSv1.2, TLSv1.3}"" on object $r3 is violated due to the following reason:\n|- First parameter ""varReplacer13806"" with value ""TLS"" should be any of {TLSv1.2, TLSv1.3} (extracted @ varReplacer13806 = ""TLS"" @ line 2)",True,okhttp3/internal/platform/ConscryptPlatform.java,in.vineetsirohi.customwidget,319,>5M,CogniCrypt,Utilities,OkHttp
"Constraint ""protocol in {TLSv1.2, TLSv1.3}"" on object $r4 is violated due to the following reason:\n|- First parameter ""varReplacer13803"" with value ""TLS"" should be any of {TLSv1.2, TLSv1.3} (extracted @ varReplacer13803 = ""TLS"" @ line 3)",True,okhttp3/internal/platform/Platform.java,in.vineetsirohi.customwidget,319,>5M,CogniCrypt,Utilities,OkHttp
"Constraint ""protocol in {TLSv1.2, TLSv1.3}"" on object $r3 is violated due to the following reason:\n|- First parameter ""varReplacer13797"" with value ""TLS"" should be any of {TLSv1.2, TLSv1.3} (extracted @ varReplacer13797 = ""TLS"" @ line 2)",True,okhttp3/internal/platform/AndroidPlatform.java,in.vineetsirohi.customwidget,319,>5M,CogniCrypt,Utilities,OkHttp
First parameter was not properly generated as generatedKeyManagers,False,okhttp3/OkHttpClient.java,in.vineetsirohi.customwidget,319,>5M,CogniCrypt,Utilities,OkHttp
Third parameter was not properly generated as randomized,False,okhttp3/OkHttpClient.java,in.vineetsirohi.customwidget,319,>5M,CogniCrypt,Utilities,OkHttp
Second parameter was not properly generated as generatedTrustManagers,True,okhttp3/OkHttpClient.java,in.vineetsirohi.customwidget,319,>5M,CogniCrypt,Utilities,OkHttp
Third parameter was not properly generated as randomized,False,okhttp3/OkHttpClient.java,in.vineetsirohi.customwidget,319,>5M,CogniCrypt,Utilities,OkHttp
Second parameter was not properly generated as generatedTrustManagers,True,okhttp3/OkHttpClient.java,in.vineetsirohi.customwidget,319,>5M,CogniCrypt,Utilities,OkHttp
Third parameter was not properly generated as randomized,False,okhttp3/OkHttpClient.java,in.vineetsirohi.customwidget,319,>5M,CogniCrypt,Utilities,OkHttp
Second parameter was not properly generated as generatedTrustManagers,True,okhttp3/OkHttpClient.java,in.vineetsirohi.customwidget,319,>5M,CogniCrypt,Utilities,OkHttp
First parameter was not properly generated as generatedKeyManagers,False,okhttp3/OkHttpClient.java,in.vineetsirohi.customwidget,319,>5M,CogniCrypt,Utilities,OkHttp
First parameter was not properly generated as generatedKeyManagers,False,okhttp3/OkHttpClient.java,in.vineetsirohi.customwidget,319,>5M,CogniCrypt,Utilities,OkHttp
First parameter was not properly generated as generatedKeyManagers,False,okhttp3/OkHttpClient.java,in.vineetsirohi.customwidget,319,>5M,CogniCrypt,Utilities,OkHttp
First parameter was not properly generated as generatedKeyManagers,False,okhttp3/OkHttpClient.java,in.vineetsirohi.customwidget,319,>5M,CogniCrypt,Utilities,OkHttp
Third parameter was not properly generated as randomized,False,okhttp3/OkHttpClient.java,in.vineetsirohi.customwidget,319,>5M,CogniCrypt,Utilities,OkHttp
Third parameter was not properly generated as randomized,False,okhttp3/OkHttpClient.java,in.vineetsirohi.customwidget,319,>5M,CogniCrypt,Utilities,OkHttp
Second parameter was not properly generated as generatedTrustManagers,True,okhttp3/OkHttpClient.java,in.vineetsirohi.customwidget,319,>5M,CogniCrypt,Utilities,OkHttp
First parameter was not properly generated as generatedKeyStore,False,okhttp3/OkHttpClient.java,in.vineetsirohi.customwidget,319,>5M,CogniCrypt,Utilities,OkHttp
Second parameter was not properly generated as generatedTrustManagers,True,okhttp3/OkHttpClient.java,in.vineetsirohi.customwidget,319,>5M,CogniCrypt,Utilities,OkHttp
Second parameter was not properly generated as generatedTrustManagers,True,okhttp3/OkHttpClient.java,in.vineetsirohi.customwidget,319,>5M,CogniCrypt,Utilities,OkHttp
"Constraint ""algorithm in {SHA-256, SHA-384, SHA-512}"" on object $r7 is violated due to the following reason:\n|- First parameter ""varReplacer9282"" with value ""MD5"" should be any of {SHA-256, SHA-384, SHA-512} (extracted @ varReplacer9282 = ""MD5"" @ line 4)",True,com/google/android/gms/internal/ads/zzcis.java,in.vineetsirohi.customwidget,319,>5M,CogniCrypt,Utilities,Gson
"Constraint ""algorithm in {SHA-256, SHA-384, SHA-512}"" on object $r5 is violated due to the following reason:\n|- First parameter ""varReplacer10787"" with value ""MD5"" should be any of {SHA-256, SHA-384, SHA-512} (extracted @ varReplacer10787 = ""MD5"" @ line 1)",True,com/google/android/gms/internal/ads/zzcis.java,in.vineetsirohi.customwidget,319,>5M,CogniCrypt,Utilities,Gson
First parameter was not properly generated as generatedKeyManagers,False,okhttp3/OkHttpClient.java,in.vineetsirohi.customwidget,319,>5M,CogniCrypt,Utilities,OkHttp
Third parameter was not properly generated as randomized,False,okhttp3/OkHttpClient.java,in.vineetsirohi.customwidget,319,>5M,CogniCrypt,Utilities,OkHttp
"Constraint ""protocol in {TLSv1.2, TLSv1.3}"" on object $r4 is violated due to the following reason:\n|- First parameter ""varReplacer2640"" with value ""TLS"" should be any of {TLSv1.2, TLSv1.3} (extracted @ varReplacer2640 = ""TLS"" @ line 274)",True,okhttp3/internal/platform/Platform.java,io.mimin.keyboard,5,<100,CogniCrypt,Utilities,OkHttp
"Constraint ""protocol in {TLSv1.2, TLSv1.3}"" on object $r3 is violated due to the following reason:\n|- First parameter ""varReplacer2646"" with value ""TLS"" should be any of {TLSv1.2, TLSv1.3} (extracted @ varReplacer2646 = ""TLS"" @ line 445)",True,okhttp3/internal/platform/AndroidPlatform.java,io.mimin.keyboard,5,<100,CogniCrypt,Utilities,OkHttp
"Constraint ""algorithm in {SHA-256, SHA-384, SHA-512}"" on object $r1 is violated due to the following reason:\n|- First parameter ""varReplacer3452"" with value ""SHA-1"" should be any of {SHA-256, SHA-384, SHA-512} (extracted @ varReplacer3452 = ""SHA-1"" @ line 8)",True,com/google/android/libraries/places/internal/zzde.java,io.mimin.keyboard,5,<100,CogniCrypt,Android,com.google.android.gms::play-services-clearcut
First parameter was not properly generated as generatedKeyManagers,False,okhttp3/OkHttpClient.java,io.mimin.keyboard,5,<100,CogniCrypt,Utilities,OkHttp
First parameter was not properly generated as generatedKeyManagers,False,okhttp3/OkHttpClient.java,io.mimin.keyboard,5,<100,CogniCrypt,Utilities,OkHttp
Third parameter was not properly generated as randomized,False,okhttp3/OkHttpClient.java,io.mimin.keyboard,5,<100,CogniCrypt,Utilities,OkHttp
Second parameter was not properly generated as generatedTrustManagers,False,okhttp3/OkHttpClient.java,io.mimin.keyboard,5,<100,CogniCrypt,Utilities,OkHttp
Third parameter was not properly generated as randomized,False,okhttp3/OkHttpClient.java,io.mimin.keyboard,5,<100,CogniCrypt,Utilities,OkHttp
Second parameter was not properly generated as generatedTrustManagers,False,okhttp3/OkHttpClient.java,io.mimin.keyboard,5,<100,CogniCrypt,Utilities,OkHttp
"Constraint ""protocol in {TLSv1.2, TLSv1.3}"" on object $r3 is violated due to the following reason:\n|- First parameter ""varReplacer2643"" with value ""TLS"" should be any of {TLSv1.2, TLSv1.3} (extracted @ varReplacer2643 = ""TLS"" @ line 94)",True,okhttp3/internal/platform/ConscryptPlatform.java,io.mimin.keyboard,5,<100,CogniCrypt,Utilities,OkHttp
Second parameter was not properly generated as generatedTrustManagers,False,okhttp3/OkHttpClient.java,io.mimin.keyboard,5,<100,CogniCrypt,Utilities,OkHttp
Second parameter was not properly generated as generatedTrustManagers,False,okhttp3/OkHttpClient.java,io.mimin.keyboard,5,<100,CogniCrypt,Utilities,OkHttp
Third parameter was not properly generated as randomized,False,okhttp3/OkHttpClient.java,io.mimin.keyboard,5,<100,CogniCrypt,Utilities,OkHttp
First parameter was not properly generated as generatedKeyManagers,False,okhttp3/OkHttpClient.java,io.mimin.keyboard,5,<100,CogniCrypt,Utilities,OkHttp
Third parameter was not properly generated as randomized,False,okhttp3/OkHttpClient.java,io.mimin.keyboard,5,<100,CogniCrypt,Utilities,OkHttp
Third parameter was not properly generated as randomized,False,okhttp3/OkHttpClient.java,io.mimin.keyboard,5,<100,CogniCrypt,Utilities,OkHttp
Second parameter was not properly generated as generatedTrustManagers,False,okhttp3/OkHttpClient.java,io.mimin.keyboard,5,<100,CogniCrypt,Utilities,OkHttp
First parameter was not properly generated as generatedKeyManagers,False,okhttp3/OkHttpClient.java,io.mimin.keyboard,5,<100,CogniCrypt,Utilities,OkHttp
First parameter was not properly generated as generatedKeyManagers,False,okhttp3/OkHttpClient.java,io.mimin.keyboard,5,<100,CogniCrypt,Utilities,OkHttp
First parameter was not properly generated as generatedKeyManagers,False,okhttp3/OkHttpClient.java,io.mimin.keyboard,5,<100,CogniCrypt,Utilities,OkHttp
Second parameter was not properly generated as generatedTrustManagers,False,okhttp3/OkHttpClient.java,io.mimin.keyboard,5,<100,CogniCrypt,Utilities,OkHttp
First parameter was not properly generated as generatedKeyStore,False,okhttp3/internal/Util.java,io.mimin.keyboard,5,<100,CogniCrypt,Utilities,OkHttp
Third parameter was not properly generated as randomized,False,okhttp3/OkHttpClient.java,io.mimin.keyboard,5,<100,CogniCrypt,Utilities,OkHttp
"Constraint ""algorithm in {SHA-256, SHA-384, SHA-512}"" on object $r4 is violated due to the following reason:\n|- First parameter ""varReplacer2975"" with value ""SHA1"" should be any of {SHA-256, SHA-384, SHA-512} (extracted @ varReplacer2975 = ""SHA1"" @ line 38)",True,com/google/android/gms/iid/InstanceID.java,it.creaweb.ucicinemas,61,1M-5M,CogniCrypt,Utilities,Guava
First parameter was not properly generated as generatedKeyManagers,False,com/braintreepayments/api/internal/TLSSocketFactory.java,it.creaweb.ucicinemas,61,1M-5M,CogniCrypt,Utilities,braintreepayments
First parameter was not properly generated as preparedKeyMaterial,True,com/selligent/sdk/CryptographyHelper.java,it.creaweb.ucicinemas,61,1M-5M,CogniCrypt,others,unknown
Return value was not properly generated as generatedKeypair,True,com/google/android/gms/iid/zzd.java,it.creaweb.ucicinemas,61,1M-5M,CogniCrypt,Utilities,Guava
"Constraint ""algorithm in {RSA} => keysize in {4096, 3072}"" on object $r0 is violated due to the following reason:\n|- Constraint ""algorithm in {RSA} => keysize in {4096, 3072}"" evaluates to <false>:\n\t|- The left side ""algorithm in {RSA}"" evaluates to <true>:\n\t\t|- First parameter ""varReplacer3015"" (algorithm) with value ""RSA"" satisfies the constraint in class com.google.android.gms.iid.zzd @ $r0 = getInstance(varReplacer3015) @ line 1\n\t|- The right side ""keysize in {4096, 3072}"" evaluates to <false>:\n\t\t|- First parameter ""varReplacer3016"" (keysize) with value 2048 violates the constraint in class com.google.android.gms.iid.zzd @ $r0.initialize(varReplacer3016) @ line 2",True,com/google/android/gms/iid/zzd.java,it.creaweb.ucicinemas,61,1M-5M,CogniCrypt,Utilities,Guava
First parameter was not properly generated as speccedKey,False,com/google/android/gms/iid/zzn.java,it.creaweb.ucicinemas,61,1M-5M,CogniCrypt,Utilities,Guava
First parameter was not properly generated as preparedKeyMaterial,False,com/google/android/gms/iid/zzn.java,it.creaweb.ucicinemas,61,1M-5M,CogniCrypt,Utilities,Guava
Return value was not properly generated as generatedPubkey,False,com/google/android/gms/iid/zzn.java,it.creaweb.ucicinemas,61,1M-5M,CogniCrypt,Utilities,Guava
Second parameter was not properly generated as generatedTrustManagers,False,com/braintreepayments/api/internal/TLSSocketFactory.java,it.creaweb.ucicinemas,61,1M-5M,CogniCrypt,Utilities,braintreepayments
First parameter was not properly generated as generatedPubkey,False,com/google/android/gms/iid/zzn.java,it.creaweb.ucicinemas,61,1M-5M,CogniCrypt,Utilities,Guava
Second parameter was not properly generated as generatedPrivkey,False,com/google/android/gms/iid/zzn.java,it.creaweb.ucicinemas,61,1M-5M,CogniCrypt,Utilities,Guava
Return value was not properly generated as generatedPrivkey,False,com/google/android/gms/iid/zzo.java,it.creaweb.ucicinemas,61,1M-5M,CogniCrypt,Utilities,Guava
Return value was not properly generated as generatedPubkey,False,com/google/android/gms/iid/zzo.java,it.creaweb.ucicinemas,61,1M-5M,CogniCrypt,Utilities,Guava
Return value was not properly generated as generatedPrivkey,False,com/google/android/gms/iid/zzo.java,it.creaweb.ucicinemas,61,1M-5M,CogniCrypt,Utilities,Guava
Return value was not properly generated as generatedPubkey,False,com/google/android/gms/iid/zzo.java,it.creaweb.ucicinemas,61,1M-5M,CogniCrypt,Utilities,Guava
Return value was not properly generated as generatedPrivkey,False,com/google/android/gms/iid/zzo.java,it.creaweb.ucicinemas,61,1M-5M,CogniCrypt,Utilities,Guava
Return value was not properly generated as generatedPubkey,False,com/google/android/gms/iid/zzo.java,it.creaweb.ucicinemas,61,1M-5M,CogniCrypt,Utilities,Guava
First parameter was not properly generated as speccedKey,False,com/google/android/gms/iid/zzn.java,it.creaweb.ucicinemas,61,1M-5M,CogniCrypt,Utilities,Guava
"Constraint ""protocol in {TLSv1.2, TLSv1.3}"" on object $r1 is violated due to the following reason:\n|- First parameter ""varReplacer2619"" with value ""TLS"" should be any of {TLSv1.2, TLSv1.3} (extracted @ varReplacer2619 = ""TLS"" @ line 28)",True,com/braintreepayments/api/internal/TLSSocketFactory.java,it.creaweb.ucicinemas,61,1M-5M,CogniCrypt,Utilities,braintreepayments
Third parameter was not properly generated as randomized,False,com/braintreepayments/api/internal/TLSSocketFactory.java,it.creaweb.ucicinemas,61,1M-5M,CogniCrypt,Utilities,braintreepayments
Second parameter was not properly generated as generatedTrustManagers,False,com/braintreepayments/api/internal/TLSSocketFactory.java,it.creaweb.ucicinemas,61,1M-5M,CogniCrypt,Utilities,braintreepayments
"Constraint ""instanceOf[key, javax.crypto.SecretKey] => alg(transformation) in {AES, PBEWithHmacSHA224AndAES_128, PBEWithHmacSHA256AndAES_128, PBEWithHmacSHA384AndAES_128, PBEWithHmacSHA512AndAES_128, PBEWithHmacSHA224AndAES_256, PBEWithHmacSHA256AndAES_256, PBEWithHmacSHA384AndAES_256, PBEWithHmacSHA512AndAES_256}"" on object $r7 is violated due to the following reason:\n|- Constraint ""instanceOf[key, javax.crypto.SecretKey] => alg(transformation) in {AES, PBEWithHmacSHA224AndAES_128, PBEWithHmacSHA256AndAES_128, PBEWithHmacSHA384AndAES_128, PBEWithHmacSHA512AndAES_128, PBEWithHmacSHA224AndAES_256, PBEWithHmacSHA256AndAES_256, PBEWithHmacSHA384AndAES_256, PBEWithHmacSHA512AndAES_256}"" evaluates to <false>:\n\t|- The left side ""instanceOf[key, javax.crypto.SecretKey]"" evaluates to <true>:\n\t\t|- Second parameter @ $r7.init(varReplacer5451,$r6,$r8) is not an instance of class javax.crypto.SecretKey\n\t|- The right side ""alg(transformation) in {AES, PBEWithHmacSHA224AndAES_128, PBEWithHmacSHA256AndAES_128, PBEWithHmacSHA384AndAES_128, PBEWithHmacSHA512AndAES_128, PBEWithHmacSHA224AndAES_256, PBEWithHmacSHA256AndAES_256, PBEWithHmacSHA384AndAES_256, PBEWithHmacSHA512AndAES_256}"" evaluates to <false>:\n\t\t|- First parameter ""varReplacer5447"" (transformation) with value ""PBEWithMD5AndDES"" violates the constraint in class com.creaweb.helper.ObscuredSharedPreferences @ $r7 = getInstance(varReplacer5447) @ line 173",True,com/creaweb/helper/ObscuredSharedPreferences.java,it.creaweb.ucicinemas,61,1M-5M,CogniCrypt,others,unknown
Second parameter parameter was not properly generated as generatedKey OR generatedPubkey OR generatedPrivkey,True,com/creaweb/helper/ObscuredSharedPreferences.java,it.creaweb.ucicinemas,61,1M-5M,CogniCrypt,others,unknown
First parameter was not properly generated as speccedKey,True,com/creaweb/helper/ObscuredSharedPreferences.java,it.creaweb.ucicinemas,61,1M-5M,CogniCrypt,others,unknown
"Constraint ""iterationCount >= 10000"" on object $r8 is violated due to the following reason:\n|- Extracted the following violating values for parameter  ""varReplacer5450"" (iterationCount) @$r8.<init>($r11,varReplacer5450) @ line 174:\n\t|- Value 20 in class ""com.creaweb.helper.ObscuredSharedPreferences"" @varReplacer5450 = 20 @ line 174",True,com/creaweb/helper/ObscuredSharedPreferences.java,it.creaweb.ucicinemas,61,1M-5M,CogniCrypt,others,unknown
First parameter was not properly generated as generatedKeyStore,False,com/braintreepayments/api/internal/TLSSocketFactory.java,it.creaweb.ucicinemas,61,1M-5M,CogniCrypt,Utilities,braintreepayments
First parameter was not properly generated as randomized,True,com/creaweb/helper/ObscuredSharedPreferences.java,it.creaweb.ucicinemas,61,1M-5M,CogniCrypt,others,unknown
First parameter was not properly generated as speccedKey,True,com/creaweb/helper/ObscuredSharedPreferences.java,it.creaweb.ucicinemas,61,1M-5M,CogniCrypt,others,unknown
"Constraint ""algorithm in {PBKDF2WithHmacSHA512, PBKDF2WithHmacSHA384, PBKDF2WithHmacSHA256, PBKDF2WithHmacSHA224, PBEWithHmacSHA512AndAES_128, PBEWithHmacSHA384AndAES_128, PBEWithHmacSHA384AndAES_128, PBEWithHmacSHA224AndAES_128, PBEWithHmacSHA256AndAES_128, PBEWithHmacSHA224AndAES_256, PBEWithHmacSHA256AndAES_256, PBEWithHmacSHA384AndAES_256, PBEWithHmacSHA512AndAES_256}"" on object $r3 is violated due to the following reason:\n|- First parameter ""varReplacer5446"" with value ""PBEWithMD5AndDES"" should be any of {PBKDF2WithHmacSHA512, PBKDF2WithHmacSHA384, PBKDF2WithHmacSHA256, PBKDF2WithHmacSHA224, PBEWithHmacSHA512AndAES_128, PBEWithHmacSHA384AndAES_128, PBEWithHmacSHA384AndAES_128, PBEWithHmacSHA224AndAES_128, PBEWithHmacSHA256AndAES_128, PBEWithHmacSHA224AndAES_256, PBEWithHmacSHA256AndAES_256, PBEWithHmacSHA384AndAES_256, PBEWithHmacSHA512AndAES_256} (extracted @ varReplacer5446 = ""PBEWithMD5AndDES"" @ line 171)",True,com/creaweb/helper/ObscuredSharedPreferences.java,it.creaweb.ucicinemas,61,1M-5M,CogniCrypt,others,unknown
Return value was not properly generated as generatedKey,True,com/creaweb/helper/ObscuredSharedPreferences.java,it.creaweb.ucicinemas,61,1M-5M,CogniCrypt,others,unknown
Return value was not properly generated as generatedKey,True,com/creaweb/helper/ObscuredSharedPreferences.java,it.creaweb.ucicinemas,61,1M-5M,CogniCrypt,others,unknown
"Constraint ""instanceOf[key, javax.crypto.SecretKey] => alg(transformation) in {AES, PBEWithHmacSHA224AndAES_128, PBEWithHmacSHA256AndAES_128, PBEWithHmacSHA384AndAES_128, PBEWithHmacSHA512AndAES_128, PBEWithHmacSHA224AndAES_256, PBEWithHmacSHA256AndAES_256, PBEWithHmacSHA384AndAES_256, PBEWithHmacSHA512AndAES_256}"" on object $r7 is violated due to the following reason:\n|- Constraint ""instanceOf[key, javax.crypto.SecretKey] => alg(transformation) in {AES, PBEWithHmacSHA224AndAES_128, PBEWithHmacSHA256AndAES_128, PBEWithHmacSHA384AndAES_128, PBEWithHmacSHA512AndAES_128, PBEWithHmacSHA224AndAES_256, PBEWithHmacSHA256AndAES_256, PBEWithHmacSHA384AndAES_256, PBEWithHmacSHA512AndAES_256}"" evaluates to <false>:\n\t|- The left side ""instanceOf[key, javax.crypto.SecretKey]"" evaluates to <true>:\n\t\t|- Second parameter @ $r7.init(varReplacer4326,$r6,$r8) is not an instance of class javax.crypto.SecretKey\n\t|- The right side ""alg(transformation) in {AES, PBEWithHmacSHA224AndAES_128, PBEWithHmacSHA256AndAES_128, PBEWithHmacSHA384AndAES_128, PBEWithHmacSHA512AndAES_128, PBEWithHmacSHA224AndAES_256, PBEWithHmacSHA256AndAES_256, PBEWithHmacSHA384AndAES_256, PBEWithHmacSHA512AndAES_256}"" evaluates to <false>:\n\t\t|- First parameter ""varReplacer4322"" (transformation) with value ""PBEWithMD5AndDES"" violates the constraint in class com.creaweb.helper.ObscuredSharedPreferences @ $r7 = getInstance(varReplacer4322) @ line 189",True,com/creaweb/helper/ObscuredSharedPreferences.java,it.creaweb.ucicinemas,61,1M-5M,CogniCrypt,others,unknown
"Constraint ""algorithm in {PBKDF2WithHmacSHA512, PBKDF2WithHmacSHA384, PBKDF2WithHmacSHA256, PBKDF2WithHmacSHA224, PBEWithHmacSHA512AndAES_128, PBEWithHmacSHA384AndAES_128, PBEWithHmacSHA384AndAES_128, PBEWithHmacSHA224AndAES_128, PBEWithHmacSHA256AndAES_128, PBEWithHmacSHA224AndAES_256, PBEWithHmacSHA256AndAES_256, PBEWithHmacSHA384AndAES_256, PBEWithHmacSHA512AndAES_256}"" on object $r3 is violated due to the following reason:\n|- First parameter ""varReplacer4321"" with value ""PBEWithMD5AndDES"" should be any of {PBKDF2WithHmacSHA512, PBKDF2WithHmacSHA384, PBKDF2WithHmacSHA256, PBKDF2WithHmacSHA224, PBEWithHmacSHA512AndAES_128, PBEWithHmacSHA384AndAES_128, PBEWithHmacSHA384AndAES_128, PBEWithHmacSHA224AndAES_128, PBEWithHmacSHA256AndAES_128, PBEWithHmacSHA224AndAES_256, PBEWithHmacSHA256AndAES_256, PBEWithHmacSHA384AndAES_256, PBEWithHmacSHA512AndAES_256} (extracted @ varReplacer4321 = ""PBEWithMD5AndDES"" @ line 187)",True,com/creaweb/helper/ObscuredSharedPreferences.java,it.creaweb.ucicinemas,61,1M-5M,CogniCrypt,others,unknown
Second parameter parameter was not properly generated as generatedPubkey OR generatedKey OR generatedPrivkey,True,com/creaweb/helper/ObscuredSharedPreferences.java,it.creaweb.ucicinemas,61,1M-5M,CogniCrypt,others,unknown
First parameter was not properly generated as randomized,True,com/creaweb/helper/ObscuredSharedPreferences.java,it.creaweb.ucicinemas,61,1M-5M,CogniCrypt,others,unknown
First parameter was not properly generated as generatedKeyManagers,False,com/braintreepayments/api/internal/TLSSocketFactory.java,it.creaweb.ucicinemas,61,1M-5M,CogniCrypt,Utilities,braintreepayments
"Constraint ""protocol in {TLSv1.2, TLSv1.3}"" on object $r16 is violated due to the following reason:\n|- First parameter ""varReplacer2550"" with value ""TLS"" should be any of {TLSv1.2, TLSv1.3} (extracted @ varReplacer2550 = ""TLS"" @ line 59)",True,com/braintreepayments/api/internal/TLSSocketFactory.java,it.creaweb.ucicinemas,61,1M-5M,CogniCrypt,Utilities,braintreepayments
Third parameter was not properly generated as randomized,False,com/braintreepayments/api/internal/TLSSocketFactory.java,it.creaweb.ucicinemas,61,1M-5M,CogniCrypt,Utilities,braintreepayments
First parameter was not properly generated as generatedKey,True,com/selligent/sdk/CryptographyHelper.java,it.creaweb.ucicinemas,61,1M-5M,CogniCrypt,others,unknown
"Constraint ""iterationCount >= 10000"" on object $r8 is violated due to the following reason:\n|- Extracted the following violating values for parameter  ""varReplacer4325"" (iterationCount) @$r8.<init>($r11,varReplacer4325) @ line 190:\n\t|- Value 20 in class ""com.creaweb.helper.ObscuredSharedPreferences"" @varReplacer4325 = 20 @ line 190",True,com/creaweb/helper/ObscuredSharedPreferences.java,it.creaweb.ucicinemas,61,1M-5M,CogniCrypt,others,unknown
Return value was not properly generated as generatedPrivkey,False,com/google/android/gms/iid/zzn.java,it.creaweb.ucicinemas,61,1M-5M,CogniCrypt,Utilities,Guava
"Constraint ""protocol in {TLSv1.2, TLSv1.3}"" on object $r1 is violated due to the following reason:\n|- First parameter ""varReplacer1299"" with value ""TLS"" should be any of {TLSv1.2, TLSv1.3} (extracted @ varReplacer1299 = ""TLS"" @ line 247)",True,it/taxrefund/taxrefund/asyncHttpRequest.java,it.taxrefund.taxrefund,9,1k-5k,CogniCrypt,developer_written,not_applicable
First parameter was not properly generated as generatedKeyManagers,False,it/taxrefund/taxrefund/asyncHttpRequest.java,it.taxrefund.taxrefund,9,1k-5k,CogniCrypt,developer_written,not_applicable
Second parameter was not properly generated as generatedTrustManagers,True,it/taxrefund/taxrefund/asyncHttpRequest.java,it.taxrefund.taxrefund,9,1k-5k,CogniCrypt,developer_written,not_applicable
First parameter was not properly generated as generatedKeyStore,False,u9/e.java,it.vincenzoamoruso.theinterpreter,20299,>5M,CogniCrypt,others,unknown
First parameter was not properly generated as generatedKeyStore,False,u9/j.java,it.vincenzoamoruso.theinterpreter,20299,>5M,CogniCrypt,others,unknown
"Constraint ""algorithm in {SHA-256, SHA-384, SHA-512}"" on object $r2 is violated due to the following reason:\n|- First parameter ""varReplacer2548"" with value ""MD5"" should be any of {SHA-256, SHA-384, SHA-512} (extracted @ varReplacer2548 = ""MD5"" @ line 4)",True,com/facebook/appevents/AppEvent$Companion.java,it.vincenzoamoruso.theinterpreter,20299,>5M,CogniCrypt,SocialMedia,Facebook-Core
"Constraint ""algorithm in {SHA-256, SHA-384, SHA-512}"" on object $r4 is violated due to the following reason:\n|- First parameter ""$r3"" with value ""MD5"" should be any of {SHA-256, SHA-384, SHA-512} (extracted @ varReplacer19917 = ""MD5"" @ line 9)\n|- First parameter ""$r3"" with value ""SHA-1"" should be any of {SHA-256, SHA-384, SHA-512} (extracted @ varReplacer2769 = ""SHA-1"" @ line 9)",True,com/facebook/internal/Utility.java,it.vincenzoamoruso.theinterpreter,20299,>5M,CogniCrypt,SocialMedia,Facebook-Core
First parameter was not properly generated as generatedKeyStore,False,u9/d.java,it.vincenzoamoruso.theinterpreter,20299,>5M,CogniCrypt,others,unknown
"Constraint ""protocol in {TLSv1.2, TLSv1.3}"" on object $r1 is violated due to the following reason:\n|- First parameter ""varReplacer16657"" with value ""TLS"" should be any of {TLSv1.2, TLSv1.3} (extracted @ varReplacer16657 = ""TLS"" @ line 2)",True,u9/d.java,it.vincenzoamoruso.theinterpreter,20299,>5M,CogniCrypt,others,unknown
First parameter was not properly generated as generatedKeyManagers,False,u9/e.java,it.vincenzoamoruso.theinterpreter,20299,>5M,CogniCrypt,others,unknown
Third parameter was not properly generated as randomized,False,u9/e.java,it.vincenzoamoruso.theinterpreter,20299,>5M,CogniCrypt,others,unknown
Second parameter was not properly generated as generatedTrustManagers,False,u9/e.java,it.vincenzoamoruso.theinterpreter,20299,>5M,CogniCrypt,others,unknown
"Constraint ""algorithm in {SHA-256, SHA-384, SHA-512}"" on object $r4 is violated due to the following reason:\n|- First parameter ""varReplacer13332"" with value ""MD5"" should be any of {SHA-256, SHA-384, SHA-512} (extracted @ varReplacer13332 = ""MD5"" @ line 8)",True,com/google/android/gms/internal/consent_sdk/zzcl.java,it.vincenzoamoruso.theinterpreter,20299,>5M,CogniCrypt,Utilities,Gson
"Constraint ""algorithm in {SHA-256, SHA-384, SHA-512}"" on object $r7 is violated due to the following reason:\n|- First parameter ""varReplacer4877"" with value ""SHA1"" should be any of {SHA-256, SHA-384, SHA-512} (extracted @ varReplacer4877 = ""SHA1"" @ line 28)",True,com/facebook/internal/security/CertificateUtil.java,it.vincenzoamoruso.theinterpreter,20299,>5M,CogniCrypt,SocialMedia,Facebook-Core
"Constraint ""algorithm in {SHA-256, SHA-384, SHA-512}"" on object $r7 is violated due to the following reason:\n|- First parameter ""varReplacer12823"" with value ""MD5"" should be any of {SHA-256, SHA-384, SHA-512} (extracted @ varReplacer12823 = ""MD5"" @ line 45)",True,com/google/android/gms/ads/internal/util/client/zzf.java,it.vincenzoamoruso.theinterpreter,20299,>5M,CogniCrypt,Utilities,Gson
"Constraint ""algorithm in {SHA-256, SHA-384, SHA-512}"" on object $r5 is violated due to the following reason:\n|- First parameter ""$r0"" with value ""MD5"" should be any of {SHA-256, SHA-384, SHA-512} (extracted @ varReplacer13313 = ""MD5"" @ line 26)",True,com/google/android/gms/ads/internal/util/client/zzf.java,it.vincenzoamoruso.theinterpreter,20299,>5M,CogniCrypt,Utilities,Gson
"Constraint ""protocol in {TLSv1.2, TLSv1.3}"" on object $r1 is violated due to the following reason:\n|- First parameter ""varReplacer16651"" with value ""TLS"" should be any of {TLSv1.2, TLSv1.3} (extracted @ varReplacer16651 = ""TLS"" @ line 2)",True,u9/e.java,it.vincenzoamoruso.theinterpreter,20299,>5M,CogniCrypt,others,unknown
First parameter was not properly generated as generatedKeyStore,True,u9/k.java,it.vincenzoamoruso.theinterpreter,20299,>5M,CogniCrypt,others,unknown
Third parameter was not properly generated as randomized,False,u9/k.java,it.vincenzoamoruso.theinterpreter,20299,>5M,CogniCrypt,others,unknown
Third parameter was not properly generated as randomized,False,u9/k.java,it.vincenzoamoruso.theinterpreter,20299,>5M,CogniCrypt,others,unknown
Third parameter was not properly generated as randomized,False,u9/k.java,it.vincenzoamoruso.theinterpreter,20299,>5M,CogniCrypt,others,unknown
Second parameter was not properly generated as generatedTrustManagers,True,u9/k.java,it.vincenzoamoruso.theinterpreter,20299,>5M,CogniCrypt,others,unknown
First parameter was not properly generated as generatedKeyManagers,False,u9/k.java,it.vincenzoamoruso.theinterpreter,20299,>5M,CogniCrypt,others,unknown
First parameter was not properly generated as generatedKeyManagers,False,u9/k.java,it.vincenzoamoruso.theinterpreter,20299,>5M,CogniCrypt,others,unknown
"Constraint ""algorithm in {SHA-256, SHA-384, SHA-512}"" on object $r2 is violated due to the following reason:\n|- First parameter ""varReplacer4916"" with value ""MD5"" should be any of {SHA-256, SHA-384, SHA-512} (extracted @ varReplacer4916 = ""MD5"" @ line 14)",True,com/facebook/appevents/internal/HashUtils.java,it.vincenzoamoruso.theinterpreter,20299,>5M,CogniCrypt,SocialMedia,Facebook-Core
First parameter was not properly generated as generatedKeyManagers,False,u9/k.java,it.vincenzoamoruso.theinterpreter,20299,>5M,CogniCrypt,others,unknown
Second parameter was not properly generated as generatedTrustManagers,True,u9/k.java,it.vincenzoamoruso.theinterpreter,20299,>5M,CogniCrypt,others,unknown
Second parameter was not properly generated as generatedTrustManagers,True,u9/k.java,it.vincenzoamoruso.theinterpreter,20299,>5M,CogniCrypt,others,unknown
Third parameter was not properly generated as randomized,False,u9/k.java,it.vincenzoamoruso.theinterpreter,20299,>5M,CogniCrypt,others,unknown
First parameter was not properly generated as generatedKeyManagers,False,u9/k.java,it.vincenzoamoruso.theinterpreter,20299,>5M,CogniCrypt,others,unknown
Second parameter was not properly generated as generatedTrustManagers,True,u9/k.java,it.vincenzoamoruso.theinterpreter,20299,>5M,CogniCrypt,others,unknown
"Constraint ""protocol in {TLSv1.2, TLSv1.3}"" on object $r1 is violated due to the following reason:\n|- First parameter ""varReplacer16653"" with value ""TLS"" should be any of {TLSv1.2, TLSv1.3} (extracted @ varReplacer16653 = ""TLS"" @ line 2)",True,u9/k.java,it.vincenzoamoruso.theinterpreter,20299,>5M,CogniCrypt,others,unknown
"Constraint ""algorithm in {SHA256withRSA, SHA256withECDSA, SHA256withDSA, SHA384withRSA, SHA512withRSA, SHA384withECDSA, SHA512withECDSA}"" on object $r7 is violated due to the following reason:\n|- First parameter ""varReplacer9059"" with value ""SHA1withRSA"" should be any of {SHA256withRSA, SHA256withECDSA, SHA256withDSA, SHA384withRSA, SHA512withRSA, SHA384withECDSA, SHA512withECDSA} (extracted @ varReplacer9059 = ""SHA1withRSA"" @ line -1)",True,jp/happyon/android/utils/billing/Security.java,jp.happyon.android,300002717,>5M,CogniCrypt,developer_written,not_applicable
Return value was not properly generated as generatedPubkey,True,jp/happyon/android/utils/billing/Security.java,jp.happyon.android,300002717,>5M,CogniCrypt,developer_written,not_applicable
First parameter was not properly generated as preparedKeyMaterial,True,jp/happyon/android/utils/billing/Security.java,jp.happyon.android,300002717,>5M,CogniCrypt,developer_written,not_applicable
"Constraint ""algorithm in {HmacSHA256, HmacSHA384, HmacSHA512, HmacPBESHA1, PBEWithHmacSHA1, PBEWithHmacSHA224, PBEWithHmacSHA256, PBEWithHmacSHA384, PBEWithHmacSHA512}"" on object $r6 is violated due to the following reason:\n|- First parameter ""varReplacer6622"" with value ""HmacSHA1"" should be any of {HmacSHA256, HmacSHA384, HmacSHA512, HmacPBESHA1, PBEWithHmacSHA1, PBEWithHmacSHA224, PBEWithHmacSHA256, PBEWithHmacSHA384, PBEWithHmacSHA512} (extracted @ varReplacer6622 = ""HmacSHA1"" @ line -1)",True,com/twitter/sdk/android/core/internal/oauth/OAuth1aParameters.java,jp.happyon.android,300002717,>5M,CogniCrypt,others,unknown
"Constraint ""algorithm in {SHA-256, SHA-384, SHA-512}"" on object $r5 is violated due to the following reason:\n|- First parameter ""varReplacer6343"" with value ""SHA-1"" should be any of {SHA-256, SHA-384, SHA-512} (extracted @ varReplacer6343 = ""SHA-1"" @ line 2)",True,io/repro/android/a0.java,jp.happyon.android,300002717,>5M,CogniCrypt,others,unknown
First parameter was not properly generated as generatedKeyStore,False,okhttp3/internal/platform/BouncyCastlePlatform.java,jp.happyon.android,300002717,>5M,CogniCrypt,Utilities,OkHttp
"Constraint ""protocol in {TLSv1.2, TLSv1.3}"" on object $r1 is violated due to the following reason:\n|- First parameter ""varReplacer2539"" with value ""TLS"" should be any of {TLSv1.2, TLSv1.3} (extracted @ varReplacer2539 = ""TLS"" @ line -1)",True,okhttp3/internal/platform/BouncyCastlePlatform.java,jp.happyon.android,300002717,>5M,CogniCrypt,Utilities,OkHttp
First parameter was not properly generated as generatedKey,True,com/twitter/sdk/android/core/internal/oauth/OAuth1aParameters.java,jp.happyon.android,300002717,>5M,CogniCrypt,others,unknown
First parameter was not properly generated as generatedPubkey,True,jp/happyon/android/utils/billing/Security.java,jp.happyon.android,300002717,>5M,CogniCrypt,developer_written,not_applicable
"Constraint ""keyAlgorithm in {AES, HmacSHA256, HmacSHA384, HmacSHA512}"" on object $r5 is violated due to the following reason:\n|- Second parameter ""varReplacer6621"" with value ""HmacSHA1"" should be any of {AES, HmacSHA256, HmacSHA384, HmacSHA512} (extracted @ varReplacer6621 = ""HmacSHA1"" @ line -1)",True,com/twitter/sdk/android/core/internal/oauth/OAuth1aParameters.java,jp.happyon.android,300002717,>5M,CogniCrypt,others,unknown
Second parameter was not properly generated as generatedTrustManagers,True,okhttp3/internal/platform/Platform.java,jp.happyon.android,300002717,>5M,CogniCrypt,Utilities,OkHttp
First parameter was not properly generated as generatedKeyStore,False,okhttp3/internal/platform/OpenJSSEPlatform.java,jp.happyon.android,300002717,>5M,CogniCrypt,Utilities,OkHttp
First parameter was not properly generated as generatedKeyStore,False,okhttp3/internal/platform/ConscryptPlatform.java,jp.happyon.android,300002717,>5M,CogniCrypt,Utilities,OkHttp
"Constraint ""protocol in {TLSv1.2, TLSv1.3}"" on object $r1 is violated due to the following reason:\n|- First parameter ""varReplacer2533"" with value ""TLS"" should be any of {TLSv1.2, TLSv1.3} (extracted @ varReplacer2533 = ""TLS"" @ line -1)",True,okhttp3/internal/platform/ConscryptPlatform.java,jp.happyon.android,300002717,>5M,CogniCrypt,Utilities,OkHttp
Second parameter was not properly generated as generatedTrustManagers,True,okhttp3/internal/platform/ConscryptPlatform.java,jp.happyon.android,300002717,>5M,CogniCrypt,Utilities,OkHttp
Third parameter was not properly generated as randomized,False,okhttp3/internal/platform/ConscryptPlatform.java,jp.happyon.android,300002717,>5M,CogniCrypt,Utilities,OkHttp
First parameter was not properly generated as generatedKeyManagers,False,okhttp3/internal/platform/ConscryptPlatform.java,jp.happyon.android,300002717,>5M,CogniCrypt,Utilities,OkHttp
First parameter was not properly generated as generatedKeyStore,False,okhttp3/internal/platform/Platform.java,jp.happyon.android,300002717,>5M,CogniCrypt,Utilities,OkHttp
"Constraint ""protocol in {TLSv1.2, TLSv1.3}"" on object $r1 is violated due to the following reason:\n|- First parameter ""varReplacer2535"" with value ""TLS"" should be any of {TLSv1.2, TLSv1.3} (extracted @ varReplacer2535 = ""TLS"" @ line -1)",True,okhttp3/internal/platform/Platform.java,jp.happyon.android,300002717,>5M,CogniCrypt,Utilities,OkHttp
Third parameter was not properly generated as randomized,False,okhttp3/internal/platform/Platform.java,jp.happyon.android,300002717,>5M,CogniCrypt,Utilities,OkHttp
Third parameter was not properly generated as randomized,False,okhttp3/internal/platform/Platform.java,jp.happyon.android,300002717,>5M,CogniCrypt,Utilities,OkHttp
Third parameter was not properly generated as randomized,False,okhttp3/internal/platform/Platform.java,jp.happyon.android,300002717,>5M,CogniCrypt,Utilities,OkHttp
Second parameter was not properly generated as generatedTrustManagers,True,okhttp3/internal/platform/Platform.java,jp.happyon.android,300002717,>5M,CogniCrypt,Utilities,OkHttp
Third parameter was not properly generated as randomized,False,okhttp3/internal/platform/Platform.java,jp.happyon.android,300002717,>5M,CogniCrypt,Utilities,OkHttp
First parameter was not properly generated as generatedKeyManagers,False,okhttp3/internal/platform/Platform.java,jp.happyon.android,300002717,>5M,CogniCrypt,Utilities,OkHttp
Second parameter was not properly generated as generatedTrustManagers,True,okhttp3/internal/platform/Platform.java,jp.happyon.android,300002717,>5M,CogniCrypt,Utilities,OkHttp
First parameter was not properly generated as speccedKey,True,jp/happyon/android/utils/billing/Security.java,jp.happyon.android,300002717,>5M,CogniCrypt,developer_written,not_applicable
First parameter was not properly generated as generatedKeyManagers,False,okhttp3/internal/platform/Platform.java,jp.happyon.android,300002717,>5M,CogniCrypt,Utilities,OkHttp
First parameter was not properly generated as generatedKeyManagers,False,okhttp3/internal/platform/Platform.java,jp.happyon.android,300002717,>5M,CogniCrypt,Utilities,OkHttp
Second parameter was not properly generated as generatedTrustManagers,True,okhttp3/internal/platform/Platform.java,jp.happyon.android,300002717,>5M,CogniCrypt,Utilities,OkHttp
First parameter was not properly generated as generatedKeyManagers,False,okhttp3/internal/platform/Platform.java,jp.happyon.android,300002717,>5M,CogniCrypt,Utilities,OkHttp
First parameter was not properly generated as preparedKeyMaterial,True,com/twitter/sdk/android/core/internal/oauth/OAuth1aParameters.java,jp.happyon.android,300002717,>5M,CogniCrypt,others,unknown
"Constraint ""algorithm in {SHA-256, SHA-384, SHA-512}"" on object $r7 is violated due to the following reason:\n|- First parameter ""varReplacer6068"" with value ""SHA1"" should be any of {SHA-256, SHA-384, SHA-512} (extracted @ varReplacer6068 = ""SHA1"" @ line -1)",True,io/repro/android/message/m/a.java,jp.happyon.android,300002717,>5M,CogniCrypt,others,unknown
"Constraint ""protocol in {TLSv1.2, TLSv1.3}"" on object $r1 is violated due to the following reason:\n|- First parameter ""varReplacer6359"" with value ""TLS"" should be any of {TLSv1.2, TLSv1.3} (extracted @ varReplacer6359 = ""TLS"" @ line -1)",True,okhttp3/internal/platform/Platform.java,jp.or.nhk.news,81,>5M,CogniCrypt,Utilities,OkHttp
First parameter was not properly generated as generatedKeyStore,False,okhttp3/internal/platform/Platform.java,jp.or.nhk.news,81,>5M,CogniCrypt,Utilities,OkHttp
Second parameter was not properly generated as generatedTrustManagers,True,okhttp3/internal/platform/ConscryptPlatform.java,jp.or.nhk.news,81,>5M,CogniCrypt,Utilities,OkHttp
First parameter was not properly generated as generatedKeyManagers,False,okhttp3/internal/platform/ConscryptPlatform.java,jp.or.nhk.news,81,>5M,CogniCrypt,Utilities,OkHttp
Third parameter was not properly generated as randomized,False,okhttp3/internal/platform/ConscryptPlatform.java,jp.or.nhk.news,81,>5M,CogniCrypt,Utilities,OkHttp
"Constraint ""protocol in {TLSv1.2, TLSv1.3}"" on object $r1 is violated due to the following reason:\n|- First parameter ""varReplacer6357"" with value ""TLS"" should be any of {TLSv1.2, TLSv1.3} (extracted @ varReplacer6357 = ""TLS"" @ line -1)",True,okhttp3/internal/platform/ConscryptPlatform.java,jp.or.nhk.news,81,>5M,CogniCrypt,Utilities,OkHttp
First parameter was not properly generated as generatedKeyStore,False,okhttp3/internal/platform/OpenJSSEPlatform.java,jp.or.nhk.news,81,>5M,CogniCrypt,Utilities,OkHttp
First parameter was not properly generated as generatedKeyManagers,False,okhttp3/internal/platform/Platform.java,jp.or.nhk.news,81,>5M,CogniCrypt,Utilities,OkHttp
First parameter was not properly generated as generatedKeyStore,False,okhttp3/internal/platform/BouncyCastlePlatform.java,jp.or.nhk.news,81,>5M,CogniCrypt,Utilities,OkHttp
"Constraint ""protocol in {TLSv1.2, TLSv1.3}"" on object $r1 is violated due to the following reason:\n|- First parameter ""varReplacer6363"" with value ""TLS"" should be any of {TLSv1.2, TLSv1.3} (extracted @ varReplacer6363 = ""TLS"" @ line -1)",True,okhttp3/internal/platform/BouncyCastlePlatform.java,jp.or.nhk.news,81,>5M,CogniCrypt,Utilities,OkHttp
Third parameter was not properly generated as randomized,False,okhttp3/internal/platform/Platform.java,jp.or.nhk.news,81,>5M,CogniCrypt,Utilities,OkHttp
First parameter was not properly generated as generatedKeyManagers,False,okhttp3/internal/platform/Platform.java,jp.or.nhk.news,81,>5M,CogniCrypt,Utilities,OkHttp
Third parameter was not properly generated as randomized,False,okhttp3/internal/platform/Platform.java,jp.or.nhk.news,81,>5M,CogniCrypt,Utilities,OkHttp
Second parameter was not properly generated as generatedTrustManagers,True,okhttp3/internal/platform/Platform.java,jp.or.nhk.news,81,>5M,CogniCrypt,Utilities,OkHttp
First parameter was not properly generated as generatedKeyStore,False,okhttp3/internal/platform/ConscryptPlatform.java,jp.or.nhk.news,81,>5M,CogniCrypt,Utilities,OkHttp
Second parameter was not properly generated as generatedTrustManagers,True,okhttp3/internal/platform/Platform.java,jp.or.nhk.news,81,>5M,CogniCrypt,Utilities,OkHttp
Third parameter was not properly generated as randomized,False,okhttp3/internal/platform/Platform.java,jp.or.nhk.news,81,>5M,CogniCrypt,Utilities,OkHttp
Third parameter was not properly generated as randomized,False,okhttp3/internal/platform/Platform.java,jp.or.nhk.news,81,>5M,CogniCrypt,Utilities,OkHttp
Second parameter was not properly generated as generatedTrustManagers,True,okhttp3/internal/platform/Platform.java,jp.or.nhk.news,81,>5M,CogniCrypt,Utilities,OkHttp
First parameter was not properly generated as generatedKeyManagers,False,okhttp3/internal/platform/Platform.java,jp.or.nhk.news,81,>5M,CogniCrypt,Utilities,OkHttp
First parameter was not properly generated as generatedKeyManagers,False,okhttp3/internal/platform/Platform.java,jp.or.nhk.news,81,>5M,CogniCrypt,Utilities,OkHttp
Second parameter was not properly generated as generatedTrustManagers,True,okhttp3/internal/platform/Platform.java,jp.or.nhk.news,81,>5M,CogniCrypt,Utilities,OkHttp
"Constraint ""algorithm in {SHA-256, SHA-384, SHA-512}"" on object $r2 is violated due to the following reason:\n|- First parameter ""varReplacer13072"" with value ""MD5"" should be any of {SHA-256, SHA-384, SHA-512} (extracted @ varReplacer13072 = ""MD5"" @ line 17)",True,com/google/android/gms/internal/ads/zzayx.java,kim.uno.s8,209,>5M,CogniCrypt,Utilities,Gson
"Constraint ""algorithm in {SHA-256, SHA-384, SHA-512}"" on object $r7 is violated due to the following reason:\n|- First parameter ""varReplacer7277"" with value ""MD5"" should be any of {SHA-256, SHA-384, SHA-512} (extracted @ varReplacer7277 = ""MD5"" @ line 45)",True,com/google/android/gms/ads/internal/util/client/zzf.java,kim.uno.s8,209,>5M,CogniCrypt,Utilities,Gson
"Constraint ""algorithm in {SHA-256, SHA-384, SHA-512}"" on object $r5 is violated due to the following reason:\n|- First parameter ""$r0"" with value ""MD5"" should be any of {SHA-256, SHA-384, SHA-512} (extracted @ varReplacer7970 = ""MD5"" @ line 26)",True,com/google/android/gms/ads/internal/util/client/zzf.java,kim.uno.s8,209,>5M,CogniCrypt,Utilities,Gson
"Constraint ""algorithm in {SHA-256, SHA-384, SHA-512}"" on object $r2 is violated due to the following reason:\n|- First parameter ""varReplacer2357"" with value ""MD5"" should be any of {SHA-256, SHA-384, SHA-512} (extracted @ varReplacer2357 = ""MD5"" @ line 237)",True,com/facebook/appevents/AppEvent$Companion.java,mobi.coolapps.traffic.us.oregon,223,5k-10k,CogniCrypt,Advertising,Facebook-Audience
"Constraint ""algorithm in {SHA-256, SHA-384, SHA-512}"" on object $r4 is violated due to the following reason:\n|- First parameter ""$r3"" with value ""MD5"" should be any of {SHA-256, SHA-384, SHA-512} (extracted @ varReplacer3942 = ""MD5"" @ line 133)\n|- First parameter ""$r3"" with value ""SHA-1"" should be any of {SHA-256, SHA-384, SHA-512} (extracted @ varReplacer2190 = ""SHA-1"" @ line 143)",True,com/facebook/internal/Utility.java,mobi.coolapps.traffic.us.oregon,223,5k-10k,CogniCrypt,Advertising,Facebook-Audience
"Constraint ""algorithm in {SHA-256, SHA-384, SHA-512}"" on object $r7 is violated due to the following reason:\n|- First parameter ""varReplacer6588"" with value ""MD5"" should be any of {SHA-256, SHA-384, SHA-512} (extracted @ varReplacer6588 = ""MD5"" @ line 4)",True,com/google/android/gms/internal/ads/zzcgi.java,mobi.coolapps.traffic.us.oregon,223,5k-10k,CogniCrypt,Android,com.google.android.gms::play-services-ads-base
"Constraint ""algorithm in {SHA-256, SHA-384, SHA-512}"" on object $r8 is violated due to the following reason:\n|- First parameter ""varReplacer4335"" with value ""SHA1"" should be any of {SHA-256, SHA-384, SHA-512} (extracted @ varReplacer4335 = ""SHA1"" @ line 35)",True,com/facebook/internal/security/CertificateUtil.java,mobi.coolapps.traffic.us.oregon,223,5k-10k,CogniCrypt,Advertising,Facebook-Audience
"Constraint ""algorithm in {SHA-256, SHA-384, SHA-512}"" on object $r5 is violated due to the following reason:\n|- First parameter ""varReplacer4372"" with value ""MD5"" should be any of {SHA-256, SHA-384, SHA-512} (extracted @ varReplacer4372 = ""MD5"" @ line 45)",True,com/facebook/appevents/internal/HashUtils.java,mobi.coolapps.traffic.us.oregon,223,5k-10k,CogniCrypt,Advertising,Facebook-Audience
"Constraint ""algorithm in {SHA-256, SHA-384, SHA-512}"" on object $r7 is violated due to the following reason:\n|- First parameter ""varReplacer4978"" with value ""MD5"" should be any of {SHA-256, SHA-384, SHA-512} (extracted @ varReplacer4978 = ""MD5"" @ line 4)",True,com/google/android/gms/ads/internal/util/client/zzf.java,musicdownloader.monster.videodownloader,24,>5M,CogniCrypt,Android,com.google.android.gms::play-services-ads-base
"Constraint ""algorithm in {SHA-256, SHA-384, SHA-512}"" on object $r6 is violated due to the following reason:\n|- First parameter ""$r0"" with value ""MD5"" should be any of {SHA-256, SHA-384, SHA-512} (extracted @ varReplacer5723 = ""MD5"" @ line 3)",True,com/google/android/gms/ads/internal/util/client/zzf.java,musicdownloader.monster.videodownloader,24,>5M,CogniCrypt,Android,com.google.android.gms::play-services-ads-base
"Constraint ""algorithm in {SHA-256, SHA-384, SHA-512}"" on object $r7 is violated due to the following reason:\n|- First parameter ""varReplacer4375"" with value ""MD5"" should be any of {SHA-256, SHA-384, SHA-512} (extracted @ varReplacer4375 = ""MD5"" @ line 151)",True,com/google/android/gms/internal/ads/zzayr.java,net.wdsvlc.usa_radio_chicago_illinois_united_states,24,<100,CogniCrypt,Utilities,Guava
"Constraint ""algorithm in {SHA-256, SHA-384, SHA-512}"" on object $r6 is violated due to the following reason:\n|- First parameter ""varReplacer3341"" with value ""MD5"" should be any of {SHA-256, SHA-384, SHA-512} (extracted @ varReplacer3341 = ""MD5"" @ line 97)",True,com/google/ads/consent/ConsentInformation.java,net.wdsvlc.usa_radio_chicago_illinois_united_states,24,<100,CogniCrypt,Utilities,Guava
"Constraint ""algorithm in {SHA-256, SHA-384, SHA-512}"" on object $r5 is violated due to the following reason:\n|- First parameter ""varReplacer5469"" with value ""MD5"" should be any of {SHA-256, SHA-384, SHA-512} (extracted @ varReplacer5469 = ""MD5"" @ line 56)",True,com/google/android/gms/internal/ads/zzayr.java,net.wdsvlc.usa_radio_chicago_illinois_united_states,24,<100,CogniCrypt,Utilities,Guava
Second parameter parameter was not properly generated as generatedPubkey OR generatedKey OR generatedPrivkey,True,com/billdesk/utils/SecurePreferences.java,org.chennaimetrorail.appv1,161,500k-1M,CogniCrypt,others,unknown
"Constraint ""protocol in {TLSv1.2, TLSv1.3}"" on object $r3 is violated due to the following reason:\n|- First parameter ""varReplacer1741"" with value ""TLS"" should be any of {TLSv1.2, TLSv1.3} (extracted @ varReplacer1741 = ""TLS"" @ line 288)",True,okhttp3/OkHttpClient.java,org.chennaimetrorail.appv1,161,500k-1M,CogniCrypt,Utilities,OkHttp
"Constraint ""algorithm in {PBKDF2WithHmacSHA512, PBKDF2WithHmacSHA384, PBKDF2WithHmacSHA256, PBKDF2WithHmacSHA224, PBEWithHmacSHA512AndAES_128, PBEWithHmacSHA384AndAES_128, PBEWithHmacSHA384AndAES_128, PBEWithHmacSHA224AndAES_128, PBEWithHmacSHA256AndAES_128, PBEWithHmacSHA224AndAES_256, PBEWithHmacSHA256AndAES_256, PBEWithHmacSHA384AndAES_256, PBEWithHmacSHA512AndAES_256}"" on object $r3 is violated due to the following reason:\n|- First parameter ""$r2"" with value ""PBKDF2WithHmacSHA1"" should be any of {PBKDF2WithHmacSHA512, PBKDF2WithHmacSHA384, PBKDF2WithHmacSHA256, PBKDF2WithHmacSHA224, PBEWithHmacSHA512AndAES_128, PBEWithHmacSHA384AndAES_128, PBEWithHmacSHA384AndAES_128, PBEWithHmacSHA224AndAES_128, PBEWithHmacSHA256AndAES_128, PBEWithHmacSHA224AndAES_256, PBEWithHmacSHA256AndAES_256, PBEWithHmacSHA384AndAES_256, PBEWithHmacSHA512AndAES_256} (extracted @ varReplacer4308 = ""PBKDF2WithHmacSHA1"" @ line -1)\n|- First parameter ""$r2"" with value ""PBEWithMD5AndDES"" should be any of {PBKDF2WithHmacSHA512, PBKDF2WithHmacSHA384, PBKDF2WithHmacSHA256, PBKDF2WithHmacSHA224, PBEWithHmacSHA512AndAES_128, PBEWithHmacSHA384AndAES_128, PBEWithHmacSHA384AndAES_128, PBEWithHmacSHA224AndAES_128, PBEWithHmacSHA256AndAES_128, PBEWithHmacSHA224AndAES_256, PBEWithHmacSHA256AndAES_256, PBEWithHmacSHA384AndAES_256, PBEWithHmacSHA512AndAES_256} (extracted @ varReplacer4309 = ""PBEWithMD5AndDES"" @ line -1)",True,com/billdesk/utils/SecurePreferences.java,org.chennaimetrorail.appv1,161,500k-1M,CogniCrypt,others,unknown
"Constraint ""alg(transformation) in {AES} => mode(transformation) in {GCM, CTR, CTS, CFB, OFB}"" on object $r4 is violated due to the following reason:\n|- Constraint ""alg(transformation) in {AES} => mode(transformation) in {GCM, CTR, CTS, CFB, OFB}"" evaluates to <false>:\n\t|- The left side ""alg(transformation) in {AES}"" evaluates to <true>:\n\t\t|- First parameter ""varReplacer4423"" (transformation) with value ""AES"" satisfies the constraint in class com.billdesk.utils.SecurePreferences @ $r4 = getInstance(varReplacer4423,varReplacer4424) @ line -1\n\t|- The right side ""mode(transformation) in {GCM, CTR, CTS, CFB, OFB}"" evaluates to <false>:\n\t\t|- First parameter ""varReplacer4423"" (transformation) with value ""AES"" violates the constraint in class com.billdesk.utils.SecurePreferences @ $r4 = getInstance(varReplacer4423,varReplacer4424) @ line -1",True,com/billdesk/utils/SecurePreferences.java,org.chennaimetrorail.appv1,161,500k-1M,CogniCrypt,others,unknown
First parameter was not properly generated as preparedKeyMaterial,True,com/billdesk/utils/SecurePreferences.java,org.chennaimetrorail.appv1,161,500k-1M,CogniCrypt,others,unknown
"Constraint ""alg(transformation) in {AES} => mode(transformation) in {GCM, CTR, CTS, CFB, OFB}"" on object $r4 is violated due to the following reason:\n|- Constraint ""alg(transformation) in {AES} => mode(transformation) in {GCM, CTR, CTS, CFB, OFB}"" evaluates to <false>:\n\t|- The left side ""alg(transformation) in {AES}"" evaluates to <true>:\n\t\t|- First parameter ""varReplacer4416"" (transformation) with value ""AES"" satisfies the constraint in class com.billdesk.utils.SecurePreferences @ $r4 = getInstance(varReplacer4416,varReplacer4417) @ line -1\n\t|- The right side ""mode(transformation) in {GCM, CTR, CTS, CFB, OFB}"" evaluates to <false>:\n\t\t|- First parameter ""varReplacer4416"" (transformation) with value ""AES"" violates the constraint in class com.billdesk.utils.SecurePreferences @ $r4 = getInstance(varReplacer4416,varReplacer4417) @ line -1",True,com/billdesk/utils/SecurePreferences.java,org.chennaimetrorail.appv1,161,500k-1M,CogniCrypt,others,unknown
First parameter was not properly generated as speccedKey,True,com/billdesk/utils/SecurePreferences.java,org.chennaimetrorail.appv1,161,500k-1M,CogniCrypt,others,unknown
Second parameter was not properly generated as randomized,True,com/billdesk/utils/SecurePreferences.java,org.chennaimetrorail.appv1,161,500k-1M,CogniCrypt,others,unknown
First parameter was not properly generated as generatedKeyManagers,False,okhttp3/OkHttpClient.java,org.chennaimetrorail.appv1,161,500k-1M,CogniCrypt,Utilities,OkHttp
Return value was not properly generated as generatedKey,True,com/billdesk/utils/SecurePreferences.java,org.chennaimetrorail.appv1,161,500k-1M,CogniCrypt,others,unknown
First parameter was not properly generated as preparedKeyMaterial,True,org/chennaimetrorail/appv1/travelcard/Encryption.java,org.chennaimetrorail.appv1,161,500k-1M,CogniCrypt,Utilities,jsoup
First parameter was not properly generated as randomized,True,org/chennaimetrorail/appv1/travelcard/Encryption.java,org.chennaimetrorail.appv1,161,500k-1M,CogniCrypt,Utilities,jsoup
"Constraint ""alg(transformation) in {AES} => mode(transformation) in {GCM, CTR, CTS, CFB, OFB}"" on object $r7 is violated due to the following reason:\n|- Constraint ""alg(transformation) in {AES} => mode(transformation) in {GCM, CTR, CTS, CFB, OFB}"" evaluates to <false>:\n\t|- The left side ""alg(transformation) in {AES}"" evaluates to <true>:\n\t\t|- First parameter ""varReplacer3314"" (transformation) with value ""AES/CBC/PKCS5Padding"" satisfies the constraint in class org.chennaimetrorail.appv1.travelcard.Encryption @ $r7 = getInstance(varReplacer3314) @ line 172\n\t|- The right side ""mode(transformation) in {GCM, CTR, CTS, CFB, OFB}"" evaluates to <false>:\n\t\t|- First parameter ""varReplacer3314"" (transformation) with value ""AES/CBC/PKCS5Padding"" violates the constraint in class org.chennaimetrorail.appv1.travelcard.Encryption @ $r7 = getInstance(varReplacer3314) @ line 172",True,org/chennaimetrorail/appv1/travelcard/Encryption.java,org.chennaimetrorail.appv1,161,500k-1M,CogniCrypt,Utilities,jsoup
Second parameter parameter was not properly generated as generatedKey OR generatedPubkey OR generatedPrivkey,True,org/chennaimetrorail/appv1/travelcard/Encryption.java,org.chennaimetrorail.appv1,161,500k-1M,CogniCrypt,Utilities,jsoup
Second parameter parameter was not properly generated as generatedPubkey OR generatedKey OR generatedPrivkey,True,com/billdesk/utils/SecurePreferences.java,org.chennaimetrorail.appv1,161,500k-1M,CogniCrypt,others,unknown
"Constraint ""alg(transformation) in {AES} => mode(transformation) in {GCM, CTR, CTS, CFB, OFB}"" on object $r7 is violated due to the following reason:\n|- Constraint ""alg(transformation) in {AES} => mode(transformation) in {GCM, CTR, CTS, CFB, OFB}"" evaluates to <false>:\n\t|- The left side ""alg(transformation) in {AES}"" evaluates to <true>:\n\t\t|- First parameter ""varReplacer3298"" (transformation) with value ""AES/CBC/PKCS5Padding"" satisfies the constraint in class org.chennaimetrorail.appv1.travelcard.Encryption @ $r7 = getInstance(varReplacer3298) @ line 190\n\t|- The right side ""mode(transformation) in {GCM, CTR, CTS, CFB, OFB}"" evaluates to <false>:\n\t\t|- First parameter ""varReplacer3298"" (transformation) with value ""AES/CBC/PKCS5Padding"" violates the constraint in class org.chennaimetrorail.appv1.travelcard.Encryption @ $r7 = getInstance(varReplacer3298) @ line 190",True,org/chennaimetrorail/appv1/travelcard/Encryption.java,org.chennaimetrorail.appv1,161,500k-1M,CogniCrypt,Utilities,jsoup
First parameter was not properly generated as randomized,True,org/chennaimetrorail/appv1/travelcard/Encryption.java,org.chennaimetrorail.appv1,161,500k-1M,CogniCrypt,Utilities,jsoup
First parameter was not properly generated as preparedKeyMaterial,True,org/chennaimetrorail/appv1/travelcard/Encryption.java,org.chennaimetrorail.appv1,161,500k-1M,CogniCrypt,Utilities,jsoup
First parameter was not properly generated as preparedKeyMaterial,True,org/chennaimetrorail/appv1/travelcard/Encryption.java,org.chennaimetrorail.appv1,161,500k-1M,CogniCrypt,Utilities,jsoup
First parameter was not properly generated as generatedKey,True,org/chennaimetrorail/appv1/travelcard/Encryption.java,org.chennaimetrorail.appv1,161,500k-1M,CogniCrypt,Utilities,jsoup
First parameter was not properly generated as generatedKeyStore,False,okhttp3/OkHttpClient.java,org.chennaimetrorail.appv1,161,500k-1M,CogniCrypt,Utilities,OkHttp
Second parameter was not properly generated as generatedTrustManagers,False,okhttp3/OkHttpClient.java,org.chennaimetrorail.appv1,161,500k-1M,CogniCrypt,Utilities,OkHttp
Third parameter was not properly generated as randomized,False,okhttp3/OkHttpClient.java,org.chennaimetrorail.appv1,161,500k-1M,CogniCrypt,Utilities,OkHttp
Second parameter parameter was not properly generated as generatedPubkey OR generatedPrivkey OR generatedKey,True,org/chennaimetrorail/appv1/travelcard/Encryption.java,org.chennaimetrorail.appv1,161,500k-1M,CogniCrypt,Utilities,jsoup
First parameter was not properly generated as preparedKeyMaterial,True,com/billdesk/utils/SecurePreferences.java,org.chennaimetrorail.appv1,161,500k-1M,CogniCrypt,others,unknown
First parameter was not properly generated as preparedKeyMaterial,True,hj0.java,org.solovyev.android.calculator,164,1M-5M,CogniCrypt,obfuscated,obfuscated
"Constraint ""alg(transformation) in {AES} => mode(transformation) in {GCM, CTR, CTS, CFB, OFB}"" on object $r1 is violated due to the following reason:\n|- Constraint ""alg(transformation) in {AES} => mode(transformation) in {GCM, CTR, CTS, CFB, OFB}"" evaluates to <false>:\n\t|- The left side ""alg(transformation) in {AES}"" evaluates to <true>:\n\t\t|- First parameter ""varReplacer10496"" (transformation) with value ""AES/CBC/PKCS5Padding"" satisfies the constraint in class hj0 @ $r1 = getInstance(varReplacer10496) @ line 12\n\t|- The right side ""mode(transformation) in {GCM, CTR, CTS, CFB, OFB}"" evaluates to <false>:\n\t\t|- First parameter ""varReplacer10496"" (transformation) with value ""AES/CBC/PKCS5Padding"" violates the constraint in class hj0 @ $r1 = getInstance(varReplacer10496) @ line 12",True,hj0.java,org.solovyev.android.calculator,164,1M-5M,CogniCrypt,obfuscated,obfuscated
First parameter was not properly generated as randomized,True,hj0.java,org.solovyev.android.calculator,164,1M-5M,CogniCrypt,obfuscated,obfuscated
First parameter was not properly generated as preparedKeyMaterial,True,hj0.java,org.solovyev.android.calculator,164,1M-5M,CogniCrypt,obfuscated,obfuscated
Second parameter parameter was not properly generated as generatedKey OR generatedPrivkey OR generatedPubkey,True,hj0.java,org.solovyev.android.calculator,164,1M-5M,CogniCrypt,obfuscated,obfuscated
Second parameter parameter was not properly generated as generatedKey OR generatedPubkey OR generatedPrivkey,True,hj0.java,org.solovyev.android.calculator,164,1M-5M,CogniCrypt,obfuscated,obfuscated
"Constraint ""algorithm in {SHA-256, SHA-384, SHA-512}"" on object $r5 is violated due to the following reason:\n|- First parameter ""$r0"" with value ""MD5"" should be any of {SHA-256, SHA-384, SHA-512} (extracted @ varReplacer10500 = ""MD5"" @ line 2)\n|- First parameter ""$r0"" with value ""MD5"" should be any of {SHA-256, SHA-384, SHA-512} (extracted @ varReplacer7584 = ""MD5"" @ line 26)",True,w53.java,org.solovyev.android.calculator,164,1M-5M,CogniCrypt,obfuscated,obfuscated
Third parameter was not properly generated as randomized,False,hj0.java,org.solovyev.android.calculator,164,1M-5M,CogniCrypt,obfuscated,obfuscated
"Constraint ""algorithm in {SHA-256, SHA-384, SHA-512}"" on object $r1 is violated due to the following reason:\n|- First parameter ""varReplacer2261"" with value ""MD5"" should be any of {SHA-256, SHA-384, SHA-512} (extracted @ varReplacer2261 = ""MD5"" @ line 842)",True,com/appnext/core/f.java,play.musicplayer.musicapps.music.mp3player,2,5k-10k,CogniCrypt,others,unknown
"Constraint ""algorithm in {SHA-256, SHA-384, SHA-512}"" on object $r7 is violated due to the following reason:\n|- First parameter ""varReplacer2900"" with value ""MD5"" should be any of {SHA-256, SHA-384, SHA-512} (extracted @ varReplacer2900 = ""MD5"" @ line 151)",True,com/google/android/gms/internal/ads/zzaza.java,play.musicplayer.musicapps.music.mp3player,2,5k-10k,CogniCrypt,Utilities,Guava
"Constraint ""algorithm in {SHA-256, SHA-384, SHA-512}"" on object $r5 is violated due to the following reason:\n|- First parameter ""varReplacer4093"" with value ""MD5"" should be any of {SHA-256, SHA-384, SHA-512} (extracted @ varReplacer4093 = ""MD5"" @ line 56)",True,com/google/android/gms/internal/ads/zzaza.java,play.musicplayer.musicapps.music.mp3player,2,5k-10k,CogniCrypt,Utilities,Guava
"Constraint ""protocol in {TLSv1.2, TLSv1.3}"" on object $r1 is violated due to the following reason:\n|- First parameter ""varReplacer9182"" with value ""TLS"" should be any of {TLSv1.2, TLSv1.3} (extracted @ varReplacer9182 = ""TLS"" @ line 78)",True,okhttp3/internal/platform/Platform.java,pt.cp.mobiapp,285,1M-5M,CogniCrypt,Utilities,OkHttp
First parameter was not properly generated as generatedKeyManagers,False,okhttp3/internal/platform/Platform.java,pt.cp.mobiapp,285,1M-5M,CogniCrypt,Utilities,OkHttp
Third parameter was not properly generated as randomized,False,okhttp3/internal/platform/Platform.java,pt.cp.mobiapp,285,1M-5M,CogniCrypt,Utilities,OkHttp
First parameter was not properly generated as generatedKeyStore,False,okhttp3/internal/platform/Platform.java,pt.cp.mobiapp,285,1M-5M,CogniCrypt,Utilities,OkHttp
First parameter was not properly generated as generatedKeyManagers,False,okhttp3/internal/platform/Platform.java,pt.cp.mobiapp,285,1M-5M,CogniCrypt,Utilities,OkHttp
First parameter was not properly generated as generatedKeyManagers,False,okhttp3/internal/platform/Platform.java,pt.cp.mobiapp,285,1M-5M,CogniCrypt,Utilities,OkHttp
Third parameter was not properly generated as randomized,False,okhttp3/internal/platform/Platform.java,pt.cp.mobiapp,285,1M-5M,CogniCrypt,Utilities,OkHttp
Second parameter was not properly generated as generatedTrustManagers,True,okhttp3/internal/platform/Platform.java,pt.cp.mobiapp,285,1M-5M,CogniCrypt,Utilities,OkHttp
First parameter was not properly generated as generatedKeyManagers,False,okhttp3/internal/platform/Platform.java,pt.cp.mobiapp,285,1M-5M,CogniCrypt,Utilities,OkHttp
Second parameter was not properly generated as generatedTrustManagers,True,okhttp3/internal/platform/Platform.java,pt.cp.mobiapp,285,1M-5M,CogniCrypt,Utilities,OkHttp
First parameter was not properly generated as generatedKeyManagers,False,okhttp3/internal/platform/Platform.java,pt.cp.mobiapp,285,1M-5M,CogniCrypt,Utilities,OkHttp
Third parameter was not properly generated as randomized,False,okhttp3/internal/platform/Platform.java,pt.cp.mobiapp,285,1M-5M,CogniCrypt,Utilities,OkHttp
First parameter was not properly generated as generatedKeyStore,False,okhttp3/internal/platform/OpenJSSEPlatform.java,pt.cp.mobiapp,285,1M-5M,CogniCrypt,Utilities,OkHttp
First parameter was not properly generated as generatedKeyManagers,False,okhttp3/internal/platform/Platform.java,pt.cp.mobiapp,285,1M-5M,CogniCrypt,Utilities,OkHttp
Second parameter was not properly generated as generatedTrustManagers,True,okhttp3/internal/platform/ConscryptPlatform.java,pt.cp.mobiapp,285,1M-5M,CogniCrypt,Utilities,OkHttp
First parameter was not properly generated as generatedKeyManagers,False,okhttp3/internal/platform/Platform.java,pt.cp.mobiapp,285,1M-5M,CogniCrypt,Utilities,OkHttp
Third parameter was not properly generated as randomized,False,okhttp3/internal/platform/Platform.java,pt.cp.mobiapp,285,1M-5M,CogniCrypt,Utilities,OkHttp
Second parameter was not properly generated as generatedTrustManagers,True,okhttp3/internal/platform/Platform.java,pt.cp.mobiapp,285,1M-5M,CogniCrypt,Utilities,OkHttp
"Constraint ""protocol in {TLSv1.2, TLSv1.3}"" on object $r1 is violated due to the following reason:\n|- First parameter ""varReplacer9190"" with value ""TLS"" should be any of {TLSv1.2, TLSv1.3} (extracted @ varReplacer9190 = ""TLS"" @ line 37)",True,okhttp3/internal/platform/BouncyCastlePlatform.java,pt.cp.mobiapp,285,1M-5M,CogniCrypt,Utilities,OkHttp
Third parameter was not properly generated as randomized,False,okhttp3/internal/platform/Platform.java,pt.cp.mobiapp,285,1M-5M,CogniCrypt,Utilities,OkHttp
Second parameter was not properly generated as generatedTrustManagers,True,okhttp3/internal/platform/Platform.java,pt.cp.mobiapp,285,1M-5M,CogniCrypt,Utilities,OkHttp
Second parameter was not properly generated as generatedTrustManagers,True,okhttp3/internal/platform/Platform.java,pt.cp.mobiapp,285,1M-5M,CogniCrypt,Utilities,OkHttp
Second parameter was not properly generated as generatedTrustManagers,True,okhttp3/internal/platform/Platform.java,pt.cp.mobiapp,285,1M-5M,CogniCrypt,Utilities,OkHttp
Third parameter was not properly generated as randomized,False,okhttp3/internal/platform/Platform.java,pt.cp.mobiapp,285,1M-5M,CogniCrypt,Utilities,OkHttp
Second parameter was not properly generated as generatedTrustManagers,True,okhttp3/internal/platform/Platform.java,pt.cp.mobiapp,285,1M-5M,CogniCrypt,Utilities,OkHttp
"Constraint ""protocol in {TLSv1.2, TLSv1.3}"" on object $r3 is violated due to the following reason:\n|- First parameter ""varReplacer9187"" with value ""TLS"" should be any of {TLSv1.2, TLSv1.3} (extracted @ varReplacer9187 = ""TLS"" @ line 79)",True,okhttp3/internal/platform/Jdk9Platform.java,pt.cp.mobiapp,285,1M-5M,CogniCrypt,Utilities,OkHttp
First parameter was not properly generated as generatedKeyManagers,False,okhttp3/internal/platform/ConscryptPlatform.java,pt.cp.mobiapp,285,1M-5M,CogniCrypt,Utilities,OkHttp
Third parameter was not properly generated as randomized,False,okhttp3/internal/platform/Platform.java,pt.cp.mobiapp,285,1M-5M,CogniCrypt,Utilities,OkHttp
"Constraint ""protocol in {TLSv1.2, TLSv1.3}"" on object $r3 is violated due to the following reason:\n|- First parameter ""varReplacer9184"" with value ""TLS"" should be any of {TLSv1.2, TLSv1.3} (extracted @ varReplacer9184 = ""TLS"" @ line 70)",True,okhttp3/internal/platform/Jdk9Platform.java,pt.cp.mobiapp,285,1M-5M,CogniCrypt,Utilities,OkHttp
First parameter was not properly generated as generatedKeyStore,False,okhttp3/internal/platform/BouncyCastlePlatform.java,pt.cp.mobiapp,285,1M-5M,CogniCrypt,Utilities,OkHttp
First parameter was not properly generated as preparedKeyMaterial,True,com/scottyab/aescrypt/AESCrypt.java,pt.cp.mobiapp,285,1M-5M,CogniCrypt,others,unknown
Second parameter parameter was not properly generated as generatedPrivkey OR generatedPubkey OR generatedKey,True,com/scottyab/aescrypt/AESCrypt.java,pt.cp.mobiapp,285,1M-5M,CogniCrypt,others,unknown
"Constraint ""alg(transformation) in {AES} => mode(transformation) in {GCM, CTR, CTS, CFB, OFB}"" on object $r4 is violated due to the following reason:\n|- Constraint ""alg(transformation) in {AES} => mode(transformation) in {GCM, CTR, CTS, CFB, OFB}"" evaluates to <false>:\n\t|- The left side ""alg(transformation) in {AES}"" evaluates to <true>:\n\t\t|- First parameter ""varReplacer10101"" (transformation) with value ""AES/CBC/PKCS7Padding"" satisfies the constraint in class com.scottyab.aescrypt.AESCrypt @ $r4 = getInstance(varReplacer10101) @ line 155\n\t|- The right side ""mode(transformation) in {GCM, CTR, CTS, CFB, OFB}"" evaluates to <false>:\n\t\t|- First parameter ""varReplacer10101"" (transformation) with value ""AES/CBC/PKCS7Padding"" violates the constraint in class com.scottyab.aescrypt.AESCrypt @ $r4 = getInstance(varReplacer10101) @ line 155",True,com/scottyab/aescrypt/AESCrypt.java,pt.cp.mobiapp,285,1M-5M,CogniCrypt,others,unknown
First parameter was not properly generated as randomized,True,com/scottyab/aescrypt/AESCrypt.java,pt.cp.mobiapp,285,1M-5M,CogniCrypt,others,unknown
First parameter was not properly generated as generatedKeyStore,False,okhttp3/internal/platform/ConscryptPlatform.java,pt.cp.mobiapp,285,1M-5M,CogniCrypt,Utilities,OkHttp
"Constraint ""protocol in {TLSv1.2, TLSv1.3}"" on object $r1 is violated due to the following reason:\n|- First parameter ""varReplacer9180"" with value ""TLS"" should be any of {TLSv1.2, TLSv1.3} (extracted @ varReplacer9180 = ""TLS"" @ line 44)",True,okhttp3/internal/platform/ConscryptPlatform.java,pt.cp.mobiapp,285,1M-5M,CogniCrypt,Utilities,OkHttp
Third parameter was not properly generated as randomized,False,okhttp3/internal/platform/ConscryptPlatform.java,pt.cp.mobiapp,285,1M-5M,CogniCrypt,Utilities,OkHttp
First parameter was not properly generated as generatedKeyStore,False,okhttp3/internal/Util.java,pt.iol.tviplayer.android,314,1M-5M,CogniCrypt,Utilities,okhttp
Second parameter was not properly generated as generatedTrustManagers,False,okhttp3/OkHttpClient.java,pt.iol.tviplayer.android,314,1M-5M,CogniCrypt,Utilities,okhttp
First parameter was not properly generated as generatedKeyManagers,False,okhttp3/OkHttpClient.java,pt.iol.tviplayer.android,314,1M-5M,CogniCrypt,Utilities,okhttp
Third parameter was not properly generated as randomized,False,okhttp3/OkHttpClient.java,pt.iol.tviplayer.android,314,1M-5M,CogniCrypt,Utilities,okhttp
Third parameter was not properly generated as randomized,False,okhttp3/OkHttpClient.java,pt.iol.tviplayer.android,314,1M-5M,CogniCrypt,Utilities,okhttp
First parameter was not properly generated as generatedKeyManagers,False,okhttp3/OkHttpClient.java,pt.iol.tviplayer.android,314,1M-5M,CogniCrypt,Utilities,okhttp
Third parameter was not properly generated as randomized,False,okhttp3/OkHttpClient.java,pt.iol.tviplayer.android,314,1M-5M,CogniCrypt,Utilities,okhttp
Second parameter was not properly generated as generatedTrustManagers,False,okhttp3/OkHttpClient.java,pt.iol.tviplayer.android,314,1M-5M,CogniCrypt,Utilities,okhttp
"Constraint ""protocol in {TLSv1.2, TLSv1.3}"" on object $r2 is violated due to the following reason:\n|- First parameter ""varReplacer9412"" with value ""TLS"" should be any of {TLSv1.2, TLSv1.3} (extracted @ varReplacer9412 = ""TLS"" @ line 296)",True,okhttp3/internal/platform/Platform.java,pt.iol.tviplayer.android,314,1M-5M,CogniCrypt,Utilities,okhttp
First parameter was not properly generated as generatedKeyManagers,False,okhttp3/OkHttpClient.java,pt.iol.tviplayer.android,314,1M-5M,CogniCrypt,Utilities,okhttp
"Constraint ""protocol in {TLSv1.2, TLSv1.3}"" on object $r3 is violated due to the following reason:\n|- First parameter ""varReplacer9410"" with value ""TLS"" should be any of {TLSv1.2, TLSv1.3} (extracted @ varReplacer9410 = ""TLS"" @ line 417)",True,okhttp3/internal/platform/AndroidPlatform.java,pt.iol.tviplayer.android,314,1M-5M,CogniCrypt,Utilities,okhttp
"Constraint ""protocol in {TLSv1.2, TLSv1.3}"" on object $r3 is violated due to the following reason:\n|- First parameter ""varReplacer9415"" with value ""TLS"" should be any of {TLSv1.2, TLSv1.3} (extracted @ varReplacer9415 = ""TLS"" @ line 97)",True,okhttp3/internal/platform/ConscryptPlatform.java,pt.iol.tviplayer.android,314,1M-5M,CogniCrypt,Utilities,okhttp
Second parameter was not properly generated as generatedTrustManagers,False,okhttp3/OkHttpClient.java,pt.iol.tviplayer.android,314,1M-5M,CogniCrypt,Utilities,okhttp
Third parameter was not properly generated as randomized,False,okhttp3/OkHttpClient.java,pt.iol.tviplayer.android,314,1M-5M,CogniCrypt,Utilities,okhttp
"Constraint ""algorithm in {SHA-256, SHA-384, SHA-512}"" on object $r6 is violated due to the following reason:\n|- First parameter ""$r0"" with value ""MD5"" should be any of {SHA-256, SHA-384, SHA-512} (extracted @ varReplacer10342 = ""MD5"" @ line 3)",True,com/google/android/gms/internal/ads/zzbzt.java,pt.iol.tviplayer.android,314,1M-5M,CogniCrypt,Android,com.google.android.gms::play-services-ads-base
"Constraint ""algorithm in {SHA-256, SHA-384, SHA-512}"" on object $r8 is violated due to the following reason:\n|- First parameter ""varReplacer5815"" with value ""SHA1"" should be any of {SHA-256, SHA-384, SHA-512} (extracted @ varReplacer5815 = ""SHA1"" @ line 35)",True,com/facebook/internal/security/CertificateUtil.java,pt.iol.tviplayer.android,314,1M-5M,CogniCrypt,SocialMedia,Facebook-App-Links
"Constraint ""algorithm in {SHA-256, SHA-384, SHA-512}"" on object $r5 is violated due to the following reason:\n|- First parameter ""varReplacer5852"" with value ""MD5"" should be any of {SHA-256, SHA-384, SHA-512} (extracted @ varReplacer5852 = ""MD5"" @ line 45)",True,com/facebook/appevents/internal/HashUtils.java,pt.iol.tviplayer.android,314,1M-5M,CogniCrypt,SocialMedia,Facebook-App-Links
"Constraint ""algorithm in {SHA-256, SHA-384, SHA-512}"" on object $r5 is violated due to the following reason:\n|- First parameter ""varReplacer11987"" with value ""MD5"" should be any of {SHA-256, SHA-384, SHA-512} (extracted @ varReplacer11987 = ""MD5"" @ line 1)",True,com/google/android/gms/internal/consent_sdk/zzbx.java,pt.iol.tviplayer.android,314,1M-5M,CogniCrypt,Android,com.google.android.gms::play-services-ads-base
"Constraint ""algorithm in {SHA-256, SHA-384, SHA-512}"" on object $r7 is violated due to the following reason:\n|- First parameter ""varReplacer8216"" with value ""MD5"" should be any of {SHA-256, SHA-384, SHA-512} (extracted @ varReplacer8216 = ""MD5"" @ line 4)",True,com/google/android/gms/internal/ads/zzbzt.java,pt.iol.tviplayer.android,314,1M-5M,CogniCrypt,Android,com.google.android.gms::play-services-ads-base
"Constraint ""algorithm in {SHA-256, SHA-384, SHA-512}"" on object $r2 is violated due to the following reason:\n|- First parameter ""varReplacer4701"" with value ""MD5"" should be any of {SHA-256, SHA-384, SHA-512} (extracted @ varReplacer4701 = ""MD5"" @ line 237)",True,com/facebook/appevents/AppEvent$Companion.java,pt.iol.tviplayer.android,314,1M-5M,CogniCrypt,SocialMedia,Facebook-App-Links
"Constraint ""algorithm in {SHA-256, SHA-384, SHA-512}"" on object $r4 is violated due to the following reason:\n|- First parameter ""$r3"" with value ""SHA-1"" should be any of {SHA-256, SHA-384, SHA-512} (extracted @ varReplacer3577 = ""SHA-1"" @ line 143)\n|- First parameter ""$r3"" with value ""MD5"" should be any of {SHA-256, SHA-384, SHA-512} (extracted @ varReplacer5348 = ""MD5"" @ line 133)",True,com/facebook/internal/Utility.java,pt.iol.tviplayer.android,314,1M-5M,CogniCrypt,SocialMedia,Facebook-App-Links
Third parameter was not properly generated as randomized,False,okhttp3/OkHttpClient.java,pt.iol.tviplayer.android,314,1M-5M,CogniCrypt,Utilities,okhttp
First parameter was not properly generated as generatedKeyManagers,False,okhttp3/OkHttpClient.java,pt.iol.tviplayer.android,314,1M-5M,CogniCrypt,Utilities,okhttp
First parameter was not properly generated as generatedKeyManagers,False,okhttp3/OkHttpClient.java,pt.iol.tviplayer.android,314,1M-5M,CogniCrypt,Utilities,okhttp
Second parameter was not properly generated as generatedTrustManagers,False,okhttp3/OkHttpClient.java,pt.iol.tviplayer.android,314,1M-5M,CogniCrypt,Utilities,okhttp
Second parameter was not properly generated as generatedTrustManagers,False,okhttp3/OkHttpClient.java,pt.iol.tviplayer.android,314,1M-5M,CogniCrypt,Utilities,okhttp
Second parameter parameter was not properly generated as generatedPubkey OR generatedPrivkey OR generatedKey,True,pt/sapo/mobile/android/sapokit/notification/Crypto.java,pt.sapo.android.cloudpt,120,500k-1M,CogniCrypt,developer_written,not_applicable
First parameter was not properly generated as preparedKeyMaterial,True,pt/sapo/mobile/android/sapokit/notification/Crypto.java,pt.sapo.android.cloudpt,120,500k-1M,CogniCrypt,developer_written,not_applicable
"Constraint ""alg(transformation) in {AES} => mode(transformation) in {GCM, CTR, CTS, CFB, OFB}"" on object $r9 is violated due to the following reason:\n|- Constraint ""alg(transformation) in {AES} => mode(transformation) in {GCM, CTR, CTS, CFB, OFB}"" evaluates to <false>:\n\t|- The left side ""alg(transformation) in {AES}"" evaluates to <true>:\n\t\t|- First parameter ""varReplacer5468"" (transformation) with value ""AES"" satisfies the constraint in class pt.sapo.mobile.android.sapokit.notification.Crypto @ $r9 = getInstance(varReplacer5468) @ line 100\n\t|- The right side ""mode(transformation) in {GCM, CTR, CTS, CFB, OFB}"" evaluates to <false>:\n\t\t|- First parameter ""varReplacer5468"" (transformation) with value ""AES"" violates the constraint in class pt.sapo.mobile.android.sapokit.notification.Crypto @ $r9 = getInstance(varReplacer5468) @ line 100",True,pt/sapo/mobile/android/sapokit/notification/Crypto.java,pt.sapo.android.cloudpt,120,500k-1M,CogniCrypt,developer_written,not_applicable
Return value was not properly generated as generatedKey,True,pt/sapo/mobile/android/sapokit/notification/Crypto.java,pt.sapo.android.cloudpt,120,500k-1M,CogniCrypt,developer_written,not_applicable
Second parameter was not properly generated as randomized,True,pt/sapo/mobile/android/sapokit/notification/Crypto.java,pt.sapo.android.cloudpt,120,500k-1M,CogniCrypt,developer_written,not_applicable
"Constraint ""algorithm in {SHA-256, SHA-384, SHA-512}"" on object $r7 is violated due to the following reason:\n|- First parameter ""varReplacer6997"" with value ""MD5"" should be any of {SHA-256, SHA-384, SHA-512} (extracted @ varReplacer6997 = ""MD5"" @ line 556)",True,pt/sapo/android/cloudpt/DiscoAbstractAsyncImageView.java,pt.sapo.android.cloudpt,120,500k-1M,CogniCrypt,developer_written,not_applicable
First parameter was not properly generated as generatedKey,True,oauth/signpost/signature/HmacSha1MessageSigner.java,pt.sapo.android.cloudpt,120,500k-1M,CogniCrypt,Utilities,androidoauthclient
First parameter was not properly generated as preparedKeyMaterial,True,oauth/signpost/signature/HmacSha1MessageSigner.java,pt.sapo.android.cloudpt,120,500k-1M,CogniCrypt,Utilities,androidoauthclient
"Constraint ""keyAlgorithm in {AES, HmacSHA256, HmacSHA384, HmacSHA512}"" on object $r10 is violated due to the following reason:\n|- Second parameter ""varReplacer7552"" with value ""HmacSHA1"" should be any of {AES, HmacSHA256, HmacSHA384, HmacSHA512} (extracted @ varReplacer7552 = ""HmacSHA1"" @ line 47)",True,oauth/signpost/signature/HmacSha1MessageSigner.java,pt.sapo.android.cloudpt,120,500k-1M,CogniCrypt,Utilities,androidoauthclient
"Constraint ""algorithm in {HmacSHA256, HmacSHA384, HmacSHA512, HmacPBESHA1, PBEWithHmacSHA1, PBEWithHmacSHA224, PBEWithHmacSHA256, PBEWithHmacSHA384, PBEWithHmacSHA512}"" on object $r6 is violated due to the following reason:\n|- First parameter ""varReplacer7553"" with value ""HmacSHA1"" should be any of {HmacSHA256, HmacSHA384, HmacSHA512, HmacPBESHA1, PBEWithHmacSHA1, PBEWithHmacSHA224, PBEWithHmacSHA256, PBEWithHmacSHA384, PBEWithHmacSHA512} (extracted @ varReplacer7553 = ""HmacSHA1"" @ line 48)",True,oauth/signpost/signature/HmacSha1MessageSigner.java,pt.sapo.android.cloudpt,120,500k-1M,CogniCrypt,Utilities,androidoauthclient
First parameter was not properly generated as randomized,True,pt/sapo/mobile/android/sapokit/notification/Crypto.java,pt.sapo.android.cloudpt,120,500k-1M,CogniCrypt,developer_written,not_applicable
"Constraint ""algorithm in {SHA-256, SHA-384, SHA-512}"" on object $r14 is violated due to the following reason:\n|- First parameter ""varReplacer6933"" with value ""SHA1"" should be any of {SHA-256, SHA-384, SHA-512} (extracted @ varReplacer6933 = ""SHA1"" @ line 14)",True,com/yandex/metrica/impl/ob/H.java,ru.appkode.mozen,678,500k-1M,CogniCrypt,obfuscated,obfuscated
"Constraint ""algorithm in {SHA-256, SHA-384, SHA-512}"" on object $r1 is violated due to the following reason:\n|- First parameter ""varReplacer3631"" with value ""MD5"" should be any of {SHA-256, SHA-384, SHA-512} (extracted @ varReplacer3631 = ""MD5"" @ line 1)",True,com/yandex/metrica/impl/ob/Tl.java,ru.appkode.mozen,678,500k-1M,CogniCrypt,obfuscated,obfuscated
"Constraint ""algorithm in {SHA-256, SHA-384, SHA-512}"" on object $r12 is violated due to the following reason:\n|- First parameter ""varReplacer5726"" with value ""MD5"" should be any of {SHA-256, SHA-384, SHA-512} (extracted @ varReplacer5726 = ""MD5"" @ line 3)",True,com/yandex/metrica/impl/ob/Pl.java,ru.appkode.mozen,678,500k-1M,CogniCrypt,obfuscated,obfuscated
Second parameter was not properly generated as generatedTrustManagers,False,com/mixpanel/android/mpmetrics/MPConfig.java,se.jagareforbundet.wehunt,2401321,500k-1M,CogniCrypt,others,unknown
Second parameter was not properly generated as generatedTrustManagers,False,okhttp3/OkHttpClient.java,se.jagareforbundet.wehunt,2401321,500k-1M,CogniCrypt,Utilities,okhttp
First parameter was not properly generated as generatedKeyManagers,False,okhttp3/OkHttpClient.java,se.jagareforbundet.wehunt,2401321,500k-1M,CogniCrypt,Utilities,okhttp
Second parameter was not properly generated as generatedTrustManagers,False,okhttp3/OkHttpClient.java,se.jagareforbundet.wehunt,2401321,500k-1M,CogniCrypt,Utilities,okhttp
Second parameter was not properly generated as generatedTrustManagers,False,okhttp3/OkHttpClient.java,se.jagareforbundet.wehunt,2401321,500k-1M,CogniCrypt,Utilities,okhttp
Second parameter was not properly generated as generatedTrustManagers,False,okhttp3/OkHttpClient.java,se.jagareforbundet.wehunt,2401321,500k-1M,CogniCrypt,Utilities,okhttp
First parameter was not properly generated as generatedKeyManagers,False,okhttp3/OkHttpClient.java,se.jagareforbundet.wehunt,2401321,500k-1M,CogniCrypt,Utilities,okhttp
Third parameter was not properly generated as randomized,False,okhttp3/OkHttpClient.java,se.jagareforbundet.wehunt,2401321,500k-1M,CogniCrypt,Utilities,okhttp
Third parameter was not properly generated as randomized,False,okhttp3/OkHttpClient.java,se.jagareforbundet.wehunt,2401321,500k-1M,CogniCrypt,Utilities,okhttp
First parameter was not properly generated as generatedKeyManagers,False,okhttp3/OkHttpClient.java,se.jagareforbundet.wehunt,2401321,500k-1M,CogniCrypt,Utilities,okhttp
Third parameter was not properly generated as randomized,False,okhttp3/OkHttpClient.java,se.jagareforbundet.wehunt,2401321,500k-1M,CogniCrypt,Utilities,okhttp
Third parameter was not properly generated as randomized,False,com/mixpanel/android/mpmetrics/MPConfig.java,se.jagareforbundet.wehunt,2401321,500k-1M,CogniCrypt,others,unknown
First parameter was not properly generated as generatedKeyManagers,False,okhttp3/OkHttpClient.java,se.jagareforbundet.wehunt,2401321,500k-1M,CogniCrypt,Utilities,okhttp
First parameter was not properly generated as randomized,True,com/hitude/connect/security/SecurityManager.java,se.jagareforbundet.wehunt,2401321,500k-1M,CogniCrypt,others,unknown
"Constraint ""algorithm in {PBKDF2WithHmacSHA512, PBKDF2WithHmacSHA384, PBKDF2WithHmacSHA256, PBKDF2WithHmacSHA224, PBEWithHmacSHA512AndAES_128, PBEWithHmacSHA384AndAES_128, PBEWithHmacSHA384AndAES_128, PBEWithHmacSHA224AndAES_128, PBEWithHmacSHA256AndAES_128, PBEWithHmacSHA224AndAES_256, PBEWithHmacSHA256AndAES_256, PBEWithHmacSHA384AndAES_256, PBEWithHmacSHA512AndAES_256}"" on object $r4 is violated due to the following reason:\n|- First parameter ""varReplacer15592"" with value ""PBEWithMD5AndDES"" should be any of {PBKDF2WithHmacSHA512, PBKDF2WithHmacSHA384, PBKDF2WithHmacSHA256, PBKDF2WithHmacSHA224, PBEWithHmacSHA512AndAES_128, PBEWithHmacSHA384AndAES_128, PBEWithHmacSHA384AndAES_128, PBEWithHmacSHA224AndAES_128, PBEWithHmacSHA256AndAES_128, PBEWithHmacSHA224AndAES_256, PBEWithHmacSHA256AndAES_256, PBEWithHmacSHA384AndAES_256, PBEWithHmacSHA512AndAES_256} (extracted @ varReplacer15592 = ""PBEWithMD5AndDES"" @ line 2)",True,com/hitude/connect/security/SecurityManager.java,se.jagareforbundet.wehunt,2401321,500k-1M,CogniCrypt,others,unknown
Second parameter parameter was not properly generated as generatedPubkey OR generatedPrivkey OR generatedKey,True,com/hitude/connect/security/SecurityManager.java,se.jagareforbundet.wehunt,2401321,500k-1M,CogniCrypt,others,unknown
First parameter was not properly generated as speccedKey,True,com/hitude/connect/security/SecurityManager.java,se.jagareforbundet.wehunt,2401321,500k-1M,CogniCrypt,others,unknown
"Constraint ""instanceOf[key, javax.crypto.SecretKey] => alg(transformation) in {AES, PBEWithHmacSHA224AndAES_128, PBEWithHmacSHA256AndAES_128, PBEWithHmacSHA384AndAES_128, PBEWithHmacSHA512AndAES_128, PBEWithHmacSHA224AndAES_256, PBEWithHmacSHA256AndAES_256, PBEWithHmacSHA384AndAES_256, PBEWithHmacSHA512AndAES_256}"" on object $r8 is violated due to the following reason:\n|- Constraint ""instanceOf[key, javax.crypto.SecretKey] => alg(transformation) in {AES, PBEWithHmacSHA224AndAES_128, PBEWithHmacSHA256AndAES_128, PBEWithHmacSHA384AndAES_128, PBEWithHmacSHA512AndAES_128, PBEWithHmacSHA224AndAES_256, PBEWithHmacSHA256AndAES_256, PBEWithHmacSHA384AndAES_256, PBEWithHmacSHA512AndAES_256}"" evaluates to <false>:\n\t|- The left side ""instanceOf[key, javax.crypto.SecretKey]"" evaluates to <true>:\n\t\t|- Second parameter @ $r8.init(varReplacer15596,$r7,$r9) is not an instance of class javax.crypto.SecretKey\n\t|- The right side ""alg(transformation) in {AES, PBEWithHmacSHA224AndAES_128, PBEWithHmacSHA256AndAES_128, PBEWithHmacSHA384AndAES_128, PBEWithHmacSHA512AndAES_128, PBEWithHmacSHA224AndAES_256, PBEWithHmacSHA256AndAES_256, PBEWithHmacSHA384AndAES_256, PBEWithHmacSHA512AndAES_256}"" evaluates to <false>:\n\t\t|- First parameter ""varReplacer15593"" (transformation) with value ""PBEWithMD5AndDES"" violates the constraint in class com.hitude.connect.security.SecurityManager @ $r8 = getInstance(varReplacer15593) @ line 36",True,com/hitude/connect/security/SecurityManager.java,se.jagareforbundet.wehunt,2401321,500k-1M,CogniCrypt,others,unknown
"Constraint ""protocol in {TLSv1.2, TLSv1.3}"" on object $r2 is violated due to the following reason:\n|- First parameter ""varReplacer8509"" with value ""TLS"" should be any of {TLSv1.2, TLSv1.3} (extracted @ varReplacer8509 = ""TLS"" @ line 2)",True,o9/f.java,se.jagareforbundet.wehunt,2401321,500k-1M,CogniCrypt,others,unknown
"Constraint ""protocol in {TLSv1.2, TLSv1.3}"" on object $r2 is violated due to the following reason:\n|- First parameter ""varReplacer8511"" with value ""TLS"" should be any of {TLSv1.2, TLSv1.3} (extracted @ varReplacer8511 = ""TLS"" @ line 2)",True,okhttp3/internal/platform/Platform.java,se.jagareforbundet.wehunt,2401321,500k-1M,CogniCrypt,Utilities,okhttp
"Constraint ""protocol in {TLSv1.2, TLSv1.3}"" on object $r3 is violated due to the following reason:\n|- First parameter ""varReplacer8514"" with value ""TLS"" should be any of {TLSv1.2, TLSv1.3} (extracted @ varReplacer8514 = ""TLS"" @ line 18)",True,okhttp3/internal/platform/ConscryptPlatform.java,se.jagareforbundet.wehunt,2401321,500k-1M,CogniCrypt,Utilities,okhttp
First parameter was not properly generated as generatedKeyStore,False,okhttp3/internal/Util.java,se.jagareforbundet.wehunt,2401321,500k-1M,CogniCrypt,Utilities,okhttp
"Constraint ""algorithm in {SHA-256, SHA-384, SHA-512}"" on object $r1 is violated due to the following reason:\n|- First parameter ""varReplacer26283"" with value ""MD5"" should be any of {SHA-256, SHA-384, SHA-512} (extracted @ varReplacer26283 = ""MD5"" @ line 1)",True,com/appsflyer/internal/AFb1zSDK.java,se.jagareforbundet.wehunt,2401321,500k-1M,CogniCrypt,Analytics,AppsFlyer
"Constraint ""algorithm in {SHA-256, SHA-384, SHA-512}"" on object $r1 is violated due to the following reason:\n|- First parameter ""varReplacer26277"" with value ""SHA-1"" should be any of {SHA-256, SHA-384, SHA-512} (extracted @ varReplacer26277 = ""SHA-1"" @ line 1)",True,com/appsflyer/internal/AFb1zSDK.java,se.jagareforbundet.wehunt,2401321,500k-1M,CogniCrypt,Analytics,AppsFlyer
First parameter was not properly generated as generatedKeyManagers,False,com/mixpanel/android/mpmetrics/MPConfig.java,se.jagareforbundet.wehunt,2401321,500k-1M,CogniCrypt,others,unknown
"Constraint ""protocol in {TLSv1.2, TLSv1.3}"" on object $r4 is violated due to the following reason:\n|- First parameter ""varReplacer2777"" with value ""TLS"" should be any of {TLSv1.2, TLSv1.3} (extracted @ varReplacer2777 = ""TLS"" @ line 11)",True,com/mixpanel/android/mpmetrics/MPConfig.java,se.jagareforbundet.wehunt,2401321,500k-1M,CogniCrypt,others,unknown
Return value was not properly generated as generatedKey,True,com/hitude/connect/security/SecurityManager.java,se.jagareforbundet.wehunt,2401321,500k-1M,CogniCrypt,others,unknown
Third parameter was not properly generated as randomized,False,okhttp3/OkHttpClient.java,se.jagareforbundet.wehunt,2401321,500k-1M,CogniCrypt,Utilities,okhttp
"Constraint ""algorithm in {SHA-256, SHA-384, SHA-512}"" on object $r5 is violated due to the following reason:\n|- First parameter ""varReplacer4652"" with value ""MD5"" should be any of {SHA-256, SHA-384, SHA-512} (extracted @ varReplacer4652 = ""MD5"" @ line 1)",True,com/google/android/gms/internal/ads/zzcgi.java,so.ateya.ahmed.Akedah_Wastyah_Lib_BT,7,5k-10k,CogniCrypt,Utilities,Guava
"Constraint ""algorithm in {SHA-256, SHA-384, SHA-512}"" on object $r7 is violated due to the following reason:\n|- First parameter ""varReplacer4013"" with value ""MD5"" should be any of {SHA-256, SHA-384, SHA-512} (extracted @ varReplacer4013 = ""MD5"" @ line 4)",True,com/google/android/gms/internal/ads/zzcgi.java,so.ateya.ahmed.Akedah_Wastyah_Lib_BT,7,5k-10k,CogniCrypt,Utilities,Guava
"Constraint ""algorithm in {SHA-256, SHA-384, SHA-512}"" on object $r6 is violated due to the following reason:\n|- First parameter ""$r0"" with value ""MD5"" should be any of {SHA-256, SHA-384, SHA-512} (extracted @ varReplacer3769 = ""MD5"" @ line -1)\n|- First parameter ""$r0"" with value ""MD5"" should be any of {SHA-256, SHA-384, SHA-512} (extracted @ varReplacer8435 = ""MD5"" @ line 2)",True,com/google/android/gms/internal/ads/b40.java,sparking.photodialer.floatingdialer.neonphotodialer.lions.llc,4,1k-5k,CogniCrypt,Utilities,Gson
"Constraint ""algorithm in {SHA-256, SHA-384, SHA-512}"" on object $r2 is violated due to the following reason:\n|- First parameter ""varReplacer8687"" with value ""MD5"" should be any of {SHA-256, SHA-384, SHA-512} (extracted @ varReplacer8687 = ""MD5"" @ line -1)",True,com/google/android/gms/internal/ads/qf.java,sparking.photodialer.floatingdialer.neonphotodialer.lions.llc,4,1k-5k,CogniCrypt,Utilities,Gson
"Constraint ""algorithm in {SHA-256, SHA-384, SHA-512}"" on object $r1 is violated due to the following reason:\n|- First parameter ""varReplacer25185"" with value ""MD5"" should be any of {SHA-256, SHA-384, SHA-512} (extracted @ varReplacer25185 = ""MD5"" @ line 3)",True,com/mbridge/msdk/foundation/tools/SameMD5.java,sportsguru.ipl.cricket.expert,10,1M-5M,CogniCrypt,Utilities,okio
First parameter was not properly generated as generatedKeyManagers,False,okhttp3/OkHttpClient.java,sportsguru.ipl.cricket.expert,10,1M-5M,CogniCrypt,Utilities,okhttp
Third parameter was not properly generated as randomized,False,okhttp3/OkHttpClient.java,sportsguru.ipl.cricket.expert,10,1M-5M,CogniCrypt,Utilities,okhttp
Second parameter was not properly generated as generatedTrustManagers,False,okhttp3/OkHttpClient.java,sportsguru.ipl.cricket.expert,10,1M-5M,CogniCrypt,Utilities,okhttp
"Constraint ""protocol in {TLSv1.2, TLSv1.3}"" on object $r3 is violated due to the following reason:\n|- First parameter ""varReplacer25751"" with value ""TLS"" should be any of {TLSv1.2, TLSv1.3} (extracted @ varReplacer25751 = ""TLS"" @ line 2)",True,com/mbridge/msdk/thrid/okhttp/internal/platform/ConscryptPlatform.java,sportsguru.ipl.cricket.expert,10,1M-5M,CogniCrypt,Utilities,okio
"Constraint ""protocol in {TLSv1.2, TLSv1.3}"" on object $r4 is violated due to the following reason:\n|- First parameter ""varReplacer25748"" with value ""TLS"" should be any of {TLSv1.2, TLSv1.3} (extracted @ varReplacer25748 = ""TLS"" @ line 3)",True,com/mbridge/msdk/thrid/okhttp/internal/platform/Platform.java,sportsguru.ipl.cricket.expert,10,1M-5M,CogniCrypt,Utilities,okio
"Constraint ""protocol in {TLSv1.2, TLSv1.3}"" on object $r3 is violated due to the following reason:\n|- First parameter ""varReplacer25744"" with value ""TLS"" should be any of {TLSv1.2, TLSv1.3} (extracted @ varReplacer25744 = ""TLS"" @ line 2)",True,com/mbridge/msdk/thrid/okhttp/internal/platform/AndroidPlatform.java,sportsguru.ipl.cricket.expert,10,1M-5M,CogniCrypt,Utilities,okio
First parameter was not properly generated as generatedKeyStore,False,com/mbridge/msdk/thrid/okhttp/internal/Util.java,sportsguru.ipl.cricket.expert,10,1M-5M,CogniCrypt,Utilities,okio
"Constraint ""algorithm in {SHA-256, SHA-384, SHA-512}"" on object $r2 is violated due to the following reason:\n|- First parameter ""varReplacer41096"" with value ""SHA-1"" should be any of {SHA-256, SHA-384, SHA-512} (extracted @ varReplacer41096 = ""SHA-1"" @ line 144)",True,com/applovin/impl/sdk/utils/r.java,sportsguru.ipl.cricket.expert,10,1M-5M,CogniCrypt,others,unknown
"Constraint ""algorithm in {SHA-256, SHA-384, SHA-512}"" on object $r8 is violated due to the following reason:\n|- First parameter ""varReplacer26928"" with value ""MD5"" should be any of {SHA-256, SHA-384, SHA-512} (extracted @ varReplacer26928 = ""MD5"" @ line 2)",True,com/mbridge/msdk/foundation/download/resource/MBResourceManager.java,sportsguru.ipl.cricket.expert,10,1M-5M,CogniCrypt,Utilities,okio
Second parameter parameter was not properly generated as generatedPrivkey OR generatedPubkey OR generatedKey,True,com/mbridge/msdk/foundation/tools/a.java,sportsguru.ipl.cricket.expert,10,1M-5M,CogniCrypt,Utilities,okio
First parameter was not properly generated as preparedKeyMaterial,True,com/mbridge/msdk/foundation/tools/a.java,sportsguru.ipl.cricket.expert,10,1M-5M,CogniCrypt,Utilities,okio
First parameter was not properly generated as randomized,True,com/mbridge/msdk/foundation/tools/a.java,sportsguru.ipl.cricket.expert,10,1M-5M,CogniCrypt,Utilities,okio
"Constraint ""algorithm in {SHA-256, SHA-384, SHA-512}"" on object $r2 is violated due to the following reason:\n|- First parameter ""varReplacer43761"" with value ""MD5"" should be any of {SHA-256, SHA-384, SHA-512} (extracted @ varReplacer43761 = ""MD5"" @ line 2)",True,com/mbridge/msdk/foundation/tools/u.java,sportsguru.ipl.cricket.expert,10,1M-5M,CogniCrypt,Utilities,okio
"Constraint ""algorithm in {SHA-256, SHA-384, SHA-512}"" on object $r2 is violated due to the following reason:\n|- First parameter ""varReplacer11823"" with value ""SHA-1"" should be any of {SHA-256, SHA-384, SHA-512} (extracted @ varReplacer11823 = ""SHA-1"" @ line 1)",True,com/applovin/impl/sdk/utils/StringUtils.java,sportsguru.ipl.cricket.expert,10,1M-5M,CogniCrypt,others,unknown
"Constraint ""protocol in {TLSv1.2, TLSv1.3}"" on object $r3 is violated due to the following reason:\n|- First parameter ""varReplacer33382"" with value ""TLS"" should be any of {TLSv1.2, TLSv1.3} (extracted @ varReplacer33382 = ""TLS"" @ line 2)",True,okhttp3/internal/platform/ConscryptPlatform.java,sportsguru.ipl.cricket.expert,10,1M-5M,CogniCrypt,Utilities,okhttp
"Constraint ""protocol in {TLSv1.2, TLSv1.3}"" on object $r2 is violated due to the following reason:\n|- First parameter ""varReplacer33379"" with value ""TLS"" should be any of {TLSv1.2, TLSv1.3} (extracted @ varReplacer33379 = ""TLS"" @ line 1)",True,okhttp3/internal/platform/Platform.java,sportsguru.ipl.cricket.expert,10,1M-5M,CogniCrypt,Utilities,okhttp
"Constraint ""protocol in {TLSv1.2, TLSv1.3}"" on object $r3 is violated due to the following reason:\n|- First parameter ""varReplacer33377"" with value ""TLS"" should be any of {TLSv1.2, TLSv1.3} (extracted @ varReplacer33377 = ""TLS"" @ line 2)",True,okhttp3/internal/platform/AndroidPlatform.java,sportsguru.ipl.cricket.expert,10,1M-5M,CogniCrypt,Utilities,okhttp
First parameter was not properly generated as generatedKeyStore,False,okhttp3/internal/Util.java,sportsguru.ipl.cricket.expert,10,1M-5M,CogniCrypt,Utilities,okhttp
Third parameter was not properly generated as randomized,False,okhttp3/OkHttpClient.java,sportsguru.ipl.cricket.expert,10,1M-5M,CogniCrypt,Utilities,okhttp
Third parameter was not properly generated as randomized,False,okhttp3/OkHttpClient.java,sportsguru.ipl.cricket.expert,10,1M-5M,CogniCrypt,Utilities,okhttp
Third parameter was not properly generated as randomized,False,com/mbridge/msdk/thrid/okhttp/OkHttpClient.java,sportsguru.ipl.cricket.expert,10,1M-5M,CogniCrypt,Utilities,okio
First parameter was not properly generated as generatedKeyManagers,False,okhttp3/OkHttpClient.java,sportsguru.ipl.cricket.expert,10,1M-5M,CogniCrypt,Utilities,okhttp
First parameter was not properly generated as generatedKeyManagers,False,okhttp3/OkHttpClient.java,sportsguru.ipl.cricket.expert,10,1M-5M,CogniCrypt,Utilities,okhttp
Second parameter was not properly generated as generatedTrustManagers,False,okhttp3/OkHttpClient.java,sportsguru.ipl.cricket.expert,10,1M-5M,CogniCrypt,Utilities,okhttp
Second parameter was not properly generated as generatedTrustManagers,False,okhttp3/OkHttpClient.java,sportsguru.ipl.cricket.expert,10,1M-5M,CogniCrypt,Utilities,okhttp
Third parameter was not properly generated as randomized,False,okhttp3/OkHttpClient.java,sportsguru.ipl.cricket.expert,10,1M-5M,CogniCrypt,Utilities,okhttp
First parameter was not properly generated as generatedKeyManagers,False,okhttp3/OkHttpClient.java,sportsguru.ipl.cricket.expert,10,1M-5M,CogniCrypt,Utilities,okhttp
First parameter was not properly generated as generatedKeyManagers,False,com/mbridge/msdk/thrid/okhttp/OkHttpClient.java,sportsguru.ipl.cricket.expert,10,1M-5M,CogniCrypt,Utilities,okio
First parameter was not properly generated as generatedKeyManagers,False,com/mbridge/msdk/thrid/okhttp/OkHttpClient.java,sportsguru.ipl.cricket.expert,10,1M-5M,CogniCrypt,Utilities,okio
Second parameter was not properly generated as generatedTrustManagers,False,com/mbridge/msdk/thrid/okhttp/OkHttpClient.java,sportsguru.ipl.cricket.expert,10,1M-5M,CogniCrypt,Utilities,okio
First parameter was not properly generated as generatedKeyManagers,False,com/mbridge/msdk/thrid/okhttp/OkHttpClient.java,sportsguru.ipl.cricket.expert,10,1M-5M,CogniCrypt,Utilities,okio
Second parameter was not properly generated as generatedTrustManagers,False,com/mbridge/msdk/thrid/okhttp/OkHttpClient.java,sportsguru.ipl.cricket.expert,10,1M-5M,CogniCrypt,Utilities,okio
First parameter was not properly generated as generatedKeyManagers,False,com/mbridge/msdk/thrid/okhttp/OkHttpClient.java,sportsguru.ipl.cricket.expert,10,1M-5M,CogniCrypt,Utilities,okio
Second parameter was not properly generated as generatedTrustManagers,False,com/mbridge/msdk/thrid/okhttp/OkHttpClient.java,sportsguru.ipl.cricket.expert,10,1M-5M,CogniCrypt,Utilities,okio
First parameter was not properly generated as generatedKeyManagers,False,com/mbridge/msdk/thrid/okhttp/OkHttpClient.java,sportsguru.ipl.cricket.expert,10,1M-5M,CogniCrypt,Utilities,okio
Third parameter was not properly generated as randomized,False,okhttp3/OkHttpClient.java,sportsguru.ipl.cricket.expert,10,1M-5M,CogniCrypt,Utilities,okhttp
Second parameter was not properly generated as generatedTrustManagers,False,com/mbridge/msdk/thrid/okhttp/OkHttpClient.java,sportsguru.ipl.cricket.expert,10,1M-5M,CogniCrypt,Utilities,okio
Second parameter was not properly generated as generatedTrustManagers,False,okhttp3/OkHttpClient.java,sportsguru.ipl.cricket.expert,10,1M-5M,CogniCrypt,Utilities,okhttp
Second parameter was not properly generated as generatedTrustManagers,False,okhttp3/OkHttpClient.java,sportsguru.ipl.cricket.expert,10,1M-5M,CogniCrypt,Utilities,okhttp
Third parameter was not properly generated as randomized,False,com/mbridge/msdk/thrid/okhttp/OkHttpClient.java,sportsguru.ipl.cricket.expert,10,1M-5M,CogniCrypt,Utilities,okio
Second parameter was not properly generated as generatedTrustManagers,False,com/mbridge/msdk/thrid/okhttp/OkHttpClient.java,sportsguru.ipl.cricket.expert,10,1M-5M,CogniCrypt,Utilities,okio
First parameter was not properly generated as generatedKeyManagers,False,com/mbridge/msdk/thrid/okhttp/OkHttpClient.java,sportsguru.ipl.cricket.expert,10,1M-5M,CogniCrypt,Utilities,okio
Third parameter was not properly generated as randomized,False,com/mbridge/msdk/thrid/okhttp/OkHttpClient.java,sportsguru.ipl.cricket.expert,10,1M-5M,CogniCrypt,Utilities,okio
Third parameter was not properly generated as randomized,False,com/mbridge/msdk/thrid/okhttp/OkHttpClient.java,sportsguru.ipl.cricket.expert,10,1M-5M,CogniCrypt,Utilities,okio
Second parameter was not properly generated as generatedTrustManagers,False,com/mbridge/msdk/thrid/okhttp/OkHttpClient.java,sportsguru.ipl.cricket.expert,10,1M-5M,CogniCrypt,Utilities,okio
Third parameter was not properly generated as randomized,False,com/mbridge/msdk/thrid/okhttp/OkHttpClient.java,sportsguru.ipl.cricket.expert,10,1M-5M,CogniCrypt,Utilities,okio
Third parameter was not properly generated as randomized,False,com/mbridge/msdk/thrid/okhttp/OkHttpClient.java,sportsguru.ipl.cricket.expert,10,1M-5M,CogniCrypt,Utilities,okio
First parameter was not properly generated as generatedKeyManagers,False,okhttp3/OkHttpClient.java,sportsguru.ipl.cricket.expert,10,1M-5M,CogniCrypt,Utilities,okhttp
First parameter was not properly generated as generatedKeyStore,False,org/apache/http/conn/ssl/SSLSocketFactory.java,systems.altura.aclient.cnel,1280,500k-1M,CogniCrypt,Utilities,apache-httpclient-android
"Constraint ""protocol in {TLSv1.2, TLSv1.3}"" on object $r14 is violated due to the following reason:\n|- First parameter ""$r2"" with value ""TLS"" should be any of {TLSv1.2, TLSv1.3} (extracted @ $r2 = ""TLS"" @ line -1)\n|- First parameter ""$r2"" with value ""TLS"" should be any of {TLSv1.2, TLSv1.3} (extracted @ varReplacer5812 = ""TLS"" @ line 209)",True,org/apache/http/conn/ssl/SSLSocketFactory.java,systems.altura.aclient.cnel,1280,500k-1M,CogniCrypt,Utilities,apache-httpclient-android
First parameter was not properly generated as generatedKeyStore,True,org/apache/http/conn/ssl/SSLSocketFactory.java,systems.altura.aclient.cnel,1280,500k-1M,CogniCrypt,Utilities,apache-httpclient-android
Second parameter was not properly generated as generatedTrustManagers,False,org/apache/http/conn/ssl/SSLSocketFactory.java,systems.altura.aclient.cnel,1280,500k-1M,CogniCrypt,Utilities,apache-httpclient-android
Return value was not properly generated as generatedKey,True,systems/altura/aclient/util/Encriptador.java,systems.altura.aclient.cnel,1280,500k-1M,CogniCrypt,Android,androidx.multidex::multidex-instrumentation
"Constraint ""instanceOf[key, javax.crypto.SecretKey] => alg(transformation) in {AES, PBEWithHmacSHA224AndAES_128, PBEWithHmacSHA256AndAES_128, PBEWithHmacSHA384AndAES_128, PBEWithHmacSHA512AndAES_128, PBEWithHmacSHA224AndAES_256, PBEWithHmacSHA256AndAES_256, PBEWithHmacSHA384AndAES_256, PBEWithHmacSHA512AndAES_256}"" on object $r12 is violated due to the following reason:\n|- Constraint ""instanceOf[key, javax.crypto.SecretKey] => alg(transformation) in {AES, PBEWithHmacSHA224AndAES_128, PBEWithHmacSHA256AndAES_128, PBEWithHmacSHA384AndAES_128, PBEWithHmacSHA512AndAES_128, PBEWithHmacSHA224AndAES_256, PBEWithHmacSHA256AndAES_256, PBEWithHmacSHA384AndAES_256, PBEWithHmacSHA512AndAES_256}"" evaluates to <false>:\n\t|- The left side ""instanceOf[key, javax.crypto.SecretKey]"" evaluates to <true>:\n\t\t|- Second parameter @ $r12.init(varReplacer5472,$r11,$r13) is not an instance of class javax.crypto.SecretKey\n\t|- The right side ""alg(transformation) in {AES, PBEWithHmacSHA224AndAES_128, PBEWithHmacSHA256AndAES_128, PBEWithHmacSHA384AndAES_128, PBEWithHmacSHA512AndAES_128, PBEWithHmacSHA224AndAES_256, PBEWithHmacSHA256AndAES_256, PBEWithHmacSHA384AndAES_256, PBEWithHmacSHA512AndAES_256}"" evaluates to <false>:\n\t\t|- Could not evaluate expression ""interfaceinvoke $r11.<javax.crypto.SecretKey: java.lang.String getAlgorithm()>()"" in class ""systems.altura.aclient.util.Encriptador"" @ $r6 = $r11.getAlgorithm() @ line 57",True,systems/altura/aclient/util/Encriptador.java,systems.altura.aclient.cnel,1280,500k-1M,CogniCrypt,Android,androidx.multidex::multidex-instrumentation
First parameter was not properly generated as generatedKeyManagers,False,org/apache/http/conn/ssl/SSLSocketFactory.java,systems.altura.aclient.cnel,1280,500k-1M,CogniCrypt,Utilities,apache-httpclient-android
"Detected call to forbidden method <javax.crypto.spec.PBEKeySpec: void <init>(char[],byte[],int)> of class javax.crypto.spec.PBEKeySpec. Instead, call one of the methods {PBEKeySpec(char[], byte[], int, int)}",True,systems/altura/aclient/util/Encriptador.java,systems.altura.aclient.cnel,1280,500k-1M,CogniCrypt,Android,androidx.multidex::multidex-instrumentation
Second parameter parameter was not properly generated as generatedPubkey OR generatedKey OR generatedPrivkey,True,systems/altura/aclient/util/Encriptador.java,systems.altura.aclient.cnel,1280,500k-1M,CogniCrypt,Android,androidx.multidex::multidex-instrumentation
Third parameter was not properly generated as randomized,False,org/apache/http/conn/ssl/SSLSocketFactory.java,systems.altura.aclient.cnel,1280,500k-1M,CogniCrypt,Utilities,apache-httpclient-android
"Constraint ""algorithm in {PBKDF2WithHmacSHA512, PBKDF2WithHmacSHA384, PBKDF2WithHmacSHA256, PBKDF2WithHmacSHA224, PBEWithHmacSHA512AndAES_128, PBEWithHmacSHA384AndAES_128, PBEWithHmacSHA384AndAES_128, PBEWithHmacSHA224AndAES_128, PBEWithHmacSHA256AndAES_128, PBEWithHmacSHA224AndAES_256, PBEWithHmacSHA256AndAES_256, PBEWithHmacSHA384AndAES_256, PBEWithHmacSHA512AndAES_256}"" on object $r10 is violated due to the following reason:\n|- First parameter ""varReplacer5471"" with value ""PBEWithMD5AndDES"" should be any of {PBKDF2WithHmacSHA512, PBKDF2WithHmacSHA384, PBKDF2WithHmacSHA256, PBKDF2WithHmacSHA224, PBEWithHmacSHA512AndAES_128, PBEWithHmacSHA384AndAES_128, PBEWithHmacSHA384AndAES_128, PBEWithHmacSHA224AndAES_128, PBEWithHmacSHA256AndAES_128, PBEWithHmacSHA224AndAES_256, PBEWithHmacSHA256AndAES_256, PBEWithHmacSHA384AndAES_256, PBEWithHmacSHA512AndAES_256} (extracted @ varReplacer5471 = ""PBEWithMD5AndDES"" @ line 54)",True,systems/altura/aclient/util/Encriptador.java,systems.altura.aclient.cnel,1280,500k-1M,CogniCrypt,Android,androidx.multidex::multidex-instrumentation
Second parameter parameter was not properly generated as generatedKey OR generatedPubkey OR generatedPrivkey,True,systems/altura/aclient/util/Encriptador.java,systems.altura.aclient.cnel,1280,500k-1M,CogniCrypt,Android,androidx.multidex::multidex-instrumentation
"Constraint ""instanceOf[key, javax.crypto.SecretKey] => alg(transformation) in {AES, PBEWithHmacSHA224AndAES_128, PBEWithHmacSHA256AndAES_128, PBEWithHmacSHA384AndAES_128, PBEWithHmacSHA512AndAES_128, PBEWithHmacSHA224AndAES_256, PBEWithHmacSHA256AndAES_256, PBEWithHmacSHA384AndAES_256, PBEWithHmacSHA512AndAES_256}"" on object $r12 is violated due to the following reason:\n|- Constraint ""instanceOf[key, javax.crypto.SecretKey] => alg(transformation) in {AES, PBEWithHmacSHA224AndAES_128, PBEWithHmacSHA256AndAES_128, PBEWithHmacSHA384AndAES_128, PBEWithHmacSHA512AndAES_128, PBEWithHmacSHA224AndAES_256, PBEWithHmacSHA256AndAES_256, PBEWithHmacSHA384AndAES_256, PBEWithHmacSHA512AndAES_256}"" evaluates to <false>:\n\t|- The left side ""instanceOf[key, javax.crypto.SecretKey]"" evaluates to <true>:\n\t\t|- Second parameter @ $r12.init(varReplacer5473,$r11,$r13) is not an instance of class javax.crypto.SecretKey\n\t|- The right side ""alg(transformation) in {AES, PBEWithHmacSHA224AndAES_128, PBEWithHmacSHA256AndAES_128, PBEWithHmacSHA384AndAES_128, PBEWithHmacSHA512AndAES_128, PBEWithHmacSHA224AndAES_256, PBEWithHmacSHA256AndAES_256, PBEWithHmacSHA384AndAES_256, PBEWithHmacSHA512AndAES_256}"" evaluates to <false>:\n\t\t|- Could not evaluate expression ""interfaceinvoke $r11.<javax.crypto.SecretKey: java.lang.String getAlgorithm()>()"" in class ""systems.altura.aclient.util.Encriptador"" @ $r6 = $r11.getAlgorithm() @ line 58",True,systems/altura/aclient/util/Encriptador.java,systems.altura.aclient.cnel,1280,500k-1M,CogniCrypt,Android,androidx.multidex::multidex-instrumentation
First parameter was not properly generated as speccedKey,True,systems/altura/aclient/util/Encriptador.java,systems.altura.aclient.cnel,1280,500k-1M,CogniCrypt,Android,androidx.multidex::multidex-instrumentation
"Constraint ""algorithm in {SHA-256, SHA-384, SHA-512}"" on object $r5 is violated due to the following reason:\n|- First parameter ""varReplacer7975"" with value ""MD5"" should be any of {SHA-256, SHA-384, SHA-512} (extracted @ varReplacer7975 = ""MD5"" @ line -1)",True,com/google/android/gms/internal/ads/zzcgi.java,translateapp.chinese.english,1,<100,CogniCrypt,Utilities,Guava
"Constraint ""algorithm in {SHA-256, SHA-384, SHA-512}"" on object $r7 is violated due to the following reason:\n|- First parameter ""varReplacer5421"" with value ""MD5"" should be any of {SHA-256, SHA-384, SHA-512} (extracted @ varReplacer5421 = ""MD5"" @ line -1)",True,com/google/android/gms/internal/ads/zzcgi.java,translateapp.chinese.english,1,<100,CogniCrypt,Utilities,Guava
"Operation on object of type javax.crypto.Cipher not completed. Expected call to one of the methods {doFinal(byte[]), update(byte[], int, int, byte[], int), doFinal(byte[], int, int, byte[], int), doFinal(byte[], int, int, byte[]), update(byte[]), update(byte[], int, int, byte[]), updateAAD(byte[], int, int), update(byte[], int, int), update(java.nio.ByteBuffer, java.nio.ByteBuffer), wrap(java.security.Key), updateAAD(byte[]), updateAAD(java.nio.ByteBuffer), doFinal(byte[], int, int), doFinal(java.nio.ByteBuffer, java.nio.ByteBuffer)}",False,com/tappx/a/d.java,translateapp.chinese.english,1,<100,CogniCrypt,others,unknown
"Operation on object of type javax.crypto.Cipher not completed. Expected call to one of the methods {doFinal(byte[]), update(byte[], int, int, byte[], int), doFinal(byte[], int, int, byte[], int), doFinal(byte[], int, int, byte[]), update(byte[]), update(byte[], int, int, byte[]), updateAAD(byte[], int, int), update(byte[], int, int), update(java.nio.ByteBuffer, java.nio.ByteBuffer), wrap(java.security.Key), updateAAD(byte[]), updateAAD(java.nio.ByteBuffer), doFinal(byte[], int, int), doFinal(java.nio.ByteBuffer, java.nio.ByteBuffer)}",True,com/tappx/a/d.java,translateapp.chinese.english,1,<100,CogniCrypt,others,unknown
First parameter was not properly generated as preparedKeyMaterial,True,com/tappx/a/d.java,translateapp.chinese.english,1,<100,CogniCrypt,others,unknown
"Constraint ""alg(transformation) in {AES} => mode(transformation) in {GCM, CTR, CTS, CFB, OFB}"" on object $r5 is violated due to the following reason:\n|- Constraint ""alg(transformation) in {AES} => mode(transformation) in {GCM, CTR, CTS, CFB, OFB}"" evaluates to <false>:\n\t|- The left side ""alg(transformation) in {AES}"" evaluates to <true>:\n\t\t|- First parameter ""varReplacer3434"" (transformation) with value ""AES"" satisfies the constraint in class com.tappx.a.d @ $r5 = getInstance(varReplacer3434) @ line -1\n\t|- The right side ""mode(transformation) in {GCM, CTR, CTS, CFB, OFB}"" evaluates to <false>:\n\t\t|- First parameter ""varReplacer3434"" (transformation) with value ""AES"" violates the constraint in class com.tappx.a.d @ $r5 = getInstance(varReplacer3434) @ line -1",True,com/tappx/a/d.java,translateapp.chinese.english,1,<100,CogniCrypt,others,unknown
Second parameter parameter was not properly generated as generatedPubkey OR generatedKey OR generatedPrivkey,True,com/tappx/a/d.java,translateapp.chinese.english,1,<100,CogniCrypt,others,unknown
"Constraint ""alg(transformation) in {AES} => mode(transformation) in {GCM, CTR, CTS, CFB, OFB}"" on object $r5 is violated due to the following reason:\n|- Constraint ""alg(transformation) in {AES} => mode(transformation) in {GCM, CTR, CTS, CFB, OFB}"" evaluates to <false>:\n\t|- The left side ""alg(transformation) in {AES}"" evaluates to <true>:\n\t\t|- First parameter ""varReplacer3436"" (transformation) with value ""AES"" satisfies the constraint in class com.tappx.a.d @ $r5 = getInstance(varReplacer3436) @ line -1\n\t|- The right side ""mode(transformation) in {GCM, CTR, CTS, CFB, OFB}"" evaluates to <false>:\n\t\t|- First parameter ""varReplacer3436"" (transformation) with value ""AES"" violates the constraint in class com.tappx.a.d @ $r5 = getInstance(varReplacer3436) @ line -1",True,com/tappx/a/d.java,translateapp.chinese.english,1,<100,CogniCrypt,others,unknown
Second parameter parameter was not properly generated as generatedPrivkey OR generatedPubkey OR generatedKey,True,com/tappx/a/d.java,translateapp.chinese.english,1,<100,CogniCrypt,others,unknown
"Constraint ""algorithm in {SHA-256, SHA-384, SHA-512}"" on object $r3 is violated due to the following reason:\n|- First parameter ""varReplacer5223"" with value ""MD5"" should be any of {SHA-256, SHA-384, SHA-512} (extracted @ varReplacer5223 = ""MD5"" @ line 1057)",True,com/yandex/metrica/impl/utils/m.java,ua.radio.gsmboom,168,1k-5k,CogniCrypt,others,unknown
First parameter was not properly generated as generatedKeyManagers,False,com/yandex/metrica/impl/ob/hc.java,ua.radio.gsmboom,168,1k-5k,CogniCrypt,others,unknown
Third parameter was not properly generated as randomized,False,com/yandex/metrica/impl/ob/hc.java,ua.radio.gsmboom,168,1k-5k,CogniCrypt,others,unknown
Second parameter was not properly generated as generatedTrustManagers,True,com/yandex/metrica/impl/ob/hc.java,ua.radio.gsmboom,168,1k-5k,CogniCrypt,others,unknown
Second parameter was not properly generated as generatedTrustManagers,True,ua/radio/gsmboom/LinkDownloader.java,ua.radio.gsmboom,168,1k-5k,CogniCrypt,developer_written,not_applicable
First parameter was not properly generated as generatedKeyManagers,False,ua/radio/gsmboom/LinkDownloader.java,ua.radio.gsmboom,168,1k-5k,CogniCrypt,developer_written,not_applicable
"Constraint ""protocol in {TLSv1.2, TLSv1.3}"" on object $r0 is violated due to the following reason:\n|- First parameter ""varReplacer4569"" with value ""TLS"" should be any of {TLSv1.2, TLSv1.3} (extracted @ varReplacer4569 = ""TLS"" @ line 76)",True,ua/radio/gsmboom/LinkDownloader.java,ua.radio.gsmboom,168,1k-5k,CogniCrypt,developer_written,not_applicable
"Constraint ""protocol in {TLSv1.2, TLSv1.3}"" on object $r1 is violated due to the following reason:\n|- First parameter ""varReplacer5773"" with value ""TLS"" should be any of {TLSv1.2, TLSv1.3} (extracted @ varReplacer5773 = ""TLS"" @ line 22)",True,com/yandex/metrica/impl/ob/hc.java,ua.radio.gsmboom,168,1k-5k,CogniCrypt,others,unknown
Third parameter was not properly generated as randomized,False,oi/d0.java,uk.co.travelrepublic.travelrepublic,545,500k-1M,CogniCrypt,obfuscated,obfuscated
First parameter was not properly generated as generatedKeyManagers,False,oi/d0.java,uk.co.travelrepublic.travelrepublic,545,500k-1M,CogniCrypt,obfuscated,obfuscated
"Constraint ""protocol in {TLSv1.2, TLSv1.3}"" on object $r3 is violated due to the following reason:\n|- First parameter ""varReplacer11754"" with value ""TLS"" should be any of {TLSv1.2, TLSv1.3} (extracted @ varReplacer11754 = ""TLS"" @ line 2)",True,wi/c.java,uk.co.travelrepublic.travelrepublic,545,500k-1M,CogniCrypt,obfuscated,obfuscated
"Constraint ""protocol in {TLSv1.2, TLSv1.3}"" on object $r2 is violated due to the following reason:\n|- First parameter ""varReplacer11751"" with value ""TLS"" should be any of {TLSv1.2, TLSv1.3} (extracted @ varReplacer11751 = ""TLS"" @ line 1)",True,wi/f.java,uk.co.travelrepublic.travelrepublic,545,500k-1M,CogniCrypt,obfuscated,obfuscated
"Constraint ""protocol in {TLSv1.2, TLSv1.3}"" on object $r3 is violated due to the following reason:\n|- First parameter ""varReplacer11749"" with value ""TLS"" should be any of {TLSv1.2, TLSv1.3} (extracted @ varReplacer11749 = ""TLS"" @ line 2)",True,wi/b.java,uk.co.travelrepublic.travelrepublic,545,500k-1M,CogniCrypt,obfuscated,obfuscated
First parameter was not properly generated as generatedKeyStore,False,pi/e.java,uk.co.travelrepublic.travelrepublic,545,500k-1M,CogniCrypt,obfuscated,obfuscated
Third parameter was not properly generated as randomized,False,oi/d0.java,uk.co.travelrepublic.travelrepublic,545,500k-1M,CogniCrypt,obfuscated,obfuscated
First parameter was not properly generated as generatedKeyManagers,False,eo/q.java,uk.co.travelrepublic.travelrepublic,545,500k-1M,CogniCrypt,obfuscated,obfuscated
"Constraint ""protocol in {TLSv1.2, TLSv1.3}"" on object $r1 is violated due to the following reason:\n|- First parameter ""varReplacer11208"" with value ""SSL"" should be any of {TLSv1.2, TLSv1.3} (extracted @ varReplacer11208 = ""SSL"" @ line 1)",True,eo/q.java,uk.co.travelrepublic.travelrepublic,545,500k-1M,CogniCrypt,obfuscated,obfuscated
Second parameter was not properly generated as generatedTrustManagers,True,eo/q.java,uk.co.travelrepublic.travelrepublic,545,500k-1M,CogniCrypt,obfuscated,obfuscated
"Constraint ""algorithm in {SHA-256, SHA-384, SHA-512}"" on object $r8 is violated due to the following reason:\n|- First parameter ""varReplacer9356"" with value ""SHA1"" should be any of {SHA-256, SHA-384, SHA-512} (extracted @ varReplacer9356 = ""SHA1"" @ line 3)",True,l5/a.java,uk.co.travelrepublic.travelrepublic,545,500k-1M,CogniCrypt,obfuscated,obfuscated
"Constraint ""algorithm in {SHA-256, SHA-384, SHA-512}"" on object $r2 is violated due to the following reason:\n|- First parameter ""varReplacer9397"" with value ""MD5"" should be any of {SHA-256, SHA-384, SHA-512} (extracted @ varReplacer9397 = ""MD5"" @ line 1)",True,v4/m.java,uk.co.travelrepublic.travelrepublic,545,500k-1M,CogniCrypt,obfuscated,obfuscated
"Constraint ""algorithm in {SHA-256, SHA-384, SHA-512}"" on object $r4 is violated due to the following reason:\n|- First parameter ""$r3"" with value ""SHA-1"" should be any of {SHA-256, SHA-384, SHA-512} (extracted @ varReplacer3913 = ""SHA-1"" @ line -1)\n|- First parameter ""$r3"" with value ""MD5"" should be any of {SHA-256, SHA-384, SHA-512} (extracted @ varReplacer13261 = ""MD5"" @ line -1)",True,c5/l0.java,uk.co.travelrepublic.travelrepublic,545,500k-1M,CogniCrypt,obfuscated,obfuscated
"Constraint ""algorithm in {SHA-256, SHA-384, SHA-512}"" on object $r2 is violated due to the following reason:\n|- First parameter ""varReplacer2842"" with value ""MD5"" should be any of {SHA-256, SHA-384, SHA-512} (extracted @ varReplacer2842 = ""MD5"" @ line 1)",True,n4/d$a.java,uk.co.travelrepublic.travelrepublic,545,500k-1M,CogniCrypt,obfuscated,obfuscated
First parameter was not properly generated as generatedKeyManagers,False,oi/d0.java,uk.co.travelrepublic.travelrepublic,545,500k-1M,CogniCrypt,obfuscated,obfuscated
First parameter was not properly generated as generatedKeyManagers,False,oi/d0.java,uk.co.travelrepublic.travelrepublic,545,500k-1M,CogniCrypt,obfuscated,obfuscated
Third parameter was not properly generated as randomized,False,oi/d0.java,uk.co.travelrepublic.travelrepublic,545,500k-1M,CogniCrypt,obfuscated,obfuscated
First parameter was not properly generated as generatedKeyManagers,False,oi/d0.java,uk.co.travelrepublic.travelrepublic,545,500k-1M,CogniCrypt,obfuscated,obfuscated
Second parameter was not properly generated as generatedTrustManagers,True,oi/d0.java,uk.co.travelrepublic.travelrepublic,545,500k-1M,CogniCrypt,obfuscated,obfuscated
Third parameter was not properly generated as randomized,False,oi/d0.java,uk.co.travelrepublic.travelrepublic,545,500k-1M,CogniCrypt,obfuscated,obfuscated
First parameter was not properly generated as generatedKeyManagers,False,oi/d0.java,uk.co.travelrepublic.travelrepublic,545,500k-1M,CogniCrypt,obfuscated,obfuscated
Second parameter was not properly generated as generatedTrustManagers,True,oi/d0.java,uk.co.travelrepublic.travelrepublic,545,500k-1M,CogniCrypt,obfuscated,obfuscated
Second parameter was not properly generated as generatedTrustManagers,True,oi/d0.java,uk.co.travelrepublic.travelrepublic,545,500k-1M,CogniCrypt,obfuscated,obfuscated
Second parameter was not properly generated as generatedTrustManagers,True,oi/d0.java,uk.co.travelrepublic.travelrepublic,545,500k-1M,CogniCrypt,obfuscated,obfuscated
Second parameter was not properly generated as generatedTrustManagers,True,oi/d0.java,uk.co.travelrepublic.travelrepublic,545,500k-1M,CogniCrypt,obfuscated,obfuscated
Third parameter was not properly generated as randomized,False,oi/d0.java,uk.co.travelrepublic.travelrepublic,545,500k-1M,CogniCrypt,obfuscated,obfuscated
First parameter was not properly generated as generatedKeyManagers,True,cz/msebera/android/httpclient/conn/ssl/SSLContextBuilder.java,vidstatus.com,30,>5M,CogniCrypt,others,unknown
Third parameter was not properly generated as randomized,False,cz/msebera/android/httpclient/conn/ssl/SSLContextBuilder.java,vidstatus.com,30,>5M,CogniCrypt,others,unknown
First parameter was not properly generated as generatedKeyStore,False,okhttp3/internal/Util.java,vidstatus.com,30,>5M,CogniCrypt,Utilities,okhttp
"Constraint ""notHardCoded[passwordIn]"" on object $r4 is violated due to the following reason:Second parameter @ $r4.load(varReplacer9288,$r5) should never be hard coded",True,vidstatus/com/MoreAppActivity.java,vidstatus.com,30,>5M,CogniCrypt,developer_written,not_applicable
"Constraint ""notHardCoded[passwordIn]"" on object $r4 is violated due to the following reason:Second parameter @ $r4.load(varReplacer13689,$r5) should never be hard coded",True,vidstatus/com/support/RequestHandlerNew.java,vidstatus.com,30,>5M,CogniCrypt,developer_written,not_applicable
"Constraint ""notHardCoded[passwordIn]"" on object $r4 is violated due to the following reason:Second parameter @ $r4.load(varReplacer6797,$r5) should never be hard coded",True,vidstatus/com/MainActivity.java,vidstatus.com,30,>5M,CogniCrypt,developer_written,not_applicable
"Constraint ""notHardCoded[passwordIn]"" on object $r4 is violated due to the following reason:Second parameter @ $r4.load(varReplacer5451,$r5) should never be hard coded",True,vidstatus/com/SplashScreen.java,vidstatus.com,30,>5M,CogniCrypt,developer_written,not_applicable
"Constraint ""protocol in {TLSv1.2, TLSv1.3}"" on object $r1 is violated due to the following reason:\n|- First parameter ""varReplacer3530"" with value ""TLS"" should be any of {TLSv1.2, TLSv1.3} (extracted @ varReplacer3530 = ""TLS"" @ line -1)",True,com/loopj/android/http/MySSLSocketFactory.java,vidstatus.com,30,>5M,CogniCrypt,others,unknown
First parameter was not properly generated as generatedKeyManagers,False,com/loopj/android/http/MySSLSocketFactory.java,vidstatus.com,30,>5M,CogniCrypt,others,unknown
Third parameter was not properly generated as randomized,False,com/loopj/android/http/MySSLSocketFactory.java,vidstatus.com,30,>5M,CogniCrypt,others,unknown
Second parameter was not properly generated as generatedTrustManagers,True,com/loopj/android/http/MySSLSocketFactory.java,vidstatus.com,30,>5M,CogniCrypt,others,unknown
"Constraint ""notHardCoded[passwordIn]"" on object $r4 is violated due to the following reason:Second parameter @ $r4.load(varReplacer9211,$r5) should never be hard coded",True,vidstatus/com/CategoryViewTextStatus.java,vidstatus.com,30,>5M,CogniCrypt,developer_written,not_applicable
"Constraint ""notHardCoded[passwordIn]"" on object $r4 is violated due to the following reason:Second parameter @ $r4.load(varReplacer9016,$r5) should never be hard coded",True,vidstatus/com/CategoryViewGifImagesStatus.java,vidstatus.com,30,>5M,CogniCrypt,developer_written,not_applicable
"Constraint ""notHardCoded[passwordIn]"" on object $r4 is violated due to the following reason:Second parameter @ $r4.load(varReplacer3528,$r5) should never be hard coded",True,vidstatus/com/CategoryViewDPImagesStatus.java,vidstatus.com,30,>5M,CogniCrypt,developer_written,not_applicable
"Constraint ""notHardCoded[passwordIn]"" on object $r4 is violated due to the following reason:Second parameter @ $r4.load(varReplacer8256,$r5) should never be hard coded",True,vidstatus/com/support/RequestHandlerUpdate.java,vidstatus.com,30,>5M,CogniCrypt,developer_written,not_applicable
"Constraint ""protocol in {TLSv1.2, TLSv1.3}"" on object $r2 is violated due to the following reason:\n|- First parameter ""$r1"" with value ""TLS"" should be any of {TLSv1.2, TLSv1.3} (extracted @ $r1 = ""TLS"" @ line -1)\n|- First parameter ""$r1"" with value null should be any of {TLSv1.2, TLSv1.3} (extracted @ varReplacer3614 = null @ line -1)",True,cz/msebera/android/httpclient/conn/ssl/SSLContextBuilder.java,vidstatus.com,30,>5M,CogniCrypt,others,unknown
Second parameter was not properly generated as generatedTrustManagers,False,okhttp3/OkHttpClient.java,vidstatus.com,30,>5M,CogniCrypt,Utilities,okhttp
First parameter was not properly generated as generatedKeyStore,False,cz/msebera/android/httpclient/conn/ssl/SSLContextBuilder.java,vidstatus.com,30,>5M,CogniCrypt,others,unknown
Second parameter was not properly generated as generatedCipher,True,com/google/android/exoplayer2/upstream/cache/CachedContentIndex$LegacyStorage.java,vidstatus.com,30,>5M,CogniCrypt,Utilities,Guava
Second parameter was not properly generated as generatedTrustManagers,True,cz/msebera/android/httpclient/conn/ssl/SSLContextBuilder.java,vidstatus.com,30,>5M,CogniCrypt,others,unknown
"Constraint ""algorithm in {SHA-256, SHA-384, SHA-512}"" on object $r5 is violated due to the following reason:\n|- First parameter ""varReplacer16871"" with value ""MD5"" should be any of {SHA-256, SHA-384, SHA-512} (extracted @ varReplacer16871 = ""MD5"" @ line -1)",True,com/tonyodev/fetch2core/FetchCoreUtils.java,vidstatus.com,30,>5M,CogniCrypt,others,unknown
"Unexpected call to method ""close"" on object of type java.security.DigestInputStream. Expected a call to one of the following methods {read(), read(byte[], int, int)}",False,kotlin/io/CloseableKt.java,vidstatus.com,30,>5M,CogniCrypt,Android,androidx.palette::palette-ktx
First parameter was not properly generated as generatedKeyManagers,False,okhttp3/OkHttpClient.java,vidstatus.com,30,>5M,CogniCrypt,Utilities,okhttp
Third parameter was not properly generated as randomized,False,okhttp3/OkHttpClient.java,vidstatus.com,30,>5M,CogniCrypt,Utilities,okhttp
First parameter was not properly generated as generatedKeyManagers,False,okhttp3/OkHttpClient.java,vidstatus.com,30,>5M,CogniCrypt,Utilities,okhttp
Third parameter was not properly generated as randomized,False,okhttp3/OkHttpClient.java,vidstatus.com,30,>5M,CogniCrypt,Utilities,okhttp
Second parameter was not properly generated as generatedTrustManagers,False,okhttp3/OkHttpClient.java,vidstatus.com,30,>5M,CogniCrypt,Utilities,okhttp
Second parameter was not properly generated as generatedTrustManagers,False,okhttp3/OkHttpClient.java,vidstatus.com,30,>5M,CogniCrypt,Utilities,okhttp
First parameter was not properly generated as generatedKeyManagers,False,okhttp3/OkHttpClient.java,vidstatus.com,30,>5M,CogniCrypt,Utilities,okhttp
Third parameter was not properly generated as randomized,False,okhttp3/OkHttpClient.java,vidstatus.com,30,>5M,CogniCrypt,Utilities,okhttp
Third parameter was not properly generated as randomized,False,okhttp3/OkHttpClient.java,vidstatus.com,30,>5M,CogniCrypt,Utilities,okhttp
Second parameter was not properly generated as generatedTrustManagers,False,okhttp3/OkHttpClient.java,vidstatus.com,30,>5M,CogniCrypt,Utilities,okhttp
Second parameter was not properly generated as generatedTrustManagers,False,okhttp3/OkHttpClient.java,vidstatus.com,30,>5M,CogniCrypt,Utilities,okhttp
Third parameter was not properly generated as randomized,False,okhttp3/OkHttpClient.java,vidstatus.com,30,>5M,CogniCrypt,Utilities,okhttp
First parameter was not properly generated as generatedKeyManagers,False,okhttp3/OkHttpClient.java,vidstatus.com,30,>5M,CogniCrypt,Utilities,okhttp
Second parameter was not properly generated as generatedTrustManagers,False,okhttp3/OkHttpClient.java,vidstatus.com,30,>5M,CogniCrypt,Utilities,okhttp
Third parameter was not properly generated as randomized,False,okhttp3/OkHttpClient.java,vidstatus.com,30,>5M,CogniCrypt,Utilities,okhttp
First parameter was not properly generated as generatedKeyManagers,False,okhttp3/OkHttpClient.java,vidstatus.com,30,>5M,CogniCrypt,Utilities,okhttp
First parameter was not properly generated as generatedKeyManagers,False,okhttp3/OkHttpClient.java,vidstatus.com,30,>5M,CogniCrypt,Utilities,okhttp
First parameter was not properly generated as randomized,True,com/google/android/exoplayer2/upstream/cache/CachedContentIndex$LegacyStorage.java,vidstatus.com,30,>5M,CogniCrypt,Utilities,Guava
Second parameter was not properly generated as generatedCipher,True,com/google/android/exoplayer2/upstream/cache/CachedContentIndex$LegacyStorage.java,vidstatus.com,30,>5M,CogniCrypt,Utilities,Guava
First parameter was not properly generated as preparedKeyMaterial,True,com/google/android/exoplayer2/upstream/cache/CachedContentIndex$LegacyStorage.java,vidstatus.com,30,>5M,CogniCrypt,Utilities,Guava
"Operation on object of type javax.crypto.Cipher not completed. Expected call to one of the methods {init(int, java.security.Key), init(int, java.security.Key, java.security.spec.AlgorithmParameterSpec, java.security.SecureRandom), init(int, java.security.Key, java.security.spec.AlgorithmParameterSpec), init(int, java.security.Key, java.security.AlgorithmParameters, java.security.SecureRandom), init(int, java.security.cert.Certificate), init(int, java.security.Key, java.security.SecureRandom), init(int, java.security.Key, java.security.AlgorithmParameters), init(int, java.security.cert.Certificate, java.security.SecureRandom)}",False,com/google/android/exoplayer2/upstream/cache/CachedContentIndex.java,vidstatus.com,30,>5M,CogniCrypt,Utilities,Guava
First parameter was not properly generated as randomized,True,com/google/android/exoplayer2/upstream/cache/CachedContentIndex$LegacyStorage.java,vidstatus.com,30,>5M,CogniCrypt,Utilities,Guava
"Constraint ""protocol in {TLSv1.2, TLSv1.3}"" on object $r0 is violated due to the following reason:\n|- First parameter ""varReplacer3635"" with value ""TLS"" should be any of {TLSv1.2, TLSv1.3} (extracted @ varReplacer3635 = ""TLS"" @ line -1)",True,cz/msebera/android/httpclient/conn/ssl/SSLContexts.java,vidstatus.com,30,>5M,CogniCrypt,others,unknown
First parameter was not properly generated as generatedKeyManagers,False,cz/msebera/android/httpclient/conn/ssl/SSLContexts.java,vidstatus.com,30,>5M,CogniCrypt,others,unknown
Third parameter was not properly generated as randomized,False,cz/msebera/android/httpclient/conn/ssl/SSLContexts.java,vidstatus.com,30,>5M,CogniCrypt,others,unknown
Second parameter was not properly generated as generatedTrustManagers,False,cz/msebera/android/httpclient/conn/ssl/SSLContexts.java,vidstatus.com,30,>5M,CogniCrypt,others,unknown
"Operation on object of type javax.crypto.Cipher not completed. Expected call to one of the methods {init(int, java.security.Key), init(int, java.security.Key, java.security.spec.AlgorithmParameterSpec, java.security.SecureRandom), init(int, java.security.Key, java.security.spec.AlgorithmParameterSpec), init(int, java.security.Key, java.security.AlgorithmParameters, java.security.SecureRandom), init(int, java.security.cert.Certificate), init(int, java.security.Key, java.security.SecureRandom), init(int, java.security.Key, java.security.AlgorithmParameters), init(int, java.security.cert.Certificate, java.security.SecureRandom)}",False,com/google/android/exoplayer2/upstream/cache/CachedContentIndex.java,vidstatus.com,30,>5M,CogniCrypt,Utilities,Guava
"Constraint ""alg(transformation) in {AES} => mode(transformation) in {GCM, CTR, CTS, CFB, OFB}"" on object $r1 is violated due to the following reason:\n|- Constraint ""alg(transformation) in {AES} => mode(transformation) in {GCM, CTR, CTS, CFB, OFB}"" evaluates to <false>:\n\t|- The left side ""alg(transformation) in {AES}"" evaluates to <true>:\n\t\t|- First parameter ""varReplacer9797"" (transformation) with value ""AES/CBC/PKCS5PADDING"" satisfies the constraint in class com.google.android.exoplayer2.upstream.cache.CachedContentIndex @ $r1 = getInstance(varReplacer9797,varReplacer9798) @ line -1\n\t|- The right side ""mode(transformation) in {GCM, CTR, CTS, CFB, OFB}"" evaluates to <false>:\n\t\t|- First parameter ""varReplacer9797"" (transformation) with value ""AES/CBC/PKCS5PADDING"" violates the constraint in class com.google.android.exoplayer2.upstream.cache.CachedContentIndex @ $r1 = getInstance(varReplacer9797,varReplacer9798) @ line -1",True,com/google/android/exoplayer2/upstream/cache/CachedContentIndex.java,vidstatus.com,30,>5M,CogniCrypt,Utilities,Guava
"Constraint ""alg(transformation) in {AES} => mode(transformation) in {GCM, CTR, CTS, CFB, OFB}"" on object $r1 is violated due to the following reason:\n|- Constraint ""alg(transformation) in {AES} => mode(transformation) in {GCM, CTR, CTS, CFB, OFB}"" evaluates to <false>:\n\t|- The left side ""alg(transformation) in {AES}"" evaluates to <true>:\n\t\t|- First parameter ""varReplacer9799"" (transformation) with value ""AES/CBC/PKCS5PADDING"" satisfies the constraint in class com.google.android.exoplayer2.upstream.cache.CachedContentIndex @ $r1 = getInstance(varReplacer9799) @ line -1\n\t|- The right side ""mode(transformation) in {GCM, CTR, CTS, CFB, OFB}"" evaluates to <false>:\n\t\t|- First parameter ""varReplacer9799"" (transformation) with value ""AES/CBC/PKCS5PADDING"" violates the constraint in class com.google.android.exoplayer2.upstream.cache.CachedContentIndex @ $r1 = getInstance(varReplacer9799) @ line -1",True,com/google/android/exoplayer2/upstream/cache/CachedContentIndex.java,vidstatus.com,30,>5M,CogniCrypt,Utilities,Guava
"Constraint ""protocol in {TLSv1.2, TLSv1.3}"" on object $r3 is violated due to the following reason:\n|- First parameter ""varReplacer10256"" with value ""TLS"" should be any of {TLSv1.2, TLSv1.3} (extracted @ varReplacer10256 = ""TLS"" @ line -1)",True,okhttp3/internal/platform/AndroidPlatform.java,vidstatus.com,30,>5M,CogniCrypt,Utilities,okhttp
"Constraint ""protocol in {TLSv1.2, TLSv1.3}"" on object $r3 is violated due to the following reason:\n|- First parameter ""varReplacer10253"" with value ""TLS"" should be any of {TLSv1.2, TLSv1.3} (extracted @ varReplacer10253 = ""TLS"" @ line -1)",True,okhttp3/internal/platform/ConscryptPlatform.java,vidstatus.com,30,>5M,CogniCrypt,Utilities,okhttp
"Constraint ""protocol in {TLSv1.2, TLSv1.3}"" on object $r4 is violated due to the following reason:\n|- First parameter ""varReplacer10250"" with value ""TLS"" should be any of {TLSv1.2, TLSv1.3} (extracted @ varReplacer10250 = ""TLS"" @ line -1)",True,okhttp3/internal/platform/Platform.java,vidstatus.com,30,>5M,CogniCrypt,Utilities,okhttp
"Constraint ""algorithm in {SHA-256, SHA-384, SHA-512}"" on object $r5 is violated due to the following reason:\n|- First parameter ""varReplacer5389"" with value ""MD5"" should be any of {SHA-256, SHA-384, SHA-512} (extracted @ varReplacer5389 = ""MD5"" @ line -1)",True,com/google/android/gms/internal/ads/zzayr.java,vidstatus.com,30,>5M,CogniCrypt,Utilities,Guava
"Constraint ""algorithm in {SHA-256, SHA-384, SHA-512}"" on object $r7 is violated due to the following reason:\n|- First parameter ""varReplacer3994"" with value ""MD5"" should be any of {SHA-256, SHA-384, SHA-512} (extracted @ varReplacer3994 = ""MD5"" @ line -1)",True,com/google/android/gms/internal/ads/zzayr.java,vidstatus.com,30,>5M,CogniCrypt,Utilities,Guava
"Constraint ""protocol in {TLSv1.2, TLSv1.3}"" on object $r1 is violated due to the following reason:\n|- First parameter ""varReplacer3295"" with value ""TLS"" should be any of {TLSv1.2, TLSv1.3} (extracted @ varReplacer3295 = ""TLS"" @ line -1)",True,j/k0/n/h.java,vmax.com.badangpet,8,5k-10k,CogniCrypt,obfuscated,obfuscated
First parameter was not properly generated as generatedKeyStore,False,j/k0/n/h.java,vmax.com.badangpet,8,5k-10k,CogniCrypt,obfuscated,obfuscated
Third parameter was not properly generated as randomized,False,j/k0/n/h.java,vmax.com.badangpet,8,5k-10k,CogniCrypt,obfuscated,obfuscated
Second parameter was not properly generated as generatedTrustManagers,True,j/k0/n/h.java,vmax.com.badangpet,8,5k-10k,CogniCrypt,obfuscated,obfuscated
Second parameter was not properly generated as generatedTrustManagers,True,j/k0/n/h.java,vmax.com.badangpet,8,5k-10k,CogniCrypt,obfuscated,obfuscated
First parameter was not properly generated as generatedKeyManagers,False,j/k0/n/h.java,vmax.com.badangpet,8,5k-10k,CogniCrypt,obfuscated,obfuscated
Third parameter was not properly generated as randomized,False,j/k0/n/h.java,vmax.com.badangpet,8,5k-10k,CogniCrypt,obfuscated,obfuscated
Second parameter was not properly generated as generatedTrustManagers,True,j/k0/n/h.java,vmax.com.badangpet,8,5k-10k,CogniCrypt,obfuscated,obfuscated
Second parameter was not properly generated as generatedTrustManagers,True,j/k0/n/h.java,vmax.com.badangpet,8,5k-10k,CogniCrypt,obfuscated,obfuscated
First parameter was not properly generated as generatedKeyManagers,False,j/k0/n/h.java,vmax.com.badangpet,8,5k-10k,CogniCrypt,obfuscated,obfuscated
First parameter was not properly generated as generatedKeyStore,False,j/k0/n/g.java,vmax.com.badangpet,8,5k-10k,CogniCrypt,obfuscated,obfuscated
First parameter was not properly generated as generatedKeyStore,False,j/k0/n/d.java,vmax.com.badangpet,8,5k-10k,CogniCrypt,obfuscated,obfuscated
"Constraint ""protocol in {TLSv1.2, TLSv1.3}"" on object $r1 is violated due to the following reason:\n|- First parameter ""varReplacer3292"" with value ""TLS"" should be any of {TLSv1.2, TLSv1.3} (extracted @ varReplacer3292 = ""TLS"" @ line -1)",True,j/k0/n/d.java,vmax.com.badangpet,8,5k-10k,CogniCrypt,obfuscated,obfuscated
First parameter was not properly generated as generatedKeyManagers,False,j/k0/n/h.java,vmax.com.badangpet,8,5k-10k,CogniCrypt,obfuscated,obfuscated
First parameter was not properly generated as generatedKeyManagers,False,j/k0/n/d.java,vmax.com.badangpet,8,5k-10k,CogniCrypt,obfuscated,obfuscated
Second parameter was not properly generated as generatedTrustManagers,True,j/k0/n/d.java,vmax.com.badangpet,8,5k-10k,CogniCrypt,obfuscated,obfuscated
"Constraint ""protocol in {TLSv1.2, TLSv1.3}"" on object $r1 is violated due to the following reason:\n|- First parameter ""varReplacer3299"" with value ""TLS"" should be any of {TLSv1.2, TLSv1.3} (extracted @ varReplacer3299 = ""TLS"" @ line -1)",True,j/k0/n/c.java,vmax.com.badangpet,8,5k-10k,CogniCrypt,obfuscated,obfuscated
First parameter was not properly generated as generatedKeyStore,False,j/k0/n/c.java,vmax.com.badangpet,8,5k-10k,CogniCrypt,obfuscated,obfuscated
Third parameter was not properly generated as randomized,False,j/k0/n/h.java,vmax.com.badangpet,8,5k-10k,CogniCrypt,obfuscated,obfuscated
First parameter was not properly generated as generatedKeyManagers,False,j/k0/n/h.java,vmax.com.badangpet,8,5k-10k,CogniCrypt,obfuscated,obfuscated
Third parameter was not properly generated as randomized,False,j/k0/n/d.java,vmax.com.badangpet,8,5k-10k,CogniCrypt,obfuscated,obfuscated
Third parameter was not properly generated as randomized,False,j/k0/n/h.java,vmax.com.badangpet,8,5k-10k,CogniCrypt,obfuscated,obfuscated
Third parameter was not properly generated as randomized,False,okhttp3/OkHttpClient$Companion.java,volume.bass.virtrualizer.equalizer.sound.effect,7,500k-1M,CogniCrypt,Utilities,okhttp
"Constraint ""algorithm in {SHA-256, SHA-384, SHA-512}"" on object $r6 is violated due to the following reason:\n|- First parameter ""varReplacer9329"" with value ""MD5"" should be any of {SHA-256, SHA-384, SHA-512} (extracted @ varReplacer9329 = ""MD5"" @ line 98)",True,com/google/ads/consent/ConsentInformation.java,volume.bass.virtrualizer.equalizer.sound.effect,7,500k-1M,CogniCrypt,Utilities,Guava
First parameter was not properly generated as generatedKeyStore,False,okhttp3/internal/platform/BouncyCastlePlatform.java,volume.bass.virtrualizer.equalizer.sound.effect,7,500k-1M,CogniCrypt,Utilities,okhttp
"Constraint ""protocol in {TLSv1.2, TLSv1.3}"" on object $r1 is violated due to the following reason:\n|- First parameter ""varReplacer8281"" with value ""TLS"" should be any of {TLSv1.2, TLSv1.3} (extracted @ varReplacer8281 = ""TLS"" @ line 38)",True,okhttp3/internal/platform/BouncyCastlePlatform.java,volume.bass.virtrualizer.equalizer.sound.effect,7,500k-1M,CogniCrypt,Utilities,okhttp
"Constraint ""protocol in {TLSv1.2, TLSv1.3}"" on object $r1 is violated due to the following reason:\n|- First parameter ""varReplacer8277"" with value ""TLS"" should be any of {TLSv1.2, TLSv1.3} (extracted @ varReplacer8277 = ""TLS"" @ line 72)",True,okhttp3/internal/platform/Platform.java,volume.bass.virtrualizer.equalizer.sound.effect,7,500k-1M,CogniCrypt,Utilities,okhttp
First parameter was not properly generated as generatedKeyStore,False,okhttp3/internal/platform/OpenJSSEPlatform.java,volume.bass.virtrualizer.equalizer.sound.effect,7,500k-1M,CogniCrypt,Utilities,okhttp
First parameter was not properly generated as generatedKeyStore,False,okhttp3/internal/platform/Platform.java,volume.bass.virtrualizer.equalizer.sound.effect,7,500k-1M,CogniCrypt,Utilities,okhttp
Third parameter was not properly generated as randomized,False,okhttp3/OkHttpClient$Companion.java,volume.bass.virtrualizer.equalizer.sound.effect,7,500k-1M,CogniCrypt,Utilities,okhttp
"Constraint ""protocol in {TLSv1.2, TLSv1.3}"" on object $r1 is violated due to the following reason:\n|- First parameter ""varReplacer8283"" with value ""TLS"" should be any of {TLSv1.2, TLSv1.3} (extracted @ varReplacer8283 = ""TLS"" @ line 41)",True,okhttp3/internal/platform/ConscryptPlatform.java,volume.bass.virtrualizer.equalizer.sound.effect,7,500k-1M,CogniCrypt,Utilities,okhttp
First parameter was not properly generated as generatedKeyManagers,False,okhttp3/OkHttpClient$Companion.java,volume.bass.virtrualizer.equalizer.sound.effect,7,500k-1M,CogniCrypt,Utilities,okhttp
Third parameter was not properly generated as randomized,False,okhttp3/OkHttpClient$Companion.java,volume.bass.virtrualizer.equalizer.sound.effect,7,500k-1M,CogniCrypt,Utilities,okhttp
Second parameter was not properly generated as generatedTrustManagers,True,okhttp3/OkHttpClient$Companion.java,volume.bass.virtrualizer.equalizer.sound.effect,7,500k-1M,CogniCrypt,Utilities,okhttp
First parameter was not properly generated as generatedKeyManagers,False,okhttp3/OkHttpClient$Companion.java,volume.bass.virtrualizer.equalizer.sound.effect,7,500k-1M,CogniCrypt,Utilities,okhttp
Second parameter was not properly generated as generatedTrustManagers,True,okhttp3/OkHttpClient$Companion.java,volume.bass.virtrualizer.equalizer.sound.effect,7,500k-1M,CogniCrypt,Utilities,okhttp
First parameter was not properly generated as generatedKeyManagers,False,okhttp3/OkHttpClient$Companion.java,volume.bass.virtrualizer.equalizer.sound.effect,7,500k-1M,CogniCrypt,Utilities,okhttp
Second parameter was not properly generated as generatedTrustManagers,True,okhttp3/OkHttpClient$Companion.java,volume.bass.virtrualizer.equalizer.sound.effect,7,500k-1M,CogniCrypt,Utilities,okhttp
First parameter was not properly generated as generatedKeyManagers,False,okhttp3/OkHttpClient$Companion.java,volume.bass.virtrualizer.equalizer.sound.effect,7,500k-1M,CogniCrypt,Utilities,okhttp
Third parameter was not properly generated as randomized,False,okhttp3/OkHttpClient$Companion.java,volume.bass.virtrualizer.equalizer.sound.effect,7,500k-1M,CogniCrypt,Utilities,okhttp
"Constraint ""algorithm in {SHA-256, SHA-384, SHA-512}"" on object $r7 is violated due to the following reason:\n|- First parameter ""varReplacer3212"" with value ""MD5"" should be any of {SHA-256, SHA-384, SHA-512} (extracted @ varReplacer3212 = ""MD5"" @ line 4)",True,com/google/android/gms/internal/ads/zzcis.java,volume.bass.virtrualizer.equalizer.sound.effect,7,500k-1M,CogniCrypt,Utilities,Guava
Second parameter was not properly generated as generatedTrustManagers,True,okhttp3/OkHttpClient$Companion.java,volume.bass.virtrualizer.equalizer.sound.effect,7,500k-1M,CogniCrypt,Utilities,okhttp
"Constraint ""algorithm in {SHA-256, SHA-384, SHA-512}"" on object $r5 is violated due to the following reason:\n|- First parameter ""varReplacer5221"" with value ""MD5"" should be any of {SHA-256, SHA-384, SHA-512} (extracted @ varReplacer5221 = ""MD5"" @ line 1)",True,com/google/android/gms/internal/ads/zzcis.java,volume.bass.virtrualizer.equalizer.sound.effect,7,500k-1M,CogniCrypt,Utilities,Guava
First parameter was not properly generated as preparedKeyMaterial,True,vacemvcon/BERTLV.java,za.co.fnb.connect.itt,5765,>5M,CogniCrypt,obfuscated,obfuscated
