replicate,resampling_unit,estimator,estimate,status,error
0,row,psm,-0.001024713682941531,success,
0,row,logistic_regression,-0.020163950174315434,success,
0,row,doubly_robust,-0.020340823922617508,success,
0,apk_cluster,psm,0.06283293755214685,success,
0,apk_cluster,logistic_regression,-0.13459353391464182,success,
0,apk_cluster,doubly_robust,-0.13640492968029844,success,
1,row,psm,-0.03224834237492465,success,
1,row,logistic_regression,-0.04216151921698846,success,
1,row,doubly_robust,-0.026636874153551,success,
1,apk_cluster,psm,0.06874663153482244,success,
1,apk_cluster,logistic_regression,-0.03964502758176193,success,
1,apk_cluster,doubly_robust,-0.02161734365079129,success,
2,row,psm,0.01838456901748041,success,
2,row,logistic_regression,-0.033577377241332806,success,
2,row,doubly_robust,-0.02476551034404025,success,
2,apk_cluster,psm,0.05835622984111814,success,
2,apk_cluster,logistic_regression,0.07520231016391543,success,
2,apk_cluster,doubly_robust,0.038082420974432,success,
3,row,psm,0.030500301386377337,success,
3,row,logistic_regression,-0.04604331145147597,success,
3,row,doubly_robust,-0.03374506604025578,success,
3,apk_cluster,psm,-0.005890930300379119,success,
3,apk_cluster,logistic_regression,-0.055036154849411115,success,
3,apk_cluster,doubly_robust,-0.010637418390225369,success,
4,row,psm,0.01832429174201326,success,
4,row,logistic_regression,-0.05722570655172218,success,
4,row,doubly_robust,-0.0565341137047785,success,
4,apk_cluster,psm,0.026389604442154675,success,
4,apk_cluster,logistic_regression,-0.09250776391407659,success,
4,apk_cluster,doubly_robust,0.005306162689893413,success,
5,row,psm,0.031103074141048823,success,
5,row,logistic_regression,-0.009867605324382033,success,
5,row,doubly_robust,-0.008778998081361247,success,
5,apk_cluster,psm,0.07865097841817152,success,
5,apk_cluster,logistic_regression,-0.02135967843943372,success,
5,apk_cluster,doubly_robust,-0.02388481646865468,success,
6,row,psm,-0.03622664255575648,success,
6,row,logistic_regression,-0.01915462799825665,success,
6,row,doubly_robust,-0.01510696363979765,success,
6,apk_cluster,psm,0.009306600792784512,success,
6,apk_cluster,logistic_regression,-0.056687098007140224,success,
6,apk_cluster,doubly_robust,-0.05191898851694671,success,
7,row,psm,-0.005063291139240506,success,
7,row,logistic_regression,-0.04379066009548831,success,
7,row,doubly_robust,-0.027511178015490904,success,
7,apk_cluster,psm,0.044983351134007664,success,
7,apk_cluster,logistic_regression,-0.13005920737147245,success,
7,apk_cluster,doubly_robust,-0.07813225772260989,success,
8,row,psm,0.006329113924050633,success,
8,row,logistic_regression,-0.03334328654726758,success,
8,row,doubly_robust,-0.033345137148249805,success,
8,apk_cluster,psm,0.07902753368482718,success,
8,apk_cluster,logistic_regression,-0.05952973080136764,success,
8,apk_cluster,doubly_robust,-0.031157762583565247,success,
9,row,psm,0.0015069318866787222,success,
9,row,logistic_regression,-0.02413441590949135,success,
9,row,doubly_robust,-0.016291806720383863,success,
9,apk_cluster,psm,0.06810778797749482,success,
9,apk_cluster,logistic_regression,-0.0005077183175350984,success,
9,apk_cluster,doubly_robust,-0.0024260889625838332,success,
10,row,psm,0.002531645569620253,success,
10,row,logistic_regression,-0.026892252751672764,success,
10,row,doubly_robust,-0.013466665305672037,success,
10,apk_cluster,psm,0.06704256769316562,success,
10,apk_cluster,logistic_regression,0.022430741770661115,success,
10,apk_cluster,doubly_robust,-0.003281489771239776,success,
11,row,psm,-0.010488245931283906,success,
11,row,logistic_regression,-0.02152914031422384,success,
11,row,doubly_robust,-0.01557186710638448,success,
11,apk_cluster,psm,0.017159136080561813,success,
11,apk_cluster,logistic_regression,-0.12604942456966237,success,
11,apk_cluster,doubly_robust,-0.10609835360819714,success,
12,row,psm,-0.030560578661844483,success,
12,row,logistic_regression,-0.01823987872903196,success,
12,row,doubly_robust,-0.014092884591181805,success,
12,apk_cluster,psm,0.11508979413053,success,
12,apk_cluster,logistic_regression,0.06307912920960633,success,
12,apk_cluster,doubly_robust,0.04977992144037131,success,
13,row,psm,-0.0019891500904159116,success,
13,row,logistic_regression,-0.013670309991431259,success,
13,row,doubly_robust,-0.016835521763680337,success,
13,apk_cluster,psm,-0.048687089715536105,success,
13,apk_cluster,logistic_regression,-0.12245794922812808,success,
13,apk_cluster,doubly_robust,-0.09866116774159212,success,
14,row,psm,0.0015672091621458713,success,
14,row,logistic_regression,-0.014696481480984881,success,
14,row,doubly_robust,-0.011803425697102837,success,
14,apk_cluster,psm,0.057493459573937956,success,
14,apk_cluster,logistic_regression,0.01851127773150226,success,
14,apk_cluster,doubly_robust,0.04245946165380173,success,
15,row,psm,-0.0003616636528028933,success,
15,row,logistic_regression,-0.05033055184763208,success,
15,row,doubly_robust,-0.05021014980231396,success,
15,apk_cluster,psm,0.07494873321426208,success,
15,apk_cluster,logistic_regression,-0.20601527946941917,success,
15,apk_cluster,doubly_robust,-0.1283584738081381,success,
16,row,psm,0.0009041591320072332,success,
16,row,logistic_regression,-0.007386755270018237,success,
16,row,doubly_robust,0.003518198441859831,success,
16,apk_cluster,psm,0.07098528281813346,success,
16,apk_cluster,logistic_regression,0.0714380822528927,success,
16,apk_cluster,doubly_robust,0.0023832496375522753,success,
17,row,psm,0.02917420132610006,success,
17,row,logistic_regression,-0.02160321486135313,success,
17,row,doubly_robust,-0.01366400137918383,success,
17,apk_cluster,psm,0.05785619973592606,success,
17,apk_cluster,logistic_regression,-0.057048431232726536,success,
17,apk_cluster,doubly_robust,-0.03896322742080291,success,
18,row,psm,0.0006630500301386378,success,
18,row,logistic_regression,-0.034702027311655725,success,
18,row,doubly_robust,-0.033271397957120794,success,
18,apk_cluster,psm,0.020183939263008457,success,
18,apk_cluster,logistic_regression,-0.1576890027053448,success,
18,apk_cluster,doubly_robust,-0.1280802571787531,success,
19,row,psm,0.019349005424954793,success,
19,row,logistic_regression,-0.03780041877373947,success,
19,row,doubly_robust,-0.033095937552809866,success,
19,apk_cluster,psm,0.11930036851658325,success,
19,apk_cluster,logistic_regression,-0.10754544882442603,success,
19,apk_cluster,doubly_robust,-0.04656940263944545,success,
20,row,psm,0.024171187462326705,success,
20,row,logistic_regression,-0.03291604157660455,success,
20,row,doubly_robust,-0.03556600670629498,success,
20,apk_cluster,psm,0.04619017450901342,success,
20,apk_cluster,logistic_regression,-0.08407697373577241,success,
20,apk_cluster,doubly_robust,-0.050848964591730085,success,
21,row,psm,0.0162748643761302,success,
21,row,logistic_regression,-0.023891316171176513,success,
21,row,doubly_robust,-0.01605646827987701,success,
21,apk_cluster,psm,0.14003315120633555,success,
21,apk_cluster,logistic_regression,-0.13781347292281027,success,
21,apk_cluster,doubly_robust,-0.04298249605755456,success,
22,row,psm,0.014888487040385775,success,
22,row,logistic_regression,-0.04735162673722987,success,
22,row,doubly_robust,-0.045195597041390784,success,
22,apk_cluster,psm,0.007622149837133551,success,
22,apk_cluster,logistic_regression,-0.13764658152294693,success,
22,apk_cluster,doubly_robust,-0.12513324815745552,success,
23,row,psm,-0.016033755274261603,success,
23,row,logistic_regression,-0.01602329975486515,success,
23,row,doubly_robust,-0.0015764129899317333,success,
23,apk_cluster,psm,0.05389067524115756,success,
23,apk_cluster,logistic_regression,-0.0061212457202239525,success,
23,apk_cluster,doubly_robust,-0.02398680501677719,success,
24,row,psm,0.0054249547920434,success,
24,row,logistic_regression,-0.012711874278559984,success,
24,row,doubly_robust,0.0014464274438379262,success,
24,apk_cluster,psm,-0.0009052699644358229,success,
24,apk_cluster,logistic_regression,-0.1355122989658199,success,
24,apk_cluster,doubly_robust,-0.05806008627701796,success,
25,row,psm,-0.020735382760699216,success,
25,row,logistic_regression,-0.01666974054432453,success,
25,row,doubly_robust,-0.0077167793550192544,success,
25,apk_cluster,psm,-0.05923057389537836,success,
25,apk_cluster,logistic_regression,-0.11755000653143384,success,
25,apk_cluster,doubly_robust,-0.06610724491716494,success,
26,row,psm,-0.06738999397227245,success,
26,row,logistic_regression,-0.05140605835450613,success,
26,row,doubly_robust,-0.03732851288963125,success,
26,apk_cluster,psm,0.060959156138844596,success,
26,apk_cluster,logistic_regression,-0.08818688705576674,success,
26,apk_cluster,doubly_robust,-0.04289153713267631,success,
27,row,psm,0.056419529837251355,success,
27,row,logistic_regression,-0.03920458884187876,success,
27,row,doubly_robust,-0.028933374620155685,success,
27,apk_cluster,psm,0.0005512003919647232,success,
27,apk_cluster,logistic_regression,-0.11059185311371852,success,
27,apk_cluster,doubly_robust,-0.052697322210910634,success,
28,row,psm,-0.017721518987341773,success,
28,row,logistic_regression,-0.019686537345778528,success,
28,row,doubly_robust,-0.00735611388129715,success,
28,apk_cluster,psm,0.0607132667617689,success,
28,apk_cluster,logistic_regression,-0.038269229580701815,success,
28,apk_cluster,doubly_robust,-0.050852857454771305,success,
29,row,psm,-0.028933092224231467,success,
29,row,logistic_regression,-0.0132441145702271,success,
29,row,doubly_robust,0.0029993509042534152,success,
29,apk_cluster,psm,0.07780222466691114,success,
29,apk_cluster,logistic_regression,-0.025002912463616665,success,
29,apk_cluster,doubly_robust,-0.00732076549512589,success,
30,row,psm,-0.004822182037371911,success,
30,row,logistic_regression,-0.03812043794662327,success,
30,row,doubly_robust,-0.021174372027967275,success,
30,apk_cluster,psm,0.10170555016827335,success,
30,apk_cluster,logistic_regression,-0.004495344210256508,success,
30,apk_cluster,doubly_robust,-0.03642388244882934,success,
31,row,psm,0.007474382157926462,success,
31,row,logistic_regression,-0.021356384787785766,success,
31,row,doubly_robust,-0.01617344117689427,success,
31,apk_cluster,psm,0.07412045319022063,success,
31,apk_cluster,logistic_regression,-0.1404530537558588,success,
31,apk_cluster,doubly_robust,-0.09524582247504879,success,
32,row,psm,-0.0038577456298975288,success,
32,row,logistic_regression,-0.02672464457752132,success,
32,row,doubly_robust,-0.019572125635609547,success,
32,apk_cluster,psm,0.046289143739972664,success,
32,apk_cluster,logistic_regression,0.046997806509425935,success,
32,apk_cluster,doubly_robust,0.056836769689861386,success,
33,row,psm,-0.0045207956600361665,success,
33,row,logistic_regression,-0.04260532837203676,success,
33,row,doubly_robust,-0.03303081619210627,success,
33,apk_cluster,psm,0.123623532274746,success,
33,apk_cluster,logistic_regression,0.023208363043460578,success,
33,apk_cluster,doubly_robust,0.01806310577045253,success,
34,row,psm,0.052501506931886675,success,
34,row,logistic_regression,-0.036883150366268075,success,
34,row,doubly_robust,-0.03523302926259875,success,
34,apk_cluster,psm,0.13295814280689414,success,
34,apk_cluster,logistic_regression,0.03169817905755551,success,
34,apk_cluster,doubly_robust,0.0006830100364533012,success,
35,row,psm,-0.026763110307414104,success,
35,row,logistic_regression,-0.0312629568387053,success,
35,row,doubly_robust,-0.02493163964424437,success,
35,apk_cluster,psm,0.17366850321395777,success,
35,apk_cluster,logistic_regression,0.043229391576025705,success,
35,apk_cluster,doubly_robust,0.01611654121098442,success,
36,row,psm,-0.03550331525015069,success,
36,row,logistic_regression,-0.022556454870024813,success,
36,row,doubly_robust,-0.022284537819145685,success,
36,apk_cluster,psm,0.050816914944738105,success,
36,apk_cluster,logistic_regression,-0.09666090826063034,success,
36,apk_cluster,doubly_robust,-0.06915869896486637,success,
37,row,psm,0.025075346594333935,success,
37,row,logistic_regression,-0.03214835524074933,success,
37,row,doubly_robust,-0.018912468620569018,success,
37,apk_cluster,psm,0.09202139767812428,success,
37,apk_cluster,logistic_regression,0.1473202573846382,success,
37,apk_cluster,doubly_robust,0.09536858958115738,success,
38,row,psm,0.013140446051838457,success,
38,row,logistic_regression,-0.027154836898797264,success,
38,row,doubly_robust,-0.021884085329512925,success,
38,apk_cluster,psm,0.09683414906139644,success,
38,apk_cluster,logistic_regression,0.06789279389073312,success,
38,apk_cluster,doubly_robust,0.0724012975679278,success,
39,row,psm,0.02802893309222423,success,
39,row,logistic_regression,-0.00262253524375328,success,
39,row,doubly_robust,0.007113608733645853,success,
39,apk_cluster,psm,0.048683404776484994,success,
39,apk_cluster,logistic_regression,-0.011007731522548638,success,
39,apk_cluster,doubly_robust,-0.016201525029446325,success,
40,row,psm,0.020373719107896322,success,
40,row,logistic_regression,-0.0456749883484423,success,
40,row,doubly_robust,-0.04251339093622953,success,
40,apk_cluster,psm,0.006417661404184315,success,
40,apk_cluster,logistic_regression,-0.13886413075101936,success,
40,apk_cluster,doubly_robust,-0.060148580918954635,success,
41,row,psm,-0.0013261000602772756,success,
41,row,logistic_regression,-0.03723253968604068,success,
41,row,doubly_robust,-0.02672432635192491,success,
41,apk_cluster,psm,-0.008956698993143492,success,
41,apk_cluster,logistic_regression,-0.17084767794911399,success,
41,apk_cluster,doubly_robust,-0.15087622431777112,success,
42,row,psm,0.05286317058468957,success,
42,row,logistic_regression,-0.027929898203387933,success,
42,row,doubly_robust,-0.026908003472327535,success,
42,apk_cluster,psm,0.08752895282213824,success,
42,apk_cluster,logistic_regression,-0.021667728741837,success,
42,apk_cluster,doubly_robust,0.02321736828052887,success,
43,row,psm,0.03658830620855937,success,
43,row,logistic_regression,-0.014482232846178235,success,
43,row,doubly_robust,-0.004693671739598019,success,
43,apk_cluster,psm,-0.0029682765444313895,success,
43,apk_cluster,logistic_regression,0.019627662822749515,success,
43,apk_cluster,doubly_robust,-0.014188324801734042,success,
44,row,psm,-0.00867992766726944,success,
44,row,logistic_regression,-0.018072461778005245,success,
44,row,doubly_robust,-0.018545174118467147,success,
44,apk_cluster,psm,0.04851013110846245,success,
44,apk_cluster,logistic_regression,0.07968876622702915,success,
44,apk_cluster,doubly_robust,0.02509461378923898,success,
45,row,psm,0.021820373719107895,success,
45,row,logistic_regression,-0.013167083660981939,success,
45,row,doubly_robust,-0.00879258253996984,success,
45,apk_cluster,psm,-0.008833922261484096,success,
45,apk_cluster,logistic_regression,-0.07880968197408142,success,
45,apk_cluster,doubly_robust,-0.037796288551894854,success,
46,row,psm,0.004219409282700422,success,
46,row,logistic_regression,-0.034371718268297435,success,
46,row,doubly_robust,-0.017183272899131526,success,
46,apk_cluster,psm,-0.04607713185634034,success,
46,apk_cluster,logistic_regression,-0.10927092305968474,success,
46,apk_cluster,doubly_robust,-0.08711828851874537,success,
47,row,psm,-0.010066305003013865,success,
47,row,logistic_regression,-0.021810480419023552,success,
47,row,doubly_robust,-0.0267830885877786,success,
47,apk_cluster,psm,0.10042496085886826,success,
47,apk_cluster,logistic_regression,0.1259677166677972,success,
47,apk_cluster,doubly_robust,0.007492579453833324,success,
48,row,psm,-0.02067510548523207,success,
48,row,logistic_regression,-0.025725147932428884,success,
48,row,doubly_robust,-0.02381168489741555,success,
48,apk_cluster,psm,0.03899625036054226,success,
48,apk_cluster,logistic_regression,-0.06932576175418301,success,
48,apk_cluster,doubly_robust,-0.06271019066148154,success,
49,row,psm,-0.04966847498493068,success,
49,row,logistic_regression,-0.040972419338104527,success,
49,row,doubly_robust,-0.034164131648316456,success,
49,apk_cluster,psm,0.10179603887317012,success,
49,apk_cluster,logistic_regression,-0.07655059289929521,success,
49,apk_cluster,doubly_robust,-0.05567878874610594,success,
50,row,psm,0.03176612417118746,success,
50,row,logistic_regression,-0.04203990165067655,success,
50,row,doubly_robust,-0.015359896771756991,success,
50,apk_cluster,psm,0.004769885264922006,success,
50,apk_cluster,logistic_regression,-0.11868810647934057,success,
50,apk_cluster,doubly_robust,-0.08431804394670052,success,
51,row,psm,0.025195901145268235,success,
51,row,logistic_regression,-0.043416633289017174,success,
51,row,doubly_robust,-0.03887724406168787,success,
51,apk_cluster,psm,0.033450809390120066,success,
51,apk_cluster,logistic_regression,-0.03959186461464439,success,
51,apk_cluster,doubly_robust,-0.008892900303012787,success,
52,row,psm,-0.006630500301386376,success,
52,row,logistic_regression,-0.030638316950999042,success,
52,row,doubly_robust,-0.01695465092637319,success,
52,apk_cluster,psm,0.006154049761778717,success,
52,apk_cluster,logistic_regression,-0.1518865989488855,success,
52,apk_cluster,doubly_robust,-0.10381480407935695,success,
53,row,psm,-0.015792646172393007,success,
53,row,logistic_regression,-0.04580601917130045,success,
53,row,doubly_robust,-0.03462674810188658,success,
53,apk_cluster,psm,0.07856838062726691,success,
53,apk_cluster,logistic_regression,0.0017183394857060125,success,
53,apk_cluster,doubly_robust,-0.02348958661405544,success,
54,row,psm,-0.019107896323086196,success,
54,row,logistic_regression,-0.028767751222224944,success,
54,row,doubly_robust,-0.02015623818160996,success,
54,apk_cluster,psm,0.12475143291613054,success,
54,apk_cluster,logistic_regression,-0.156718085408576,success,
54,apk_cluster,doubly_robust,-0.11289914147847034,success,
55,row,psm,0.0919831223628692,success,
55,row,logistic_regression,-0.01554175351639639,success,
55,row,doubly_robust,-0.016735000929183494,success,
55,apk_cluster,psm,0.07531587057010786,success,
55,apk_cluster,logistic_regression,-0.03313677351550364,success,
55,apk_cluster,doubly_robust,-0.03361396143888148,success,
56,row,psm,-0.025135623869801085,success,
56,row,logistic_regression,-0.027825603783975597,success,
56,row,doubly_robust,-0.00029546015904835375,success,
56,apk_cluster,psm,0.049260137082826214,success,
56,apk_cluster,logistic_regression,-0.053413430653552266,success,
56,apk_cluster,doubly_robust,-0.04585934239206386,success,
57,row,psm,-0.04002411091018686,success,
57,row,logistic_regression,-0.019196593008381887,success,
57,row,doubly_robust,-0.011262130666070269,success,
57,apk_cluster,psm,0.14083475713937027,success,
57,apk_cluster,logistic_regression,0.010757489027025193,success,
57,apk_cluster,doubly_robust,0.0010864938622382133,success,
58,row,psm,0.02772754671488849,success,
58,row,logistic_regression,-0.0240108500867033,success,
58,row,doubly_robust,-0.021134135769066538,success,
58,apk_cluster,psm,0.036751280994169265,success,
58,apk_cluster,logistic_regression,-0.09623486599069932,success,
58,apk_cluster,doubly_robust,-0.06061565735600114,success,
59,row,psm,0.053405666063893915,success,
59,row,logistic_regression,-0.03632448402573906,success,
59,row,doubly_robust,-0.02467481470882363,success,
59,apk_cluster,psm,0.10233029381965553,success,
59,apk_cluster,logistic_regression,0.06999929328235215,success,
59,apk_cluster,doubly_robust,0.02877199920061767,success,
60,row,psm,-0.010006027727546715,success,
60,row,logistic_regression,-0.031276616970723335,success,
60,row,doubly_robust,-0.023890959847953523,success,
60,apk_cluster,psm,0.10516002612671456,success,
60,apk_cluster,logistic_regression,0.05232671697920278,success,
60,apk_cluster,doubly_robust,0.03321132459594483,success,
61,row,psm,0.04309825195901145,success,
61,row,logistic_regression,-0.027651105190628363,success,
61,row,doubly_robust,-0.009676322433612314,success,
61,apk_cluster,psm,-0.02190153885447928,success,
61,apk_cluster,logistic_regression,0.007217778659416973,success,
61,apk_cluster,doubly_robust,0.01374528668584557,success,
62,row,psm,0.05527426160337553,success,
62,row,logistic_regression,-0.03165292534514135,success,
62,row,doubly_robust,-0.031651259388521764,success,
62,apk_cluster,psm,0.06675447524396814,success,
62,apk_cluster,logistic_regression,-0.15133992134773103,success,
62,apk_cluster,doubly_robust,-0.1037572031085494,success,
63,row,psm,-0.005846895720313442,success,
63,row,logistic_regression,-0.027468343939308443,success,
63,row,doubly_robust,-0.020182592618439247,success,
63,apk_cluster,psm,0.04570586067084408,success,
63,apk_cluster,logistic_regression,0.03243376182765472,success,
63,apk_cluster,doubly_robust,-0.002509071313983963,success,
64,row,psm,-0.01573236889692586,success,
64,row,logistic_regression,-0.013412805443050468,success,
64,row,doubly_robust,-0.006120172233747594,success,
64,apk_cluster,psm,0.0585171568627451,success,
64,apk_cluster,logistic_regression,0.027953135385886504,success,
64,apk_cluster,doubly_robust,0.004040279492315816,success,
65,row,psm,0.004641350210970464,success,
65,row,logistic_regression,-0.037720655949945454,success,
65,row,doubly_robust,-0.038874867506105214,success,
65,apk_cluster,psm,0.046529127735624246,success,
65,apk_cluster,logistic_regression,-0.010025369057848923,success,
65,apk_cluster,doubly_robust,-0.004515670103168506,success,
66,row,psm,-0.04665461121157324,success,
66,row,logistic_regression,-0.031844734299705565,success,
66,row,doubly_robust,-0.022041999335197765,success,
66,apk_cluster,psm,-0.045546620833589097,success,
66,apk_cluster,logistic_regression,-0.14706054365911625,success,
66,apk_cluster,doubly_robust,-0.07816894352814721,success,
67,row,psm,0.08288125376732972,success,
67,row,logistic_regression,-0.010501731217145512,success,
67,row,doubly_robust,-0.007406235053454924,success,
67,apk_cluster,psm,0.13680916391119508,success,
67,apk_cluster,logistic_regression,0.010855707057285897,success,
67,apk_cluster,doubly_robust,0.014905333903850846,success,
68,row,psm,0.08065099457504521,success,
68,row,logistic_regression,-0.014523618836040463,success,
68,row,doubly_robust,-0.011459296554139572,success,
68,apk_cluster,psm,0.05923640104072125,success,
68,apk_cluster,logistic_regression,0.006002302278674542,success,
68,apk_cluster,doubly_robust,0.00941210772004833,success,
69,row,psm,0.02326702833031947,success,
69,row,logistic_regression,-0.028374680126700687,success,
69,row,doubly_robust,-0.01575648028653592,success,
69,apk_cluster,psm,0.03721816449666561,success,
69,apk_cluster,logistic_regression,-0.10378391058628167,success,
69,apk_cluster,doubly_robust,-0.09625453377290331,success,
70,row,psm,-0.027968655816757084,success,
70,row,logistic_regression,-0.029710185711650246,success,
70,row,doubly_robust,-0.015135584767334453,success,
70,apk_cluster,psm,0.14127621019932696,success,
70,apk_cluster,logistic_regression,-0.0941441939409599,success,
70,apk_cluster,doubly_robust,-0.07454010212999994,success,
71,row,psm,-0.003616636528028933,success,
71,row,logistic_regression,-0.03628199291594592,success,
71,row,doubly_robust,-0.022789938692583507,success,
71,apk_cluster,psm,0.08239628994345975,success,
71,apk_cluster,logistic_regression,-0.024095836804934503,success,
71,apk_cluster,doubly_robust,-0.04035069907164569,success,
72,row,psm,0.033694996986136226,success,
72,row,logistic_regression,7.406432694310826e-05,success,
72,row,doubly_robust,0.014940100232688365,success,
72,apk_cluster,psm,-0.018015882422662083,success,
72,apk_cluster,logistic_regression,-0.11719792467573781,success,
72,apk_cluster,doubly_robust,-0.08049738264120487,success,
73,row,psm,0.02109704641350211,success,
73,row,logistic_regression,-0.0418226702147306,success,
73,row,doubly_robust,-0.03496268402288024,success,
73,apk_cluster,psm,0.017720090293453724,success,
73,apk_cluster,logistic_regression,-0.017365171697369626,success,
73,apk_cluster,doubly_robust,-0.04190243959877548,success,
74,row,psm,-0.013622664255575649,success,
74,row,logistic_regression,-0.020071309270200496,success,
74,row,doubly_robust,-0.017647408513270294,success,
74,apk_cluster,psm,-0.01319595083152567,success,
74,apk_cluster,logistic_regression,-0.07201609143820527,success,
74,apk_cluster,doubly_robust,-0.044747705909946006,success,
75,row,psm,0.0014466546112115732,success,
75,row,logistic_regression,-0.03473918099428164,success,
75,row,doubly_robust,-0.018608458109219926,success,
75,apk_cluster,psm,-0.01128846270558961,success,
75,apk_cluster,logistic_regression,-0.09838210095883149,success,
75,apk_cluster,doubly_robust,-0.047903779895598755,success,
76,row,psm,-0.003737191078963231,success,
76,row,logistic_regression,-0.019637944692354005,success,
76,row,doubly_robust,-0.016922722759263598,success,
76,apk_cluster,psm,0.0752694504976736,success,
76,apk_cluster,logistic_regression,-0.04779828349781024,success,
76,apk_cluster,doubly_robust,-0.05261125710746252,success,
77,row,psm,0.026160337552742614,success,
77,row,logistic_regression,-0.013789144237861447,success,
77,row,doubly_robust,-0.011007935422703672,success,
77,apk_cluster,psm,0.10184713375796178,success,
77,apk_cluster,logistic_regression,0.022746916353269208,success,
77,apk_cluster,doubly_robust,0.02808102947224108,success,
78,row,psm,-0.02326702833031947,success,
78,row,logistic_regression,-0.03926993067120303,success,
78,row,doubly_robust,-0.02128949770892452,success,
78,apk_cluster,psm,0.05007870343380167,success,
78,apk_cluster,logistic_regression,0.026670403702013658,success,
78,apk_cluster,doubly_robust,0.047110769623486794,success,
79,row,psm,-0.010970464135021098,success,
79,row,logistic_regression,-0.035968917716112846,success,
79,row,doubly_robust,-0.02124025454964061,success,
79,apk_cluster,psm,0.11433276480621067,success,
79,apk_cluster,logistic_regression,-0.0511686622057218,success,
79,apk_cluster,doubly_robust,-0.06550911148412839,success,
80,row,psm,0.020253164556962026,success,
80,row,logistic_regression,-0.032457516619212715,success,
80,row,doubly_robust,-0.014883473780070062,success,
80,apk_cluster,psm,0.034762314212013264,success,
80,apk_cluster,logistic_regression,0.027095850626965012,success,
80,apk_cluster,doubly_robust,-0.03997468349215891,success,
81,row,psm,0.04231464737793852,success,
81,row,logistic_regression,-0.042634805284234537,success,
81,row,doubly_robust,-0.033690052606332795,success,
81,apk_cluster,psm,0.06453505426811382,success,
81,apk_cluster,logistic_regression,-0.06513772890115141,success,
81,apk_cluster,doubly_robust,-0.06556744784079949,success,
82,row,psm,0.003616636528028933,success,
82,row,logistic_regression,-0.02716302051434194,success,
82,row,doubly_robust,-0.027397741856456628,success,
82,apk_cluster,psm,0.05647882044233413,success,
82,apk_cluster,logistic_regression,0.015652263153707678,success,
82,apk_cluster,doubly_robust,0.006274260483823059,success,
83,row,psm,0.012658227848101266,success,
83,row,logistic_regression,-0.025359165917743905,success,
83,row,doubly_robust,-0.01262796360538661,success,
83,apk_cluster,psm,0.1562340678638192,success,
83,apk_cluster,logistic_regression,0.02057432296282686,success,
83,apk_cluster,doubly_robust,-0.020123935755365863,success,
84,row,psm,0.02278481012658228,success,
84,row,logistic_regression,-0.014014215029624884,success,
84,row,doubly_robust,-0.010228198051901094,success,
84,apk_cluster,psm,0.08083167854222638,success,
84,apk_cluster,logistic_regression,0.01079895426083273,success,
84,apk_cluster,doubly_robust,-0.00612810747762716,success,
85,row,psm,-0.06413502109704641,success,
85,row,logistic_regression,-0.04020717007412148,success,
85,row,doubly_robust,-0.02953008690055635,success,
85,apk_cluster,psm,0.10674946004319655,success,
85,apk_cluster,logistic_regression,0.02697187779209671,success,
85,apk_cluster,doubly_robust,-0.06997042972467037,success,
86,row,psm,-0.031946955997588906,success,
86,row,logistic_regression,-0.048845916036905086,success,
86,row,doubly_robust,-0.04280121180041543,success,
86,apk_cluster,psm,-0.006345848757271285,success,
86,apk_cluster,logistic_regression,-0.05274705512179292,success,
86,apk_cluster,doubly_robust,-0.053657287170857056,success,
87,row,psm,-0.003134418324291742,success,
87,row,logistic_regression,-0.04062426788279484,success,
87,row,doubly_robust,-0.039053002558779325,success,
87,apk_cluster,psm,0.003323047709470686,success,
87,apk_cluster,logistic_regression,-0.021452412690317856,success,
87,apk_cluster,doubly_robust,-0.018906423245421796,success,
88,row,psm,-0.07745629897528632,success,
88,row,logistic_regression,-0.04864794185644496,success,
88,row,doubly_robust,-0.03457632997275792,success,
88,apk_cluster,psm,-0.004990839598205825,success,
88,apk_cluster,logistic_regression,-0.019589080282187834,success,
88,apk_cluster,doubly_robust,-0.0067779603615214625,success,
89,row,psm,-0.0028933092224231465,success,
89,row,logistic_regression,-0.0334738340471388,success,
89,row,doubly_robust,-0.033566930192413365,success,
89,apk_cluster,psm,-0.009759941804073715,success,
89,apk_cluster,logistic_regression,0.00904522259569403,success,
89,apk_cluster,doubly_robust,0.0068134770477227425,success,
90,row,psm,0.1024713682941531,success,
90,row,logistic_regression,-0.022428551754184012,success,
90,row,doubly_robust,-0.01565212784426972,success,
90,apk_cluster,psm,0.07788326300984529,success,
90,apk_cluster,logistic_regression,0.037405116781335714,success,
90,apk_cluster,doubly_robust,0.019666757977992028,success,
91,row,psm,0.028330319469559977,success,
91,row,logistic_regression,-0.014012661194457333,success,
91,row,doubly_robust,-0.009973128470715284,success,
91,apk_cluster,psm,0.005563282336578581,success,
91,apk_cluster,logistic_regression,-0.11346085264810475,success,
91,apk_cluster,doubly_robust,-0.08928175872456295,success,
92,row,psm,0.0018083182640144665,success,
92,row,logistic_regression,-0.047211255409781674,success,
92,row,doubly_robust,-0.04038592196367296,success,
92,apk_cluster,psm,0.09046568342817327,success,
92,apk_cluster,logistic_regression,-0.0127556336005059,success,
92,apk_cluster,doubly_robust,-0.03492492295701392,success,
93,row,psm,0.06455696202531645,success,
93,row,logistic_regression,-0.03708510174711508,success,
93,row,doubly_robust,-0.020005356825051675,success,
93,apk_cluster,psm,0.0654116752234265,success,
93,apk_cluster,logistic_regression,-0.06221787254028969,success,
93,apk_cluster,doubly_robust,-0.04714386666774019,success,
94,row,psm,0.05334538878842676,success,
94,row,logistic_regression,-0.039422404384122034,success,
94,row,doubly_robust,-0.02639610060312371,success,
94,apk_cluster,psm,0.1804857621440536,success,
94,apk_cluster,logistic_regression,-0.024378092303865485,success,
94,apk_cluster,doubly_robust,-0.011351469861400986,success,
95,row,psm,-0.03279083785412899,success,
95,row,logistic_regression,-0.030050270338825038,success,
95,row,doubly_robust,-0.02255208656221166,success,
95,apk_cluster,psm,0.10629798389613632,success,
95,apk_cluster,logistic_regression,-0.04168848268306135,success,
95,apk_cluster,doubly_robust,-0.03645270292702933,success,
96,row,psm,0.0162748643761302,success,
96,row,logistic_regression,-0.014230037407223117,success,
96,row,doubly_robust,0.003385806974730329,success,
96,apk_cluster,psm,0.06187866428753505,success,
96,apk_cluster,logistic_regression,0.038003434986681635,success,
96,apk_cluster,doubly_robust,0.0029788555480424386,success,
97,row,psm,0.036286919831223625,success,
97,row,logistic_regression,-0.03811247275231145,success,
97,row,doubly_robust,-0.025861255390609336,success,
97,apk_cluster,psm,0.033595603846634195,success,
97,apk_cluster,logistic_regression,-0.05155208228342283,success,
97,apk_cluster,doubly_robust,-0.03372169406483181,success,
98,row,psm,0.005003013863773357,success,
98,row,logistic_regression,-0.034682780441783155,success,
98,row,doubly_robust,-0.02985560913777415,success,
98,apk_cluster,psm,0.14474027669015924,success,
98,apk_cluster,logistic_regression,-0.12008466785254689,success,
98,apk_cluster,doubly_robust,-0.0769948435164274,success,
99,row,psm,0.037070524412296565,success,
99,row,logistic_regression,-0.044087605378791146,success,
99,row,doubly_robust,-0.04675367172484641,success,
99,apk_cluster,psm,0.04711682476285572,success,
99,apk_cluster,logistic_regression,-0.1389498102408445,success,
99,apk_cluster,doubly_robust,-0.05625563246568765,success,
100,row,psm,0.002953586497890295,success,
100,row,logistic_regression,-0.040080203287645305,success,
100,row,doubly_robust,-0.037795597971339405,success,
100,apk_cluster,psm,0.035690194395045075,success,
100,apk_cluster,logistic_regression,-0.04129789558094504,success,
100,apk_cluster,doubly_robust,-0.04995646884643383,success,
101,row,psm,0.0039180229053646775,success,
101,row,logistic_regression,-0.03396746653939234,success,
101,row,doubly_robust,-0.026325137940481323,success,
101,apk_cluster,psm,-0.009421531163526157,success,
101,apk_cluster,logistic_regression,-0.11554529384194187,success,
101,apk_cluster,doubly_robust,-0.1031388657866702,success,
102,row,psm,0.006751054852320675,success,
102,row,logistic_regression,-0.022056055253997432,success,
102,row,doubly_robust,-0.02262892740508667,success,
102,apk_cluster,psm,0.05096754986603156,success,
102,apk_cluster,logistic_regression,0.073724899678404,success,
102,apk_cluster,doubly_robust,0.03283162733843753,success,
103,row,psm,-0.02314647377938517,success,
103,row,logistic_regression,-0.02630918556377516,success,
103,row,doubly_robust,-0.01881747857144575,success,
103,apk_cluster,psm,0.0748552002014606,success,
103,apk_cluster,logistic_regression,-0.1441913408766751,success,
103,apk_cluster,doubly_robust,-0.10777856223940184,success,
104,row,psm,-0.011693791440626884,success,
104,row,logistic_regression,-0.040829542841690894,success,
104,row,doubly_robust,-0.033574724842592246,success,
104,apk_cluster,psm,-0.020066889632107024,success,
104,apk_cluster,logistic_regression,-0.20207084316072618,success,
104,apk_cluster,doubly_robust,-0.09991393007747883,success,
105,row,psm,-0.03170584689572031,success,
105,row,logistic_regression,-0.0256033954391788,success,
105,row,doubly_robust,-0.020591840271453315,success,
105,apk_cluster,psm,0.03910170113817158,success,
105,apk_cluster,logistic_regression,-0.09324258684108351,success,
105,apk_cluster,doubly_robust,-0.0675405839881581,success,
106,row,psm,0.017420132610006026,success,
106,row,logistic_regression,-0.05744996017046313,success,
106,row,doubly_robust,-0.05153473091352589,success,
106,apk_cluster,psm,0.03976480572225253,success,
106,apk_cluster,logistic_regression,-0.02041102888087262,success,
106,apk_cluster,doubly_robust,-0.013487444590472708,success,
107,row,psm,0.07148884870403857,success,
107,row,logistic_regression,-0.0019705468414647695,success,
107,row,doubly_robust,0.01918941444183871,success,
107,apk_cluster,psm,0.007583387641447953,success,
107,apk_cluster,logistic_regression,-0.2077067704554654,success,
107,apk_cluster,doubly_robust,-0.19420858500192725,success,
108,row,psm,-0.028330319469559977,success,
108,row,logistic_regression,-0.032862327667718794,success,
108,row,doubly_robust,-0.028251697372915028,success,
108,apk_cluster,psm,0.06359518416974609,success,
108,apk_cluster,logistic_regression,-0.11361730299904983,success,
108,apk_cluster,doubly_robust,-0.07194268261983222,success,
109,row,psm,-0.033031946955997586,success,
109,row,logistic_regression,-0.043394516118973894,success,
109,row,doubly_robust,-0.037086328702673456,success,
109,apk_cluster,psm,-0.015936984795750137,success,
109,apk_cluster,logistic_regression,0.011752985385440718,success,
109,apk_cluster,doubly_robust,-0.02796924880557805,success,
110,row,psm,0.005304400241109102,success,
110,row,logistic_regression,-0.01648310605012679,success,
110,row,doubly_robust,-0.005998720660928792,success,
110,apk_cluster,psm,0.07707031469909362,success,
110,apk_cluster,logistic_regression,0.08763598850423136,success,
110,apk_cluster,doubly_robust,0.018056706722619147,success,
111,row,psm,-0.025979505726341168,success,
111,row,logistic_regression,-0.04444672841631083,success,
111,row,doubly_robust,-0.04026726383947953,success,
111,apk_cluster,psm,0.06790601600826233,success,
111,apk_cluster,logistic_regression,-0.10075903641327479,success,
111,apk_cluster,doubly_robust,-0.05497123264280241,success,
112,row,psm,0.03405666063893912,success,
112,row,logistic_regression,-0.02248613279299442,success,
112,row,doubly_robust,-0.01464933299024099,success,
112,apk_cluster,psm,0.0844321073328707,success,
112,apk_cluster,logistic_regression,0.030730868851219652,success,
112,apk_cluster,doubly_robust,0.007558043072944492,success,
113,row,psm,0.019650391802290536,success,
113,row,logistic_regression,-0.021031871203131585,success,
113,row,doubly_robust,-0.005919119326936566,success,
113,apk_cluster,psm,0.07103321033210332,success,
113,apk_cluster,logistic_regression,-0.052820169800882624,success,
113,apk_cluster,doubly_robust,-0.03634367636130004,success,
114,row,psm,0.008921036769138035,success,
114,row,logistic_regression,-0.029706389554603547,success,
114,row,doubly_robust,-0.010552251885595392,success,
114,apk_cluster,psm,0.0761203932685928,success,
114,apk_cluster,logistic_regression,-0.13130336499376924,success,
114,apk_cluster,doubly_robust,-0.10850499066999503,success,
115,row,psm,-0.06636528028933092,success,
115,row,logistic_regression,-0.0236002347057766,success,
115,row,doubly_robust,-0.005233164096966091,success,
115,apk_cluster,psm,0.12316833967924311,success,
115,apk_cluster,logistic_regression,-0.03625970335936923,success,
115,apk_cluster,doubly_robust,-0.02124537087823441,success,
116,row,psm,0.06540084388185655,success,
116,row,logistic_regression,-0.015302037747916183,success,
116,row,doubly_robust,-0.007810001253383712,success,
116,apk_cluster,psm,0.08427712749130022,success,
116,apk_cluster,logistic_regression,-0.1149868675076292,success,
116,apk_cluster,doubly_robust,-0.044271904937123546,success,
117,row,psm,0.036407474382157926,success,
117,row,logistic_regression,-0.02448767115186702,success,
117,row,doubly_robust,-0.00375689123285242,success,
117,apk_cluster,psm,0.039616466670494344,success,
117,apk_cluster,logistic_regression,0.06300187474400802,success,
117,apk_cluster,doubly_robust,0.02319894433110552,success,
118,row,psm,-0.07504520795660036,success,
118,row,logistic_regression,-0.04011975456098327,success,
118,row,doubly_robust,-0.03672429567335817,success,
118,apk_cluster,psm,-0.041751657317695055,success,
118,apk_cluster,logistic_regression,-0.13286541610235308,success,
118,apk_cluster,doubly_robust,-0.1278108520318278,success,
119,row,psm,-0.04876431585292345,success,
119,row,logistic_regression,-0.028211412025842274,success,
119,row,doubly_robust,-0.021919275802756915,success,
119,apk_cluster,psm,0.06353737883415217,success,
119,apk_cluster,logistic_regression,-0.08355851814668415,success,
119,apk_cluster,doubly_robust,-0.07562662083414093,success,
120,row,psm,-0.015430982519590115,success,
120,row,logistic_regression,-0.04514949396631231,success,
120,row,doubly_robust,-0.032441519908762324,success,
120,apk_cluster,psm,0.1108984254399506,success,
120,apk_cluster,logistic_regression,-0.04704023445357648,success,
120,apk_cluster,doubly_robust,-0.0637474183931051,success,
121,row,psm,0.014707655213984325,success,
121,row,logistic_regression,-0.04812239243575041,success,
121,row,doubly_robust,-0.04641764679917566,success,
121,apk_cluster,psm,0.17208569260405113,success,
121,apk_cluster,logistic_regression,0.08101139487242644,success,
121,apk_cluster,doubly_robust,0.03836748923305801,success,
122,row,psm,0.025557564798071128,success,
122,row,logistic_regression,-0.016864220003329638,success,
122,row,doubly_robust,-0.02016292399353512,success,
122,apk_cluster,psm,0.06984362445144941,success,
122,apk_cluster,logistic_regression,0.02437428279094982,success,
122,apk_cluster,doubly_robust,-0.023722461115755728,success,
123,row,psm,-0.0033755274261603376,success,
123,row,logistic_regression,-0.05356415277408328,success,
123,row,doubly_robust,-0.04103618777432546,success,
123,apk_cluster,psm,0.04455749986023369,success,
123,apk_cluster,logistic_regression,0.02938255769750603,success,
123,apk_cluster,doubly_robust,0.013474314254575348,success,
124,row,psm,-0.009825195901145268,success,
124,row,logistic_regression,-0.0387225457987199,success,
124,row,doubly_robust,-0.02747073701343024,success,
124,apk_cluster,psm,0.028791962754226904,success,
124,apk_cluster,logistic_regression,-0.19722333711319692,success,
124,apk_cluster,doubly_robust,-0.148734876578249,success,
125,row,psm,0.0016877637130801688,success,
125,row,logistic_regression,-0.0353930279876536,success,
125,row,doubly_robust,-0.030663052574062856,success,
125,apk_cluster,psm,0.047403362908729915,success,
125,apk_cluster,logistic_regression,-0.11956082805352056,success,
125,apk_cluster,doubly_robust,-0.06510814769666075,success,
126,row,psm,-0.04677516576250754,success,
126,row,logistic_regression,-0.011208860338115516,success,
126,row,doubly_robust,-0.014829531018567186,success,
126,apk_cluster,psm,0.06741846997866505,success,
126,apk_cluster,logistic_regression,-0.02424993565810179,success,
126,apk_cluster,doubly_robust,0.0005333670381980463,success,
127,row,psm,-0.0006027727546714884,success,
127,row,logistic_regression,-0.03305814646859367,success,
127,row,doubly_robust,-0.02719006594793803,success,
127,apk_cluster,psm,0.10286726068083162,success,
127,apk_cluster,logistic_regression,0.0658657366001925,success,
127,apk_cluster,doubly_robust,-0.009650112042991337,success,
128,row,psm,0.02471368294153104,success,
128,row,logistic_regression,-0.035221095908819285,success,
128,row,doubly_robust,-0.031133181532129,success,
128,apk_cluster,psm,0.057321988356471114,success,
128,apk_cluster,logistic_regression,-0.11835307371335417,success,
128,apk_cluster,doubly_robust,-0.07318404608167545,success,
129,row,psm,0.061301989150090413,success,
129,row,logistic_regression,-0.012364624934511828,success,
129,row,doubly_robust,-0.01065867744972401,success,
129,apk_cluster,psm,-0.02531645569620253,success,
129,apk_cluster,logistic_regression,-0.12522627977722955,success,
129,apk_cluster,doubly_robust,-0.1226316762674388,success,
130,row,psm,0.00216998191681736,success,
130,row,logistic_regression,-0.029522563297210553,success,
130,row,doubly_robust,-0.016121161170991292,success,
130,apk_cluster,psm,0.07543011081858814,success,
130,apk_cluster,logistic_regression,-0.07816791543474587,success,
130,apk_cluster,doubly_robust,-0.015119647996527564,success,
131,row,psm,0.04695599758890898,success,
131,row,logistic_regression,-0.032391237508582756,success,
131,row,doubly_robust,-0.025395063997370123,success,
131,apk_cluster,psm,-0.05295551492992078,success,
131,apk_cluster,logistic_regression,-0.07866713138271991,success,
131,apk_cluster,doubly_robust,-0.042580177650729426,success,
132,row,psm,-0.012055455093429777,success,
132,row,logistic_regression,-0.01454924853401384,success,
132,row,doubly_robust,-0.007323371826854978,success,
132,apk_cluster,psm,0.07813818883395635,success,
132,apk_cluster,logistic_regression,0.022631202813564958,success,
132,apk_cluster,doubly_robust,0.0243144427382782,success,
133,row,psm,-0.031223628691983123,success,
133,row,logistic_regression,-0.043458262655471334,success,
133,row,doubly_robust,-0.03157367435205147,success,
133,apk_cluster,psm,0.07499851075236791,success,
133,apk_cluster,logistic_regression,-0.06492713904398204,success,
133,apk_cluster,doubly_robust,-0.05796217684488693,success,
134,row,psm,-0.035322483423749246,success,
134,row,logistic_regression,-0.029435699389938945,success,
134,row,doubly_robust,-0.029753547334649057,success,
134,apk_cluster,psm,0.018384334391280916,success,
134,apk_cluster,logistic_regression,-0.1386249601762198,success,
134,apk_cluster,doubly_robust,-0.07751917213883382,success,
135,row,psm,-0.006088004822182037,success,
135,row,logistic_regression,-0.010032051193653952,success,
135,row,doubly_robust,-0.007124874833206559,success,
135,apk_cluster,psm,-0.057949391262831225,success,
135,apk_cluster,logistic_regression,-0.1436324767854383,success,
135,apk_cluster,doubly_robust,-0.11418762126920104,success,
136,row,psm,0.012718505123568414,success,
136,row,logistic_regression,-0.033576807650289385,success,
136,row,doubly_robust,-0.024779994397723135,success,
136,apk_cluster,psm,0.0929819366301451,success,
136,apk_cluster,logistic_regression,-0.09503096143262901,success,
136,apk_cluster,doubly_robust,-0.06966794388322994,success,
137,row,psm,-0.021518987341772152,success,
137,row,logistic_regression,-0.027946882135383416,success,
137,row,doubly_robust,-0.01926070559366823,success,
137,apk_cluster,psm,0.055863342566943676,success,
137,apk_cluster,logistic_regression,0.08127375156920605,success,
137,apk_cluster,doubly_robust,0.043213546211080506,success,
138,row,psm,0.04038577456298975,success,
138,row,logistic_regression,-0.04681469740859601,success,
138,row,doubly_robust,-0.026931516142738737,success,
138,apk_cluster,psm,0.019011186460325742,success,
138,apk_cluster,logistic_regression,-0.03530564327969045,success,
138,apk_cluster,doubly_robust,-0.04475884359232501,success,
139,row,psm,-0.015370705244122965,success,
139,row,logistic_regression,-0.030682875854907726,success,
139,row,doubly_robust,-0.018889284591862152,success,
139,apk_cluster,psm,-0.018713587947978578,success,
139,apk_cluster,logistic_regression,0.04123749813034336,success,
139,apk_cluster,doubly_robust,-0.0004274660909958502,success,
140,row,psm,0.043459915611814344,success,
140,row,logistic_regression,-0.020601666537912226,success,
140,row,doubly_robust,-0.007445345050701524,success,
140,apk_cluster,psm,-0.015737580583996966,success,
140,apk_cluster,logistic_regression,-0.11391348564808211,success,
140,apk_cluster,doubly_robust,-0.0018491102576835403,success,
141,row,psm,0.003134418324291742,success,
141,row,logistic_regression,-0.042631067570724074,success,
141,row,doubly_robust,-0.029479135044348768,success,
141,apk_cluster,psm,0.09387390405986486,success,
141,apk_cluster,logistic_regression,-0.041129852762672406,success,
141,apk_cluster,doubly_robust,-0.03307854080417024,success,
142,row,psm,-0.0022302591922845087,success,
142,row,logistic_regression,-0.038897308650219314,success,
142,row,doubly_robust,-0.031537633421060654,success,
142,apk_cluster,psm,0.08865710560625815,success,
142,apk_cluster,logistic_regression,-0.05310903655031374,success,
142,apk_cluster,doubly_robust,-0.03175965687692349,success,
143,row,psm,0.023508137432188065,success,
143,row,logistic_regression,-0.0344085957556948,success,
143,row,doubly_robust,-0.029411338648638884,success,
143,apk_cluster,psm,0.0719082427051762,success,
143,apk_cluster,logistic_regression,-0.08122751296489557,success,
143,apk_cluster,doubly_robust,-0.09568902992752118,success,
144,row,psm,-0.022603978300180832,success,
144,row,logistic_regression,-0.042435980933655054,success,
144,row,doubly_robust,-0.01757529688388187,success,
144,apk_cluster,psm,0.11592328027448114,success,
144,apk_cluster,logistic_regression,0.05219425332413434,success,
144,apk_cluster,doubly_robust,-0.004459198192661203,success,
145,row,psm,0.042917420132610004,success,
145,row,logistic_regression,-0.03758668474907793,success,
145,row,doubly_robust,-0.03524996049497611,success,
145,apk_cluster,psm,0.1063438553478394,success,
145,apk_cluster,logistic_regression,-0.14558024025592373,success,
145,apk_cluster,doubly_robust,-0.054178822142025095,success,
146,row,psm,-0.06413502109704641,success,
146,row,logistic_regression,-0.03324587087799407,success,
146,row,doubly_robust,-0.025315728579140218,success,
146,apk_cluster,psm,0.08698917328994304,success,
146,apk_cluster,logistic_regression,0.053744125208254626,success,
146,apk_cluster,doubly_robust,0.016130149493127362,success,
147,row,psm,-0.037371910789632305,success,
147,row,logistic_regression,-0.04363954486758568,success,
147,row,doubly_robust,-0.03952539212962655,success,
147,apk_cluster,psm,0.003724873161646651,success,
147,apk_cluster,logistic_regression,-0.14975731094267827,success,
147,apk_cluster,doubly_robust,-0.11284406999146353,success,
148,row,psm,0.07040385774562989,success,
148,row,logistic_regression,-0.02043028421652725,success,
148,row,doubly_robust,-0.02199550602963251,success,
148,apk_cluster,psm,0.03473334154452519,success,
148,apk_cluster,logistic_regression,-0.12700553077854268,success,
148,apk_cluster,doubly_robust,-0.12319557908223444,success,
149,row,psm,0.04038577456298975,success,
149,row,logistic_regression,-0.039602684263763475,success,
149,row,doubly_robust,-0.0328409889414805,success,
149,apk_cluster,psm,0.014334260117392647,success,
149,apk_cluster,logistic_regression,0.018615075378837654,success,
149,apk_cluster,doubly_robust,0.021287542857213793,success,
150,row,psm,-0.055575647980711275,success,
150,row,logistic_regression,-0.03785376996979816,success,
150,row,doubly_robust,-0.01683868643463659,success,
150,apk_cluster,psm,0.09001371400074804,success,
150,apk_cluster,logistic_regression,-0.03192039278747108,success,
150,apk_cluster,doubly_robust,-0.03963806898107622,success,
151,row,psm,0.036407474382157926,success,
151,row,logistic_regression,-0.026527732507415986,success,
151,row,doubly_robust,-0.007824180327988399,success,
151,apk_cluster,psm,0.035690932868352225,success,
151,apk_cluster,logistic_regression,0.08943095373007638,success,
151,apk_cluster,doubly_robust,0.04934624563226047,success,
152,row,psm,-0.024472573839662448,success,
152,row,logistic_regression,-0.04437335511475582,success,
152,row,doubly_robust,-0.033664531899507605,success,
152,apk_cluster,psm,0.06014625228519196,success,
152,apk_cluster,logistic_regression,-0.053049298978708574,success,
152,apk_cluster,doubly_robust,-0.05150149379951941,success,
153,row,psm,-0.0037371910789632304,success,
153,row,logistic_regression,-0.01910776733632178,success,
153,row,doubly_robust,-0.02088064847540904,success,
153,apk_cluster,psm,0.08069446142560215,success,
153,apk_cluster,logistic_regression,-0.07316943731074542,success,
153,apk_cluster,doubly_robust,-0.05032104492690716,success,
154,row,psm,-0.04430379746835443,success,
154,row,logistic_regression,-0.04827784242014139,success,
154,row,doubly_robust,-0.03745685615778193,success,
154,apk_cluster,psm,0.03877021125929423,success,
154,apk_cluster,logistic_regression,-0.1460558111655138,success,
154,apk_cluster,doubly_robust,-0.04059463524060559,success,
155,row,psm,-0.06817359855334539,success,
155,row,logistic_regression,-0.03723904306518196,success,
155,row,doubly_robust,-0.03289360038607437,success,
155,apk_cluster,psm,0.15684264479753973,success,
155,apk_cluster,logistic_regression,0.02168434772821687,success,
155,apk_cluster,doubly_robust,-0.006713269506711068,success,
156,row,psm,0.010729355033152501,success,
156,row,logistic_regression,0.005633079007960796,success,
156,row,doubly_robust,0.0023167411869796577,success,
156,apk_cluster,psm,0.0889662027833002,success,
156,apk_cluster,logistic_regression,-0.017410878525862424,success,
156,apk_cluster,doubly_robust,-0.025247743244433785,success,
157,row,psm,-0.03188667872212176,success,
157,row,logistic_regression,-0.029546206482877913,success,
157,row,doubly_robust,-0.021535806816916737,success,
157,apk_cluster,psm,0.053555274108919845,success,
157,apk_cluster,logistic_regression,-0.016577517548024865,success,
157,apk_cluster,doubly_robust,-0.02110097171487587,success,
158,row,psm,0.021277878239903555,success,
158,row,logistic_regression,-0.04601715114589395,success,
158,row,doubly_robust,-0.021764118905897727,success,
158,apk_cluster,psm,0.06977485809043944,success,
158,apk_cluster,logistic_regression,-0.1033404102800643,success,
158,apk_cluster,doubly_robust,-0.07374124253358354,success,
159,row,psm,0.004460518384569017,success,
159,row,logistic_regression,-0.02748938974169332,success,
159,row,doubly_robust,-0.03042823311018849,success,
159,apk_cluster,psm,0.04236133636068764,success,
159,apk_cluster,logistic_regression,-0.11271283736267701,success,
159,apk_cluster,doubly_robust,-0.08244184712141678,success,
160,row,psm,0.0011452682338758287,success,
160,row,logistic_regression,-0.04002965097530326,success,
160,row,doubly_robust,-0.029740469515575685,success,
160,apk_cluster,psm,0.09181587262251409,success,
160,apk_cluster,logistic_regression,-0.03952328693980723,success,
160,apk_cluster,doubly_robust,-0.007728899011769144,success,
161,row,psm,-0.020494273658830622,success,
161,row,logistic_regression,-0.037600788026930954,success,
161,row,doubly_robust,-0.03425343392022369,success,
161,apk_cluster,psm,0.06769567331064658,success,
161,apk_cluster,logistic_regression,-0.14523572125285736,success,
161,apk_cluster,doubly_robust,-0.1132777970502998,success,
162,row,psm,-0.028933092224231464,success,
162,row,logistic_regression,-0.02786385263691382,success,
162,row,doubly_robust,-0.024167221138416687,success,
162,apk_cluster,psm,-0.02832541567695962,success,
162,apk_cluster,logistic_regression,-0.11753371530427545,success,
162,apk_cluster,doubly_robust,-0.027137073607284627,success,
163,row,psm,0.03031946955997589,success,
163,row,logistic_regression,-0.019678454544996678,success,
163,row,doubly_robust,-0.008430667625748157,success,
163,apk_cluster,psm,0.019960438770005393,success,
163,apk_cluster,logistic_regression,-0.10780343445823369,success,
163,apk_cluster,doubly_robust,-0.10554909022085845,success,
164,row,psm,-0.03887884267631103,success,
164,row,logistic_regression,-0.04640597266974799,success,
164,row,doubly_robust,-0.02802427699001295,success,
164,apk_cluster,psm,0.08626058453974324,success,
164,apk_cluster,logistic_regression,0.014407948698931588,success,
164,apk_cluster,doubly_robust,-0.03571954036484363,success,
165,row,psm,-0.03291139240506329,success,
165,row,logistic_regression,-0.042521090310400356,success,
165,row,doubly_robust,-0.03302134838689902,success,
165,apk_cluster,psm,0.06204201270151441,success,
165,apk_cluster,logistic_regression,0.03126101339189942,success,
165,apk_cluster,doubly_robust,-0.02270145667265208,success,
166,row,psm,0.028511151295961424,success,
166,row,logistic_regression,-0.01600919457606011,success,
166,row,doubly_robust,-0.00945764590216349,success,
166,apk_cluster,psm,0.05846843739220421,success,
166,apk_cluster,logistic_regression,-0.09083004367681938,success,
166,apk_cluster,doubly_robust,-0.015299197696883385,success,
167,row,psm,-0.03725135623869801,success,
167,row,logistic_regression,-0.031808396449825777,success,
167,row,doubly_robust,-0.02307588175265208,success,
167,apk_cluster,psm,0.047354629398552534,success,
167,apk_cluster,logistic_regression,-0.05275271849839678,success,
167,apk_cluster,doubly_robust,-0.04246483065522474,success,
168,row,psm,-0.08342374924653406,success,
168,row,logistic_regression,-0.03425707192671139,success,
168,row,doubly_robust,-0.03485336694455289,success,
168,apk_cluster,psm,0.05223724195745573,success,
168,apk_cluster,logistic_regression,0.016137402228171147,success,
168,apk_cluster,doubly_robust,0.02416825814696595,success,
169,row,psm,0.03851717902350814,success,
169,row,logistic_regression,-0.021488000064079145,success,
169,row,doubly_robust,-0.016845235367509002,success,
169,apk_cluster,psm,0.05690028901734104,success,
169,apk_cluster,logistic_regression,-0.15654638735345452,success,
169,apk_cluster,doubly_robust,-0.11641960166885701,success,
170,row,psm,-0.01946955997588909,success,
170,row,logistic_regression,-0.04050625886248896,success,
170,row,doubly_robust,-0.03365493008101216,success,
170,apk_cluster,psm,0.1145964785770086,success,
170,apk_cluster,logistic_regression,0.06373796189697005,success,
170,apk_cluster,doubly_robust,0.018071109881155574,success,
171,row,psm,0.07082579867389995,success,
171,row,logistic_regression,-0.02829622204466321,success,
171,row,doubly_robust,-0.02943358697326919,success,
171,apk_cluster,psm,0.06814806352107848,success,
171,apk_cluster,logistic_regression,0.008629996882696696,success,
171,apk_cluster,doubly_robust,-0.03591358786526921,success,
172,row,psm,0.015250150693188668,success,
172,row,logistic_regression,-0.02820761324674538,success,
172,row,doubly_robust,-0.02356806377047596,success,
172,apk_cluster,psm,0.018131437865188844,success,
172,apk_cluster,logistic_regression,-0.03807566319485339,success,
172,apk_cluster,doubly_robust,-0.04753092228280921,success,
173,row,psm,-0.02284508740204943,success,
173,row,logistic_regression,-0.035381190666124426,success,
173,row,doubly_robust,-0.02516749130485344,success,
173,apk_cluster,psm,0.16899028305872413,success,
173,apk_cluster,logistic_regression,0.06205671180081466,success,
173,apk_cluster,doubly_robust,0.035555755047842835,success,
174,row,psm,0.02730560578661844,success,
174,row,logistic_regression,-0.013198564941796056,success,
174,row,doubly_robust,-0.008482550624862568,success,
174,apk_cluster,psm,-0.03197871858727643,success,
174,apk_cluster,logistic_regression,-0.05873917150001739,success,
174,apk_cluster,doubly_robust,-0.044503404332845956,success,
175,row,psm,0.07172995780590717,success,
175,row,logistic_regression,-0.005633569923917942,success,
175,row,doubly_robust,-0.002563079148800023,success,
175,apk_cluster,psm,-0.06449704142011835,success,
175,apk_cluster,logistic_regression,-0.05417999631310451,success,
175,apk_cluster,doubly_robust,-0.04422905070544499,success,
176,row,psm,-0.05244122965641953,success,
176,row,logistic_regression,-0.030479690609695874,success,
176,row,doubly_robust,-0.022575466764807473,success,
176,apk_cluster,psm,0.027527435472993685,success,
176,apk_cluster,logistic_regression,-0.09525108977269674,success,
176,apk_cluster,doubly_robust,-0.04250325449930572,success,
177,row,psm,0.06540084388185655,success,
177,row,logistic_regression,-0.02959764377213927,success,
177,row,doubly_robust,-0.021159257585620966,success,
177,apk_cluster,psm,0.004826073331244124,success,
177,apk_cluster,logistic_regression,-0.16662749716764516,success,
177,apk_cluster,doubly_robust,-0.13840512198899566,success,
178,row,psm,0.0406871609403255,success,
178,row,logistic_regression,-0.036564821535410325,success,
178,row,doubly_robust,-0.03534196581562907,success,
178,apk_cluster,psm,0.1378362573099415,success,
178,apk_cluster,logistic_regression,0.09081773330093505,success,
178,apk_cluster,doubly_robust,0.025123910658769753,success,
179,row,psm,0.026160337552742614,success,
179,row,logistic_regression,-0.06231974064537554,success,
179,row,doubly_robust,-0.06452354032355477,success,
179,apk_cluster,psm,0.07424441524310119,success,
179,apk_cluster,logistic_regression,0.1337373003924295,success,
179,apk_cluster,doubly_robust,0.051551163235469794,success,
180,row,psm,0.023809523809523808,success,
180,row,logistic_regression,-0.013241392105069645,success,
180,row,doubly_robust,-0.007961013985490768,success,
180,apk_cluster,psm,0.0884852036331673,success,
180,apk_cluster,logistic_regression,0.045140759471738005,success,
180,apk_cluster,doubly_robust,0.015644757620222792,success,
181,row,psm,-0.0028330319469559977,success,
181,row,logistic_regression,-0.016910835554342963,success,
181,row,doubly_robust,-0.011597169294855733,success,
181,apk_cluster,psm,0.08859853230714158,success,
181,apk_cluster,logistic_regression,0.07991002087880338,success,
181,apk_cluster,doubly_robust,0.04772855267484453,success,
182,row,psm,0.04321880650994575,success,
182,row,logistic_regression,-0.03391650074249776,success,
182,row,doubly_robust,-0.03173345236517625,success,
182,apk_cluster,psm,0.09362014177462723,success,
182,apk_cluster,logistic_regression,-0.06566772346571186,success,
182,apk_cluster,doubly_robust,-0.0461380998186099,success,
183,row,psm,-0.026642555756479808,success,
183,row,logistic_regression,-0.026750555773593067,success,
183,row,doubly_robust,-0.018721501295993627,success,
183,apk_cluster,psm,0.029189796045655834,success,
183,apk_cluster,logistic_regression,-0.20336309058995092,success,
183,apk_cluster,doubly_robust,-0.11763553487241343,success,
184,row,psm,-0.010970464135021098,success,
184,row,logistic_regression,-0.03211066464597724,success,
184,row,doubly_robust,-0.005939334833529433,success,
184,apk_cluster,psm,-0.00727104853136361,success,
184,apk_cluster,logistic_regression,-0.008152884391470385,success,
184,apk_cluster,doubly_robust,-0.022569987361265437,success,
185,row,psm,-0.03182640144665461,success,
185,row,logistic_regression,-0.04710754971254317,success,
185,row,doubly_robust,-0.03798760057084219,success,
185,apk_cluster,psm,0.0682133765332099,success,
185,apk_cluster,logistic_regression,-0.02329888973087932,success,
185,apk_cluster,doubly_robust,-0.0018133439409471713,success,
186,row,psm,0.006389391199517782,success,
186,row,logistic_regression,-0.04150143567205876,success,
186,row,doubly_robust,-0.03604618690660003,success,
186,apk_cluster,psm,0.0527448869752422,success,
186,apk_cluster,logistic_regression,-0.015370684584116218,success,
186,apk_cluster,doubly_robust,-0.01858007769061902,success,
187,row,psm,0.03019891500904159,success,
187,row,logistic_regression,-0.02991608896046503,success,
187,row,doubly_robust,-0.01792977330780662,success,
187,apk_cluster,psm,0.11271607861709686,success,
187,apk_cluster,logistic_regression,-0.009670835591998373,success,
187,apk_cluster,doubly_robust,-0.00824730505654304,success,
188,row,psm,0.0019288728149487644,success,
188,row,logistic_regression,-0.015439630219487313,success,
188,row,doubly_robust,-0.01147634114739027,success,
188,apk_cluster,psm,0.0795000570711106,success,
188,apk_cluster,logistic_regression,0.05515847442756842,success,
188,apk_cluster,doubly_robust,0.01697243889910111,success,
189,row,psm,0.02284508740204943,success,
189,row,logistic_regression,-0.019709307508914167,success,
189,row,doubly_robust,-0.00743479623129098,success,
189,apk_cluster,psm,0.07501825261620833,success,
189,apk_cluster,logistic_regression,0.06549681336543414,success,
189,apk_cluster,doubly_robust,0.0276634737726939,success,
190,row,psm,0.07034358047016274,success,
190,row,logistic_regression,-0.03111974970674157,success,
190,row,doubly_robust,-0.029079060985153077,success,
190,apk_cluster,psm,0.05519795967937819,success,
190,apk_cluster,logistic_regression,-0.057908315483756946,success,
190,apk_cluster,doubly_robust,-0.03987166065493171,success,
191,row,psm,-0.03405666063893912,success,
191,row,logistic_regression,-0.015013110143205666,success,
191,row,doubly_robust,-0.0032160469956734215,success,
191,apk_cluster,psm,-0.00983345648837606,success,
191,apk_cluster,logistic_regression,-0.03148492978600897,success,
191,apk_cluster,doubly_robust,0.011015385148310367,success,
192,row,psm,0.07185051235684146,success,
192,row,logistic_regression,-0.03891657379424266,success,
192,row,doubly_robust,-0.028620155539601642,success,
192,apk_cluster,psm,0.11048858364961744,success,
192,apk_cluster,logistic_regression,0.12805080658564214,success,
192,apk_cluster,doubly_robust,0.06781453919089193,success,
193,row,psm,0.02272453285111513,success,
193,row,logistic_regression,-0.021871115102085344,success,
193,row,doubly_robust,-0.009237088715627315,success,
193,apk_cluster,psm,0.08226513061820542,success,
193,apk_cluster,logistic_regression,0.13020714964044194,success,
193,apk_cluster,doubly_robust,0.05401252369802255,success,
194,row,psm,0.0024110910186859553,success,
194,row,logistic_regression,-0.03765275840229916,success,
194,row,doubly_robust,-0.022239459246234706,success,
194,apk_cluster,psm,0.09075661572866195,success,
194,apk_cluster,logistic_regression,-0.14645478015172803,success,
194,apk_cluster,doubly_robust,-0.11193237097425746,success,
195,row,psm,0.042917420132610004,success,
195,row,logistic_regression,-0.0381950981224264,success,
195,row,doubly_robust,-0.040573443740194406,success,
195,apk_cluster,psm,0.15846143427913592,success,
195,apk_cluster,logistic_regression,-0.10430262547450635,success,
195,apk_cluster,doubly_robust,-0.05479146273138392,success,
196,row,psm,0.05159734779987944,success,
196,row,logistic_regression,-0.02180949499822372,success,
196,row,doubly_robust,-0.002540786433861791,success,
196,apk_cluster,psm,0.07853435114503816,success,
196,apk_cluster,logistic_regression,0.09543346972880389,success,
196,apk_cluster,doubly_robust,0.015987881473597074,success,
197,row,psm,-0.041952983725135624,success,
197,row,logistic_regression,-0.036317101577459626,success,
197,row,doubly_robust,-0.019675752404263346,success,
197,apk_cluster,psm,0.014088916718847839,success,
197,apk_cluster,logistic_regression,-0.10832974461725843,success,
197,apk_cluster,doubly_robust,-0.10615088819699244,success,
198,row,psm,0.0861965039180229,success,
198,row,logistic_regression,-0.017298766394675855,success,
198,row,doubly_robust,-0.012558665315121963,success,
198,apk_cluster,psm,-0.025767907790718726,success,
198,apk_cluster,logistic_regression,-0.1371973950426016,success,
198,apk_cluster,doubly_robust,-0.1389426248465986,success,
199,row,psm,0.02585895117540687,success,
199,row,logistic_regression,-0.023916911423774435,success,
199,row,doubly_robust,-0.022960231123467872,success,
199,apk_cluster,psm,0.03303083253480638,success,
199,apk_cluster,logistic_regression,-0.031089522549797938,success,
199,apk_cluster,doubly_robust,-0.026966942129768308,success,
200,row,psm,-0.035322483423749246,success,
200,row,logistic_regression,-0.05044435661596765,success,
200,row,doubly_robust,-0.029912402401668595,success,
200,apk_cluster,psm,0.03974981001929035,success,
200,apk_cluster,logistic_regression,-0.00013395103918109009,success,
200,apk_cluster,doubly_robust,-0.03433939966137366,success,
201,row,psm,-0.025135623869801088,success,
201,row,logistic_regression,-0.02272805951935091,success,
201,row,doubly_robust,-0.01252251193045052,success,
201,apk_cluster,psm,-0.02234974327997584,success,
201,apk_cluster,logistic_regression,-0.09286770348221673,success,
201,apk_cluster,doubly_robust,-0.013097274058206456,success,
202,row,psm,0.013562386980108499,success,
202,row,logistic_regression,-0.02213102782319466,success,
202,row,doubly_robust,-0.024148085145427177,success,
202,apk_cluster,psm,0.011882015763076188,success,
202,apk_cluster,logistic_regression,-0.1789953800282212,success,
202,apk_cluster,doubly_robust,-0.1304540820869956,success,
203,row,psm,0.05256178420735383,success,
203,row,logistic_regression,-0.032750064940763234,success,
203,row,doubly_robust,-0.028688024728417097,success,
203,apk_cluster,psm,0.00012405408758218582,success,
203,apk_cluster,logistic_regression,-0.05815092896832863,success,
203,apk_cluster,doubly_robust,-0.05886926918831673,success,
204,row,psm,-0.007233273056057866,success,
204,row,logistic_regression,-0.02326616102903057,success,
204,row,doubly_robust,-0.02412165920102075,success,
204,apk_cluster,psm,0.16042748820825123,success,
204,apk_cluster,logistic_regression,0.07993229856337561,success,
204,apk_cluster,doubly_robust,0.04859256619450616,success,
205,row,psm,-0.06305003013863773,success,
205,row,logistic_regression,-0.04702398565488491,success,
205,row,doubly_robust,-0.03466691360661694,success,
205,apk_cluster,psm,-0.004170951891212433,success,
205,apk_cluster,logistic_regression,0.060093099610624,success,
205,apk_cluster,doubly_robust,0.0497034302619628,success,
206,row,psm,0.045087402049427364,success,
206,row,logistic_regression,-0.020203592475907316,success,
206,row,doubly_robust,-0.013998246863325745,success,
206,apk_cluster,psm,0.1334273106153469,success,
206,apk_cluster,logistic_regression,0.0627301280664306,success,
206,apk_cluster,doubly_robust,0.057946248303281524,success,
207,row,psm,0.04779987944544906,success,
207,row,logistic_regression,-0.04699915983271679,success,
207,row,doubly_robust,-0.03816322239658965,success,
207,apk_cluster,psm,0.05217969647499849,success,
207,apk_cluster,logistic_regression,-0.0322509017648283,success,
207,apk_cluster,doubly_robust,-0.017627115999543766,success,
208,row,psm,0.0406871609403255,success,
208,row,logistic_regression,-0.007836941001330245,success,
208,row,doubly_robust,-0.009756072993001972,success,
208,apk_cluster,psm,0.06912553486409932,success,
208,apk_cluster,logistic_regression,0.07370422010921028,success,
208,apk_cluster,doubly_robust,-0.007367569991505022,success,
209,row,psm,0.03562386980108499,success,
209,row,logistic_regression,-0.03789662048529374,success,
209,row,doubly_robust,-0.03379623306201659,success,
209,apk_cluster,psm,0.027015141044166618,success,
209,apk_cluster,logistic_regression,-0.025886099523601193,success,
209,apk_cluster,doubly_robust,-0.05060248696151034,success,
210,row,psm,-0.013441832429174202,success,
210,row,logistic_regression,-0.029650675213758783,success,
210,row,doubly_robust,-0.019856656274130496,success,
210,apk_cluster,psm,-0.016260162601626018,success,
210,apk_cluster,logistic_regression,0.009530977442062844,success,
210,apk_cluster,doubly_robust,-0.010077503914935957,success,
211,row,psm,-0.014104882459312839,success,
211,row,logistic_regression,-0.04399682526833576,success,
211,row,doubly_robust,-0.03435684203661241,success,
211,apk_cluster,psm,0.083453652902108,success,
211,apk_cluster,logistic_regression,-0.08244814886634629,success,
211,apk_cluster,doubly_robust,-0.03329066187541989,success,
212,row,psm,-0.038698010849909585,success,
212,row,logistic_regression,-0.025596428033019175,success,
212,row,doubly_robust,-0.016611945010390695,success,
212,apk_cluster,psm,0.02518785692816351,success,
212,apk_cluster,logistic_regression,-0.065779917054662,success,
212,apk_cluster,doubly_robust,-0.05718296878881364,success,
213,row,psm,-0.049909584086799276,success,
213,row,logistic_regression,-0.03686350336943995,success,
213,row,doubly_robust,-0.029752154199833417,success,
213,apk_cluster,psm,0.02148997134670487,success,
213,apk_cluster,logistic_regression,-0.1421191773879096,success,
213,apk_cluster,doubly_robust,-0.08834133037709486,success,
214,row,psm,0.026039783001808318,success,
214,row,logistic_regression,-0.029192024842807186,success,
214,row,doubly_robust,-0.009702665114135669,success,
214,apk_cluster,psm,-0.0017463804856064447,success,
214,apk_cluster,logistic_regression,-0.11374739619722789,success,
214,apk_cluster,doubly_robust,-0.05278422827883922,success,
215,row,psm,-0.009342977697408076,success,
215,row,logistic_regression,-0.031947308313297874,success,
215,row,doubly_robust,-0.0290792933027423,success,
215,apk_cluster,psm,0.04931665807117071,success,
215,apk_cluster,logistic_regression,0.0028035861880501838,success,
215,apk_cluster,doubly_robust,0.0019525797089348749,success,
216,row,psm,0.08716094032549729,success,
216,row,logistic_regression,-0.02200120129932023,success,
216,row,doubly_robust,-0.019499807251934884,success,
216,apk_cluster,psm,-0.06188197767145136,success,
216,apk_cluster,logistic_regression,-0.12041402569881328,success,
216,apk_cluster,doubly_robust,-0.049845972297513835,success,
217,row,psm,-0.011995177817962627,success,
217,row,logistic_regression,-0.040456294410925346,success,
217,row,doubly_robust,-0.02945273394380166,success,
217,apk_cluster,psm,0.007554772097708386,success,
217,apk_cluster,logistic_regression,-0.11441952353587874,success,
217,apk_cluster,doubly_robust,-0.08791243616764725,success,
218,row,psm,-0.0032549728752260397,success,
218,row,logistic_regression,-0.017718389561444715,success,
218,row,doubly_robust,-0.010868540248080675,success,
218,apk_cluster,psm,0.14089143459082232,success,
218,apk_cluster,logistic_regression,-0.05606319030505835,success,
218,apk_cluster,doubly_robust,-0.06774766674645574,success,
219,row,psm,-0.01350210970464135,success,
219,row,logistic_regression,-0.04498161793286547,success,
219,row,doubly_robust,-0.026476009245910325,success,
219,apk_cluster,psm,0.05545240747617279,success,
219,apk_cluster,logistic_regression,-0.07022176553613524,success,
219,apk_cluster,doubly_robust,-0.03406056343040743,success,
220,row,psm,0.0019288728149487644,success,
220,row,logistic_regression,-0.013221308052593077,success,
220,row,doubly_robust,-0.009068822033563653,success,
220,apk_cluster,psm,0.1265335578542218,success,
220,apk_cluster,logistic_regression,-0.03533303752354543,success,
220,apk_cluster,doubly_robust,-0.029867744697903452,success,
221,row,psm,-0.011211573236889693,success,
221,row,logistic_regression,-0.036314284825744725,success,
221,row,doubly_robust,-0.01667749917175192,success,
221,apk_cluster,psm,0.029201259662181504,success,
221,apk_cluster,logistic_regression,-0.12656922068834034,success,
221,apk_cluster,doubly_robust,-0.114765917918225,success,
222,row,psm,-0.0016877637130801688,success,
222,row,logistic_regression,-0.015782952327851586,success,
222,row,doubly_robust,-0.005042919082390114,success,
222,apk_cluster,psm,0.07016462173993464,success,
222,apk_cluster,logistic_regression,-0.07016980757113467,success,
222,apk_cluster,doubly_robust,-0.05109615956594301,success,
223,row,psm,-0.04147076552139843,success,
223,row,logistic_regression,-0.02538379228213188,success,
223,row,doubly_robust,-0.01295320015837377,success,
223,apk_cluster,psm,0.02610587382160986,success,
223,apk_cluster,logistic_regression,-0.1262947033525149,success,
223,apk_cluster,doubly_robust,-0.09662485948061918,success,
224,row,psm,-0.0241711874623267,success,
224,row,logistic_regression,-0.04060878940371652,success,
224,row,doubly_robust,-0.03668225193430719,success,
224,apk_cluster,psm,0.02481854366658862,success,
224,apk_cluster,logistic_regression,-0.051998085811814795,success,
224,apk_cluster,doubly_robust,-0.05291594885150151,success,
225,row,psm,-0.03351416515973478,success,
225,row,logistic_regression,-0.020691919188770155,success,
225,row,doubly_robust,-0.011461287611613262,success,
225,apk_cluster,psm,0.11263942668901347,success,
225,apk_cluster,logistic_regression,0.09079937642081347,success,
225,apk_cluster,doubly_robust,0.0324653030076443,success,
226,row,psm,0.007414104882459313,success,
226,row,logistic_regression,-0.046831250866798395,success,
226,row,doubly_robust,-0.05236257424724132,success,
226,apk_cluster,psm,-0.0018279379680405685,success,
226,apk_cluster,logistic_regression,-0.10764762534397895,success,
226,apk_cluster,doubly_robust,-0.08813396389898767,success,
227,row,psm,0.03508137432188065,success,
227,row,logistic_regression,-0.018920105875099284,success,
227,row,doubly_robust,-0.012597420727614422,success,
227,apk_cluster,psm,0.09291560824160316,success,
227,apk_cluster,logistic_regression,-0.08242059879981439,success,
227,apk_cluster,doubly_robust,-0.06241621271397986,success,
228,row,psm,-0.0004219409282700422,success,
228,row,logistic_regression,-0.02935227606603431,success,
228,row,doubly_robust,-0.022870908812451414,success,
228,apk_cluster,psm,0.08282642089093702,success,
228,apk_cluster,logistic_regression,-0.013030160147027563,success,
228,apk_cluster,doubly_robust,0.0013089541630381606,success,
229,row,psm,-0.02525617842073538,success,
229,row,logistic_regression,-0.04887698045959736,success,
229,row,doubly_robust,-0.04011694117094146,success,
229,apk_cluster,psm,-0.004104127579737336,success,
229,apk_cluster,logistic_regression,-0.1146234335925048,success,
229,apk_cluster,doubly_robust,-0.08205041801267446,success,
230,row,psm,-0.07148884870403857,success,
230,row,logistic_regression,-0.04599975113984607,success,
230,row,doubly_robust,-0.020567524669302378,success,
230,apk_cluster,psm,0.039760314587104426,success,
230,apk_cluster,logistic_regression,-0.006981962676351692,success,
230,apk_cluster,doubly_robust,-0.013641951255434156,success,
231,row,psm,0.02332730560578662,success,
231,row,logistic_regression,-0.042435091415090345,success,
231,row,doubly_robust,-0.016185054125840998,success,
231,apk_cluster,psm,0.0002257336343115124,success,
231,apk_cluster,logistic_regression,-0.04458883236148462,success,
231,apk_cluster,doubly_robust,-0.018274818398260333,success,
232,row,psm,-0.00018083182640144665,success,
232,row,logistic_regression,-0.05024012811277418,success,
232,row,doubly_robust,-0.03918976535445906,success,
232,apk_cluster,psm,0.051117193965242856,success,
232,apk_cluster,logistic_regression,-0.1207845279967423,success,
232,apk_cluster,doubly_robust,-0.07101737027609341,success,
233,row,psm,0.028993369499698614,success,
233,row,logistic_regression,-0.020607482034183833,success,
233,row,doubly_robust,-0.0050476352642365215,success,
233,apk_cluster,psm,0.05222100444845594,success,
233,apk_cluster,logistic_regression,-0.05099618104303458,success,
233,apk_cluster,doubly_robust,-0.05545944556076265,success,
234,row,psm,-0.01404460518384569,success,
234,row,logistic_regression,-0.02399153744490637,success,
234,row,doubly_robust,-0.011533245228564071,success,
234,apk_cluster,psm,0.07553424495353105,success,
234,apk_cluster,logistic_regression,-0.03427759731718713,success,
234,apk_cluster,doubly_robust,-0.022321422310063076,success,
235,row,psm,-0.025617842073538274,success,
235,row,logistic_regression,-0.025291716822651134,success,
235,row,doubly_robust,-0.018335634770140247,success,
235,apk_cluster,psm,-0.022464698331193838,success,
235,apk_cluster,logistic_regression,-0.19277946067377977,success,
235,apk_cluster,doubly_robust,-0.13333069118593185,success,
236,row,psm,-0.001024713682941531,success,
236,row,logistic_regression,-0.04097030701662412,success,
236,row,doubly_robust,-0.026414913300401046,success,
236,apk_cluster,psm,-0.01073322125953705,success,
236,apk_cluster,logistic_regression,-0.13625056802572744,success,
236,apk_cluster,doubly_robust,-0.10724264956487072,success,
237,row,psm,0.019107896323086196,success,
237,row,logistic_regression,-0.0473755616277766,success,
237,row,doubly_robust,-0.038158753038094385,success,
237,apk_cluster,psm,0.054125730817913324,success,
237,apk_cluster,logistic_regression,0.04377358656461677,success,
237,apk_cluster,doubly_robust,0.016365863278305776,success,
238,row,psm,-0.053948161543098255,success,
238,row,logistic_regression,-0.01458647253404748,success,
238,row,doubly_robust,-0.0014831088785142263,success,
238,apk_cluster,psm,0.06131275936641534,success,
238,apk_cluster,logistic_regression,0.018802247427491717,success,
238,apk_cluster,doubly_robust,0.019370695621003343,success,
239,row,psm,0.07185051235684146,success,
239,row,logistic_regression,-0.02026254879487885,success,
239,row,doubly_robust,-0.024306207924612876,success,
239,apk_cluster,psm,-0.012210473313192347,success,
239,apk_cluster,logistic_regression,-0.1437408602987113,success,
239,apk_cluster,doubly_robust,-0.1353846022689213,success,
240,row,psm,0.024291742013261,success,
240,row,logistic_regression,-0.014748087228268,success,
240,row,doubly_robust,-0.0013341174019206718,success,
240,apk_cluster,psm,-0.06503257834315855,success,
240,apk_cluster,logistic_regression,0.033251523231678744,success,
240,apk_cluster,doubly_robust,-0.013525212985200794,success,
241,row,psm,0.06244725738396625,success,
241,row,logistic_regression,-0.01472661316819461,success,
241,row,doubly_robust,-0.013911255617321067,success,
241,apk_cluster,psm,0.07511537527325722,success,
241,apk_cluster,logistic_regression,-0.13721130997891204,success,
241,apk_cluster,doubly_robust,-0.09465010650758258,success,
242,row,psm,0.02007233273056058,success,
242,row,logistic_regression,-0.02113211449006751,success,
242,row,doubly_robust,-0.01708662447378159,success,
242,apk_cluster,psm,0.07452190006169032,success,
242,apk_cluster,logistic_regression,-0.05442137695824948,success,
242,apk_cluster,doubly_robust,-0.03588116891722306,success,
243,row,psm,0.01573236889692586,success,
243,row,logistic_regression,-0.05563269552459421,success,
243,row,doubly_robust,-0.04342974741606142,success,
243,apk_cluster,psm,-0.029707295762341632,success,
243,apk_cluster,logistic_regression,-0.19634808846086085,success,
243,apk_cluster,doubly_robust,-0.1777854325561636,success,
244,row,psm,-0.05840867992766727,success,
244,row,logistic_regression,-0.021676962686144653,success,
244,row,doubly_robust,-0.006783437422524528,success,
244,apk_cluster,psm,0.08964922369177689,success,
244,apk_cluster,logistic_regression,-0.0016571409849177874,success,
244,apk_cluster,doubly_robust,-0.006828257137537646,success,
245,row,psm,0.002049427365883062,success,
245,row,logistic_regression,-0.03256256889999475,success,
245,row,doubly_robust,-0.02864196997020467,success,
245,apk_cluster,psm,0.03801465016418287,success,
245,apk_cluster,logistic_regression,-0.001396355928618582,success,
245,apk_cluster,doubly_robust,-0.018239137225931058,success,
246,row,psm,-0.04110910186859554,success,
246,row,logistic_regression,-0.0457846376502525,success,
246,row,doubly_robust,-0.0383293787114231,success,
246,apk_cluster,psm,0.09199434229137199,success,
246,apk_cluster,logistic_regression,-0.0019489604063618222,success,
246,apk_cluster,doubly_robust,0.005671137899580237,success,
247,row,psm,-0.0028330319469559977,success,
247,row,logistic_regression,-0.03326350866760113,success,
247,row,doubly_robust,-0.03156052121966032,success,
247,apk_cluster,psm,0.023806563898557932,success,
247,apk_cluster,logistic_regression,-0.1561508789921373,success,
247,apk_cluster,doubly_robust,-0.11967989302317647,success,
248,row,psm,0.024110910186859555,success,
248,row,logistic_regression,-0.02788205682076221,success,
248,row,doubly_robust,-0.0194733710619457,success,
248,apk_cluster,psm,-0.000383533623114293,success,
248,apk_cluster,logistic_regression,-0.11968853831875328,success,
248,apk_cluster,doubly_robust,-0.10679967746227982,success,
249,row,psm,0.007956600361663653,success,
249,row,logistic_regression,-0.030942640431466602,success,
249,row,doubly_robust,-0.025445612151523595,success,
249,apk_cluster,psm,0.06961605689831836,success,
249,apk_cluster,logistic_regression,-0.07715172754012527,success,
249,apk_cluster,doubly_robust,-0.07009129744420917,success,
250,row,psm,-0.004219409282700422,success,
250,row,logistic_regression,-0.020059843610672975,success,
250,row,doubly_robust,-0.01043097493590357,success,
250,apk_cluster,psm,-0.011667564171602944,success,
250,apk_cluster,logistic_regression,-0.04709628995200846,success,
250,apk_cluster,doubly_robust,-0.01908346191590877,success,
251,row,psm,0.003134418324291742,success,
251,row,logistic_regression,-0.04316167928463414,success,
251,row,doubly_robust,-0.03470808353438677,success,
251,apk_cluster,psm,0.10988060218030801,success,
251,apk_cluster,logistic_regression,-0.004030420621121611,success,
251,apk_cluster,doubly_robust,-0.004539175381269586,success,
252,row,psm,0.07154912597950573,success,
252,row,logistic_regression,-0.01311969185190238,success,
252,row,doubly_robust,-0.014081086506896738,success,
252,apk_cluster,psm,0.13188536953242835,success,
252,apk_cluster,logistic_regression,0.13750073521690429,success,
252,apk_cluster,doubly_robust,0.06192593117557423,success,
253,row,psm,0.024954792043399638,success,
253,row,logistic_regression,-0.016118807135340914,success,
253,row,doubly_robust,-0.00923986964095961,success,
253,apk_cluster,psm,0.05169501749306309,success,
253,apk_cluster,logistic_regression,-0.1078977755194107,success,
253,apk_cluster,doubly_robust,-0.04456854426545209,success,
254,row,psm,0.02314647377938517,success,
254,row,logistic_regression,-0.026362704377812057,success,
254,row,doubly_robust,-0.026491729017337883,success,
254,apk_cluster,psm,-0.01566136234983332,success,
254,apk_cluster,logistic_regression,-0.09595364383689424,success,
254,apk_cluster,doubly_robust,-0.08153096558359113,success,
255,row,psm,-0.0351416515973478,success,
255,row,logistic_regression,-0.004614356771626193,success,
255,row,doubly_robust,0.002791356823097351,success,
255,apk_cluster,psm,0.06493108728943338,success,
255,apk_cluster,logistic_regression,-0.05364909261922303,success,
255,apk_cluster,doubly_robust,-0.02353408398194693,success,
256,row,psm,-0.019409282700421943,success,
256,row,logistic_regression,-0.029701863433422293,success,
256,row,doubly_robust,-0.020093766193345953,success,
256,apk_cluster,psm,0.051822976381563864,success,
256,apk_cluster,logistic_regression,-0.015354555409086186,success,
256,apk_cluster,doubly_robust,-0.033846936050156234,success,
257,row,psm,-0.02808921036769138,success,
257,row,logistic_regression,-0.03576574151316828,success,
257,row,doubly_robust,-0.021541927010650233,success,
257,apk_cluster,psm,0.11715872916796705,success,
257,apk_cluster,logistic_regression,-0.020054697510330715,success,
257,apk_cluster,doubly_robust,-0.016516310418589326,success,
258,row,psm,-0.06178420735382761,success,
258,row,logistic_regression,-0.036891129084519365,success,
258,row,doubly_robust,-0.0335546368936939,success,
258,apk_cluster,psm,0.05948769801145939,success,
258,apk_cluster,logistic_regression,-0.007903769394462903,success,
258,apk_cluster,doubly_robust,-0.04684558742798262,success,
259,row,psm,-0.06955997588908981,success,
259,row,logistic_regression,-0.013336207810468539,success,
259,row,doubly_robust,-0.011726702939780622,success,
259,apk_cluster,psm,-0.062172284644194754,success,
259,apk_cluster,logistic_regression,0.017681683685352025,success,
259,apk_cluster,doubly_robust,-0.024952406346780094,success,
260,row,psm,0.01181434599156118,success,
260,row,logistic_regression,-0.05421086564121536,success,
260,row,doubly_robust,-0.03737119217832368,success,
260,apk_cluster,psm,0.04860880168495732,success,
260,apk_cluster,logistic_regression,0.07150262149789711,success,
260,apk_cluster,doubly_robust,0.008223798889441808,success,
261,row,psm,0.026280892103676914,success,
261,row,logistic_regression,-0.01909596436344853,success,
261,row,doubly_robust,-0.017412703878558325,success,
261,apk_cluster,psm,0.05241958359335111,success,
261,apk_cluster,logistic_regression,-0.016788108929362493,success,
261,apk_cluster,doubly_robust,-0.05774883079921547,success,
262,row,psm,-0.014345991561181435,success,
262,row,logistic_regression,-0.020364362319903226,success,
262,row,doubly_robust,-0.005085125291526887,success,
262,apk_cluster,psm,0.06614513769636837,success,
262,apk_cluster,logistic_regression,-0.08026864559519686,success,
262,apk_cluster,doubly_robust,-0.06674258432472524,success,
263,row,psm,-0.03893911995177818,success,
263,row,logistic_regression,-0.05660769605694911,success,
263,row,doubly_robust,-0.043233849214278135,success,
263,apk_cluster,psm,0.08198047258651568,success,
263,apk_cluster,logistic_regression,-0.028782435014726503,success,
263,apk_cluster,doubly_robust,-0.044572882471419786,success,
264,row,psm,0.04719710669077758,success,
264,row,logistic_regression,-0.02887541309240326,success,
264,row,doubly_robust,-0.018723686653390855,success,
264,apk_cluster,psm,-0.029320499018428217,success,
264,apk_cluster,logistic_regression,-0.17680659233314772,success,
264,apk_cluster,doubly_robust,-0.15872652233440404,success,
265,row,psm,-0.01681735985533454,success,
265,row,logistic_regression,-0.043585189570152054,success,
265,row,doubly_robust,-0.037607450466425725,success,
265,apk_cluster,psm,0.09533302063789868,success,
265,apk_cluster,logistic_regression,-0.00023378625680997662,success,
265,apk_cluster,doubly_robust,-0.023736150540144038,success,
266,row,psm,0.042073538276069924,success,
266,row,logistic_regression,-0.026008933880136257,success,
266,row,doubly_robust,-0.020516595852763452,success,
266,apk_cluster,psm,0.11800358711113862,success,
266,apk_cluster,logistic_regression,-0.06014842231605115,success,
266,apk_cluster,doubly_robust,-0.04903786435426,success,
267,row,psm,-0.010126582278481013,success,
267,row,logistic_regression,-0.02718176168010124,success,
267,row,doubly_robust,-0.0206729854181154,success,
267,apk_cluster,psm,0.07967442393671902,success,
267,apk_cluster,logistic_regression,-0.12555454860129667,success,
267,apk_cluster,doubly_robust,-0.09221557608523816,success,
268,row,psm,0.047076552139843277,success,
268,row,logistic_regression,-0.055391598179459205,success,
268,row,doubly_robust,-0.04729660873123107,success,
268,apk_cluster,psm,-0.008547537937441932,success,
268,apk_cluster,logistic_regression,-0.07995652616876406,success,
268,apk_cluster,doubly_robust,-0.057864866804573874,success,
269,row,psm,0.033574442435201926,success,
269,row,logistic_regression,-0.033353244979592425,success,
269,row,doubly_robust,-0.02568993036440735,success,
269,apk_cluster,psm,0.08730255164034022,success,
269,apk_cluster,logistic_regression,-0.1437902842076805,success,
269,apk_cluster,doubly_robust,-0.025827106964719022,success,
270,row,psm,0.02224231464737794,success,
270,row,logistic_regression,-0.019418885651476953,success,
270,row,doubly_robust,-0.016671612250403624,success,
270,apk_cluster,psm,0.06717258552202526,success,
270,apk_cluster,logistic_regression,-0.05622997953460327,success,
270,apk_cluster,doubly_robust,-0.02332027402930238,success,
271,row,psm,0.003134418324291742,success,
271,row,logistic_regression,-0.027228281542829046,success,
271,row,doubly_robust,-0.015478973364305362,success,
271,apk_cluster,psm,0.06807320200489568,success,
271,apk_cluster,logistic_regression,0.049620977133802244,success,
271,apk_cluster,doubly_robust,-0.00034624731300763294,success,
272,row,psm,0.03158529234478601,success,
272,row,logistic_regression,-0.022666824024214362,success,
272,row,doubly_robust,-0.014838253736721907,success,
272,apk_cluster,psm,-0.01157618960580028,success,
272,apk_cluster,logistic_regression,-0.06172632532661603,success,
272,apk_cluster,doubly_robust,-0.02650567702757091,success,
273,row,psm,-0.003194695599758891,success,
273,row,logistic_regression,-0.028078643672681935,success,
273,row,doubly_robust,-0.009183944790314279,success,
273,apk_cluster,psm,0.06067988041191453,success,
273,apk_cluster,logistic_regression,0.00743086294689208,success,
273,apk_cluster,doubly_robust,-0.0027627435976468337,success,
274,row,psm,-0.04321880650994575,success,
274,row,logistic_regression,-0.0375099789878673,success,
274,row,doubly_robust,-0.01865842028178447,success,
274,apk_cluster,psm,0.11984223300970874,success,
274,apk_cluster,logistic_regression,0.034897790068302674,success,
274,apk_cluster,doubly_robust,-0.011819418979063754,success,
275,row,psm,-0.08541289933694997,success,
275,row,logistic_regression,-0.03568752016877299,success,
275,row,doubly_robust,-0.023786774549221568,success,
275,apk_cluster,psm,0.018893229925943205,success,
275,apk_cluster,logistic_regression,0.023311799450561808,success,
275,apk_cluster,doubly_robust,-0.014190595585183239,success,
276,row,psm,0.014345991561181435,success,
276,row,logistic_regression,-0.01327769200820108,success,
276,row,doubly_robust,-0.01013991343188267,success,
276,apk_cluster,psm,0.08047986496262359,success,
276,apk_cluster,logistic_regression,-0.10564145028109638,success,
276,apk_cluster,doubly_robust,-0.08464727093965835,success,
277,row,psm,0.02965641952983725,success,
277,row,logistic_regression,-0.03883463988095555,success,
277,row,doubly_robust,-0.027892516205657008,success,
277,apk_cluster,psm,0.03185829223981313,success,
277,apk_cluster,logistic_regression,-0.1419577937780389,success,
277,apk_cluster,doubly_robust,-0.11544159791559684,success,
278,row,psm,-0.05593731163351417,success,
278,row,logistic_regression,-0.046392429726338745,success,
278,row,doubly_robust,-0.03761429914797993,success,
278,apk_cluster,psm,0.0894998537584089,success,
278,apk_cluster,logistic_regression,0.07558504288321392,success,
278,apk_cluster,doubly_robust,0.03788433786228104,success,
279,row,psm,-0.017179023508137433,success,
279,row,logistic_regression,-0.03192415782356832,success,
279,row,doubly_robust,-0.02521184331971667,success,
279,apk_cluster,psm,-0.0015138772077375945,success,
279,apk_cluster,logistic_regression,-0.02632253107381599,success,
279,apk_cluster,doubly_robust,-0.0013267892507128473,success,
280,row,psm,-0.004581072935503315,success,
280,row,logistic_regression,-0.011842487318345337,success,
280,row,doubly_robust,-0.005115967926569713,success,
280,apk_cluster,psm,0.03248480243161094,success,
280,apk_cluster,logistic_regression,-0.11017698935442563,success,
280,apk_cluster,doubly_robust,-0.07574600558957152,success,
281,row,psm,-0.015852923447860157,success,
281,row,logistic_regression,-0.04212735513442785,success,
281,row,doubly_robust,-0.028660044385988584,success,
281,apk_cluster,psm,0.024718535756965847,success,
281,apk_cluster,logistic_regression,-0.09606533100383287,success,
281,apk_cluster,doubly_robust,-0.0627557762178639,success,
282,row,psm,-0.007233273056057866,success,
282,row,logistic_regression,-0.03799156183445626,success,
282,row,doubly_robust,-0.01929717577610967,success,
282,apk_cluster,psm,0.06815110745549616,success,
282,apk_cluster,logistic_regression,0.054285732157649216,success,
282,apk_cluster,doubly_robust,0.004720643273636575,success,
283,row,psm,0.018384569017480413,success,
283,row,logistic_regression,-0.03281790196577128,success,
283,row,doubly_robust,-0.025871705172398014,success,
283,apk_cluster,psm,0.05345162184640976,success,
283,apk_cluster,logistic_regression,0.022163491955887876,success,
283,apk_cluster,doubly_robust,0.004433803916087182,success,
284,row,psm,-0.058167570825798674,success,
284,row,logistic_regression,-0.03857649599262898,success,
284,row,doubly_robust,-0.036665845849240764,success,
284,apk_cluster,psm,0.013985108449336354,success,
284,apk_cluster,logistic_regression,-0.16911769170319996,success,
284,apk_cluster,doubly_robust,-0.10260753703380578,success,
285,row,psm,0.048945147679324896,success,
285,row,logistic_regression,-0.016201071555564828,success,
285,row,doubly_robust,-0.012387919316476589,success,
285,apk_cluster,psm,0.025787781350482316,success,
285,apk_cluster,logistic_regression,-0.1213025310687121,success,
285,apk_cluster,doubly_robust,-0.055955314780600555,success,
286,row,psm,-0.02579867389993972,success,
286,row,logistic_regression,-0.045016593202521916,success,
286,row,doubly_robust,-0.035357940874380704,success,
286,apk_cluster,psm,0.053576668035913384,success,
286,apk_cluster,logistic_regression,0.09255911273251505,success,
286,apk_cluster,doubly_robust,0.04617272271694566,success,
287,row,psm,0.01778179626280892,success,
287,row,logistic_regression,-0.02174622234794164,success,
287,row,doubly_robust,-0.01976276984632598,success,
287,apk_cluster,psm,0.03847697689087677,success,
287,apk_cluster,logistic_regression,-0.02450562160326685,success,
287,apk_cluster,doubly_robust,-0.030111336332750264,success,
288,row,psm,0.026823387582881254,success,
288,row,logistic_regression,-0.02211123684738483,success,
288,row,doubly_robust,-0.018728717706056098,success,
288,apk_cluster,psm,0.056276523771449656,success,
288,apk_cluster,logistic_regression,0.06439017837553014,success,
288,apk_cluster,doubly_robust,0.04845939943534485,success,
289,row,psm,0.0038577456298975288,success,
289,row,logistic_regression,-0.041395404152937375,success,
289,row,doubly_robust,-0.042456183962255964,success,
289,apk_cluster,psm,0.024178513167093917,success,
289,apk_cluster,logistic_regression,-0.070410801466938,success,
289,apk_cluster,doubly_robust,-0.054997428237999156,success,
290,row,psm,-0.037070524412296565,success,
290,row,logistic_regression,-0.028211535168524895,success,
290,row,doubly_robust,-0.01091136820865324,success,
290,apk_cluster,psm,-0.007408768062698996,success,
290,apk_cluster,logistic_regression,0.12346604991980291,success,
290,apk_cluster,doubly_robust,0.07431101204896179,success,
291,row,psm,0.05623869801084991,success,
291,row,logistic_regression,-0.011358313304804895,success,
291,row,doubly_robust,0.0003804603298506185,success,
291,apk_cluster,psm,-0.012126255721333887,success,
291,apk_cluster,logistic_regression,-0.14488336189829515,success,
291,apk_cluster,doubly_robust,-0.12547770161915794,success,
292,row,psm,0.02001205545509343,success,
292,row,logistic_regression,-0.023362908315927987,success,
292,row,doubly_robust,-0.021220669444112137,success,
292,apk_cluster,psm,0.004885197850512946,success,
292,apk_cluster,logistic_regression,-0.04046239876416423,success,
292,apk_cluster,doubly_robust,-0.021789805865339795,success,
293,row,psm,-0.050452079566003616,success,
293,row,logistic_regression,-0.03198565350059784,success,
293,row,doubly_robust,-0.03029410398842941,success,
293,apk_cluster,psm,-0.01002710027100271,success,
293,apk_cluster,logistic_regression,-0.15919808963017473,success,
293,apk_cluster,doubly_robust,-0.14307511192984623,success,
294,row,psm,-0.015250150693188668,success,
294,row,logistic_regression,-0.04037476450925566,success,
294,row,doubly_robust,-0.033947056703916775,success,
294,apk_cluster,psm,0.06257765729131368,success,
294,apk_cluster,logistic_regression,-0.14328104065781969,success,
294,apk_cluster,doubly_robust,-0.12343472183296895,success,
295,row,psm,-0.0462326702833032,success,
295,row,logistic_regression,-0.030102414084456647,success,
295,row,doubly_robust,-0.025064442956734077,success,
295,apk_cluster,psm,0.11789851929868038,success,
295,apk_cluster,logistic_regression,0.014599665309724933,success,
295,apk_cluster,doubly_robust,0.002603648161758238,success,
296,row,psm,-0.027305605786618444,success,
296,row,logistic_regression,-0.05545349636872279,success,
296,row,doubly_robust,-0.05094596798842832,success,
296,apk_cluster,psm,0.0138141254296647,success,
296,apk_cluster,logistic_regression,-0.06505727912725114,success,
296,apk_cluster,doubly_robust,-0.027267353088300573,success,
297,row,psm,0.025557564798071128,success,
297,row,logistic_regression,-0.02665931381213929,success,
297,row,doubly_robust,-0.019414617548517664,success,
297,apk_cluster,psm,0.011936662606577345,success,
297,apk_cluster,logistic_regression,-0.0858139117210165,success,
297,apk_cluster,doubly_robust,-0.07394300291175154,success,
298,row,psm,-0.034358047016274866,success,
298,row,logistic_regression,-0.023284952257353376,success,
298,row,doubly_robust,-0.008905039777133675,success,
298,apk_cluster,psm,0.09278591007173266,success,
298,apk_cluster,logistic_regression,0.021817798174004387,success,
298,apk_cluster,doubly_robust,0.016332602432692488,success,
299,row,psm,-0.011754068716094032,success,
299,row,logistic_regression,-0.031799788525662454,success,
299,row,doubly_robust,-0.020726445464224908,success,
299,apk_cluster,psm,0.05815032477575008,success,
299,apk_cluster,logistic_regression,-0.16029814215033608,success,
299,apk_cluster,doubly_robust,-0.12720658051063807,success,
300,row,psm,0.05961422543701025,success,
300,row,logistic_regression,-0.009939574055328424,success,
300,row,doubly_robust,-0.006269321153929804,success,
300,apk_cluster,psm,0.04350936524453694,success,
300,apk_cluster,logistic_regression,-0.016434412410247887,success,
300,apk_cluster,doubly_robust,0.014805730046300597,success,
301,row,psm,0.018203737191078963,success,
301,row,logistic_regression,-0.030163752119712506,success,
301,row,doubly_robust,-0.02603454828957493,success,
301,apk_cluster,psm,0.10814108896507642,success,
301,apk_cluster,logistic_regression,-0.07186028146357927,success,
301,apk_cluster,doubly_robust,-0.025505847811830493,success,
302,row,psm,-0.05009041591320072,success,
302,row,logistic_regression,-0.032098248082054893,success,
302,row,doubly_robust,-0.021077376857347018,success,
302,apk_cluster,psm,0.0445612717486544,success,
302,apk_cluster,logistic_regression,-0.007421294190168278,success,
302,apk_cluster,doubly_robust,-0.03860351156209108,success,
303,row,psm,0.01295961422543701,success,
303,row,logistic_regression,-0.021599159598112923,success,
303,row,doubly_robust,-0.020595449750787875,success,
303,apk_cluster,psm,-0.05172200198216056,success,
303,apk_cluster,logistic_regression,-0.038936047245656,success,
303,apk_cluster,doubly_robust,-0.0642850203256909,success,
304,row,psm,0.010669077757685353,success,
304,row,logistic_regression,-0.01662464836481706,success,
304,row,doubly_robust,-0.011434460289708065,success,
304,apk_cluster,psm,0.07847778587035688,success,
304,apk_cluster,logistic_regression,-0.05041088285206928,success,
304,apk_cluster,doubly_robust,-0.018137281205562347,success,
305,row,psm,0.09758890898131405,success,
305,row,logistic_regression,-0.01833046511713193,success,
305,row,doubly_robust,-0.02088572082311934,success,
305,apk_cluster,psm,0.06533532041728764,success,
305,apk_cluster,logistic_regression,-0.0387177426689774,success,
305,apk_cluster,doubly_robust,-0.02051528957357646,success,
306,row,psm,0.017480409885473176,success,
306,row,logistic_regression,-0.04159454065102599,success,
306,row,doubly_robust,-0.022435362237110165,success,
306,apk_cluster,psm,-0.019467019467019467,success,
306,apk_cluster,logistic_regression,-0.10244113000186181,success,
306,apk_cluster,doubly_robust,-0.05809520890019628,success,
307,row,psm,-0.047619047619047616,success,
307,row,logistic_regression,-0.03130807521813199,success,
307,row,doubly_robust,-0.01680437542438366,success,
307,apk_cluster,psm,-0.07371483996120272,success,
307,apk_cluster,logistic_regression,-0.19150830516983736,success,
307,apk_cluster,doubly_robust,-0.17028161287590557,success,
308,row,psm,0.024050632911392405,success,
308,row,logistic_regression,-0.044417711081365954,success,
308,row,doubly_robust,-0.03131992310337263,success,
308,apk_cluster,psm,0.012605579728692091,success,
308,apk_cluster,logistic_regression,-0.036324523473029294,success,
308,apk_cluster,doubly_robust,-0.010570916021781195,success,
309,row,psm,-0.02314647377938517,success,
309,row,logistic_regression,-0.04036531393925198,success,
309,row,doubly_robust,-0.030825252607850535,success,
309,apk_cluster,psm,0.07024018391917236,success,
309,apk_cluster,logistic_regression,0.034317084367684596,success,
309,apk_cluster,doubly_robust,-0.02180994813827341,success,
310,row,psm,0.002833031946955998,success,
310,row,logistic_regression,-0.046976676226698474,success,
310,row,doubly_robust,-0.04015285272788373,success,
310,apk_cluster,psm,0.08866596049598106,success,
310,apk_cluster,logistic_regression,-0.026235795972803826,success,
310,apk_cluster,doubly_robust,-0.029450292996843517,success,
311,row,psm,-0.04267631103074141,success,
311,row,logistic_regression,-0.01884911113383775,success,
311,row,doubly_robust,-0.01469282476509213,success,
311,apk_cluster,psm,0.00696541946618998,success,
311,apk_cluster,logistic_regression,-0.09409266557090547,success,
311,apk_cluster,doubly_robust,-0.07705718906290322,success,
312,row,psm,0.02513562386980108,success,
312,row,logistic_regression,-0.02927942526611172,success,
312,row,doubly_robust,-0.03461910772008328,success,
312,apk_cluster,psm,0.059725903784332526,success,
312,apk_cluster,logistic_regression,0.06515081952351791,success,
312,apk_cluster,doubly_robust,-0.0038576036872582276,success,
313,row,psm,0.0241711874623267,success,
313,row,logistic_regression,-0.0022941487399970083,success,
313,row,doubly_robust,0.006427923507754854,success,
313,apk_cluster,psm,0.09685415805937556,success,
313,apk_cluster,logistic_regression,0.038340275845355855,success,
313,apk_cluster,doubly_robust,-0.005925059834304956,success,
314,row,psm,-0.028330319469559977,success,
314,row,logistic_regression,-0.023181967469394736,success,
314,row,doubly_robust,-0.02852906793661523,success,
314,apk_cluster,psm,0.10990563009565386,success,
314,apk_cluster,logistic_regression,-0.10416169783272228,success,
314,apk_cluster,doubly_robust,-0.0655989937164093,success,
315,row,psm,0.054370102471368295,success,
315,row,logistic_regression,-0.019891487200158688,success,
315,row,doubly_robust,-0.014690350947256353,success,
315,apk_cluster,psm,0.06966995335655665,success,
315,apk_cluster,logistic_regression,-0.045453868667483605,success,
315,apk_cluster,doubly_robust,-0.0006630690248192225,success,
316,row,psm,-0.05244122965641953,success,
316,row,logistic_regression,-0.03766294278896527,success,
316,row,doubly_robust,-0.023311673236693913,success,
316,apk_cluster,psm,0.04237390152883111,success,
316,apk_cluster,logistic_regression,0.061841202299457124,success,
316,apk_cluster,doubly_robust,0.01613661513447128,success,
317,row,psm,0.03031946955997589,success,
317,row,logistic_regression,-0.016045220355668313,success,
317,row,doubly_robust,-0.010824951627304387,success,
317,apk_cluster,psm,0.08130807719799857,success,
317,apk_cluster,logistic_regression,-0.07714904975689887,success,
317,apk_cluster,doubly_robust,-0.07048441685581805,success,
318,row,psm,0.010729355033152501,success,
318,row,logistic_regression,-0.02488678133062815,success,
318,row,doubly_robust,-0.014276462339484685,success,
318,apk_cluster,psm,0.014293215098302316,success,
318,apk_cluster,logistic_regression,0.03486426267354093,success,
318,apk_cluster,doubly_robust,0.023109170592237833,success,
319,row,psm,-0.04779987944544906,success,
319,row,logistic_regression,-0.050067324137530095,success,
319,row,doubly_robust,-0.04017244786112892,success,
319,apk_cluster,psm,0.01841049945315348,success,
319,apk_cluster,logistic_regression,-0.11233369968683966,success,
319,apk_cluster,doubly_robust,-0.018604905971755504,success,
320,row,psm,-0.004942736588306209,success,
320,row,logistic_regression,-0.028541578949862735,success,
320,row,doubly_robust,-0.020244686624896827,success,
320,apk_cluster,psm,0.045860559918470115,success,
320,apk_cluster,logistic_regression,-0.0021968680001846308,success,
320,apk_cluster,doubly_robust,0.016827730867228486,success,
321,row,psm,0.007233273056057866,success,
321,row,logistic_regression,-0.04482516477585106,success,
321,row,doubly_robust,-0.035335092774885675,success,
321,apk_cluster,psm,0.18402548230061902,success,
321,apk_cluster,logistic_regression,-0.02245292383463202,success,
321,apk_cluster,doubly_robust,-0.0012802560774870524,success,
322,row,psm,0.02278481012658228,success,
322,row,logistic_regression,-0.03732125424230718,success,
322,row,doubly_robust,-0.03455744625191328,success,
322,apk_cluster,psm,-0.015172413793103448,success,
322,apk_cluster,logistic_regression,-0.08718996580143426,success,
322,apk_cluster,doubly_robust,-0.06414958003558421,success,
323,row,psm,-0.06763110307414105,success,
323,row,logistic_regression,-0.03843226296786926,success,
323,row,doubly_robust,-0.02314302414146808,success,
323,apk_cluster,psm,0.05622999335628435,success,
323,apk_cluster,logistic_regression,-0.1191079967922952,success,
323,apk_cluster,doubly_robust,-0.08858919008277309,success,
324,row,psm,-0.057745629897528634,success,
324,row,logistic_regression,-0.030035128920946844,success,
324,row,doubly_robust,-0.00597769093288558,success,
324,apk_cluster,psm,0.07316764687282616,success,
324,apk_cluster,logistic_regression,-0.01892995361412627,success,
324,apk_cluster,doubly_robust,-0.011415386485351677,success,
325,row,psm,0.06913803496081977,success,
325,row,logistic_regression,-0.02575550825695467,success,
325,row,doubly_robust,-0.020096329622133893,success,
325,apk_cluster,psm,0.01254630182817541,success,
325,apk_cluster,logistic_regression,0.06590944543539805,success,
325,apk_cluster,doubly_robust,0.04843202069969908,success,
326,row,psm,-0.054249547920433995,success,
326,row,logistic_regression,-0.0656193034957524,success,
326,row,doubly_robust,-0.04867171370083704,success,
326,apk_cluster,psm,-0.01166262888050031,success,
326,apk_cluster,logistic_regression,-0.02119759445108869,success,
326,apk_cluster,doubly_robust,-0.03357367237360515,success,
327,row,psm,0.02760699216395419,success,
327,row,logistic_regression,-0.04689791236850073,success,
327,row,doubly_robust,-0.038906313469045856,success,
327,apk_cluster,psm,-0.005411499436302142,success,
327,apk_cluster,logistic_regression,-0.08085191118458511,success,
327,apk_cluster,doubly_robust,-0.03842739220769948,success,
328,row,psm,0.007775768535262206,success,
328,row,logistic_regression,-0.03008675224457126,success,
328,row,doubly_robust,-0.01438215676654834,success,
328,apk_cluster,psm,0.0897367326320794,success,
328,apk_cluster,logistic_regression,0.09832210856824171,success,
328,apk_cluster,doubly_robust,0.050505575084667305,success,
329,row,psm,0.0351416515973478,success,
329,row,logistic_regression,-0.0382441161267873,success,
329,row,doubly_robust,-0.04143112887427271,success,
329,apk_cluster,psm,0.04279239507916888,success,
329,apk_cluster,logistic_regression,0.004392132730972177,success,
329,apk_cluster,doubly_robust,-0.02156562296484514,success,
330,row,psm,-0.021518987341772152,success,
330,row,logistic_regression,-0.04132428583946313,success,
330,row,doubly_robust,-0.03878638309431805,success,
330,apk_cluster,psm,0.006344171292624901,success,
330,apk_cluster,logistic_regression,0.04223163974230558,success,
330,apk_cluster,doubly_robust,-0.01355066022642595,success,
331,row,psm,0.040325497287522605,success,
331,row,logistic_regression,-0.026961202084175524,success,
331,row,doubly_robust,-0.012837789307390175,success,
331,apk_cluster,psm,0.020273782706636632,success,
331,apk_cluster,logistic_regression,-0.00041889197400151113,success,
331,apk_cluster,doubly_robust,-0.013531125841911776,success,
332,row,psm,-0.015189873417721518,success,
332,row,logistic_regression,-0.03947962896043805,success,
332,row,doubly_robust,-0.030996484563998217,success,
332,apk_cluster,psm,0.058496672162178666,success,
332,apk_cluster,logistic_regression,-0.04833625039160199,success,
332,apk_cluster,doubly_robust,-0.04275900419209875,success,
333,row,psm,0.013321277878239904,success,
333,row,logistic_regression,-0.02073970842723282,success,
333,row,doubly_robust,-0.023932819149904555,success,
333,apk_cluster,psm,0.042257531750099664,success,
333,apk_cluster,logistic_regression,0.054191467818013095,success,
333,apk_cluster,doubly_robust,-0.027882980075130896,success,
334,row,psm,-0.006148282097649186,success,
334,row,logistic_regression,-0.030469574981709647,success,
334,row,doubly_robust,-0.01902444155694035,success,
334,apk_cluster,psm,0.09913842619184376,success,
334,apk_cluster,logistic_regression,0.0035590400940254127,success,
334,apk_cluster,doubly_robust,0.0014572531710377462,success,
335,row,psm,-0.015009041591320072,success,
335,row,logistic_regression,-0.04436253094999499,success,
335,row,doubly_robust,-0.03001169235680321,success,
335,apk_cluster,psm,0.05173623290073658,success,
335,apk_cluster,logistic_regression,-0.015224594160945801,success,
335,apk_cluster,doubly_robust,-0.002996456599812008,success,
336,row,psm,0.028330319469559977,success,
336,row,logistic_regression,-0.011749496114861138,success,
336,row,doubly_robust,-0.005258956709123948,success,
336,apk_cluster,psm,0.015670306619779136,success,
336,apk_cluster,logistic_regression,0.040596340006586185,success,
336,apk_cluster,doubly_robust,0.00840874606986502,success,
337,row,psm,-0.01946955997588909,success,
337,row,logistic_regression,-0.029460611459900813,success,
337,row,doubly_robust,-0.02624195305261849,success,
337,apk_cluster,psm,0.09106228935214081,success,
337,apk_cluster,logistic_regression,-0.11676832172260873,success,
337,apk_cluster,doubly_robust,-0.10338178472750612,success,
338,row,psm,-0.0056660638939119955,success,
338,row,logistic_regression,-0.009796793689350151,success,
338,row,doubly_robust,-0.009758902107591613,success,
338,apk_cluster,psm,0.12045036508555822,success,
338,apk_cluster,logistic_regression,-0.006276657737049492,success,
338,apk_cluster,doubly_robust,0.017615314412760506,success,
339,row,psm,-0.010006027727546715,success,
339,row,logistic_regression,-0.030814672243797497,success,
339,row,doubly_robust,-0.028567398224332335,success,
339,apk_cluster,psm,-0.029183366733466935,success,
339,apk_cluster,logistic_regression,-0.05051552683441837,success,
339,apk_cluster,doubly_robust,-0.039712815864552234,success,
340,row,psm,-0.002531645569620253,success,
340,row,logistic_regression,-0.03656614046860255,success,
340,row,doubly_robust,-0.02566560715517401,success,
340,apk_cluster,psm,0.07450476246128675,success,
340,apk_cluster,logistic_regression,0.019654452073320623,success,
340,apk_cluster,doubly_robust,-0.020390565660983916,success,
341,row,psm,0.03188667872212176,success,
341,row,logistic_regression,-0.01714929866497416,success,
341,row,doubly_robust,-0.011136403994959056,success,
341,apk_cluster,psm,0.05264707614392557,success,
341,apk_cluster,logistic_regression,-0.1318956285897377,success,
341,apk_cluster,doubly_robust,-0.06719221706066965,success,
342,row,psm,-0.013080168776371307,success,
342,row,logistic_regression,-0.023764100032160538,success,
342,row,doubly_robust,-0.020827302720001148,success,
342,apk_cluster,psm,0.06239550991163124,success,
342,apk_cluster,logistic_regression,-0.060682862819863244,success,
342,apk_cluster,doubly_robust,-0.05859667902032214,success,
343,row,psm,-0.049487643158529236,success,
343,row,logistic_regression,-0.041835582208569484,success,
343,row,doubly_robust,-0.03339682626171599,success,
343,apk_cluster,psm,0.002508565834557024,success,
343,apk_cluster,logistic_regression,-0.03737765958780733,success,
343,apk_cluster,doubly_robust,-0.021094096181553224,success,
344,row,psm,-0.04418324291742013,success,
344,row,logistic_regression,-0.020560478599192494,success,
344,row,doubly_robust,-0.019890042682165248,success,
344,apk_cluster,psm,0.02229523586012673,success,
344,apk_cluster,logistic_regression,0.01093458898127738,success,
344,apk_cluster,doubly_robust,0.025378939171367767,success,
345,row,psm,-0.05135623869801085,success,
345,row,logistic_regression,-0.008937887305325314,success,
345,row,doubly_robust,0.003238064746018803,success,
345,apk_cluster,psm,0.0736860284382016,success,
345,apk_cluster,logistic_regression,-0.02550829407182108,success,
345,apk_cluster,doubly_robust,-0.007806179617157745,success,
346,row,psm,0.011693791440626882,success,
346,row,logistic_regression,-0.036381554979285045,success,
346,row,doubly_robust,-0.028881941696212696,success,
346,apk_cluster,psm,0.0884868623469325,success,
346,apk_cluster,logistic_regression,-0.13288545416056832,success,
346,apk_cluster,doubly_robust,-0.11616092932033857,success,
347,row,psm,-0.05093429776974081,success,
347,row,logistic_regression,-0.04407326505698223,success,
347,row,doubly_robust,-0.040438275119790305,success,
347,apk_cluster,psm,-0.026768523694180486,success,
347,apk_cluster,logistic_regression,-0.1260848467257662,success,
347,apk_cluster,doubly_robust,-0.06268890539468462,success,
348,row,psm,0.027787823990355637,success,
348,row,logistic_regression,-0.03999655359034261,success,
348,row,doubly_robust,-0.034900721144862465,success,
348,apk_cluster,psm,0.07395600892572521,success,
348,apk_cluster,logistic_regression,-0.05163959726097845,success,
348,apk_cluster,doubly_robust,-0.04917009603218968,success,
349,row,psm,0.05485232067510549,success,
349,row,logistic_regression,-0.030185498616301987,success,
349,row,doubly_robust,-0.019271735567389463,success,
349,apk_cluster,psm,0.08672619047619047,success,
349,apk_cluster,logistic_regression,-0.0027034006982430835,success,
349,apk_cluster,doubly_robust,0.027078400156459605,success,
350,row,psm,-0.009101868595539481,success,
350,row,logistic_regression,-0.04774029667295331,success,
350,row,doubly_robust,-0.03839568897288196,success,
350,apk_cluster,psm,0.08675962340603027,success,
350,apk_cluster,logistic_regression,-0.16833695245846628,success,
350,apk_cluster,doubly_robust,-0.13973004368149453,success,
351,row,psm,0.027848101265822787,success,
351,row,logistic_regression,-0.03864281781689132,success,
351,row,doubly_robust,-0.03929901944127641,success,
351,apk_cluster,psm,-0.029253766203433375,success,
351,apk_cluster,logistic_regression,-0.1003185228455792,success,
351,apk_cluster,doubly_robust,-0.08645700327326768,success,
352,row,psm,-0.0004219409282700422,success,
352,row,logistic_regression,-0.03257065275754973,success,
352,row,doubly_robust,-0.02312355317739344,success,
352,apk_cluster,psm,0.08109537521302228,success,
352,apk_cluster,logistic_regression,-0.1724878469603926,success,
352,apk_cluster,doubly_robust,-0.10475300662421277,success,
353,row,psm,0.030560578661844483,success,
353,row,logistic_regression,-0.057276192462809815,success,
353,row,doubly_robust,-0.046899178103622374,success,
353,apk_cluster,psm,0.05828323313293253,success,
353,apk_cluster,logistic_regression,0.0203696232842032,success,
353,apk_cluster,doubly_robust,0.030082488688595217,success,
354,row,psm,-0.05310427968655817,success,
354,row,logistic_regression,-0.014076420406012875,success,
354,row,doubly_robust,-0.00520938073652411,success,
354,apk_cluster,psm,0.13479735761471165,success,
354,apk_cluster,logistic_regression,-0.005799583326474679,success,
354,apk_cluster,doubly_robust,-0.022892925622094683,success,
355,row,psm,-0.007172995780590718,success,
355,row,logistic_regression,-0.038544046616348714,success,
355,row,doubly_robust,-0.03609385564332774,success,
355,apk_cluster,psm,0.09167197175762486,success,
355,apk_cluster,logistic_regression,0.05164389886774958,success,
355,apk_cluster,doubly_robust,-0.0056711392478421205,success,
356,row,psm,-0.06305003013863773,success,
356,row,logistic_regression,-0.04674709921328481,success,
356,row,doubly_robust,-0.0448834135980397,success,
356,apk_cluster,psm,0.11404388016482904,success,
356,apk_cluster,logistic_regression,0.07871278751035042,success,
356,apk_cluster,doubly_robust,0.01716417320373102,success,
357,row,psm,0.027787823990355637,success,
357,row,logistic_regression,-0.023950161952708958,success,
357,row,doubly_robust,-0.01101949144918512,success,
357,apk_cluster,psm,0.05812320654496612,success,
357,apk_cluster,logistic_regression,-0.05793732951034004,success,
357,apk_cluster,doubly_robust,-0.04154154797920047,success,
358,row,psm,0.006992163954189271,success,
358,row,logistic_regression,-0.03492507864454029,success,
358,row,doubly_robust,-0.02218277545117088,success,
358,apk_cluster,psm,0.05573132148941348,success,
358,apk_cluster,logistic_regression,-0.04303646151899594,success,
358,apk_cluster,doubly_robust,-0.05169631544974955,success,
359,row,psm,-0.036407474382157926,success,
359,row,logistic_regression,-0.05449442568332252,success,
359,row,doubly_robust,-0.05110408750420161,success,
359,apk_cluster,psm,0.06672328035909256,success,
359,apk_cluster,logistic_regression,-0.1435267547460562,success,
359,apk_cluster,doubly_robust,-0.08772146982794937,success,
360,row,psm,-0.072875226039783,success,
360,row,logistic_regression,-0.051951293892396784,success,
360,row,doubly_robust,-0.045642848690149604,success,
360,apk_cluster,psm,0.0030069290103281474,success,
360,apk_cluster,logistic_regression,-0.08865172973897116,success,
360,apk_cluster,doubly_robust,-0.0204622582654176,success,
361,row,psm,-0.012115732368896926,success,
361,row,logistic_regression,-0.04413507521566363,success,
361,row,doubly_robust,-0.029314795784291265,success,
361,apk_cluster,psm,0.07450340442293625,success,
361,apk_cluster,logistic_regression,0.011092587629601072,success,
361,apk_cluster,doubly_robust,-0.026284658748701544,success,
362,row,psm,-0.0065099457504520794,success,
362,row,logistic_regression,-0.048099990757638794,success,
362,row,doubly_robust,-0.03917799152842823,success,
362,apk_cluster,psm,0.011445894945245314,success,
362,apk_cluster,logistic_regression,-0.1785343191085836,success,
362,apk_cluster,doubly_robust,-0.13923995635052544,success,
363,row,psm,0.0014466546112115732,success,
363,row,logistic_regression,-0.03747436912829804,success,
363,row,doubly_robust,-0.025708069427075465,success,
363,apk_cluster,psm,0.0052606967500584524,success,
363,apk_cluster,logistic_regression,-0.010717538994333337,success,
363,apk_cluster,doubly_robust,0.030813682188176737,success,
364,row,psm,-0.057745629897528634,success,
364,row,logistic_regression,-0.049358067482699136,success,
364,row,doubly_robust,-0.045661836220930264,success,
364,apk_cluster,psm,-0.016718195350967593,success,
364,apk_cluster,logistic_regression,0.0132103152865653,success,
364,apk_cluster,doubly_robust,-0.033381542603127645,success,
365,row,psm,-0.017661241711874623,success,
365,row,logistic_regression,-0.04125160488019559,success,
365,row,doubly_robust,-0.030577920180524572,success,
365,apk_cluster,psm,0.023243243243243245,success,
365,apk_cluster,logistic_regression,-0.090931785806501,success,
365,apk_cluster,doubly_robust,-0.09491163387336539,success,
366,row,psm,-0.06232670283303195,success,
366,row,logistic_regression,-0.024446616236454374,success,
366,row,doubly_robust,-0.012050260916277629,success,
366,apk_cluster,psm,0.1446124763705104,success,
366,apk_cluster,logistic_regression,0.0006327448857680837,success,
366,apk_cluster,doubly_robust,-0.02869382330612646,success,
367,row,psm,-0.015250150693188668,success,
367,row,logistic_regression,-0.027908021721337335,success,
367,row,doubly_robust,-0.02516714738962189,success,
367,apk_cluster,psm,0.038300880406143566,success,
367,apk_cluster,logistic_regression,-0.12944218386912482,success,
367,apk_cluster,doubly_robust,-0.10944538284442028,success,
368,row,psm,-0.01681735985533454,success,
368,row,logistic_regression,-0.03627274682030946,success,
368,row,doubly_robust,-0.031272841290397424,success,
368,apk_cluster,psm,0.06957583155324992,success,
368,apk_cluster,logistic_regression,0.040135494435729176,success,
368,apk_cluster,doubly_robust,0.00046662464520676395,success,
369,row,psm,0.015370705244122965,success,
369,row,logistic_regression,-0.024090808672764547,success,
369,row,doubly_robust,-0.0246533036680667,success,
369,apk_cluster,psm,0.026826685492410872,success,
369,apk_cluster,logistic_regression,-0.013147577403343854,success,
369,apk_cluster,doubly_robust,-0.027670271884189107,success,
370,row,psm,-0.08191681735985533,success,
370,row,logistic_regression,-0.0424764458687647,success,
370,row,doubly_robust,-0.022140189686226962,success,
370,apk_cluster,psm,0.01737905119774542,success,
370,apk_cluster,logistic_regression,-0.007317882058617231,success,
370,apk_cluster,doubly_robust,-0.02104911863256993,success,
371,row,psm,-0.02230259192284509,success,
371,row,logistic_regression,-0.03235586857007994,success,
371,row,doubly_robust,-0.0167889336790253,success,
371,apk_cluster,psm,0.09314125743613672,success,
371,apk_cluster,logistic_regression,0.06188660762990991,success,
371,apk_cluster,doubly_robust,0.016792857577850293,success,
372,row,psm,0.02917420132610006,success,
372,row,logistic_regression,-0.020430441213833257,success,
372,row,doubly_robust,-0.0105070271893579,success,
372,apk_cluster,psm,0.08180872544820413,success,
372,apk_cluster,logistic_regression,-0.043170987982982016,success,
372,apk_cluster,doubly_robust,0.008035749963827528,success,
373,row,psm,-0.026280892103676918,success,
373,row,logistic_regression,-0.031054629637604938,success,
373,row,doubly_robust,-0.018905122836683504,success,
373,apk_cluster,psm,0.03750509580105993,success,
373,apk_cluster,logistic_regression,0.0691419341202162,success,
373,apk_cluster,doubly_robust,0.03184182862834045,success,
374,row,psm,-0.02326702833031947,success,
374,row,logistic_regression,-0.005563507770044462,success,
374,row,doubly_robust,0.003052068669507319,success,
374,apk_cluster,psm,0.0665360907886399,success,
374,apk_cluster,logistic_regression,0.05944120069660322,success,
374,apk_cluster,doubly_robust,0.01777895627009461,success,
375,row,psm,-0.027667269439421337,success,
375,row,logistic_regression,-0.029963313071007212,success,
375,row,doubly_robust,-0.015161441034039476,success,
375,apk_cluster,psm,0.06596552731522057,success,
375,apk_cluster,logistic_regression,0.023336782548604232,success,
375,apk_cluster,doubly_robust,0.011520972857201892,success,
376,row,psm,-0.015069318866787222,success,
376,row,logistic_regression,-0.025582873084661124,success,
376,row,doubly_robust,-0.014441896106001733,success,
376,apk_cluster,psm,0.05509834821689138,success,
376,apk_cluster,logistic_regression,0.09550919777902689,success,
376,apk_cluster,doubly_robust,0.028616361858153035,success,
377,row,psm,0.03128390596745027,success,
377,row,logistic_regression,-0.022564139211343318,success,
377,row,doubly_robust,-0.014857935185313993,success,
377,apk_cluster,psm,0.08877894965749701,success,
377,apk_cluster,logistic_regression,0.11404419830287332,success,
377,apk_cluster,doubly_robust,0.06111669830497389,success,
378,row,psm,0.034116937914406266,success,
378,row,logistic_regression,-0.004868147108135735,success,
378,row,doubly_robust,0.007129025305295384,success,
378,apk_cluster,psm,-0.06322304488662656,success,
378,apk_cluster,logistic_regression,-0.09633398820514164,success,
378,apk_cluster,doubly_robust,-0.04094631764780404,success,
379,row,psm,0.007293550331525015,success,
379,row,logistic_regression,-0.023203465485832686,success,
379,row,doubly_robust,-0.022462631945159284,success,
379,apk_cluster,psm,0.06466570587129519,success,
379,apk_cluster,logistic_regression,0.0008134658532579265,success,
379,apk_cluster,doubly_robust,-0.012641099241892844,success,
380,row,psm,0.050030138637733576,success,
380,row,logistic_regression,-0.02701431474289302,success,
380,row,doubly_robust,-0.015912620231448783,success,
380,apk_cluster,psm,0.033884521550555706,success,
380,apk_cluster,logistic_regression,-0.060636015579364703,success,
380,apk_cluster,doubly_robust,-0.03324152218915685,success,
381,row,psm,0.06925858951175407,success,
381,row,logistic_regression,-0.016851584609043405,success,
381,row,doubly_robust,-0.011375298791382212,success,
381,apk_cluster,psm,0.16155645856421624,success,
381,apk_cluster,logistic_regression,0.060293476894394966,success,
381,apk_cluster,doubly_robust,-0.007099151294091045,success,
382,row,psm,0.0784207353827607,success,
382,row,logistic_regression,-0.025112412066588458,success,
382,row,doubly_robust,-0.022202738375582873,success,
382,apk_cluster,psm,-0.052187260168841135,success,
382,apk_cluster,logistic_regression,0.04202596440658295,success,
382,apk_cluster,doubly_robust,0.0025114451832036365,success,
383,row,psm,-0.016455696202531647,success,
383,row,logistic_regression,-0.04732671159959515,success,
383,row,doubly_robust,-0.03998482202206727,success,
383,apk_cluster,psm,0.06687262663319818,success,
383,apk_cluster,logistic_regression,-0.09059891749095406,success,
383,apk_cluster,doubly_robust,-0.06512237941169463,success,
384,row,psm,0.03019891500904159,success,
384,row,logistic_regression,-0.023205291787470397,success,
384,row,doubly_robust,-0.01891588866391287,success,
384,apk_cluster,psm,0.06311815378070829,success,
384,apk_cluster,logistic_regression,-0.01975492212508912,success,
384,apk_cluster,doubly_robust,-0.012733362932109402,success,
385,row,psm,0.005545509342977697,success,
385,row,logistic_regression,-0.028216329072895636,success,
385,row,doubly_robust,-0.015320911605377008,success,
385,apk_cluster,psm,0.021146758504017885,success,
385,apk_cluster,logistic_regression,-0.05155914196107139,success,
385,apk_cluster,doubly_robust,-0.040281241375120826,success,
386,row,psm,0.04122965641952984,success,
386,row,logistic_regression,-0.03480390751693128,success,
386,row,doubly_robust,-0.03268490113405861,success,
386,apk_cluster,psm,0.08454998534154207,success,
386,apk_cluster,logistic_regression,-0.02534618488756526,success,
386,apk_cluster,doubly_robust,-0.027636388204974157,success,
387,row,psm,0.04581072935503315,success,
387,row,logistic_regression,-0.017873673789936408,success,
387,row,doubly_robust,-0.012225144304649056,success,
387,apk_cluster,psm,0.09367226839774313,success,
387,apk_cluster,logistic_regression,0.16715810940331655,success,
387,apk_cluster,doubly_robust,0.12360320789301343,success,
388,row,psm,0.06009644364074744,success,
388,row,logistic_regression,-0.032712700858203624,success,
388,row,doubly_robust,-0.03620078001895546,success,
388,apk_cluster,psm,0.031816015252621545,success,
388,apk_cluster,logistic_regression,0.05369500713277706,success,
388,apk_cluster,doubly_robust,0.010120674953885448,success,
389,row,psm,-0.004038577456298975,success,
389,row,logistic_regression,-0.0325343100860188,success,
389,row,doubly_robust,-0.013645220278819363,success,
389,apk_cluster,psm,0.06126273866697903,success,
389,apk_cluster,logistic_regression,-0.04997735743611427,success,
389,apk_cluster,doubly_robust,-0.016717711168431,success,
390,row,psm,0.028450874020494274,success,
390,row,logistic_regression,-0.018975237992438207,success,
390,row,doubly_robust,-0.013248839624446328,success,
390,apk_cluster,psm,0.042122700112406083,success,
390,apk_cluster,logistic_regression,-0.1740329958995063,success,
390,apk_cluster,doubly_robust,-0.13480349919778897,success,
391,row,psm,0.04092827004219409,success,
391,row,logistic_regression,-0.017413940305550938,success,
391,row,doubly_robust,-0.008625467814501925,success,
391,apk_cluster,psm,0.12129943502824858,success,
391,apk_cluster,logistic_regression,-0.02553831874135458,success,
391,apk_cluster,doubly_robust,-0.022089210995136475,success,
392,row,psm,0.002652200120554551,success,
392,row,logistic_regression,-0.024869469409238412,success,
392,row,doubly_robust,-0.028814030084830747,success,
392,apk_cluster,psm,0.011318752579142841,success,
392,apk_cluster,logistic_regression,0.020667271469564794,success,
392,apk_cluster,doubly_robust,-0.01813548171857102,success,
393,row,psm,-0.008257986738999397,success,
393,row,logistic_regression,-0.02131704152705894,success,
393,row,doubly_robust,-0.016607225591367562,success,
393,apk_cluster,psm,0.06844933469805527,success,
393,apk_cluster,logistic_regression,0.0024543896457371044,success,
393,apk_cluster,doubly_robust,0.030826119307873684,success,
394,row,psm,-0.02163954189270645,success,
394,row,logistic_regression,-0.024628202053209647,success,
394,row,doubly_robust,-0.004102794067667179,success,
394,apk_cluster,psm,0.0038378786997732162,success,
394,apk_cluster,logistic_regression,-0.017108080954198912,success,
394,apk_cluster,doubly_robust,0.0016363260583406084,success,
395,row,psm,0.03508137432188065,success,
395,row,logistic_regression,-0.03288673069932483,success,
395,row,doubly_robust,-0.025397796620796977,success,
395,apk_cluster,psm,0.04202320947133982,success,
395,apk_cluster,logistic_regression,0.1144495820938648,success,
395,apk_cluster,doubly_robust,0.049301361151165235,success,
396,row,psm,0.018505123568414706,success,
396,row,logistic_regression,-0.032433382118098576,success,
396,row,doubly_robust,-0.018921328572902536,success,
396,apk_cluster,psm,0.01950966850828729,success,
396,apk_cluster,logistic_regression,-0.007676966234662771,success,
396,apk_cluster,doubly_robust,-0.009743914329172222,success,
397,row,psm,0.002109704641350211,success,
397,row,logistic_regression,-0.026592881444284715,success,
397,row,doubly_robust,-0.007546964695336576,success,
397,apk_cluster,psm,-0.028732362312243968,success,
397,apk_cluster,logistic_regression,-0.14509509312034072,success,
397,apk_cluster,doubly_robust,-0.049817767318158436,success,
398,row,psm,0.018264014466546113,success,
398,row,logistic_regression,-0.01893994034544322,success,
398,row,doubly_robust,-0.014407983707780127,success,
398,apk_cluster,psm,-0.0686804244515331,success,
398,apk_cluster,logistic_regression,-0.1908273667983901,success,
398,apk_cluster,doubly_robust,-0.17277807881294058,success,
399,row,psm,-0.025617842073538274,success,
399,row,logistic_regression,-0.0285971668709501,success,
399,row,doubly_robust,-0.02258241999885106,success,
399,apk_cluster,psm,0.04343635158744503,success,
399,apk_cluster,logistic_regression,0.035085279830926866,success,
399,apk_cluster,doubly_robust,0.03169561609307919,success,
400,row,psm,-0.02591922845087402,success,
400,row,logistic_regression,-0.038577501198777765,success,
400,row,doubly_robust,-0.02971194880330682,success,
400,apk_cluster,psm,0.13009780402288246,success,
400,apk_cluster,logistic_regression,-0.06889032412723989,success,
400,apk_cluster,doubly_robust,-0.03142407957874298,success,
401,row,psm,-0.021518987341772152,success,
401,row,logistic_regression,-0.06406815918603734,success,
401,row,doubly_robust,-0.05685906631003858,success,
401,apk_cluster,psm,-0.03988344563831725,success,
401,apk_cluster,logistic_regression,-0.15124095083846412,success,
401,apk_cluster,doubly_robust,-0.12336231694470329,success,
402,row,psm,0.028511151295961424,success,
402,row,logistic_regression,-0.04963337824415489,success,
402,row,doubly_robust,-0.038869270191708584,success,
402,apk_cluster,psm,0.02405019170442663,success,
402,apk_cluster,logistic_regression,0.01964060364912492,success,
402,apk_cluster,doubly_robust,-0.0003457241100668236,success,
403,row,psm,-0.08474984930681133,success,
403,row,logistic_regression,-0.03431835732936418,success,
403,row,doubly_robust,-0.020961762836795846,success,
403,apk_cluster,psm,0.11292111870146553,success,
403,apk_cluster,logistic_regression,-0.013409292299701937,success,
403,apk_cluster,doubly_robust,-0.027183452564253342,success,
404,row,psm,0.04737793851717902,success,
404,row,logistic_regression,-0.03268795191640509,success,
404,row,doubly_robust,-0.0183564528742192,success,
404,apk_cluster,psm,0.032377310388782665,success,
404,apk_cluster,logistic_regression,-0.1100785400656875,success,
404,apk_cluster,doubly_robust,-0.09128486427698204,success,
405,row,psm,-0.02808921036769138,success,
405,row,logistic_regression,-0.03937263293446241,success,
405,row,doubly_robust,-0.03719532107444944,success,
405,apk_cluster,psm,0.08894420496630441,success,
405,apk_cluster,logistic_regression,-0.17142079929702775,success,
405,apk_cluster,doubly_robust,-0.09589526905360282,success,
406,row,psm,-0.002531645569620253,success,
406,row,logistic_regression,-0.02849589018799974,success,
406,row,doubly_robust,-0.008446502268900726,success,
406,apk_cluster,psm,0.001061372291939814,success,
406,apk_cluster,logistic_regression,-0.08962407289988666,success,
406,apk_cluster,doubly_robust,-0.08343206873477925,success,
407,row,psm,0.005605786618444846,success,
407,row,logistic_regression,-0.03126236386344207,success,
407,row,doubly_robust,-0.03412771006054114,success,
407,apk_cluster,psm,0.04145644641663121,success,
407,apk_cluster,logistic_regression,0.0935927594965714,success,
407,apk_cluster,doubly_robust,0.05189703125968002,success,
408,row,psm,-0.040446051838456905,success,
408,row,logistic_regression,-0.03740149759594703,success,
408,row,doubly_robust,-0.02170107427871915,success,
408,apk_cluster,psm,0.11954915003695492,success,
408,apk_cluster,logistic_regression,-0.11777184423759102,success,
408,apk_cluster,doubly_robust,-0.09764164349998193,success,
409,row,psm,-0.024532851115129595,success,
409,row,logistic_regression,-0.050671594375148676,success,
409,row,doubly_robust,-0.04719043676869451,success,
409,apk_cluster,psm,-0.03919716646989374,success,
409,apk_cluster,logistic_regression,0.08457147454054459,success,
409,apk_cluster,doubly_robust,0.03350930733699654,success,
410,row,psm,-0.004761904761904762,success,
410,row,logistic_regression,-0.025526644868393365,success,
410,row,doubly_robust,-0.01482890662633316,success,
410,apk_cluster,psm,-0.07851917255297679,success,
410,apk_cluster,logistic_regression,-0.13549714148832875,success,
410,apk_cluster,doubly_robust,-0.10946338283604083,success,
411,row,psm,0.014828209764918625,success,
411,row,logistic_regression,-0.035487450646869596,success,
411,row,doubly_robust,-0.028850070835639594,success,
411,apk_cluster,psm,0.07261697399243197,success,
411,apk_cluster,logistic_regression,0.06569601535376642,success,
411,apk_cluster,doubly_robust,0.0089257973096001,success,
412,row,psm,0.056660638939119955,success,
412,row,logistic_regression,-0.008568066578305967,success,
412,row,doubly_robust,-0.008511186927673496,success,
412,apk_cluster,psm,0.11095244008444058,success,
412,apk_cluster,logistic_regression,-0.0464036312192743,success,
412,apk_cluster,doubly_robust,-0.04036609778021298,success,
413,row,psm,0.025135623869801085,success,
413,row,logistic_regression,-0.01792578848443876,success,
413,row,doubly_robust,-0.011257971550579619,success,
413,apk_cluster,psm,0.021225521162349967,success,
413,apk_cluster,logistic_regression,-0.09600910496159758,success,
413,apk_cluster,doubly_robust,-0.046155923008223874,success,
414,row,psm,-0.0161543098251959,success,
414,row,logistic_regression,-0.043218756286840534,success,
414,row,doubly_robust,-0.028586587889566896,success,
414,apk_cluster,psm,0.033972461716638785,success,
414,apk_cluster,logistic_regression,-0.16573734660064715,success,
414,apk_cluster,doubly_robust,-0.1089147197626402,success,
415,row,psm,-0.02591922845087402,success,
415,row,logistic_regression,-0.03238461091449208,success,
415,row,doubly_robust,-0.020027458368399708,success,
415,apk_cluster,psm,0.01167891866255632,success,
415,apk_cluster,logistic_regression,-0.09174306620387823,success,
415,apk_cluster,doubly_robust,-0.0480942629809029,success,
416,row,psm,0.005485232067510549,success,
416,row,logistic_regression,-0.02013466557701795,success,
416,row,doubly_robust,-0.021099319161521326,success,
416,apk_cluster,psm,-0.0228942733952754,success,
416,apk_cluster,logistic_regression,0.005510570107712445,success,
416,apk_cluster,doubly_robust,0.012672174057122475,success,
417,row,psm,0.04695599758890898,success,
417,row,logistic_regression,-0.020586374384353914,success,
417,row,doubly_robust,-0.020345733902081595,success,
417,apk_cluster,psm,0.018269411249452545,success,
417,apk_cluster,logistic_regression,-0.12911500566353498,success,
417,apk_cluster,doubly_robust,-0.09465980595757448,success,
418,row,psm,0.016395418927064496,success,
418,row,logistic_regression,-0.036323078154780065,success,
418,row,doubly_robust,-0.024107071791763152,success,
418,apk_cluster,psm,0.054746416441195093,success,
418,apk_cluster,logistic_regression,-0.04963542503132641,success,
418,apk_cluster,doubly_robust,-0.045801835373856147,success,
419,row,psm,-0.0059674502712477396,success,
419,row,logistic_regression,-0.02673235271972528,success,
419,row,doubly_robust,-0.018269899817327837,success,
419,apk_cluster,psm,0.02146048918156162,success,
419,apk_cluster,logistic_regression,0.03816743720518891,success,
419,apk_cluster,doubly_robust,-0.027680490361775837,success,
420,row,psm,0.06118143459915612,success,
420,row,logistic_regression,-0.032689561909284494,success,
420,row,doubly_robust,-0.02603649593868844,success,
420,apk_cluster,psm,0.05213241872949597,success,
420,apk_cluster,logistic_regression,0.03414153643997459,success,
420,apk_cluster,doubly_robust,0.017634090697421723,success,
421,row,psm,0.024532851115129595,success,
421,row,logistic_regression,-0.0343486089428236,success,
421,row,doubly_robust,-0.028565257242315092,success,
421,apk_cluster,psm,0.003215051202667302,success,
421,apk_cluster,logistic_regression,-0.020443141847864343,success,
421,apk_cluster,doubly_robust,-0.05187859377297973,success,
422,row,psm,-0.022001205545509342,success,
422,row,logistic_regression,-0.04254773556409586,success,
422,row,doubly_robust,-0.03687480795635008,success,
422,apk_cluster,psm,0.012862130213756354,success,
422,apk_cluster,logistic_regression,-0.06318417369055436,success,
422,apk_cluster,doubly_robust,-0.013953894967208134,success,
423,row,psm,-0.004761904761904762,success,
423,row,logistic_regression,-0.02763832013338234,success,
423,row,doubly_robust,-0.013625175652614082,success,
423,apk_cluster,psm,0.06718390804597701,success,
423,apk_cluster,logistic_regression,-0.11911946543492517,success,
423,apk_cluster,doubly_robust,-0.06471068052189755,success,
424,row,psm,0.04792043399638336,success,
424,row,logistic_regression,-0.018523912135771536,success,
424,row,doubly_robust,-0.010005644370761369,success,
424,apk_cluster,psm,0.07321588152687349,success,
424,apk_cluster,logistic_regression,-0.0359356255067395,success,
424,apk_cluster,doubly_robust,-0.00777819680920513,success,
425,row,psm,0.01723930078360458,success,
425,row,logistic_regression,-0.05727490719294325,success,
425,row,doubly_robust,-0.04193656260194083,success,
425,apk_cluster,psm,-0.019576654839104368,success,
425,apk_cluster,logistic_regression,-0.1429639037372548,success,
425,apk_cluster,doubly_robust,-0.10233510579880684,success,
426,row,psm,0.02368896925858951,success,
426,row,logistic_regression,-0.033030933254047254,success,
426,row,doubly_robust,-0.02773909844335566,success,
426,apk_cluster,psm,0.06265327572112578,success,
426,apk_cluster,logistic_regression,0.03869795170128522,success,
426,apk_cluster,doubly_robust,0.025363125825390666,success,
427,row,psm,0.07625075346594334,success,
427,row,logistic_regression,-0.034842617042416105,success,
427,row,doubly_robust,-0.02932256606950908,success,
427,apk_cluster,psm,0.06138139652130073,success,
427,apk_cluster,logistic_regression,-0.022392568218694044,success,
427,apk_cluster,doubly_robust,0.026103307756469147,success,
428,row,psm,-0.07444243520192888,success,
428,row,logistic_regression,-0.034284923113827304,success,
428,row,doubly_robust,-0.016580955756882437,success,
428,apk_cluster,psm,-0.04233296505204396,success,
428,apk_cluster,logistic_regression,0.02091941691296852,success,
428,apk_cluster,doubly_robust,-0.01773379966431277,success,
429,row,psm,-0.03297166968053044,success,
429,row,logistic_regression,-0.04052819858565519,success,
429,row,doubly_robust,-0.026353070353017965,success,
429,apk_cluster,psm,0.12533998186763373,success,
429,apk_cluster,logistic_regression,-0.02989126598455016,success,
429,apk_cluster,doubly_robust,-0.025948830006138006,success,
430,row,psm,0.01621458710066305,success,
430,row,logistic_regression,-0.02251330951392961,success,
430,row,doubly_robust,-0.0056025219679308935,success,
430,apk_cluster,psm,0.12210866057019903,success,
430,apk_cluster,logistic_regression,-0.05849658030810658,success,
430,apk_cluster,doubly_robust,-0.04966377796286161,success,
431,row,psm,0.0030138637733574444,success,
431,row,logistic_regression,-0.044970445183474504,success,
431,row,doubly_robust,-0.027671540029572148,success,
431,apk_cluster,psm,-0.04859074097691621,success,
431,apk_cluster,logistic_regression,-0.22618424956134794,success,
431,apk_cluster,doubly_robust,-0.09098080825400079,success,
432,row,psm,-0.03176612417118746,success,
432,row,logistic_regression,-0.02748942329194859,success,
432,row,doubly_robust,-0.022084947807454673,success,
432,apk_cluster,psm,0.03551127681682049,success,
432,apk_cluster,logistic_regression,-0.0644851548200046,success,
432,apk_cluster,doubly_robust,-0.047079942763081695,success,
433,row,psm,0.01952983725135624,success,
433,row,logistic_regression,-0.022773852309453457,success,
433,row,doubly_robust,-0.025702298654119878,success,
433,apk_cluster,psm,0.012310304573914889,success,
433,apk_cluster,logistic_regression,0.02801965723718997,success,
433,apk_cluster,doubly_robust,0.0033232350783986304,success,
434,row,psm,0.07691380349608198,success,
434,row,logistic_regression,-0.006115092457328554,success,
434,row,doubly_robust,0.004270797118169257,success,
434,apk_cluster,psm,0.01307673328398717,success,
434,apk_cluster,logistic_regression,0.13954328280925857,success,
434,apk_cluster,doubly_robust,0.040889161733682705,success,
435,row,psm,0.008921036769138035,success,
435,row,logistic_regression,-0.04309356984936541,success,
435,row,doubly_robust,-0.03950813810331261,success,
435,apk_cluster,psm,0.043513388734995384,success,
435,apk_cluster,logistic_regression,0.014191201416699967,success,
435,apk_cluster,doubly_robust,-0.006261576136429448,success,
436,row,psm,0.03887884267631103,success,
436,row,logistic_regression,-0.05408910959783767,success,
436,row,doubly_robust,-0.04214128232487309,success,
436,apk_cluster,psm,-0.04662637227087702,success,
436,apk_cluster,logistic_regression,-0.049734453939285245,success,
436,apk_cluster,doubly_robust,-0.03073925684577893,success,
437,row,psm,0.02326702833031947,success,
437,row,logistic_regression,-0.03147653721246953,success,
437,row,doubly_robust,-0.007244498700566104,success,
437,apk_cluster,psm,0.11655425393444563,success,
437,apk_cluster,logistic_regression,-0.1662290253016671,success,
437,apk_cluster,doubly_robust,-0.1025732776992239,success,
438,row,psm,-0.03031946955997589,success,
438,row,logistic_regression,-0.037177353374245256,success,
438,row,doubly_robust,-0.030467168293191228,success,
438,apk_cluster,psm,0.11278964790851641,success,
438,apk_cluster,logistic_regression,0.024472183957374338,success,
438,apk_cluster,doubly_robust,0.020340132544423333,success,
439,row,psm,-0.040204942736588305,success,
439,row,logistic_regression,-0.027591298298586298,success,
439,row,doubly_robust,-0.013742012408874193,success,
439,apk_cluster,psm,0.01710399780189587,success,
439,apk_cluster,logistic_regression,-0.16036354077976794,success,
439,apk_cluster,doubly_robust,-0.10601188720435094,success,
440,row,psm,-0.10204942736588306,success,
440,row,logistic_regression,-0.0532896405836668,success,
440,row,doubly_robust,-0.033508663908127005,success,
440,apk_cluster,psm,-0.09026548672566372,success,
440,apk_cluster,logistic_regression,-0.14770136737305087,success,
440,apk_cluster,doubly_robust,-0.1364974801083932,success,
441,row,psm,-0.014828209764918625,success,
441,row,logistic_regression,-0.020705308916054915,success,
441,row,doubly_robust,-0.004994327026106685,success,
441,apk_cluster,psm,0.020650524510127333,success,
441,apk_cluster,logistic_regression,-0.16995330520775304,success,
441,apk_cluster,doubly_robust,-0.16886410188515683,success,
442,row,psm,0.03170584689572031,success,
442,row,logistic_regression,-0.032522645313410085,success,
442,row,doubly_robust,-0.020738029197600327,success,
442,apk_cluster,psm,0.022994379151762903,success,
442,apk_cluster,logistic_regression,0.06163634678777226,success,
442,apk_cluster,doubly_robust,0.022802922182836916,success,
443,row,psm,-0.0077154912597950575,success,
443,row,logistic_regression,-0.029010731603434817,success,
443,row,doubly_robust,-0.023287136651415987,success,
443,apk_cluster,psm,0.0398344861660079,success,
443,apk_cluster,logistic_regression,-0.13938097387166248,success,
443,apk_cluster,doubly_robust,-0.11821803832046482,success,
444,row,psm,-0.0030138637733574444,success,
444,row,logistic_regression,-0.04451775951925618,success,
444,row,doubly_robust,-0.034872502097734515,success,
444,apk_cluster,psm,-0.01310932926053201,success,
444,apk_cluster,logistic_regression,-0.14689376656385356,success,
444,apk_cluster,doubly_robust,-0.09010957103533808,success,
445,row,psm,-0.013140446051838457,success,
445,row,logistic_regression,-0.031568867845955265,success,
445,row,doubly_robust,-0.033108180834493316,success,
445,apk_cluster,psm,0.03828255878885649,success,
445,apk_cluster,logistic_regression,0.02632967073623834,success,
445,apk_cluster,doubly_robust,-0.020851632620254607,success,
446,row,psm,0.04960819770946353,success,
446,row,logistic_regression,-0.048355498896777316,success,
446,row,doubly_robust,-0.043748991521511266,success,
446,apk_cluster,psm,0.0392481718464351,success,
446,apk_cluster,logistic_regression,-0.057913301373828885,success,
446,apk_cluster,doubly_robust,-0.05831601623738618,success,
447,row,psm,-0.025075346594333935,success,
447,row,logistic_regression,-0.04509055054860667,success,
447,row,doubly_robust,-0.037970513456736216,success,
447,apk_cluster,psm,0.10300729927007299,success,
447,apk_cluster,logistic_regression,0.014443079606366928,success,
447,apk_cluster,doubly_robust,-0.004098412673025098,success,
448,row,psm,-0.0022905364677516574,success,
448,row,logistic_regression,-0.03418065993588022,success,
448,row,doubly_robust,-0.029780393046350693,success,
448,apk_cluster,psm,0.008335470633495767,success,
448,apk_cluster,logistic_regression,-0.09543841006665285,success,
448,apk_cluster,doubly_robust,-0.052367740517464255,success,
449,row,psm,0.010066305003013865,success,
449,row,logistic_regression,-0.0031648091664924025,success,
449,row,doubly_robust,0.005457065369295,success,
449,apk_cluster,psm,0.07474571345539087,success,
449,apk_cluster,logistic_regression,0.09623434754310906,success,
449,apk_cluster,doubly_robust,0.06279470422089417,success,
450,row,psm,-0.012296564195298372,success,
450,row,logistic_regression,-0.032075316616801935,success,
450,row,doubly_robust,-0.026167677447216542,success,
450,apk_cluster,psm,0.10801566723671871,success,
450,apk_cluster,logistic_regression,0.09173080083106715,success,
450,apk_cluster,doubly_robust,0.022854887146893123,success,
451,row,psm,0.008016877637130802,success,
451,row,logistic_regression,-0.03448823645558007,success,
451,row,doubly_robust,-0.028184391513578343,success,
451,apk_cluster,psm,0.027810581010864432,success,
451,apk_cluster,logistic_regression,0.047971609195083344,success,
451,apk_cluster,doubly_robust,-0.01743249359922327,success,
452,row,psm,0.021338155515370705,success,
452,row,logistic_regression,-0.01696509896434238,success,
452,row,doubly_robust,0.003227018886399401,success,
452,apk_cluster,psm,0.02796753663805687,success,
452,apk_cluster,logistic_regression,-0.06063116735528116,success,
452,apk_cluster,doubly_robust,-0.013173171668259126,success,
453,row,psm,0.03285111512959614,success,
453,row,logistic_regression,-0.016969454391502253,success,
453,row,doubly_robust,-0.007904162382308694,success,
453,apk_cluster,psm,-0.023233849641103137,success,
453,apk_cluster,logistic_regression,-0.05540232541975375,success,
453,apk_cluster,doubly_robust,-0.0478656972331606,success,
454,row,psm,-0.053948161543098255,success,
454,row,logistic_regression,-0.032719529174014446,success,
454,row,doubly_robust,-0.030347398413988255,success,
454,apk_cluster,psm,0.0042855531746926806,success,
454,apk_cluster,logistic_regression,-0.10971624290853982,success,
454,apk_cluster,doubly_robust,-0.10403410974363639,success,
455,row,psm,0.04388185654008439,success,
455,row,logistic_regression,-0.02321310478050535,success,
455,row,doubly_robust,-0.015324708382938375,success,
455,apk_cluster,psm,0.00653108904582382,success,
455,apk_cluster,logistic_regression,0.03880773563227547,success,
455,apk_cluster,doubly_robust,-0.025278968319104752,success,
456,row,psm,-0.021880650994575045,success,
456,row,logistic_regression,-0.03695339271499923,success,
456,row,doubly_robust,-0.03829649627259341,success,
456,apk_cluster,psm,0.012232415902140671,success,
456,apk_cluster,logistic_regression,0.05127924105946609,success,
456,apk_cluster,doubly_robust,0.011710003314994314,success,
457,row,psm,-0.037070524412296565,success,
457,row,logistic_regression,-0.041307226615687025,success,
457,row,doubly_robust,-0.022578479892360205,success,
457,apk_cluster,psm,0.041061235080435916,success,
457,apk_cluster,logistic_regression,-0.15209979342893254,success,
457,apk_cluster,doubly_robust,-0.09355817689777197,success,
458,row,psm,0.03550331525015069,success,
458,row,logistic_regression,-0.022286400137342104,success,
458,row,doubly_robust,-0.019084378916070746,success,
458,apk_cluster,psm,0.0640364907292222,success,
458,apk_cluster,logistic_regression,-0.07490841920682743,success,
458,apk_cluster,doubly_robust,-0.03798299637778599,success,
459,row,psm,-0.02326702833031947,success,
459,row,logistic_regression,-0.04184349410663698,success,
459,row,doubly_robust,-0.04029970516491347,success,
459,apk_cluster,psm,0.06478774412349433,success,
459,apk_cluster,logistic_regression,0.10530527094147628,success,
459,apk_cluster,doubly_robust,0.07256915951017878,success,
460,row,psm,-0.026039783001808318,success,
460,row,logistic_regression,-0.037241922343936834,success,
460,row,doubly_robust,-0.015673129052452342,success,
460,apk_cluster,psm,0.07325845532559314,success,
460,apk_cluster,logistic_regression,-0.11984209119410498,success,
460,apk_cluster,doubly_robust,-0.0683452830066295,success,
461,row,psm,0.012296564195298372,success,
461,row,logistic_regression,-0.019455734909021322,success,
461,row,doubly_robust,-0.01939481159817165,success,
461,apk_cluster,psm,0.04608294930875576,success,
461,apk_cluster,logistic_regression,0.009071728815245374,success,
461,apk_cluster,doubly_robust,-0.008344070321580365,success,
462,row,psm,0.049367088607594936,success,
462,row,logistic_regression,-0.022521221223025835,success,
462,row,doubly_robust,-0.02570374220789746,success,
462,apk_cluster,psm,0.12001148435256963,success,
462,apk_cluster,logistic_regression,-0.00757424737287026,success,
462,apk_cluster,doubly_robust,0.00044487894272207586,success,
463,row,psm,0.057625075346594334,success,
463,row,logistic_regression,-0.015724533500637898,success,
463,row,doubly_robust,-0.010552129305815101,success,
463,apk_cluster,psm,-0.04604486422668241,success,
463,apk_cluster,logistic_regression,-0.07497455037057084,success,
463,apk_cluster,doubly_robust,-0.05552550991678882,success,
464,row,psm,0.020373719107896322,success,
464,row,logistic_regression,-0.025648358222704247,success,
464,row,doubly_robust,-0.011326515578847268,success,
464,apk_cluster,psm,-0.0003004446580939791,success,
464,apk_cluster,logistic_regression,-0.07028262921633138,success,
464,apk_cluster,doubly_robust,-0.05661764189468159,success,
465,row,psm,0.081374321880651,success,
465,row,logistic_regression,-0.01792709374685178,success,
465,row,doubly_robust,-0.013841856263505373,success,
465,apk_cluster,psm,0.04463302455140247,success,
465,apk_cluster,logistic_regression,-0.13438513003725266,success,
465,apk_cluster,doubly_robust,-0.11918118028364474,success,
466,row,psm,0.05201928872814948,success,
466,row,logistic_regression,-0.019200398262006348,success,
466,row,doubly_robust,0.0013919392740367976,success,
466,apk_cluster,psm,0.15535278391258864,success,
466,apk_cluster,logistic_regression,0.07648536774179926,success,
466,apk_cluster,doubly_robust,0.021339348072738143,success,
467,row,psm,-0.0642555756479807,success,
467,row,logistic_regression,-0.0309405570181165,success,
467,row,doubly_robust,-0.01964482969163045,success,
467,apk_cluster,psm,0.005724740321057602,success,
467,apk_cluster,logistic_regression,0.0125153009196958,success,
467,apk_cluster,doubly_robust,-0.004727993569581735,success,
468,row,psm,-0.04092827004219409,success,
468,row,logistic_regression,-0.045230162658835504,success,
468,row,doubly_robust,-0.036030748458511536,success,
468,apk_cluster,psm,0.01826159136724772,success,
468,apk_cluster,logistic_regression,-0.006080162468398489,success,
468,apk_cluster,doubly_robust,0.003039755455191467,success,
469,row,psm,0.03930078360458107,success,
469,row,logistic_regression,-0.04790394730814254,success,
469,row,doubly_robust,-0.034317978834706234,success,
469,apk_cluster,psm,0.09792250233426704,success,
469,apk_cluster,logistic_regression,0.009197392486483678,success,
469,apk_cluster,doubly_robust,-0.011752704298157364,success,
470,row,psm,-0.05189873417721519,success,
470,row,logistic_regression,-0.02593711605819111,success,
470,row,doubly_robust,-0.014968175391402766,success,
470,apk_cluster,psm,0.09446360028625334,success,
470,apk_cluster,logistic_regression,-0.04646639184105586,success,
470,apk_cluster,doubly_robust,-0.04602761432006506,success,
471,row,psm,-0.008197709463532248,success,
471,row,logistic_regression,-0.05066613434598073,success,
471,row,doubly_robust,-0.04437637969705359,success,
471,apk_cluster,psm,-0.016911004318997506,success,
471,apk_cluster,logistic_regression,0.011839556732780731,success,
471,apk_cluster,doubly_robust,0.017457295614809475,success,
472,row,psm,0.05780590717299578,success,
472,row,logistic_regression,-0.029648312844639552,success,
472,row,doubly_robust,-0.025196384906658816,success,
472,apk_cluster,psm,0.02926263058219806,success,
472,apk_cluster,logistic_regression,-0.1259932232841586,success,
472,apk_cluster,doubly_robust,-0.11514879094803193,success,
473,row,psm,0.05081374321880651,success,
473,row,logistic_regression,-0.03534052604905648,success,
473,row,doubly_robust,-0.036477783441906636,success,
473,apk_cluster,psm,0.0020556227327690447,success,
473,apk_cluster,logistic_regression,-0.04132525600588569,success,
473,apk_cluster,doubly_robust,-0.060925233740683565,success,
474,row,psm,-0.011512959614225438,success,
474,row,logistic_regression,-0.024529243940094064,success,
474,row,doubly_robust,-0.002749313138644243,success,
474,apk_cluster,psm,0.004281459419210722,success,
474,apk_cluster,logistic_regression,-0.11107013068727564,success,
474,apk_cluster,doubly_robust,-0.08057424588088029,success,
475,row,psm,0.003737191078963231,success,
475,row,logistic_regression,-0.045009117885663766,success,
475,row,doubly_robust,-0.03770664062077557,success,
475,apk_cluster,psm,0.0337266118460255,success,
475,apk_cluster,logistic_regression,0.0016711352761653957,success,
475,apk_cluster,doubly_robust,0.007382131501660203,success,
476,row,psm,0.004761904761904762,success,
476,row,logistic_regression,-0.024292432565784963,success,
476,row,doubly_robust,-0.023212197865565175,success,
476,apk_cluster,psm,0.011747594540165586,success,
476,apk_cluster,logistic_regression,0.11984959849848864,success,
476,apk_cluster,doubly_robust,0.016019647687697938,success,
477,row,psm,0.08800482218203737,success,
477,row,logistic_regression,-0.019814560797182607,success,
477,row,doubly_robust,-0.014490581359900034,success,
477,apk_cluster,psm,0.02343658679135009,success,
477,apk_cluster,logistic_regression,0.024651226111114043,success,
477,apk_cluster,doubly_robust,-0.015251142910055328,success,
478,row,psm,-0.021940928270042195,success,
478,row,logistic_regression,-0.024151176080740994,success,
478,row,doubly_robust,-0.020508452177687608,success,
478,apk_cluster,psm,0.02265295201855045,success,
478,apk_cluster,logistic_regression,-0.04034140598065049,success,
478,apk_cluster,doubly_robust,0.01217900256970616,success,
479,row,psm,0.07504520795660036,success,
479,row,logistic_regression,-0.006079787281565557,success,
479,row,doubly_robust,-0.0030503177065010845,success,
479,apk_cluster,psm,0.060366098582659095,success,
479,apk_cluster,logistic_regression,-0.046449067332021046,success,
479,apk_cluster,doubly_robust,-0.01984828087154345,success,
480,row,psm,-0.06576250753465944,success,
480,row,logistic_regression,-0.0325301234542701,success,
480,row,doubly_robust,-0.02467821660380766,success,
480,apk_cluster,psm,-0.04437356611269655,success,
480,apk_cluster,logistic_regression,0.06519457877275288,success,
480,apk_cluster,doubly_robust,0.037279546305198696,success,
481,row,psm,-0.0644966847498493,success,
481,row,logistic_regression,-0.035925748653459925,success,
481,row,doubly_robust,-0.01126775671172009,success,
481,apk_cluster,psm,0.0497001365714625,success,
481,apk_cluster,logistic_regression,0.08112466282502054,success,
481,apk_cluster,doubly_robust,-0.001359477482783134,success,
482,row,psm,-0.05093429776974081,success,
482,row,logistic_regression,-0.05079825000919883,success,
482,row,doubly_robust,-0.038828606828165274,success,
482,apk_cluster,psm,0.11204448651206815,success,
482,apk_cluster,logistic_regression,-0.11960851520329062,success,
482,apk_cluster,doubly_robust,-0.1152478855225968,success,
483,row,psm,0.041832429174201324,success,
483,row,logistic_regression,-0.015921915346638896,success,
483,row,doubly_robust,0.0015669620035621541,success,
483,apk_cluster,psm,0.07602974828375286,success,
483,apk_cluster,logistic_regression,0.03293904985731802,success,
483,apk_cluster,doubly_robust,0.00917078815666428,success,
484,row,psm,0.03821579264617239,success,
484,row,logistic_regression,-0.030465652751387507,success,
484,row,doubly_robust,-0.02377752730789827,success,
484,apk_cluster,psm,0.05831294419200746,success,
484,apk_cluster,logistic_regression,0.09450472943612441,success,
484,apk_cluster,doubly_robust,0.0023480322565323512,success,
485,row,psm,0.05509342977697409,success,
485,row,logistic_regression,-0.0307334173201435,success,
485,row,doubly_robust,-0.015965821836559195,success,
485,apk_cluster,psm,0.04106652374891137,success,
485,apk_cluster,logistic_regression,0.01527599489439554,success,
485,apk_cluster,doubly_robust,-0.01307392199376167,success,
486,row,psm,0.0540084388185654,success,
486,row,logistic_regression,-0.045444968249948876,success,
486,row,doubly_robust,-0.04172968268919352,success,
486,apk_cluster,psm,0.12122765060927002,success,
486,apk_cluster,logistic_regression,0.019947643628471477,success,
486,apk_cluster,doubly_robust,-0.022469926136713392,success,
487,row,psm,0.03164556962025317,success,
487,row,logistic_regression,-0.01777720467955518,success,
487,row,doubly_robust,-0.016282599129275797,success,
487,apk_cluster,psm,0.050687337249439836,success,
487,apk_cluster,logistic_regression,-0.11478579035459072,success,
487,apk_cluster,doubly_robust,-0.04717839297843598,success,
488,row,psm,-0.04448462929475588,success,
488,row,logistic_regression,-0.02955836320608105,success,
488,row,doubly_robust,-0.010915602907496495,success,
488,apk_cluster,psm,0.09288852104157382,success,
488,apk_cluster,logistic_regression,-0.08861396947596503,success,
488,apk_cluster,doubly_robust,-0.0814939582811307,success,
489,row,psm,0.0017480409885473178,success,
489,row,logistic_regression,-0.01451396236358396,success,
489,row,doubly_robust,-0.01563335782207529,success,
489,apk_cluster,psm,-0.006930215740629143,success,
489,apk_cluster,logistic_regression,-0.03328908453251901,success,
489,apk_cluster,doubly_robust,-0.026072490009440983,success,
490,row,psm,0.023508137432188065,success,
490,row,logistic_regression,-0.0161979458384091,success,
490,row,doubly_robust,-0.01484900044501591,success,
490,apk_cluster,psm,0.06628661531930378,success,
490,apk_cluster,logistic_regression,0.09004057583960598,success,
490,apk_cluster,doubly_robust,0.04685666539888703,success,
491,row,psm,0.06889692585895117,success,
491,row,logistic_regression,-0.03329655859140874,success,
491,row,doubly_robust,-0.025025301817503957,success,
491,apk_cluster,psm,0.15128676470588234,success,
491,apk_cluster,logistic_regression,-0.02827513515809418,success,
491,apk_cluster,doubly_robust,-0.01813174015107437,success,
492,row,psm,-0.018083182640144666,success,
492,row,logistic_regression,-0.053866584092965526,success,
492,row,doubly_robust,-0.04354368356749162,success,
492,apk_cluster,psm,0.07390836495440901,success,
492,apk_cluster,logistic_regression,-0.018214064100198622,success,
492,apk_cluster,doubly_robust,0.004172015313349526,success,
493,row,psm,-0.010126582278481013,success,
493,row,logistic_regression,-0.03393131259455097,success,
493,row,doubly_robust,-0.027312436227560306,success,
493,apk_cluster,psm,-0.08395793387949567,success,
493,apk_cluster,logistic_regression,-0.036072364959905644,success,
493,apk_cluster,doubly_robust,-0.012327805143890867,success,
494,row,psm,-0.056962025316455694,success,
494,row,logistic_regression,-0.04249758460621026,success,
494,row,doubly_robust,-0.03432068872149325,success,
494,apk_cluster,psm,0.042240207951792993,success,
494,apk_cluster,logistic_regression,0.051484534797203094,success,
494,apk_cluster,doubly_robust,-0.01974516938034568,success,
495,row,psm,0.01832429174201326,success,
495,row,logistic_regression,-0.0339748210556959,success,
495,row,doubly_robust,-0.026805039731094122,success,
495,apk_cluster,psm,0.10047649861756575,success,
495,apk_cluster,logistic_regression,-0.055722971840031346,success,
495,apk_cluster,doubly_robust,-0.059463813490799704,success,
496,row,psm,-0.02754671488848704,success,
496,row,logistic_regression,-0.025714754952527903,success,
496,row,doubly_robust,-0.0186384307628036,success,
496,apk_cluster,psm,0.0889749738670602,success,
496,apk_cluster,logistic_regression,0.012115008394628127,success,
496,apk_cluster,doubly_robust,0.027026269304619027,success,
497,row,psm,0.0027727546714888486,success,
497,row,logistic_regression,-0.016377695622228794,success,
497,row,doubly_robust,-0.0032623525772734812,success,
497,apk_cluster,psm,-0.009220247908652378,success,
497,apk_cluster,logistic_regression,-0.01790404289656133,success,
497,apk_cluster,doubly_robust,-0.050542079912732164,success,
498,row,psm,-0.021940928270042195,success,
498,row,logistic_regression,-0.03592606102670118,success,
498,row,doubly_robust,-0.02822869981564026,success,
498,apk_cluster,psm,0.042597065928238975,success,
498,apk_cluster,logistic_regression,-0.17177868650136421,success,
498,apk_cluster,doubly_robust,-0.12024461147442483,success,
499,row,psm,0.050994575045207956,success,
499,row,logistic_regression,-0.02004014276825242,success,
499,row,doubly_robust,-0.010351982025979886,success,
499,apk_cluster,psm,0.029947345326897763,success,
499,apk_cluster,logistic_regression,-0.027601896407426454,success,
499,apk_cluster,doubly_robust,-0.0072518563928820265,success,
500,row,psm,0.027426160337552744,success,
500,row,logistic_regression,-0.022263236307456895,success,
500,row,doubly_robust,-0.01704069577267732,success,
500,apk_cluster,psm,0.12586305187812757,success,
500,apk_cluster,logistic_regression,-0.06793377785940272,success,
500,apk_cluster,doubly_robust,-0.02803966299523314,success,
501,row,psm,0.04135021097046414,success,
501,row,logistic_regression,-0.056744907928361496,success,
501,row,doubly_robust,-0.04799888700203119,success,
501,apk_cluster,psm,0.007206687806284235,success,
501,apk_cluster,logistic_regression,-0.11811237775297859,success,
501,apk_cluster,doubly_robust,-0.05554765462380192,success,
502,row,psm,0.04189270644966848,success,
502,row,logistic_regression,-0.046153032901554245,success,
502,row,doubly_robust,-0.04027746213905685,success,
502,apk_cluster,psm,0.018609444141359035,success,
502,apk_cluster,logistic_regression,-0.1594105546333528,success,
502,apk_cluster,doubly_robust,-0.10826770473666698,success,
503,row,psm,0.040747438215792645,success,
503,row,logistic_regression,-0.010803006452381235,success,
503,row,doubly_robust,-0.013026111196544447,success,
503,apk_cluster,psm,0.08117785048459782,success,
503,apk_cluster,logistic_regression,-0.11231269107372761,success,
503,apk_cluster,doubly_robust,-0.09551612680888788,success,
504,row,psm,0.025075346594333935,success,
504,row,logistic_regression,-0.02137075296396243,success,
504,row,doubly_robust,-0.012118812943779863,success,
504,apk_cluster,psm,0.05419170243204578,success,
504,apk_cluster,logistic_regression,-0.022973071913986707,success,
504,apk_cluster,doubly_robust,0.0038734040121399397,success,
505,row,psm,0.006751054852320675,success,
505,row,logistic_regression,-0.04621900578140669,success,
505,row,doubly_robust,-0.03669977189536175,success,
505,apk_cluster,psm,-0.05132655591371188,success,
505,apk_cluster,logistic_regression,-0.1231787183516077,success,
505,apk_cluster,doubly_robust,-0.09168132205251071,success,
506,row,psm,0.02754671488848704,success,
506,row,logistic_regression,-0.013976188879302248,success,
506,row,doubly_robust,-0.008997341656897686,success,
506,apk_cluster,psm,0.07048334641695637,success,
506,apk_cluster,logistic_regression,-0.007283368402549604,success,
506,apk_cluster,doubly_robust,-0.02171782193074225,success,
507,row,psm,0.04864376130198915,success,
507,row,logistic_regression,-0.04839862050056955,success,
507,row,doubly_robust,-0.04481349767850998,success,
507,apk_cluster,psm,0.10920304752690772,success,
507,apk_cluster,logistic_regression,-0.08970319858958278,success,
507,apk_cluster,doubly_robust,0.05683481452035884,success,
508,row,psm,-0.013743218806509945,success,
508,row,logistic_regression,-0.027792577132099813,success,
508,row,doubly_robust,-0.020946190583990557,success,
508,apk_cluster,psm,0.03527525387493319,success,
508,apk_cluster,logistic_regression,-0.020678942665084746,success,
508,apk_cluster,doubly_robust,0.0007810939973511868,success,
509,row,psm,-0.006992163954189271,success,
509,row,logistic_regression,-0.027766553970205773,success,
509,row,doubly_robust,-0.019128216327981618,success,
509,apk_cluster,psm,0.0054213601590265646,success,
509,apk_cluster,logistic_regression,0.01327661778224064,success,
509,apk_cluster,doubly_robust,0.019593310080260478,success,
510,row,psm,0.0027727546714888486,success,
510,row,logistic_regression,-0.03178624269287463,success,
510,row,doubly_robust,-0.0033819128239683492,success,
510,apk_cluster,psm,0.049766718506998445,success,
510,apk_cluster,logistic_regression,-0.06647978233963212,success,
510,apk_cluster,doubly_robust,-0.07888422384013023,success,
511,row,psm,-0.00650994575045208,success,
511,row,logistic_regression,-0.04618197302361745,success,
511,row,doubly_robust,-0.03389427545160445,success,
511,apk_cluster,psm,0.028169014084507043,success,
511,apk_cluster,logistic_regression,0.08584264608810913,success,
511,apk_cluster,doubly_robust,0.0409498070746116,success,
512,row,psm,0.03984327908378541,success,
512,row,logistic_regression,-0.06289272865009085,success,
512,row,doubly_robust,-0.052981668340258845,success,
512,apk_cluster,psm,0.04956896551724138,success,
512,apk_cluster,logistic_regression,-0.09811027408478551,success,
512,apk_cluster,doubly_robust,-0.07176091734426503,success,
513,row,psm,-0.03086196503918023,success,
513,row,logistic_regression,-0.03807392947164487,success,
513,row,doubly_robust,-0.028185639828221823,success,
513,apk_cluster,psm,0.05403781007540159,success,
513,apk_cluster,logistic_regression,-0.03327397062386871,success,
513,apk_cluster,doubly_robust,-0.014935224717086486,success,
514,row,psm,-0.0702833031946956,success,
514,row,logistic_regression,-0.020882887055475172,success,
514,row,doubly_robust,-0.02828843339208582,success,
514,apk_cluster,psm,0.03830377260384771,success,
514,apk_cluster,logistic_regression,-0.06532027905227861,success,
514,apk_cluster,doubly_robust,-0.04796155915054436,success,
515,row,psm,-0.00590717299578059,success,
515,row,logistic_regression,-0.04038964854316995,success,
515,row,doubly_robust,-0.0236263011123399,success,
515,apk_cluster,psm,0.0009834050399508297,success,
515,apk_cluster,logistic_regression,-0.08735594019974026,success,
515,apk_cluster,doubly_robust,-0.05977406553673074,success,
516,row,psm,-0.0008438818565400846,success,
516,row,logistic_regression,-0.006181045882578266,success,
516,row,doubly_robust,0.004921205960892014,success,
516,apk_cluster,psm,0.1178343949044586,success,
516,apk_cluster,logistic_regression,-0.07160033529533753,success,
516,apk_cluster,doubly_robust,-0.049174627113633275,success,
517,row,psm,0.04062688366485835,success,
517,row,logistic_regression,-0.046757461494267516,success,
517,row,doubly_robust,-0.0342321949161132,success,
517,apk_cluster,psm,0.1081795856684088,success,
517,apk_cluster,logistic_regression,-0.04530752139142448,success,
517,apk_cluster,doubly_robust,-0.02595353740225631,success,
518,row,psm,0.05177817962628089,success,
518,row,logistic_regression,-0.01738907746594564,success,
518,row,doubly_robust,-0.011524889200046604,success,
518,apk_cluster,psm,0.09970691676436108,success,
518,apk_cluster,logistic_regression,0.06826904731948452,success,
518,apk_cluster,doubly_robust,0.027152859250280215,success,
519,row,psm,0.011693791440626884,success,
519,row,logistic_regression,-0.04207307994980054,success,
519,row,doubly_robust,-0.041451978189781934,success,
519,apk_cluster,psm,0.03236607142857143,success,
519,apk_cluster,logistic_regression,-0.09296717994766972,success,
519,apk_cluster,doubly_robust,-0.06465698420663891,success,
520,row,psm,-0.009041591320072333,success,
520,row,logistic_regression,-0.028878033534544576,success,
520,row,doubly_robust,-0.006555253036586908,success,
520,apk_cluster,psm,0.07430593358737071,success,
520,apk_cluster,logistic_regression,-0.045032971158261714,success,
520,apk_cluster,doubly_robust,-0.021645394208138175,success,
521,row,psm,-0.04864376130198915,success,
521,row,logistic_regression,-0.021012102988450868,success,
521,row,doubly_robust,-0.009278787876879772,success,
521,apk_cluster,psm,0.08319287262220082,success,
521,apk_cluster,logistic_regression,-0.01497079420206472,success,
521,apk_cluster,doubly_robust,-0.018151017072813462,success,
522,row,psm,-0.04394213381555154,success,
522,row,logistic_regression,-0.03305406626282021,success,
522,row,doubly_robust,-0.025548248531168754,success,
522,apk_cluster,psm,0.05074033947273384,success,
522,apk_cluster,logistic_regression,0.026100675074720473,success,
522,apk_cluster,doubly_robust,0.03560677199723521,success,
523,row,psm,0.05973477998794455,success,
523,row,logistic_regression,-0.028461507670416598,success,
523,row,doubly_robust,-0.026979400781110743,success,
523,apk_cluster,psm,0.06087910818460117,success,
523,apk_cluster,logistic_regression,-0.012404448286388927,success,
523,apk_cluster,doubly_robust,-0.040486480668125525,success,
524,row,psm,-0.008921036769138035,success,
524,row,logistic_regression,-0.03423240441188948,success,
524,row,doubly_robust,-0.023126472878613004,success,
524,apk_cluster,psm,0.10877581120943951,success,
524,apk_cluster,logistic_regression,-0.04606431528700739,success,
524,apk_cluster,doubly_robust,-0.05745326999936368,success,
525,row,psm,-0.014165159734779989,success,
525,row,logistic_regression,-0.03804496933498657,success,
525,row,doubly_robust,-0.04312071483190829,success,
525,apk_cluster,psm,0.09017722368200369,success,
525,apk_cluster,logistic_regression,0.08676555879977443,success,
525,apk_cluster,doubly_robust,0.011415136604724117,success,
526,row,psm,0.02272453285111513,success,
526,row,logistic_regression,-0.015016363043922459,success,
526,row,doubly_robust,-0.010523979030292195,success,
526,apk_cluster,psm,0.02505446623093682,success,
526,apk_cluster,logistic_regression,-0.1274527895953514,success,
526,apk_cluster,doubly_robust,-0.10440146897809147,success,
527,row,psm,-0.022362869198312235,success,
527,row,logistic_regression,-0.018624492151339753,success,
527,row,doubly_robust,-0.010266327930206176,success,
527,apk_cluster,psm,0.06862967157417893,success,
527,apk_cluster,logistic_regression,-0.11346299953516296,success,
527,apk_cluster,doubly_robust,-0.0742462960893291,success,
528,row,psm,0.06383363471971067,success,
528,row,logistic_regression,-0.019289501699692888,success,
528,row,doubly_robust,-0.017559065028483745,success,
528,apk_cluster,psm,0.15568828213879407,success,
528,apk_cluster,logistic_regression,-0.015448799862596677,success,
528,apk_cluster,doubly_robust,0.011924101764473066,success,
529,row,psm,0.06353224834237492,success,
529,row,logistic_regression,-0.018753868449394324,success,
529,row,doubly_robust,-0.016300373952681923,success,
529,apk_cluster,psm,0.01843125559200716,success,
529,apk_cluster,logistic_regression,-0.1406076934840327,success,
529,apk_cluster,doubly_robust,-0.13065220357362928,success,
530,row,psm,-0.0028933092224231465,success,
530,row,logistic_regression,-0.023004229877805475,success,
530,row,doubly_robust,-0.011370946272984059,success,
530,apk_cluster,psm,0.06040344514959202,success,
530,apk_cluster,logistic_regression,-0.04212799379265078,success,
530,apk_cluster,doubly_robust,-0.026621653036189984,success,
531,row,psm,-0.008016877637130802,success,
531,row,logistic_regression,-0.04097976475067413,success,
531,row,doubly_robust,-0.01900806549848129,success,
531,apk_cluster,psm,0.07775112619200843,success,
531,apk_cluster,logistic_regression,-0.01799663818856906,success,
531,apk_cluster,doubly_robust,-0.03550482594675663,success,
532,row,psm,-0.0483423749246534,success,
532,row,logistic_regression,-0.053729301029024436,success,
532,row,doubly_robust,-0.04659444687590239,success,
532,apk_cluster,psm,0.020250907469910207,success,
532,apk_cluster,logistic_regression,-0.12737887014912516,success,
532,apk_cluster,doubly_robust,-0.10444832520516581,success,
533,row,psm,0.03767329716696805,success,
533,row,logistic_regression,-0.03786678604907577,success,
533,row,doubly_robust,-0.04009613897442924,success,
533,apk_cluster,psm,0.07512351925709863,success,
533,apk_cluster,logistic_regression,-0.031299735994503614,success,
533,apk_cluster,doubly_robust,-0.022439344485449167,success,
534,row,psm,-0.036949969861362265,success,
534,row,logistic_regression,-0.044488705465184776,success,
534,row,doubly_robust,-0.03884244449938936,success,
534,apk_cluster,psm,0.08461938616264955,success,
534,apk_cluster,logistic_regression,0.0350614265406972,success,
534,apk_cluster,doubly_robust,-0.0513253867472841,success,
535,row,psm,-0.028330319469559977,success,
535,row,logistic_regression,-0.029437997310573182,success,
535,row,doubly_robust,-0.025496394306620228,success,
535,apk_cluster,psm,0.07168543300123799,success,
535,apk_cluster,logistic_regression,0.04416440957891545,success,
535,apk_cluster,doubly_robust,0.016466422184217882,success,
536,row,psm,0.024894514767932484,success,
536,row,logistic_regression,-0.03019043389225603,success,
536,row,doubly_robust,-0.010961408315795238,success,
536,apk_cluster,psm,0.10104039167686658,success,
536,apk_cluster,logistic_regression,-0.031062948357451565,success,
536,apk_cluster,doubly_robust,0.0014168874442246195,success,
537,row,psm,-0.01723930078360458,success,
537,row,logistic_regression,-0.023035754942202506,success,
537,row,doubly_robust,-0.014154761523333882,success,
537,apk_cluster,psm,0.11299276621992935,success,
537,apk_cluster,logistic_regression,0.033193034391106865,success,
537,apk_cluster,doubly_robust,0.018032781331147444,success,
538,row,psm,-0.00433996383363472,success,
538,row,logistic_regression,-0.020814729637030314,success,
538,row,doubly_robust,-0.013352490214915394,success,
538,apk_cluster,psm,0.06261098699662027,success,
538,apk_cluster,logistic_regression,0.11002612178824922,success,
538,apk_cluster,doubly_robust,0.03908118299397601,success,
539,row,psm,-0.042374924653405664,success,
539,row,logistic_regression,-0.028750348149571982,success,
539,row,doubly_robust,-0.022068804436061216,success,
539,apk_cluster,psm,0.0252160915058166,success,
539,apk_cluster,logistic_regression,-0.12370478960586226,success,
539,apk_cluster,doubly_robust,-0.09963420896345694,success,
540,row,psm,-0.0325497287522604,success,
540,row,logistic_regression,-0.029658954408119,success,
540,row,doubly_robust,-0.02114731642656818,success,
540,apk_cluster,psm,0.12958185853980442,success,
540,apk_cluster,logistic_regression,-0.1342567134649748,success,
540,apk_cluster,doubly_robust,-0.12490155177030977,success,
541,row,psm,0.03291139240506329,success,
541,row,logistic_regression,-0.019811630410736386,success,
541,row,doubly_robust,-0.01406664227157375,success,
541,apk_cluster,psm,0.05409162717219589,success,
541,apk_cluster,logistic_regression,-0.08248046242287525,success,
541,apk_cluster,doubly_robust,-0.04482085519554043,success,
542,row,psm,-0.053285111512959615,success,
542,row,logistic_regression,-0.021661985166298362,success,
542,row,doubly_robust,0.00010885899369438025,success,
542,apk_cluster,psm,0.006134265894628216,success,
542,apk_cluster,logistic_regression,-0.0749355928730048,success,
542,apk_cluster,doubly_robust,-0.016816238088828355,success,
543,row,psm,0.02218203737191079,success,
543,row,logistic_regression,-0.02688073240949436,success,
543,row,doubly_robust,-0.016367015744795023,success,
543,apk_cluster,psm,0.10360635696821516,success,
543,apk_cluster,logistic_regression,0.07023127891064777,success,
543,apk_cluster,doubly_robust,0.012887891492197124,success,
544,row,psm,-0.003074141048824593,success,
544,row,logistic_regression,-0.026317315845888114,success,
544,row,doubly_robust,-0.01920313364238315,success,
544,apk_cluster,psm,0.040903614457831326,success,
544,apk_cluster,logistic_regression,-0.23623617901036717,success,
544,apk_cluster,doubly_robust,-0.15556604111951458,success,
545,row,psm,-0.035985533453887886,success,
545,row,logistic_regression,-0.028491363832325152,success,
545,row,doubly_robust,-0.02373832736537108,success,
545,apk_cluster,psm,0.056110534509600414,success,
545,apk_cluster,logistic_regression,-0.08715535530280476,success,
545,apk_cluster,doubly_robust,-0.0864059173251565,success,
546,row,psm,0.06636528028933092,success,
546,row,logistic_regression,-0.01394263672423061,success,
546,row,doubly_robust,-0.01126269253630672,success,
546,apk_cluster,psm,-0.019932171119176535,success,
546,apk_cluster,logistic_regression,-0.05137112500651891,success,
546,apk_cluster,doubly_robust,-0.004906345914582268,success,
547,row,psm,0.02814948764315853,success,
547,row,logistic_regression,-0.029765007061943044,success,
547,row,doubly_robust,-0.016842743263816125,success,
547,apk_cluster,psm,0.054921412777146954,success,
547,apk_cluster,logistic_regression,-0.034670647317382654,success,
547,apk_cluster,doubly_robust,-0.006266898629990196,success,
548,row,psm,0.05051235684147076,success,
548,row,logistic_regression,-0.02202930465331721,success,
548,row,doubly_robust,-0.015445221912444655,success,
548,apk_cluster,psm,0.08067589886926693,success,
548,apk_cluster,logistic_regression,0.026089601888471543,success,
548,apk_cluster,doubly_robust,0.0048485977144745295,success,
549,row,psm,-0.018685955394816153,success,
549,row,logistic_regression,-0.024951902988755225,success,
549,row,doubly_robust,-0.024986407429517247,success,
549,apk_cluster,psm,0.07031893982626339,success,
549,apk_cluster,logistic_regression,-0.19422883663356263,success,
549,apk_cluster,doubly_robust,-0.11540119513600543,success,
550,row,psm,0.03267028330319469,success,
550,row,logistic_regression,-0.024079239749612156,success,
550,row,doubly_robust,-0.01074450262474747,success,
550,apk_cluster,psm,0.02146471991158164,success,
550,apk_cluster,logistic_regression,-0.13236053519418486,success,
550,apk_cluster,doubly_robust,-0.09462555518216566,success,
551,row,psm,-0.027968655816757084,success,
551,row,logistic_regression,-0.03033039037949432,success,
551,row,doubly_robust,-0.01719357565111354,success,
551,apk_cluster,psm,-0.011812045690550364,success,
551,apk_cluster,logistic_regression,-0.12124749290201342,success,
551,apk_cluster,doubly_robust,-0.10976676420554808,success,
552,row,psm,0.014104882459312839,success,
552,row,logistic_regression,-0.004896066281789558,success,
552,row,doubly_robust,0.0029044971520568834,success,
552,apk_cluster,psm,-0.028774752475247526,success,
552,apk_cluster,logistic_regression,-0.10568577386735144,success,
552,apk_cluster,doubly_robust,-0.10171303662447832,success,
553,row,psm,-0.03688969258589512,success,
553,row,logistic_regression,-0.02047170468627332,success,
553,row,doubly_robust,-0.017387830899096283,success,
553,apk_cluster,psm,0.022007609013754755,success,
553,apk_cluster,logistic_regression,-0.0870227267458175,success,
553,apk_cluster,doubly_robust,-0.032414130967095285,success,
554,row,psm,-0.03345388788426763,success,
554,row,logistic_regression,-0.01968824336267332,success,
554,row,doubly_robust,-0.010033158928177684,success,
554,apk_cluster,psm,0.13764371528226327,success,
554,apk_cluster,logistic_regression,-0.0261629702673493,success,
554,apk_cluster,doubly_robust,-0.024690638985326918,success,
555,row,psm,0.0324291742013261,success,
555,row,logistic_regression,-0.0415934378349342,success,
555,row,doubly_robust,-0.027603988196465763,success,
555,apk_cluster,psm,0.032900862871686636,success,
555,apk_cluster,logistic_regression,-0.21977512442968555,success,
555,apk_cluster,doubly_robust,-0.14403456444516854,success,
556,row,psm,-0.02531645569620253,success,
556,row,logistic_regression,-0.03790576226336613,success,
556,row,doubly_robust,-0.017223948939763024,success,
556,apk_cluster,psm,0.05660834291941636,success,
556,apk_cluster,logistic_regression,0.01585032223493847,success,
556,apk_cluster,doubly_robust,-0.029003072646826188,success,
557,row,psm,0.07902350813743218,success,
557,row,logistic_regression,-0.006840006669293544,success,
557,row,doubly_robust,-0.006263819585720544,success,
557,apk_cluster,psm,-0.029990345160511706,success,
557,apk_cluster,logistic_regression,-0.08001092613705423,success,
557,apk_cluster,doubly_robust,-0.06677045273025055,success,
558,row,psm,-0.01470765521398433,success,
558,row,logistic_regression,-0.04863943396392239,success,
558,row,doubly_robust,-0.035484916590814077,success,
558,apk_cluster,psm,0.11729370850458426,success,
558,apk_cluster,logistic_regression,-0.11824889475617824,success,
558,apk_cluster,doubly_robust,-0.11288356413812001,success,
559,row,psm,0.013984327908378542,success,
559,row,logistic_regression,-0.03483267956282877,success,
559,row,doubly_robust,-0.02563080139136029,success,
559,apk_cluster,psm,-0.011257786159209098,success,
559,apk_cluster,logistic_regression,-0.07472476895979027,success,
559,apk_cluster,doubly_robust,-0.053143269264625294,success,
560,row,psm,0.019168173598553346,success,
560,row,logistic_regression,-0.03206272190854537,success,
560,row,doubly_robust,-0.018621532974206365,success,
560,apk_cluster,psm,0.05695716395864106,success,
560,apk_cluster,logistic_regression,0.04095733872600937,success,
560,apk_cluster,doubly_robust,0.03749804104041809,success,
561,row,psm,0.023025919228450875,success,
561,row,logistic_regression,-0.024309196909104075,success,
561,row,doubly_robust,-0.016784909153554448,success,
561,apk_cluster,psm,0.0595048159309815,success,
561,apk_cluster,logistic_regression,-0.03445082594547847,success,
561,apk_cluster,doubly_robust,-0.03402398802150955,success,
562,row,psm,0.026823387582881254,success,
562,row,logistic_regression,-0.029357134827535453,success,
562,row,doubly_robust,-0.01807109012680934,success,
562,apk_cluster,psm,0.055383305976047174,success,
562,apk_cluster,logistic_regression,-0.07823043069786285,success,
562,apk_cluster,doubly_robust,-0.08330496280142353,success,
563,row,psm,-0.008981314044605183,success,
563,row,logistic_regression,-0.019847076207993895,success,
563,row,doubly_robust,-0.012475644307537741,success,
563,apk_cluster,psm,0.0165998148719531,success,
563,apk_cluster,logistic_regression,-0.03703241345574235,success,
563,apk_cluster,doubly_robust,-0.00863477596303289,success,
564,row,psm,-0.0761904761904762,success,
564,row,logistic_regression,-0.044130834605801965,success,
564,row,doubly_robust,-0.027809291537209683,success,
564,apk_cluster,psm,0.0560144709074465,success,
564,apk_cluster,logistic_regression,-0.05572072222250618,success,
564,apk_cluster,doubly_robust,-0.04163599099080878,success,
565,row,psm,0.012115732368896926,success,
565,row,logistic_regression,-0.03944075836274612,success,
565,row,doubly_robust,-0.032733062399145745,success,
565,apk_cluster,psm,0.07730876075614879,success,
565,apk_cluster,logistic_regression,-0.0645002587969777,success,
565,apk_cluster,doubly_robust,-0.015257220448937446,success,
566,row,psm,-0.018203737191078963,success,
566,row,logistic_regression,-0.030102369900635084,success,
566,row,doubly_robust,-0.02669161079477786,success,
566,apk_cluster,psm,-0.03117206982543641,success,
566,apk_cluster,logistic_regression,-0.021997241792437873,success,
566,apk_cluster,doubly_robust,-0.008769046620880532,success,
567,row,psm,0.023990355635925255,success,
567,row,logistic_regression,-0.036019987745931896,success,
567,row,doubly_robust,-0.021223282373040633,success,
567,apk_cluster,psm,0.06435267291613884,success,
567,apk_cluster,logistic_regression,-0.15834600873895388,success,
567,apk_cluster,doubly_robust,-0.14230778702917038,success,
568,row,psm,-0.040204942736588305,success,
568,row,logistic_regression,-0.02315734166006239,success,
568,row,doubly_robust,-0.009346994912404484,success,
568,apk_cluster,psm,0.06812837996708206,success,
568,apk_cluster,logistic_regression,-0.027717553073068755,success,
568,apk_cluster,doubly_robust,-0.030703729407576166,success,
569,row,psm,0.03556359252561784,success,
569,row,logistic_regression,-0.04970917363576584,success,
569,row,doubly_robust,-0.05027291693873387,success,
569,apk_cluster,psm,0.0741926264647042,success,
569,apk_cluster,logistic_regression,-0.025141575995961667,success,
569,apk_cluster,doubly_robust,-0.007627874664349418,success,
570,row,psm,0.0027727546714888486,success,
570,row,logistic_regression,-0.020662243869018205,success,
570,row,doubly_robust,-0.011198673114021295,success,
570,apk_cluster,psm,0.001188636633781053,success,
570,apk_cluster,logistic_regression,0.11161256105705296,success,
570,apk_cluster,doubly_robust,0.02487164913601305,success,
571,row,psm,-0.0433996383363472,success,
571,row,logistic_regression,-0.0333715827167639,success,
571,row,doubly_robust,-0.021852332533592728,success,
571,apk_cluster,psm,0.10688185140073081,success,
571,apk_cluster,logistic_regression,-0.028446512242316032,success,
571,apk_cluster,doubly_robust,-0.03389837268181923,success,
572,row,psm,0.1353827606992164,success,
572,row,logistic_regression,-0.02367106595464335,success,
572,row,doubly_robust,-0.01836218691886693,success,
572,apk_cluster,psm,-0.00300208307805416,success,
572,apk_cluster,logistic_regression,-0.06740851951189375,success,
572,apk_cluster,doubly_robust,-0.06128468565545046,success,
573,row,psm,-0.023447860156720915,success,
573,row,logistic_regression,-0.02519223395500512,success,
573,row,doubly_robust,-0.01429982940194791,success,
573,apk_cluster,psm,0.1366527874161462,success,
573,apk_cluster,logistic_regression,0.047418479239081227,success,
573,apk_cluster,doubly_robust,0.000978929988528895,success,
574,row,psm,0.03441832429174201,success,
574,row,logistic_regression,-0.022583510855964477,success,
574,row,doubly_robust,-0.005582156780850908,success,
574,apk_cluster,psm,0.09463590050943961,success,
574,apk_cluster,logistic_regression,0.005047089565933182,success,
574,apk_cluster,doubly_robust,0.015120249858479987,success,
575,row,psm,-0.08890898131404461,success,
575,row,logistic_regression,-0.04812767634441492,success,
575,row,doubly_robust,-0.03786117841404115,success,
575,apk_cluster,psm,0.0869772145874234,success,
575,apk_cluster,logistic_regression,-0.06861931511212764,success,
575,apk_cluster,doubly_robust,-0.0381227190315509,success,
576,row,psm,0.018022905364677516,success,
576,row,logistic_regression,-0.03519993825381216,success,
576,row,doubly_robust,-0.0327792110033216,success,
576,apk_cluster,psm,0.028513238289205704,success,
576,apk_cluster,logistic_regression,0.004685505224189642,success,
576,apk_cluster,doubly_robust,-0.0003727502132700689,success,
577,row,psm,0.007233273056057866,success,
577,row,logistic_regression,-0.025506089286534875,success,
577,row,doubly_robust,-0.017351376681233228,success,
577,apk_cluster,psm,0.028912948244571,success,
577,apk_cluster,logistic_regression,-0.05660578254602072,success,
577,apk_cluster,doubly_robust,-0.06388082087810447,success,
578,row,psm,-0.06292947558770344,success,
578,row,logistic_regression,-0.03752759589039791,success,
578,row,doubly_robust,-0.012946980949609875,success,
578,apk_cluster,psm,-0.007451746884925482,success,
578,apk_cluster,logistic_regression,-0.0906644182831374,success,
578,apk_cluster,doubly_robust,-0.07336359170808929,success,
579,row,psm,0.026582278481012658,success,
579,row,logistic_regression,-0.02332528652030988,success,
579,row,doubly_robust,-0.019391794469319986,success,
579,apk_cluster,psm,-0.007791017415215398,success,
579,apk_cluster,logistic_regression,0.02207256039927247,success,
579,apk_cluster,doubly_robust,0.016744075485943522,success,
580,row,psm,0.032610006027727546,success,
580,row,logistic_regression,-0.045876309544311385,success,
580,row,doubly_robust,-0.024796149672592947,success,
580,apk_cluster,psm,0.020535599330500837,success,
580,apk_cluster,logistic_regression,-0.06762202949547569,success,
580,apk_cluster,doubly_robust,-0.08895936495721983,success,
581,row,psm,-0.0297166968053044,success,
581,row,logistic_regression,-0.015908964045082883,success,
581,row,doubly_robust,-0.00599957691759645,success,
581,apk_cluster,psm,0.09923224568138196,success,
581,apk_cluster,logistic_regression,0.0038665777355783113,success,
581,apk_cluster,doubly_robust,0.013615168045922764,success,
582,row,psm,-0.012839059674502712,success,
582,row,logistic_regression,-0.027475343967696856,success,
582,row,doubly_robust,-0.009923081326149136,success,
582,apk_cluster,psm,-0.032995403312134,success,
582,apk_cluster,logistic_regression,-0.019296095121727336,success,
582,apk_cluster,doubly_robust,-0.03721096084477658,success,
583,row,psm,0.02652200120554551,success,
583,row,logistic_regression,-0.03861386034447777,success,
583,row,doubly_robust,-0.03455447309923922,success,
583,apk_cluster,psm,0.09865829640571147,success,
583,apk_cluster,logistic_regression,-0.045429501085899014,success,
583,apk_cluster,doubly_robust,-0.02193433269512117,success,
584,row,psm,0.013321277878239904,success,
584,row,logistic_regression,-0.04281639877474742,success,
584,row,doubly_robust,-0.036928155022648054,success,
584,apk_cluster,psm,0.07932387215876313,success,
584,apk_cluster,logistic_regression,0.027219141718494908,success,
584,apk_cluster,doubly_robust,0.01733774095861432,success,
585,row,psm,0.015009041591320072,success,
585,row,logistic_regression,-0.02798333299510437,success,
585,row,doubly_robust,-0.02854432549053999,success,
585,apk_cluster,psm,0.06821902856103329,success,
585,apk_cluster,logistic_regression,-0.050164426582651404,success,
585,apk_cluster,doubly_robust,-0.022604242554072115,success,
586,row,psm,0.016455696202531647,success,
586,row,logistic_regression,-0.027541129589319056,success,
586,row,doubly_robust,-0.024613821397454737,success,
586,apk_cluster,psm,0.05403594273530308,success,
586,apk_cluster,logistic_regression,-0.1023807798336057,success,
586,apk_cluster,doubly_robust,-0.06776206953280048,success,
587,row,psm,-0.06546112115732369,success,
587,row,logistic_regression,-0.05693998391798088,success,
587,row,doubly_robust,-0.05483533087000294,success,
587,apk_cluster,psm,0.08595426399362392,success,
587,apk_cluster,logistic_regression,-0.16704929910711866,success,
587,apk_cluster,doubly_robust,-0.1279540286670398,success,
588,row,psm,0.04297769740807716,success,
588,row,logistic_regression,-0.04341703519748649,success,
588,row,doubly_robust,-0.021967225762586744,success,
588,apk_cluster,psm,0.023220472919579356,success,
588,apk_cluster,logistic_regression,-0.16553098912491304,success,
588,apk_cluster,doubly_robust,-0.16590969765810737,success,
589,row,psm,0.025195901145268235,success,
589,row,logistic_regression,-0.04034346528139964,success,
589,row,doubly_robust,-0.03983934870767964,success,
589,apk_cluster,psm,0.09266097392107085,success,
589,apk_cluster,logistic_regression,-0.07496211308203143,success,
589,apk_cluster,doubly_robust,-0.031800107176008306,success,
590,row,psm,0.016937914406268836,success,
590,row,logistic_regression,-0.030585186222629623,success,
590,row,doubly_robust,-0.032999991414587204,success,
590,apk_cluster,psm,0.008447118722517938,success,
590,apk_cluster,logistic_regression,-0.10897644120088361,success,
590,apk_cluster,doubly_robust,-0.04988678657090316,success,
591,row,psm,-0.0015069318866787222,success,
591,row,logistic_regression,0.006059671286374662,success,
591,row,doubly_robust,0.009972259330845149,success,
591,apk_cluster,psm,-0.06811505847142936,success,
591,apk_cluster,logistic_regression,0.06307474832575384,success,
591,apk_cluster,doubly_robust,0.01133477409528115,success,
592,row,psm,-0.018203737191078963,success,
592,row,logistic_regression,-0.04822781616050034,success,
592,row,doubly_robust,-0.04201549123074621,success,
592,apk_cluster,psm,0.0904945054945055,success,
592,apk_cluster,logistic_regression,0.146806513056916,success,
592,apk_cluster,doubly_robust,0.04233059095219739,success,
593,row,psm,0.002591922845087402,success,
593,row,logistic_regression,-0.031190849489165822,success,
593,row,doubly_robust,-0.031286968087752116,success,
593,apk_cluster,psm,0.055484265200122215,success,
593,apk_cluster,logistic_regression,-0.1485882843369862,success,
593,apk_cluster,doubly_robust,-0.12730913008343356,success,
594,row,psm,0.018746232670283303,success,
594,row,logistic_regression,-0.028067254408343595,success,
594,row,doubly_robust,-0.014416222843922456,success,
594,apk_cluster,psm,0.009710411399678235,success,
594,apk_cluster,logistic_regression,0.010085984149530065,success,
594,apk_cluster,doubly_robust,-0.02124585463198133,success,
595,row,psm,-0.02061482820976492,success,
595,row,logistic_regression,-0.03435885063568515,success,
595,row,doubly_robust,-0.021689928836904772,success,
595,apk_cluster,psm,0.007954203073214823,success,
595,apk_cluster,logistic_regression,-0.09924129134388283,success,
595,apk_cluster,doubly_robust,-0.08922085893188364,success,
596,row,psm,-0.021820373719107895,success,
596,row,logistic_regression,-0.035123415856771076,success,
596,row,doubly_robust,-0.030392748425888946,success,
596,apk_cluster,psm,0.11707409036636714,success,
596,apk_cluster,logistic_regression,-0.11205124966568018,success,
596,apk_cluster,doubly_robust,-0.036603816666338426,success,
597,row,psm,-0.047619047619047616,success,
597,row,logistic_regression,-0.03482609217095125,success,
597,row,doubly_robust,-0.030743252734142603,success,
597,apk_cluster,psm,-0.047196526335661695,success,
597,apk_cluster,logistic_regression,-0.0019830719720290986,success,
597,apk_cluster,doubly_robust,-0.02032616421495215,success,
598,row,psm,0.02531645569620253,success,
598,row,logistic_regression,-0.015800165432668514,success,
598,row,doubly_robust,-0.011055476909745525,success,
598,apk_cluster,psm,0.06395707413346491,success,
598,apk_cluster,logistic_regression,-0.055385770878146535,success,
598,apk_cluster,doubly_robust,-0.052605198447752057,success,
599,row,psm,0.011512959614225438,success,
599,row,logistic_regression,-0.04960141804618231,success,
599,row,doubly_robust,-0.044262502839204805,success,
599,apk_cluster,psm,-0.021053252344164653,success,
599,apk_cluster,logistic_regression,0.013400074701027685,success,
599,apk_cluster,doubly_robust,-0.03151383546831868,success,
600,row,psm,0.043580470162748644,success,
600,row,logistic_regression,-0.02563056572621806,success,
600,row,doubly_robust,-0.010720922162793979,success,
600,apk_cluster,psm,0.015081060701269322,success,
600,apk_cluster,logistic_regression,0.02469463225801321,success,
600,apk_cluster,doubly_robust,0.018837764041485728,success,
601,row,psm,-0.039119951778179625,success,
601,row,logistic_regression,-0.057129294816338376,success,
601,row,doubly_robust,-0.04176468620392177,success,
601,apk_cluster,psm,0.01174350689698024,success,
601,apk_cluster,logistic_regression,-0.1189950407160959,success,
601,apk_cluster,doubly_robust,-0.08962471629591227,success,
602,row,psm,0.008921036769138035,success,
602,row,logistic_regression,-0.02959950081331986,success,
602,row,doubly_robust,-0.022704644105024083,success,
602,apk_cluster,psm,0.026620091544206217,success,
602,apk_cluster,logistic_regression,-0.03027772845917962,success,
602,apk_cluster,doubly_robust,0.035464150301164045,success,
603,row,psm,-0.015069318866787222,success,
603,row,logistic_regression,-0.027832856276222027,success,
603,row,doubly_robust,-0.020180732629990608,success,
603,apk_cluster,psm,0.02436097443897756,success,
603,apk_cluster,logistic_regression,0.052192755321787146,success,
603,apk_cluster,doubly_robust,0.017411491826923253,success,
604,row,psm,0.018022905364677516,success,
604,row,logistic_regression,-0.03252775618853498,success,
604,row,doubly_robust,-0.033214838044487216,success,
604,apk_cluster,psm,0.0878554538288971,success,
604,apk_cluster,logistic_regression,-0.17132770756812224,success,
604,apk_cluster,doubly_robust,-0.1440933961790467,success,
605,row,psm,-0.008559373116335142,success,
605,row,logistic_regression,-0.05382320041188441,success,
605,row,doubly_robust,-0.050147388308303925,success,
605,apk_cluster,psm,0.016353279843204508,success,
605,apk_cluster,logistic_regression,0.015772044290577873,success,
605,apk_cluster,doubly_robust,-0.0036032087538408644,success,
606,row,psm,0.024412296564195298,success,
606,row,logistic_regression,-0.028735609379351722,success,
606,row,doubly_robust,-0.026929370606055127,success,
606,apk_cluster,psm,0.04569967198532273,success,
606,apk_cluster,logistic_regression,0.046137169604811255,success,
606,apk_cluster,doubly_robust,-0.021721612428755158,success,
607,row,psm,0.08149487643158529,success,
607,row,logistic_regression,-0.024940733522461154,success,
607,row,doubly_robust,-0.009739707387316186,success,
607,apk_cluster,psm,-0.0003785011355034065,success,
607,apk_cluster,logistic_regression,-0.14928233392565848,success,
607,apk_cluster,doubly_robust,-0.07720122971755228,success,
608,row,psm,-0.01729957805907173,success,
608,row,logistic_regression,-0.03464379636532051,success,
608,row,doubly_robust,-0.01620853212033344,success,
608,apk_cluster,psm,0.06395559309762278,success,
608,apk_cluster,logistic_regression,-0.026682873052409607,success,
608,apk_cluster,doubly_robust,-0.023967704229494236,success,
609,row,psm,-0.019168173598553346,success,
609,row,logistic_regression,-0.030293039758352056,success,
609,row,doubly_robust,-0.023671155145160324,success,
609,apk_cluster,psm,0.03641077004654451,success,
609,apk_cluster,logistic_regression,0.10526621458233264,success,
609,apk_cluster,doubly_robust,0.04363256653292173,success,
610,row,psm,0.023809523809523808,success,
610,row,logistic_regression,-0.03867294157464974,success,
610,row,doubly_robust,-0.02361342698596142,success,
610,apk_cluster,psm,0.04092039008222322,success,
610,apk_cluster,logistic_regression,-0.008505298865202977,success,
610,apk_cluster,doubly_robust,-0.017459771226193892,success,
611,row,psm,0.024954792043399638,success,
611,row,logistic_regression,-0.03567195669801399,success,
611,row,doubly_robust,-0.021068420922431507,success,
611,apk_cluster,psm,0.040946525925066694,success,
611,apk_cluster,logistic_regression,-0.04999968576227488,success,
611,apk_cluster,doubly_robust,-0.04946783637224439,success,
612,row,psm,-0.006931886678722122,success,
612,row,logistic_regression,-0.027818876809170542,success,
612,row,doubly_robust,-0.025136229810770704,success,
612,apk_cluster,psm,-0.0012464165524118161,success,
612,apk_cluster,logistic_regression,-0.025400374916177193,success,
612,apk_cluster,doubly_robust,-0.023593219941695366,success,
613,row,psm,0.02272453285111513,success,
613,row,logistic_regression,-0.032014351572175685,success,
613,row,doubly_robust,-0.025262757380847604,success,
613,apk_cluster,psm,0.004810294029222536,success,
613,apk_cluster,logistic_regression,-0.04704772877386211,success,
613,apk_cluster,doubly_robust,-0.05981913784629099,success,
614,row,psm,0.020916214587100662,success,
614,row,logistic_regression,-0.02469535418972095,success,
614,row,doubly_robust,-0.019420446097793687,success,
614,apk_cluster,psm,0.030509120955952453,success,
614,apk_cluster,logistic_regression,-0.09136743884869723,success,
614,apk_cluster,doubly_robust,-0.0739035325025942,success,
615,row,psm,0.0969258589511754,success,
615,row,logistic_regression,0.001571947429059154,success,
615,row,doubly_robust,0.006948690944334495,success,
615,apk_cluster,psm,0.0633481549922042,success,
615,apk_cluster,logistic_regression,0.050652725944643144,success,
615,apk_cluster,doubly_robust,-0.01684866440192432,success,
616,row,psm,-0.042616033755274264,success,
616,row,logistic_regression,-0.026610581979004594,success,
616,row,doubly_robust,-0.02240550238681118,success,
616,apk_cluster,psm,0.0682232269383899,success,
616,apk_cluster,logistic_regression,-0.07228521172130385,success,
616,apk_cluster,doubly_robust,-0.07118290362344992,success,
617,row,psm,0.018565400843881856,success,
617,row,logistic_regression,-0.005612633318029131,success,
617,row,doubly_robust,0.010645715316519082,success,
617,apk_cluster,psm,0.03368641458307673,success,
617,apk_cluster,logistic_regression,-0.03474259552453737,success,
617,apk_cluster,doubly_robust,-0.01158095044445736,success,
618,row,psm,0.07347799879445449,success,
618,row,logistic_regression,-0.012203060078562398,success,
618,row,doubly_robust,-0.009589702370732233,success,
618,apk_cluster,psm,0.02128663246653694,success,
618,apk_cluster,logistic_regression,-0.03553185317789577,success,
618,apk_cluster,doubly_robust,-0.011126111544753202,success,
619,row,psm,0.01512959614225437,success,
619,row,logistic_regression,-0.027602783862530098,success,
619,row,doubly_robust,-0.015536824934595569,success,
619,apk_cluster,psm,0.0673480905499467,success,
619,apk_cluster,logistic_regression,-0.15459326320795896,success,
619,apk_cluster,doubly_robust,-0.07185314274244804,success,
620,row,psm,0.05575647980711272,success,
620,row,logistic_regression,-0.01949880446068143,success,
620,row,doubly_robust,-0.016839305658377098,success,
620,apk_cluster,psm,0.035080380087252734,success,
620,apk_cluster,logistic_regression,0.10984117465662706,success,
620,apk_cluster,doubly_robust,0.029332254713648767,success,
621,row,psm,0.08547317661241711,success,
621,row,logistic_regression,-0.007200398761407277,success,
621,row,doubly_robust,-0.0065975803819232,success,
621,apk_cluster,psm,0.1048951048951049,success,
621,apk_cluster,logistic_regression,-0.05336011203504327,success,
621,apk_cluster,doubly_robust,-0.046169840694780966,success,
622,row,psm,-0.036407474382157926,success,
622,row,logistic_regression,-0.03418802422885775,success,
622,row,doubly_robust,-0.01799603591181495,success,
622,apk_cluster,psm,0.05376479476202468,success,
622,apk_cluster,logistic_regression,-0.11148606860395104,success,
622,apk_cluster,doubly_robust,-0.04458016779351231,success,
623,row,psm,0.03719107896323086,success,
623,row,logistic_regression,-0.03643656027242156,success,
623,row,doubly_robust,-0.03363452840608414,success,
623,apk_cluster,psm,0.062816553428042,success,
623,apk_cluster,logistic_regression,-0.027483116434676838,success,
623,apk_cluster,doubly_robust,-0.023793005890031478,success,
624,row,psm,0.05364677516576251,success,
624,row,logistic_regression,-0.02165492533443025,success,
624,row,doubly_robust,-0.018288701916889596,success,
624,apk_cluster,psm,0.11715067217598789,success,
624,apk_cluster,logistic_regression,-0.04297240124987496,success,
624,apk_cluster,doubly_robust,-0.015622384704094086,success,
625,row,psm,-0.0108499095840868,success,
625,row,logistic_regression,-0.02280270924195478,success,
625,row,doubly_robust,-0.010925924280761409,success,
625,apk_cluster,psm,0.05527638190954774,success,
625,apk_cluster,logistic_regression,-0.031551583936602116,success,
625,apk_cluster,doubly_robust,-0.0028918938984641572,success,
626,row,psm,0.0007836045810729355,success,
626,row,logistic_regression,-0.033195444887756845,success,
626,row,doubly_robust,-0.031108522864693212,success,
626,apk_cluster,psm,0.03325107958050586,success,
626,apk_cluster,logistic_regression,-0.15902176269673027,success,
626,apk_cluster,doubly_robust,-0.1434373596891012,success,
627,row,psm,0.009945750452079566,success,
627,row,logistic_regression,-0.027106458734542285,success,
627,row,doubly_robust,-0.023222321455277334,success,
627,apk_cluster,psm,0.03662597114317425,success,
627,apk_cluster,logistic_regression,-0.169407951394164,success,
627,apk_cluster,doubly_robust,-0.15651249878516896,success,
628,row,psm,0.012176009644364074,success,
628,row,logistic_regression,-0.03841458782131897,success,
628,row,doubly_robust,-0.022687136359567716,success,
628,apk_cluster,psm,0.053324594852240226,success,
628,apk_cluster,logistic_regression,-0.03814187704845457,success,
628,apk_cluster,doubly_robust,-0.019734756980886906,success,
629,row,psm,-0.0405666063893912,success,
629,row,logistic_regression,-0.037700542244948294,success,
629,row,doubly_robust,-0.02962108632254735,success,
629,apk_cluster,psm,0.10033007056681084,success,
629,apk_cluster,logistic_regression,0.04855052824533339,success,
629,apk_cluster,doubly_robust,0.024719976414835556,success,
630,row,psm,0.017962628089210366,success,
630,row,logistic_regression,-0.028916448293633573,success,
630,row,doubly_robust,-0.02215019554400793,success,
630,apk_cluster,psm,0.11655840176492217,success,
630,apk_cluster,logistic_regression,-0.011736786924976478,success,
630,apk_cluster,doubly_robust,-0.019571638848550364,success,
631,row,psm,0.031103074141048823,success,
631,row,logistic_regression,-0.02255400747290354,success,
631,row,doubly_robust,-0.021847972410264527,success,
631,apk_cluster,psm,0.0015527950310559005,success,
631,apk_cluster,logistic_regression,-0.161679864744024,success,
631,apk_cluster,doubly_robust,-0.14150243241313196,success,
632,row,psm,-0.03550331525015069,success,
632,row,logistic_regression,-0.03163736134716513,success,
632,row,doubly_robust,-0.014900864627970897,success,
632,apk_cluster,psm,0.16238805970149253,success,
632,apk_cluster,logistic_regression,-0.17365818877628816,success,
632,apk_cluster,doubly_robust,-0.16660984335139337,success,
633,row,psm,-0.0065099457504520794,success,
633,row,logistic_regression,-0.015289412212677616,success,
633,row,doubly_robust,-0.014920247199128576,success,
633,apk_cluster,psm,0.0021599568008639825,success,
633,apk_cluster,logistic_regression,0.02046331470336086,success,
633,apk_cluster,doubly_robust,-0.0194223231976874,success,
634,row,psm,-0.00807715491259795,success,
634,row,logistic_regression,-0.029959494522459097,success,
634,row,doubly_robust,-0.024744655646780828,success,
634,apk_cluster,psm,0.09255866185944796,success,
634,apk_cluster,logistic_regression,0.055628117537665604,success,
634,apk_cluster,doubly_robust,0.03961226258011259,success,
635,row,psm,-0.006690777576853527,success,
635,row,logistic_regression,-0.046304940092059634,success,
635,row,doubly_robust,-0.032395511682347895,success,
635,apk_cluster,psm,0.14012778363625086,success,
635,apk_cluster,logistic_regression,0.04281906556438778,success,
635,apk_cluster,doubly_robust,0.0178862455325027,success,
636,row,psm,-0.02591922845087402,success,
636,row,logistic_regression,-0.05312412403011325,success,
636,row,doubly_robust,-0.03475535221677681,success,
636,apk_cluster,psm,-0.01901559156221339,success,
636,apk_cluster,logistic_regression,-0.06340885919518728,success,
636,apk_cluster,doubly_robust,-0.045598913530961745,success,
637,row,psm,-0.011030741410488246,success,
637,row,logistic_regression,-0.028565229695028307,success,
637,row,doubly_robust,-0.022943373421119184,success,
637,apk_cluster,psm,0.03105629348513599,success,
637,apk_cluster,logistic_regression,-0.12491414654598718,success,
637,apk_cluster,doubly_robust,-0.09853797791724425,success,
638,row,psm,-0.0038577456298975288,success,
638,row,logistic_regression,-0.02508550092678138,success,
638,row,doubly_robust,-0.011057411734174138,success,
638,apk_cluster,psm,0.10103950103950105,success,
638,apk_cluster,logistic_regression,0.001145035159345596,success,
638,apk_cluster,doubly_robust,-0.020685763518863788,success,
639,row,psm,-0.05352622061482821,success,
639,row,logistic_regression,-0.026225374558094545,success,
639,row,doubly_robust,-0.01656572745429458,success,
639,apk_cluster,psm,0.13466889259877574,success,
639,apk_cluster,logistic_regression,0.044754992153559055,success,
639,apk_cluster,doubly_robust,0.04820583088100877,success,
640,row,psm,-0.03875828812537673,success,
640,row,logistic_regression,-0.045023653643503615,success,
640,row,doubly_robust,-0.018249013838919314,success,
640,apk_cluster,psm,-0.02799181314712256,success,
640,apk_cluster,logistic_regression,-0.019618944825716543,success,
640,apk_cluster,doubly_robust,-0.01601517676634669,success,
641,row,psm,0.04472573839662447,success,
641,row,logistic_regression,-0.032305454388082605,success,
641,row,doubly_robust,-0.02638360674099035,success,
641,apk_cluster,psm,0.025694204401428736,success,
641,apk_cluster,logistic_regression,0.08092013212953952,success,
641,apk_cluster,doubly_robust,0.02777703534024254,success,
642,row,psm,-0.02857142857142857,success,
642,row,logistic_regression,-0.03310873389399189,success,
642,row,doubly_robust,-0.028290719329186028,success,
642,apk_cluster,psm,0.06555029880478087,success,
642,apk_cluster,logistic_regression,0.017042724885985145,success,
642,apk_cluster,doubly_robust,-0.003510718397512339,success,
643,row,psm,0.005063291139240506,success,
643,row,logistic_regression,-0.03878938470227513,success,
643,row,doubly_robust,-0.030341854464271185,success,
643,apk_cluster,psm,0.08494208494208494,success,
643,apk_cluster,logistic_regression,0.06980585690142686,success,
643,apk_cluster,doubly_robust,0.03367755506597027,success,
644,row,psm,-0.004581072935503315,success,
644,row,logistic_regression,-0.005087609117854791,success,
644,row,doubly_robust,0.008090192005074591,success,
644,apk_cluster,psm,0.043439185140802875,success,
644,apk_cluster,logistic_regression,-0.014005453591501437,success,
644,apk_cluster,doubly_robust,-0.015742413734620316,success,
645,row,psm,-0.026220614828209764,success,
645,row,logistic_regression,-0.027742892969509887,success,
645,row,doubly_robust,-0.019792724017927976,success,
645,apk_cluster,psm,0.1573486328125,success,
645,apk_cluster,logistic_regression,0.012463197318578912,success,
645,apk_cluster,doubly_robust,0.016576946625091803,success,
646,row,psm,0.02471368294153104,success,
646,row,logistic_regression,-0.025171182188625494,success,
646,row,doubly_robust,-0.004033924188594277,success,
646,apk_cluster,psm,0.06103168104805694,success,
646,apk_cluster,logistic_regression,-0.16067689013244912,success,
646,apk_cluster,doubly_robust,-0.137184465851592,success,
647,row,psm,-0.07606992163954189,success,
647,row,logistic_regression,-0.03157716282018851,success,
647,row,doubly_robust,-0.024474300836850545,success,
647,apk_cluster,psm,-0.0027885548011639186,success,
647,apk_cluster,logistic_regression,-0.1220007643732566,success,
647,apk_cluster,doubly_robust,-0.1280945412725575,success,
648,row,psm,-0.011934900542495479,success,
648,row,logistic_regression,-0.034637593940072944,success,
648,row,doubly_robust,-0.024757044247064115,success,
648,apk_cluster,psm,0.09886389717695662,success,
648,apk_cluster,logistic_regression,0.006886176130174724,success,
648,apk_cluster,doubly_robust,-0.01874468949539724,success,
649,row,psm,-0.08233875828812538,success,
649,row,logistic_regression,-0.025550116000925473,success,
649,row,doubly_robust,-0.014428206613949673,success,
649,apk_cluster,psm,0.020514002535438516,success,
649,apk_cluster,logistic_regression,0.09342008580205825,success,
649,apk_cluster,doubly_robust,0.05945661758181266,success,
650,row,psm,-0.06690777576853527,success,
650,row,logistic_regression,-0.04232777157501798,success,
650,row,doubly_robust,-0.03313592241652642,success,
650,apk_cluster,psm,0.01629174760323328,success,
650,apk_cluster,logistic_regression,-0.06065077572621095,success,
650,apk_cluster,doubly_robust,-0.034789039538425895,success,
651,row,psm,-0.01573236889692586,success,
651,row,logistic_regression,-0.029062630818995086,success,
651,row,doubly_robust,-0.02210802089424529,success,
651,apk_cluster,psm,0.00468181029998266,success,
651,apk_cluster,logistic_regression,-0.01695912518910002,success,
651,apk_cluster,doubly_robust,-0.010289659380009445,success,
652,row,psm,-0.011754068716094032,success,
652,row,logistic_regression,-0.03248082261720533,success,
652,row,doubly_robust,-0.025613143269015603,success,
652,apk_cluster,psm,0.08263261048239236,success,
652,apk_cluster,logistic_regression,-0.023731707334108253,success,
652,apk_cluster,doubly_robust,-0.006317967415067417,success,
653,row,psm,-0.035864978902953586,success,
653,row,logistic_regression,-0.028744217074604707,success,
653,row,doubly_robust,-0.008482143005577997,success,
653,apk_cluster,psm,0.02390335292977583,success,
653,apk_cluster,logistic_regression,-0.12554973083895654,success,
653,apk_cluster,doubly_robust,-0.12053642738755455,success,
654,row,psm,-0.059252561784207354,success,
654,row,logistic_regression,-0.014458187358964305,success,
654,row,doubly_robust,-0.010478698552628767,success,
654,apk_cluster,psm,0.040815088847110194,success,
654,apk_cluster,logistic_regression,-0.015858620142376472,success,
654,apk_cluster,doubly_robust,-0.00853238199181129,success,
655,row,psm,-0.058047016274864374,success,
655,row,logistic_regression,-0.041977849629581294,success,
655,row,doubly_robust,-0.020854290108950506,success,
655,apk_cluster,psm,0.01799011139572288,success,
655,apk_cluster,logistic_regression,-0.11483844001027621,success,
655,apk_cluster,doubly_robust,-0.10312869453495785,success,
656,row,psm,-0.03339361060880048,success,
656,row,logistic_regression,-0.036677888390712614,success,
656,row,doubly_robust,-0.03371701916881207,success,
656,apk_cluster,psm,0.05829810039897576,success,
656,apk_cluster,logistic_regression,-0.12196625730219099,success,
656,apk_cluster,doubly_robust,-0.1151531917839738,success,
657,row,psm,-0.037492465340566605,success,
657,row,logistic_regression,-0.03479069261047799,success,
657,row,doubly_robust,-0.034136555432752326,success,
657,apk_cluster,psm,0.14427860696517414,success,
657,apk_cluster,logistic_regression,0.06016652266549343,success,
657,apk_cluster,doubly_robust,0.051044596624853555,success,
658,row,psm,0.003134418324291742,success,
658,row,logistic_regression,-0.051218570286987807,success,
658,row,doubly_robust,-0.037646463824320166,success,
658,apk_cluster,psm,-0.012484105883712867,success,
658,apk_cluster,logistic_regression,-0.08320640227910683,success,
658,apk_cluster,doubly_robust,-0.014275127614871569,success,
659,row,psm,0.05292344786015672,success,
659,row,logistic_regression,-0.01786286927313503,success,
659,row,doubly_robust,-0.011005109102309276,success,
659,apk_cluster,psm,0.05573656039097045,success,
659,apk_cluster,logistic_regression,0.031820501322984994,success,
659,apk_cluster,doubly_robust,-0.0015216358500448309,success,
660,row,psm,-0.07154912597950573,success,
660,row,logistic_regression,-0.045724027515944676,success,
660,row,doubly_robust,-0.03290507018966349,success,
660,apk_cluster,psm,0.018563357546408393,success,
660,apk_cluster,logistic_regression,-0.19711941671482636,success,
660,apk_cluster,doubly_robust,-0.04679557874007479,success,
661,row,psm,0.02754671488848704,success,
661,row,logistic_regression,-0.02221875871687034,success,
661,row,doubly_robust,-0.02042430170252109,success,
661,apk_cluster,psm,0.09807714188189783,success,
661,apk_cluster,logistic_regression,0.06214647042149229,success,
661,apk_cluster,doubly_robust,0.028227680832055856,success,
662,row,psm,0.04171187462326703,success,
662,row,logistic_regression,-0.01319180763140093,success,
662,row,doubly_robust,-0.012964724480582846,success,
662,apk_cluster,psm,0.010487353485502776,success,
662,apk_cluster,logistic_regression,-0.11639305347462299,success,
662,apk_cluster,doubly_robust,-0.068415560543541,success,
663,row,psm,0.04177215189873418,success,
663,row,logistic_regression,-0.013159451548212327,success,
663,row,doubly_robust,-0.010470983996405668,success,
663,apk_cluster,psm,0.05454545454545454,success,
663,apk_cluster,logistic_regression,0.06021407945003128,success,
663,apk_cluster,doubly_robust,0.0036128692148302923,success,
664,row,psm,-0.00916214587100663,success,
664,row,logistic_regression,-0.05239499813789408,success,
664,row,doubly_robust,-0.03612929025163092,success,
664,apk_cluster,psm,0.07123063358105555,success,
664,apk_cluster,logistic_regression,-0.053592014180864185,success,
664,apk_cluster,doubly_robust,-0.031078685922939605,success,
665,row,psm,0.019409282700421943,success,
665,row,logistic_regression,-0.04568754015902234,success,
665,row,doubly_robust,-0.04494225988323963,success,
665,apk_cluster,psm,0.02462121212121212,success,
665,apk_cluster,logistic_regression,-0.029521411177671927,success,
665,apk_cluster,doubly_robust,-0.006097422637116918,success,
666,row,psm,0.013019891500904159,success,
666,row,logistic_regression,-0.02963729537087041,success,
666,row,doubly_robust,-0.02584822373321735,success,
666,apk_cluster,psm,0.07914861075707366,success,
666,apk_cluster,logistic_regression,-0.13866210588712546,success,
666,apk_cluster,doubly_robust,-0.040599051064224755,success,
667,row,psm,0.009523809523809525,success,
667,row,logistic_regression,-0.04642532791769276,success,
667,row,doubly_robust,-0.040675688670984284,success,
667,apk_cluster,psm,0.06415819489213985,success,
667,apk_cluster,logistic_regression,0.0026201747459428256,success,
667,apk_cluster,doubly_robust,0.0013120143907647602,success,
668,row,psm,0.03297166968053044,success,
668,row,logistic_regression,-0.03231371556789149,success,
668,row,doubly_robust,-0.031928702968559874,success,
668,apk_cluster,psm,-0.04740216935338887,success,
668,apk_cluster,logistic_regression,-0.04357524737974031,success,
668,apk_cluster,doubly_robust,-0.053805726449707235,success,
669,row,psm,-0.03875828812537673,success,
669,row,logistic_regression,-0.025593802692880235,success,
669,row,doubly_robust,-0.02501803228961373,success,
669,apk_cluster,psm,0.05112379177826948,success,
669,apk_cluster,logistic_regression,0.032783553886105356,success,
669,apk_cluster,doubly_robust,0.008899977051749742,success,
670,row,psm,0.015611814345991562,success,
670,row,logistic_regression,-0.024454459532219783,success,
670,row,doubly_robust,-0.025173559865812715,success,
670,apk_cluster,psm,0.10378844968144138,success,
670,apk_cluster,logistic_regression,-0.13475334450287485,success,
670,apk_cluster,doubly_robust,-0.10881071278031972,success,
671,row,psm,0.04695599758890898,success,
671,row,logistic_regression,-0.038924478243694556,success,
671,row,doubly_robust,-0.036620080933846826,success,
671,apk_cluster,psm,0.10977925468787088,success,
671,apk_cluster,logistic_regression,0.005169750611082423,success,
671,apk_cluster,doubly_robust,0.01578410832190499,success,
672,row,psm,-0.003737191078963231,success,
672,row,logistic_regression,-0.020580024327435338,success,
672,row,doubly_robust,-0.01859877820983287,success,
672,apk_cluster,psm,0.012775534520420996,success,
672,apk_cluster,logistic_regression,-0.1410544165008384,success,
672,apk_cluster,doubly_robust,-0.08348087040414195,success,
673,row,psm,-0.011934900542495479,success,
673,row,logistic_regression,-0.020939729502934795,success,
673,row,doubly_robust,-0.01919568566279595,success,
673,apk_cluster,psm,0.08034610630407911,success,
673,apk_cluster,logistic_regression,-0.10521521153931211,success,
673,apk_cluster,doubly_robust,-0.0692180642806874,success,
674,row,psm,0.020494273658830622,success,
674,row,logistic_regression,-0.014788846615952353,success,
674,row,doubly_robust,-0.016848405705036137,success,
674,apk_cluster,psm,-0.006174251086210839,success,
674,apk_cluster,logistic_regression,-0.14037253356262505,success,
674,apk_cluster,doubly_robust,-0.0872372358935367,success,
675,row,psm,-0.02163954189270645,success,
675,row,logistic_regression,-0.03698888707794285,success,
675,row,doubly_robust,-0.026682521306695083,success,
675,apk_cluster,psm,-0.011251480457954995,success,
675,apk_cluster,logistic_regression,-0.041909966338549945,success,
675,apk_cluster,doubly_robust,-0.0244823204210843,success,
676,row,psm,-0.010669077757685353,success,
676,row,logistic_regression,-0.03792921046419791,success,
676,row,doubly_robust,-0.0384704575527108,success,
676,apk_cluster,psm,0.10142108391419463,success,
676,apk_cluster,logistic_regression,0.10706158325399012,success,
676,apk_cluster,doubly_robust,0.03154892364467049,success,
677,row,psm,-0.031042796865581677,success,
677,row,logistic_regression,-0.03538757289049322,success,
677,row,doubly_robust,-0.03291403719438518,success,
677,apk_cluster,psm,-0.004411200613732259,success,
677,apk_cluster,logistic_regression,-0.096860407334586,success,
677,apk_cluster,doubly_robust,-0.0919657641337533,success,
678,row,psm,-0.06775165762507535,success,
678,row,logistic_regression,-0.04522579892653399,success,
678,row,doubly_robust,-0.03248728778198494,success,
678,apk_cluster,psm,0.004149377593360994,success,
678,apk_cluster,logistic_regression,-0.10521889227350087,success,
678,apk_cluster,doubly_robust,-0.06650977866692172,success,
679,row,psm,-0.017179023508137433,success,
679,row,logistic_regression,-0.043924503137055655,success,
679,row,doubly_robust,-0.046309541955031,success,
679,apk_cluster,psm,0.10345913931069246,success,
679,apk_cluster,logistic_regression,-0.014603480886170736,success,
679,apk_cluster,doubly_robust,-0.005042354397436659,success,
680,row,psm,-0.012176009644364074,success,
680,row,logistic_regression,-0.01771752341006526,success,
680,row,doubly_robust,-0.01422812652545031,success,
680,apk_cluster,psm,0.03381358423992943,success,
680,apk_cluster,logistic_regression,-0.06810271841502698,success,
680,apk_cluster,doubly_robust,-0.04278105715906527,success,
681,row,psm,0.025557564798071128,success,
681,row,logistic_regression,-0.021601529003553804,success,
681,row,doubly_robust,0.0022291137698186967,success,
681,apk_cluster,psm,-0.021874252928520202,success,
681,apk_cluster,logistic_regression,-0.12377575061243126,success,
681,apk_cluster,doubly_robust,-0.10768301744550339,success,
682,row,psm,-0.018022905364677516,success,
682,row,logistic_regression,-0.039038195024508573,success,
682,row,doubly_robust,-0.032985026972997225,success,
682,apk_cluster,psm,0.033144811258713665,success,
682,apk_cluster,logistic_regression,-0.11798030292415049,success,
682,apk_cluster,doubly_robust,-0.10382423578412192,success,
683,row,psm,-0.006088004822182037,success,
683,row,logistic_regression,-0.02024880805559459,success,
683,row,doubly_robust,-0.021415767531674165,success,
683,apk_cluster,psm,-0.0257067875462245,success,
683,apk_cluster,logistic_regression,-0.08066170357950192,success,
683,apk_cluster,doubly_robust,-0.05019310938510321,success,
684,row,psm,-0.019770946353224836,success,
684,row,logistic_regression,-0.05280947161331309,success,
684,row,doubly_robust,-0.03702709271745659,success,
684,apk_cluster,psm,0.02894092535626844,success,
684,apk_cluster,logistic_regression,0.007883223463330898,success,
684,apk_cluster,doubly_robust,0.0006008622225310837,success,
685,row,psm,-0.0108499095840868,success,
685,row,logistic_regression,-0.03244078875772647,success,
685,row,doubly_robust,-0.02450118674026464,success,
685,apk_cluster,psm,0.09667764142472314,success,
685,apk_cluster,logistic_regression,-0.12233003615790539,success,
685,apk_cluster,doubly_robust,-0.06722553348210113,success,
686,row,psm,0.04243520192887282,success,
686,row,logistic_regression,-0.02349325901731359,success,
686,row,doubly_robust,-0.006121353397794236,success,
686,apk_cluster,psm,0.06834140435835351,success,
686,apk_cluster,logistic_regression,-0.0024356608292405175,success,
686,apk_cluster,doubly_robust,-0.04311742871096666,success,
687,row,psm,-0.011332127787823991,success,
687,row,logistic_regression,-0.027407583519555172,success,
687,row,doubly_robust,-0.029286058751649236,success,
687,apk_cluster,psm,0.09548805662046594,success,
687,apk_cluster,logistic_regression,-0.033642820657901855,success,
687,apk_cluster,doubly_robust,0.00046633468205272506,success,
688,row,psm,-0.08203737191078964,success,
688,row,logistic_regression,-0.02401222212125162,success,
688,row,doubly_robust,-0.005918771946071973,success,
688,apk_cluster,psm,0.06964030564701497,success,
688,apk_cluster,logistic_regression,-0.0916720204181779,success,
688,apk_cluster,doubly_robust,-0.07435503530840941,success,
689,row,psm,0.021398432790837855,success,
689,row,logistic_regression,-0.03776838018382045,success,
689,row,doubly_robust,-0.031788274935373464,success,
689,apk_cluster,psm,0.08211804468924078,success,
689,apk_cluster,logistic_regression,0.0044424455633818765,success,
689,apk_cluster,doubly_robust,-0.004836625790070234,success,
690,row,psm,-0.07100663050030138,success,
690,row,logistic_regression,-0.05444492766786332,success,
690,row,doubly_robust,-0.03980077093260258,success,
690,apk_cluster,psm,0.014106677968154024,success,
690,apk_cluster,logistic_regression,-0.09158523370684199,success,
690,apk_cluster,doubly_robust,-0.07536979508631934,success,
691,row,psm,0.007956600361663653,success,
691,row,logistic_regression,-0.038545930976674976,success,
691,row,doubly_robust,-0.0348760653985318,success,
691,apk_cluster,psm,-0.03904165216382411,success,
691,apk_cluster,logistic_regression,0.007213794000230166,success,
691,apk_cluster,doubly_robust,0.01237926235946053,success,
692,row,psm,-0.06552139843279085,success,
692,row,logistic_regression,-0.031238918520046847,success,
692,row,doubly_robust,-0.018717184669502358,success,
692,apk_cluster,psm,0.1064291642724893,success,
692,apk_cluster,logistic_regression,-0.09976784361752276,success,
692,apk_cluster,doubly_robust,-0.08036533886763038,success,
693,row,psm,0.010608800482218204,success,
693,row,logistic_regression,-0.031573304137345104,success,
693,row,doubly_robust,-0.024367778123679264,success,
693,apk_cluster,psm,0.00882298878745175,success,
693,apk_cluster,logistic_regression,-0.0388537465355335,success,
693,apk_cluster,doubly_robust,-0.023540290646005182,success,
694,row,psm,-0.0377335744424352,success,
694,row,logistic_regression,-0.03603799542385402,success,
694,row,doubly_robust,-0.021592472466214038,success,
694,apk_cluster,psm,0.0286466908133026,success,
694,apk_cluster,logistic_regression,-0.0798245221118518,success,
694,apk_cluster,doubly_robust,-0.060037548453663894,success,
695,row,psm,-0.0011452682338758287,success,
695,row,logistic_regression,-0.04067182757024612,success,
695,row,doubly_robust,-0.019803145321514403,success,
695,apk_cluster,psm,0.02384887839433294,success,
695,apk_cluster,logistic_regression,-0.004311191280894107,success,
695,apk_cluster,doubly_robust,-0.012130584785258369,success,
696,row,psm,-0.0699216395418927,success,
696,row,logistic_regression,-0.03963976757175589,success,
696,row,doubly_robust,-0.028568269202554203,success,
696,apk_cluster,psm,-0.006106408706166868,success,
696,apk_cluster,logistic_regression,-0.10273423873330277,success,
696,apk_cluster,doubly_robust,-0.09425759177965427,success,
697,row,psm,0.03833634719710669,success,
697,row,logistic_regression,-0.015342715790956545,success,
697,row,doubly_robust,-0.013481348326700823,success,
697,apk_cluster,psm,-0.006957245644288517,success,
697,apk_cluster,logistic_regression,-0.10959529835637179,success,
697,apk_cluster,doubly_robust,-0.048466492375936344,success,
698,row,psm,0.013924050632911392,success,
698,row,logistic_regression,-0.039994219361580645,success,
698,row,doubly_robust,-0.030772550687409115,success,
698,apk_cluster,psm,0.08032905879506412,success,
698,apk_cluster,logistic_regression,-0.14004816983504567,success,
698,apk_cluster,doubly_robust,-0.10329978317176211,success,
699,row,psm,0.00018083182640144665,success,
699,row,logistic_regression,-0.018081057925047505,success,
699,row,doubly_robust,-0.008399431408064298,success,
699,apk_cluster,psm,0.03197552342672026,success,
699,apk_cluster,logistic_regression,0.025938505380479947,success,
699,apk_cluster,doubly_robust,0.044508932462197094,success,
700,row,psm,0.01778179626280892,success,
700,row,logistic_regression,-0.042244575019257845,success,
700,row,doubly_robust,-0.04760736181070927,success,
700,apk_cluster,psm,0.10987242160486467,success,
700,apk_cluster,logistic_regression,-0.049207476991395646,success,
700,apk_cluster,doubly_robust,-0.03954316496595603,success,
701,row,psm,0.0918625678119349,success,
701,row,logistic_regression,-0.022291925930968792,success,
701,row,doubly_robust,-0.019256151610636756,success,
701,apk_cluster,psm,0.03283773665632688,success,
701,apk_cluster,logistic_regression,0.08030843773996676,success,
701,apk_cluster,doubly_robust,-0.03144353956515305,success,
702,row,psm,-0.012055455093429777,success,
702,row,logistic_regression,-0.041468437739944644,success,
702,row,doubly_robust,-0.033878273882557056,success,
702,apk_cluster,psm,0.09713310178371697,success,
702,apk_cluster,logistic_regression,0.0653701201703487,success,
702,apk_cluster,doubly_robust,0.034449502736095663,success,
703,row,psm,0.07094635322483424,success,
703,row,logistic_regression,-0.017016451066336667,success,
703,row,doubly_robust,-0.020414019350028196,success,
703,apk_cluster,psm,0.03551391057898085,success,
703,apk_cluster,logistic_regression,-0.05384156647006782,success,
703,apk_cluster,doubly_robust,-0.062053574735191526,success,
704,row,psm,-0.01030741410488246,success,
704,row,logistic_regression,-0.04440625709550047,success,
704,row,doubly_robust,-0.03242551670968291,success,
704,apk_cluster,psm,0.014869423966012745,success,
704,apk_cluster,logistic_regression,-0.036345409596764994,success,
704,apk_cluster,doubly_robust,-0.05624178214894903,success,
705,row,psm,0.0059674502712477396,success,
705,row,logistic_regression,-0.0230335165902423,success,
705,row,doubly_robust,-0.012256636539971435,success,
705,apk_cluster,psm,0.08414448223290724,success,
705,apk_cluster,logistic_regression,0.061597722511645546,success,
705,apk_cluster,doubly_robust,0.0029979843721914426,success,
706,row,psm,0.027727546714888487,success,
706,row,logistic_regression,-0.02111741622358637,success,
706,row,doubly_robust,-0.012547417405005435,success,
706,apk_cluster,psm,0.05628194460953287,success,
706,apk_cluster,logistic_regression,-0.04125240941338368,success,
706,apk_cluster,doubly_robust,-0.01343810948704455,success,
707,row,psm,-0.03839662447257384,success,
707,row,logistic_regression,-0.06306192428985798,success,
707,row,doubly_robust,-0.0572088532082367,success,
707,apk_cluster,psm,0.10909508497932935,success,
707,apk_cluster,logistic_regression,-0.01061404962198162,success,
707,apk_cluster,doubly_robust,-0.008699000931083995,success,
708,row,psm,0.013200723327305606,success,
708,row,logistic_regression,-0.019853699146347367,success,
708,row,doubly_robust,-0.009039488114881306,success,
708,apk_cluster,psm,-0.007200046080294914,success,
708,apk_cluster,logistic_regression,-0.08074142937573667,success,
708,apk_cluster,doubly_robust,-0.06970488497504757,success,
709,row,psm,-0.02694394213381555,success,
709,row,logistic_regression,-0.031771819354925374,success,
709,row,doubly_robust,-0.019884949930025375,success,
709,apk_cluster,psm,0.0528890247630694,success,
709,apk_cluster,logistic_regression,-0.1760994767888866,success,
709,apk_cluster,doubly_robust,-0.12019746963130572,success,
710,row,psm,-0.02067510548523207,success,
710,row,logistic_regression,-0.003896273296109408,success,
710,row,doubly_robust,-0.003386789781015058,success,
710,apk_cluster,psm,0.07976433265352369,success,
710,apk_cluster,logistic_regression,0.018015852014531493,success,
710,apk_cluster,doubly_robust,-0.01773970547194162,success,
711,row,psm,0.024593128390596745,success,
711,row,logistic_regression,-0.02282272888320173,success,
711,row,doubly_robust,-0.018338596577237343,success,
711,apk_cluster,psm,0.004550250593510947,success,
711,apk_cluster,logistic_regression,-0.028029417004792646,success,
711,apk_cluster,doubly_robust,-0.05779419525404276,success,
712,row,psm,-0.0022905364677516574,success,
712,row,logistic_regression,-0.0231302685996881,success,
712,row,doubly_robust,-0.01201702098582565,success,
712,apk_cluster,psm,0.11943127962085308,success,
712,apk_cluster,logistic_regression,-0.03821826373431075,success,
712,apk_cluster,doubly_robust,-0.0287076089137687,success,
713,row,psm,0.034116937914406266,success,
713,row,logistic_regression,-0.03880374165300412,success,
713,row,doubly_robust,-0.03468659916790154,success,
713,apk_cluster,psm,0.047061564447550816,success,
713,apk_cluster,logistic_regression,-0.09278782270455642,success,
713,apk_cluster,doubly_robust,-0.044766110233946305,success,
714,row,psm,-0.013622664255575649,success,
714,row,logistic_regression,-0.012903003005957125,success,
714,row,doubly_robust,0.000271333192289591,success,
714,apk_cluster,psm,0.04266570518598642,success,
714,apk_cluster,logistic_regression,0.01596772463245547,success,
714,apk_cluster,doubly_robust,-0.05213665316516923,success,
715,row,psm,-0.007414104882459313,success,
715,row,logistic_regression,-0.03076986240124059,success,
715,row,doubly_robust,-0.025278603022672895,success,
715,apk_cluster,psm,0.04024869109947644,success,
715,apk_cluster,logistic_regression,-0.09026813581715133,success,
715,apk_cluster,doubly_robust,-0.08974367054740029,success,
716,row,psm,0.09150090415913201,success,
716,row,logistic_regression,-0.03160720274152921,success,
716,row,doubly_robust,-0.021636427618459766,success,
716,apk_cluster,psm,0.020050600885515496,success,
716,apk_cluster,logistic_regression,-0.1297903568153406,success,
716,apk_cluster,doubly_robust,-0.1474665138620694,success,
717,row,psm,0.04110910186859554,success,
717,row,logistic_regression,-0.040522946927800195,success,
717,row,doubly_robust,-0.02036163598237779,success,
717,apk_cluster,psm,-0.022793321556783864,success,
717,apk_cluster,logistic_regression,0.04187332048071558,success,
717,apk_cluster,doubly_robust,0.01089920926313901,success,
718,row,psm,0.03236889692585895,success,
718,row,logistic_regression,-0.03636332065174409,success,
718,row,doubly_robust,-0.032947377757576383,success,
718,apk_cluster,psm,0.0341618709440431,success,
718,apk_cluster,logistic_regression,-0.12970422525195738,success,
718,apk_cluster,doubly_robust,-0.08447789872701124,success,
719,row,psm,0.03285111512959614,success,
719,row,logistic_regression,-0.028510014491199248,success,
719,row,doubly_robust,-0.023379951066216913,success,
719,apk_cluster,psm,-0.018698755382528166,success,
719,apk_cluster,logistic_regression,0.09645490662322377,success,
719,apk_cluster,doubly_robust,0.00957460398528121,success,
720,row,psm,0.058830620855937314,success,
720,row,logistic_regression,-0.022236536603426515,success,
720,row,doubly_robust,-0.015253085749939995,success,
720,apk_cluster,psm,0.07610846037472362,success,
720,apk_cluster,logistic_regression,0.026346328737384284,success,
720,apk_cluster,doubly_robust,0.02500597952624921,success,
721,row,psm,0.03634719710669078,success,
721,row,logistic_regression,-0.03437805636782817,success,
721,row,doubly_robust,-0.0306280215697554,success,
721,apk_cluster,psm,0.04245649704000479,success,
721,apk_cluster,logistic_regression,-0.062364809033150975,success,
721,apk_cluster,doubly_robust,-0.041931996692049785,success,
722,row,psm,-0.0034358047016274846,success,
722,row,logistic_regression,-0.025014857425648216,success,
722,row,doubly_robust,-0.022470093245374887,success,
722,apk_cluster,psm,0.04903278592718135,success,
722,apk_cluster,logistic_regression,-0.17562730467049648,success,
722,apk_cluster,doubly_robust,-0.15530904195230263,success,
723,row,psm,0.040747438215792645,success,
723,row,logistic_regression,-0.015254191804229263,success,
723,row,doubly_robust,-0.007575646637284769,success,
723,apk_cluster,psm,0.07186035035775969,success,
723,apk_cluster,logistic_regression,0.026747341703982744,success,
723,apk_cluster,doubly_robust,0.022460716334892713,success,
724,row,psm,-0.027245328511151298,success,
724,row,logistic_regression,-0.03848719017615439,success,
724,row,doubly_robust,-0.03358388209876803,success,
724,apk_cluster,psm,0.06561863543788188,success,
724,apk_cluster,logistic_regression,-0.11895959457315108,success,
724,apk_cluster,doubly_robust,-0.08966530035809543,success,
725,row,psm,0.023206751054852322,success,
725,row,logistic_regression,-0.0357215743409512,success,
725,row,doubly_robust,-0.022959198827390212,success,
725,apk_cluster,psm,0.05173833196124375,success,
725,apk_cluster,logistic_regression,-0.08154670761148164,success,
725,apk_cluster,doubly_robust,-0.0756895151777744,success,
726,row,psm,-0.016395418927064496,success,
726,row,logistic_regression,-0.017792292667096553,success,
726,row,doubly_robust,-0.01821045274416344,success,
726,apk_cluster,psm,0.07176457090408445,success,
726,apk_cluster,logistic_regression,-0.07784684394442597,success,
726,apk_cluster,doubly_robust,-0.04883332923906128,success,
727,row,psm,0.022905364677516575,success,
727,row,logistic_regression,-0.03653515285825494,success,
727,row,doubly_robust,-0.032082095238394,success,
727,apk_cluster,psm,0.03610199444584701,success,
727,apk_cluster,logistic_regression,-0.12770044434140157,success,
727,apk_cluster,doubly_robust,-0.11788966057017669,success,
728,row,psm,0.049909584086799276,success,
728,row,logistic_regression,-0.041425661702506306,success,
728,row,doubly_robust,-0.03513091901407218,success,
728,apk_cluster,psm,0.038084020416175896,success,
728,apk_cluster,logistic_regression,-0.0943356835609618,success,
728,apk_cluster,doubly_robust,-0.06469742161798578,success,
729,row,psm,-0.04930681133212779,success,
729,row,logistic_regression,-0.030558397207026872,success,
729,row,doubly_robust,-0.026332697035330612,success,
729,apk_cluster,psm,0.007512574011587191,success,
729,apk_cluster,logistic_regression,-0.138705724588841,success,
729,apk_cluster,doubly_robust,-0.044195847744000656,success,
730,row,psm,-0.007474382157926462,success,
730,row,logistic_regression,-0.028849624664074716,success,
730,row,doubly_robust,-0.016450392429630343,success,
730,apk_cluster,psm,-0.05560899362750992,success,
730,apk_cluster,logistic_regression,-0.08915534473766147,success,
730,apk_cluster,doubly_robust,-0.07986248966719495,success,
731,row,psm,-0.02977697408077155,success,
731,row,logistic_regression,-0.0339468223502957,success,
731,row,doubly_robust,-0.031917955194449385,success,
731,apk_cluster,psm,0.017609189598586213,success,
731,apk_cluster,logistic_regression,-0.1623591823676585,success,
731,apk_cluster,doubly_robust,-0.14191755782027154,success,
732,row,psm,0.05286317058468957,success,
732,row,logistic_regression,-0.011543282814978894,success,
732,row,doubly_robust,0.0005068113480112859,success,
732,apk_cluster,psm,-0.06859872611464968,success,
732,apk_cluster,logistic_regression,-0.17924552967962193,success,
732,apk_cluster,doubly_robust,-0.17689147797343255,success,
733,row,psm,-0.04448462929475588,success,
733,row,logistic_regression,-0.03001061772380524,success,
733,row,doubly_robust,-0.022795822883358578,success,
733,apk_cluster,psm,-0.05954024368285217,success,
733,apk_cluster,logistic_regression,0.03488313505136064,success,
733,apk_cluster,doubly_robust,0.013253091964671398,success,
734,row,psm,-0.018746232670283303,success,
734,row,logistic_regression,-0.03416648590939336,success,
734,row,doubly_robust,-0.03345879062483117,success,
734,apk_cluster,psm,0.0448922946961926,success,
734,apk_cluster,logistic_regression,0.0030895713890073686,success,
734,apk_cluster,doubly_robust,0.00613799610983487,success,
735,row,psm,-0.028390596745027124,success,
735,row,logistic_regression,-0.04966703260563775,success,
735,row,doubly_robust,-0.041136780759773756,success,
735,apk_cluster,psm,0.030656762174271903,success,
735,apk_cluster,logistic_regression,-0.1007108038938274,success,
735,apk_cluster,doubly_robust,-0.01767032588035323,success,
736,row,psm,0.05485232067510549,success,
736,row,logistic_regression,-0.026656448068674087,success,
736,row,doubly_robust,-0.021957997569014218,success,
736,apk_cluster,psm,0.08826183743457072,success,
736,apk_cluster,logistic_regression,-0.04866346740426404,success,
736,apk_cluster,doubly_robust,-0.0484050537677831,success,
737,row,psm,0.028752260397830017,success,
737,row,logistic_regression,-0.051435420440094956,success,
737,row,doubly_robust,-0.03837078412932743,success,
737,apk_cluster,psm,0.05433911059026707,success,
737,apk_cluster,logistic_regression,-0.004379161334306628,success,
737,apk_cluster,doubly_robust,-0.009383504069533305,success,
738,row,psm,0.005485232067510549,success,
738,row,logistic_regression,-0.02781273672207701,success,
738,row,doubly_robust,-0.021146689289862585,success,
738,apk_cluster,psm,0.06646639128802102,success,
738,apk_cluster,logistic_regression,0.051341319431308825,success,
738,apk_cluster,doubly_robust,-0.007045962988255129,success,
739,row,psm,0.030500301386377337,success,
739,row,logistic_regression,-0.01781239728984752,success,
739,row,doubly_robust,-0.015415431022514933,success,
739,apk_cluster,psm,0.1394208037825059,success,
739,apk_cluster,logistic_regression,-0.1242640850633902,success,
739,apk_cluster,doubly_robust,-0.11230729161832227,success,
740,row,psm,0.024773960216998195,success,
740,row,logistic_regression,-0.030184504833669724,success,
740,row,doubly_robust,-0.021490381382322604,success,
740,apk_cluster,psm,0.04895307696769329,success,
740,apk_cluster,logistic_regression,0.0003111980927058876,success,
740,apk_cluster,doubly_robust,8.84020687742323e-05,success,
741,row,psm,-0.012236286919831224,success,
741,row,logistic_regression,-0.024631236010916626,success,
741,row,doubly_robust,-0.011842799223560567,success,
741,apk_cluster,psm,0.03917525773195876,success,
741,apk_cluster,logistic_regression,-0.04620524370387424,success,
741,apk_cluster,doubly_robust,0.01782823227517393,success,
742,row,psm,-0.015913200723327307,success,
742,row,logistic_regression,-0.02949913476625505,success,
742,row,doubly_robust,-0.025016231513061777,success,
742,apk_cluster,psm,0.0472125549937619,success,
742,apk_cluster,logistic_regression,0.03835588157370161,success,
742,apk_cluster,doubly_robust,-0.008182924921495409,success,
743,row,psm,0.017661241711874623,success,
743,row,logistic_regression,-0.016440854634156257,success,
743,row,doubly_robust,-0.012884820856151604,success,
743,apk_cluster,psm,0.06016313213703099,success,
743,apk_cluster,logistic_regression,-0.03651156433093807,success,
743,apk_cluster,doubly_robust,-0.035661104196405,success,
744,row,psm,0.11729957805907174,success,
744,row,logistic_regression,-0.033030157415106655,success,
744,row,doubly_robust,-0.026583494370161973,success,
744,apk_cluster,psm,-0.009099362380446334,success,
744,apk_cluster,logistic_regression,-0.15705863972468234,success,
744,apk_cluster,doubly_robust,-0.05779439456617091,success,
745,row,psm,-0.05895117540687161,success,
745,row,logistic_regression,-0.01986191962338336,success,
745,row,doubly_robust,-0.011477241770413708,success,
745,apk_cluster,psm,0.16828319021436955,success,
745,apk_cluster,logistic_regression,0.0701432419106621,success,
745,apk_cluster,doubly_robust,0.028578572340393377,success,
746,row,psm,-0.0025316455696202536,success,
746,row,logistic_regression,-0.02360049127981792,success,
746,row,doubly_robust,-0.017056473578280412,success,
746,apk_cluster,psm,0.03111637392276824,success,
746,apk_cluster,logistic_regression,-0.18164449543731195,success,
746,apk_cluster,doubly_robust,-0.0904978364169539,success,
747,row,psm,-0.011332127787823991,success,
747,row,logistic_regression,-0.018238914712335547,success,
747,row,doubly_robust,0.003344535631574211,success,
747,apk_cluster,psm,0.0022988505747126436,success,
747,apk_cluster,logistic_regression,-0.11217186228548665,success,
747,apk_cluster,doubly_robust,-0.09920661392110812,success,
748,row,psm,0.05858951175406872,success,
748,row,logistic_regression,0.007436988889665164,success,
748,row,doubly_robust,0.01034960772147204,success,
748,apk_cluster,psm,0.02193324144543657,success,
748,apk_cluster,logistic_regression,-0.07184908379047934,success,
748,apk_cluster,doubly_robust,-0.08005872737207957,success,
749,row,psm,0.01241711874623267,success,
749,row,logistic_regression,-0.026561979027561754,success,
749,row,doubly_robust,0.0025464013838072423,success,
749,apk_cluster,psm,0.028686493184634447,success,
749,apk_cluster,logistic_regression,-0.1266785105785408,success,
749,apk_cluster,doubly_robust,-0.04094950238119493,success,
750,row,psm,-0.013682941531042795,success,
750,row,logistic_regression,-0.03041260092146235,success,
750,row,doubly_robust,-0.03201761031349105,success,
750,apk_cluster,psm,-0.05153987225700373,success,
750,apk_cluster,logistic_regression,-0.10833776256992922,success,
750,apk_cluster,doubly_robust,-0.074325049374329,success,
751,row,psm,-0.03297166968053044,success,
751,row,logistic_regression,-0.046275737252652736,success,
751,row,doubly_robust,-0.04431711547575594,success,
751,apk_cluster,psm,-0.018666339187031807,success,
751,apk_cluster,logistic_regression,-0.024512506429771964,success,
751,apk_cluster,doubly_robust,-0.05513811025210522,success,
752,row,psm,0.06009644364074744,success,
752,row,logistic_regression,-0.03766001764512719,success,
752,row,doubly_robust,-0.03308646672316747,success,
752,apk_cluster,psm,0.08863234923038102,success,
752,apk_cluster,logistic_regression,-0.18216102453224806,success,
752,apk_cluster,doubly_robust,-0.1579956401990575,success,
753,row,psm,-0.026100060277275468,success,
753,row,logistic_regression,-0.03627886388088638,success,
753,row,doubly_robust,-0.037980613813850976,success,
753,apk_cluster,psm,-0.02903225806451613,success,
753,apk_cluster,logistic_regression,-0.17730397997251857,success,
753,apk_cluster,doubly_robust,-0.12115140643894416,success,
754,row,psm,0.029355033152501507,success,
754,row,logistic_regression,-0.028457982531810415,success,
754,row,doubly_robust,-0.01727759392278734,success,
754,apk_cluster,psm,0.07663603453077138,success,
754,apk_cluster,logistic_regression,-0.03457871072172299,success,
754,apk_cluster,doubly_robust,-0.05172135080695187,success,
755,row,psm,0.02332730560578662,success,
755,row,logistic_regression,-0.029826833806886634,success,
755,row,doubly_robust,-0.022149198856301334,success,
755,apk_cluster,psm,-0.04600352005826303,success,
755,apk_cluster,logistic_regression,-0.0827549311358685,success,
755,apk_cluster,doubly_robust,-0.059943066718038784,success,
756,row,psm,-0.05997588908981315,success,
756,row,logistic_regression,-0.04468108137111706,success,
756,row,doubly_robust,-0.037236959770083414,success,
756,apk_cluster,psm,0.027896708589777896,success,
756,apk_cluster,logistic_regression,-0.18650001857250728,success,
756,apk_cluster,doubly_robust,-0.16949573036185553,success,
757,row,psm,0.09132007233273057,success,
757,row,logistic_regression,-0.03412699565796857,success,
757,row,doubly_robust,-0.032547469649393555,success,
757,apk_cluster,psm,0.04431542152971148,success,
757,apk_cluster,logistic_regression,-0.10212959759976548,success,
757,apk_cluster,doubly_robust,-0.060339039275126155,success,
758,row,psm,0.05201928872814949,success,
758,row,logistic_regression,-0.026162564190923932,success,
758,row,doubly_robust,-0.01841277879818714,success,
758,apk_cluster,psm,0.08656294200848656,success,
758,apk_cluster,logistic_regression,0.06168139255810515,success,
758,apk_cluster,doubly_robust,0.030727086708205818,success,
759,row,psm,0.07088607594936709,success,
759,row,logistic_regression,-0.020169956152375174,success,
759,row,doubly_robust,-0.017272739149486138,success,
759,apk_cluster,psm,0.04769249753208292,success,
759,apk_cluster,logistic_regression,-0.14293345449377887,success,
759,apk_cluster,doubly_robust,-0.07665771147416135,success,
760,row,psm,-0.045871006630500304,success,
760,row,logistic_regression,-0.020193595881883204,success,
760,row,doubly_robust,-0.002040427158623801,success,
760,apk_cluster,psm,0.11485592684189337,success,
760,apk_cluster,logistic_regression,0.03640371898887964,success,
760,apk_cluster,doubly_robust,-0.0006170596212737981,success,
761,row,psm,0.028933092224231464,success,
761,row,logistic_regression,-0.0360390276662009,success,
761,row,doubly_robust,-0.024538882818107687,success,
761,apk_cluster,psm,0.06390184676337146,success,
761,apk_cluster,logistic_regression,-0.14950747840319803,success,
761,apk_cluster,doubly_robust,-0.11902803876804877,success,
762,row,psm,-0.037613019891500905,success,
762,row,logistic_regression,-0.05359442196337859,success,
762,row,doubly_robust,-0.04826028721122994,success,
762,apk_cluster,psm,0.026649905719673163,success,
762,apk_cluster,logistic_regression,-0.09787002077589217,success,
762,apk_cluster,doubly_robust,-0.0868139946710796,success,
763,row,psm,-0.004219409282700422,success,
763,row,logistic_regression,-0.03560392286632312,success,
763,row,doubly_robust,-0.02500990786095377,success,
763,apk_cluster,psm,0.15718671504325984,success,
763,apk_cluster,logistic_regression,0.02644574218012744,success,
763,apk_cluster,doubly_robust,0.016990844748204854,success,
764,row,psm,0.026280892103676914,success,
764,row,logistic_regression,-0.032173107849520495,success,
764,row,doubly_robust,-0.027446842805802826,success,
764,apk_cluster,psm,0.06690585343166568,success,
764,apk_cluster,logistic_regression,-0.06926356030477304,success,
764,apk_cluster,doubly_robust,-0.051954872821231714,success,
765,row,psm,0.022603978300180832,success,
765,row,logistic_regression,-0.029122047338745856,success,
765,row,doubly_robust,-0.027564254871223576,success,
765,apk_cluster,psm,0.11301027900146843,success,
765,apk_cluster,logistic_regression,0.024655852677089453,success,
765,apk_cluster,doubly_robust,0.013536646975249592,success,
766,row,psm,0.06871609403254973,success,
766,row,logistic_regression,-0.01283570139773179,success,
766,row,doubly_robust,-0.002439095281677888,success,
766,apk_cluster,psm,0.038540907987375576,success,
766,apk_cluster,logistic_regression,0.03834816082483825,success,
766,apk_cluster,doubly_robust,0.007849269232203835,success,
767,row,psm,0.06949969861362267,success,
767,row,logistic_regression,-0.034147925969191834,success,
767,row,doubly_robust,-0.03302815874186147,success,
767,apk_cluster,psm,0.029865506329113924,success,
767,apk_cluster,logistic_regression,-0.11069886679493929,success,
767,apk_cluster,doubly_robust,-0.1035894421704449,success,
768,row,psm,-0.012778782399035564,success,
768,row,logistic_regression,-0.025606774525133633,success,
768,row,doubly_robust,-0.003778245125708966,success,
768,apk_cluster,psm,0.08689815097333252,success,
768,apk_cluster,logistic_regression,-0.039484177129986364,success,
768,apk_cluster,doubly_robust,-0.025554481502755296,success,
769,row,psm,0.02646172393007836,success,
769,row,logistic_regression,-0.014662044038691015,success,
769,row,doubly_robust,-0.008929075876418538,success,
769,apk_cluster,psm,0.1062910683864687,success,
769,apk_cluster,logistic_regression,0.04484094306728301,success,
769,apk_cluster,doubly_robust,0.02947264964913287,success,
770,row,psm,0.013019891500904159,success,
770,row,logistic_regression,-0.032440144066669424,success,
770,row,doubly_robust,-0.02172772096782179,success,
770,apk_cluster,psm,0.05081275592505274,success,
770,apk_cluster,logistic_regression,-0.05720884048869916,success,
770,apk_cluster,doubly_robust,-0.05931441187375703,success,
771,row,psm,-0.018806509945750453,success,
771,row,logistic_regression,-0.015856057168289646,success,
771,row,doubly_robust,-0.0035908504794881562,success,
771,apk_cluster,psm,0.04956231500724227,success,
771,apk_cluster,logistic_regression,-0.08784472011801835,success,
771,apk_cluster,doubly_robust,-0.08919603204801078,success,
772,row,psm,-0.02163954189270645,success,
772,row,logistic_regression,-0.043677811175462995,success,
772,row,doubly_robust,-0.03414669633597317,success,
772,apk_cluster,psm,-0.017029608971696433,success,
772,apk_cluster,logistic_regression,-0.00798172921117492,success,
772,apk_cluster,doubly_robust,-0.003893591441288596,success,
773,row,psm,-0.04171187462326703,success,
773,row,logistic_regression,-0.034906288435874816,success,
773,row,doubly_robust,-0.02539919920996717,success,
773,apk_cluster,psm,-0.021965091194351832,success,
773,apk_cluster,logistic_regression,-0.09429362585472364,success,
773,apk_cluster,doubly_robust,-0.0842256726721269,success,
774,row,psm,0.016877637130801686,success,
774,row,logistic_regression,-0.012955996637735263,success,
774,row,doubly_robust,-0.0087982382168339,success,
774,apk_cluster,psm,0.09024921364626179,success,
774,apk_cluster,logistic_regression,-0.01895356306036584,success,
774,apk_cluster,doubly_robust,-0.022235462169130207,success,
775,row,psm,-0.04538878842676311,success,
775,row,logistic_regression,-0.012261554747092994,success,
775,row,doubly_robust,-0.0034084453226851225,success,
775,apk_cluster,psm,0.03638608041382554,success,
775,apk_cluster,logistic_regression,-0.19081851647552828,success,
775,apk_cluster,doubly_robust,-0.17646318568518732,success,
776,row,psm,-0.06148282097649186,success,
776,row,logistic_regression,-0.0206470425873291,success,
776,row,doubly_robust,-0.012357367292767969,success,
776,apk_cluster,psm,0.0345287133511025,success,
776,apk_cluster,logistic_regression,-0.051196694879432215,success,
776,apk_cluster,doubly_robust,-0.037304693940817625,success,
777,row,psm,-0.002591922845087402,success,
777,row,logistic_regression,-0.025011815531417035,success,
777,row,doubly_robust,-0.019437518209915267,success,
777,apk_cluster,psm,0.018203309692671393,success,
777,apk_cluster,logistic_regression,-0.03492284770762797,success,
777,apk_cluster,doubly_robust,-0.014633697252007846,success,
778,row,psm,0.011452682338758288,success,
778,row,logistic_regression,-0.04714170636077912,success,
778,row,doubly_robust,-0.0403435368935351,success,
778,apk_cluster,psm,0.03261274692508386,success,
778,apk_cluster,logistic_regression,-0.16972961368361347,success,
778,apk_cluster,doubly_robust,-0.14057992413321907,success,
779,row,psm,-0.01567209162145871,success,
779,row,logistic_regression,-0.034285061757982405,success,
779,row,doubly_robust,-0.027391855698802123,success,
779,apk_cluster,psm,0.011141143120838552,success,
779,apk_cluster,logistic_regression,0.002247792810361393,success,
779,apk_cluster,doubly_robust,-0.008419038225907633,success,
780,row,psm,-0.04135021097046414,success,
780,row,logistic_regression,-0.03439265062187416,success,
780,row,doubly_robust,-0.019977940296543744,success,
780,apk_cluster,psm,0.021215164448907857,success,
780,apk_cluster,logistic_regression,-0.023541635988423185,success,
780,apk_cluster,doubly_robust,-0.04087539185868496,success,
781,row,psm,-0.019770946353224836,success,
781,row,logistic_regression,-0.032530148191008294,success,
781,row,doubly_robust,-0.027639281192948957,success,
781,apk_cluster,psm,0.1569206655413552,success,
781,apk_cluster,logistic_regression,0.005414588299703305,success,
781,apk_cluster,doubly_robust,-0.004030873193602705,success,
782,row,psm,0.00048221820373719153,success,
782,row,logistic_regression,-0.04721747896080496,success,
782,row,doubly_robust,-0.0425273481272717,success,
782,apk_cluster,psm,0.05503355704697987,success,
782,apk_cluster,logistic_regression,-0.1184460527147001,success,
782,apk_cluster,doubly_robust,-0.049601594953614894,success,
783,row,psm,0.05961422543701025,success,
783,row,logistic_regression,-0.04064501552295632,success,
783,row,doubly_robust,-0.031544024738453,success,
783,apk_cluster,psm,-0.00338409475465313,success,
783,apk_cluster,logistic_regression,-0.13088730327217712,success,
783,apk_cluster,doubly_robust,-0.07424345513876371,success,
784,row,psm,0.044665461121157324,success,
784,row,logistic_regression,-0.02007933288784069,success,
784,row,doubly_robust,-0.009250392779786266,success,
784,apk_cluster,psm,-0.05761935905820798,success,
784,apk_cluster,logistic_regression,-0.19278930684280493,success,
784,apk_cluster,doubly_robust,-0.168580564612937,success,
785,row,psm,0.013743218806509945,success,
785,row,logistic_regression,-0.045639575690039964,success,
785,row,doubly_robust,-0.031154952783692055,success,
785,apk_cluster,psm,-0.017799451386772327,success,
785,apk_cluster,logistic_regression,-0.058652956226535255,success,
785,apk_cluster,doubly_robust,-0.049291491423903544,success,
786,row,psm,-0.006570223025919229,success,
786,row,logistic_regression,-0.04228177189125015,success,
786,row,doubly_robust,-0.038183327394001605,success,
786,apk_cluster,psm,0.09141912242366976,success,
786,apk_cluster,logistic_regression,-0.009054435221568985,success,
786,apk_cluster,doubly_robust,-0.00681637012655968,success,
787,row,psm,0.06931886678722121,success,
787,row,logistic_regression,-0.009439089959116617,success,
787,row,doubly_robust,-0.008058587713051818,success,
787,apk_cluster,psm,0.029903199950675134,success,
787,apk_cluster,logistic_regression,-0.04814800046249281,success,
787,apk_cluster,doubly_robust,-0.023589463890494707,success,
788,row,psm,0.005726341169379144,success,
788,row,logistic_regression,-0.046842117163253635,success,
788,row,doubly_robust,-0.03985720704564268,success,
788,apk_cluster,psm,0.08978708469817501,success,
788,apk_cluster,logistic_regression,-0.015121062654187457,success,
788,apk_cluster,doubly_robust,-0.019294568600604467,success,
789,row,psm,0.024593128390596745,success,
789,row,logistic_regression,-0.009797363736535602,success,
789,row,doubly_robust,-0.008442214157194837,success,
789,apk_cluster,psm,-0.06290829905637552,success,
789,apk_cluster,logistic_regression,0.019519601577516865,success,
789,apk_cluster,doubly_robust,-0.011014451261387715,success,
790,row,psm,-0.043158529234478604,success,
790,row,logistic_regression,-0.04265932941323495,success,
790,row,doubly_robust,-0.029755973770967604,success,
790,apk_cluster,psm,0.019425121407008795,success,
790,apk_cluster,logistic_regression,-0.032620076731869216,success,
790,apk_cluster,doubly_robust,-0.02586730797276443,success,
791,row,psm,-0.03080168776371308,success,
791,row,logistic_regression,-0.03993251750643252,success,
791,row,doubly_robust,-0.025734559731732738,success,
791,apk_cluster,psm,-0.00875260839322977,success,
791,apk_cluster,logistic_regression,-0.034390657296816826,success,
791,apk_cluster,doubly_robust,-0.0005125260866123776,success,
792,row,psm,-0.10807715491259795,success,
792,row,logistic_regression,-0.030996665048424316,success,
792,row,doubly_robust,-0.012543756272273558,success,
792,apk_cluster,psm,0.08716564992961051,success,
792,apk_cluster,logistic_regression,0.04623451877603135,success,
792,apk_cluster,doubly_robust,-0.0750178607077832,success,
793,row,psm,-0.023206751054852322,success,
793,row,logistic_regression,-0.03042365720043618,success,
793,row,doubly_robust,-0.00650698589224494,success,
793,apk_cluster,psm,0.04860876422214712,success,
793,apk_cluster,logistic_regression,-0.017020259228361992,success,
793,apk_cluster,doubly_robust,-0.023291270573106402,success,
794,row,psm,-0.053164556962025315,success,
794,row,logistic_regression,-0.024965415628115634,success,
794,row,doubly_robust,-0.022285073419060906,success,
794,apk_cluster,psm,0.12625875656742558,success,
794,apk_cluster,logistic_regression,0.034757974927541034,success,
794,apk_cluster,doubly_robust,0.007203827801087171,success,
795,row,psm,0.010247136829415311,success,
795,row,logistic_regression,-0.018218049516527786,success,
795,row,doubly_robust,-0.010176589526417147,success,
795,apk_cluster,psm,0.05236668663870581,success,
795,apk_cluster,logistic_regression,0.125077400734977,success,
795,apk_cluster,doubly_robust,0.033278663173287745,success,
796,row,psm,-0.049909584086799276,success,
796,row,logistic_regression,-0.03372261598239885,success,
796,row,doubly_robust,-0.031002957370334667,success,
796,apk_cluster,psm,0.09002293577981652,success,
796,apk_cluster,logistic_regression,-0.04666663431452918,success,
796,apk_cluster,doubly_robust,-0.023186715103887052,success,
797,row,psm,-0.015310427968655817,success,
797,row,logistic_regression,-0.03622916747382517,success,
797,row,doubly_robust,-0.029055618256207366,success,
797,apk_cluster,psm,0.06329576606762108,success,
797,apk_cluster,logistic_regression,-0.16094635602101318,success,
797,apk_cluster,doubly_robust,-0.11474422694708009,success,
798,row,psm,0.050452079566003616,success,
798,row,logistic_regression,-0.010413826084271365,success,
798,row,doubly_robust,0.0020269302419581455,success,
798,apk_cluster,psm,-0.017759648572325072,success,
798,apk_cluster,logistic_regression,-0.08204571542308967,success,
798,apk_cluster,doubly_robust,-0.0511749623149392,success,
799,row,psm,-0.011271850512356841,success,
799,row,logistic_regression,-0.03468077253343014,success,
799,row,doubly_robust,-0.03694980331947528,success,
799,apk_cluster,psm,0.044376861966236344,success,
799,apk_cluster,logistic_regression,-0.19145372304342032,success,
799,apk_cluster,doubly_robust,-0.10925562384355526,success,
800,row,psm,0.05213984327908378,success,
800,row,logistic_regression,-0.04024694677472017,success,
800,row,doubly_robust,-0.025680532503608983,success,
800,apk_cluster,psm,0.11449906658369632,success,
800,apk_cluster,logistic_regression,-0.14121431420392813,success,
800,apk_cluster,doubly_robust,-0.08649869059155384,success,
801,row,psm,-0.026220614828209764,success,
801,row,logistic_regression,-0.03782934799015924,success,
801,row,doubly_robust,-0.03837242591998203,success,
801,apk_cluster,psm,0.04481638158298081,success,
801,apk_cluster,logistic_regression,-0.06469290604719001,success,
801,apk_cluster,doubly_robust,-0.0007574427670206524,success,
802,row,psm,0.00807715491259795,success,
802,row,logistic_regression,-0.02821897840022387,success,
802,row,doubly_robust,-0.020115192458265752,success,
802,apk_cluster,psm,0.12709409245496914,success,
802,apk_cluster,logistic_regression,-0.1251061632819055,success,
802,apk_cluster,doubly_robust,-0.07716327267999587,success,
803,row,psm,0.018685955394816153,success,
803,row,logistic_regression,-0.03559826033376146,success,
803,row,doubly_robust,-0.016515796366638125,success,
803,apk_cluster,psm,0.014900449582530508,success,
803,apk_cluster,logistic_regression,-0.10912229353551695,success,
803,apk_cluster,doubly_robust,-0.05699194272348166,success,
804,row,psm,0.0593128390596745,success,
804,row,logistic_regression,-0.04068354787821985,success,
804,row,doubly_robust,-0.03703519374384645,success,
804,apk_cluster,psm,-0.04950266018968309,success,
804,apk_cluster,logistic_regression,0.04133296334739072,success,
804,apk_cluster,doubly_robust,0.009719074410100878,success,
805,row,psm,0.027305605786618444,success,
805,row,logistic_regression,-0.039878958167467206,success,
805,row,doubly_robust,-0.03607774008195826,success,
805,apk_cluster,psm,0.08953634085213033,success,
805,apk_cluster,logistic_regression,-0.11127763693417282,success,
805,apk_cluster,doubly_robust,-0.08702624826170056,success,
806,row,psm,-0.033152501506931886,success,
806,row,logistic_regression,-0.022737624016833286,success,
806,row,doubly_robust,-0.005987813167767752,success,
806,apk_cluster,psm,-0.008269990878686531,success,
806,apk_cluster,logistic_regression,-0.03177249471308006,success,
806,apk_cluster,doubly_robust,0.0058862923170769224,success,
807,row,psm,0.00488245931283906,success,
807,row,logistic_regression,-0.03295058809684345,success,
807,row,doubly_robust,-0.027341615661479655,success,
807,apk_cluster,psm,0.011021671826625386,success,
807,apk_cluster,logistic_regression,-0.043470786262839234,success,
807,apk_cluster,doubly_robust,-0.039671804314317945,success,
808,row,psm,0.004761904761904762,success,
808,row,logistic_regression,-0.018507174138801118,success,
808,row,doubly_robust,-0.017023577990846715,success,
808,apk_cluster,psm,-0.02364394993045897,success,
808,apk_cluster,logistic_regression,-0.12249414046390482,success,
808,apk_cluster,doubly_robust,-0.050465257428299694,success,
809,row,psm,-0.048824593128390596,success,
809,row,logistic_regression,-0.006425752687624102,success,
809,row,doubly_robust,-0.004039064617852836,success,
809,apk_cluster,psm,-0.01170433579335793,success,
809,apk_cluster,logistic_regression,-0.05790818170239504,success,
809,apk_cluster,doubly_robust,-0.03498647654802619,success,
810,row,psm,0.047076552139843277,success,
810,row,logistic_regression,-0.02904095308885655,success,
810,row,doubly_robust,-0.01848409638879959,success,
810,apk_cluster,psm,0.04805533644803107,success,
810,apk_cluster,logistic_regression,-0.10558984462669853,success,
810,apk_cluster,doubly_robust,-0.06226107700528138,success,
811,row,psm,0.005846895720313442,success,
811,row,logistic_regression,0.00010139983549090906,success,
811,row,doubly_robust,0.008625187362756028,success,
811,apk_cluster,psm,0.003914671507999546,success,
811,apk_cluster,logistic_regression,-0.0744772048398447,success,
811,apk_cluster,doubly_robust,-0.08213364017753515,success,
812,row,psm,-0.003074141048824593,success,
812,row,logistic_regression,-0.028329036636326813,success,
812,row,doubly_robust,-0.019769745438724135,success,
812,apk_cluster,psm,0.12233250620347395,success,
812,apk_cluster,logistic_regression,-0.013485328873492958,success,
812,apk_cluster,doubly_robust,-0.021656223366178874,success,
813,row,psm,0.0459915611814346,success,
813,row,logistic_regression,-0.018691041938655697,success,
813,row,doubly_robust,-0.002832458082709751,success,
813,apk_cluster,psm,0.06447534766118837,success,
813,apk_cluster,logistic_regression,-0.17624804901864835,success,
813,apk_cluster,doubly_robust,-0.10922184830862895,success,
814,row,psm,-0.04165159734779988,success,
814,row,logistic_regression,-0.024540589778262407,success,
814,row,doubly_robust,-0.009114867427982684,success,
814,apk_cluster,psm,0.022383508172725056,success,
814,apk_cluster,logistic_regression,-0.007272623986941419,success,
814,apk_cluster,doubly_robust,-0.008834388470498725,success,
815,row,psm,-0.0007233273056057866,success,
815,row,logistic_regression,-0.01772804462859288,success,
815,row,doubly_robust,-0.013299072178013583,success,
815,apk_cluster,psm,0.03505936470441972,success,
815,apk_cluster,logistic_regression,-0.13869158956827252,success,
815,apk_cluster,doubly_robust,-0.1033654887232525,success,
816,row,psm,-0.004942736588306209,success,
816,row,logistic_regression,-0.02863739020990652,success,
816,row,doubly_robust,-0.02611184729947069,success,
816,apk_cluster,psm,-0.043049601959583586,success,
816,apk_cluster,logistic_regression,-0.13202669353804908,success,
816,apk_cluster,doubly_robust,-0.1182754628400328,success,
817,row,psm,0.08746232670283303,success,
817,row,logistic_regression,-0.025945163641318388,success,
817,row,doubly_robust,-0.019821212687576632,success,
817,apk_cluster,psm,-0.0230487496842637,success,
817,apk_cluster,logistic_regression,-0.15395815064506296,success,
817,apk_cluster,doubly_robust,-0.13014713861243388,success,
818,row,psm,-0.028270042194092827,success,
818,row,logistic_regression,-0.04760923514228061,success,
818,row,doubly_robust,-0.044259421560222105,success,
818,apk_cluster,psm,-0.04222604704532416,success,
818,apk_cluster,logistic_regression,0.05377579642723456,success,
818,apk_cluster,doubly_robust,0.00026758452443673483,success,
819,row,psm,0.048704038577456296,success,
819,row,logistic_regression,-0.029922116228831386,success,
819,row,doubly_robust,-0.01025179617261717,success,
819,apk_cluster,psm,0.02822085889570552,success,
819,apk_cluster,logistic_regression,0.04824505016153946,success,
819,apk_cluster,doubly_robust,0.004257075776398947,success,
820,row,psm,-0.03839662447257384,success,
820,row,logistic_regression,-0.05302080346780834,success,
820,row,doubly_robust,-0.05126709727045726,success,
820,apk_cluster,psm,0.07902913759746731,success,
820,apk_cluster,logistic_regression,0.0023113576987660238,success,
820,apk_cluster,doubly_robust,0.003754111133914286,success,
821,row,psm,0.025979505726341168,success,
821,row,logistic_regression,-0.016794906454253813,success,
821,row,doubly_robust,-0.022180150814261612,success,
821,apk_cluster,psm,0.060290584601304195,success,
821,apk_cluster,logistic_regression,0.05691116672651109,success,
821,apk_cluster,doubly_robust,0.02231307814111692,success,
822,row,psm,-0.01669680530440024,success,
822,row,logistic_regression,-0.04894457054182724,success,
822,row,doubly_robust,-0.031049816088804038,success,
822,apk_cluster,psm,-0.029317246434008005,success,
822,apk_cluster,logistic_regression,-0.06557681156753727,success,
822,apk_cluster,doubly_robust,-0.003766609447644137,success,
823,row,psm,0.002953586497890295,success,
823,row,logistic_regression,-0.03486624265992614,success,
823,row,doubly_robust,-0.028214681964557457,success,
823,apk_cluster,psm,-0.007242407644087396,success,
823,apk_cluster,logistic_regression,-0.1460921700347664,success,
823,apk_cluster,doubly_robust,-0.10363271170756674,success,
824,row,psm,0.03025919228450874,success,
824,row,logistic_regression,-0.017081964536916204,success,
824,row,doubly_robust,-0.011557131352707434,success,
824,apk_cluster,psm,0.1044749509716527,success,
824,apk_cluster,logistic_regression,-0.09185632763672469,success,
824,apk_cluster,doubly_robust,-0.031096585821757172,success,
825,row,psm,-0.01892706449668475,success,
825,row,logistic_regression,-0.0330495854875133,success,
825,row,doubly_robust,-0.028900182686976625,success,
825,apk_cluster,psm,0.05921052631578947,success,
825,apk_cluster,logistic_regression,-0.0396191592655701,success,
825,apk_cluster,doubly_robust,-0.002427689150292059,success,
826,row,psm,0.012055455093429777,success,
826,row,logistic_regression,-0.028340201012338265,success,
826,row,doubly_robust,-0.031787298507338566,success,
826,apk_cluster,psm,0.05143096635133517,success,
826,apk_cluster,logistic_regression,0.05398236364638691,success,
826,apk_cluster,doubly_robust,-0.015735576020231477,success,
827,row,psm,-0.036528028933092226,success,
827,row,logistic_regression,-0.03958795588828359,success,
827,row,doubly_robust,-0.03153814823373442,success,
827,apk_cluster,psm,0.14126683735945675,success,
827,apk_cluster,logistic_regression,0.000468675636702611,success,
827,apk_cluster,doubly_robust,0.00014410040835452717,success,
828,row,psm,0.04213381555153707,success,
828,row,logistic_regression,-0.01937000565371159,success,
828,row,doubly_robust,-0.015217315135699567,success,
828,apk_cluster,psm,-0.049757653843794096,success,
828,apk_cluster,logistic_regression,-0.004650783508453627,success,
828,apk_cluster,doubly_robust,-0.016177891185147522,success,
829,row,psm,0.0733574442435202,success,
829,row,logistic_regression,-0.0059487105789236515,success,
829,row,doubly_robust,0.00029677047658324083,success,
829,apk_cluster,psm,0.026691042047531994,success,
829,apk_cluster,logistic_regression,-0.03644028235490257,success,
829,apk_cluster,doubly_robust,-0.04240460914290209,success,
830,row,psm,-0.015913200723327307,success,
830,row,logistic_regression,-0.029884475835728043,success,
830,row,doubly_robust,-0.02435110978515045,success,
830,apk_cluster,psm,0.12216624685138538,success,
830,apk_cluster,logistic_regression,0.028313346658910308,success,
830,apk_cluster,doubly_robust,0.005684080775985215,success,
831,row,psm,-0.007655213984327908,success,
831,row,logistic_regression,-0.041418018380649534,success,
831,row,doubly_robust,-0.03775778491164409,success,
831,apk_cluster,psm,0.07531463030938647,success,
831,apk_cluster,logistic_regression,-0.10096208571841854,success,
831,apk_cluster,doubly_robust,-0.10014932772349933,success,
832,row,psm,-0.025075346594333935,success,
832,row,logistic_regression,-0.009006520254092923,success,
832,row,doubly_robust,-0.006626268583411495,success,
832,apk_cluster,psm,0.03271795545627751,success,
832,apk_cluster,logistic_regression,-0.058001505324372905,success,
832,apk_cluster,doubly_robust,-0.019776084862841287,success,
833,row,psm,0.08848704038577457,success,
833,row,logistic_regression,-0.004250909062174485,success,
833,row,doubly_robust,-0.0065416417616039,success,
833,apk_cluster,psm,0.010073373958462879,success,
833,apk_cluster,logistic_regression,-0.06618926306581578,success,
833,apk_cluster,doubly_robust,-0.053546451342309544,success,
834,row,psm,-0.023508137432188065,success,
834,row,logistic_regression,-0.0214762371191251,success,
834,row,doubly_robust,-0.02011019938023909,success,
834,apk_cluster,psm,0.12284564096112718,success,
834,apk_cluster,logistic_regression,-0.12831908484534138,success,
834,apk_cluster,doubly_robust,-0.05767820834457962,success,
835,row,psm,0.03664858348402652,success,
835,row,logistic_regression,-0.049297530005587425,success,
835,row,doubly_robust,-0.0412124813950621,success,
835,apk_cluster,psm,-0.010897706062977904,success,
835,apk_cluster,logistic_regression,-0.016345742144000284,success,
835,apk_cluster,doubly_robust,-0.012930396100996075,success,
836,row,psm,-0.008318264014466547,success,
836,row,logistic_regression,-0.0335561031321837,success,
836,row,doubly_robust,-0.030860166220729845,success,
836,apk_cluster,psm,0.08447460913828626,success,
836,apk_cluster,logistic_regression,-0.024703105532404495,success,
836,apk_cluster,doubly_robust,0.0015453646075604475,success,
837,row,psm,0.03140446051838457,success,
837,row,logistic_regression,-0.023712208178005047,success,
837,row,doubly_robust,-0.012562226035848858,success,
837,apk_cluster,psm,0.060860124253573795,success,
837,apk_cluster,logistic_regression,-0.005339719972420979,success,
837,apk_cluster,doubly_robust,-0.004756848167935329,success,
838,row,psm,0.06323086196503919,success,
838,row,logistic_regression,-0.006333843681338568,success,
838,row,doubly_robust,-0.007873933633939815,success,
838,apk_cluster,psm,-0.03002023102525615,success,
838,apk_cluster,logistic_regression,-0.11797490765092056,success,
838,apk_cluster,doubly_robust,-0.07326047546504538,success,
839,row,psm,0.0566003616636528,success,
839,row,logistic_regression,-0.03464978348672567,success,
839,row,doubly_robust,-0.028223196697973522,success,
839,apk_cluster,psm,0.07484067122727008,success,
839,apk_cluster,logistic_regression,0.019148862830530734,success,
839,apk_cluster,doubly_robust,-0.00028889237668321713,success,
840,row,psm,0.023508137432188065,success,
840,row,logistic_regression,-0.04607953499629451,success,
840,row,doubly_robust,-0.036986084256275524,success,
840,apk_cluster,psm,-0.036157517899761335,success,
840,apk_cluster,logistic_regression,-0.05809240849036804,success,
840,apk_cluster,doubly_robust,-0.007035086516108144,success,
841,row,psm,-0.033031946955997586,success,
841,row,logistic_regression,-0.030726631575263383,success,
841,row,doubly_robust,-0.02628690283836446,success,
841,apk_cluster,psm,0.10207675491863007,success,
841,apk_cluster,logistic_regression,-0.11135735944124811,success,
841,apk_cluster,doubly_robust,-0.1183876132474798,success,
842,row,psm,0.04671488848704038,success,
842,row,logistic_regression,-0.010341516691680796,success,
842,row,doubly_robust,-0.0017981550906985273,success,
842,apk_cluster,psm,0.04839104368041111,success,
842,apk_cluster,logistic_regression,-0.1778479879711934,success,
842,apk_cluster,doubly_robust,-0.13169969103097726,success,
843,row,psm,0.018264014466546113,success,
843,row,logistic_regression,-0.04171654681072501,success,
843,row,doubly_robust,-0.034437018929078994,success,
843,apk_cluster,psm,0.06041467304625199,success,
843,apk_cluster,logistic_regression,-0.1377653035388398,success,
843,apk_cluster,doubly_robust,-0.0830055380491481,success,
844,row,psm,-0.038034960819770945,success,
844,row,logistic_regression,-0.02621793127902963,success,
844,row,doubly_robust,-0.015052528863903281,success,
844,apk_cluster,psm,0.07812881190534277,success,
844,apk_cluster,logistic_regression,0.03624805408387803,success,
844,apk_cluster,doubly_robust,0.009751375602309287,success,
845,row,psm,0.030620855937311633,success,
845,row,logistic_regression,-0.048638082143219935,success,
845,row,doubly_robust,-0.04529406064078929,success,
845,apk_cluster,psm,0.12766084668739536,success,
845,apk_cluster,logistic_regression,-0.021185317825917413,success,
845,apk_cluster,doubly_robust,-0.00512611063051263,success,
846,row,psm,-0.02115732368896926,success,
846,row,logistic_regression,-0.042848658922255145,success,
846,row,doubly_robust,-0.03771173131171164,success,
846,apk_cluster,psm,0.06886264003896736,success,
846,apk_cluster,logistic_regression,-0.069503371926024,success,
846,apk_cluster,doubly_robust,-0.04870832909729818,success,
847,row,psm,-0.005304400241109102,success,
847,row,logistic_regression,-0.04656351547192664,success,
847,row,doubly_robust,-0.02887905870981943,success,
847,apk_cluster,psm,0.11572755417956657,success,
847,apk_cluster,logistic_regression,-0.17088381534888025,success,
847,apk_cluster,doubly_robust,-0.09967291168293504,success,
848,row,psm,-0.026823387582881254,success,
848,row,logistic_regression,-0.03114076451641263,success,
848,row,doubly_robust,-0.027427266683404606,success,
848,apk_cluster,psm,0.043681010566082284,success,
848,apk_cluster,logistic_regression,-0.010574085500647604,success,
848,apk_cluster,doubly_robust,-0.04462056443760046,success,
849,row,psm,-0.0022302591922845087,success,
849,row,logistic_regression,-0.028817453359207195,success,
849,row,doubly_robust,-0.02380299419468062,success,
849,apk_cluster,psm,0.08494897959183674,success,
849,apk_cluster,logistic_regression,-0.05119186279948398,success,
849,apk_cluster,doubly_robust,-0.0335375746707921,success,
850,row,psm,-0.03267028330319469,success,
850,row,logistic_regression,-0.035549618394282,success,
850,row,doubly_robust,-0.032712199961581326,success,
850,apk_cluster,psm,-0.02471189991988661,success,
850,apk_cluster,logistic_regression,-0.1740119248131791,success,
850,apk_cluster,doubly_robust,-0.11239980018317834,success,
851,row,psm,-0.007594936708860759,success,
851,row,logistic_regression,-0.029789504435185386,success,
851,row,doubly_robust,-0.019276071823780796,success,
851,apk_cluster,psm,0.05148756091305463,success,
851,apk_cluster,logistic_regression,-0.12098469199226755,success,
851,apk_cluster,doubly_robust,-0.09870833919742888,success,
852,row,psm,-0.053164556962025315,success,
852,row,logistic_regression,-0.04465783361383859,success,
852,row,doubly_robust,-0.03836324481350062,success,
852,apk_cluster,psm,0.08289624404654247,success,
852,apk_cluster,logistic_regression,-0.154373250309463,success,
852,apk_cluster,doubly_robust,-0.09917686758424332,success,
853,row,psm,0.009041591320072333,success,
853,row,logistic_regression,-0.04584685966363401,success,
853,row,doubly_robust,-0.03338401551842382,success,
853,apk_cluster,psm,0.009562015716876409,success,
853,apk_cluster,logistic_regression,-0.06265601686860184,success,
853,apk_cluster,doubly_robust,-0.024207645244265358,success,
854,row,psm,-0.011934900542495479,success,
854,row,logistic_regression,-0.04165835904108689,success,
854,row,doubly_robust,-0.0318525501739719,success,
854,apk_cluster,psm,0.0870949616032965,success,
854,apk_cluster,logistic_regression,-0.14256602252777434,success,
854,apk_cluster,doubly_robust,-0.06328623054862849,success,
855,row,psm,0.004761904761904762,success,
855,row,logistic_regression,-0.025459765630901087,success,
855,row,doubly_robust,-0.0049549572491274195,success,
855,apk_cluster,psm,0.07567924981966818,success,
855,apk_cluster,logistic_regression,0.014534678617769447,success,
855,apk_cluster,doubly_robust,0.0020648023925626735,success,
856,row,psm,-0.0022905364677516574,success,
856,row,logistic_regression,-0.02414466039280814,success,
856,row,doubly_robust,-0.020630259850167067,success,
856,apk_cluster,psm,0.02677477687685936,success,
856,apk_cluster,logistic_regression,-0.025602213370290915,success,
856,apk_cluster,doubly_robust,-0.01530421424700287,success,
857,row,psm,-0.007655213984327908,success,
857,row,logistic_regression,-0.03176923494582369,success,
857,row,doubly_robust,-0.029433264748068146,success,
857,apk_cluster,psm,0.01864073173555633,success,
857,apk_cluster,logistic_regression,-0.001072723465270081,success,
857,apk_cluster,doubly_robust,-0.022439817711045962,success,
858,row,psm,-0.021940928270042195,success,
858,row,logistic_regression,-0.02173015578778276,success,
858,row,doubly_robust,-0.003444133196055644,success,
858,apk_cluster,psm,-0.004666584796757952,success,
858,apk_cluster,logistic_regression,-0.1532412874980472,success,
858,apk_cluster,doubly_robust,-0.1314962580160125,success,
859,row,psm,0.03580470162748644,success,
859,row,logistic_regression,-0.03459961546023763,success,
859,row,doubly_robust,-0.029354630791777397,success,
859,apk_cluster,psm,0.11986504084290281,success,
859,apk_cluster,logistic_regression,-0.06499400795870884,success,
859,apk_cluster,doubly_robust,-0.04044147904010595,success,
860,row,psm,-0.008499095840867993,success,
860,row,logistic_regression,-0.034619156376791596,success,
860,row,doubly_robust,-0.02239232120658982,success,
860,apk_cluster,psm,0.0625689885551618,success,
860,apk_cluster,logistic_regression,-0.006763099731832187,success,
860,apk_cluster,doubly_robust,-0.028295463928913724,success,
861,row,psm,-0.0189873417721519,success,
861,row,logistic_regression,-0.02324203397919895,success,
861,row,doubly_robust,-0.0138567089045369,success,
861,apk_cluster,psm,0.03267292318387209,success,
861,apk_cluster,logistic_regression,0.08525794719605079,success,
861,apk_cluster,doubly_robust,-0.010617630578699468,success,
862,row,psm,0.003134418324291742,success,
862,row,logistic_regression,-0.022227661427369996,success,
862,row,doubly_robust,-0.01128860935626376,success,
862,apk_cluster,psm,0.0031714336054501674,success,
862,apk_cluster,logistic_regression,-0.1559334083681821,success,
862,apk_cluster,doubly_robust,-0.11025403478645182,success,
863,row,psm,0.024472573839662448,success,
863,row,logistic_regression,-0.015283345879437702,success,
863,row,doubly_robust,-0.009395522633066295,success,
863,apk_cluster,psm,0.02626074831512898,success,
863,apk_cluster,logistic_regression,-0.10553420252639306,success,
863,apk_cluster,doubly_robust,-0.06768179755729105,success,
864,row,psm,0.02917420132610006,success,
864,row,logistic_regression,-0.034838139280984344,success,
864,row,doubly_robust,-0.02912527410607493,success,
864,apk_cluster,psm,0.024770642201834864,success,
864,apk_cluster,logistic_regression,-0.0839502403717547,success,
864,apk_cluster,doubly_robust,-0.05325887862550529,success,
865,row,psm,-0.03297166968053044,success,
865,row,logistic_regression,-0.022245979682144916,success,
865,row,doubly_robust,-0.013819150353502842,success,
865,apk_cluster,psm,0.03422996672869791,success,
865,apk_cluster,logistic_regression,0.10472565966944093,success,
865,apk_cluster,doubly_robust,-0.005808683000429682,success,
866,row,psm,0.06377335744424352,success,
866,row,logistic_regression,-0.032335591316136114,success,
866,row,doubly_robust,-0.030801460091972918,success,
866,apk_cluster,psm,0.06302254511906821,success,
866,apk_cluster,logistic_regression,-0.13340838889098872,success,
866,apk_cluster,doubly_robust,-0.08021504980773468,success,
867,row,psm,0.005123568414707656,success,
867,row,logistic_regression,-0.01302532127165542,success,
867,row,doubly_robust,-0.003811342572836857,success,
867,apk_cluster,psm,-0.020572666025024063,success,
867,apk_cluster,logistic_regression,-0.09426217444133003,success,
867,apk_cluster,doubly_robust,-0.0733125121601899,success,
868,row,psm,0.03496081977094635,success,
868,row,logistic_regression,-0.02901680996805665,success,
868,row,doubly_robust,-0.023811218115795927,success,
868,apk_cluster,psm,0.03795100760226861,success,
868,apk_cluster,logistic_regression,-0.09394961164431131,success,
868,apk_cluster,doubly_robust,-0.07081359919019078,success,
869,row,psm,-0.02176009644364075,success,
869,row,logistic_regression,-0.01640822093810042,success,
869,row,doubly_robust,0.0005613131888288709,success,
869,apk_cluster,psm,-0.04046668713540068,success,
869,apk_cluster,logistic_regression,-0.10306204053861696,success,
869,apk_cluster,doubly_robust,-0.09096119267024745,success,
870,row,psm,0.004279686558167571,success,
870,row,logistic_regression,-0.03632099833768986,success,
870,row,doubly_robust,-0.025673684521347367,success,
870,apk_cluster,psm,0.0327360222883556,success,
870,apk_cluster,logistic_regression,-0.08966455155534628,success,
870,apk_cluster,doubly_robust,-0.06376599610105398,success,
871,row,psm,0.027908378541289934,success,
871,row,logistic_regression,-0.02438129423787698,success,
871,row,doubly_robust,-0.02015280420079585,success,
871,apk_cluster,psm,-0.025160246810040136,success,
871,apk_cluster,logistic_regression,0.044915013668498524,success,
871,apk_cluster,doubly_robust,0.011649250007882996,success,
872,row,psm,0.034116937914406266,success,
872,row,logistic_regression,-0.03184629034498415,success,
872,row,doubly_robust,-0.028379787303064424,success,
872,apk_cluster,psm,0.015210878082507493,success,
872,apk_cluster,logistic_regression,-0.16818775292902668,success,
872,apk_cluster,doubly_robust,-0.13993116452074622,success,
873,row,psm,-0.020855937311633516,success,
873,row,logistic_regression,-0.026068799021285456,success,
873,row,doubly_robust,-0.023051227502966048,success,
873,apk_cluster,psm,0.046378613615169414,success,
873,apk_cluster,logistic_regression,-0.05697181196470439,success,
873,apk_cluster,doubly_robust,-0.0429381424855654,success,
874,row,psm,0.048161543098251956,success,
874,row,logistic_regression,-0.037478584023728195,success,
874,row,doubly_robust,-0.028461198742648432,success,
874,apk_cluster,psm,0.05864540847855642,success,
874,apk_cluster,logistic_regression,-0.041486392965108324,success,
874,apk_cluster,doubly_robust,-0.04185595686558116,success,
875,row,psm,0.02393007836045811,success,
875,row,logistic_regression,-0.04133776558361573,success,
875,row,doubly_robust,-0.026781977354074993,success,
875,apk_cluster,psm,0.06043453401943968,success,
875,apk_cluster,logistic_regression,-0.04723574446814627,success,
875,apk_cluster,doubly_robust,-0.029213492831911228,success,
876,row,psm,0.01621458710066305,success,
876,row,logistic_regression,-0.03383151017716086,success,
876,row,doubly_robust,-0.014060133571604868,success,
876,apk_cluster,psm,0.03864891198441052,success,
876,apk_cluster,logistic_regression,-0.10367533351788707,success,
876,apk_cluster,doubly_robust,-0.05662687263726209,success,
877,row,psm,0.03019891500904159,success,
877,row,logistic_regression,-0.046529550042949244,success,
877,row,doubly_robust,-0.04437215807358845,success,
877,apk_cluster,psm,-0.006770235144774225,success,
877,apk_cluster,logistic_regression,0.041642134865309585,success,
877,apk_cluster,doubly_robust,-0.0004562937851087506,success,
878,row,psm,0.013924050632911392,success,
878,row,logistic_regression,-0.0414328661782026,success,
878,row,doubly_robust,-0.03491587233237004,success,
878,apk_cluster,psm,-0.014149492463857275,success,
878,apk_cluster,logistic_regression,-0.1096503831695897,success,
878,apk_cluster,doubly_robust,-0.06308076616797915,success,
879,row,psm,0.033273056057866186,success,
879,row,logistic_regression,-0.05202889947518597,success,
879,row,doubly_robust,-0.04776448702656018,success,
879,apk_cluster,psm,0.0221387085753331,success,
879,apk_cluster,logistic_regression,-0.0572860531280681,success,
879,apk_cluster,doubly_robust,-0.054971176872098244,success,
880,row,psm,-0.007172995780590717,success,
880,row,logistic_regression,-0.015185328098405256,success,
880,row,doubly_robust,-0.013528752139555308,success,
880,apk_cluster,psm,0.026205264714581483,success,
880,apk_cluster,logistic_regression,-0.06181174933436606,success,
880,apk_cluster,doubly_robust,-0.05107074127427689,success,
881,row,psm,-0.009644364074743821,success,
881,row,logistic_regression,-0.01934874298228886,success,
881,row,doubly_robust,-0.00634269591983266,success,
881,apk_cluster,psm,0.06256487141044863,success,
881,apk_cluster,logistic_regression,0.10367228855684688,success,
881,apk_cluster,doubly_robust,0.03868881610226717,success,
882,row,psm,-0.02423146473779385,success,
882,row,logistic_regression,-0.02616495407463639,success,
882,row,doubly_robust,-0.02217023155851299,success,
882,apk_cluster,psm,0.08413735243003535,success,
882,apk_cluster,logistic_regression,-0.10469623425691679,success,
882,apk_cluster,doubly_robust,-0.012612547787089017,success,
883,row,psm,0.0013863773357444243,success,
883,row,logistic_regression,-0.03757791522574102,success,
883,row,doubly_robust,-0.026906199977639003,success,
883,apk_cluster,psm,0.08206185567010309,success,
883,apk_cluster,logistic_regression,-0.13268044359955192,success,
883,apk_cluster,doubly_robust,-0.07986721615638925,success,
884,row,psm,-0.001989150090415913,success,
884,row,logistic_regression,-0.027477378360060374,success,
884,row,doubly_robust,-0.029245784623386607,success,
884,apk_cluster,psm,0.09186099162327371,success,
884,apk_cluster,logistic_regression,-0.05156669532266389,success,
884,apk_cluster,doubly_robust,-0.005336454289111717,success,
885,row,psm,0.0009041591320072332,success,
885,row,logistic_regression,-0.0441156122912282,success,
885,row,doubly_robust,-0.038987191886852596,success,
885,apk_cluster,psm,-0.01972667120153361,success,
885,apk_cluster,logistic_regression,-0.1652109813864215,success,
885,apk_cluster,doubly_robust,-0.13876717769830113,success,
886,row,psm,-0.016455696202531647,success,
886,row,logistic_regression,-0.015339510902963918,success,
886,row,doubly_robust,-0.007064906507426702,success,
886,apk_cluster,psm,-0.006585425898572136,success,
886,apk_cluster,logistic_regression,-0.17869037687443015,success,
886,apk_cluster,doubly_robust,-0.10571599141648734,success,
887,row,psm,0.08378541289933696,success,
887,row,logistic_regression,-0.02217502807078656,success,
887,row,doubly_robust,-0.014469638506665007,success,
887,apk_cluster,psm,0.04488255033557047,success,
887,apk_cluster,logistic_regression,0.09687361909000376,success,
887,apk_cluster,doubly_robust,0.010267209862866555,success,
888,row,psm,0.00644966847498493,success,
888,row,logistic_regression,-0.027915567588051044,success,
888,row,doubly_robust,-0.020212953690051386,success,
888,apk_cluster,psm,-0.04867419592438006,success,
888,apk_cluster,logistic_regression,-0.05887122820428089,success,
888,apk_cluster,doubly_robust,-0.03879858073231629,success,
889,row,psm,0.024472573839662448,success,
889,row,logistic_regression,-0.03189611435356719,success,
889,row,doubly_robust,-0.024869023871399627,success,
889,apk_cluster,psm,0.027206964983035656,success,
889,apk_cluster,logistic_regression,-0.11590361513105608,success,
889,apk_cluster,doubly_robust,-0.08693744613439973,success,
890,row,psm,0.008016877637130802,success,
890,row,logistic_regression,-0.04472162292245172,success,
890,row,doubly_robust,-0.037361702218160826,success,
890,apk_cluster,psm,-0.038951403487078026,success,
890,apk_cluster,logistic_regression,-0.1663842602840024,success,
890,apk_cluster,doubly_robust,-0.1133937850364743,success,
891,row,psm,0.03363471971066908,success,
891,row,logistic_regression,-0.014978141448801986,success,
891,row,doubly_robust,-0.011955119542624106,success,
891,apk_cluster,psm,0.0513187253275359,success,
891,apk_cluster,logistic_regression,0.051623990108423445,success,
891,apk_cluster,doubly_robust,-0.03529362440792673,success,
892,row,psm,0.012236286919831224,success,
892,row,logistic_regression,-0.03165773494445597,success,
892,row,doubly_robust,-0.022011408067798915,success,
892,apk_cluster,psm,0.006504264588574584,success,
892,apk_cluster,logistic_regression,-0.055913424496159145,success,
892,apk_cluster,doubly_robust,-0.050528945338745246,success,
893,row,psm,0.01404460518384569,success,
893,row,logistic_regression,-0.02654607964875649,success,
893,row,doubly_robust,-0.015312006714462974,success,
893,apk_cluster,psm,0.07085608084562667,success,
893,apk_cluster,logistic_regression,0.03521256344112943,success,
893,apk_cluster,doubly_robust,-0.016687095627636428,success,
894,row,psm,0.042917420132610004,success,
894,row,logistic_regression,-0.027408273103815044,success,
894,row,doubly_robust,-0.026239328903139923,success,
894,apk_cluster,psm,-0.020839951712307007,success,
894,apk_cluster,logistic_regression,-0.0062750117425451534,success,
894,apk_cluster,doubly_robust,-0.0271479042766025,success,
895,row,psm,0.009885473176612416,success,
895,row,logistic_regression,-0.03625555324134519,success,
895,row,doubly_robust,-0.030718668181590286,success,
895,apk_cluster,psm,0.10223025919228451,success,
895,apk_cluster,logistic_regression,-0.04470388458478908,success,
895,apk_cluster,doubly_robust,-0.0010030391448059965,success,
896,row,psm,0.04285714285714286,success,
896,row,logistic_regression,-0.03044751535155537,success,
896,row,doubly_robust,-0.02724826627812938,success,
896,apk_cluster,psm,0.04436017816299506,success,
896,apk_cluster,logistic_regression,-0.07430600893989342,success,
896,apk_cluster,doubly_robust,-0.05811779571825575,success,
897,row,psm,0.02483423749246534,success,
897,row,logistic_regression,-0.022820846956702858,success,
897,row,doubly_robust,-0.014040846703370762,success,
897,apk_cluster,psm,0.02916908773968623,success,
897,apk_cluster,logistic_regression,-0.03715789317092967,success,
897,apk_cluster,doubly_robust,-0.017697830384586,success,
898,row,psm,0.023206751054852322,success,
898,row,logistic_regression,-0.016518099217371907,success,
898,row,doubly_robust,-0.0053843578877608754,success,
898,apk_cluster,psm,0.0202281837804502,success,
898,apk_cluster,logistic_regression,-0.11959289962121772,success,
898,apk_cluster,doubly_robust,-0.04973867371350316,success,
899,row,psm,0.03375527426160337,success,
899,row,logistic_regression,-0.024875211938693496,success,
899,row,doubly_robust,-0.024689932771990504,success,
899,apk_cluster,psm,0.05178187036594116,success,
899,apk_cluster,logistic_regression,-0.12517203295725024,success,
899,apk_cluster,doubly_robust,-0.11124875644680632,success,
900,row,psm,-0.02760699216395419,success,
900,row,logistic_regression,-0.0327054319047599,success,
900,row,doubly_robust,-0.02688523926003246,success,
900,apk_cluster,psm,0.0867892261650278,success,
900,apk_cluster,logistic_regression,-0.10099650367931745,success,
900,apk_cluster,doubly_robust,-0.08998220509050726,success,
901,row,psm,0.016576250753465943,success,
901,row,logistic_regression,-0.014627381184462657,success,
901,row,doubly_robust,-0.001083369496507189,success,
901,apk_cluster,psm,0.03725456325214487,success,
901,apk_cluster,logistic_regression,-0.024512561422845438,success,
901,apk_cluster,doubly_robust,-0.022759218836675504,success,
902,row,psm,0.010427968655816758,success,
902,row,logistic_regression,-0.043127608588429955,success,
902,row,doubly_robust,-0.03546545956865391,success,
902,apk_cluster,psm,0.009185899644046388,success,
902,apk_cluster,logistic_regression,-0.0876082923771951,success,
902,apk_cluster,doubly_robust,-0.03818427864320329,success,
903,row,psm,-0.055455093429776975,success,
903,row,logistic_regression,-0.02088029494149389,success,
903,row,doubly_robust,-0.011411881630936902,success,
903,apk_cluster,psm,0.03872064089336651,success,
903,apk_cluster,logistic_regression,0.0626882209281949,success,
903,apk_cluster,doubly_robust,0.016999624568223303,success,
904,row,psm,0.037371910789632305,success,
904,row,logistic_regression,-0.04170559481979941,success,
904,row,doubly_robust,-0.02841021840387107,success,
904,apk_cluster,psm,0.11523462070700717,success,
904,apk_cluster,logistic_regression,-0.0667256253823394,success,
904,apk_cluster,doubly_robust,-0.05347623532403536,success,
905,row,psm,0.032067510548523206,success,
905,row,logistic_regression,-0.02312466917138283,success,
905,row,doubly_robust,-0.01976163323176242,success,
905,apk_cluster,psm,0.04052494076189319,success,
905,apk_cluster,logistic_regression,0.011932051957595183,success,
905,apk_cluster,doubly_robust,0.004157053608170445,success,
906,row,psm,-0.0013261000602772751,success,
906,row,logistic_regression,-0.030695763016283205,success,
906,row,doubly_robust,-0.016683967371055406,success,
906,apk_cluster,psm,0.05840696872845773,success,
906,apk_cluster,logistic_regression,-0.1731099030363901,success,
906,apk_cluster,doubly_robust,-0.1703291097410477,success,
907,row,psm,0.03218806509945751,success,
907,row,logistic_regression,-0.022299866911735113,success,
907,row,doubly_robust,-0.021189395963006365,success,
907,apk_cluster,psm,-0.0324192641639078,success,
907,apk_cluster,logistic_regression,-0.04275692995717177,success,
907,apk_cluster,doubly_robust,-0.05453040022016706,success,
908,row,psm,0.03556359252561784,success,
908,row,logistic_regression,-0.043159068449761015,success,
908,row,doubly_robust,-0.02171097223881471,success,
908,apk_cluster,psm,-0.014449840104228355,success,
908,apk_cluster,logistic_regression,-0.04665869133817707,success,
908,apk_cluster,doubly_robust,-0.04205881327968893,success,
909,row,psm,0.03664858348402652,success,
909,row,logistic_regression,-0.030577034759465434,success,
909,row,doubly_robust,-0.024592980889940757,success,
909,apk_cluster,psm,0.00642786185940513,success,
909,apk_cluster,logistic_regression,-0.004289500558054165,success,
909,apk_cluster,doubly_robust,-0.013362080500701094,success,
910,row,psm,0.01959011452682339,success,
910,row,logistic_regression,-0.030749295832657526,success,
910,row,doubly_robust,-0.028036924222507177,success,
910,apk_cluster,psm,0.028522630230572162,success,
910,apk_cluster,logistic_regression,0.034794904502213,success,
910,apk_cluster,doubly_robust,0.027631223479703874,success,
911,row,psm,0.019228450874020496,success,
911,row,logistic_regression,-0.04280806043488107,success,
911,row,doubly_robust,-0.02727808549324082,success,
911,apk_cluster,psm,0.0374646849281415,success,
911,apk_cluster,logistic_regression,-0.07918268122414782,success,
911,apk_cluster,doubly_robust,-0.0779525267826812,success,
912,row,psm,-0.002591922845087402,success,
912,row,logistic_regression,-0.029047020660732916,success,
912,row,doubly_robust,-0.024556500735335295,success,
912,apk_cluster,psm,0.03421452446065026,success,
912,apk_cluster,logistic_regression,-0.17098360406215213,success,
912,apk_cluster,doubly_robust,-0.16291494245709723,success,
913,row,psm,0.036407474382157926,success,
913,row,logistic_regression,-0.02132416463921601,success,
913,row,doubly_robust,-0.008869142532797964,success,
913,apk_cluster,psm,-0.028476782704713197,success,
913,apk_cluster,logistic_regression,0.008114146614928815,success,
913,apk_cluster,doubly_robust,-0.01851483807824672,success,
914,row,psm,0.005485232067510547,success,
914,row,logistic_regression,-0.06182495430309378,success,
914,row,doubly_robust,-0.044142959956471675,success,
914,apk_cluster,psm,0.05191385944778236,success,
914,apk_cluster,logistic_regression,-0.13023755560959885,success,
914,apk_cluster,doubly_robust,-0.07919552614372503,success,
915,row,psm,-0.0033755274261603376,success,
915,row,logistic_regression,-0.013556373541880152,success,
915,row,doubly_robust,0.001935940705727289,success,
915,apk_cluster,psm,0.09158692680502051,success,
915,apk_cluster,logistic_regression,0.0977772194522257,success,
915,apk_cluster,doubly_robust,0.078167926662292,success,
916,row,psm,0.032730560578661846,success,
916,row,logistic_regression,-0.029294186453553292,success,
916,row,doubly_robust,-0.017832238159513167,success,
916,apk_cluster,psm,0.03652517275419546,success,
916,apk_cluster,logistic_regression,0.10669181816457676,success,
916,apk_cluster,doubly_robust,0.014357227525902303,success,
917,row,psm,-0.05051235684147076,success,
917,row,logistic_regression,-0.04081090645821601,success,
917,row,doubly_robust,-0.030235601305620988,success,
917,apk_cluster,psm,0.04147821947155439,success,
917,apk_cluster,logistic_regression,-0.07980947492738534,success,
917,apk_cluster,doubly_robust,-0.07557748857571968,success,
918,row,psm,0.030620855937311633,success,
918,row,logistic_regression,-0.02683135113649386,success,
918,row,doubly_robust,-0.01575671611682627,success,
918,apk_cluster,psm,0.08264411417200423,success,
918,apk_cluster,logistic_regression,0.0452766270011117,success,
918,apk_cluster,doubly_robust,0.025172758420530014,success,
919,row,psm,0.010247136829415311,success,
919,row,logistic_regression,-0.01672584324768963,success,
919,row,doubly_robust,-0.01434112490922161,success,
919,apk_cluster,psm,-0.061865874783469436,success,
919,apk_cluster,logistic_regression,-0.19413060514082026,success,
919,apk_cluster,doubly_robust,-0.15343767718417453,success,
920,row,psm,0.05135623869801085,success,
920,row,logistic_regression,-0.0183875630592518,success,
920,row,doubly_robust,-0.01565953566959132,success,
920,apk_cluster,psm,0.09253370643602137,success,
920,apk_cluster,logistic_regression,-0.13416480817619245,success,
920,apk_cluster,doubly_robust,-0.03281491999788317,success,
921,row,psm,-0.01850512356841471,success,
921,row,logistic_regression,-0.05506292687258201,success,
921,row,doubly_robust,-0.04811739224762474,success,
921,apk_cluster,psm,0.13442052880868158,success,
921,apk_cluster,logistic_regression,-0.005146862733756515,success,
921,apk_cluster,doubly_robust,0.015226369905449842,success,
922,row,psm,-0.05346594333936106,success,
922,row,logistic_regression,-0.040203224370730054,success,
922,row,doubly_robust,-0.021745783057317117,success,
922,apk_cluster,psm,-0.036342769701606735,success,
922,apk_cluster,logistic_regression,-0.14041338341666412,success,
922,apk_cluster,doubly_robust,-0.10442395127950996,success,
923,row,psm,0.025015069318866788,success,
923,row,logistic_regression,-0.0313514696616258,success,
923,row,doubly_robust,-0.029156533484629866,success,
923,apk_cluster,psm,0.004004475590365703,success,
923,apk_cluster,logistic_regression,0.0186931451450184,success,
923,apk_cluster,doubly_robust,-0.007734006211986829,success,
924,row,psm,-0.0016274864376130199,success,
924,row,logistic_regression,-0.023332350382629416,success,
924,row,doubly_robust,-0.02683403878395873,success,
924,apk_cluster,psm,0.06625695054141059,success,
924,apk_cluster,logistic_regression,-0.07812631531523918,success,
924,apk_cluster,doubly_robust,-0.042784282598624074,success,
925,row,psm,0.04822182037371911,success,
925,row,logistic_regression,-0.013374804345485719,success,
925,row,doubly_robust,-0.01715432117145233,success,
925,apk_cluster,psm,0.08129566768310224,success,
925,apk_cluster,logistic_regression,0.03327289444803249,success,
925,apk_cluster,doubly_robust,-0.014624051353361039,success,
926,row,psm,-0.01681735985533454,success,
926,row,logistic_regression,-0.03554432439483535,success,
926,row,doubly_robust,-0.033716683357246396,success,
926,apk_cluster,psm,0.0895345943255351,success,
926,apk_cluster,logistic_regression,-0.04853617747843944,success,
926,apk_cluster,doubly_robust,-0.018559997922279785,success,
927,row,psm,-0.00976491862567812,success,
927,row,logistic_regression,-0.02308877968032726,success,
927,row,doubly_robust,-0.02122970052956196,success,
927,apk_cluster,psm,0.04531929503318837,success,
927,apk_cluster,logistic_regression,-0.028062906735941934,success,
927,apk_cluster,doubly_robust,-0.01828219534877269,success,
928,row,psm,0.005605786618444846,success,
928,row,logistic_regression,-0.04692836967316971,success,
928,row,doubly_robust,-0.03606662524468235,success,
928,apk_cluster,psm,-0.0014053915932030151,success,
928,apk_cluster,logistic_regression,-0.15380169027314414,success,
928,apk_cluster,doubly_robust,-0.12643268706928262,success,
929,row,psm,-0.0033755274261603376,success,
929,row,logistic_regression,-0.023139479434731006,success,
929,row,doubly_robust,-0.012389496124757171,success,
929,apk_cluster,psm,0.07682561621746141,success,
929,apk_cluster,logistic_regression,0.046406183045207,success,
929,apk_cluster,doubly_robust,-0.012626130897569487,success,
930,row,psm,0.06003616636528029,success,
930,row,logistic_regression,-0.003037138260853988,success,
930,row,doubly_robust,-0.001053302880073466,success,
930,apk_cluster,psm,0.018120762846100234,success,
930,apk_cluster,logistic_regression,-0.06612331590627013,success,
930,apk_cluster,doubly_robust,-0.05709153179032435,success,
931,row,psm,0.015852923447860157,success,
931,row,logistic_regression,-0.05745924172632978,success,
931,row,doubly_robust,-0.0566445178341676,success,
931,apk_cluster,psm,-0.051644804615067645,success,
931,apk_cluster,logistic_regression,-0.16808125787754077,success,
931,apk_cluster,doubly_robust,-0.1428223318353589,success,
932,row,psm,-0.050994575045207956,success,
932,row,logistic_regression,-0.03273008814937503,success,
932,row,doubly_robust,-0.024266023500482212,success,
932,apk_cluster,psm,0.02806712962962963,success,
932,apk_cluster,logistic_regression,0.008676551548114489,success,
932,apk_cluster,doubly_robust,-0.027806062936668024,success,
933,row,psm,-0.03568414707655214,success,
933,row,logistic_regression,-0.05010443488803359,success,
933,row,doubly_robust,-0.03879124834355268,success,
933,apk_cluster,psm,0.04030564629024732,success,
933,apk_cluster,logistic_regression,-0.07054308709794795,success,
933,apk_cluster,doubly_robust,-0.06819164208011053,success,
934,row,psm,-0.005786618444846293,success,
934,row,logistic_regression,-0.04522824744893464,success,
934,row,doubly_robust,-0.04123070135497503,success,
934,apk_cluster,psm,-0.0043950677572945915,success,
934,apk_cluster,logistic_regression,-0.005791911453426073,success,
934,apk_cluster,doubly_robust,-0.006515518025149895,success,
935,row,psm,-0.03568414707655214,success,
935,row,logistic_regression,-0.047802169638990415,success,
935,row,doubly_robust,-0.02692112502462169,success,
935,apk_cluster,psm,-0.014691039587305147,success,
935,apk_cluster,logistic_regression,-0.015884421513698888,success,
935,apk_cluster,doubly_robust,-0.03143933034048259,success,
936,row,psm,0.007775768535262206,success,
936,row,logistic_regression,-0.03214784865639628,success,
936,row,doubly_robust,-0.027868265952245282,success,
936,apk_cluster,psm,0.1406049281793764,success,
936,apk_cluster,logistic_regression,-0.047339119442012,success,
936,apk_cluster,doubly_robust,-0.05167954438503521,success,
937,row,psm,0.021036769138034962,success,
937,row,logistic_regression,-0.008565969483300543,success,
937,row,doubly_robust,-0.010543501625628053,success,
937,apk_cluster,psm,-0.007815865591728722,success,
937,apk_cluster,logistic_regression,-0.06425523734394857,success,
937,apk_cluster,doubly_robust,-0.04977406027941228,success,
938,row,psm,0.028270042194092827,success,
938,row,logistic_regression,-0.03558893434662871,success,
938,row,doubly_robust,-0.025498767896658274,success,
938,apk_cluster,psm,0.1292104145172058,success,
938,apk_cluster,logistic_regression,-0.11899830362894435,success,
938,apk_cluster,doubly_robust,-0.09563840798219521,success,
939,row,psm,-0.012115732368896926,success,
939,row,logistic_regression,-0.03545678995002963,success,
939,row,doubly_robust,-0.023478474447126238,success,
939,apk_cluster,psm,0.06252663622526636,success,
939,apk_cluster,logistic_regression,-0.08657125007816192,success,
939,apk_cluster,doubly_robust,-0.021250999669968944,success,
940,row,psm,0.015189873417721518,success,
940,row,logistic_regression,-0.0318954702358413,success,
940,row,doubly_robust,-0.028756937795458765,success,
940,apk_cluster,psm,0.10245667491906303,success,
940,apk_cluster,logistic_regression,0.010435377087790194,success,
940,apk_cluster,doubly_robust,-0.0008980360633520909,success,
941,row,psm,-0.03182640144665461,success,
941,row,logistic_regression,-0.03929461739338932,success,
941,row,doubly_robust,-0.03342528884124751,success,
941,apk_cluster,psm,0.01100648937523858,success,
941,apk_cluster,logistic_regression,-0.14896264301786774,success,
941,apk_cluster,doubly_robust,-0.1185308983159062,success,
942,row,psm,-0.031163351416515973,success,
942,row,logistic_regression,-0.044365594913248464,success,
942,row,doubly_robust,-0.03499296941009642,success,
942,apk_cluster,psm,0.0601733809280979,success,
942,apk_cluster,logistic_regression,-0.009383736512610371,success,
942,apk_cluster,doubly_robust,-0.0075878023586001585,success,
943,row,psm,0.02423146473779385,success,
943,row,logistic_regression,-0.034433601796537,success,
943,row,doubly_robust,-0.030843209746765465,success,
943,apk_cluster,psm,-0.0025901942645698427,success,
943,apk_cluster,logistic_regression,-0.15614430475098087,success,
943,apk_cluster,doubly_robust,-0.13484804388711247,success,
944,row,psm,-0.015973477998794453,success,
944,row,logistic_regression,-0.02515583966811174,success,
944,row,doubly_robust,-0.02467385225177338,success,
944,apk_cluster,psm,0.036234853362992446,success,
944,apk_cluster,logistic_regression,0.026988840711633356,success,
944,apk_cluster,doubly_robust,0.017624888764088215,success,
945,row,psm,0.056419529837251355,success,
945,row,logistic_regression,-0.029431286729632723,success,
945,row,doubly_robust,-0.021623994425534535,success,
945,apk_cluster,psm,0.09341491841491842,success,
945,apk_cluster,logistic_regression,-0.02901948329181351,success,
945,apk_cluster,doubly_robust,0.0363597315508121,success,
946,row,psm,0.02869198312236287,success,
946,row,logistic_regression,-0.021028427950650297,success,
946,row,doubly_robust,-0.015538976052494761,success,
946,apk_cluster,psm,0.02702869484726936,success,
946,apk_cluster,logistic_regression,0.04073770630377119,success,
946,apk_cluster,doubly_robust,-0.01081579593977674,success,
947,row,psm,0.015189873417721518,success,
947,row,logistic_regression,-0.05668935477939053,success,
947,row,doubly_robust,-0.034338028256461275,success,
947,apk_cluster,psm,0.08829617363534213,success,
947,apk_cluster,logistic_regression,-0.0423801059052707,success,
947,apk_cluster,doubly_robust,-0.055030994958168745,success,
948,row,psm,-0.058710066305003014,success,
948,row,logistic_regression,-0.03728739249499821,success,
948,row,doubly_robust,-0.023393401262715215,success,
948,apk_cluster,psm,-0.010898848885623317,success,
948,apk_cluster,logistic_regression,-0.06747986820618518,success,
948,apk_cluster,doubly_robust,-0.06190028806844083,success,
949,row,psm,0.03031946955997589,success,
949,row,logistic_regression,-0.044125827652430095,success,
949,row,doubly_robust,-0.030068006182091208,success,
949,apk_cluster,psm,0.04211157768446311,success,
949,apk_cluster,logistic_regression,0.01819150066241853,success,
949,apk_cluster,doubly_robust,0.015311235025345777,success,
950,row,psm,0.06570223025919228,success,
950,row,logistic_regression,-0.031549788326132186,success,
950,row,doubly_robust,-0.017149382395211573,success,
950,apk_cluster,psm,0.067676649508657,success,
950,apk_cluster,logistic_regression,0.020908024032903136,success,
950,apk_cluster,doubly_robust,-0.020517737270865127,success,
951,row,psm,-0.03146473779385172,success,
951,row,logistic_regression,-0.024676175753514138,success,
951,row,doubly_robust,-0.01619824655679824,success,
951,apk_cluster,psm,0.05382907880133185,success,
951,apk_cluster,logistic_regression,-0.0047806365149205875,success,
951,apk_cluster,doubly_robust,-0.01588302523876017,success,
952,row,psm,-0.03134418324291742,success,
952,row,logistic_regression,-0.01917212928598546,success,
952,row,doubly_robust,-0.0031801625837385387,success,
952,apk_cluster,psm,0.06894705850864515,success,
952,apk_cluster,logistic_regression,0.13289633681015564,success,
952,apk_cluster,doubly_robust,0.014089427198771457,success,
953,row,psm,-0.008559373116335142,success,
953,row,logistic_regression,-0.01552161441674183,success,
953,row,doubly_robust,-0.003126689530321151,success,
953,apk_cluster,psm,0.06379104665034219,success,
953,apk_cluster,logistic_regression,-0.007097815408968254,success,
953,apk_cluster,doubly_robust,-0.024702006419337678,success,
954,row,psm,-0.008921036769138035,success,
954,row,logistic_regression,-0.018902314065435303,success,
954,row,doubly_robust,-0.007598615535436,success,
954,apk_cluster,psm,0.027885055966485568,success,
954,apk_cluster,logistic_regression,-0.12393664599070459,success,
954,apk_cluster,doubly_robust,-0.06132828096091118,success,
955,row,psm,-0.05937311633514165,success,
955,row,logistic_regression,-0.007746203446746023,success,
955,row,doubly_robust,-0.005782361992702698,success,
955,apk_cluster,psm,0.10423250564334086,success,
955,apk_cluster,logistic_regression,0.08315547738420513,success,
955,apk_cluster,doubly_robust,0.030569699740429234,success,
956,row,psm,0.040747438215792645,success,
956,row,logistic_regression,-0.036139739683373875,success,
956,row,doubly_robust,-0.022991810605703683,success,
956,apk_cluster,psm,0.02792037060222862,success,
956,apk_cluster,logistic_regression,-0.10494877724686355,success,
956,apk_cluster,doubly_robust,-0.0989855364306217,success,
957,row,psm,0.015430982519590115,success,
957,row,logistic_regression,-0.04493909449838748,success,
957,row,doubly_robust,-0.04481559503138377,success,
957,apk_cluster,psm,0.061952251435479,success,
957,apk_cluster,logistic_regression,-0.1166484620568472,success,
957,apk_cluster,doubly_robust,-0.10432107060054674,success,
958,row,psm,-0.015491259795057263,success,
958,row,logistic_regression,-0.017599361989038664,success,
958,row,doubly_robust,-0.007446407488995609,success,
958,apk_cluster,psm,-0.04626821290514422,success,
958,apk_cluster,logistic_regression,-0.17156998503552948,success,
958,apk_cluster,doubly_robust,-0.08191271009200539,success,
959,row,psm,0.026461723930078365,success,
959,row,logistic_regression,-0.03797400200602732,success,
959,row,doubly_robust,-0.0351831276243461,success,
959,apk_cluster,psm,-0.04553109212249735,success,
959,apk_cluster,logistic_regression,-0.13350394110747354,success,
959,apk_cluster,doubly_robust,-0.06774079246913557,success,
960,row,psm,-0.04376130198915009,success,
960,row,logistic_regression,-0.023741796811677686,success,
960,row,doubly_robust,-0.009725002060612777,success,
960,apk_cluster,psm,-0.04642551979493022,success,
960,apk_cluster,logistic_regression,-0.02593561123841192,success,
960,apk_cluster,doubly_robust,-0.03011786147510145,success,
961,row,psm,0.04189270644966848,success,
961,row,logistic_regression,-0.03246483136489395,success,
961,row,doubly_robust,-0.02639307707774625,success,
961,apk_cluster,psm,-0.018086312899182236,success,
961,apk_cluster,logistic_regression,0.06220878250278101,success,
961,apk_cluster,doubly_robust,0.012300452168392064,success,
962,row,psm,-0.017661241711874623,success,
962,row,logistic_regression,-0.044231000395557066,success,
962,row,doubly_robust,-0.031991099867945995,success,
962,apk_cluster,psm,0.003498005523166619,success,
962,apk_cluster,logistic_regression,-0.19514846563012847,success,
962,apk_cluster,doubly_robust,-0.10774762738819747,success,
963,row,psm,-0.008679927667269438,success,
963,row,logistic_regression,-0.04578677190987955,success,
963,row,doubly_robust,-0.03955084707746335,success,
963,apk_cluster,psm,0.005437106726128658,success,
963,apk_cluster,logistic_regression,-0.08305338697826554,success,
963,apk_cluster,doubly_robust,-0.06626293494950056,success,
964,row,psm,0.02477396021699819,success,
964,row,logistic_regression,-0.04512793391158957,success,
964,row,doubly_robust,-0.03830558145451427,success,
964,apk_cluster,psm,0.043577719318311794,success,
964,apk_cluster,logistic_regression,0.060272846412489686,success,
964,apk_cluster,doubly_robust,0.013430808624467045,success,
965,row,psm,-0.04876431585292345,success,
965,row,logistic_regression,-0.01997893647252408,success,
965,row,doubly_robust,-0.017815040823154285,success,
965,apk_cluster,psm,-0.07065328691378252,success,
965,apk_cluster,logistic_regression,-0.13825064503908677,success,
965,apk_cluster,doubly_robust,-0.11853246759368513,success,
966,row,psm,-0.018505123568414706,success,
966,row,logistic_regression,-0.02623362462605801,success,
966,row,doubly_robust,-0.02144448786039902,success,
966,apk_cluster,psm,0.10846754514397267,success,
966,apk_cluster,logistic_regression,-0.07832445154149331,success,
966,apk_cluster,doubly_robust,-0.053009050680066,success,
967,row,psm,-0.03948161543098252,success,
967,row,logistic_regression,-0.055904981705196935,success,
967,row,doubly_robust,-0.0481058320636129,success,
967,apk_cluster,psm,0.08232298739088263,success,
967,apk_cluster,logistic_regression,-0.02195818528411937,success,
967,apk_cluster,doubly_robust,-0.014880814973986554,success,
968,row,psm,-0.04159132007233273,success,
968,row,logistic_regression,-0.02272967095241773,success,
968,row,doubly_robust,-0.01931774177663304,success,
968,apk_cluster,psm,0.0045438022537259174,success,
968,apk_cluster,logistic_regression,-0.17865176060126536,success,
968,apk_cluster,doubly_robust,-0.07525831898327777,success,
969,row,psm,0.012537673297166967,success,
969,row,logistic_regression,-0.020844645726897874,success,
969,row,doubly_robust,-0.013365732222743548,success,
969,apk_cluster,psm,0.08162416027584567,success,
969,apk_cluster,logistic_regression,-0.0789860607237122,success,
969,apk_cluster,doubly_robust,-0.05446873394568308,success,
970,row,psm,-0.02471368294153104,success,
970,row,logistic_regression,-0.01205169720091795,success,
970,row,doubly_robust,-0.004117347017837735,success,
970,apk_cluster,psm,0.08948442747086324,success,
970,apk_cluster,logistic_regression,-0.07596723681565423,success,
970,apk_cluster,doubly_robust,-0.05395124097136069,success,
971,row,psm,-0.019891500904159132,success,
971,row,logistic_regression,-0.026649426114254672,success,
971,row,doubly_robust,-0.017531868850536165,success,
971,apk_cluster,psm,-0.06613213997140904,success,
971,apk_cluster,logistic_regression,0.022099739763780803,success,
971,apk_cluster,doubly_robust,0.004373028941841844,success,
972,row,psm,-0.03833634719710669,success,
972,row,logistic_regression,-0.02840293126998203,success,
972,row,doubly_robust,-0.017473494246812996,success,
972,apk_cluster,psm,0.08323790006630101,success,
972,apk_cluster,logistic_regression,-0.06779616381382325,success,
972,apk_cluster,doubly_robust,-0.05148085917128547,success,
973,row,psm,-0.0038577456298975288,success,
973,row,logistic_regression,-0.03425876507033458,success,
973,row,doubly_robust,-0.030412540639891617,success,
973,apk_cluster,psm,0.05589670014347202,success,
973,apk_cluster,logistic_regression,-0.10662396815299897,success,
973,apk_cluster,doubly_robust,-0.07102118330523494,success,
974,row,psm,0.03441832429174201,success,
974,row,logistic_regression,-0.018565996037300844,success,
974,row,doubly_robust,-0.008371611865745006,success,
974,apk_cluster,psm,0.009230769230769232,success,
974,apk_cluster,logistic_regression,-0.03859932712490255,success,
974,apk_cluster,doubly_robust,-0.05036889178712779,success,
975,row,psm,0.02646172393007836,success,
975,row,logistic_regression,-0.01827502440292563,success,
975,row,doubly_robust,-0.002390148173374718,success,
975,apk_cluster,psm,0.08118375099564977,success,
975,apk_cluster,logistic_regression,-0.034329861950389375,success,
975,apk_cluster,doubly_robust,-0.025249136085422223,success,
976,row,psm,0.0270042194092827,success,
976,row,logistic_regression,-0.02895210424304915,success,
976,row,doubly_robust,-0.01459732141217412,success,
976,apk_cluster,psm,0.13548054329761017,success,
976,apk_cluster,logistic_regression,-0.07989463275459784,success,
976,apk_cluster,doubly_robust,-0.020009758899883594,success,
977,row,psm,-0.008016877637130802,success,
977,row,logistic_regression,-0.04772594424152891,success,
977,row,doubly_robust,-0.035307396886988696,success,
977,apk_cluster,psm,0.06966897613548884,success,
977,apk_cluster,logistic_regression,-0.06890968789451257,success,
977,apk_cluster,doubly_robust,-0.05373501622819902,success,
978,row,psm,-0.018565400843881856,success,
978,row,logistic_regression,-0.018055321089908802,success,
978,row,doubly_robust,-0.007683639090511587,success,
978,apk_cluster,psm,0.11159824631327223,success,
978,apk_cluster,logistic_regression,-0.03009253682542136,success,
978,apk_cluster,doubly_robust,-0.03906774962011884,success,
979,row,psm,-0.038818565400843885,success,
979,row,logistic_regression,-0.023382841280270614,success,
979,row,doubly_robust,-0.010588246306000108,success,
979,apk_cluster,psm,0.10132467201630366,success,
979,apk_cluster,logistic_regression,-0.06608832162980373,success,
979,apk_cluster,doubly_robust,-0.03315226571815684,success,
980,row,psm,0.033815551537070526,success,
980,row,logistic_regression,-0.03577180602177551,success,
980,row,doubly_robust,-0.033522753145130375,success,
980,apk_cluster,psm,0.013340512084230677,success,
980,apk_cluster,logistic_regression,0.02885740925024754,success,
980,apk_cluster,doubly_robust,0.007795375891711007,success,
981,row,psm,0.02863170584689572,success,
981,row,logistic_regression,-0.03201617699947451,success,
981,row,doubly_robust,-0.020281930654391135,success,
981,apk_cluster,psm,0.06365999637264978,success,
981,apk_cluster,logistic_regression,-0.10146136538792708,success,
981,apk_cluster,doubly_robust,-0.08763117341464768,success,
982,row,psm,-0.04406268836648584,success,
982,row,logistic_regression,-0.019833675922925554,success,
982,row,doubly_robust,-0.01015503848803323,success,
982,apk_cluster,psm,0.05921419801317111,success,
982,apk_cluster,logistic_regression,-0.002666926729590663,success,
982,apk_cluster,doubly_robust,-0.049169366292452166,success,
983,row,psm,0.015069318866787222,success,
983,row,logistic_regression,-0.002522808368789962,success,
983,row,doubly_robust,-0.0010884847162584423,success,
983,apk_cluster,psm,0.08956542221175362,success,
983,apk_cluster,logistic_regression,0.052539001863849716,success,
983,apk_cluster,doubly_robust,-0.02569622622686887,success,
984,row,psm,-0.0014466546112115732,success,
984,row,logistic_regression,-0.024179945368383512,success,
984,row,doubly_robust,-0.024192174983720015,success,
984,apk_cluster,psm,-0.00600416615610832,success,
984,apk_cluster,logistic_regression,0.040557686241135614,success,
984,apk_cluster,doubly_robust,0.008285006623646944,success,
985,row,psm,0.08414707655213985,success,
985,row,logistic_regression,-0.012593359463174943,success,
985,row,doubly_robust,-0.010445727647441033,success,
985,apk_cluster,psm,-0.015724786118809495,success,
985,apk_cluster,logistic_regression,-0.09343484781092419,success,
985,apk_cluster,doubly_robust,-0.08077395201404661,success,
986,row,psm,-0.0003013863773357444,success,
986,row,logistic_regression,-0.047239616798927644,success,
986,row,doubly_robust,-0.03544297012331124,success,
986,apk_cluster,psm,0.008443604284814115,success,
986,apk_cluster,logistic_regression,-0.04251128998684344,success,
986,apk_cluster,doubly_robust,-0.0302782427881715,success,
987,row,psm,0.07118746232670284,success,
987,row,logistic_regression,-0.021298326690609683,success,
987,row,doubly_robust,-0.02004964615319319,success,
987,apk_cluster,psm,0.08477974451509424,success,
987,apk_cluster,logistic_regression,-0.08707527168872539,success,
987,apk_cluster,doubly_robust,-0.09310042743619341,success,
988,row,psm,-0.039662447257383965,success,
988,row,logistic_regression,-0.009397400861704666,success,
988,row,doubly_robust,-0.0013266417141374466,success,
988,apk_cluster,psm,0.01649510107900285,success,
988,apk_cluster,logistic_regression,-0.07804600712117693,success,
988,apk_cluster,doubly_robust,-0.05284100951976649,success,
989,row,psm,0.026763110307414104,success,
989,row,logistic_regression,-0.0390676807027782,success,
989,row,doubly_robust,-0.03379709069975685,success,
989,apk_cluster,psm,-0.007935560859188544,success,
989,apk_cluster,logistic_regression,-0.12282894198305087,success,
989,apk_cluster,doubly_robust,-0.06600166287697005,success,
990,row,psm,0.07528631705846896,success,
990,row,logistic_regression,-0.006044510023805839,success,
990,row,doubly_robust,-0.004041986649073345,success,
990,apk_cluster,psm,0.04498562489430069,success,
990,apk_cluster,logistic_regression,-0.04664691955213981,success,
990,apk_cluster,doubly_robust,-0.013583940816962578,success,
991,row,psm,0.04550934297769741,success,
991,row,logistic_regression,-0.033482036421565005,success,
991,row,doubly_robust,-0.033291504617772034,success,
991,apk_cluster,psm,0.032662566429808325,success,
991,apk_cluster,logistic_regression,-0.022873584666866904,success,
991,apk_cluster,doubly_robust,-0.03640071242601761,success,
992,row,psm,0.1112115732368897,success,
992,row,logistic_regression,-0.013359293790386357,success,
992,row,doubly_robust,-0.00729329868566843,success,
992,apk_cluster,psm,0.026406095503984178,success,
992,apk_cluster,logistic_regression,-0.16217820933854782,success,
992,apk_cluster,doubly_robust,-0.09296787727438864,success,
993,row,psm,-0.020976491862567812,success,
993,row,logistic_regression,-0.017732098709191124,success,
993,row,doubly_robust,-0.015956485102389145,success,
993,apk_cluster,psm,0.003939554301170107,success,
993,apk_cluster,logistic_regression,-0.12514835288170828,success,
993,apk_cluster,doubly_robust,-0.08861099668604508,success,
994,row,psm,0.00054249547920434,success,
994,row,logistic_regression,-0.03672841427349995,success,
994,row,doubly_robust,-0.02447936553315722,success,
994,apk_cluster,psm,0.08168028004667445,success,
994,apk_cluster,logistic_regression,-0.014318342688248532,success,
994,apk_cluster,doubly_robust,-0.0027697183558372564,success,
995,row,psm,0.037613019891500905,success,
995,row,logistic_regression,-0.044608623102486276,success,
995,row,doubly_robust,-0.04004621789727734,success,
995,apk_cluster,psm,0.05799072642967543,success,
995,apk_cluster,logistic_regression,0.05857799172863613,success,
995,apk_cluster,doubly_robust,0.030219252717878207,success,
996,row,psm,-0.015069318866787222,success,
996,row,logistic_regression,-0.025821407299178353,success,
996,row,doubly_robust,-0.013077318642527418,success,
996,apk_cluster,psm,0.016111779649685787,success,
996,apk_cluster,logistic_regression,-0.05098818359521071,success,
996,apk_cluster,doubly_robust,-0.03397100744351257,success,
997,row,psm,0.03158529234478601,success,
997,row,logistic_regression,-0.004658585838118605,success,
997,row,doubly_robust,-0.00016653874095179751,success,
997,apk_cluster,psm,0.010315222962583291,success,
997,apk_cluster,logistic_regression,-0.10138142601076446,success,
997,apk_cluster,doubly_robust,-0.06867482809856594,success,
998,row,psm,-0.02802893309222423,success,
998,row,logistic_regression,-0.04034707833586724,success,
998,row,doubly_robust,-0.029489286645086345,success,
998,apk_cluster,psm,0.0691896912003715,success,
998,apk_cluster,logistic_regression,-0.0597561794314584,success,
998,apk_cluster,doubly_robust,-0.0666243822046224,success,
999,row,psm,0.011633514165159734,success,
999,row,logistic_regression,-0.02645108720919603,success,
999,row,doubly_robust,-0.011096929722217916,success,
999,apk_cluster,psm,0.09952933073125933,success,
999,apk_cluster,logistic_regression,0.040938260725348376,success,
999,apk_cluster,doubly_robust,-0.029578720958084705,success,
