replicate,resampling_unit,estimator,estimate,status,error
0,row,psm,0.04,success,
0,row,logistic_regression,0.11799868866476071,success,
0,row,doubly_robust,0.11164563444947051,success,
0,apk_cluster,psm,0.08559012470084393,success,
0,apk_cluster,logistic_regression,0.03739264710027704,success,
0,apk_cluster,doubly_robust,0.04740979942239437,success,
1,row,psm,0.056269113149847096,success,
1,row,logistic_regression,0.13436489240951924,success,
1,row,doubly_robust,0.12625940621696458,success,
1,apk_cluster,psm,0.16397391457611185,success,
1,apk_cluster,logistic_regression,0.1658235561173438,success,
1,apk_cluster,doubly_robust,0.12168980509085929,success,
2,row,psm,0.07877675840978593,success,
2,row,logistic_regression,0.1189521728204262,success,
2,row,doubly_robust,0.1103763536749105,success,
2,apk_cluster,psm,0.14677923702313947,success,
2,apk_cluster,logistic_regression,0.08407018293357656,success,
2,apk_cluster,doubly_robust,0.06717393697138936,success,
3,row,psm,0.057675840978593275,success,
3,row,logistic_regression,0.12054184076399116,success,
3,row,doubly_robust,0.11050842545823664,success,
3,apk_cluster,psm,0.0323187414500684,success,
3,apk_cluster,logistic_regression,0.09178403015343019,success,
3,apk_cluster,doubly_robust,0.062097717112579755,success,
4,row,psm,0.1217125382262997,success,
4,row,logistic_regression,0.1462390980168635,success,
4,row,doubly_robust,0.1374422348190587,success,
4,apk_cluster,psm,0.10078942537176427,success,
4,apk_cluster,logistic_regression,0.05888734931554561,success,
4,apk_cluster,doubly_robust,0.08274934555921894,success,
5,row,psm,0.05418960244648318,success,
5,row,logistic_regression,0.11853391371868978,success,
5,row,doubly_robust,0.10962080938809429,success,
5,apk_cluster,psm,0.13122087604846225,success,
5,apk_cluster,logistic_regression,0.08148080838637123,success,
5,apk_cluster,doubly_robust,0.0656097645469731,success,
6,row,psm,0.0945565749235474,success,
6,row,logistic_regression,0.12080481239974586,success,
6,row,doubly_robust,0.11457790362744437,success,
6,apk_cluster,psm,0.11731777036684135,success,
6,apk_cluster,logistic_regression,0.1891269055756246,success,
6,apk_cluster,doubly_robust,0.1542722763258791,success,
7,row,psm,0.07174311926605505,success,
7,row,logistic_regression,0.13730214743247823,success,
7,row,doubly_robust,0.1287021433248772,success,
7,apk_cluster,psm,0.07452887537993921,success,
7,apk_cluster,logistic_regression,0.14138636372887603,success,
7,apk_cluster,doubly_robust,0.11277388721930878,success,
8,row,psm,0.0509480122324159,success,
8,row,logistic_regression,0.13499106075166092,success,
8,row,doubly_robust,0.12472134629985436,success,
8,apk_cluster,psm,0.11360230867417725,success,
8,apk_cluster,logistic_regression,0.15807193591761215,success,
8,apk_cluster,doubly_robust,0.163176915116384,success,
9,row,psm,0.09516819571865444,success,
9,row,logistic_regression,0.12766739871866978,success,
9,row,doubly_robust,0.12842795151696576,success,
9,apk_cluster,psm,0.08411104548139398,success,
9,apk_cluster,logistic_regression,0.1943761056684051,success,
9,apk_cluster,doubly_robust,0.18109700536310536,success,
10,row,psm,0.07125382262996942,success,
10,row,logistic_regression,0.1148508257913727,success,
10,row,doubly_robust,0.10677121677549901,success,
10,apk_cluster,psm,0.1363410390256028,success,
10,apk_cluster,logistic_regression,0.056031585623591826,success,
10,apk_cluster,doubly_robust,0.07573106488259987,success,
11,row,psm,0.08648318042813456,success,
11,row,logistic_regression,0.12586072859379635,success,
11,row,doubly_robust,0.1225305586601308,success,
11,apk_cluster,psm,0.16826869959120538,success,
11,apk_cluster,logistic_regression,0.1984453967571146,success,
11,apk_cluster,doubly_robust,0.17902700267452604,success,
12,row,psm,0.0927217125382263,success,
12,row,logistic_regression,0.132322571049496,success,
12,row,doubly_robust,0.12083898292880926,success,
12,apk_cluster,psm,0.07897577356680259,success,
12,apk_cluster,logistic_regression,0.10500376985711361,success,
12,apk_cluster,doubly_robust,0.10715053294199764,success,
13,row,psm,0.03743119266055046,success,
13,row,logistic_regression,0.12199980418990254,success,
13,row,doubly_robust,0.11121420305840037,success,
13,apk_cluster,psm,0.152790712112746,success,
13,apk_cluster,logistic_regression,0.12189544288300518,success,
13,apk_cluster,doubly_robust,0.13834913629907103,success,
14,row,psm,0.05712538226299694,success,
14,row,logistic_regression,0.1420171411009555,success,
14,row,doubly_robust,0.13465498688545205,success,
14,apk_cluster,psm,0.08927272727272727,success,
14,apk_cluster,logistic_regression,0.028594423555122327,success,
14,apk_cluster,doubly_robust,0.03506748010696558,success,
15,row,psm,0.08892966360856269,success,
15,row,logistic_regression,0.0863629608623012,success,
15,row,doubly_robust,0.08091231796854662,success,
15,apk_cluster,psm,0.04834189631013545,success,
15,apk_cluster,logistic_regression,0.1934311705037065,success,
15,apk_cluster,doubly_robust,0.15333871867318422,success,
16,row,psm,0.020244648318042815,success,
16,row,logistic_regression,0.10253354696482413,success,
16,row,doubly_robust,0.09722019625547218,success,
16,apk_cluster,psm,0.10791633244894182,success,
16,apk_cluster,logistic_regression,0.17599577697548957,success,
16,apk_cluster,doubly_robust,0.17535038578146925,success,
17,row,psm,0.054495412844036695,success,
17,row,logistic_regression,0.11208098160305294,success,
17,row,doubly_robust,0.10735055658597902,success,
17,apk_cluster,psm,0.06683528295921594,success,
17,apk_cluster,logistic_regression,0.05816355832612108,success,
17,apk_cluster,doubly_robust,0.0648774995600553,success,
18,row,psm,0.0564525993883792,success,
18,row,logistic_regression,0.12161767261957576,success,
18,row,doubly_robust,0.11446922230500597,success,
18,apk_cluster,psm,0.016927899686520375,success,
18,apk_cluster,logistic_regression,0.13704642333760592,success,
18,apk_cluster,doubly_robust,0.1299330651707358,success,
19,row,psm,0.11339449541284403,success,
19,row,logistic_regression,0.12841508371354202,success,
19,row,doubly_robust,0.1166305654066886,success,
19,apk_cluster,psm,0.07937437759943765,success,
19,apk_cluster,logistic_regression,0.13651320051026966,success,
19,apk_cluster,doubly_robust,0.13085259280227873,success,
20,row,psm,0.05345565749235474,success,
20,row,logistic_regression,0.10587966825452119,success,
20,row,doubly_robust,0.10581066969804431,success,
20,apk_cluster,psm,0.13370727889381687,success,
20,apk_cluster,logistic_regression,0.12217832429088178,success,
20,apk_cluster,doubly_robust,0.10606869046487814,success,
21,row,psm,0.13051987767584097,success,
21,row,logistic_regression,0.13049568682707488,success,
21,row,doubly_robust,0.11379509259399312,success,
21,apk_cluster,psm,0.0933488162054061,success,
21,apk_cluster,logistic_regression,0.12531083161585138,success,
21,apk_cluster,doubly_robust,0.11550377504658997,success,
22,row,psm,0.06825688073394495,success,
22,row,logistic_regression,0.12388847842060899,success,
22,row,doubly_robust,0.1193412316032671,success,
22,apk_cluster,psm,0.06718177056050288,success,
22,apk_cluster,logistic_regression,0.08447091397246995,success,
22,apk_cluster,doubly_robust,0.07495666773950324,success,
23,row,psm,0.04807339449541284,success,
23,row,logistic_regression,0.11436344495074137,success,
23,row,doubly_robust,0.09874156177149912,success,
23,apk_cluster,psm,0.11745239201114724,success,
23,apk_cluster,logistic_regression,0.142422964145041,success,
23,apk_cluster,doubly_robust,0.12798718301837347,success,
24,row,psm,0.10110091743119266,success,
24,row,logistic_regression,0.12311320195246594,success,
24,row,doubly_robust,0.12026864167623119,success,
24,apk_cluster,psm,0.039768316713441214,success,
24,apk_cluster,logistic_regression,0.13380873721507855,success,
24,apk_cluster,doubly_robust,0.12784836513700099,success,
25,row,psm,0.09480122324159021,success,
25,row,logistic_regression,0.134051940940695,success,
25,row,doubly_robust,0.1268794224750848,success,
25,apk_cluster,psm,0.0936423054070113,success,
25,apk_cluster,logistic_regression,0.1298801977154036,success,
25,apk_cluster,doubly_robust,0.11930976460255148,success,
26,row,psm,0.10532110091743119,success,
26,row,logistic_regression,0.13366727927138242,success,
26,row,doubly_robust,0.13123499657112297,success,
26,apk_cluster,psm,0.1478789323164919,success,
26,apk_cluster,logistic_regression,0.16303965280580543,success,
26,apk_cluster,doubly_robust,0.14577232612703325,success,
27,row,psm,0.05804281345565749,success,
27,row,logistic_regression,0.13748857211098559,success,
27,row,doubly_robust,0.1338539643726668,success,
27,apk_cluster,psm,0.22526898247771288,success,
27,apk_cluster,logistic_regression,0.1427103117850251,success,
27,apk_cluster,doubly_robust,0.12972866720783094,success,
28,row,psm,0.09675840978593273,success,
28,row,logistic_regression,0.1340975015781581,success,
28,row,doubly_robust,0.12143301232504344,success,
28,apk_cluster,psm,0.077363184079602,success,
28,apk_cluster,logistic_regression,0.049480837995991366,success,
28,apk_cluster,doubly_robust,0.049314334684621056,success,
29,row,psm,0.10648318042813455,success,
29,row,logistic_regression,0.12954016559960818,success,
29,row,doubly_robust,0.1286708497384628,success,
29,apk_cluster,psm,0.12264631043256999,success,
29,apk_cluster,logistic_regression,0.12213049542221013,success,
29,apk_cluster,doubly_robust,0.11324534703470628,success,
30,row,psm,0.0636697247706422,success,
30,row,logistic_regression,0.10570729081097835,success,
30,row,doubly_robust,0.09448491885818659,success,
30,apk_cluster,psm,0.21996870109546166,success,
30,apk_cluster,logistic_regression,0.13812335788930066,success,
30,apk_cluster,doubly_robust,0.13185697813751826,success,
31,row,psm,0.10324159021406727,success,
31,row,logistic_regression,0.11235144924304484,success,
31,row,doubly_robust,0.10066880807084999,success,
31,apk_cluster,psm,0.053580246913580244,success,
31,apk_cluster,logistic_regression,0.16381595431570448,success,
31,apk_cluster,doubly_robust,0.16522488854357054,success,
32,row,psm,0.06299694189602446,success,
32,row,logistic_regression,0.11985830426412863,success,
32,row,doubly_robust,0.1042007434780247,success,
32,apk_cluster,psm,0.0973983835761902,success,
32,apk_cluster,logistic_regression,0.12966428265338162,success,
32,apk_cluster,doubly_robust,0.10929257752585557,success,
33,row,psm,0.0818348623853211,success,
33,row,logistic_regression,0.11575370717613298,success,
33,row,doubly_robust,0.10751951632998646,success,
33,apk_cluster,psm,0.03804419743284372,success,
33,apk_cluster,logistic_regression,0.13579079306656328,success,
33,apk_cluster,doubly_robust,0.13447929408515,success,
34,row,psm,0.0817737003058104,success,
34,row,logistic_regression,0.11732267635213749,success,
34,row,doubly_robust,0.10450890019273817,success,
34,apk_cluster,psm,0.039447336804165,success,
34,apk_cluster,logistic_regression,-0.001045012495386807,success,
34,apk_cluster,doubly_robust,0.008908234183424348,success,
35,row,psm,0.1163302752293578,success,
35,row,logistic_regression,0.13599521756495336,success,
35,row,doubly_robust,0.1276541352559486,success,
35,apk_cluster,psm,0.1479588656902462,success,
35,apk_cluster,logistic_regression,0.16080273671812842,success,
35,apk_cluster,doubly_robust,0.12736801749795137,success,
36,row,psm,0.11883792048929663,success,
36,row,logistic_regression,0.11894387644698887,success,
36,row,doubly_robust,0.11562430507053251,success,
36,apk_cluster,psm,0.0055455335070488405,success,
36,apk_cluster,logistic_regression,0.02397667702157173,success,
36,apk_cluster,doubly_robust,0.025332710643221075,success,
37,row,psm,0.07663608562691132,success,
37,row,logistic_regression,0.1287282519242608,success,
37,row,doubly_robust,0.12188160821576133,success,
37,apk_cluster,psm,0.11145864661654135,success,
37,apk_cluster,logistic_regression,0.03688903631160991,success,
37,apk_cluster,doubly_robust,0.045941759539351756,success,
38,row,psm,0.09480122324159021,success,
38,row,logistic_regression,0.1369642802087712,success,
38,row,doubly_robust,0.12703947787771463,success,
38,apk_cluster,psm,0.0755184331797235,success,
38,apk_cluster,logistic_regression,0.1852270073246495,success,
38,apk_cluster,doubly_robust,0.12846463716937936,success,
39,row,psm,0.15541284403669725,success,
39,row,logistic_regression,0.143886122126166,success,
39,row,doubly_robust,0.1337079744740868,success,
39,apk_cluster,psm,0.07997936016511868,success,
39,apk_cluster,logistic_regression,0.02153084460146561,success,
39,apk_cluster,doubly_robust,0.026399252445502206,success,
40,row,psm,0.022813455657492356,success,
40,row,logistic_regression,0.11364668440688093,success,
40,row,doubly_robust,0.10561145448169473,success,
40,apk_cluster,psm,0.07987836968598327,success,
40,apk_cluster,logistic_regression,0.04960133255591276,success,
40,apk_cluster,doubly_robust,0.061713121652743924,success,
41,row,psm,0.08477064220183486,success,
41,row,logistic_regression,0.12846157029979458,success,
41,row,doubly_robust,0.12034511594283422,success,
41,apk_cluster,psm,0.15576129112973852,success,
41,apk_cluster,logistic_regression,0.2309269225778902,success,
41,apk_cluster,doubly_robust,0.21972749479214285,success,
42,row,psm,0.0689908256880734,success,
42,row,logistic_regression,0.10579788868835663,success,
42,row,doubly_robust,0.09549983313446776,success,
42,apk_cluster,psm,0.07668014148559879,success,
42,apk_cluster,logistic_regression,0.1642349012249242,success,
42,apk_cluster,doubly_robust,0.14987886498833353,success,
43,row,psm,0.09431192660550458,success,
43,row,logistic_regression,0.12200379821494456,success,
43,row,doubly_robust,0.12184829353298497,success,
43,apk_cluster,psm,0.09725821030430852,success,
43,apk_cluster,logistic_regression,0.08073823290989715,success,
43,apk_cluster,doubly_robust,0.08331091899345625,success,
44,row,psm,0.03186544342507645,success,
44,row,logistic_regression,0.08452462410535244,success,
44,row,doubly_robust,0.08408778433521333,success,
44,apk_cluster,psm,0.089680818097304,success,
44,apk_cluster,logistic_regression,0.0660641463215714,success,
44,apk_cluster,doubly_robust,0.06750814654722735,success,
45,row,psm,0.05902140672782874,success,
45,row,logistic_regression,0.12357264674323575,success,
45,row,doubly_robust,0.11272053741520933,success,
45,apk_cluster,psm,0.05949230028873917,success,
45,apk_cluster,logistic_regression,0.08382565804315655,success,
45,apk_cluster,doubly_robust,0.0970316409904838,success,
46,row,psm,0.1092354740061162,success,
46,row,logistic_regression,0.1289883257009159,success,
46,row,doubly_robust,0.11838894965969339,success,
46,apk_cluster,psm,0.08327793557744606,success,
46,apk_cluster,logistic_regression,0.14059228687500622,success,
46,apk_cluster,doubly_robust,0.13863751754139347,success,
47,row,psm,0.10036697247706422,success,
47,row,logistic_regression,0.11312269963788908,success,
47,row,doubly_robust,0.10894433621374952,success,
47,apk_cluster,psm,0.02863915940543311,success,
47,apk_cluster,logistic_regression,0.1401747936384569,success,
47,apk_cluster,doubly_robust,0.11485235698797565,success,
48,row,psm,0.05516819571865443,success,
48,row,logistic_regression,0.09594492076959613,success,
48,row,doubly_robust,0.08994196647092718,success,
48,apk_cluster,psm,0.11300771787504929,success,
48,apk_cluster,logistic_regression,0.1434733013152311,success,
48,apk_cluster,doubly_robust,0.1381398639132356,success,
49,row,psm,0.0746177370030581,success,
49,row,logistic_regression,0.1278952509308789,success,
49,row,doubly_robust,0.11965049357767402,success,
49,apk_cluster,psm,0.14190727207379897,success,
49,apk_cluster,logistic_regression,0.041455053609448074,success,
49,apk_cluster,doubly_robust,0.0453865486260329,success,
50,row,psm,0.052660550458715594,success,
50,row,logistic_regression,0.11398926094443709,success,
50,row,doubly_robust,0.11202835211924012,success,
50,apk_cluster,psm,0.03976427168283826,success,
50,apk_cluster,logistic_regression,-0.01710147526376359,success,
50,apk_cluster,doubly_robust,-0.007432042419549685,success,
51,row,psm,0.07987767584097859,success,
51,row,logistic_regression,0.13959216552944886,success,
51,row,doubly_robust,0.13051955391464493,success,
51,apk_cluster,psm,0.14097217900043568,success,
51,apk_cluster,logistic_regression,0.1473040666096665,success,
51,apk_cluster,doubly_robust,0.1635758528992493,success,
52,row,psm,0.07541284403669725,success,
52,row,logistic_regression,0.12079181175363052,success,
52,row,doubly_robust,0.1176973599812197,success,
52,apk_cluster,psm,0.10471602434077079,success,
52,apk_cluster,logistic_regression,0.053488617567435746,success,
52,apk_cluster,doubly_robust,0.05743113771148023,success,
53,row,psm,0.12079510703363915,success,
53,row,logistic_regression,0.11932664283979764,success,
53,row,doubly_robust,0.11227162895924121,success,
53,apk_cluster,psm,0.13725370211724391,success,
53,apk_cluster,logistic_regression,0.20538971783832052,success,
53,apk_cluster,doubly_robust,0.14467857687465502,success,
54,row,psm,0.06299694189602446,success,
54,row,logistic_regression,0.1385697639839117,success,
54,row,doubly_robust,0.13045704780039516,success,
54,apk_cluster,psm,0.05765331981753675,success,
54,apk_cluster,logistic_regression,0.04931548386005734,success,
54,apk_cluster,doubly_robust,0.03127310249138092,success,
55,row,psm,0.07217125382262997,success,
55,row,logistic_regression,0.11588425392781446,success,
55,row,doubly_robust,0.1083015677374045,success,
55,apk_cluster,psm,0.10650514228027005,success,
55,apk_cluster,logistic_regression,0.07635715202707591,success,
55,apk_cluster,doubly_robust,0.08704386909514986,success,
56,row,psm,0.06281345565749236,success,
56,row,logistic_regression,0.13303844645649676,success,
56,row,doubly_robust,0.12255046756472818,success,
56,apk_cluster,psm,0.08146208279935366,success,
56,apk_cluster,logistic_regression,0.2095408919405358,success,
56,apk_cluster,doubly_robust,0.18755531302980966,success,
57,row,psm,0.0872782874617737,success,
57,row,logistic_regression,0.1140003809004055,success,
57,row,doubly_robust,0.1060646474505081,success,
57,apk_cluster,psm,0.11412004194682623,success,
57,apk_cluster,logistic_regression,0.17817484272260653,success,
57,apk_cluster,doubly_robust,0.1540261610873695,success,
58,row,psm,0.05467889908256881,success,
58,row,logistic_regression,0.12496704914514295,success,
58,row,doubly_robust,0.12287305390403937,success,
58,apk_cluster,psm,0.08135729076214014,success,
58,apk_cluster,logistic_regression,0.07274091469824852,success,
58,apk_cluster,doubly_robust,0.07410068690225018,success,
59,row,psm,0.08220183486238532,success,
59,row,logistic_regression,0.12699631590283447,success,
59,row,doubly_robust,0.11960982472612333,success,
59,apk_cluster,psm,0.11977321048901489,success,
59,apk_cluster,logistic_regression,0.10811366828463705,success,
59,apk_cluster,doubly_robust,0.07674043433763163,success,
60,row,psm,0.08385321100917431,success,
60,row,logistic_regression,0.11387772025197795,success,
60,row,doubly_robust,0.10446901718804862,success,
60,apk_cluster,psm,0.10996084677151768,success,
60,apk_cluster,logistic_regression,0.15483238662955195,success,
60,apk_cluster,doubly_robust,0.14671551879267372,success,
61,row,psm,0.08660550458715596,success,
61,row,logistic_regression,0.10627692192994477,success,
61,row,doubly_robust,0.09837622559748808,success,
61,apk_cluster,psm,0.15216403498807224,success,
61,apk_cluster,logistic_regression,0.17370655186992673,success,
61,apk_cluster,doubly_robust,0.1712175346366256,success,
62,row,psm,0.06654434250764527,success,
62,row,logistic_regression,0.1267528569784058,success,
62,row,doubly_robust,0.11347921266965434,success,
62,apk_cluster,psm,0.08116661495501086,success,
62,apk_cluster,logistic_regression,0.11249141987916424,success,
62,apk_cluster,doubly_robust,0.11176913807548382,success,
63,row,psm,0.020061162079510704,success,
63,row,logistic_regression,0.11105742467490999,success,
63,row,doubly_robust,0.10474918511082486,success,
63,apk_cluster,psm,0.053450695241740016,success,
63,apk_cluster,logistic_regression,0.011955753903179734,success,
63,apk_cluster,doubly_robust,0.018620755335767875,success,
64,row,psm,0.10758409785932722,success,
64,row,logistic_regression,0.10600885000007586,success,
64,row,doubly_robust,0.09457143781948152,success,
64,apk_cluster,psm,0.16357553703486324,success,
64,apk_cluster,logistic_regression,0.18418740986249638,success,
64,apk_cluster,doubly_robust,0.1456396279648561,success,
65,row,psm,0.08269113149847095,success,
65,row,logistic_regression,0.14639564092710491,success,
65,row,doubly_robust,0.14633588524737653,success,
65,apk_cluster,psm,0.12619191309595654,success,
65,apk_cluster,logistic_regression,0.1678271719752464,success,
65,apk_cluster,doubly_robust,0.17675764768846217,success,
66,row,psm,0.09235474006116208,success,
66,row,logistic_regression,0.13830886356906,success,
66,row,doubly_robust,0.12811878668556767,success,
66,apk_cluster,psm,0.09004181143631117,success,
66,apk_cluster,logistic_regression,0.14335780744387033,success,
66,apk_cluster,doubly_robust,0.13496894732529446,success,
67,row,psm,0.11981651376146787,success,
67,row,logistic_regression,0.12228221057550964,success,
67,row,doubly_robust,0.11593442993489424,success,
67,apk_cluster,psm,0.10205321346130482,success,
67,apk_cluster,logistic_regression,0.1025649523226176,success,
67,apk_cluster,doubly_robust,0.07628079911329416,success,
68,row,psm,0.13241590214067278,success,
68,row,logistic_regression,0.14698427387788082,success,
68,row,doubly_robust,0.14560973528635757,success,
68,apk_cluster,psm,0.07964601769911504,success,
68,apk_cluster,logistic_regression,0.14507512617636228,success,
68,apk_cluster,doubly_robust,0.1432085664251356,success,
69,row,psm,0.09559633027522936,success,
69,row,logistic_regression,0.12885644924718564,success,
69,row,doubly_robust,0.12283813228428454,success,
69,apk_cluster,psm,0.12343121004025574,success,
69,apk_cluster,logistic_regression,0.13043552385858853,success,
69,apk_cluster,doubly_robust,0.10525014592097609,success,
70,row,psm,0.05522935779816514,success,
70,row,logistic_regression,0.11860637018220185,success,
70,row,doubly_robust,0.11046300332549519,success,
70,apk_cluster,psm,0.05792163543441227,success,
70,apk_cluster,logistic_regression,0.028460790524652432,success,
70,apk_cluster,doubly_robust,0.029863054258732608,success,
71,row,psm,0.02966360856269113,success,
71,row,logistic_regression,0.11070825156382974,success,
71,row,doubly_robust,0.09707982910628123,success,
71,apk_cluster,psm,0.07921458282358698,success,
71,apk_cluster,logistic_regression,0.09471793110311572,success,
71,apk_cluster,doubly_robust,0.09361974039914499,success,
72,row,psm,0.08171253822629969,success,
72,row,logistic_regression,0.11718889216800427,success,
72,row,doubly_robust,0.10996752031454139,success,
72,apk_cluster,psm,0.07375400837002011,success,
72,apk_cluster,logistic_regression,0.15917290370629875,success,
72,apk_cluster,doubly_robust,0.12561928333563988,success,
73,row,psm,0.07137614678899083,success,
73,row,logistic_regression,0.12056177190533647,success,
73,row,doubly_robust,0.11576713457762582,success,
73,apk_cluster,psm,0.16255661801711122,success,
73,apk_cluster,logistic_regression,0.1856633636145797,success,
73,apk_cluster,doubly_robust,0.14638073470239968,success,
74,row,psm,0.07804281345565749,success,
74,row,logistic_regression,0.10948374555575098,success,
74,row,doubly_robust,0.10905286675810595,success,
74,apk_cluster,psm,0.12074267478967218,success,
74,apk_cluster,logistic_regression,0.10988296922242867,success,
74,apk_cluster,doubly_robust,0.14026476950856115,success,
75,row,psm,0.07314984709480123,success,
75,row,logistic_regression,0.10005384382456863,success,
75,row,doubly_robust,0.08551568604213926,success,
75,apk_cluster,psm,0.057792626458003635,success,
75,apk_cluster,logistic_regression,0.10336734674810653,success,
75,apk_cluster,doubly_robust,0.08238165303952692,success,
76,row,psm,0.056819571865443425,success,
76,row,logistic_regression,0.12390306682351941,success,
76,row,doubly_robust,0.11208668815208311,success,
76,apk_cluster,psm,0.13513513513513514,success,
76,apk_cluster,logistic_regression,0.0944412659351156,success,
76,apk_cluster,doubly_robust,0.08095537666790373,success,
77,row,psm,0.007951070336391437,success,
77,row,logistic_regression,0.11234475533958554,success,
77,row,doubly_robust,0.10406734762086785,success,
77,apk_cluster,psm,0.05186554233568211,success,
77,apk_cluster,logistic_regression,0.11195380201030058,success,
77,apk_cluster,doubly_robust,0.11257009013224727,success,
78,row,psm,0.06923547400611621,success,
78,row,logistic_regression,0.12682756759335345,success,
78,row,doubly_robust,0.12214063293714325,success,
78,apk_cluster,psm,0.09697493517718236,success,
78,apk_cluster,logistic_regression,0.13581863064346114,success,
78,apk_cluster,doubly_robust,0.10570147891332524,success,
79,row,psm,0.015168195718654433,success,
79,row,logistic_regression,0.11646422819599374,success,
79,row,doubly_robust,0.10771374945584057,success,
79,apk_cluster,psm,0.11826407699844389,success,
79,apk_cluster,logistic_regression,0.23786265786407293,success,
79,apk_cluster,doubly_robust,0.2045523443086065,success,
80,row,psm,0.11223241590214067,success,
80,row,logistic_regression,0.12610593987805513,success,
80,row,doubly_robust,0.11813210448229484,success,
80,apk_cluster,psm,0.09791041041041042,success,
80,apk_cluster,logistic_regression,0.08061769959850439,success,
80,apk_cluster,doubly_robust,0.09889577218785234,success,
81,row,psm,0.07186544342507645,success,
81,row,logistic_regression,0.12958398019771522,success,
81,row,doubly_robust,0.11551355620169887,success,
81,apk_cluster,psm,0.10562117370601694,success,
81,apk_cluster,logistic_regression,0.1518588823992005,success,
81,apk_cluster,doubly_robust,0.13810181044821318,success,
82,row,psm,0.12850152905198778,success,
82,row,logistic_regression,0.13554365594490458,success,
82,row,doubly_robust,0.1375352177056149,success,
82,apk_cluster,psm,0.06857598511529005,success,
82,apk_cluster,logistic_regression,0.11360202907040241,success,
82,apk_cluster,doubly_robust,0.09364753455364877,success,
83,row,psm,0.0891131498470948,success,
83,row,logistic_regression,0.12757926002900005,success,
83,row,doubly_robust,0.12289538188102267,success,
83,apk_cluster,psm,0.10772626931567329,success,
83,apk_cluster,logistic_regression,0.06532384703603616,success,
83,apk_cluster,doubly_robust,0.06048549350894261,success,
84,row,psm,0.08623853211009175,success,
84,row,logistic_regression,0.09721103289140204,success,
84,row,doubly_robust,0.08753059215873688,success,
84,apk_cluster,psm,0.05373046299026836,success,
84,apk_cluster,logistic_regression,0.1584850709089682,success,
84,apk_cluster,doubly_robust,0.15723574050762631,success,
85,row,psm,0.07051987767584098,success,
85,row,logistic_regression,0.11683036109008163,success,
85,row,doubly_robust,0.11067931245856548,success,
85,apk_cluster,psm,0.053519656731995824,success,
85,apk_cluster,logistic_regression,0.12143503840194306,success,
85,apk_cluster,doubly_robust,0.09769225567780698,success,
86,row,psm,0.11938837920489297,success,
86,row,logistic_regression,0.14022527458836612,success,
86,row,doubly_robust,0.1386344900407388,success,
86,apk_cluster,psm,0.030618970579423574,success,
86,apk_cluster,logistic_regression,0.15902034763839723,success,
86,apk_cluster,doubly_robust,0.14777803977800216,success,
87,row,psm,0.08036697247706422,success,
87,row,logistic_regression,0.12016500979605874,success,
87,row,doubly_robust,0.12130966315711068,success,
87,apk_cluster,psm,0.12408094215628862,success,
87,apk_cluster,logistic_regression,0.05825384180329903,success,
87,apk_cluster,doubly_robust,0.08258158225268769,success,
88,row,psm,0.08948012232415903,success,
88,row,logistic_regression,0.13260760917684375,success,
88,row,doubly_robust,0.12642435234152047,success,
88,apk_cluster,psm,0.11427193828351012,success,
88,apk_cluster,logistic_regression,0.1109355301964923,success,
88,apk_cluster,doubly_robust,0.0986697348193402,success,
89,row,psm,0.020122324159021408,success,
89,row,logistic_regression,0.1163307757939709,success,
89,row,doubly_robust,0.10679997119753934,success,
89,apk_cluster,psm,0.16645783736373887,success,
89,apk_cluster,logistic_regression,0.2095884651154227,success,
89,apk_cluster,doubly_robust,0.16084952516716686,success,
90,row,psm,0.036941896024464835,success,
90,row,logistic_regression,0.11102074591711472,success,
90,row,doubly_robust,0.10613442511958587,success,
90,apk_cluster,psm,0.09849749582637729,success,
90,apk_cluster,logistic_regression,0.11227474666346011,success,
90,apk_cluster,doubly_robust,0.11668931744340824,success,
91,row,psm,0.07339449541284404,success,
91,row,logistic_regression,0.13376617969641655,success,
91,row,doubly_robust,0.1333161311668017,success,
91,apk_cluster,psm,0.11524892199137593,success,
91,apk_cluster,logistic_regression,0.14157417888617133,success,
91,apk_cluster,doubly_robust,0.14432197498335417,success,
92,row,psm,0.07969418960244648,success,
92,row,logistic_regression,0.12329258994891286,success,
92,row,doubly_robust,0.12084865401459648,success,
92,apk_cluster,psm,0.025281557954012202,success,
92,apk_cluster,logistic_regression,0.07488660727277828,success,
92,apk_cluster,doubly_robust,0.08043666229926007,success,
93,row,psm,0.06391437308868501,success,
93,row,logistic_regression,0.1219924940986346,success,
93,row,doubly_robust,0.12194072308060859,success,
93,apk_cluster,psm,0.07933800770639884,success,
93,apk_cluster,logistic_regression,0.022404416935409177,success,
93,apk_cluster,doubly_robust,0.0431423872149895,success,
94,row,psm,0.0436697247706422,success,
94,row,logistic_regression,0.1066911855143915,success,
94,row,doubly_robust,0.0979171778098463,success,
94,apk_cluster,psm,0.15333171206225682,success,
94,apk_cluster,logistic_regression,0.08245206598738959,success,
94,apk_cluster,doubly_robust,0.06690916753539893,success,
95,row,psm,0.03743119266055046,success,
95,row,logistic_regression,0.13566171111663108,success,
95,row,doubly_robust,0.1306074115740837,success,
95,apk_cluster,psm,0.05371576111360575,success,
95,apk_cluster,logistic_regression,0.20047761676235473,success,
95,apk_cluster,doubly_robust,0.1941001142015525,success,
96,row,psm,0.07718654434250764,success,
96,row,logistic_regression,0.12148684020258736,success,
96,row,doubly_robust,0.11403535758527075,success,
96,apk_cluster,psm,0.1074540174249758,success,
96,apk_cluster,logistic_regression,0.12450954779835796,success,
96,apk_cluster,doubly_robust,0.11467565370578105,success,
97,row,psm,0.12837920489296636,success,
97,row,logistic_regression,0.12871760642409805,success,
97,row,doubly_robust,0.11832115154112587,success,
97,apk_cluster,psm,0.018464094045489394,success,
97,apk_cluster,logistic_regression,0.04139135292936233,success,
97,apk_cluster,doubly_robust,0.04173874664644531,success,
98,row,psm,0.1474006116207951,success,
98,row,logistic_regression,0.13280252800526288,success,
98,row,doubly_robust,0.1302218154661154,success,
98,apk_cluster,psm,0.1395066018068103,success,
98,apk_cluster,logistic_regression,0.1935031193358719,success,
98,apk_cluster,doubly_robust,0.1496969362026596,success,
99,row,psm,0.053516819571865444,success,
99,row,logistic_regression,0.09855527465990972,success,
99,row,doubly_robust,0.09244138757487046,success,
99,apk_cluster,psm,0.06294996132563813,success,
99,apk_cluster,logistic_regression,0.08818030522779623,success,
99,apk_cluster,doubly_robust,0.08489134316131633,success,
100,row,psm,0.04568807339449541,success,
100,row,logistic_regression,0.1316932225683984,success,
100,row,doubly_robust,0.12224906177919563,success,
100,apk_cluster,psm,0.08312139445443831,success,
100,apk_cluster,logistic_regression,0.0470431807591624,success,
100,apk_cluster,doubly_robust,0.06192769217730249,success,
101,row,psm,0.12036697247706424,success,
101,row,logistic_regression,0.11126976473329013,success,
101,row,doubly_robust,0.10396891231395242,success,
101,apk_cluster,psm,0.06046511627906977,success,
101,apk_cluster,logistic_regression,0.10038693649981703,success,
101,apk_cluster,doubly_robust,0.09904368243368998,success,
102,row,psm,0.05853211009174312,success,
102,row,logistic_regression,0.1187505333493867,success,
102,row,doubly_robust,0.11119068514409822,success,
102,apk_cluster,psm,0.07753525659781146,success,
102,apk_cluster,logistic_regression,0.10714619390979035,success,
102,apk_cluster,doubly_robust,0.10902536374377117,success,
103,row,psm,0.13351681957186545,success,
103,row,logistic_regression,0.10743238901980472,success,
103,row,doubly_robust,0.09602526512107357,success,
103,apk_cluster,psm,0.14576437415716562,success,
103,apk_cluster,logistic_regression,0.17694415318000817,success,
103,apk_cluster,doubly_robust,0.14723858787664512,success,
104,row,psm,0.03620795107033639,success,
104,row,logistic_regression,0.10605534805967654,success,
104,row,doubly_robust,0.10047703920761464,success,
104,apk_cluster,psm,0.06935869976061484,success,
104,apk_cluster,logistic_regression,0.05547907293137898,success,
104,apk_cluster,doubly_robust,0.06618071276563801,success,
105,row,psm,0.07743119266055046,success,
105,row,logistic_regression,0.13242420866366872,success,
105,row,doubly_robust,0.12040469417952032,success,
105,apk_cluster,psm,0.06820065013703869,success,
105,apk_cluster,logistic_regression,0.1275435215897294,success,
105,apk_cluster,doubly_robust,0.14749749529599357,success,
106,row,psm,0.05314984709480122,success,
106,row,logistic_regression,0.12566392483540134,success,
106,row,doubly_robust,0.1146668439715383,success,
106,apk_cluster,psm,0.07828939225151628,success,
106,apk_cluster,logistic_regression,0.09899619537267981,success,
106,apk_cluster,doubly_robust,0.10473008850644039,success,
107,row,psm,0.0856269113149847,success,
107,row,logistic_regression,0.12104646314396618,success,
107,row,doubly_robust,0.11161326205135093,success,
107,apk_cluster,psm,0.1325241207594149,success,
107,apk_cluster,logistic_regression,0.12615354566206105,success,
107,apk_cluster,doubly_robust,0.11432821376401675,success,
108,row,psm,0.09847094801223241,success,
108,row,logistic_regression,0.12433368599074701,success,
108,row,doubly_robust,0.12116674163186612,success,
108,apk_cluster,psm,0.11890026184241848,success,
108,apk_cluster,logistic_regression,0.20440866055196052,success,
108,apk_cluster,doubly_robust,0.18356036161378217,success,
109,row,psm,0.07584097859327217,success,
109,row,logistic_regression,0.14504859197895814,success,
109,row,doubly_robust,0.13589135706095365,success,
109,apk_cluster,psm,0.0880495118994449,success,
109,apk_cluster,logistic_regression,0.06587099214962033,success,
109,apk_cluster,doubly_robust,0.07324275745272799,success,
110,row,psm,0.0819571865443425,success,
110,row,logistic_regression,0.14547185110498106,success,
110,row,doubly_robust,0.13348293991529217,success,
110,apk_cluster,psm,0.17121810995328782,success,
110,apk_cluster,logistic_regression,0.12171267899857609,success,
110,apk_cluster,doubly_robust,0.13076900840472594,success,
111,row,psm,0.11302752293577982,success,
111,row,logistic_regression,0.12888406544417774,success,
111,row,doubly_robust,0.12329165350294179,success,
111,apk_cluster,psm,0.23588019926775103,success,
111,apk_cluster,logistic_regression,0.15630581040091454,success,
111,apk_cluster,doubly_robust,0.1551522317597119,success,
112,row,psm,0.04611620795107033,success,
112,row,logistic_regression,0.13083511840984138,success,
112,row,doubly_robust,0.12357739989429156,success,
112,apk_cluster,psm,0.07834623371719841,success,
112,apk_cluster,logistic_regression,0.11915795968566457,success,
112,apk_cluster,doubly_robust,0.10595072816354328,success,
113,row,psm,0.1382262996941896,success,
113,row,logistic_regression,0.1206630542390791,success,
113,row,doubly_robust,0.11847029984867757,success,
113,apk_cluster,psm,0.13368156316502225,success,
113,apk_cluster,logistic_regression,0.1005274431882694,success,
113,apk_cluster,doubly_robust,0.11495416596432463,success,
114,row,psm,0.07804281345565749,success,
114,row,logistic_regression,0.13608559614980323,success,
114,row,doubly_robust,0.13122706562602493,success,
114,apk_cluster,psm,0.1157829457364341,success,
114,apk_cluster,logistic_regression,0.11861301603440683,success,
114,apk_cluster,doubly_robust,0.13782417627058202,success,
115,row,psm,0.07596330275229357,success,
115,row,logistic_regression,0.15624596739849989,success,
115,row,doubly_robust,0.1495662209966925,success,
115,apk_cluster,psm,0.01444674786214045,success,
115,apk_cluster,logistic_regression,-0.019223624215147752,success,
115,apk_cluster,doubly_robust,-0.008558129791930666,success,
116,row,psm,0.09070336391437309,success,
116,row,logistic_regression,0.10967942030592047,success,
116,row,doubly_robust,0.10350448239765046,success,
116,apk_cluster,psm,0.0927698513033532,success,
116,apk_cluster,logistic_regression,0.15924563399067632,success,
116,apk_cluster,doubly_robust,0.13553662932789945,success,
117,row,psm,0.06311926605504588,success,
117,row,logistic_regression,0.13086449405616987,success,
117,row,doubly_robust,0.1279274361165133,success,
117,apk_cluster,psm,0.08816830496283865,success,
117,apk_cluster,logistic_regression,0.13617359765474568,success,
117,apk_cluster,doubly_robust,0.12647342937294068,success,
118,row,psm,0.0581651376146789,success,
118,row,logistic_regression,0.12541342296859956,success,
118,row,doubly_robust,0.12403769064686575,success,
118,apk_cluster,psm,0.15916224390800662,success,
118,apk_cluster,logistic_regression,0.22298657224375149,success,
118,apk_cluster,doubly_robust,0.21606117801596333,success,
119,row,psm,0.12654434250764526,success,
119,row,logistic_regression,0.11477518102998119,success,
119,row,doubly_robust,0.1033568271479377,success,
119,apk_cluster,psm,0.09430832057172027,success,
119,apk_cluster,logistic_regression,0.1081847682548342,success,
119,apk_cluster,doubly_robust,0.10473122549263444,success,
120,row,psm,0.02146788990825688,success,
120,row,logistic_regression,0.12113789221768026,success,
120,row,doubly_robust,0.11245476021273927,success,
120,apk_cluster,psm,0.12374771595992692,success,
120,apk_cluster,logistic_regression,0.18224110068500865,success,
120,apk_cluster,doubly_robust,0.1744273827788301,success,
121,row,psm,0.05840978593272171,success,
121,row,logistic_regression,0.12672502013609707,success,
121,row,doubly_robust,0.1187510977183265,success,
121,apk_cluster,psm,0.11211384935786185,success,
121,apk_cluster,logistic_regression,0.16753105844980007,success,
121,apk_cluster,doubly_robust,0.13479846254060754,success,
122,row,psm,0.07651376146788991,success,
122,row,logistic_regression,0.13242094045053013,success,
122,row,doubly_robust,0.13062208784584506,success,
122,apk_cluster,psm,0.03489299074017293,success,
122,apk_cluster,logistic_regression,0.1061846598225338,success,
122,apk_cluster,doubly_robust,0.11144919038122847,success,
123,row,psm,0.11669724770642202,success,
123,row,logistic_regression,0.1306149038548884,success,
123,row,doubly_robust,0.12582851589512686,success,
123,apk_cluster,psm,0.061274668392106116,success,
123,apk_cluster,logistic_regression,0.1524904517956374,success,
123,apk_cluster,doubly_robust,0.14336228081531577,success,
124,row,psm,0.04844036697247706,success,
124,row,logistic_regression,0.11760151538813601,success,
124,row,doubly_robust,0.11395528548121087,success,
124,apk_cluster,psm,0.13731010616458444,success,
124,apk_cluster,logistic_regression,0.18477352886715265,success,
124,apk_cluster,doubly_robust,0.17575931053778965,success,
125,row,psm,0.09932721712538227,success,
125,row,logistic_regression,0.135521438840763,success,
125,row,doubly_robust,0.1275721798722558,success,
125,apk_cluster,psm,0.04618256262042389,success,
125,apk_cluster,logistic_regression,0.10176473815499858,success,
125,apk_cluster,doubly_robust,0.10190123663264071,success,
126,row,psm,0.0871559633027523,success,
126,row,logistic_regression,0.1475115622252161,success,
126,row,doubly_robust,0.13436078837922896,success,
126,apk_cluster,psm,0.08458972648432288,success,
126,apk_cluster,logistic_regression,0.00313425272268358,success,
126,apk_cluster,doubly_robust,0.015404606848473765,success,
127,row,psm,0.11370030581039756,success,
127,row,logistic_regression,0.11893277010316894,success,
127,row,doubly_robust,0.10991280148485787,success,
127,apk_cluster,psm,0.1438523588364703,success,
127,apk_cluster,logistic_regression,0.13606971864707965,success,
127,apk_cluster,doubly_robust,0.12466531518007466,success,
128,row,psm,0.10116207951070337,success,
128,row,logistic_regression,0.13066168520143498,success,
128,row,doubly_robust,0.12717366930028878,success,
128,apk_cluster,psm,0.11037986375707193,success,
128,apk_cluster,logistic_regression,0.20238069300442113,success,
128,apk_cluster,doubly_robust,0.13698468295084462,success,
129,row,psm,0.08024464831804282,success,
129,row,logistic_regression,0.12291163741395901,success,
129,row,doubly_robust,0.12350264962554759,success,
129,apk_cluster,psm,0.2008631949571242,success,
129,apk_cluster,logistic_regression,0.25359682233835007,success,
129,apk_cluster,doubly_robust,0.23344775793387493,success,
130,row,psm,0.006666666666666667,success,
130,row,logistic_regression,0.11629170898614448,success,
130,row,doubly_robust,0.10691156638433608,success,
130,apk_cluster,psm,0.08132131374897561,success,
130,apk_cluster,logistic_regression,0.012986671993212089,success,
130,apk_cluster,doubly_robust,0.04494729924309037,success,
131,row,psm,0.11645259938837921,success,
131,row,logistic_regression,0.1360709220646196,success,
131,row,doubly_robust,0.12325154693975107,success,
131,apk_cluster,psm,0.12721417069243157,success,
131,apk_cluster,logistic_regression,0.16849019725740663,success,
131,apk_cluster,doubly_robust,0.15785221784355488,success,
132,row,psm,0.08825688073394496,success,
132,row,logistic_regression,0.13319679490113556,success,
132,row,doubly_robust,0.12711673855844277,success,
132,apk_cluster,psm,0.07966654130625549,success,
132,apk_cluster,logistic_regression,0.11054705739620871,success,
132,apk_cluster,doubly_robust,0.09284571768474643,success,
133,row,psm,0.04960244648318043,success,
133,row,logistic_regression,0.12934180081832714,success,
133,row,doubly_robust,0.12147119752481533,success,
133,apk_cluster,psm,0.12366816530147194,success,
133,apk_cluster,logistic_regression,-0.010759491852344392,success,
133,apk_cluster,doubly_robust,0.0038956045210476586,success,
134,row,psm,0.05743119266055046,success,
134,row,logistic_regression,0.12623610004045552,success,
134,row,doubly_robust,0.11684168425064966,success,
134,apk_cluster,psm,0.017411196543178496,success,
134,apk_cluster,logistic_regression,0.09620194312842487,success,
134,apk_cluster,doubly_robust,0.09787324728586247,success,
135,row,psm,0.06214067278287462,success,
135,row,logistic_regression,0.13930273269695248,success,
135,row,doubly_robust,0.13218488315969007,success,
135,apk_cluster,psm,0.04736672051696284,success,
135,apk_cluster,logistic_regression,0.013917696383159232,success,
135,apk_cluster,doubly_robust,0.024274093900865143,success,
136,row,psm,0.07027522935779816,success,
136,row,logistic_regression,0.1060967698511545,success,
136,row,doubly_robust,0.10244006498960162,success,
136,apk_cluster,psm,0.01730324074074074,success,
136,apk_cluster,logistic_regression,0.11080550571937899,success,
136,apk_cluster,doubly_robust,0.10470390047203658,success,
137,row,psm,0.03168195718654434,success,
137,row,logistic_regression,0.11113505505066801,success,
137,row,doubly_robust,0.10370899622352568,success,
137,apk_cluster,psm,0.0709809663250366,success,
137,apk_cluster,logistic_regression,0.16441977676615357,success,
137,apk_cluster,doubly_robust,0.11932824276427331,success,
138,row,psm,0.05755351681957187,success,
138,row,logistic_regression,0.12113485444882467,success,
138,row,doubly_robust,0.11918203006589269,success,
138,apk_cluster,psm,0.17711108537009151,success,
138,apk_cluster,logistic_regression,0.26497229900029734,success,
138,apk_cluster,doubly_robust,0.24360989958325438,success,
139,row,psm,0.03957186544342508,success,
139,row,logistic_regression,0.1244700365018505,success,
139,row,doubly_robust,0.11649840383297562,success,
139,apk_cluster,psm,0.1682248041069981,success,
139,apk_cluster,logistic_regression,0.22427416349886567,success,
139,apk_cluster,doubly_robust,0.19692265154620092,success,
140,row,psm,0.08642201834862386,success,
140,row,logistic_regression,0.10640785376715434,success,
140,row,doubly_robust,0.09756393798395971,success,
140,apk_cluster,psm,0.06631751640585563,success,
140,apk_cluster,logistic_regression,0.09039589229641573,success,
140,apk_cluster,doubly_robust,0.07881642051198177,success,
141,row,psm,0.09149847094801224,success,
141,row,logistic_regression,0.12399081246072828,success,
141,row,doubly_robust,0.1189231458868231,success,
141,apk_cluster,psm,0.09123434704830054,success,
141,apk_cluster,logistic_regression,0.17883843358790438,success,
141,apk_cluster,doubly_robust,0.12380241716717354,success,
142,row,psm,0.019021406727828746,success,
142,row,logistic_regression,0.1254295428606105,success,
142,row,doubly_robust,0.12358659493808116,success,
142,apk_cluster,psm,0.14924114671163574,success,
142,apk_cluster,logistic_regression,0.1613598739814117,success,
142,apk_cluster,doubly_robust,0.13412270275166485,success,
143,row,psm,0.06990825688073395,success,
143,row,logistic_regression,0.12444142610012866,success,
143,row,doubly_robust,0.12616415173520595,success,
143,apk_cluster,psm,0.07352766210588935,success,
143,apk_cluster,logistic_regression,0.09805122960370177,success,
143,apk_cluster,doubly_robust,0.09167177158664697,success,
144,row,psm,0.07840978593272172,success,
144,row,logistic_regression,0.11848314908715603,success,
144,row,doubly_robust,0.11827812268424992,success,
144,apk_cluster,psm,0.20370264881800057,success,
144,apk_cluster,logistic_regression,0.2605321854980048,success,
144,apk_cluster,doubly_robust,0.22737313877879306,success,
145,row,psm,0.04152905198776759,success,
145,row,logistic_regression,0.10925663870641096,success,
145,row,doubly_robust,0.10300224156807318,success,
145,apk_cluster,psm,0.12810449105649208,success,
145,apk_cluster,logistic_regression,0.12933950847973635,success,
145,apk_cluster,doubly_robust,0.14222801950392708,success,
146,row,psm,0.06513761467889909,success,
146,row,logistic_regression,0.1250876095465202,success,
146,row,doubly_robust,0.11345909357491438,success,
146,apk_cluster,psm,0.10802085920039732,success,
146,apk_cluster,logistic_regression,0.15140256258557985,success,
146,apk_cluster,doubly_robust,0.1335193721412683,success,
147,row,psm,0.08281345565749236,success,
147,row,logistic_regression,0.11374160254418915,success,
147,row,doubly_robust,0.10976477196401901,success,
147,apk_cluster,psm,0.13614737098938637,success,
147,apk_cluster,logistic_regression,0.13654760992408005,success,
147,apk_cluster,doubly_robust,0.134725699588929,success,
148,row,psm,0.07327217125382263,success,
148,row,logistic_regression,0.1253538064499449,success,
148,row,doubly_robust,0.12371373885175176,success,
148,apk_cluster,psm,0.12359351988217968,success,
148,apk_cluster,logistic_regression,0.16265354757611025,success,
148,apk_cluster,doubly_robust,0.14762492924202184,success,
149,row,psm,0.06195718654434251,success,
149,row,logistic_regression,0.12558025560255437,success,
149,row,doubly_robust,0.11708476497925267,success,
149,apk_cluster,psm,0.11217365796421237,success,
149,apk_cluster,logistic_regression,0.11658194706346274,success,
149,apk_cluster,doubly_robust,0.08876542397501716,success,
150,row,psm,0.09308868501529052,success,
150,row,logistic_regression,0.1051990216961618,success,
150,row,doubly_robust,0.0967190670021851,success,
150,apk_cluster,psm,0.034765076067697194,success,
150,apk_cluster,logistic_regression,-0.00883966971965936,success,
150,apk_cluster,doubly_robust,0.009317848318654402,success,
151,row,psm,0.04715596330275229,success,
151,row,logistic_regression,0.1258831415485378,success,
151,row,doubly_robust,0.11801532333940264,success,
151,apk_cluster,psm,0.10645407116478105,success,
151,apk_cluster,logistic_regression,0.052672762932499624,success,
151,apk_cluster,doubly_robust,0.06876324295626832,success,
152,row,psm,0.11902140672782875,success,
152,row,logistic_regression,0.1305322647994807,success,
152,row,doubly_robust,0.1250041627289454,success,
152,apk_cluster,psm,0.1695059625212947,success,
152,apk_cluster,logistic_regression,0.15543444149925223,success,
152,apk_cluster,doubly_robust,0.12482627641535714,success,
153,row,psm,0.06752293577981651,success,
153,row,logistic_regression,0.12126176281211139,success,
153,row,doubly_robust,0.11439883129424715,success,
153,apk_cluster,psm,0.035307098197866864,success,
153,apk_cluster,logistic_regression,0.06188565634017741,success,
153,apk_cluster,doubly_robust,0.06772797799547566,success,
154,row,psm,0.11027522935779817,success,
154,row,logistic_regression,0.13653420268882513,success,
154,row,doubly_robust,0.12223194542516311,success,
154,apk_cluster,psm,0.03379747662940446,success,
154,apk_cluster,logistic_regression,0.06684535209493583,success,
154,apk_cluster,doubly_robust,0.0698261930344875,success,
155,row,psm,0.08006116207951071,success,
155,row,logistic_regression,0.1283660241649587,success,
155,row,doubly_robust,0.11727269507471962,success,
155,apk_cluster,psm,0.12605386416861827,success,
155,apk_cluster,logistic_regression,0.1683181795609608,success,
155,apk_cluster,doubly_robust,0.16383837664653195,success,
156,row,psm,0.07155963302752294,success,
156,row,logistic_regression,0.10989438078657406,success,
156,row,doubly_robust,0.11056554106136945,success,
156,apk_cluster,psm,0.024918672739102147,success,
156,apk_cluster,logistic_regression,-0.014986195008903472,success,
156,apk_cluster,doubly_robust,-0.004401337423069011,success,
157,row,psm,0.004281345565749235,success,
157,row,logistic_regression,0.11764209073981481,success,
157,row,doubly_robust,0.11097657503662374,success,
157,apk_cluster,psm,0.19663989208412533,success,
157,apk_cluster,logistic_regression,0.22568021926089535,success,
157,apk_cluster,doubly_robust,0.22709334602956216,success,
158,row,psm,0.08409785932721713,success,
158,row,logistic_regression,0.12622421452437793,success,
158,row,doubly_robust,0.11549641633802173,success,
158,apk_cluster,psm,0.08577378628140049,success,
158,apk_cluster,logistic_regression,0.15254244042202694,success,
158,apk_cluster,doubly_robust,0.1479700938130053,success,
159,row,psm,0.04140672782874618,success,
159,row,logistic_regression,0.11389466367346723,success,
159,row,doubly_robust,0.10059779065976543,success,
159,apk_cluster,psm,0.08037598311912526,success,
159,apk_cluster,logistic_regression,0.11254141984019733,success,
159,apk_cluster,doubly_robust,0.11125457314953083,success,
160,row,psm,0.10752293577981652,success,
160,row,logistic_regression,0.13200997469820286,success,
160,row,doubly_robust,0.12267292668917501,success,
160,apk_cluster,psm,0.12085944494180842,success,
160,apk_cluster,logistic_regression,0.17495090027662052,success,
160,apk_cluster,doubly_robust,0.12393506980227229,success,
161,row,psm,0.09149847094801224,success,
161,row,logistic_regression,0.13641492379660192,success,
161,row,doubly_robust,0.1355802658222858,success,
161,apk_cluster,psm,0.10278614457831325,success,
161,apk_cluster,logistic_regression,0.09798161871426796,success,
161,apk_cluster,doubly_robust,0.10873813490392659,success,
162,row,psm,0.1258715596330275,success,
162,row,logistic_regression,0.127760768900803,success,
162,row,doubly_robust,0.12582724959248195,success,
162,apk_cluster,psm,0.07307921381774866,success,
162,apk_cluster,logistic_regression,0.15107123771712133,success,
162,apk_cluster,doubly_robust,0.1540416938537988,success,
163,row,psm,0.06788990825688074,success,
163,row,logistic_regression,0.09436803463599532,success,
163,row,doubly_robust,0.09762406583744862,success,
163,apk_cluster,psm,0.07334626697540522,success,
163,apk_cluster,logistic_regression,-0.026598974726054703,success,
163,apk_cluster,doubly_robust,-0.017382345156355054,success,
164,row,psm,0.09284403669724771,success,
164,row,logistic_regression,0.11985662989179285,success,
164,row,doubly_robust,0.11829976619055842,success,
164,apk_cluster,psm,0.09996293092796243,success,
164,apk_cluster,logistic_regression,0.1847813982085285,success,
164,apk_cluster,doubly_robust,0.13651840103822888,success,
165,row,psm,0.0728440366972477,success,
165,row,logistic_regression,0.12461273817081786,success,
165,row,doubly_robust,0.11576948505178496,success,
165,apk_cluster,psm,0.12367357251136937,success,
165,apk_cluster,logistic_regression,0.14179181728129917,success,
165,apk_cluster,doubly_robust,0.14860505708902866,success,
166,row,psm,0.06642201834862385,success,
166,row,logistic_regression,0.11653816959304171,success,
166,row,doubly_robust,0.10788398730839889,success,
166,apk_cluster,psm,0.08890272197385547,success,
166,apk_cluster,logistic_regression,0.1835134322498333,success,
166,apk_cluster,doubly_robust,0.14493042814845908,success,
167,row,psm,0.05314984709480122,success,
167,row,logistic_regression,0.10590854163157315,success,
167,row,doubly_robust,0.09782310711960547,success,
167,apk_cluster,psm,0.09074623177662466,success,
167,apk_cluster,logistic_regression,0.09195784152835323,success,
167,apk_cluster,doubly_robust,0.09620099711710438,success,
168,row,psm,0.09737003058103975,success,
168,row,logistic_regression,0.10164807904293086,success,
168,row,doubly_robust,0.09883747141542706,success,
168,apk_cluster,psm,0.10882391503867837,success,
168,apk_cluster,logistic_regression,0.09845573524945994,success,
168,apk_cluster,doubly_robust,0.09639766714410959,success,
169,row,psm,0.06562691131498471,success,
169,row,logistic_regression,0.138132492486911,success,
169,row,doubly_robust,0.13377605013895996,success,
169,apk_cluster,psm,0.16322956099214644,success,
169,apk_cluster,logistic_regression,0.1798041224464271,success,
169,apk_cluster,doubly_robust,0.16593771291479448,success,
170,row,psm,0.13504587155963302,success,
170,row,logistic_regression,0.12975143986339457,success,
170,row,doubly_robust,0.12370468685672242,success,
170,apk_cluster,psm,0.07789647717156302,success,
170,apk_cluster,logistic_regression,0.11053856056179133,success,
170,apk_cluster,doubly_robust,0.09997144865474845,success,
171,row,psm,0.03333333333333333,success,
171,row,logistic_regression,0.1258437443012889,success,
171,row,doubly_robust,0.1205110863645665,success,
171,apk_cluster,psm,0.10916227155648228,success,
171,apk_cluster,logistic_regression,0.2003655227015867,success,
171,apk_cluster,doubly_robust,0.1471116087243389,success,
172,row,psm,0.11235474006116208,success,
172,row,logistic_regression,0.10940587215868988,success,
172,row,doubly_robust,0.10838642667140168,success,
172,apk_cluster,psm,0.19369901879654805,success,
172,apk_cluster,logistic_regression,0.12180388698948508,success,
172,apk_cluster,doubly_robust,0.122785638119594,success,
173,row,psm,0.11681957186544342,success,
173,row,logistic_regression,0.13303917998506626,success,
173,row,doubly_robust,0.12768972563191297,success,
173,apk_cluster,psm,0.09591974062519117,success,
173,apk_cluster,logistic_regression,0.17603129722959882,success,
173,apk_cluster,doubly_robust,0.16964540840053194,success,
174,row,psm,0.0653822629969419,success,
174,row,logistic_regression,0.12238672783583793,success,
174,row,doubly_robust,0.10949888007484374,success,
174,apk_cluster,psm,0.10158250705890078,success,
174,apk_cluster,logistic_regression,0.07827473466232825,success,
174,apk_cluster,doubly_robust,0.08483219957162563,success,
175,row,psm,0.06636085626911314,success,
175,row,logistic_regression,0.12947118853919462,success,
175,row,doubly_robust,0.12312003264708676,success,
175,apk_cluster,psm,0.11003584229390681,success,
175,apk_cluster,logistic_regression,0.16731625270623376,success,
175,apk_cluster,doubly_robust,0.14270226443009468,success,
176,row,psm,0.028012232415902137,success,
176,row,logistic_regression,0.11418646622365441,success,
176,row,doubly_robust,0.10473370924813531,success,
176,apk_cluster,psm,0.10057142857142858,success,
176,apk_cluster,logistic_regression,0.15956795669669796,success,
176,apk_cluster,doubly_robust,0.1480599227903422,success,
177,row,psm,0.047217125382263,success,
177,row,logistic_regression,0.11767148390520854,success,
177,row,doubly_robust,0.1153410939725215,success,
177,apk_cluster,psm,0.08123958269028952,success,
177,apk_cluster,logistic_regression,0.11487803031539172,success,
177,apk_cluster,doubly_robust,0.11735243678468059,success,
178,row,psm,0.05339449541284404,success,
178,row,logistic_regression,0.1331513951294688,success,
178,row,doubly_robust,0.12444449568068228,success,
178,apk_cluster,psm,0.07825761357963056,success,
178,apk_cluster,logistic_regression,0.06753649606830195,success,
178,apk_cluster,doubly_robust,0.06917942556646062,success,
179,row,psm,0.1343730886850153,success,
179,row,logistic_regression,0.1352046825789158,success,
179,row,doubly_robust,0.12652117305851487,success,
179,apk_cluster,psm,0.13097199341021418,success,
179,apk_cluster,logistic_regression,0.06268443704537195,success,
179,apk_cluster,doubly_robust,0.07090711802468276,success,
180,row,psm,0.07137614678899083,success,
180,row,logistic_regression,0.10006613578006966,success,
180,row,doubly_robust,0.09003469802036866,success,
180,apk_cluster,psm,0.0639488409272582,success,
180,apk_cluster,logistic_regression,0.041131510345691014,success,
180,apk_cluster,doubly_robust,0.04668062630828986,success,
181,row,psm,0.04813455657492355,success,
181,row,logistic_regression,0.11023370961025732,success,
181,row,doubly_robust,0.10277777619284874,success,
181,apk_cluster,psm,0.10332147808788958,success,
181,apk_cluster,logistic_regression,0.030961164988029324,success,
181,apk_cluster,doubly_robust,0.042567054172428495,success,
182,row,psm,0.06030581039755352,success,
182,row,logistic_regression,0.117382439325527,success,
182,row,doubly_robust,0.11432854325691469,success,
182,apk_cluster,psm,0.120965234156353,success,
182,apk_cluster,logistic_regression,0.11707571526130614,success,
182,apk_cluster,doubly_robust,0.10729559251672453,success,
183,row,psm,0.05926605504587156,success,
183,row,logistic_regression,0.1478169251797245,success,
183,row,doubly_robust,0.13471501162377006,success,
183,apk_cluster,psm,0.10455134934848391,success,
183,apk_cluster,logistic_regression,0.16547385810930854,success,
183,apk_cluster,doubly_robust,0.12876502379575158,success,
184,row,psm,0.07064220183486239,success,
184,row,logistic_regression,0.13982021556778435,success,
184,row,doubly_robust,0.1324650364910961,success,
184,apk_cluster,psm,0.09424900948493216,success,
184,apk_cluster,logistic_regression,0.09114005891758477,success,
184,apk_cluster,doubly_robust,0.08314451023276263,success,
185,row,psm,0.08299694189602447,success,
185,row,logistic_regression,0.12021273353776855,success,
185,row,doubly_robust,0.115212904628355,success,
185,apk_cluster,psm,0.08340818683433851,success,
185,apk_cluster,logistic_regression,0.02220906921517442,success,
185,apk_cluster,doubly_robust,0.04682456115199278,success,
186,row,psm,0.06525993883792049,success,
186,row,logistic_regression,0.11914828116448727,success,
186,row,doubly_robust,0.1116625002576652,success,
186,apk_cluster,psm,0.052724537188460784,success,
186,apk_cluster,logistic_regression,0.06000216645928264,success,
186,apk_cluster,doubly_robust,0.06725209928514093,success,
187,row,psm,0.06036697247706422,success,
187,row,logistic_regression,0.1216924719226742,success,
187,row,doubly_robust,0.1129961273988715,success,
187,apk_cluster,psm,0.08817282602099642,success,
187,apk_cluster,logistic_regression,0.10932676346957,success,
187,apk_cluster,doubly_robust,0.10255369290826157,success,
188,row,psm,0.05174311926605504,success,
188,row,logistic_regression,0.08969232037683575,success,
188,row,doubly_robust,0.08215041066481744,success,
188,apk_cluster,psm,0.13679990280646337,success,
188,apk_cluster,logistic_regression,0.1724152837345987,success,
188,apk_cluster,doubly_robust,0.1656669177914802,success,
189,row,psm,0.07963302752293577,success,
189,row,logistic_regression,0.12879030202976763,success,
189,row,doubly_robust,0.12356116218981547,success,
189,apk_cluster,psm,0.1571098125152179,success,
189,apk_cluster,logistic_regression,0.1330852672911703,success,
189,apk_cluster,doubly_robust,0.11830389497727162,success,
190,row,psm,0.08837920489296636,success,
190,row,logistic_regression,0.15044391545584201,success,
190,row,doubly_robust,0.13633762361945467,success,
190,apk_cluster,psm,0.09146236435666304,success,
190,apk_cluster,logistic_regression,0.08458119397982412,success,
190,apk_cluster,doubly_robust,0.0846465556540614,success,
191,row,psm,0.08036697247706422,success,
191,row,logistic_regression,0.10816958978132186,success,
191,row,doubly_robust,0.10281366228320858,success,
191,apk_cluster,psm,0.11242113313364349,success,
191,apk_cluster,logistic_regression,0.0055138238255963545,success,
191,apk_cluster,doubly_robust,0.022160246062316227,success,
192,row,psm,0.06642201834862385,success,
192,row,logistic_regression,0.12840745955694427,success,
192,row,doubly_robust,0.11754903297699706,success,
192,apk_cluster,psm,0.15442296426479205,success,
192,apk_cluster,logistic_regression,0.14910019289421506,success,
192,apk_cluster,doubly_robust,0.16128149004368786,success,
193,row,psm,0.1307645259938838,success,
193,row,logistic_regression,0.11555529833526862,success,
193,row,doubly_robust,0.1151759714627398,success,
193,apk_cluster,psm,0.10305028854080792,success,
193,apk_cluster,logistic_regression,0.14256891532440538,success,
193,apk_cluster,doubly_robust,0.14186393774239384,success,
194,row,psm,0.11614678899082569,success,
194,row,logistic_regression,0.11799896063878225,success,
194,row,doubly_robust,0.10956228627933917,success,
194,apk_cluster,psm,0.15500866137028851,success,
194,apk_cluster,logistic_regression,0.15797346702343726,success,
194,apk_cluster,doubly_robust,0.14072436515025846,success,
195,row,psm,0.10886850152905199,success,
195,row,logistic_regression,0.1261431598240534,success,
195,row,doubly_robust,0.11959682244936763,success,
195,apk_cluster,psm,0.08387549432325551,success,
195,apk_cluster,logistic_regression,0.13627355753998846,success,
195,apk_cluster,doubly_robust,0.136488299310662,success,
196,row,psm,0.05871559633027523,success,
196,row,logistic_regression,0.12878527050165003,success,
196,row,doubly_robust,0.1281056692178796,success,
196,apk_cluster,psm,0.1290847627394516,success,
196,apk_cluster,logistic_regression,0.194427210915417,success,
196,apk_cluster,doubly_robust,0.17405887388127336,success,
197,row,psm,0.07211009174311926,success,
197,row,logistic_regression,0.14097779265544277,success,
197,row,doubly_robust,0.1291892882708983,success,
197,apk_cluster,psm,0.10781799749537838,success,
197,apk_cluster,logistic_regression,0.1183004844248534,success,
197,apk_cluster,doubly_robust,0.10335139607018724,success,
198,row,psm,0.07051987767584098,success,
198,row,logistic_regression,0.12230687676027312,success,
198,row,doubly_robust,0.11761488821278383,success,
198,apk_cluster,psm,0.10208385016125031,success,
198,apk_cluster,logistic_regression,0.16830774776501833,success,
198,apk_cluster,doubly_robust,0.16463442512742424,success,
199,row,psm,0.08709480122324159,success,
199,row,logistic_regression,0.11704449273797382,success,
199,row,doubly_robust,0.10930633687984898,success,
199,apk_cluster,psm,0.10260658976483335,success,
199,apk_cluster,logistic_regression,0.044888779564641754,success,
199,apk_cluster,doubly_robust,0.04835827665779923,success,
200,row,psm,0.09987767584097859,success,
200,row,logistic_regression,0.12752581036685318,success,
200,row,doubly_robust,0.12073745130871104,success,
200,apk_cluster,psm,0.07376743027888447,success,
200,apk_cluster,logistic_regression,0.16993315091657593,success,
200,apk_cluster,doubly_robust,0.13872901039893404,success,
201,row,psm,0.07889908256880734,success,
201,row,logistic_regression,0.11888464734294164,success,
201,row,doubly_robust,0.1150463695985703,success,
201,apk_cluster,psm,0.11584864272004389,success,
201,apk_cluster,logistic_regression,0.10170632355669962,success,
201,apk_cluster,doubly_robust,0.11567817265393071,success,
202,row,psm,0.06409785932721712,success,
202,row,logistic_regression,0.12214742632527521,success,
202,row,doubly_robust,0.11523309898176637,success,
202,apk_cluster,psm,0.0826722338204593,success,
202,apk_cluster,logistic_regression,0.047467953217647005,success,
202,apk_cluster,doubly_robust,0.05083771025078847,success,
203,row,psm,0.10795107033639144,success,
203,row,logistic_regression,0.13364075555813423,success,
203,row,doubly_robust,0.1341847702176625,success,
203,apk_cluster,psm,0.05972416307187558,success,
203,apk_cluster,logistic_regression,0.11014788404774924,success,
203,apk_cluster,doubly_robust,0.08436745333030307,success,
204,row,psm,0.07021406727828747,success,
204,row,logistic_regression,0.12554794533762562,success,
204,row,doubly_robust,0.11789879321106578,success,
204,apk_cluster,psm,0.1062090521127607,success,
204,apk_cluster,logistic_regression,0.05901122823226498,success,
204,apk_cluster,doubly_robust,0.06446539488399612,success,
205,row,psm,0.06226299694189603,success,
205,row,logistic_regression,0.12819098259477413,success,
205,row,doubly_robust,0.12572657471671322,success,
205,apk_cluster,psm,0.1896302071730898,success,
205,apk_cluster,logistic_regression,0.2575430545532677,success,
205,apk_cluster,doubly_robust,0.21439425640967788,success,
206,row,psm,0.04758409785932722,success,
206,row,logistic_regression,0.11914727130613502,success,
206,row,doubly_robust,0.10922037223684235,success,
206,apk_cluster,psm,0.15976841586597684,success,
206,apk_cluster,logistic_regression,0.12213853465436468,success,
206,apk_cluster,doubly_robust,0.11752890506662739,success,
207,row,psm,0.06330275229357799,success,
207,row,logistic_regression,0.14093638986163123,success,
207,row,doubly_robust,0.13274028346779207,success,
207,apk_cluster,psm,0.10966765466355553,success,
207,apk_cluster,logistic_regression,0.15508979755134691,success,
207,apk_cluster,doubly_robust,0.14239963242665746,success,
208,row,psm,0.0655045871559633,success,
208,row,logistic_regression,0.1255997015190393,success,
208,row,doubly_robust,0.1172937830526006,success,
208,apk_cluster,psm,0.19402359422719923,success,
208,apk_cluster,logistic_regression,0.13607581135481958,success,
208,apk_cluster,doubly_robust,0.11656695800373651,success,
209,row,psm,0.06660550458715596,success,
209,row,logistic_regression,0.11618708126914998,success,
209,row,doubly_robust,0.11093091926767498,success,
209,apk_cluster,psm,0.04003242501714785,success,
209,apk_cluster,logistic_regression,0.11142456510613784,success,
209,apk_cluster,doubly_robust,0.10948947767146806,success,
210,row,psm,0.10067278287461774,success,
210,row,logistic_regression,0.10537372513820782,success,
210,row,doubly_robust,0.1012485655121354,success,
210,apk_cluster,psm,0.09220526718906498,success,
210,apk_cluster,logistic_regression,0.07717864531758087,success,
210,apk_cluster,doubly_robust,0.06600596991914523,success,
211,row,psm,0.11162079510703364,success,
211,row,logistic_regression,0.11715958224408653,success,
211,row,doubly_robust,0.10818596848232401,success,
211,apk_cluster,psm,0.08972019464720195,success,
211,apk_cluster,logistic_regression,0.08651809548827753,success,
211,apk_cluster,doubly_robust,0.09682345046147162,success,
212,row,psm,0.07400611620795107,success,
212,row,logistic_regression,0.12007409868872553,success,
212,row,doubly_robust,0.11029514497096617,success,
212,apk_cluster,psm,0.1079088471849866,success,
212,apk_cluster,logistic_regression,0.036343939434836395,success,
212,apk_cluster,doubly_robust,0.037532733405166455,success,
213,row,psm,0.09749235474006117,success,
213,row,logistic_regression,0.10127394841531362,success,
213,row,doubly_robust,0.09573848666810658,success,
213,apk_cluster,psm,0.015948248254659576,success,
213,apk_cluster,logistic_regression,0.00939019673804026,success,
213,apk_cluster,doubly_robust,0.0209709209403911,success,
214,row,psm,0.12513761467889908,success,
214,row,logistic_regression,0.11805257258180604,success,
214,row,doubly_robust,0.11085049036378733,success,
214,apk_cluster,psm,0.11484545559002643,success,
214,apk_cluster,logistic_regression,0.1695998493505171,success,
214,apk_cluster,doubly_robust,0.15157342484343034,success,
215,row,psm,0.06440366972477064,success,
215,row,logistic_regression,0.1261807825388977,success,
215,row,doubly_robust,0.12052722345977653,success,
215,apk_cluster,psm,0.15137641263401913,success,
215,apk_cluster,logistic_regression,0.13164098599647747,success,
215,apk_cluster,doubly_robust,0.11529909354964153,success,
216,row,psm,0.07498470948012233,success,
216,row,logistic_regression,0.12826936116580878,success,
216,row,doubly_robust,0.12170116596256617,success,
216,apk_cluster,psm,0.11224687843695415,success,
216,apk_cluster,logistic_regression,0.11054959318243256,success,
216,apk_cluster,doubly_robust,0.1110880741873815,success,
217,row,psm,0.05559633027522936,success,
217,row,logistic_regression,0.127881377856352,success,
217,row,doubly_robust,0.12207392745644267,success,
217,apk_cluster,psm,0.14809384164222875,success,
217,apk_cluster,logistic_regression,0.06514063120676647,success,
217,apk_cluster,doubly_robust,0.08040723051863592,success,
218,row,psm,0.0782874617737003,success,
218,row,logistic_regression,0.1136953817103083,success,
218,row,doubly_robust,0.10969457689406191,success,
218,apk_cluster,psm,0.11758899782851877,success,
218,apk_cluster,logistic_regression,0.017507252283563007,success,
218,apk_cluster,doubly_robust,0.03559875114314016,success,
219,row,psm,0.07192660550458715,success,
219,row,logistic_regression,0.11973007013657846,success,
219,row,doubly_robust,0.11098509250775504,success,
219,apk_cluster,psm,0.04863536411848403,success,
219,apk_cluster,logistic_regression,0.03563717066571693,success,
219,apk_cluster,doubly_robust,0.03844549404256332,success,
220,row,psm,0.052477064220183486,success,
220,row,logistic_regression,0.13479345792317904,success,
220,row,doubly_robust,0.12747680426384217,success,
220,apk_cluster,psm,0.08276346903559788,success,
220,apk_cluster,logistic_regression,0.12857958502846237,success,
220,apk_cluster,doubly_robust,0.10982998967249398,success,
221,row,psm,0.10844036697247707,success,
221,row,logistic_regression,0.13130985444538515,success,
221,row,doubly_robust,0.12290371195982619,success,
221,apk_cluster,psm,0.07080745341614907,success,
221,apk_cluster,logistic_regression,0.13269173817023786,success,
221,apk_cluster,doubly_robust,0.13255961885450893,success,
222,row,psm,0.09969418960244648,success,
222,row,logistic_regression,0.13674025149150631,success,
222,row,doubly_robust,0.1277703959911355,success,
222,apk_cluster,psm,0.14911096106234525,success,
222,apk_cluster,logistic_regression,0.1753370856115081,success,
222,apk_cluster,doubly_robust,0.16238287129475654,success,
223,row,psm,0.09192660550458716,success,
223,row,logistic_regression,0.12071753267384025,success,
223,row,doubly_robust,0.1182013073990868,success,
223,apk_cluster,psm,0.10405397192001459,success,
223,apk_cluster,logistic_regression,0.12422426844844031,success,
223,apk_cluster,doubly_robust,0.12128915552048705,success,
224,row,psm,0.021529051987767583,success,
224,row,logistic_regression,0.10459226184825361,success,
224,row,doubly_robust,0.09668654635223844,success,
224,apk_cluster,psm,0.14921356378207046,success,
224,apk_cluster,logistic_regression,0.148334387917108,success,
224,apk_cluster,doubly_robust,0.13099496569874164,success,
225,row,psm,0.09773700305810397,success,
225,row,logistic_regression,0.13652515510144272,success,
225,row,doubly_robust,0.1357236121129244,success,
225,apk_cluster,psm,0.08174453310592679,success,
225,apk_cluster,logistic_regression,0.09419588288101907,success,
225,apk_cluster,doubly_robust,0.08874254555098761,success,
226,row,psm,0.08666666666666667,success,
226,row,logistic_regression,0.12006691152808974,success,
226,row,doubly_robust,0.11349819401575127,success,
226,apk_cluster,psm,0.07216905901116427,success,
226,apk_cluster,logistic_regression,0.08290311382441927,success,
226,apk_cluster,doubly_robust,0.09578159863376814,success,
227,row,psm,0.010581039755351683,success,
227,row,logistic_regression,0.09399239579651536,success,
227,row,doubly_robust,0.08934307501604029,success,
227,apk_cluster,psm,0.11228995057660625,success,
227,apk_cluster,logistic_regression,0.08318842605924982,success,
227,apk_cluster,doubly_robust,0.08448909380254199,success,
228,row,psm,0.08342507645259939,success,
228,row,logistic_regression,0.110036751725187,success,
228,row,doubly_robust,0.10683948075321228,success,
228,apk_cluster,psm,0.09692287717475981,success,
228,apk_cluster,logistic_regression,0.046701406985555145,success,
228,apk_cluster,doubly_robust,0.06413369622618713,success,
229,row,psm,0.05981651376146789,success,
229,row,logistic_regression,0.1400662569652745,success,
229,row,doubly_robust,0.12535432433190558,success,
229,apk_cluster,psm,0.03756742871821218,success,
229,apk_cluster,logistic_regression,-0.0002094332286665567,success,
229,apk_cluster,doubly_robust,0.012133729667714475,success,
230,row,psm,0.04250764525993884,success,
230,row,logistic_regression,0.12071861956094677,success,
230,row,doubly_robust,0.11502749693968528,success,
230,apk_cluster,psm,0.07569212047459689,success,
230,apk_cluster,logistic_regression,0.20604769808251697,success,
230,apk_cluster,doubly_robust,0.18353745974830568,success,
231,row,psm,0.06685015290519877,success,
231,row,logistic_regression,0.08868818266655505,success,
231,row,doubly_robust,0.08293864274705448,success,
231,apk_cluster,psm,0.12850010853049706,success,
231,apk_cluster,logistic_regression,0.2094578529883778,success,
231,apk_cluster,doubly_robust,0.14765230473244878,success,
232,row,psm,0.0653822629969419,success,
232,row,logistic_regression,0.11166062016404053,success,
232,row,doubly_robust,0.1022198654563343,success,
232,apk_cluster,psm,0.13564387917329093,success,
232,apk_cluster,logistic_regression,0.1349249611653585,success,
232,apk_cluster,doubly_robust,0.11676717430223635,success,
233,row,psm,0.11437308868501529,success,
233,row,logistic_regression,0.11231771654653831,success,
233,row,doubly_robust,0.11005076883206222,success,
233,apk_cluster,psm,0.14107100731304553,success,
233,apk_cluster,logistic_regression,0.08987968773524373,success,
233,apk_cluster,doubly_robust,0.08607670109740002,success,
234,row,psm,0.09418960244648318,success,
234,row,logistic_regression,0.13409524809406828,success,
234,row,doubly_robust,0.12784426995726497,success,
234,apk_cluster,psm,0.15528169014084506,success,
234,apk_cluster,logistic_regression,0.15019047709654776,success,
234,apk_cluster,doubly_robust,0.12209473427145985,success,
235,row,psm,0.0619571865443425,success,
235,row,logistic_regression,0.11715878225922673,success,
235,row,doubly_robust,0.11248712959330108,success,
235,apk_cluster,psm,0.04721621089907536,success,
235,apk_cluster,logistic_regression,0.029977158787120196,success,
235,apk_cluster,doubly_robust,0.03175264211982236,success,
236,row,psm,0.07749235474006116,success,
236,row,logistic_regression,0.12526594194745433,success,
236,row,doubly_robust,0.1262354621902247,success,
236,apk_cluster,psm,0.1490165507315903,success,
236,apk_cluster,logistic_regression,0.17183231314740957,success,
236,apk_cluster,doubly_robust,0.13719611643045762,success,
237,row,psm,0.051131498470948014,success,
237,row,logistic_regression,0.09719059441744708,success,
237,row,doubly_robust,0.09196586346878738,success,
237,apk_cluster,psm,0.10285463878803056,success,
237,apk_cluster,logistic_regression,0.13931091508745494,success,
237,apk_cluster,doubly_robust,0.13309229533262446,success,
238,row,psm,0.039877675840978594,success,
238,row,logistic_regression,0.1195053228509429,success,
238,row,doubly_robust,0.11573340282829843,success,
238,apk_cluster,psm,0.12180546726001273,success,
238,apk_cluster,logistic_regression,0.08896382082838106,success,
238,apk_cluster,doubly_robust,0.1006997086728609,success,
239,row,psm,0.07957186544342508,success,
239,row,logistic_regression,0.10284554475028732,success,
239,row,doubly_robust,0.0978160447133081,success,
239,apk_cluster,psm,0.10952072538860104,success,
239,apk_cluster,logistic_regression,0.03365398492569641,success,
239,apk_cluster,doubly_robust,0.05612882707546614,success,
240,row,psm,0.06324159021406728,success,
240,row,logistic_regression,0.13448390653394388,success,
240,row,doubly_robust,0.12515726748920591,success,
240,apk_cluster,psm,0.06412876852324988,success,
240,apk_cluster,logistic_regression,0.1353352765715549,success,
240,apk_cluster,doubly_robust,0.12705960084163928,success,
241,row,psm,0.09412844036697247,success,
241,row,logistic_regression,0.11134759407252286,success,
241,row,doubly_robust,0.10324480004242666,success,
241,apk_cluster,psm,0.16313531782139606,success,
241,apk_cluster,logistic_regression,0.11553407945365336,success,
241,apk_cluster,doubly_robust,0.12351648598737615,success,
242,row,psm,0.0653211009174312,success,
242,row,logistic_regression,0.12366222412089763,success,
242,row,doubly_robust,0.11839882320194396,success,
242,apk_cluster,psm,0.1933380749170223,success,
242,apk_cluster,logistic_regression,0.1741575851932244,success,
242,apk_cluster,doubly_robust,0.1483675307069393,success,
243,row,psm,0.05553516819571865,success,
243,row,logistic_regression,0.10026558325531541,success,
243,row,doubly_robust,0.09333025749430088,success,
243,apk_cluster,psm,0.09434722542021644,success,
243,apk_cluster,logistic_regression,0.1587424494589795,success,
243,apk_cluster,doubly_robust,0.14139863341593645,success,
244,row,psm,0.11498470948012231,success,
244,row,logistic_regression,0.12978679543048052,success,
244,row,doubly_robust,0.1225632121423363,success,
244,apk_cluster,psm,0.04446978335233751,success,
244,apk_cluster,logistic_regression,0.10012719594183248,success,
244,apk_cluster,doubly_robust,0.08969583459831931,success,
245,row,psm,0.0490519877675841,success,
245,row,logistic_regression,0.1145204934675605,success,
245,row,doubly_robust,0.10788809752643687,success,
245,apk_cluster,psm,0.07675839052956362,success,
245,apk_cluster,logistic_regression,0.15497309738724704,success,
245,apk_cluster,doubly_robust,0.1413159228685982,success,
246,row,psm,0.0545565749235474,success,
246,row,logistic_regression,0.13281716464647328,success,
246,row,doubly_robust,0.13008219498933513,success,
246,apk_cluster,psm,0.1228242216229468,success,
246,apk_cluster,logistic_regression,0.06240870726371117,success,
246,apk_cluster,doubly_robust,0.06678853909517427,success,
247,row,psm,0.05792048929663609,success,
247,row,logistic_regression,0.11693067478608851,success,
247,row,doubly_robust,0.11014258581580391,success,
247,apk_cluster,psm,0.12069498546960983,success,
247,apk_cluster,logistic_regression,0.14236118465657113,success,
247,apk_cluster,doubly_robust,0.1360563608846566,success,
248,row,psm,0.11327217125382263,success,
248,row,logistic_regression,0.1325531745365695,success,
248,row,doubly_robust,0.1317726552528003,success,
248,apk_cluster,psm,0.041637033684618865,success,
248,apk_cluster,logistic_regression,0.07840700225864922,success,
248,apk_cluster,doubly_robust,0.07849684607699468,success,
249,row,psm,0.029908256880733945,success,
249,row,logistic_regression,0.12722180021854174,success,
249,row,doubly_robust,0.11294542402305605,success,
249,apk_cluster,psm,0.11388925251996335,success,
249,apk_cluster,logistic_regression,0.09250110121134994,success,
249,apk_cluster,doubly_robust,0.10350081287592253,success,
250,row,psm,0.08770642201834862,success,
250,row,logistic_regression,0.12420059312266046,success,
250,row,doubly_robust,0.11245948461859565,success,
250,apk_cluster,psm,0.1371753738119741,success,
250,apk_cluster,logistic_regression,0.14826595910234447,success,
250,apk_cluster,doubly_robust,0.13748944153192402,success,
251,row,psm,0.11504587155963303,success,
251,row,logistic_regression,0.13311646350697695,success,
251,row,doubly_robust,0.12422141573396484,success,
251,apk_cluster,psm,0.12492246619526115,success,
251,apk_cluster,logistic_regression,0.16094301354081397,success,
251,apk_cluster,doubly_robust,0.14491649352154712,success,
252,row,psm,0.0764525993883792,success,
252,row,logistic_regression,0.1242266886095721,success,
252,row,doubly_robust,0.11516153734991055,success,
252,apk_cluster,psm,0.08903939356281844,success,
252,apk_cluster,logistic_regression,0.09365550730449422,success,
252,apk_cluster,doubly_robust,0.07891995949427673,success,
253,row,psm,0.061345565749235484,success,
253,row,logistic_regression,0.11195242849426543,success,
253,row,doubly_robust,0.10842732914213958,success,
253,apk_cluster,psm,0.08880597014925373,success,
253,apk_cluster,logistic_regression,0.09215653949450028,success,
253,apk_cluster,doubly_robust,0.0717954122383884,success,
254,row,psm,0.05168195718654434,success,
254,row,logistic_regression,0.12884004153042347,success,
254,row,doubly_robust,0.11460061492214016,success,
254,apk_cluster,psm,0.1516970959441245,success,
254,apk_cluster,logistic_regression,0.17991517068824353,success,
254,apk_cluster,doubly_robust,0.14982838906600845,success,
255,row,psm,0.09113149847094801,success,
255,row,logistic_regression,0.11756859433500166,success,
255,row,doubly_robust,0.11060713521108184,success,
255,apk_cluster,psm,0.010963612658527912,success,
255,apk_cluster,logistic_regression,0.15973304480182962,success,
255,apk_cluster,doubly_robust,0.17587896356330115,success,
256,row,psm,0.12238532110091743,success,
256,row,logistic_regression,0.1415368647060094,success,
256,row,doubly_robust,0.13471249203038518,success,
256,apk_cluster,psm,0.0947265025477316,success,
256,apk_cluster,logistic_regression,0.11993195192125085,success,
256,apk_cluster,doubly_robust,0.12617218678296915,success,
257,row,psm,0.03896024464831804,success,
257,row,logistic_regression,0.1090870549230695,success,
257,row,doubly_robust,0.10680153700460689,success,
257,apk_cluster,psm,0.05814947836497349,success,
257,apk_cluster,logistic_regression,0.19632005840455252,success,
257,apk_cluster,doubly_robust,0.15512189487261563,success,
258,row,psm,0.05314984709480122,success,
258,row,logistic_regression,0.14210560271706824,success,
258,row,doubly_robust,0.13712611172473227,success,
258,apk_cluster,psm,0.07271676300578035,success,
258,apk_cluster,logistic_regression,0.1539352916096369,success,
258,apk_cluster,doubly_robust,0.11291918192192817,success,
259,row,psm,0.05730886850152905,success,
259,row,logistic_regression,0.1289188322649649,success,
259,row,doubly_robust,0.1240506906473446,success,
259,apk_cluster,psm,0.07337293557020694,success,
259,apk_cluster,logistic_regression,0.008571578316814247,success,
259,apk_cluster,doubly_robust,0.021871426049333023,success,
260,row,psm,0.07694189602446483,success,
260,row,logistic_regression,0.10944375648796102,success,
260,row,doubly_robust,0.10627450896482649,success,
260,apk_cluster,psm,0.14228065607914606,success,
260,apk_cluster,logistic_regression,0.13880902780278392,success,
260,apk_cluster,doubly_robust,0.13851022294193063,success,
261,row,psm,0.09779816513761468,success,
261,row,logistic_regression,0.1395379187836816,success,
261,row,doubly_robust,0.13337352171706554,success,
261,apk_cluster,psm,0.08998383523917859,success,
261,apk_cluster,logistic_regression,0.09411117815138216,success,
261,apk_cluster,doubly_robust,0.0969932217309946,success,
262,row,psm,0.08055045871559632,success,
262,row,logistic_regression,0.11724609371257882,success,
262,row,doubly_robust,0.1128644138670168,success,
262,apk_cluster,psm,0.0843408850804085,success,
262,apk_cluster,logistic_regression,0.09650758180505924,success,
262,apk_cluster,doubly_robust,0.10238170021573915,success,
263,row,psm,0.07779816513761467,success,
263,row,logistic_regression,0.13018711413765513,success,
263,row,doubly_robust,0.11891113232029932,success,
263,apk_cluster,psm,0.10655689846441292,success,
263,apk_cluster,logistic_regression,0.16391284961174835,success,
263,apk_cluster,doubly_robust,0.14743395312847501,success,
264,row,psm,0.0891743119266055,success,
264,row,logistic_regression,0.143862397852453,success,
264,row,doubly_robust,0.1359131010998403,success,
264,apk_cluster,psm,0.12274204028589994,success,
264,apk_cluster,logistic_regression,0.0967834053182984,success,
264,apk_cluster,doubly_robust,0.10927050489877596,success,
265,row,psm,0.06819571865443425,success,
265,row,logistic_regression,0.14271230279617397,success,
265,row,doubly_robust,0.13931174932636406,success,
265,apk_cluster,psm,0.13813942131607862,success,
265,apk_cluster,logistic_regression,0.14880816984968573,success,
265,apk_cluster,doubly_robust,0.13795753234748645,success,
266,row,psm,0.08519877675840978,success,
266,row,logistic_regression,0.12518332698476928,success,
266,row,doubly_robust,0.11778360921075097,success,
266,apk_cluster,psm,0.0801453828620711,success,
266,apk_cluster,logistic_regression,0.1386814896923246,success,
266,apk_cluster,doubly_robust,0.1351505672423921,success,
267,row,psm,0.027951070336391437,success,
267,row,logistic_regression,0.1050610080892646,success,
267,row,doubly_robust,0.09576067670950737,success,
267,apk_cluster,psm,0.058130676823908586,success,
267,apk_cluster,logistic_regression,0.03670155969533122,success,
267,apk_cluster,doubly_robust,0.037774149064499135,success,
268,row,psm,0.07149847094801223,success,
268,row,logistic_regression,0.14636115312253586,success,
268,row,doubly_robust,0.14139454889822428,success,
268,apk_cluster,psm,0.06567729712661825,success,
268,apk_cluster,logistic_regression,0.11125944291327795,success,
268,apk_cluster,doubly_robust,0.09034387550183567,success,
269,row,psm,0.09584097859327217,success,
269,row,logistic_regression,0.12377695548334657,success,
269,row,doubly_robust,0.11669676408573457,success,
269,apk_cluster,psm,0.13974860666429503,success,
269,apk_cluster,logistic_regression,0.14829973919271455,success,
269,apk_cluster,doubly_robust,0.12416555570021214,success,
270,row,psm,0.10581039755351682,success,
270,row,logistic_regression,0.11166292822091278,success,
270,row,doubly_robust,0.1092609955737583,success,
270,apk_cluster,psm,0.11300985406012222,success,
270,apk_cluster,logistic_regression,0.039133541060162626,success,
270,apk_cluster,doubly_robust,0.04674239664377397,success,
271,row,psm,0.038837920489296636,success,
271,row,logistic_regression,0.12863284288052104,success,
271,row,doubly_robust,0.1257727053952234,success,
271,apk_cluster,psm,0.16104066202298029,success,
271,apk_cluster,logistic_regression,0.1729478313131848,success,
271,apk_cluster,doubly_robust,0.16659761536808462,success,
272,row,psm,0.08134556574923547,success,
272,row,logistic_regression,0.14274412994104274,success,
272,row,doubly_robust,0.14506287616863855,success,
272,apk_cluster,psm,0.16729946362924125,success,
272,apk_cluster,logistic_regression,0.09179695023185568,success,
272,apk_cluster,doubly_robust,0.10056860164385407,success,
273,row,psm,0.09009174311926606,success,
273,row,logistic_regression,0.12856897418831903,success,
273,row,doubly_robust,0.11981700805800226,success,
273,apk_cluster,psm,0.11964847693129861,success,
273,apk_cluster,logistic_regression,0.20268672790401263,success,
273,apk_cluster,doubly_robust,0.18397657663330855,success,
274,row,psm,0.10079510703363914,success,
274,row,logistic_regression,0.10795994602103932,success,
274,row,doubly_robust,0.09436610785093093,success,
274,apk_cluster,psm,0.09122890704191759,success,
274,apk_cluster,logistic_regression,0.12685212100949353,success,
274,apk_cluster,doubly_robust,0.09061817555477458,success,
275,row,psm,0.09908256880733946,success,
275,row,logistic_regression,0.1310075766596829,success,
275,row,doubly_robust,0.12439888242706587,success,
275,apk_cluster,psm,0.09537140724150803,success,
275,apk_cluster,logistic_regression,0.06501171752989841,success,
275,apk_cluster,doubly_robust,0.08900899396993092,success,
276,row,psm,0.08642201834862386,success,
276,row,logistic_regression,0.11925967311543205,success,
276,row,doubly_robust,0.11040048775869199,success,
276,apk_cluster,psm,0.13230900554844216,success,
276,apk_cluster,logistic_regression,0.024589005459775253,success,
276,apk_cluster,doubly_robust,0.016525350195244978,success,
277,row,psm,0.09327217125382263,success,
277,row,logistic_regression,0.14240216205299608,success,
277,row,doubly_robust,0.13963540005896263,success,
277,apk_cluster,psm,0.11618012055312611,success,
277,apk_cluster,logistic_regression,0.11730509601757592,success,
277,apk_cluster,doubly_robust,0.11847382876870789,success,
278,row,psm,0.08519877675840978,success,
278,row,logistic_regression,0.11767793788609708,success,
278,row,doubly_robust,0.10862394620304444,success,
278,apk_cluster,psm,0.11922277755938676,success,
278,apk_cluster,logistic_regression,0.20526455466175264,success,
278,apk_cluster,doubly_robust,0.17414914144659852,success,
279,row,psm,0.1437308868501529,success,
279,row,logistic_regression,0.13808916185019735,success,
279,row,doubly_robust,0.12759285150861363,success,
279,apk_cluster,psm,0.11891008810315655,success,
279,apk_cluster,logistic_regression,0.19448635661037605,success,
279,apk_cluster,doubly_robust,0.17783240579116488,success,
280,row,psm,0.10941896024464831,success,
280,row,logistic_regression,0.1253856710062264,success,
280,row,doubly_robust,0.11863676709729178,success,
280,apk_cluster,psm,0.07096011816838996,success,
280,apk_cluster,logistic_regression,0.14412427617834195,success,
280,apk_cluster,doubly_robust,0.12671778974926345,success,
281,row,psm,0.08299694189602447,success,
281,row,logistic_regression,0.14266523203066855,success,
281,row,doubly_robust,0.13639426016270684,success,
281,apk_cluster,psm,0.05658145495169876,success,
281,apk_cluster,logistic_regression,0.18070873949510022,success,
281,apk_cluster,doubly_robust,0.16385609519852834,success,
282,row,psm,0.05437308868501529,success,
282,row,logistic_regression,0.12131315257950491,success,
282,row,doubly_robust,0.11326141514293404,success,
282,apk_cluster,psm,0.08684863523573201,success,
282,apk_cluster,logistic_regression,0.09577410326178555,success,
282,apk_cluster,doubly_robust,0.08770310034429883,success,
283,row,psm,0.05694189602446483,success,
283,row,logistic_regression,0.11401723805973595,success,
283,row,doubly_robust,0.11019789495676639,success,
283,apk_cluster,psm,0.11047362566594461,success,
283,apk_cluster,logistic_regression,0.1661662681412841,success,
283,apk_cluster,doubly_robust,0.13386621823839523,success,
284,row,psm,0.04201834862385321,success,
284,row,logistic_regression,0.11789515194698545,success,
284,row,doubly_robust,0.11050402972752028,success,
284,apk_cluster,psm,0.15117413647303715,success,
284,apk_cluster,logistic_regression,0.14998422139278905,success,
284,apk_cluster,doubly_robust,0.15269263482313325,success,
285,row,psm,0.11357798165137614,success,
285,row,logistic_regression,0.12138646373623,success,
285,row,doubly_robust,0.11650504103685792,success,
285,apk_cluster,psm,0.10682929703612044,success,
285,apk_cluster,logistic_regression,0.10541705265216884,success,
285,apk_cluster,doubly_robust,0.0989532253415551,success,
286,row,psm,0.11755351681957185,success,
286,row,logistic_regression,0.13296858676886114,success,
286,row,doubly_robust,0.12688307377743457,success,
286,apk_cluster,psm,0.050606343283582086,success,
286,apk_cluster,logistic_regression,0.0009728631513371889,success,
286,apk_cluster,doubly_robust,0.028643127793108823,success,
287,row,psm,0.04036697247706422,success,
287,row,logistic_regression,0.10313615325066094,success,
287,row,doubly_robust,0.10275545271825838,success,
287,apk_cluster,psm,0.04812963074513584,success,
287,apk_cluster,logistic_regression,0.042426934579299413,success,
287,apk_cluster,doubly_robust,0.05084812131842692,success,
288,row,psm,0.0873394495412844,success,
288,row,logistic_regression,0.12514590388640837,success,
288,row,doubly_robust,0.11952868299072926,success,
288,apk_cluster,psm,0.0812958435207824,success,
288,apk_cluster,logistic_regression,0.12106657843072785,success,
288,apk_cluster,doubly_robust,0.09765915603581751,success,
289,row,psm,-0.002691131498470948,success,
289,row,logistic_regression,0.12486874107751535,success,
289,row,doubly_robust,0.11531212062910744,success,
289,apk_cluster,psm,0.13125398573830366,success,
289,apk_cluster,logistic_regression,0.156545108729929,success,
289,apk_cluster,doubly_robust,0.14150812580328387,success,
290,row,psm,0.04752293577981651,success,
290,row,logistic_regression,0.1290353169931647,success,
290,row,doubly_robust,0.12499503293314365,success,
290,apk_cluster,psm,0.1378839184934355,success,
290,apk_cluster,logistic_regression,0.14564510948876774,success,
290,apk_cluster,doubly_robust,0.11769325895226099,success,
291,row,psm,0.08122324159021407,success,
291,row,logistic_regression,0.13932627627525188,success,
291,row,doubly_robust,0.13241374061560246,success,
291,apk_cluster,psm,0.12769431743958198,success,
291,apk_cluster,logistic_regression,0.037202252806693654,success,
291,apk_cluster,doubly_robust,0.04156363569227454,success,
292,row,psm,0.055840978593272174,success,
292,row,logistic_regression,0.1512989872838758,success,
292,row,doubly_robust,0.14012011097766938,success,
292,apk_cluster,psm,0.07109355714638362,success,
292,apk_cluster,logistic_regression,0.023408119311184555,success,
292,apk_cluster,doubly_robust,0.033211609196718166,success,
293,row,psm,0.06813455657492355,success,
293,row,logistic_regression,0.1432117337481032,success,
293,row,doubly_robust,0.12931536704131816,success,
293,apk_cluster,psm,0.1274093433518458,success,
293,apk_cluster,logistic_regression,0.1867674739602176,success,
293,apk_cluster,doubly_robust,0.15259932040885965,success,
294,row,psm,0.12477064220183487,success,
294,row,logistic_regression,0.13449319437526797,success,
294,row,doubly_robust,0.13008695397306907,success,
294,apk_cluster,psm,0.12235659315786071,success,
294,apk_cluster,logistic_regression,0.06517307999914251,success,
294,apk_cluster,doubly_robust,0.07392028661032246,success,
295,row,psm,0.06788990825688074,success,
295,row,logistic_regression,0.12997397105521977,success,
295,row,doubly_robust,0.11756062244186469,success,
295,apk_cluster,psm,0.0973948148615404,success,
295,apk_cluster,logistic_regression,0.04491301996931656,success,
295,apk_cluster,doubly_robust,0.0479630071871906,success,
296,row,psm,0.07596330275229357,success,
296,row,logistic_regression,0.11356349642919676,success,
296,row,doubly_robust,0.10656578063998533,success,
296,apk_cluster,psm,0.06570978682170543,success,
296,apk_cluster,logistic_regression,0.08683092959255143,success,
296,apk_cluster,doubly_robust,0.08226142479227325,success,
297,row,psm,0.06281345565749236,success,
297,row,logistic_regression,0.12357770977883796,success,
297,row,doubly_robust,0.11132649783405867,success,
297,apk_cluster,psm,0.09806255372611254,success,
297,apk_cluster,logistic_regression,0.13809009195844393,success,
297,apk_cluster,doubly_robust,0.12660598887973343,success,
298,row,psm,0.07339449541284404,success,
298,row,logistic_regression,0.13266151893794073,success,
298,row,doubly_robust,0.1250622228148439,success,
298,apk_cluster,psm,0.06656220984215414,success,
298,apk_cluster,logistic_regression,0.09482351973254792,success,
298,apk_cluster,doubly_robust,0.09512680749563661,success,
299,row,psm,0.062385321100917435,success,
299,row,logistic_regression,0.11680363144247612,success,
299,row,doubly_robust,0.10227045035721884,success,
299,apk_cluster,psm,0.1210919540229885,success,
299,apk_cluster,logistic_regression,0.27716302532055875,success,
299,apk_cluster,doubly_robust,0.2699682348390333,success,
300,row,psm,0.09162079510703364,success,
300,row,logistic_regression,0.12735427155727902,success,
300,row,doubly_robust,0.11862468882284402,success,
300,apk_cluster,psm,0.057710960232783715,success,
300,apk_cluster,logistic_regression,0.12311143325196955,success,
300,apk_cluster,doubly_robust,0.1264661813880147,success,
301,row,psm,0.009051987767584098,success,
301,row,logistic_regression,0.11273868855560504,success,
301,row,doubly_robust,0.10716916383418354,success,
301,apk_cluster,psm,0.022280471821756225,success,
301,apk_cluster,logistic_regression,-0.010505696452555334,success,
301,apk_cluster,doubly_robust,0.005586725144534573,success,
302,row,psm,0.09021406727828746,success,
302,row,logistic_regression,0.12809980040890073,success,
302,row,doubly_robust,0.12233467144623783,success,
302,apk_cluster,psm,0.13103328105941803,success,
302,apk_cluster,logistic_regression,0.13957931440694255,success,
302,apk_cluster,doubly_robust,0.13801155904933307,success,
303,row,psm,0.09590214067278287,success,
303,row,logistic_regression,0.10610299245641319,success,
303,row,doubly_robust,0.10365100973195411,success,
303,apk_cluster,psm,0.10893411958658297,success,
303,apk_cluster,logistic_regression,0.19243372820007584,success,
303,apk_cluster,doubly_robust,0.16454031795260093,success,
304,row,psm,0.05834862385321101,success,
304,row,logistic_regression,0.12787585340515287,success,
304,row,doubly_robust,0.12101244727551524,success,
304,apk_cluster,psm,0.045234454638124366,success,
304,apk_cluster,logistic_regression,0.10512558633492568,success,
304,apk_cluster,doubly_robust,0.10435206037125735,success,
305,row,psm,0.06966360856269113,success,
305,row,logistic_regression,0.14067026390427267,success,
305,row,doubly_robust,0.12560679021382248,success,
305,apk_cluster,psm,0.09515881147540983,success,
305,apk_cluster,logistic_regression,0.041112270125658636,success,
305,apk_cluster,doubly_robust,0.05262793042583076,success,
306,row,psm,0.11333333333333333,success,
306,row,logistic_regression,0.12492349827884228,success,
306,row,doubly_robust,0.12347048828561681,success,
306,apk_cluster,psm,0.12957157784743992,success,
306,apk_cluster,logistic_regression,0.08705845130447042,success,
306,apk_cluster,doubly_robust,0.08007846755967521,success,
307,row,psm,0.06709480122324159,success,
307,row,logistic_regression,0.12468137049105728,success,
307,row,doubly_robust,0.12007951205244291,success,
307,apk_cluster,psm,0.08563323680633532,success,
307,apk_cluster,logistic_regression,0.10654012859601528,success,
307,apk_cluster,doubly_robust,0.0829878234733912,success,
308,row,psm,0.08758409785932722,success,
308,row,logistic_regression,0.14128856156253067,success,
308,row,doubly_robust,0.12970267328886748,success,
308,apk_cluster,psm,0.16394297635605007,success,
308,apk_cluster,logistic_regression,0.1804714906069315,success,
308,apk_cluster,doubly_robust,0.15383138716115582,success,
309,row,psm,0.0872782874617737,success,
309,row,logistic_regression,0.11041679259031761,success,
309,row,doubly_robust,0.09680252745752355,success,
309,apk_cluster,psm,0.05655554951329599,success,
309,apk_cluster,logistic_regression,0.12482633136410043,success,
309,apk_cluster,doubly_robust,0.12259440136240485,success,
310,row,psm,0.08617737003058104,success,
310,row,logistic_regression,0.12366369562758696,success,
310,row,doubly_robust,0.12062228028567262,success,
310,apk_cluster,psm,0.08953054906172996,success,
310,apk_cluster,logistic_regression,0.05660330996745068,success,
310,apk_cluster,doubly_robust,0.06500557859568776,success,
311,row,psm,0.0746788990825688,success,
311,row,logistic_regression,0.10122257676608701,success,
311,row,doubly_robust,0.09176757757258346,success,
311,apk_cluster,psm,0.11826418693371485,success,
311,apk_cluster,logistic_regression,0.1625524890060202,success,
311,apk_cluster,doubly_robust,0.1654376033232779,success,
312,row,psm,0.07737003058103975,success,
312,row,logistic_regression,0.11188888772186814,success,
312,row,doubly_robust,0.09900608908712293,success,
312,apk_cluster,psm,0.13914884135472372,success,
312,apk_cluster,logistic_regression,0.19948790441796255,success,
312,apk_cluster,doubly_robust,0.1564748656843517,success,
313,row,psm,0.06672782874617737,success,
313,row,logistic_regression,0.12174653351330962,success,
313,row,doubly_robust,0.1189755064541667,success,
313,apk_cluster,psm,0.09982497082847142,success,
313,apk_cluster,logistic_regression,0.15552567487147098,success,
313,apk_cluster,doubly_robust,0.14291014467478536,success,
314,row,psm,0.06422018348623854,success,
314,row,logistic_regression,0.11764761472401979,success,
314,row,doubly_robust,0.108518103520935,success,
314,apk_cluster,psm,0.14896979274296482,success,
314,apk_cluster,logistic_regression,0.19128988706349517,success,
314,apk_cluster,doubly_robust,0.199526277907088,success,
315,row,psm,0.08,success,
315,row,logistic_regression,0.12156896003561915,success,
315,row,doubly_robust,0.11574888185460044,success,
315,apk_cluster,psm,0.18089379864423802,success,
315,apk_cluster,logistic_regression,0.015046678843910189,success,
315,apk_cluster,doubly_robust,0.019572828161277995,success,
316,row,psm,0.056330275229357796,success,
316,row,logistic_regression,0.14377527819325567,success,
316,row,doubly_robust,0.13481578554948603,success,
316,apk_cluster,psm,0.09153413846705728,success,
316,apk_cluster,logistic_regression,0.13054165489790967,success,
316,apk_cluster,doubly_robust,0.12818946687611335,success,
317,row,psm,0.09522935779816513,success,
317,row,logistic_regression,0.12750198019516043,success,
317,row,doubly_robust,0.11986407875494479,success,
317,apk_cluster,psm,0.0332565873624968,success,
317,apk_cluster,logistic_regression,0.12179948797534694,success,
317,apk_cluster,doubly_robust,0.11141284758614436,success,
318,row,psm,0.07614678899082569,success,
318,row,logistic_regression,0.12875462706396631,success,
318,row,doubly_robust,0.12024693905831177,success,
318,apk_cluster,psm,0.134438637592359,success,
318,apk_cluster,logistic_regression,0.12080570299626255,success,
318,apk_cluster,doubly_robust,0.12567675449856175,success,
319,row,psm,0.09957186544342507,success,
319,row,logistic_regression,0.1354134283070191,success,
319,row,doubly_robust,0.1305093776090009,success,
319,apk_cluster,psm,0.16868840030326004,success,
319,apk_cluster,logistic_regression,0.1822463055928371,success,
319,apk_cluster,doubly_robust,0.16285182133344772,success,
320,row,psm,0.06495412844036698,success,
320,row,logistic_regression,0.11996763478021592,success,
320,row,doubly_robust,0.12060221672837385,success,
320,apk_cluster,psm,0.08609310548025928,success,
320,apk_cluster,logistic_regression,0.19736422198570205,success,
320,apk_cluster,doubly_robust,0.16429618320571593,success,
321,row,psm,0.08782874617737003,success,
321,row,logistic_regression,0.11227309768480907,success,
321,row,doubly_robust,0.1074951987050345,success,
321,apk_cluster,psm,0.15799160292172312,success,
321,apk_cluster,logistic_regression,0.1332894771366342,success,
321,apk_cluster,doubly_robust,0.11829026383668542,success,
322,row,psm,0.04379204892966361,success,
322,row,logistic_regression,0.12247343089242099,success,
322,row,doubly_robust,0.110072855234441,success,
322,apk_cluster,psm,0.10897927858787414,success,
322,apk_cluster,logistic_regression,0.21211743924350002,success,
322,apk_cluster,doubly_robust,0.1980374551829361,success,
323,row,psm,0.0763914373088685,success,
323,row,logistic_regression,0.12757735765071784,success,
323,row,doubly_robust,0.1169874476679559,success,
323,apk_cluster,psm,0.07234261462285384,success,
323,apk_cluster,logistic_regression,0.10872164505360747,success,
323,apk_cluster,doubly_robust,0.12672057296977474,success,
324,row,psm,0.052048929663608565,success,
324,row,logistic_regression,0.13438619704323204,success,
324,row,doubly_robust,0.13013264593561483,success,
324,apk_cluster,psm,0.019215172499844033,success,
324,apk_cluster,logistic_regression,0.10483968217903253,success,
324,apk_cluster,doubly_robust,0.09262960141445957,success,
325,row,psm,0.06825688073394495,success,
325,row,logistic_regression,0.1327253281708097,success,
325,row,doubly_robust,0.12811134889656195,success,
325,apk_cluster,psm,0.02058531746031746,success,
325,apk_cluster,logistic_regression,0.010795256680537475,success,
325,apk_cluster,doubly_robust,0.028223779157582313,success,
326,row,psm,0.06409785932721712,success,
326,row,logistic_regression,0.10645542893381282,success,
326,row,doubly_robust,0.09547893421783268,success,
326,apk_cluster,psm,0.09602220166512489,success,
326,apk_cluster,logistic_regression,0.16743504379362228,success,
326,apk_cluster,doubly_robust,0.15832155213008617,success,
327,row,psm,0.0853211009174312,success,
327,row,logistic_regression,0.14098179006172276,success,
327,row,doubly_robust,0.131736372456631,success,
327,apk_cluster,psm,0.10891026850279821,success,
327,apk_cluster,logistic_regression,0.01805050556805393,success,
327,apk_cluster,doubly_robust,0.050000542681816036,success,
328,row,psm,0.05333333333333334,success,
328,row,logistic_regression,0.13717763282693185,success,
328,row,doubly_robust,0.12734081056892327,success,
328,apk_cluster,psm,0.1086144441928911,success,
328,apk_cluster,logistic_regression,0.14758263771157323,success,
328,apk_cluster,doubly_robust,0.1445381481914402,success,
329,row,psm,0.12293577981651375,success,
329,row,logistic_regression,0.11423660815782469,success,
329,row,doubly_robust,0.111252554124455,success,
329,apk_cluster,psm,0.126023319275614,success,
329,apk_cluster,logistic_regression,0.12017185369466125,success,
329,apk_cluster,doubly_robust,0.1219248456373537,success,
330,row,psm,0.07486238532110091,success,
330,row,logistic_regression,0.11685512163881931,success,
330,row,doubly_robust,0.10839467723538362,success,
330,apk_cluster,psm,0.1254788670476669,success,
330,apk_cluster,logistic_regression,0.10839020266148443,success,
330,apk_cluster,doubly_robust,0.13234622867547166,success,
331,row,psm,0.14262996941896025,success,
331,row,logistic_regression,0.12932186140121857,success,
331,row,doubly_robust,0.12824904098873458,success,
331,apk_cluster,psm,0.148537275872916,success,
331,apk_cluster,logistic_regression,0.05806243937837896,success,
331,apk_cluster,doubly_robust,0.07576014793110128,success,
332,row,psm,0.050581039755351685,success,
332,row,logistic_regression,0.14054629624136034,success,
332,row,doubly_robust,0.13651046482661894,success,
332,apk_cluster,psm,0.06357827476038339,success,
332,apk_cluster,logistic_regression,0.12094595662505131,success,
332,apk_cluster,doubly_robust,0.12104517350066633,success,
333,row,psm,0.0564525993883792,success,
333,row,logistic_regression,0.12772677669142132,success,
333,row,doubly_robust,0.1184240245613735,success,
333,apk_cluster,psm,0.14931007550117156,success,
333,apk_cluster,logistic_regression,0.12951407176251417,success,
333,apk_cluster,doubly_robust,0.11608545712395534,success,
334,row,psm,0.07431192660550459,success,
334,row,logistic_regression,0.1114845265418792,success,
334,row,doubly_robust,0.10594007381924034,success,
334,apk_cluster,psm,0.12917664859412434,success,
334,apk_cluster,logistic_regression,0.10443703253842261,success,
334,apk_cluster,doubly_robust,0.09587660072831654,success,
335,row,psm,0.07204892966360857,success,
335,row,logistic_regression,0.12343452595961954,success,
335,row,doubly_robust,0.11990676206925543,success,
335,apk_cluster,psm,0.13412254455574346,success,
335,apk_cluster,logistic_regression,0.06293987646873382,success,
335,apk_cluster,doubly_robust,0.07274492351211186,success,
336,row,psm,0.06948012232415902,success,
336,row,logistic_regression,0.09895668440548441,success,
336,row,doubly_robust,0.0910895912748869,success,
336,apk_cluster,psm,0.16487455197132617,success,
336,apk_cluster,logistic_regression,0.11859246702632895,success,
336,apk_cluster,doubly_robust,0.12204358509035251,success,
337,row,psm,0.05706422018348624,success,
337,row,logistic_regression,0.11507789879331938,success,
337,row,doubly_robust,0.10977281481832954,success,
337,apk_cluster,psm,0.12686354029816646,success,
337,apk_cluster,logistic_regression,0.1002495677622624,success,
337,apk_cluster,doubly_robust,0.11152745439141805,success,
338,row,psm,0.09700305810397554,success,
338,row,logistic_regression,0.10731004414488769,success,
338,row,doubly_robust,0.10263984451342233,success,
338,apk_cluster,psm,0.11750065496463191,success,
338,apk_cluster,logistic_regression,0.09233807427694955,success,
338,apk_cluster,doubly_robust,0.09262888124796108,success,
339,row,psm,0.04477064220183486,success,
339,row,logistic_regression,0.12124174273809121,success,
339,row,doubly_robust,0.11686888710795623,success,
339,apk_cluster,psm,0.08436708860759494,success,
339,apk_cluster,logistic_regression,0.00025855331554505446,success,
339,apk_cluster,doubly_robust,0.00424536476519225,success,
340,row,psm,0.07302752293577981,success,
340,row,logistic_regression,0.12527262043503729,success,
340,row,doubly_robust,0.1196885012582383,success,
340,apk_cluster,psm,0.14800158290463,success,
340,apk_cluster,logistic_regression,0.12603855375985829,success,
340,apk_cluster,doubly_robust,0.09618364334788129,success,
341,row,psm,0.08458715596330275,success,
341,row,logistic_regression,0.12581604749660527,success,
341,row,doubly_robust,0.12073255324056867,success,
341,apk_cluster,psm,0.1312586196558134,success,
341,apk_cluster,logistic_regression,0.1831980825731587,success,
341,apk_cluster,doubly_robust,0.1603539168947037,success,
342,row,psm,0.04073394495412844,success,
342,row,logistic_regression,0.13377738592604232,success,
342,row,doubly_robust,0.1270880739589698,success,
342,apk_cluster,psm,0.12610122646398342,success,
342,apk_cluster,logistic_regression,0.16893012021344572,success,
342,apk_cluster,doubly_robust,0.15845181134688088,success,
343,row,psm,0.08,success,
343,row,logistic_regression,0.1214144013580058,success,
343,row,doubly_robust,0.11200296248920862,success,
343,apk_cluster,psm,0.0724329205366357,success,
343,apk_cluster,logistic_regression,0.044151488609620926,success,
343,apk_cluster,doubly_robust,0.058715328703593646,success,
344,row,psm,0.06036697247706422,success,
344,row,logistic_regression,0.12944143336212383,success,
344,row,doubly_robust,0.12516560081979244,success,
344,apk_cluster,psm,0.10566109663892242,success,
344,apk_cluster,logistic_regression,0.0843928707422185,success,
344,apk_cluster,doubly_robust,0.08409199983421192,success,
345,row,psm,0.11749235474006116,success,
345,row,logistic_regression,0.11669860229110086,success,
345,row,doubly_robust,0.11200670127812325,success,
345,apk_cluster,psm,0.06199658286551135,success,
345,apk_cluster,logistic_regression,0.17201865668709984,success,
345,apk_cluster,doubly_robust,0.14960910885830395,success,
346,row,psm,0.06470948012232416,success,
346,row,logistic_regression,0.10463349810573647,success,
346,row,doubly_robust,0.10063695692095172,success,
346,apk_cluster,psm,0.14325859857046858,success,
346,apk_cluster,logistic_regression,0.160844092800448,success,
346,apk_cluster,doubly_robust,0.14947252423970023,success,
347,row,psm,0.11241590214067278,success,
347,row,logistic_regression,0.13212319257930405,success,
347,row,doubly_robust,0.12488508036251625,success,
347,apk_cluster,psm,0.1162477832813551,success,
347,apk_cluster,logistic_regression,0.17373133021447276,success,
347,apk_cluster,doubly_robust,0.14006853005338085,success,
348,row,psm,0.07510703363914373,success,
348,row,logistic_regression,0.12104959913345706,success,
348,row,doubly_robust,0.10841571153493548,success,
348,apk_cluster,psm,0.1024806832045547,success,
348,apk_cluster,logistic_regression,0.08386360579250718,success,
348,apk_cluster,doubly_robust,0.09906749487274924,success,
349,row,psm,0.09571865443425076,success,
349,row,logistic_regression,0.14191772900726848,success,
349,row,doubly_robust,0.1409063461041201,success,
349,apk_cluster,psm,0.06019532406037289,success,
349,apk_cluster,logistic_regression,0.14488493245193867,success,
349,apk_cluster,doubly_robust,0.12073553305706666,success,
350,row,psm,0.06568807339449541,success,
350,row,logistic_regression,0.11907485306320688,success,
350,row,doubly_robust,0.10224484683892003,success,
350,apk_cluster,psm,0.09244622959315885,success,
350,apk_cluster,logistic_regression,0.09487103289303365,success,
350,apk_cluster,doubly_robust,0.11094367990648424,success,
351,row,psm,0.03302752293577982,success,
351,row,logistic_regression,0.12156027166988304,success,
351,row,doubly_robust,0.11189500413982253,success,
351,apk_cluster,psm,0.06982343499197431,success,
351,apk_cluster,logistic_regression,0.09763061815092003,success,
351,apk_cluster,doubly_robust,0.09765965508857005,success,
352,row,psm,0.09131498470948013,success,
352,row,logistic_regression,0.15058439761011064,success,
352,row,doubly_robust,0.14440731540253265,success,
352,apk_cluster,psm,0.1201097328244275,success,
352,apk_cluster,logistic_regression,0.13000190623697502,success,
352,apk_cluster,doubly_robust,0.12871011873666707,success,
353,row,psm,0.08097859327217126,success,
353,row,logistic_regression,0.12418480307348077,success,
353,row,doubly_robust,0.11874344886221445,success,
353,apk_cluster,psm,0.11735314842098521,success,
353,apk_cluster,logistic_regression,0.1116792986062926,success,
353,apk_cluster,doubly_robust,0.07111852627435365,success,
354,row,psm,0.11577981651376147,success,
354,row,logistic_regression,0.113543050016523,success,
354,row,doubly_robust,0.10961646143610536,success,
354,apk_cluster,psm,0.14119304328980875,success,
354,apk_cluster,logistic_regression,0.1868692104494042,success,
354,apk_cluster,doubly_robust,0.1669287703203193,success,
355,row,psm,-0.004648318042813455,success,
355,row,logistic_regression,0.10408402487275104,success,
355,row,doubly_robust,0.09839099050282582,success,
355,apk_cluster,psm,0.09988302573433845,success,
355,apk_cluster,logistic_regression,0.07550840108644782,success,
355,apk_cluster,doubly_robust,0.08057456562863559,success,
356,row,psm,0.11828746177370031,success,
356,row,logistic_regression,0.13906906343558204,success,
356,row,doubly_robust,0.1314611471503774,success,
356,apk_cluster,psm,0.13613846247935907,success,
356,apk_cluster,logistic_regression,0.13905695134963225,success,
356,apk_cluster,doubly_robust,0.13217946174370684,success,
357,row,psm,0.09333333333333334,success,
357,row,logistic_regression,0.12612853214140396,success,
357,row,doubly_robust,0.11795820780585012,success,
357,apk_cluster,psm,0.09895241701375741,success,
357,apk_cluster,logistic_regression,0.16057111238441582,success,
357,apk_cluster,doubly_robust,0.16556116354141154,success,
358,row,psm,0.06764525993883792,success,
358,row,logistic_regression,0.10177053092257625,success,
358,row,doubly_robust,0.09748467636913921,success,
358,apk_cluster,psm,0.03345417541181708,success,
358,apk_cluster,logistic_regression,0.09887434920276239,success,
358,apk_cluster,doubly_robust,0.10431702052939701,success,
359,row,psm,0.1258103975535168,success,
359,row,logistic_regression,0.12720839429429692,success,
359,row,doubly_robust,0.1274884762716326,success,
359,apk_cluster,psm,0.07364836100468285,success,
359,apk_cluster,logistic_regression,0.07582802963609013,success,
359,apk_cluster,doubly_robust,0.08197230447751214,success,
360,row,psm,0.06801223241590214,success,
360,row,logistic_regression,0.11029499751238649,success,
360,row,doubly_robust,0.10414839804474249,success,
360,apk_cluster,psm,0.07351131889763779,success,
360,apk_cluster,logistic_regression,0.11007311359804135,success,
360,apk_cluster,doubly_robust,0.09355724442221357,success,
361,row,psm,0.07253822629969418,success,
361,row,logistic_regression,0.13350165760347718,success,
361,row,doubly_robust,0.1254557112674348,success,
361,apk_cluster,psm,0.14894492446952332,success,
361,apk_cluster,logistic_regression,0.16396027849712816,success,
361,apk_cluster,doubly_robust,0.1482136735188651,success,
362,row,psm,0.11162079510703364,success,
362,row,logistic_regression,0.13994426215668165,success,
362,row,doubly_robust,0.1287985650410635,success,
362,apk_cluster,psm,0.18940013847800088,success,
362,apk_cluster,logistic_regression,0.10850157502052198,success,
362,apk_cluster,doubly_robust,0.09196550149259715,success,
363,row,psm,0.08262996941896024,success,
363,row,logistic_regression,0.10869127653498359,success,
363,row,doubly_robust,0.10384773670785537,success,
363,apk_cluster,psm,0.1328328388932615,success,
363,apk_cluster,logistic_regression,0.09892541053104116,success,
363,apk_cluster,doubly_robust,0.1021820748906484,success,
364,row,psm,0.07302752293577981,success,
364,row,logistic_regression,0.13561422309949156,success,
364,row,doubly_robust,0.12817676892957386,success,
364,apk_cluster,psm,0.17997829625610418,success,
364,apk_cluster,logistic_regression,0.22639890080134775,success,
364,apk_cluster,doubly_robust,0.20398633474772265,success,
365,row,psm,0.049785932721712535,success,
365,row,logistic_regression,0.11418231252156014,success,
365,row,doubly_robust,0.11148038094832065,success,
365,apk_cluster,psm,0.08189918222873184,success,
365,apk_cluster,logistic_regression,0.01855158578566408,success,
365,apk_cluster,doubly_robust,0.036763656838968234,success,
366,row,psm,0.07877675840978593,success,
366,row,logistic_regression,0.10099870495379343,success,
366,row,doubly_robust,0.10287324698956683,success,
366,apk_cluster,psm,0.11803984327575741,success,
366,apk_cluster,logistic_regression,0.18340681827836514,success,
366,apk_cluster,doubly_robust,0.1414654924998674,success,
367,row,psm,0.05596330275229358,success,
367,row,logistic_regression,0.11589020906650635,success,
367,row,doubly_robust,0.10585961818116883,success,
367,apk_cluster,psm,0.1829365322235143,success,
367,apk_cluster,logistic_regression,0.10123660361945819,success,
367,apk_cluster,doubly_robust,0.11852984775013047,success,
368,row,psm,0.1272782874617737,success,
368,row,logistic_regression,0.1336572334365192,success,
368,row,doubly_robust,0.1294441533529261,success,
368,apk_cluster,psm,0.09334621422533511,success,
368,apk_cluster,logistic_regression,0.060336205174851144,success,
368,apk_cluster,doubly_robust,0.06679991422168007,success,
369,row,psm,0.04605504587155963,success,
369,row,logistic_regression,0.11316932713305985,success,
369,row,doubly_robust,0.10690296285525495,success,
369,apk_cluster,psm,0.08894962420026088,success,
369,apk_cluster,logistic_regression,0.06315608164901268,success,
369,apk_cluster,doubly_robust,0.07654417328910204,success,
370,row,psm,0.12293577981651375,success,
370,row,logistic_regression,0.1281548459540222,success,
370,row,doubly_robust,0.11498524866764995,success,
370,apk_cluster,psm,0.07298612362587854,success,
370,apk_cluster,logistic_regression,0.13214757153014414,success,
370,apk_cluster,doubly_robust,0.13419093378859467,success,
371,row,psm,0.03211009174311927,success,
371,row,logistic_regression,0.13987538488936357,success,
371,row,doubly_robust,0.13474565019306156,success,
371,apk_cluster,psm,0.08324459755715628,success,
371,apk_cluster,logistic_regression,0.08153353612488276,success,
371,apk_cluster,doubly_robust,0.08262647229239282,success,
372,row,psm,0.06795107033639143,success,
372,row,logistic_regression,0.12852859429106323,success,
372,row,doubly_robust,0.12323210072780572,success,
372,apk_cluster,psm,0.10004664179104478,success,
372,apk_cluster,logistic_regression,0.09968520772173128,success,
372,apk_cluster,doubly_robust,0.08569653859084372,success,
373,row,psm,0.07706422018348624,success,
373,row,logistic_regression,0.12516999893751563,success,
373,row,doubly_robust,0.11792612996407818,success,
373,apk_cluster,psm,0.040592821855841905,success,
373,apk_cluster,logistic_regression,0.11685005565712568,success,
373,apk_cluster,doubly_robust,0.12623590838852303,success,
374,row,psm,0.04042813455657492,success,
374,row,logistic_regression,0.12623596202147047,success,
374,row,doubly_robust,0.12312089001432541,success,
374,apk_cluster,psm,0.11451080982044705,success,
374,apk_cluster,logistic_regression,0.1825343364801734,success,
374,apk_cluster,doubly_robust,0.14872943050570414,success,
375,row,psm,0.061896024464831806,success,
375,row,logistic_regression,0.12438195310675877,success,
375,row,doubly_robust,0.1268629045996939,success,
375,apk_cluster,psm,0.1362782524389505,success,
375,apk_cluster,logistic_regression,0.16255088428401726,success,
375,apk_cluster,doubly_robust,0.10443808726912115,success,
376,row,psm,0.06856269113149847,success,
376,row,logistic_regression,0.12406952778219163,success,
376,row,doubly_robust,0.11522680559458874,success,
376,apk_cluster,psm,0.1093530453906775,success,
376,apk_cluster,logistic_regression,0.1384003353828729,success,
376,apk_cluster,doubly_robust,0.12511159055924254,success,
377,row,psm,0.10464831804281345,success,
377,row,logistic_regression,0.12586111479803574,success,
377,row,doubly_robust,0.12745661277237955,success,
377,apk_cluster,psm,0.15849544585629147,success,
377,apk_cluster,logistic_regression,0.18649083997586313,success,
377,apk_cluster,doubly_robust,0.15773464653829172,success,
378,row,psm,0.07425076452599388,success,
378,row,logistic_regression,0.12045056206678825,success,
378,row,doubly_robust,0.11801758753762306,success,
378,apk_cluster,psm,0.14664683277550514,success,
378,apk_cluster,logistic_regression,0.16998889584802163,success,
378,apk_cluster,doubly_robust,0.16376664107711822,success,
379,row,psm,0.02256880733944954,success,
379,row,logistic_regression,0.11408874297926236,success,
379,row,doubly_robust,0.10848232906098325,success,
379,apk_cluster,psm,-0.003204725399019731,success,
379,apk_cluster,logistic_regression,0.07712989804011419,success,
379,apk_cluster,doubly_robust,0.06819205381937633,success,
380,row,psm,0.0562691131498471,success,
380,row,logistic_regression,0.12337923743036894,success,
380,row,doubly_robust,0.10932740669534946,success,
380,apk_cluster,psm,0.050965596623609166,success,
380,apk_cluster,logistic_regression,0.029917698362870292,success,
380,apk_cluster,doubly_robust,0.04009741986176402,success,
381,row,psm,0.11339449541284403,success,
381,row,logistic_regression,0.11932266736035188,success,
381,row,doubly_robust,0.11368279427302729,success,
381,apk_cluster,psm,0.0396045608927705,success,
381,apk_cluster,logistic_regression,0.09325373894329028,success,
381,apk_cluster,doubly_robust,0.07031422647895358,success,
382,row,psm,0.05345565749235474,success,
382,row,logistic_regression,0.1314154271316533,success,
382,row,doubly_robust,0.12541206184536347,success,
382,apk_cluster,psm,0.11762709563564787,success,
382,apk_cluster,logistic_regression,0.048004528069707224,success,
382,apk_cluster,doubly_robust,0.06355173336153286,success,
383,row,psm,0.04960244648318043,success,
383,row,logistic_regression,0.12243608823350725,success,
383,row,doubly_robust,0.11318502267778971,success,
383,apk_cluster,psm,0.11925795053003534,success,
383,apk_cluster,logistic_regression,0.01625897197235736,success,
383,apk_cluster,doubly_robust,0.032247069269239204,success,
384,row,psm,0.05608562691131498,success,
384,row,logistic_regression,0.11740074252515859,success,
384,row,doubly_robust,0.10956644820218385,success,
384,apk_cluster,psm,0.08252988816043193,success,
384,apk_cluster,logistic_regression,0.0751475723062427,success,
384,apk_cluster,doubly_robust,0.0893879102401303,success,
385,row,psm,0.10507645259938837,success,
385,row,logistic_regression,0.12060735589447029,success,
385,row,doubly_robust,0.11074604452699187,success,
385,apk_cluster,psm,0.07344708976866528,success,
385,apk_cluster,logistic_regression,-0.029927579948546796,success,
385,apk_cluster,doubly_robust,0.014076443335067764,success,
386,row,psm,0.07822629969418961,success,
386,row,logistic_regression,0.13165332601938817,success,
386,row,doubly_robust,0.12606708095025124,success,
386,apk_cluster,psm,0.15198607571330888,success,
386,apk_cluster,logistic_regression,0.16042612785708174,success,
386,apk_cluster,doubly_robust,0.15169448809474798,success,
387,row,psm,0.047889908256880734,success,
387,row,logistic_regression,0.1327283435604326,success,
387,row,doubly_robust,0.12957892780136152,success,
387,apk_cluster,psm,0.1211531659002476,success,
387,apk_cluster,logistic_regression,0.11005796215994602,success,
387,apk_cluster,doubly_robust,0.08910395001239349,success,
388,row,psm,0.0964525993883792,success,
388,row,logistic_regression,0.11854848878086517,success,
388,row,doubly_robust,0.11541704499712119,success,
388,apk_cluster,psm,0.19818193138658863,success,
388,apk_cluster,logistic_regression,0.11823304659070419,success,
388,apk_cluster,doubly_robust,0.10877644285731093,success,
389,row,psm,0.04850152905198777,success,
389,row,logistic_regression,0.14175469300773477,success,
389,row,doubly_robust,0.1306460906267887,success,
389,apk_cluster,psm,0.08264203117144293,success,
389,apk_cluster,logistic_regression,0.127201405171638,success,
389,apk_cluster,doubly_robust,0.11234722449842152,success,
390,row,psm,0.09418960244648318,success,
390,row,logistic_regression,0.11870645799905367,success,
390,row,doubly_robust,0.11670477708952806,success,
390,apk_cluster,psm,0.02792082893838804,success,
390,apk_cluster,logistic_regression,-0.0023644057040645146,success,
390,apk_cluster,doubly_robust,0.0017300429098607323,success,
391,row,psm,0.10562691131498471,success,
391,row,logistic_regression,0.15219128131938675,success,
391,row,doubly_robust,0.15252498791620459,success,
391,apk_cluster,psm,0.05891671236215195,success,
391,apk_cluster,logistic_regression,0.08087621339993653,success,
391,apk_cluster,doubly_robust,0.08275694666912035,success,
392,row,psm,0.08623853211009175,success,
392,row,logistic_regression,0.12417266514338304,success,
392,row,doubly_robust,0.11963274730500739,success,
392,apk_cluster,psm,0.1331588132635253,success,
392,apk_cluster,logistic_regression,0.1508578661971817,success,
392,apk_cluster,doubly_robust,0.11828822460708502,success,
393,row,psm,0.09706422018348623,success,
393,row,logistic_regression,0.1400377904554069,success,
393,row,doubly_robust,0.12999486130954022,success,
393,apk_cluster,psm,0.027135616269007293,success,
393,apk_cluster,logistic_regression,-0.013867692442165066,success,
393,apk_cluster,doubly_robust,-0.008604841258559148,success,
394,row,psm,0.06122324159021407,success,
394,row,logistic_regression,0.1358724051619065,success,
394,row,doubly_robust,0.13217509346318204,success,
394,apk_cluster,psm,0.13100745309689027,success,
394,apk_cluster,logistic_regression,0.11198390526760249,success,
394,apk_cluster,doubly_robust,0.0871706174413692,success,
395,row,psm,0.09773700305810397,success,
395,row,logistic_regression,0.1314631661889856,success,
395,row,doubly_robust,0.12739643747105386,success,
395,apk_cluster,psm,0.08466264917877821,success,
395,apk_cluster,logistic_regression,0.06282626373322868,success,
395,apk_cluster,doubly_robust,0.0552222964301066,success,
396,row,psm,0.05853211009174312,success,
396,row,logistic_regression,0.12528987108187392,success,
396,row,doubly_robust,0.12104777420783545,success,
396,apk_cluster,psm,0.13516929421938403,success,
396,apk_cluster,logistic_regression,0.13265375040182076,success,
396,apk_cluster,doubly_robust,0.13566365197328054,success,
397,row,psm,0.057186544342507646,success,
397,row,logistic_regression,0.1279325675081978,success,
397,row,doubly_robust,0.12494264173510085,success,
397,apk_cluster,psm,0.020037497070541362,success,
397,apk_cluster,logistic_regression,0.07210657461879237,success,
397,apk_cluster,doubly_robust,0.06127293369497114,success,
398,row,psm,0.0908868501529052,success,
398,row,logistic_regression,0.12892257839099958,success,
398,row,doubly_robust,0.12387126072398952,success,
398,apk_cluster,psm,0.11483554493428086,success,
398,apk_cluster,logistic_regression,0.1786990144985102,success,
398,apk_cluster,doubly_robust,0.12676457063041136,success,
399,row,psm,0.03944954128440367,success,
399,row,logistic_regression,0.1251983377229249,success,
399,row,doubly_robust,0.12108835916512832,success,
399,apk_cluster,psm,0.12949945461156223,success,
399,apk_cluster,logistic_regression,0.1604051041541912,success,
399,apk_cluster,doubly_robust,0.16061348828319916,success,
400,row,psm,0.009480122324159021,success,
400,row,logistic_regression,0.13124401340746056,success,
400,row,doubly_robust,0.12449541345792998,success,
400,apk_cluster,psm,0.17979895262746043,success,
400,apk_cluster,logistic_regression,0.166100878822619,success,
400,apk_cluster,doubly_robust,0.1327204561548104,success,
401,row,psm,0.15058103975535167,success,
401,row,logistic_regression,0.15787833291450723,success,
401,row,doubly_robust,0.15224129363582636,success,
401,apk_cluster,psm,0.14887551472917326,success,
401,apk_cluster,logistic_regression,0.11641453827792969,success,
401,apk_cluster,doubly_robust,0.10910600548587301,success,
402,row,psm,0.08819571865443425,success,
402,row,logistic_regression,0.12086200974973732,success,
402,row,doubly_robust,0.11472159131578462,success,
402,apk_cluster,psm,0.135177148779066,success,
402,apk_cluster,logistic_regression,0.03820363899846977,success,
402,apk_cluster,doubly_robust,0.049833811547597244,success,
403,row,psm,0.04256880733944954,success,
403,row,logistic_regression,0.11000995172915008,success,
403,row,doubly_robust,0.10163589646926796,success,
403,apk_cluster,psm,0.08548755560899363,success,
403,apk_cluster,logistic_regression,0.11719043683454505,success,
403,apk_cluster,doubly_robust,0.1185605670299787,success,
404,row,psm,0.0345565749235474,success,
404,row,logistic_regression,0.11740741906157218,success,
404,row,doubly_robust,0.10749784725395535,success,
404,apk_cluster,psm,0.1239737759140039,success,
404,apk_cluster,logistic_regression,0.16811238171077925,success,
404,apk_cluster,doubly_robust,0.17423691002913833,success,
405,row,psm,0.1328440366972477,success,
405,row,logistic_regression,0.13945087152983993,success,
405,row,doubly_robust,0.12898045180801707,success,
405,apk_cluster,psm,0.04301530643112106,success,
405,apk_cluster,logistic_regression,0.12015203575667022,success,
405,apk_cluster,doubly_robust,0.1077576524365574,success,
406,row,psm,0.13327217125382262,success,
406,row,logistic_regression,0.10546687898376789,success,
406,row,doubly_robust,0.09864190676431125,success,
406,apk_cluster,psm,0.07487878229914688,success,
406,apk_cluster,logistic_regression,0.06956189447788731,success,
406,apk_cluster,doubly_robust,0.10246239459566328,success,
407,row,psm,0.05186544342507645,success,
407,row,logistic_regression,0.11216203769834354,success,
407,row,doubly_robust,0.10651479210107756,success,
407,apk_cluster,psm,0.15309200603318251,success,
407,apk_cluster,logistic_regression,0.07967433525836996,success,
407,apk_cluster,doubly_robust,0.07342773044701267,success,
408,row,psm,0.032232415902140675,success,
408,row,logistic_regression,0.12416547348861304,success,
408,row,doubly_robust,0.11753511325113859,success,
408,apk_cluster,psm,0.08030368495771865,success,
408,apk_cluster,logistic_regression,0.04638352465864109,success,
408,apk_cluster,doubly_robust,0.05773660204768484,success,
409,row,psm,0.09474006116207952,success,
409,row,logistic_regression,0.1185268955214604,success,
409,row,doubly_robust,0.11331680894765396,success,
409,apk_cluster,psm,0.13652724339084027,success,
409,apk_cluster,logistic_regression,0.09167608617431056,success,
409,apk_cluster,doubly_robust,0.10858550987961364,success,
410,row,psm,0.06801223241590214,success,
410,row,logistic_regression,0.10426293288834136,success,
410,row,doubly_robust,0.09939941879247687,success,
410,apk_cluster,psm,0.10308988764044943,success,
410,apk_cluster,logistic_regression,0.1445296330223069,success,
410,apk_cluster,doubly_robust,0.14592536332474462,success,
411,row,psm,0.10758409785932722,success,
411,row,logistic_regression,0.12402746974086964,success,
411,row,doubly_robust,0.1130995792547132,success,
411,apk_cluster,psm,0.10113904163393558,success,
411,apk_cluster,logistic_regression,0.10342278312273066,success,
411,apk_cluster,doubly_robust,0.10850485623479113,success,
412,row,psm,0.04067278287461774,success,
412,row,logistic_regression,0.118482143605556,success,
412,row,doubly_robust,0.11482658589127243,success,
412,apk_cluster,psm,0.16344945745288406,success,
412,apk_cluster,logistic_regression,0.19016063709347267,success,
412,apk_cluster,doubly_robust,0.1905491138603009,success,
413,row,psm,0.08373088685015291,success,
413,row,logistic_regression,0.13812003720697927,success,
413,row,doubly_robust,0.1264538328682383,success,
413,apk_cluster,psm,0.11168094606009413,success,
413,apk_cluster,logistic_regression,0.08957372396852226,success,
413,apk_cluster,doubly_robust,0.09030898906630354,success,
414,row,psm,0.14617737003058104,success,
414,row,logistic_regression,0.13391247484649246,success,
414,row,doubly_robust,0.13017220442913136,success,
414,apk_cluster,psm,0.09557021677662582,success,
414,apk_cluster,logistic_regression,0.12539831667608103,success,
414,apk_cluster,doubly_robust,0.10172423228760473,success,
415,row,psm,0.08489296636085628,success,
415,row,logistic_regression,0.13117910425074725,success,
415,row,doubly_robust,0.12378583212235882,success,
415,apk_cluster,psm,0.11071122536418167,success,
415,apk_cluster,logistic_regression,0.19177839378546363,success,
415,apk_cluster,doubly_robust,0.1899762768904026,success,
416,row,psm,0.03363914373088685,success,
416,row,logistic_regression,0.12071186563621995,success,
416,row,doubly_robust,0.12288224938880679,success,
416,apk_cluster,psm,0.0524964702862277,success,
416,apk_cluster,logistic_regression,0.03095451273101436,success,
416,apk_cluster,doubly_robust,0.03406693231753028,success,
417,row,psm,0.07889908256880734,success,
417,row,logistic_regression,0.1297916572264832,success,
417,row,doubly_robust,0.12329838688381208,success,
417,apk_cluster,psm,0.11299056890781868,success,
417,apk_cluster,logistic_regression,0.06605793431411813,success,
417,apk_cluster,doubly_robust,0.08033768858288279,success,
418,row,psm,0.06036697247706422,success,
418,row,logistic_regression,0.10637652595006385,success,
418,row,doubly_robust,0.09297252837934072,success,
418,apk_cluster,psm,0.11294158593885956,success,
418,apk_cluster,logistic_regression,0.15202864446545206,success,
418,apk_cluster,doubly_robust,0.15116960679225264,success,
419,row,psm,0.07681957186544343,success,
419,row,logistic_regression,0.13956698762052075,success,
419,row,doubly_robust,0.13236505493752085,success,
419,apk_cluster,psm,0.0830059777967549,success,
419,apk_cluster,logistic_regression,0.09593378184364192,success,
419,apk_cluster,doubly_robust,0.08833226629915877,success,
420,row,psm,0.08948012232415903,success,
420,row,logistic_regression,0.12944789084652802,success,
420,row,doubly_robust,0.1292936038885346,success,
420,apk_cluster,psm,0.149256332791076,success,
420,apk_cluster,logistic_regression,0.16877378489487185,success,
420,apk_cluster,doubly_robust,0.13390941428056258,success,
421,row,psm,0.08844036697247706,success,
421,row,logistic_regression,0.11073276822944697,success,
421,row,doubly_robust,0.10276805749827982,success,
421,apk_cluster,psm,0.17190375570854066,success,
421,apk_cluster,logistic_regression,0.04579774383884453,success,
421,apk_cluster,doubly_robust,0.054625463566510477,success,
422,row,psm,0.05180428134556575,success,
422,row,logistic_regression,0.14421907923529154,success,
422,row,doubly_robust,0.13276763818283632,success,
422,apk_cluster,psm,0.11491577335375192,success,
422,apk_cluster,logistic_regression,0.1413741364130203,success,
422,apk_cluster,doubly_robust,0.12928955341773937,success,
423,row,psm,0.05608562691131498,success,
423,row,logistic_regression,0.11051959937601219,success,
423,row,doubly_robust,0.10474410885913356,success,
423,apk_cluster,psm,0.08786561029367963,success,
423,apk_cluster,logistic_regression,0.12375648165275559,success,
423,apk_cluster,doubly_robust,0.10723607072725226,success,
424,row,psm,0.057798165137614675,success,
424,row,logistic_regression,0.1286206272917942,success,
424,row,doubly_robust,0.1243532861403913,success,
424,apk_cluster,psm,0.07230786930510814,success,
424,apk_cluster,logistic_regression,0.1341348333993984,success,
424,apk_cluster,doubly_robust,0.11496046557072186,success,
425,row,psm,0.06629969418960245,success,
425,row,logistic_regression,0.12658439409888225,success,
425,row,doubly_robust,0.11854427304121214,success,
425,apk_cluster,psm,0.1477162293488824,success,
425,apk_cluster,logistic_regression,0.15215133466218664,success,
425,apk_cluster,doubly_robust,0.1665306553777263,success,
426,row,psm,0.05993883792048929,success,
426,row,logistic_regression,0.12997977103294472,success,
426,row,doubly_robust,0.1209213911754623,success,
426,apk_cluster,psm,0.038207604841667686,success,
426,apk_cluster,logistic_regression,0.01339852535340175,success,
426,apk_cluster,doubly_robust,0.02821090553706141,success,
427,row,psm,0.058776758409785926,success,
427,row,logistic_regression,0.11983468074883193,success,
427,row,doubly_robust,0.11423520202667388,success,
427,apk_cluster,psm,0.11960372260582408,success,
427,apk_cluster,logistic_regression,0.13245246638457625,success,
427,apk_cluster,doubly_robust,0.12142889887152294,success,
428,row,psm,0.09296636085626911,success,
428,row,logistic_regression,0.12327969750210598,success,
428,row,doubly_robust,0.10865193661392741,success,
428,apk_cluster,psm,0.11083913889411913,success,
428,apk_cluster,logistic_regression,0.0852665203008584,success,
428,apk_cluster,doubly_robust,0.058199140523946494,success,
429,row,psm,0.10972477064220183,success,
429,row,logistic_regression,0.13583121702756493,success,
429,row,doubly_robust,0.1258906524542599,success,
429,apk_cluster,psm,0.13948263298518337,success,
429,apk_cluster,logistic_regression,0.16322347880339352,success,
429,apk_cluster,doubly_robust,0.1541490740322293,success,
430,row,psm,0.07822629969418961,success,
430,row,logistic_regression,0.0995292711573663,success,
430,row,doubly_robust,0.09114639467132828,success,
430,apk_cluster,psm,0.12257071387338851,success,
430,apk_cluster,logistic_regression,0.10057563675723784,success,
430,apk_cluster,doubly_robust,0.10683990255427404,success,
431,row,psm,0.07596330275229357,success,
431,row,logistic_regression,0.12661183948892324,success,
431,row,doubly_robust,0.11912480373704423,success,
431,apk_cluster,psm,0.03221552373775433,success,
431,apk_cluster,logistic_regression,0.06828861299548607,success,
431,apk_cluster,doubly_robust,0.054724631812895136,success,
432,row,psm,0.13051987767584097,success,
432,row,logistic_regression,0.11731436822156238,success,
432,row,doubly_robust,0.11308607875815871,success,
432,apk_cluster,psm,0.13339951603896508,success,
432,apk_cluster,logistic_regression,0.18861363940584588,success,
432,apk_cluster,doubly_robust,0.17565729305661468,success,
433,row,psm,0.06073394495412844,success,
433,row,logistic_regression,0.10589679629539424,success,
433,row,doubly_robust,0.09664319674989096,success,
433,apk_cluster,psm,0.09350266887539113,success,
433,apk_cluster,logistic_regression,0.08515269026874762,success,
433,apk_cluster,doubly_robust,0.09024047076388221,success,
434,row,psm,0.06042813455657492,success,
434,row,logistic_regression,0.10898018601875951,success,
434,row,doubly_robust,0.10756305148014234,success,
434,apk_cluster,psm,0.10941398405647174,success,
434,apk_cluster,logistic_regression,0.15853855293108848,success,
434,apk_cluster,doubly_robust,0.15787478773118604,success,
435,row,psm,0.09363914373088685,success,
435,row,logistic_regression,0.1365001096542218,success,
435,row,doubly_robust,0.1303031420515347,success,
435,apk_cluster,psm,0.0961963190184049,success,
435,apk_cluster,logistic_regression,0.1710384441814301,success,
435,apk_cluster,doubly_robust,0.1262247454829239,success,
436,row,psm,0.10464831804281345,success,
436,row,logistic_regression,0.1315797043625751,success,
436,row,doubly_robust,0.12159976670563631,success,
436,apk_cluster,psm,0.09618797038487426,success,
436,apk_cluster,logistic_regression,0.06654473406847453,success,
436,apk_cluster,doubly_robust,0.0652847248146234,success,
437,row,psm,0.08287461773700305,success,
437,row,logistic_regression,0.11881771096168774,success,
437,row,doubly_robust,0.11443852482843317,success,
437,apk_cluster,psm,0.19001807474782811,success,
437,apk_cluster,logistic_regression,0.14075371762893024,success,
437,apk_cluster,doubly_robust,0.1517704740647862,success,
438,row,psm,0.057737003058103975,success,
438,row,logistic_regression,0.12817845366181072,success,
438,row,doubly_robust,0.11781441216894929,success,
438,apk_cluster,psm,0.033136742263026694,success,
438,apk_cluster,logistic_regression,0.044191783863435107,success,
438,apk_cluster,doubly_robust,0.025752963517565123,success,
439,row,psm,0.06819571865443425,success,
439,row,logistic_regression,0.1246963169363564,success,
439,row,doubly_robust,0.12218603335957082,success,
439,apk_cluster,psm,0.09790471439261661,success,
439,apk_cluster,logistic_regression,0.16495552783131046,success,
439,apk_cluster,doubly_robust,0.15492557418899502,success,
440,row,psm,0.05400611620795107,success,
440,row,logistic_regression,0.12368238598494456,success,
440,row,doubly_robust,0.11804122340312415,success,
440,apk_cluster,psm,0.10905336516745176,success,
440,apk_cluster,logistic_regression,0.08601057816553116,success,
440,apk_cluster,doubly_robust,0.10900549195973043,success,
441,row,psm,0.11467889908256883,success,
441,row,logistic_regression,0.14996528527487235,success,
441,row,doubly_robust,0.14123373728553001,success,
441,apk_cluster,psm,0.1411453744493392,success,
441,apk_cluster,logistic_regression,0.15246668077376963,success,
441,apk_cluster,doubly_robust,0.15797047576172152,success,
442,row,psm,0.07003058103975535,success,
442,row,logistic_regression,0.12151508911209197,success,
442,row,doubly_robust,0.10629132621796739,success,
442,apk_cluster,psm,0.10550377011221279,success,
442,apk_cluster,logistic_regression,0.1042589474550456,success,
442,apk_cluster,doubly_robust,0.10333562494105929,success,
443,row,psm,0.1017737003058104,success,
443,row,logistic_regression,0.1283220109223914,success,
443,row,doubly_robust,0.1292676728147586,success,
443,apk_cluster,psm,0.10377177867126172,success,
443,apk_cluster,logistic_regression,0.075914489664519,success,
443,apk_cluster,doubly_robust,0.08589040477893509,success,
444,row,psm,0.08048929663608563,success,
444,row,logistic_regression,0.1208787717209826,success,
444,row,doubly_robust,0.11969199621403315,success,
444,apk_cluster,psm,0.12487731655216211,success,
444,apk_cluster,logistic_regression,0.16997623626049654,success,
444,apk_cluster,doubly_robust,0.15275927527132185,success,
445,row,psm,0.15859327217125382,success,
445,row,logistic_regression,0.14041542901540746,success,
445,row,doubly_robust,0.13288496128755023,success,
445,apk_cluster,psm,0.1214184761660028,success,
445,apk_cluster,logistic_regression,0.12559762610057865,success,
445,apk_cluster,doubly_robust,0.12664086554241658,success,
446,row,psm,0.011620795107033639,success,
446,row,logistic_regression,0.10616221614804446,success,
446,row,doubly_robust,0.0977241903546182,success,
446,apk_cluster,psm,0.03353301211095195,success,
446,apk_cluster,logistic_regression,0.13798594999212666,success,
446,apk_cluster,doubly_robust,0.14504695226262723,success,
447,row,psm,0.06862385321100918,success,
447,row,logistic_regression,0.13513464340468104,success,
447,row,doubly_robust,0.12370953543091008,success,
447,apk_cluster,psm,0.1279483228635771,success,
447,apk_cluster,logistic_regression,0.1909134467480643,success,
447,apk_cluster,doubly_robust,0.17940299879594493,success,
448,row,psm,0.06984709480122324,success,
448,row,logistic_regression,0.12710378367451367,success,
448,row,doubly_robust,0.11764278026040241,success,
448,apk_cluster,psm,0.09430540442509974,success,
448,apk_cluster,logistic_regression,0.16716880485710853,success,
448,apk_cluster,doubly_robust,0.13120642817569925,success,
449,row,psm,0.09045871559633027,success,
449,row,logistic_regression,0.11446832021095286,success,
449,row,doubly_robust,0.11142039158318462,success,
449,apk_cluster,psm,0.09454279978098193,success,
449,apk_cluster,logistic_regression,0.11544155882416193,success,
449,apk_cluster,doubly_robust,0.10625782141416543,success,
450,row,psm,0.07522935779816514,success,
450,row,logistic_regression,0.14039490191735196,success,
450,row,doubly_robust,0.1380936694963938,success,
450,apk_cluster,psm,0.12083333333333333,success,
450,apk_cluster,logistic_regression,0.10182433231758936,success,
450,apk_cluster,doubly_robust,0.11445957783037465,success,
451,row,psm,0.08256880733944955,success,
451,row,logistic_regression,0.10707831433546419,success,
451,row,doubly_robust,0.10081332040365248,success,
451,apk_cluster,psm,0.14220012430080795,success,
451,apk_cluster,logistic_regression,0.1393856195372184,success,
451,apk_cluster,doubly_robust,0.1359607977256834,success,
452,row,psm,0.07584097859327217,success,
452,row,logistic_regression,0.12511785124061958,success,
452,row,doubly_robust,0.11116838403333645,success,
452,apk_cluster,psm,0.11904761904761904,success,
452,apk_cluster,logistic_regression,0.12405192878823694,success,
452,apk_cluster,doubly_robust,0.12182242089941661,success,
453,row,psm,0.07743119266055046,success,
453,row,logistic_regression,0.11484328967123322,success,
453,row,doubly_robust,0.11492880434687289,success,
453,apk_cluster,psm,0.010362694300518135,success,
453,apk_cluster,logistic_regression,0.10730469621811681,success,
453,apk_cluster,doubly_robust,0.08780189554443396,success,
454,row,psm,0.10470948012232416,success,
454,row,logistic_regression,0.10771219371577663,success,
454,row,doubly_robust,0.10028677001958716,success,
454,apk_cluster,psm,0.09644670050761421,success,
454,apk_cluster,logistic_regression,0.13471592777142238,success,
454,apk_cluster,doubly_robust,0.1291291140636449,success,
455,row,psm,0.08623853211009175,success,
455,row,logistic_regression,0.0989192922842835,success,
455,row,doubly_robust,0.09650782220974052,success,
455,apk_cluster,psm,0.06594766619519095,success,
455,apk_cluster,logistic_regression,0.13462133113077915,success,
455,apk_cluster,doubly_robust,0.1152357230485737,success,
456,row,psm,0.0927217125382263,success,
456,row,logistic_regression,0.11245224334456908,success,
456,row,doubly_robust,0.10672764743234489,success,
456,apk_cluster,psm,0.08937625280037731,success,
456,apk_cluster,logistic_regression,0.14288088662837173,success,
456,apk_cluster,doubly_robust,0.12936057480913338,success,
457,row,psm,0.0926605504587156,success,
457,row,logistic_regression,0.12450821470161068,success,
457,row,doubly_robust,0.11803873868788511,success,
457,apk_cluster,psm,0.12257742880289149,success,
457,apk_cluster,logistic_regression,0.06644412775183055,success,
457,apk_cluster,doubly_robust,0.04871180951820347,success,
458,row,psm,0.036024464831804284,success,
458,row,logistic_regression,0.12253751840715743,success,
458,row,doubly_robust,0.11782898330045073,success,
458,apk_cluster,psm,0.06854086329145416,success,
458,apk_cluster,logistic_regression,-0.008653580650168996,success,
458,apk_cluster,doubly_robust,-0.007624626443521703,success,
459,row,psm,0.08232415902140673,success,
459,row,logistic_regression,0.09944756112755296,success,
459,row,doubly_robust,0.09261441606585961,success,
459,apk_cluster,psm,0.11204548146393462,success,
459,apk_cluster,logistic_regression,0.12617593027486074,success,
459,apk_cluster,doubly_robust,0.11420818396450437,success,
460,row,psm,0.11064220183486238,success,
460,row,logistic_regression,0.11072586979117971,success,
460,row,doubly_robust,0.10552466866767062,success,
460,apk_cluster,psm,0.07778200735947215,success,
460,apk_cluster,logistic_regression,0.06107589396070431,success,
460,apk_cluster,doubly_robust,0.07441761035679839,success,
461,row,psm,0.07327217125382263,success,
461,row,logistic_regression,0.14111936506203346,success,
461,row,doubly_robust,0.13526299872304218,success,
461,apk_cluster,psm,0.10734180384302434,success,
461,apk_cluster,logistic_regression,0.08820730782686698,success,
461,apk_cluster,doubly_robust,0.08949935762007585,success,
462,row,psm,0.094434250764526,success,
462,row,logistic_regression,0.14720391114181497,success,
462,row,doubly_robust,0.1401543816137768,success,
462,apk_cluster,psm,0.11273810262455793,success,
462,apk_cluster,logistic_regression,0.08258155995949765,success,
462,apk_cluster,doubly_robust,0.0865592877552629,success,
463,row,psm,0.09840978593272172,success,
463,row,logistic_regression,0.11979473620937699,success,
463,row,doubly_robust,0.11197941539948919,success,
463,apk_cluster,psm,0.08041223996437433,success,
463,apk_cluster,logistic_regression,0.08999056021353853,success,
463,apk_cluster,doubly_robust,0.0866739033442394,success,
464,row,psm,0.07590214067278288,success,
464,row,logistic_regression,0.12496884240437317,success,
464,row,doubly_robust,0.11687256256097746,success,
464,apk_cluster,psm,0.12812793979303858,success,
464,apk_cluster,logistic_regression,0.15382240099468797,success,
464,apk_cluster,doubly_robust,0.15896211845597075,success,
465,row,psm,0.11584097859327216,success,
465,row,logistic_regression,0.13368366271209906,success,
465,row,doubly_robust,0.1324831299460282,success,
465,apk_cluster,psm,0.0974075486084636,success,
465,apk_cluster,logistic_regression,0.066709367629372,success,
465,apk_cluster,doubly_robust,0.0632664426435977,success,
466,row,psm,0.11853211009174312,success,
466,row,logistic_regression,0.12388206012720633,success,
466,row,doubly_robust,0.12126317124992649,success,
466,apk_cluster,psm,0.09874168910379691,success,
466,apk_cluster,logistic_regression,0.16115498497265962,success,
466,apk_cluster,doubly_robust,0.13797221977091415,success,
467,row,psm,0.07045871559633028,success,
467,row,logistic_regression,0.12064739038347162,success,
467,row,doubly_robust,0.11880047067669883,success,
467,apk_cluster,psm,0.10833282010223563,success,
467,apk_cluster,logistic_regression,0.1252703656625737,success,
467,apk_cluster,doubly_robust,0.10614452930968238,success,
468,row,psm,0.06636085626911314,success,
468,row,logistic_regression,0.1258224133743725,success,
468,row,doubly_robust,0.11746807761656188,success,
468,apk_cluster,psm,0.06648599819331527,success,
468,apk_cluster,logistic_regression,0.10415632919276739,success,
468,apk_cluster,doubly_robust,0.10626398497998013,success,
469,row,psm,0.08342507645259939,success,
469,row,logistic_regression,0.13110806851035048,success,
469,row,doubly_robust,0.12232922638760997,success,
469,apk_cluster,psm,0.08614675470287779,success,
469,apk_cluster,logistic_regression,0.04314428163336902,success,
469,apk_cluster,doubly_robust,0.0645401825321467,success,
470,row,psm,0.07107033639143731,success,
470,row,logistic_regression,0.12628083870502996,success,
470,row,doubly_robust,0.1206085382896172,success,
470,apk_cluster,psm,0.11027583415254727,success,
470,apk_cluster,logistic_regression,0.16728778823591292,success,
470,apk_cluster,doubly_robust,0.14279083561010544,success,
471,row,psm,0.09969418960244648,success,
471,row,logistic_regression,0.11951061131914378,success,
471,row,doubly_robust,0.12228126876163566,success,
471,apk_cluster,psm,0.055809997382884065,success,
471,apk_cluster,logistic_regression,0.06016056041651038,success,
471,apk_cluster,doubly_robust,0.06758260635910746,success,
472,row,psm,0.11767584097859327,success,
472,row,logistic_regression,0.1269415920037213,success,
472,row,doubly_robust,0.12056398467577073,success,
472,apk_cluster,psm,0.06074680682026523,success,
472,apk_cluster,logistic_regression,0.039404496154366114,success,
472,apk_cluster,doubly_robust,0.04005274641872042,success,
473,row,psm,0.10311926605504587,success,
473,row,logistic_regression,0.1209119934435089,success,
473,row,doubly_robust,0.11317669665872393,success,
473,apk_cluster,psm,0.12330694810905893,success,
473,apk_cluster,logistic_regression,0.16940709137873713,success,
473,apk_cluster,doubly_robust,0.17662861335150395,success,
474,row,psm,0.08110091743119266,success,
474,row,logistic_regression,0.11856917474954712,success,
474,row,doubly_robust,0.11271471102541325,success,
474,apk_cluster,psm,0.08873194221508829,success,
474,apk_cluster,logistic_regression,0.05262749751503369,success,
474,apk_cluster,doubly_robust,0.0676975270129466,success,
475,row,psm,0.08666666666666667,success,
475,row,logistic_regression,0.12688784981255505,success,
475,row,doubly_robust,0.11826646142346997,success,
475,apk_cluster,psm,0.04277695716395864,success,
475,apk_cluster,logistic_regression,0.061601625810611925,success,
475,apk_cluster,doubly_robust,0.05954521779602352,success,
476,row,psm,0.05669724770642202,success,
476,row,logistic_regression,0.11682288388015502,success,
476,row,doubly_robust,0.10333206397462653,success,
476,apk_cluster,psm,0.10004901360127436,success,
476,apk_cluster,logistic_regression,0.10886626653483751,success,
476,apk_cluster,doubly_robust,0.1304589942051523,success,
477,row,psm,0.12061162079510704,success,
477,row,logistic_regression,0.12883092803663362,success,
477,row,doubly_robust,0.11699788392848638,success,
477,apk_cluster,psm,0.022674797229293706,success,
477,apk_cluster,logistic_regression,0.03261380167926174,success,
477,apk_cluster,doubly_robust,0.028382784116257467,success,
478,row,psm,0.07211009174311926,success,
478,row,logistic_regression,0.13672001941784093,success,
478,row,doubly_robust,0.12839627957642027,success,
478,apk_cluster,psm,0.16841129647802858,success,
478,apk_cluster,logistic_regression,0.16508337327141956,success,
478,apk_cluster,doubly_robust,0.13389277045980366,success,
479,row,psm,0.09388379204892966,success,
479,row,logistic_regression,0.12418324865209536,success,
479,row,doubly_robust,0.11165998627054749,success,
479,apk_cluster,psm,0.18106443943181125,success,
479,apk_cluster,logistic_regression,0.11678563511986073,success,
479,apk_cluster,doubly_robust,0.09519631425818738,success,
480,row,psm,0.08978593272171254,success,
480,row,logistic_regression,0.12492961261193097,success,
480,row,doubly_robust,0.11402567328844627,success,
480,apk_cluster,psm,0.1164890735055084,success,
480,apk_cluster,logistic_regression,0.12450070069361546,success,
480,apk_cluster,doubly_robust,0.12179849605149165,success,
481,row,psm,0.04996941896024465,success,
481,row,logistic_regression,0.12075241834859184,success,
481,row,doubly_robust,0.11584930024481552,success,
481,apk_cluster,psm,0.09382618062248427,success,
481,apk_cluster,logistic_regression,0.13650622469321771,success,
481,apk_cluster,doubly_robust,0.11985353518518732,success,
482,row,psm,0.06672782874617737,success,
482,row,logistic_regression,0.1271579770277672,success,
482,row,doubly_robust,0.11580520701296257,success,
482,apk_cluster,psm,0.1008739742477817,success,
482,apk_cluster,logistic_regression,0.08284763494881665,success,
482,apk_cluster,doubly_robust,0.08938445449396115,success,
483,row,psm,0.13571865443425077,success,
483,row,logistic_regression,0.14807116815483412,success,
483,row,doubly_robust,0.14827387872635825,success,
483,apk_cluster,psm,0.125129265770424,success,
483,apk_cluster,logistic_regression,0.21795751292338056,success,
483,apk_cluster,doubly_robust,0.158808806826491,success,
484,row,psm,0.08666666666666667,success,
484,row,logistic_regression,0.12037209366528515,success,
484,row,doubly_robust,0.10610907950312388,success,
484,apk_cluster,psm,0.12361865517887245,success,
484,apk_cluster,logistic_regression,0.0550591269191366,success,
484,apk_cluster,doubly_robust,0.064048598634243,success,
485,row,psm,0.07412844036697248,success,
485,row,logistic_regression,0.10307744047367168,success,
485,row,doubly_robust,0.09840009388930022,success,
485,apk_cluster,psm,0.16738302836792338,success,
485,apk_cluster,logistic_regression,0.11227883161812033,success,
485,apk_cluster,doubly_robust,0.1216934634430751,success,
486,row,psm,0.08538226299694189,success,
486,row,logistic_regression,0.1390537671138731,success,
486,row,doubly_robust,0.1359951597635303,success,
486,apk_cluster,psm,0.11047467816026768,success,
486,apk_cluster,logistic_regression,0.10830475436702339,success,
486,apk_cluster,doubly_robust,0.115064209188621,success,
487,row,psm,0.0908256880733945,success,
487,row,logistic_regression,0.11674365356670854,success,
487,row,doubly_robust,0.10890174747974042,success,
487,apk_cluster,psm,0.12595322826639552,success,
487,apk_cluster,logistic_regression,0.08012077303680143,success,
487,apk_cluster,doubly_robust,0.09292713452690016,success,
488,row,psm,0.04434250764525994,success,
488,row,logistic_regression,0.10743990785118487,success,
488,row,doubly_robust,0.10014095755819273,success,
488,apk_cluster,psm,0.12028928188033222,success,
488,apk_cluster,logistic_regression,0.16110365348054115,success,
488,apk_cluster,doubly_robust,0.1475502296643833,success,
489,row,psm,0.056330275229357796,success,
489,row,logistic_regression,0.1364735848184662,success,
489,row,doubly_robust,0.13104274779547617,success,
489,apk_cluster,psm,0.18390872199023703,success,
489,apk_cluster,logistic_regression,0.21249064588777355,success,
489,apk_cluster,doubly_robust,0.18557655174741602,success,
490,row,psm,0.10385321100917431,success,
490,row,logistic_regression,0.14514180005537142,success,
490,row,doubly_robust,0.14182593378588224,success,
490,apk_cluster,psm,0.061718098415346125,success,
490,apk_cluster,logistic_regression,0.01744330210092323,success,
490,apk_cluster,doubly_robust,0.03175314523259341,success,
491,row,psm,0.05492354740061163,success,
491,row,logistic_regression,0.10368522926923572,success,
491,row,doubly_robust,0.097213448230696,success,
491,apk_cluster,psm,0.07715754243366005,success,
491,apk_cluster,logistic_regression,0.09033073226518512,success,
491,apk_cluster,doubly_robust,0.08938348056823034,success,
492,row,psm,0.11963302752293578,success,
492,row,logistic_regression,0.1166124149713211,success,
492,row,doubly_robust,0.11069077978723721,success,
492,apk_cluster,psm,0.10870370370370369,success,
492,apk_cluster,logistic_regression,0.14909773773184212,success,
492,apk_cluster,doubly_robust,0.1514737196610758,success,
493,row,psm,0.08660550458715596,success,
493,row,logistic_regression,0.11517494835693198,success,
493,row,doubly_robust,0.10984521053119599,success,
493,apk_cluster,psm,0.13892489045238537,success,
493,apk_cluster,logistic_regression,0.20207154559418983,success,
493,apk_cluster,doubly_robust,0.1827592800640366,success,
494,row,psm,0.026483180428134558,success,
494,row,logistic_regression,0.1270813823135489,success,
494,row,doubly_robust,0.11669355196661868,success,
494,apk_cluster,psm,0.1299406276505513,success,
494,apk_cluster,logistic_regression,0.17778895308413947,success,
494,apk_cluster,doubly_robust,0.15446429407139914,success,
495,row,psm,0.05620795107033639,success,
495,row,logistic_regression,0.12574714546602184,success,
495,row,doubly_robust,0.11912487138916107,success,
495,apk_cluster,psm,0.10319362570447625,success,
495,apk_cluster,logistic_regression,0.04366157521537208,success,
495,apk_cluster,doubly_robust,0.05045811111934236,success,
496,row,psm,0.08293577981651376,success,
496,row,logistic_regression,0.11705156710596312,success,
496,row,doubly_robust,0.11343868978138034,success,
496,apk_cluster,psm,0.1622477009435089,success,
496,apk_cluster,logistic_regression,0.11877957196543515,success,
496,apk_cluster,doubly_robust,0.10616277892102283,success,
497,row,psm,0.034678899082568805,success,
497,row,logistic_regression,0.12046974520406557,success,
497,row,doubly_robust,0.11434708658542994,success,
497,apk_cluster,psm,0.03119337302614548,success,
497,apk_cluster,logistic_regression,-0.003878278445582047,success,
497,apk_cluster,doubly_robust,0.0038749544326286806,success,
498,row,psm,0.07871559633027522,success,
498,row,logistic_regression,0.11449542294796891,success,
498,row,doubly_robust,0.10135842918978474,success,
498,apk_cluster,psm,0.12461689346573496,success,
498,apk_cluster,logistic_regression,0.09119786817624172,success,
498,apk_cluster,doubly_robust,0.09984833102579749,success,
499,row,psm,0.09302752293577982,success,
499,row,logistic_regression,0.13110254822445694,success,
499,row,doubly_robust,0.12722002871522198,success,
499,apk_cluster,psm,0.11049583094647063,success,
499,apk_cluster,logistic_regression,0.08507637741488827,success,
499,apk_cluster,doubly_robust,0.09013263976216586,success,
500,row,psm,0.016269113149847095,success,
500,row,logistic_regression,0.0996402375540259,success,
500,row,doubly_robust,0.08785973395588068,success,
500,apk_cluster,psm,0.15648131155563713,success,
500,apk_cluster,logistic_regression,0.07946200359642283,success,
500,apk_cluster,doubly_robust,0.08101926394683845,success,
501,row,psm,0.11186544342507646,success,
501,row,logistic_regression,0.13384169044209424,success,
501,row,doubly_robust,0.1281466525409962,success,
501,apk_cluster,psm,0.1257440973847903,success,
501,apk_cluster,logistic_regression,0.005351361233184199,success,
501,apk_cluster,doubly_robust,0.011057020007818077,success,
502,row,psm,0.05761467889908257,success,
502,row,logistic_regression,0.1164489210977722,success,
502,row,doubly_robust,0.11391946091257535,success,
502,apk_cluster,psm,0.11206004140786749,success,
502,apk_cluster,logistic_regression,0.02531743505873387,success,
502,apk_cluster,doubly_robust,0.03757347512474776,success,
503,row,psm,0.08256880733944955,success,
503,row,logistic_regression,0.11484888710880284,success,
503,row,doubly_robust,0.1088725303671381,success,
503,apk_cluster,psm,0.13109265340287168,success,
503,apk_cluster,logistic_regression,0.13239624233179373,success,
503,apk_cluster,doubly_robust,0.13548093693613494,success,
504,row,psm,0.09663608562691131,success,
504,row,logistic_regression,0.12928191798628322,success,
504,row,doubly_robust,0.12182375095328835,success,
504,apk_cluster,psm,0.10548860585984352,success,
504,apk_cluster,logistic_regression,0.15066086597563091,success,
504,apk_cluster,doubly_robust,0.1495066340241479,success,
505,row,psm,0.05339449541284404,success,
505,row,logistic_regression,0.11138740643920873,success,
505,row,doubly_robust,0.10588891858397496,success,
505,apk_cluster,psm,0.0930163623428978,success,
505,apk_cluster,logistic_regression,0.05273157858874399,success,
505,apk_cluster,doubly_robust,0.0675777272980617,success,
506,row,psm,0.08428134556574923,success,
506,row,logistic_regression,0.11978833439723413,success,
506,row,doubly_robust,0.11634511646362067,success,
506,apk_cluster,psm,0.11527161342751764,success,
506,apk_cluster,logistic_regression,0.06516471570942986,success,
506,apk_cluster,doubly_robust,0.06769755202910883,success,
507,row,psm,0.09559633027522936,success,
507,row,logistic_regression,0.12596877513603114,success,
507,row,doubly_robust,0.11985957889413472,success,
507,apk_cluster,psm,0.1213146724790639,success,
507,apk_cluster,logistic_regression,0.16828509749432422,success,
507,apk_cluster,doubly_robust,0.1673107000444276,success,
508,row,psm,0.07559633027522936,success,
508,row,logistic_regression,0.11269489917592986,success,
508,row,doubly_robust,0.10245616924275355,success,
508,apk_cluster,psm,0.0456652042266576,success,
508,apk_cluster,logistic_regression,0.13856225519309487,success,
508,apk_cluster,doubly_robust,0.12382228065969697,success,
509,row,psm,0.09749235474006117,success,
509,row,logistic_regression,0.13604234053892134,success,
509,row,doubly_robust,0.13025759630906078,success,
509,apk_cluster,psm,0.057321037616930935,success,
509,apk_cluster,logistic_regression,0.1171037628779989,success,
509,apk_cluster,doubly_robust,0.10461681741820722,success,
510,row,psm,0.03577981651376147,success,
510,row,logistic_regression,0.12339283910637776,success,
510,row,doubly_robust,0.11073775386475584,success,
510,apk_cluster,psm,0.12790005948839978,success,
510,apk_cluster,logistic_regression,0.1472532654148783,success,
510,apk_cluster,doubly_robust,0.1340580747523833,success,
511,row,psm,0.04709480122324159,success,
511,row,logistic_regression,0.12644768010597793,success,
511,row,doubly_robust,0.12693282841317458,success,
511,apk_cluster,psm,0.12190823840392724,success,
511,apk_cluster,logistic_regression,0.15754143700364404,success,
511,apk_cluster,doubly_robust,0.15378336020692696,success,
512,row,psm,0.07914373088685016,success,
512,row,logistic_regression,0.1128219519048498,success,
512,row,doubly_robust,0.10274635927760423,success,
512,apk_cluster,psm,0.1101716304896517,success,
512,apk_cluster,logistic_regression,0.04876941848158813,success,
512,apk_cluster,doubly_robust,0.061026429070347374,success,
513,row,psm,0.07847094801223242,success,
513,row,logistic_regression,0.11168979785003148,success,
513,row,doubly_robust,0.10467581639203336,success,
513,apk_cluster,psm,0.18286019717306093,success,
513,apk_cluster,logistic_regression,0.0926282080406882,success,
513,apk_cluster,doubly_robust,0.08564436226313421,success,
514,row,psm,0.06636085626911314,success,
514,row,logistic_regression,0.12266628429161694,success,
514,row,doubly_robust,0.11284651703149491,success,
514,apk_cluster,psm,0.1739620514747323,success,
514,apk_cluster,logistic_regression,0.20087375970233723,success,
514,apk_cluster,doubly_robust,0.16366089133086867,success,
515,row,psm,0.10948012232415902,success,
515,row,logistic_regression,0.14127384520854078,success,
515,row,doubly_robust,0.13852051122954367,success,
515,apk_cluster,psm,0.1015331049587241,success,
515,apk_cluster,logistic_regression,0.09874192660863247,success,
515,apk_cluster,doubly_robust,0.09128000643265217,success,
516,row,psm,0.06024464831804281,success,
516,row,logistic_regression,0.11124346164680798,success,
516,row,doubly_robust,0.09746090023815966,success,
516,apk_cluster,psm,-0.020352175577389307,success,
516,apk_cluster,logistic_regression,0.07092467011821747,success,
516,apk_cluster,doubly_robust,0.04774442013356566,success,
517,row,psm,0.07137614678899083,success,
517,row,logistic_regression,0.11905679080162575,success,
517,row,doubly_robust,0.1205693310011615,success,
517,apk_cluster,psm,0.11299791679818193,success,
517,apk_cluster,logistic_regression,0.11190876640440418,success,
517,apk_cluster,doubly_robust,0.09893440569852587,success,
518,row,psm,0.10422018348623853,success,
518,row,logistic_regression,0.12019511069143553,success,
518,row,doubly_robust,0.11184632171512991,success,
518,apk_cluster,psm,0.11883311883311884,success,
518,apk_cluster,logistic_regression,0.03713774118805807,success,
518,apk_cluster,doubly_robust,0.03987644376008233,success,
519,row,psm,0.07865443425076453,success,
519,row,logistic_regression,0.13047732986388139,success,
519,row,doubly_robust,0.12131235585281952,success,
519,apk_cluster,psm,0.1401098901098901,success,
519,apk_cluster,logistic_regression,0.23235934514767814,success,
519,apk_cluster,doubly_robust,0.2123740839572659,success,
520,row,psm,0.048318042813455656,success,
520,row,logistic_regression,0.13322397966068975,success,
520,row,doubly_robust,0.13233035557700965,success,
520,apk_cluster,psm,0.08176337603617181,success,
520,apk_cluster,logistic_regression,0.1536444009480697,success,
520,apk_cluster,doubly_robust,0.14201527199243041,success,
521,row,psm,0.08807339449541285,success,
521,row,logistic_regression,0.12785433766450988,success,
521,row,doubly_robust,0.12214972548564447,success,
521,apk_cluster,psm,0.06211373993382858,success,
521,apk_cluster,logistic_regression,0.15500837313371763,success,
521,apk_cluster,doubly_robust,0.14714134152785227,success,
522,row,psm,0.12048929663608562,success,
522,row,logistic_regression,0.12649334933252138,success,
522,row,doubly_robust,0.12542943943603957,success,
522,apk_cluster,psm,0.07383292383292384,success,
522,apk_cluster,logistic_regression,0.07940616945934326,success,
522,apk_cluster,doubly_robust,0.09072163625252642,success,
523,row,psm,0.07302752293577981,success,
523,row,logistic_regression,0.1278143185879194,success,
523,row,doubly_robust,0.10783590825430658,success,
523,apk_cluster,psm,0.07820690486232451,success,
523,apk_cluster,logistic_regression,-0.0005119124019213448,success,
523,apk_cluster,doubly_robust,-3.281566402214772e-05,success,
524,row,psm,0.06599388379204893,success,
524,row,logistic_regression,0.11389578083361539,success,
524,row,doubly_robust,0.11008522778490056,success,
524,apk_cluster,psm,0.0803030303030303,success,
524,apk_cluster,logistic_regression,0.07025276621237059,success,
524,apk_cluster,doubly_robust,0.07272165553246002,success,
525,row,psm,0.06629969418960245,success,
525,row,logistic_regression,0.11850408904739784,success,
525,row,doubly_robust,0.11584430626307371,success,
525,apk_cluster,psm,0.17231348391512663,success,
525,apk_cluster,logistic_regression,0.2764561162693203,success,
525,apk_cluster,doubly_robust,0.24235429701747105,success,
526,row,psm,0.05779816513761468,success,
526,row,logistic_regression,0.1272051641388647,success,
526,row,doubly_robust,0.11667274781416857,success,
526,apk_cluster,psm,0.051801673592531454,success,
526,apk_cluster,logistic_regression,0.13946746223548095,success,
526,apk_cluster,doubly_robust,0.13006703186699983,success,
527,row,psm,0.07859327217125382,success,
527,row,logistic_regression,0.1268338083071072,success,
527,row,doubly_robust,0.12571421052474768,success,
527,apk_cluster,psm,0.11300181728068726,success,
527,apk_cluster,logistic_regression,0.1608583391463844,success,
527,apk_cluster,doubly_robust,0.12546970314515282,success,
528,row,psm,0.13327217125382262,success,
528,row,logistic_regression,0.13325596822142877,success,
528,row,doubly_robust,0.12459895544757355,success,
528,apk_cluster,psm,0.1150452957546332,success,
528,apk_cluster,logistic_regression,0.16809639941175872,success,
528,apk_cluster,doubly_robust,0.17046917254547345,success,
529,row,psm,0.12397553516819573,success,
529,row,logistic_regression,0.12772192644890065,success,
529,row,doubly_robust,0.12401863677538809,success,
529,apk_cluster,psm,0.1030397708780837,success,
529,apk_cluster,logistic_regression,0.0865255173562501,success,
529,apk_cluster,doubly_robust,0.06791387770033072,success,
530,row,psm,0.06165137614678899,success,
530,row,logistic_regression,0.10869590571334063,success,
530,row,doubly_robust,0.09324399937319022,success,
530,apk_cluster,psm,0.020680055677072977,success,
530,apk_cluster,logistic_regression,0.02524347867128864,success,
530,apk_cluster,doubly_robust,0.04118446078955977,success,
531,row,psm,0.07951070336391437,success,
531,row,logistic_regression,0.12494749345529088,success,
531,row,doubly_robust,0.11249919244411315,success,
531,apk_cluster,psm,0.05915705915705915,success,
531,apk_cluster,logistic_regression,0.06751299793388267,success,
531,apk_cluster,doubly_robust,0.0844748524837375,success,
532,row,psm,0.07443425076452599,success,
532,row,logistic_regression,0.11402981879075152,success,
532,row,doubly_robust,0.10043651079630302,success,
532,apk_cluster,psm,0.0545195464964996,success,
532,apk_cluster,logistic_regression,0.109450403853405,success,
532,apk_cluster,doubly_robust,0.09541725748766924,success,
533,row,psm,0.04348623853211009,success,
533,row,logistic_regression,0.09382877233517511,success,
533,row,doubly_robust,0.08696533504050488,success,
533,apk_cluster,psm,0.06872830937035201,success,
533,apk_cluster,logistic_regression,0.13602873665216464,success,
533,apk_cluster,doubly_robust,0.14109402899347576,success,
534,row,psm,0.09253822629969419,success,
534,row,logistic_regression,0.09664957455614342,success,
534,row,doubly_robust,0.08754721423341963,success,
534,apk_cluster,psm,0.20086558044806518,success,
534,apk_cluster,logistic_regression,0.08431514097729219,success,
534,apk_cluster,doubly_robust,0.0893302832408409,success,
535,row,psm,0.07584097859327217,success,
535,row,logistic_regression,0.11832810711600195,success,
535,row,doubly_robust,0.11170748114680179,success,
535,apk_cluster,psm,0.10300194457948468,success,
535,apk_cluster,logistic_regression,0.19107231400507335,success,
535,apk_cluster,doubly_robust,0.18115640093572022,success,
536,row,psm,0.07792048929663609,success,
536,row,logistic_regression,0.1032632767894896,success,
536,row,doubly_robust,0.09784267182199162,success,
536,apk_cluster,psm,0.06508500380614057,success,
536,apk_cluster,logistic_regression,0.03238065912962063,success,
536,apk_cluster,doubly_robust,0.03557518550873224,success,
537,row,psm,0.09045871559633027,success,
537,row,logistic_regression,0.11717761062568584,success,
537,row,doubly_robust,0.10547788718318092,success,
537,apk_cluster,psm,0.1397783628237311,success,
537,apk_cluster,logistic_regression,0.07208128693559952,success,
537,apk_cluster,doubly_robust,0.07024573138288508,success,
538,row,psm,0.025382262996941896,success,
538,row,logistic_regression,0.11947221245781192,success,
538,row,doubly_robust,0.107540078918515,success,
538,apk_cluster,psm,0.16589166012440365,success,
538,apk_cluster,logistic_regression,0.14490420897393952,success,
538,apk_cluster,doubly_robust,0.13714495625755577,success,
539,row,psm,0.06960244648318042,success,
539,row,logistic_regression,0.11838113369319997,success,
539,row,doubly_robust,0.12073926445336011,success,
539,apk_cluster,psm,0.14554109806410664,success,
539,apk_cluster,logistic_regression,0.13318841073001603,success,
539,apk_cluster,doubly_robust,0.11580796407950965,success,
540,row,psm,0.05406727828746177,success,
540,row,logistic_regression,0.1324998112398863,success,
540,row,doubly_robust,0.1267411807248801,success,
540,apk_cluster,psm,0.10258262597074227,success,
540,apk_cluster,logistic_regression,0.1010635321627404,success,
540,apk_cluster,doubly_robust,0.10191977325293372,success,
541,row,psm,0.08238532110091742,success,
541,row,logistic_regression,0.1348255970858697,success,
541,row,doubly_robust,0.12533264093541482,success,
541,apk_cluster,psm,0.10566738928460824,success,
541,apk_cluster,logistic_regression,0.06079807306903148,success,
541,apk_cluster,doubly_robust,0.07725343441838553,success,
542,row,psm,0.11963302752293578,success,
542,row,logistic_regression,0.13222233127664443,success,
542,row,doubly_robust,0.13145980571298552,success,
542,apk_cluster,psm,0.11408070568099532,success,
542,apk_cluster,logistic_regression,0.12082817381112285,success,
542,apk_cluster,doubly_robust,0.12580332324290536,success,
543,row,psm,0.08042813455657492,success,
543,row,logistic_regression,0.12690147113408015,success,
543,row,doubly_robust,0.1273832134606589,success,
543,apk_cluster,psm,0.09463939450803778,success,
543,apk_cluster,logistic_regression,0.12094515252056807,success,
543,apk_cluster,doubly_robust,0.12327412437939515,success,
544,row,psm,0.059571865443425076,success,
544,row,logistic_regression,0.13590388118844696,success,
544,row,doubly_robust,0.12459870296882081,success,
544,apk_cluster,psm,0.1128419452887538,success,
544,apk_cluster,logistic_regression,0.1111715119430924,success,
544,apk_cluster,doubly_robust,0.12717235163779547,success,
545,row,psm,0.0889908256880734,success,
545,row,logistic_regression,0.11507296239844089,success,
545,row,doubly_robust,0.1124091211100053,success,
545,apk_cluster,psm,0.16678008042066192,success,
545,apk_cluster,logistic_regression,0.15815277147041798,success,
545,apk_cluster,doubly_robust,0.14757051018698528,success,
546,row,psm,0.03302752293577982,success,
546,row,logistic_regression,0.10423800405036986,success,
546,row,doubly_robust,0.10197019581612428,success,
546,apk_cluster,psm,0.04618069539535508,success,
546,apk_cluster,logistic_regression,0.053694706719512646,success,
546,apk_cluster,doubly_robust,0.06370075572690266,success,
547,row,psm,0.0708868501529052,success,
547,row,logistic_regression,0.118041262019947,success,
547,row,doubly_robust,0.1098499993135168,success,
547,apk_cluster,psm,0.13165007986239097,success,
547,apk_cluster,logistic_regression,0.09586527466821586,success,
547,apk_cluster,doubly_robust,0.11083871839650232,success,
548,row,psm,0.06831804281345566,success,
548,row,logistic_regression,0.11948606046979325,success,
548,row,doubly_robust,0.11681979148348373,success,
548,apk_cluster,psm,0.02977999270694056,success,
548,apk_cluster,logistic_regression,0.03378913152918195,success,
548,apk_cluster,doubly_robust,0.04199307781806434,success,
549,row,psm,0.04892966360856269,success,
549,row,logistic_regression,0.12880979334205195,success,
549,row,doubly_robust,0.12507295933944948,success,
549,apk_cluster,psm,0.07894907979449828,success,
549,apk_cluster,logistic_regression,0.10963909403829408,success,
549,apk_cluster,doubly_robust,0.09066800852077433,success,
550,row,psm,0.05712538226299694,success,
550,row,logistic_regression,0.11252724460968043,success,
550,row,doubly_robust,0.11006703395489481,success,
550,apk_cluster,psm,0.08816791529936227,success,
550,apk_cluster,logistic_regression,0.07797192674164274,success,
550,apk_cluster,doubly_robust,0.0846592490672039,success,
551,row,psm,0.03761467889908257,success,
551,row,logistic_regression,0.11375090740308433,success,
551,row,doubly_robust,0.1069799808520909,success,
551,apk_cluster,psm,0.0825042772954819,success,
551,apk_cluster,logistic_regression,0.09708918828958246,success,
551,apk_cluster,doubly_robust,0.10159166012639938,success,
552,row,psm,0.05235474006116208,success,
552,row,logistic_regression,0.11582441277206476,success,
552,row,doubly_robust,0.11271326978174753,success,
552,apk_cluster,psm,0.11451032969711743,success,
552,apk_cluster,logistic_regression,0.15081196494847027,success,
552,apk_cluster,doubly_robust,0.1394529417566412,success,
553,row,psm,0.04801223241590214,success,
553,row,logistic_regression,0.12352735932748514,success,
553,row,doubly_robust,0.11992088543056058,success,
553,apk_cluster,psm,0.14221584886838332,success,
553,apk_cluster,logistic_regression,0.09814185909674082,success,
553,apk_cluster,doubly_robust,0.11008157080559315,success,
554,row,psm,0.08886850152905199,success,
554,row,logistic_regression,0.12891750631974577,success,
554,row,doubly_robust,0.12019538727645009,success,
554,apk_cluster,psm,0.09806680533463845,success,
554,apk_cluster,logistic_regression,0.1914595432876498,success,
554,apk_cluster,doubly_robust,0.17386214368455663,success,
555,row,psm,0.08629969418960244,success,
555,row,logistic_regression,0.1197998363243397,success,
555,row,doubly_robust,0.12171575458312547,success,
555,apk_cluster,psm,0.08362302047122441,success,
555,apk_cluster,logistic_regression,0.0600926582228211,success,
555,apk_cluster,doubly_robust,0.06569198198166046,success,
556,row,psm,0.06379204892966361,success,
556,row,logistic_regression,0.11500476648116889,success,
556,row,doubly_robust,0.1100470937423617,success,
556,apk_cluster,psm,0.14659627674353987,success,
556,apk_cluster,logistic_regression,0.13471806422698776,success,
556,apk_cluster,doubly_robust,0.09383002748244419,success,
557,row,psm,0.09865443425076452,success,
557,row,logistic_regression,0.11282085938943562,success,
557,row,doubly_robust,0.10670880033926235,success,
557,apk_cluster,psm,0.16369773110819427,success,
557,apk_cluster,logistic_regression,0.09676793459396814,success,
557,apk_cluster,doubly_robust,0.08289025403773291,success,
558,row,psm,0.0727217125382263,success,
558,row,logistic_regression,0.13013328067262767,success,
558,row,doubly_robust,0.12646334809996387,success,
558,apk_cluster,psm,0.054878048780487805,success,
558,apk_cluster,logistic_regression,0.07096754177923001,success,
558,apk_cluster,doubly_robust,0.09073585251107012,success,
559,row,psm,0.08085626911314985,success,
559,row,logistic_regression,0.11685232768928941,success,
559,row,doubly_robust,0.10510789909942042,success,
559,apk_cluster,psm,0.13901719271234284,success,
559,apk_cluster,logistic_regression,0.126322540563878,success,
559,apk_cluster,doubly_robust,0.11339973095152307,success,
560,row,psm,0.07003058103975535,success,
560,row,logistic_regression,0.11665933381107084,success,
560,row,doubly_robust,0.11113883469249042,success,
560,apk_cluster,psm,0.1377456647398844,success,
560,apk_cluster,logistic_regression,0.14240015181555102,success,
560,apk_cluster,doubly_robust,0.1264194835234023,success,
561,row,psm,0.040856269113149844,success,
561,row,logistic_regression,0.1258671300756261,success,
561,row,doubly_robust,0.11441083347085693,success,
561,apk_cluster,psm,0.07113953791933168,success,
561,apk_cluster,logistic_regression,0.08694221282994838,success,
561,apk_cluster,doubly_robust,0.0879697721614394,success,
562,row,psm,0.09418960244648318,success,
562,row,logistic_regression,0.13568663056100944,success,
562,row,doubly_robust,0.12819308083207237,success,
562,apk_cluster,psm,0.0928656159972886,success,
562,apk_cluster,logistic_regression,0.21214897220840465,success,
562,apk_cluster,doubly_robust,0.19786738310246407,success,
563,row,psm,0.03590214067278288,success,
563,row,logistic_regression,0.13037117348664343,success,
563,row,doubly_robust,0.11870290411566274,success,
563,apk_cluster,psm,0.06601636249213341,success,
563,apk_cluster,logistic_regression,0.09540116019479046,success,
563,apk_cluster,doubly_robust,0.08446105726185664,success,
564,row,psm,0.044954128440366975,success,
564,row,logistic_regression,0.12693289552922357,success,
564,row,doubly_robust,0.11530393828969424,success,
564,apk_cluster,psm,0.1579748067912128,success,
564,apk_cluster,logistic_regression,0.12213098053308102,success,
564,apk_cluster,doubly_robust,0.11885719249633839,success,
565,row,psm,0.09015290519877676,success,
565,row,logistic_regression,0.13630587339328276,success,
565,row,doubly_robust,0.13201816401435995,success,
565,apk_cluster,psm,0.123065675642744,success,
565,apk_cluster,logistic_regression,0.14071257050925692,success,
565,apk_cluster,doubly_robust,0.12324269359685008,success,
566,row,psm,0.10941896024464831,success,
566,row,logistic_regression,0.11754543359790713,success,
566,row,doubly_robust,0.10560785014774904,success,
566,apk_cluster,psm,0.05774179376137576,success,
566,apk_cluster,logistic_regression,0.009410382573980322,success,
566,apk_cluster,doubly_robust,0.02443286772664072,success,
567,row,psm,0.05626911314984709,success,
567,row,logistic_regression,0.12997058563388372,success,
567,row,doubly_robust,0.12444657138125202,success,
567,apk_cluster,psm,0.04571788413098237,success,
567,apk_cluster,logistic_regression,0.06142638251585444,success,
567,apk_cluster,doubly_robust,0.07031726760046539,success,
568,row,psm,0.11168195718654433,success,
568,row,logistic_regression,0.10521549534653052,success,
568,row,doubly_robust,0.09930998010971269,success,
568,apk_cluster,psm,0.06350196494292308,success,
568,apk_cluster,logistic_regression,0.015830003079330083,success,
568,apk_cluster,doubly_robust,0.012298763430284217,success,
569,row,psm,0.0836085626911315,success,
569,row,logistic_regression,0.1346612918408094,success,
569,row,doubly_robust,0.12805198942499868,success,
569,apk_cluster,psm,0.11095612477808775,success,
569,apk_cluster,logistic_regression,0.06643910047471933,success,
569,apk_cluster,doubly_robust,0.09233462235921283,success,
570,row,psm,0.05608562691131499,success,
570,row,logistic_regression,0.11757229204616158,success,
570,row,doubly_robust,0.11112560531758227,success,
570,apk_cluster,psm,0.05339105339105339,success,
570,apk_cluster,logistic_regression,0.09952794983965901,success,
570,apk_cluster,doubly_robust,0.09657988126882959,success,
571,row,psm,0.08948012232415903,success,
571,row,logistic_regression,0.11424632692551144,success,
571,row,doubly_robust,0.0996538036943562,success,
571,apk_cluster,psm,0.1956975640620057,success,
571,apk_cluster,logistic_regression,0.08973937725669641,success,
571,apk_cluster,doubly_robust,0.10829823805112684,success,
572,row,psm,0.06299694189602446,success,
572,row,logistic_regression,0.10180862452232248,success,
572,row,doubly_robust,0.09135758584709996,success,
572,apk_cluster,psm,0.04489105935386927,success,
572,apk_cluster,logistic_regression,-0.009551413148335368,success,
572,apk_cluster,doubly_robust,0.008655627816856389,success,
573,row,psm,0.09223241590214067,success,
573,row,logistic_regression,0.10140839703774247,success,
573,row,doubly_robust,0.09873148285431146,success,
573,apk_cluster,psm,0.10526631477927062,success,
573,apk_cluster,logistic_regression,0.08402170844298149,success,
573,apk_cluster,doubly_robust,0.07624886958095599,success,
574,row,psm,0.13853211009174313,success,
574,row,logistic_regression,0.13490483273947274,success,
574,row,doubly_robust,0.13212390427876625,success,
574,apk_cluster,psm,0.10140128894932891,success,
574,apk_cluster,logistic_regression,0.11750094008129264,success,
574,apk_cluster,doubly_robust,0.10710581347694069,success,
575,row,psm,0.10550458715596331,success,
575,row,logistic_regression,0.14356379818246442,success,
575,row,doubly_robust,0.1389466656988566,success,
575,apk_cluster,psm,0.10294031339867363,success,
575,apk_cluster,logistic_regression,0.20772952078025458,success,
575,apk_cluster,doubly_robust,0.17460334281737072,success,
576,row,psm,0.11253822629969419,success,
576,row,logistic_regression,0.14043449666190533,success,
576,row,doubly_robust,0.13807838948034784,success,
576,apk_cluster,psm,0.06627292508548337,success,
576,apk_cluster,logistic_regression,0.09416989053411497,success,
576,apk_cluster,doubly_robust,0.0940630868703435,success,
577,row,psm,0.04715596330275229,success,
577,row,logistic_regression,0.10735790296561845,success,
577,row,doubly_robust,0.1017168288385602,success,
577,apk_cluster,psm,0.1411875,success,
577,apk_cluster,logistic_regression,0.13265420748814188,success,
577,apk_cluster,doubly_robust,0.10745181311502283,success,
578,row,psm,0.053577981651376144,success,
578,row,logistic_regression,0.11404063073298619,success,
578,row,doubly_robust,0.11435061203560141,success,
578,apk_cluster,psm,0.07597807597807597,success,
578,apk_cluster,logistic_regression,0.18854220282548453,success,
578,apk_cluster,doubly_robust,0.16814053770906312,success,
579,row,psm,0.09865443425076452,success,
579,row,logistic_regression,0.1320102983131445,success,
579,row,doubly_robust,0.13422826178106714,success,
579,apk_cluster,psm,0.05966302024393311,success,
579,apk_cluster,logistic_regression,0.04693673182020202,success,
579,apk_cluster,doubly_robust,0.06139026828447886,success,
580,row,psm,0.09113149847094801,success,
580,row,logistic_regression,0.13726631884509252,success,
580,row,doubly_robust,0.13382785709828138,success,
580,apk_cluster,psm,0.11044243105614708,success,
580,apk_cluster,logistic_regression,0.15865271669919018,success,
580,apk_cluster,doubly_robust,0.12948772550697715,success,
581,row,psm,0.09394495412844037,success,
581,row,logistic_regression,0.1264150925472651,success,
581,row,doubly_robust,0.11224690717364919,success,
581,apk_cluster,psm,0.03569682151589242,success,
581,apk_cluster,logistic_regression,0.10863818924062968,success,
581,apk_cluster,doubly_robust,0.09266976872293235,success,
582,row,psm,0.09577981651376147,success,
582,row,logistic_regression,0.13335766841020066,success,
582,row,doubly_robust,0.12476357739727276,success,
582,apk_cluster,psm,0.092775529635801,success,
582,apk_cluster,logistic_regression,0.08603859003254016,success,
582,apk_cluster,doubly_robust,0.09719169178151998,success,
583,row,psm,0.07363914373088686,success,
583,row,logistic_regression,0.1038675982857781,success,
583,row,doubly_robust,0.1013762561681365,success,
583,apk_cluster,psm,0.08282011803951758,success,
583,apk_cluster,logistic_regression,0.0013351372456720828,success,
583,apk_cluster,doubly_robust,0.004197141952445192,success,
584,row,psm,0.08666666666666667,success,
584,row,logistic_regression,0.10569067962553003,success,
584,row,doubly_robust,0.09911452346283509,success,
584,apk_cluster,psm,0.08849006044743565,success,
584,apk_cluster,logistic_regression,0.11129491232581902,success,
584,apk_cluster,doubly_robust,0.10760383545765871,success,
585,row,psm,0.0817737003058104,success,
585,row,logistic_regression,0.11441095969228661,success,
585,row,doubly_robust,0.10597191285152462,success,
585,apk_cluster,psm,0.1218980253463012,success,
585,apk_cluster,logistic_regression,0.12196766121029994,success,
585,apk_cluster,doubly_robust,0.1241776206900896,success,
586,row,psm,0.008868501529051987,success,
586,row,logistic_regression,0.12163011039613839,success,
586,row,doubly_robust,0.1109451413552353,success,
586,apk_cluster,psm,0.1105890644270864,success,
586,apk_cluster,logistic_regression,0.1146635666559801,success,
586,apk_cluster,doubly_robust,0.11322392483092962,success,
587,row,psm,0.05902140672782875,success,
587,row,logistic_regression,0.12415392922998848,success,
587,row,doubly_robust,0.11296760172752436,success,
587,apk_cluster,psm,0.08431349015842535,success,
587,apk_cluster,logistic_regression,0.07008589681205586,success,
587,apk_cluster,doubly_robust,0.07786289705462035,success,
588,row,psm,0.05669724770642202,success,
588,row,logistic_regression,0.11881710417279197,success,
588,row,doubly_robust,0.11098010021705236,success,
588,apk_cluster,psm,0.1154960843559228,success,
588,apk_cluster,logistic_regression,0.1644863623468308,success,
588,apk_cluster,doubly_robust,0.15473298213450803,success,
589,row,psm,0.0927217125382263,success,
589,row,logistic_regression,0.11650384164293817,success,
589,row,doubly_robust,0.10716677878397704,success,
589,apk_cluster,psm,0.1473951715374841,success,
589,apk_cluster,logistic_regression,0.12964918704936493,success,
589,apk_cluster,doubly_robust,0.13488362747419214,success,
590,row,psm,0.059082568807339454,success,
590,row,logistic_regression,0.10415653067070921,success,
590,row,doubly_robust,0.09213845904010083,success,
590,apk_cluster,psm,0.12209466719448057,success,
590,apk_cluster,logistic_regression,0.139979197561875,success,
590,apk_cluster,doubly_robust,0.14318541020384265,success,
591,row,psm,0.11363914373088685,success,
591,row,logistic_regression,0.13660213737138105,success,
591,row,doubly_robust,0.13279905240896092,success,
591,apk_cluster,psm,0.13544668587896252,success,
591,apk_cluster,logistic_regression,0.15910393774137138,success,
591,apk_cluster,doubly_robust,0.14524987837375752,success,
592,row,psm,0.017798165137614678,success,
592,row,logistic_regression,0.11433851951169388,success,
592,row,doubly_robust,0.10905748715227788,success,
592,apk_cluster,psm,0.097281383112002,success,
592,apk_cluster,logistic_regression,0.04397009498002541,success,
592,apk_cluster,doubly_robust,0.06435058363209155,success,
593,row,psm,0.06654434250764527,success,
593,row,logistic_regression,0.10218372911938635,success,
593,row,doubly_robust,0.09739696408134,success,
593,apk_cluster,psm,0.10540461583406369,success,
593,apk_cluster,logistic_regression,0.14642423735314075,success,
593,apk_cluster,doubly_robust,0.09000384678826649,success,
594,row,psm,0.0690519877675841,success,
594,row,logistic_regression,0.12074765070883689,success,
594,row,doubly_robust,0.11501447532393717,success,
594,apk_cluster,psm,0.1410941475826972,success,
594,apk_cluster,logistic_regression,0.13654428119929646,success,
594,apk_cluster,doubly_robust,0.13533473388152906,success,
595,row,psm,0.06061162079510704,success,
595,row,logistic_regression,0.11975633715352922,success,
595,row,doubly_robust,0.1139635528022822,success,
595,apk_cluster,psm,0.06516699041293314,success,
595,apk_cluster,logistic_regression,0.09968421171930524,success,
595,apk_cluster,doubly_robust,0.09399846730443343,success,
596,row,psm,0.0763914373088685,success,
596,row,logistic_regression,0.14764385582179826,success,
596,row,doubly_robust,0.1421370574290923,success,
596,apk_cluster,psm,0.07234497505345688,success,
596,apk_cluster,logistic_regression,0.12410717055183344,success,
596,apk_cluster,doubly_robust,0.11552236476060099,success,
597,row,psm,0.07724770642201835,success,
597,row,logistic_regression,0.10983637165877493,success,
597,row,doubly_robust,0.10512296080153548,success,
597,apk_cluster,psm,0.12352335372872114,success,
597,apk_cluster,logistic_regression,0.11876762051412589,success,
597,apk_cluster,doubly_robust,0.11525423132861522,success,
598,row,psm,0.04220183486238532,success,
598,row,logistic_regression,0.10188277589449059,success,
598,row,doubly_robust,0.09751573439467048,success,
598,apk_cluster,psm,0.12565736558807153,success,
598,apk_cluster,logistic_regression,0.07972026137793234,success,
598,apk_cluster,doubly_robust,0.08908316135414522,success,
599,row,psm,0.0637308868501529,success,
599,row,logistic_regression,0.11893195344718933,success,
599,row,doubly_robust,0.10837904881306862,success,
599,apk_cluster,psm,0.032376925400181215,success,
599,apk_cluster,logistic_regression,0.026769836111692587,success,
599,apk_cluster,doubly_robust,0.0369476090345117,success,
600,row,psm,0.055902140672782874,success,
600,row,logistic_regression,0.1249123888929164,success,
600,row,doubly_robust,0.11610291612562432,success,
600,apk_cluster,psm,-0.002522977112993332,success,
600,apk_cluster,logistic_regression,-0.03162275242660906,success,
600,apk_cluster,doubly_robust,-0.023249534002636622,success,
601,row,psm,0.10122324159021406,success,
601,row,logistic_regression,0.1364315228347505,success,
601,row,doubly_robust,0.12950084557310032,success,
601,apk_cluster,psm,0.11303549571603427,success,
601,apk_cluster,logistic_regression,0.07018361605971882,success,
601,apk_cluster,doubly_robust,0.07545958347917042,success,
602,row,psm,0.054801223241590216,success,
602,row,logistic_regression,0.12231364506483315,success,
602,row,doubly_robust,0.1154088611722261,success,
602,apk_cluster,psm,0.09848713157736122,success,
602,apk_cluster,logistic_regression,0.09831159004594618,success,
602,apk_cluster,doubly_robust,0.08572290225869371,success,
603,row,psm,0.12012232415902141,success,
603,row,logistic_regression,0.10972921708141749,success,
603,row,doubly_robust,0.10468485124155338,success,
603,apk_cluster,psm,0.10604870384917518,success,
603,apk_cluster,logistic_regression,0.14192655116085742,success,
603,apk_cluster,doubly_robust,0.12422047448130542,success,
604,row,psm,0.05437308868501529,success,
604,row,logistic_regression,0.1101377026386248,success,
604,row,doubly_robust,0.1021095163436235,success,
604,apk_cluster,psm,0.027817319098457888,success,
604,apk_cluster,logistic_regression,0.12248819494784215,success,
604,apk_cluster,doubly_robust,0.1272188366983587,success,
605,row,psm,0.08318042813455657,success,
605,row,logistic_regression,0.11546306393112123,success,
605,row,doubly_robust,0.10833051493350221,success,
605,apk_cluster,psm,0.18427299703264094,success,
605,apk_cluster,logistic_regression,0.20589289084947893,success,
605,apk_cluster,doubly_robust,0.178945956547331,success,
606,row,psm,0.07186544342507645,success,
606,row,logistic_regression,0.12973960576018137,success,
606,row,doubly_robust,0.12409598770105179,success,
606,apk_cluster,psm,0.10274382937934338,success,
606,apk_cluster,logistic_regression,0.06322100825734372,success,
606,apk_cluster,doubly_robust,0.07357621461212062,success,
607,row,psm,0.04660550458715596,success,
607,row,logistic_regression,0.12485150883480994,success,
607,row,doubly_robust,0.11977034700954786,success,
607,apk_cluster,psm,0.1510177281680893,success,
607,apk_cluster,logistic_regression,0.2258914385842776,success,
607,apk_cluster,doubly_robust,0.19374620352505367,success,
608,row,psm,0.07370030581039755,success,
608,row,logistic_regression,0.10775494005219036,success,
608,row,doubly_robust,0.09597143850498867,success,
608,apk_cluster,psm,0.13937697301804752,success,
608,apk_cluster,logistic_regression,0.11661686354198697,success,
608,apk_cluster,doubly_robust,0.08875792076799137,success,
609,row,psm,0.05657492354740062,success,
609,row,logistic_regression,0.09740680302094963,success,
609,row,doubly_robust,0.09311414035557883,success,
609,apk_cluster,psm,0.12383512544802867,success,
609,apk_cluster,logistic_regression,0.1298195004190827,success,
609,apk_cluster,doubly_robust,0.09979830050412943,success,
610,row,psm,0.02403669724770642,success,
610,row,logistic_regression,0.10112014667869725,success,
610,row,doubly_robust,0.09318418166752647,success,
610,apk_cluster,psm,0.08853319994998124,success,
610,apk_cluster,logistic_regression,0.10141064924212832,success,
610,apk_cluster,doubly_robust,0.07601926234320013,success,
611,row,psm,0.07076452599388379,success,
611,row,logistic_regression,0.13240520918237753,success,
611,row,doubly_robust,0.12916023494854506,success,
611,apk_cluster,psm,0.0985610211331206,success,
611,apk_cluster,logistic_regression,0.177354488427194,success,
611,apk_cluster,doubly_robust,0.13420141293490725,success,
612,row,psm,0.052415902140672786,success,
612,row,logistic_regression,0.10658429102262297,success,
612,row,doubly_robust,0.0947892000608038,success,
612,apk_cluster,psm,0.0528071150639244,success,
612,apk_cluster,logistic_regression,0.005564571007139026,success,
612,apk_cluster,doubly_robust,0.014165135311133257,success,
613,row,psm,0.07877675840978593,success,
613,row,logistic_regression,0.10943567623722332,success,
613,row,doubly_robust,0.10406250210092638,success,
613,apk_cluster,psm,0.09299418786325854,success,
613,apk_cluster,logistic_regression,0.0345120149358536,success,
613,apk_cluster,doubly_robust,0.05372500731903156,success,
614,row,psm,0.1000611620795107,success,
614,row,logistic_regression,0.13321358385734133,success,
614,row,doubly_robust,0.13299862827572448,success,
614,apk_cluster,psm,0.06274821286735505,success,
614,apk_cluster,logistic_regression,0.13299388382863495,success,
614,apk_cluster,doubly_robust,0.11683141948594991,success,
615,row,psm,0.06024464831804281,success,
615,row,logistic_regression,0.12047672826303352,success,
615,row,doubly_robust,0.12153162812017212,success,
615,apk_cluster,psm,0.08175903915926436,success,
615,apk_cluster,logistic_regression,0.1308265742168642,success,
615,apk_cluster,doubly_robust,0.12189645990284564,success,
616,row,psm,0.09492354740061162,success,
616,row,logistic_regression,0.12489256757296514,success,
616,row,doubly_robust,0.12173845764217495,success,
616,apk_cluster,psm,0.13567981833664491,success,
616,apk_cluster,logistic_regression,0.15747180831575203,success,
616,apk_cluster,doubly_robust,0.13882134985575545,success,
617,row,psm,0.12678899082568806,success,
617,row,logistic_regression,0.11495137327733751,success,
617,row,doubly_robust,0.10711398777458825,success,
617,apk_cluster,psm,0.08311144922023583,success,
617,apk_cluster,logistic_regression,0.1297935499421838,success,
617,apk_cluster,doubly_robust,0.11159093288612126,success,
618,row,psm,0.05406727828746177,success,
618,row,logistic_regression,0.12873508233957093,success,
618,row,doubly_robust,0.1186015256747553,success,
618,apk_cluster,psm,0.09790832220738764,success,
618,apk_cluster,logistic_regression,0.06546621413578796,success,
618,apk_cluster,doubly_robust,0.06762879853949057,success,
619,row,psm,0.06525993883792049,success,
619,row,logistic_regression,0.11479106306885323,success,
619,row,doubly_robust,0.10893730418090075,success,
619,apk_cluster,psm,0.13283747233833293,success,
619,apk_cluster,logistic_regression,0.10240497610809217,success,
619,apk_cluster,doubly_robust,0.11686580874470366,success,
620,row,psm,0.10134556574923548,success,
620,row,logistic_regression,0.11282231002542926,success,
620,row,doubly_robust,0.10863096164437053,success,
620,apk_cluster,psm,0.09395890831033425,success,
620,apk_cluster,logistic_regression,0.14843748767270926,success,
620,apk_cluster,doubly_robust,0.12116346371520915,success,
621,row,psm,0.12128440366972476,success,
621,row,logistic_regression,0.1292614468511349,success,
621,row,doubly_robust,0.12366672227199099,success,
621,apk_cluster,psm,0.0960860810470677,success,
621,apk_cluster,logistic_regression,0.06498076127626835,success,
621,apk_cluster,doubly_robust,0.07519765250348169,success,
622,row,psm,0.07987767584097859,success,
622,row,logistic_regression,0.13641295834485714,success,
622,row,doubly_robust,0.13146712330058638,success,
622,apk_cluster,psm,0.09972677595628415,success,
622,apk_cluster,logistic_regression,0.10802083351814443,success,
622,apk_cluster,doubly_robust,0.08353064003186987,success,
623,row,psm,0.08207951070336392,success,
623,row,logistic_regression,0.11590506719777416,success,
623,row,doubly_robust,0.11196126391686217,success,
623,apk_cluster,psm,0.144944732404921,success,
623,apk_cluster,logistic_regression,0.12965984372664305,success,
623,apk_cluster,doubly_robust,0.1219547649543292,success,
624,row,psm,0.08874617737003059,success,
624,row,logistic_regression,0.12567153332715278,success,
624,row,doubly_robust,0.12398609960105836,success,
624,apk_cluster,psm,0.15522226237802675,success,
624,apk_cluster,logistic_regression,0.187040123127484,success,
624,apk_cluster,doubly_robust,0.1748165592868033,success,
625,row,psm,0.050091743119266056,success,
625,row,logistic_regression,0.11956777642581103,success,
625,row,doubly_robust,0.11174166583918965,success,
625,apk_cluster,psm,0.12349452833649202,success,
625,apk_cluster,logistic_regression,0.10946091298920833,success,
625,apk_cluster,doubly_robust,0.08049137029408077,success,
626,row,psm,0.033761467889908255,success,
626,row,logistic_regression,0.1250788194923769,success,
626,row,doubly_robust,0.11332460345659909,success,
626,apk_cluster,psm,0.09886028940965552,success,
626,apk_cluster,logistic_regression,0.10159521128008589,success,
626,apk_cluster,doubly_robust,0.12689559265031145,success,
627,row,psm,0.13382262996941896,success,
627,row,logistic_regression,0.14790463150168304,success,
627,row,doubly_robust,0.1476505687722013,success,
627,apk_cluster,psm,0.10787104269532384,success,
627,apk_cluster,logistic_regression,0.15771265685460273,success,
627,apk_cluster,doubly_robust,0.14339437769165267,success,
628,row,psm,0.06397553516819572,success,
628,row,logistic_regression,0.11185656911711228,success,
628,row,doubly_robust,0.10128452971811304,success,
628,apk_cluster,psm,0.1810183012670108,success,
628,apk_cluster,logistic_regression,0.18223351748663214,success,
628,apk_cluster,doubly_robust,0.14263847740189894,success,
629,row,psm,0.04850152905198777,success,
629,row,logistic_regression,0.12893547662789753,success,
629,row,doubly_robust,0.1222633223102345,success,
629,apk_cluster,psm,0.13400208744056594,success,
629,apk_cluster,logistic_regression,0.24648867680205877,success,
629,apk_cluster,doubly_robust,0.21258221592192203,success,
630,row,psm,0.06489296636085627,success,
630,row,logistic_regression,0.12605825836370457,success,
630,row,doubly_robust,0.119000901279155,success,
630,apk_cluster,psm,0.062452972159518436,success,
630,apk_cluster,logistic_regression,0.1573036973432938,success,
630,apk_cluster,doubly_robust,0.13633467880292915,success,
631,row,psm,0.04422018348623853,success,
631,row,logistic_regression,0.1371269069868071,success,
631,row,doubly_robust,0.12964432848602783,success,
631,apk_cluster,psm,0.08930801898576068,success,
631,apk_cluster,logistic_regression,-0.024721448482091662,success,
631,apk_cluster,doubly_robust,-0.021081267362092343,success,
632,row,psm,0.0837920489296636,success,
632,row,logistic_regression,0.13560876633145522,success,
632,row,doubly_robust,0.13133488301673857,success,
632,apk_cluster,psm,0.0927398331595412,success,
632,apk_cluster,logistic_regression,0.07254337888488248,success,
632,apk_cluster,doubly_robust,0.07929704462909958,success,
633,row,psm,0.05131498470948012,success,
633,row,logistic_regression,0.1294189047424165,success,
633,row,doubly_robust,0.12289783417105672,success,
633,apk_cluster,psm,0.07991753577492118,success,
633,apk_cluster,logistic_regression,0.17696431873764237,success,
633,apk_cluster,doubly_robust,0.15000007797934134,success,
634,row,psm,0.07522935779816514,success,
634,row,logistic_regression,0.1413987200227145,success,
634,row,doubly_robust,0.13687444261925585,success,
634,apk_cluster,psm,0.16836002525687388,success,
634,apk_cluster,logistic_regression,0.15338115931360913,success,
634,apk_cluster,doubly_robust,0.13003933970902073,success,
635,row,psm,0.07345565749235473,success,
635,row,logistic_regression,0.12304439564040545,success,
635,row,doubly_robust,0.11746719660659309,success,
635,apk_cluster,psm,0.131511839708561,success,
635,apk_cluster,logistic_regression,0.14651859480729054,success,
635,apk_cluster,doubly_robust,0.1397523819144383,success,
636,row,psm,0.112782874617737,success,
636,row,logistic_regression,0.1474195728144295,success,
636,row,doubly_robust,0.13716152924253106,success,
636,apk_cluster,psm,0.06228627259404006,success,
636,apk_cluster,logistic_regression,0.10104277669795915,success,
636,apk_cluster,doubly_robust,0.1062873495695472,success,
637,row,psm,0.08189602446483181,success,
637,row,logistic_regression,0.13478538611278582,success,
637,row,doubly_robust,0.1375761276150337,success,
637,apk_cluster,psm,0.165857750614177,success,
637,apk_cluster,logistic_regression,0.21756099809075524,success,
637,apk_cluster,doubly_robust,0.2041115327224169,success,
638,row,psm,0.01981651376146789,success,
638,row,logistic_regression,0.11113698941344283,success,
638,row,doubly_robust,0.11000130678864933,success,
638,apk_cluster,psm,0.05378533780546239,success,
638,apk_cluster,logistic_regression,0.037039197583216096,success,
638,apk_cluster,doubly_robust,0.06487952623997721,success,
639,row,psm,0.06477064220183486,success,
639,row,logistic_regression,0.10519473521298535,success,
639,row,doubly_robust,0.10048295236547262,success,
639,apk_cluster,psm,0.11174833910624042,success,
639,apk_cluster,logistic_regression,0.12644933868084474,success,
639,apk_cluster,doubly_robust,0.11774037072608864,success,
640,row,psm,0.10746177370030581,success,
640,row,logistic_regression,0.13427592108503317,success,
640,row,doubly_robust,0.12907023734120301,success,
640,apk_cluster,psm,0.16711667719882806,success,
640,apk_cluster,logistic_regression,0.09582443010911759,success,
640,apk_cluster,doubly_robust,0.11587786490560062,success,
641,row,psm,0.05963302752293578,success,
641,row,logistic_regression,0.11230546406873884,success,
641,row,doubly_robust,0.10395543312033403,success,
641,apk_cluster,psm,0.09825287636208681,success,
641,apk_cluster,logistic_regression,0.12827105676270154,success,
641,apk_cluster,doubly_robust,0.11007965274123882,success,
642,row,psm,0.05896024464831804,success,
642,row,logistic_regression,0.11753235922222884,success,
642,row,doubly_robust,0.11140154368915432,success,
642,apk_cluster,psm,0.18107404191988094,success,
642,apk_cluster,logistic_regression,0.13589466192890376,success,
642,apk_cluster,doubly_robust,0.1358597554772295,success,
643,row,psm,0.043608562691131496,success,
643,row,logistic_regression,0.12527295517495554,success,
643,row,doubly_robust,0.11971357780782174,success,
643,apk_cluster,psm,0.11331888246628131,success,
643,apk_cluster,logistic_regression,0.15046955651303545,success,
643,apk_cluster,doubly_robust,0.14191423481383658,success,
644,row,psm,0.06452599388379204,success,
644,row,logistic_regression,0.1291316938969549,success,
644,row,doubly_robust,0.12597374153156093,success,
644,apk_cluster,psm,0.085637600649148,success,
644,apk_cluster,logistic_regression,0.1484512222780905,success,
644,apk_cluster,doubly_robust,0.11503310384857621,success,
645,row,psm,0.055840978593272174,success,
645,row,logistic_regression,0.11227997899617699,success,
645,row,doubly_robust,0.10429843280629032,success,
645,apk_cluster,psm,0.05860918972332016,success,
645,apk_cluster,logistic_regression,0.10324095202576897,success,
645,apk_cluster,doubly_robust,0.07586434663596707,success,
646,row,psm,0.03681957186544343,success,
646,row,logistic_regression,0.12229822100211568,success,
646,row,doubly_robust,0.11251930112538965,success,
646,apk_cluster,psm,0.06206030150753769,success,
646,apk_cluster,logistic_regression,-0.00583846449191968,success,
646,apk_cluster,doubly_robust,0.023700814227309228,success,
647,row,psm,0.09529051987767584,success,
647,row,logistic_regression,0.1424505641678322,success,
647,row,doubly_robust,0.1337314266197239,success,
647,apk_cluster,psm,0.07607337760536524,success,
647,apk_cluster,logistic_regression,-0.002858680507878909,success,
647,apk_cluster,doubly_robust,0.005576576008872395,success,
648,row,psm,0.05926605504587156,success,
648,row,logistic_regression,0.13001885632442434,success,
648,row,doubly_robust,0.11726084903357568,success,
648,apk_cluster,psm,0.10387345122097918,success,
648,apk_cluster,logistic_regression,0.18981667878794334,success,
648,apk_cluster,doubly_robust,0.17645173716687151,success,
649,row,psm,0.1163914373088685,success,
649,row,logistic_regression,0.12253434428180175,success,
649,row,doubly_robust,0.1147570020987201,success,
649,apk_cluster,psm,0.06238438476749378,success,
649,apk_cluster,logistic_regression,0.051850626273105244,success,
649,apk_cluster,doubly_robust,0.058735834171324955,success,
650,row,psm,0.0637308868501529,success,
650,row,logistic_regression,0.13210233186360795,success,
650,row,doubly_robust,0.1274112726112354,success,
650,apk_cluster,psm,0.12117540139351711,success,
650,apk_cluster,logistic_regression,0.038942957270078835,success,
650,apk_cluster,doubly_robust,0.06221575530909299,success,
651,row,psm,0.03871559633027523,success,
651,row,logistic_regression,0.11405080056793107,success,
651,row,doubly_robust,0.10912862057067027,success,
651,apk_cluster,psm,0.11374407582938387,success,
651,apk_cluster,logistic_regression,0.0842791709366353,success,
651,apk_cluster,doubly_robust,0.09742690656933099,success,
652,row,psm,0.08232415902140673,success,
652,row,logistic_regression,0.1285135441792631,success,
652,row,doubly_robust,0.1218593902888535,success,
652,apk_cluster,psm,0.10953718402735377,success,
652,apk_cluster,logistic_regression,0.21354057053842018,success,
652,apk_cluster,doubly_robust,0.15096451277746756,success,
653,row,psm,0.09767584097859328,success,
653,row,logistic_regression,0.11742284485278548,success,
653,row,doubly_robust,0.10967690777177523,success,
653,apk_cluster,psm,0.14683901004655722,success,
653,apk_cluster,logistic_regression,0.1693641242477377,success,
653,apk_cluster,doubly_robust,0.15801059055946093,success,
654,row,psm,0.06654434250764527,success,
654,row,logistic_regression,0.11585692976397136,success,
654,row,doubly_robust,0.10615749800674339,success,
654,apk_cluster,psm,0.14493845767395128,success,
654,apk_cluster,logistic_regression,0.14322570470030946,success,
654,apk_cluster,doubly_robust,0.11652394570378562,success,
655,row,psm,0.08892966360856269,success,
655,row,logistic_regression,0.12195551236340253,success,
655,row,doubly_robust,0.10592590302950013,success,
655,apk_cluster,psm,0.14945068067828995,success,
655,apk_cluster,logistic_regression,0.14037836177972857,success,
655,apk_cluster,doubly_robust,0.12985449683857758,success,
656,row,psm,0.10599388379204892,success,
656,row,logistic_regression,0.11242334182581196,success,
656,row,doubly_robust,0.11231565059524853,success,
656,apk_cluster,psm,0.12990465183472985,success,
656,apk_cluster,logistic_regression,0.20330952731433047,success,
656,apk_cluster,doubly_robust,0.18807244072125992,success,
657,row,psm,0.0418348623853211,success,
657,row,logistic_regression,0.11884108564601152,success,
657,row,doubly_robust,0.12134237120774617,success,
657,apk_cluster,psm,0.10581952320651875,success,
657,apk_cluster,logistic_regression,0.20407758908308657,success,
657,apk_cluster,doubly_robust,0.1547806491423253,success,
658,row,psm,0.07051987767584098,success,
658,row,logistic_regression,0.1384507787475011,success,
658,row,doubly_robust,0.13655383305441238,success,
658,apk_cluster,psm,0.04397309881013968,success,
658,apk_cluster,logistic_regression,0.06777320234964232,success,
658,apk_cluster,doubly_robust,0.09058039256859622,success,
659,row,psm,0.06281345565749236,success,
659,row,logistic_regression,0.1375744672194723,success,
659,row,doubly_robust,0.13367301854438962,success,
659,apk_cluster,psm,0.15878315711370802,success,
659,apk_cluster,logistic_regression,0.16917471640878595,success,
659,apk_cluster,doubly_robust,0.12591100283371676,success,
660,row,psm,0.055840978593272174,success,
660,row,logistic_regression,0.11120498618593372,success,
660,row,doubly_robust,0.10131599322352021,success,
660,apk_cluster,psm,0.111254851228978,success,
660,apk_cluster,logistic_regression,0.1549664896490522,success,
660,apk_cluster,doubly_robust,0.1339997995139119,success,
661,row,psm,0.0944954128440367,success,
661,row,logistic_regression,0.14834994989154027,success,
661,row,doubly_robust,0.1327403022642984,success,
661,apk_cluster,psm,0.11559383499546692,success,
661,apk_cluster,logistic_regression,0.11899509121274707,success,
661,apk_cluster,doubly_robust,0.1309205652363197,success,
662,row,psm,0.0708256880733945,success,
662,row,logistic_regression,0.12707996690410625,success,
662,row,doubly_robust,0.12547637259424751,success,
662,apk_cluster,psm,0.1346103896103896,success,
662,apk_cluster,logistic_regression,0.07969871595558828,success,
662,apk_cluster,doubly_robust,0.09104336959918809,success,
663,row,psm,0.11577981651376147,success,
663,row,logistic_regression,0.13147443953396656,success,
663,row,doubly_robust,0.12617371449008885,success,
663,apk_cluster,psm,0.07448069365604142,success,
663,apk_cluster,logistic_regression,0.01823296608396355,success,
663,apk_cluster,doubly_robust,0.02971131339592864,success,
664,row,psm,0.05853211009174312,success,
664,row,logistic_regression,0.11344783784357157,success,
664,row,doubly_robust,0.10674282202376326,success,
664,apk_cluster,psm,0.08256158828158101,success,
664,apk_cluster,logistic_regression,0.13238949897432317,success,
664,apk_cluster,doubly_robust,0.10677016957656785,success,
665,row,psm,0.08299694189602447,success,
665,row,logistic_regression,0.12991535744917873,success,
665,row,doubly_robust,0.11956174065969317,success,
665,apk_cluster,psm,0.11271490890428534,success,
665,apk_cluster,logistic_regression,0.08848507258105558,success,
665,apk_cluster,doubly_robust,0.09199873705518438,success,
666,row,psm,0.1182262996941896,success,
666,row,logistic_regression,0.12723402323296443,success,
666,row,doubly_robust,0.1258510844118042,success,
666,apk_cluster,psm,0.15702961063184892,success,
666,apk_cluster,logistic_regression,0.23305785300159618,success,
666,apk_cluster,doubly_robust,0.1909105554610706,success,
667,row,psm,0.06868501529051987,success,
667,row,logistic_regression,0.13476330121254204,success,
667,row,doubly_robust,0.12758268363075198,success,
667,apk_cluster,psm,0.1149453518359327,success,
667,apk_cluster,logistic_regression,0.08649347927919941,success,
667,apk_cluster,doubly_robust,0.08312190270352168,success,
668,row,psm,0.11706422018348624,success,
668,row,logistic_regression,0.15346977998290073,success,
668,row,doubly_robust,0.15212889663495047,success,
668,apk_cluster,psm,0.0904477420183722,success,
668,apk_cluster,logistic_regression,0.08226352140947732,success,
668,apk_cluster,doubly_robust,0.09136692186971904,success,
669,row,psm,0.07859327217125382,success,
669,row,logistic_regression,0.12153936728584505,success,
669,row,doubly_robust,0.11750221553406127,success,
669,apk_cluster,psm,0.17055505704396873,success,
669,apk_cluster,logistic_regression,0.15119070700284293,success,
669,apk_cluster,doubly_robust,0.12980921670468468,success,
670,row,psm,0.08782874617737003,success,
670,row,logistic_regression,0.1353896148095389,success,
670,row,doubly_robust,0.1271570628416128,success,
670,apk_cluster,psm,0.12984311861183742,success,
670,apk_cluster,logistic_regression,0.13784930911087576,success,
670,apk_cluster,doubly_robust,0.13798698305025195,success,
671,row,psm,0.0563914373088685,success,
671,row,logistic_regression,0.12642453686811825,success,
671,row,doubly_robust,0.11712107444883704,success,
671,apk_cluster,psm,0.13358437579780444,success,
671,apk_cluster,logistic_regression,0.1811175441189874,success,
671,apk_cluster,doubly_robust,0.17224727250881774,success,
672,row,psm,0.08513761467889908,success,
672,row,logistic_regression,0.11926904678258692,success,
672,row,doubly_robust,0.11374725230469407,success,
672,apk_cluster,psm,0.08861976163014225,success,
672,apk_cluster,logistic_regression,0.12822398502703722,success,
672,apk_cluster,doubly_robust,0.11607416048662615,success,
673,row,psm,0.09192660550458716,success,
673,row,logistic_regression,0.10984399409361767,success,
673,row,doubly_robust,0.10194489667451172,success,
673,apk_cluster,psm,0.16205722070844686,success,
673,apk_cluster,logistic_regression,0.01761998864689292,success,
673,apk_cluster,doubly_robust,0.026001842472406327,success,
674,row,psm,0.054984709480122324,success,
674,row,logistic_regression,0.14189252285718915,success,
674,row,doubly_robust,0.13220259534958248,success,
674,apk_cluster,psm,0.09937342624582772,success,
674,apk_cluster,logistic_regression,0.08475430740297488,success,
674,apk_cluster,doubly_robust,0.10353647806309967,success,
675,row,psm,0.0491131498470948,success,
675,row,logistic_regression,0.1278736877067248,success,
675,row,doubly_robust,0.12167759336937298,success,
675,apk_cluster,psm,0.07962860480846093,success,
675,apk_cluster,logistic_regression,0.052657410926051806,success,
675,apk_cluster,doubly_robust,0.059228154569816276,success,
676,row,psm,0.048318042813455656,success,
676,row,logistic_regression,0.1086316678665572,success,
676,row,doubly_robust,0.1042189409279086,success,
676,apk_cluster,psm,0.13444347063978965,success,
676,apk_cluster,logistic_regression,0.1806782675742837,success,
676,apk_cluster,doubly_robust,0.16060963244943607,success,
677,row,psm,0.08948012232415903,success,
677,row,logistic_regression,0.13954347120738592,success,
677,row,doubly_robust,0.13358310752890099,success,
677,apk_cluster,psm,0.07050126217093401,success,
677,apk_cluster,logistic_regression,0.09814292383891364,success,
677,apk_cluster,doubly_robust,0.08653354029137414,success,
678,row,psm,0.11100917431192661,success,
678,row,logistic_regression,0.14406319548885005,success,
678,row,doubly_robust,0.15113987044179816,success,
678,apk_cluster,psm,0.0841728525980912,success,
678,apk_cluster,logistic_regression,0.011968656860283991,success,
678,apk_cluster,doubly_robust,0.028777361028062966,success,
679,row,psm,0.06697247706422019,success,
679,row,logistic_regression,0.12472657365315605,success,
679,row,doubly_robust,0.11579219694463577,success,
679,apk_cluster,psm,0.06019197440341288,success,
679,apk_cluster,logistic_regression,0.012719111343942073,success,
679,apk_cluster,doubly_robust,0.02613163661055151,success,
680,row,psm,0.06519877675840978,success,
680,row,logistic_regression,0.13109747597243837,success,
680,row,doubly_robust,0.11960093241833611,success,
680,apk_cluster,psm,0.1210073355282158,success,
680,apk_cluster,logistic_regression,0.15799171043379928,success,
680,apk_cluster,doubly_robust,0.1395743060091169,success,
681,row,psm,0.03217125382262997,success,
681,row,logistic_regression,0.10586506239186674,success,
681,row,doubly_robust,0.10796233066027698,success,
681,apk_cluster,psm,0.032106782106782104,success,
681,apk_cluster,logistic_regression,0.044327179301645904,success,
681,apk_cluster,doubly_robust,0.05380100002919236,success,
682,row,psm,0.07321100917431193,success,
682,row,logistic_regression,0.13185763548520008,success,
682,row,doubly_robust,0.12208666109124906,success,
682,apk_cluster,psm,0.0879442335221261,success,
682,apk_cluster,logistic_regression,0.13783984124119597,success,
682,apk_cluster,doubly_robust,0.12857194756665558,success,
683,row,psm,0.07743119266055046,success,
683,row,logistic_regression,0.12615029434789127,success,
683,row,doubly_robust,0.11585543696831,success,
683,apk_cluster,psm,0.05898821537860538,success,
683,apk_cluster,logistic_regression,0.031632771781987444,success,
683,apk_cluster,doubly_robust,0.042902585584037554,success,
684,row,psm,0.06862385321100918,success,
684,row,logistic_regression,0.11916657625894947,success,
684,row,doubly_robust,0.11648304677881895,success,
684,apk_cluster,psm,0.11309867282169649,success,
684,apk_cluster,logistic_regression,0.09285933876578767,success,
684,apk_cluster,doubly_robust,0.10955100762354703,success,
685,row,psm,0.08226299694189602,success,
685,row,logistic_regression,0.1345915496165634,success,
685,row,doubly_robust,0.12812482248503398,success,
685,apk_cluster,psm,0.11062828173094333,success,
685,apk_cluster,logistic_regression,0.11570640278481864,success,
685,apk_cluster,doubly_robust,0.10609993234613117,success,
686,row,psm,0.036513761467889906,success,
686,row,logistic_regression,0.11967762256599535,success,
686,row,doubly_robust,0.11935561145635815,success,
686,apk_cluster,psm,0.08264162375037867,success,
686,apk_cluster,logistic_regression,0.11630328316945424,success,
686,apk_cluster,doubly_robust,0.105565963255853,success,
687,row,psm,0.04287461773700306,success,
687,row,logistic_regression,0.1289642707944942,success,
687,row,doubly_robust,0.12206909450275125,success,
687,apk_cluster,psm,0.11174692985276152,success,
687,apk_cluster,logistic_regression,0.17056977827063938,success,
687,apk_cluster,doubly_robust,0.1476188194430841,success,
688,row,psm,0.06464831804281346,success,
688,row,logistic_regression,0.1074034408710186,success,
688,row,doubly_robust,0.10166261437809218,success,
688,apk_cluster,psm,0.1357250797559747,success,
688,apk_cluster,logistic_regression,0.2012151009024735,success,
688,apk_cluster,doubly_robust,0.20825349146128935,success,
689,row,psm,0.06507645259938838,success,
689,row,logistic_regression,0.09176618369300076,success,
689,row,doubly_robust,0.08157780944344145,success,
689,apk_cluster,psm,0.12306549461433701,success,
689,apk_cluster,logistic_regression,0.1828975786942317,success,
689,apk_cluster,doubly_robust,0.1400788135762113,success,
690,row,psm,0.08397553516819573,success,
690,row,logistic_regression,0.12986233725463314,success,
690,row,doubly_robust,0.1210259465195053,success,
690,apk_cluster,psm,0.026825446568473833,success,
690,apk_cluster,logistic_regression,0.03271375660592008,success,
690,apk_cluster,doubly_robust,0.038820305608953165,success,
691,row,psm,0.04960244648318043,success,
691,row,logistic_regression,0.1332464226752483,success,
691,row,doubly_robust,0.12868930138903228,success,
691,apk_cluster,psm,0.1070470457370935,success,
691,apk_cluster,logistic_regression,0.04944113577455008,success,
691,apk_cluster,doubly_robust,0.07026203787458651,success,
692,row,psm,0.07792048929663609,success,
692,row,logistic_regression,0.12358871846117099,success,
692,row,doubly_robust,0.1157609313237223,success,
692,apk_cluster,psm,0.011196398684134587,success,
692,apk_cluster,logistic_regression,0.08362376099521651,success,
692,apk_cluster,doubly_robust,0.09324124788914666,success,
693,row,psm,0.11204892966360856,success,
693,row,logistic_regression,0.13725990959067266,success,
693,row,doubly_robust,0.13216575813426096,success,
693,apk_cluster,psm,0.06865596156277658,success,
693,apk_cluster,logistic_regression,0.11710237949189914,success,
693,apk_cluster,doubly_robust,0.10289811545174216,success,
694,row,psm,0.12275229357798165,success,
694,row,logistic_regression,0.13439341125081192,success,
694,row,doubly_robust,0.12291099561469626,success,
694,apk_cluster,psm,0.05537631254766234,success,
694,apk_cluster,logistic_regression,0.16737432677864614,success,
694,apk_cluster,doubly_robust,0.171389153034424,success,
695,row,psm,0.13113149847094802,success,
695,row,logistic_regression,0.13665026652290513,success,
695,row,doubly_robust,0.1296832995569877,success,
695,apk_cluster,psm,0.12798816568047336,success,
695,apk_cluster,logistic_regression,0.20080869859468997,success,
695,apk_cluster,doubly_robust,0.1795747849229338,success,
696,row,psm,0.05926605504587157,success,
696,row,logistic_regression,0.10645954635628936,success,
696,row,doubly_robust,0.10516385330502415,success,
696,apk_cluster,psm,0.07597994805822311,success,
696,apk_cluster,logistic_regression,0.13957049639352773,success,
696,apk_cluster,doubly_robust,0.1261968677110297,success,
697,row,psm,0.11779816513761468,success,
697,row,logistic_regression,0.11225853522987653,success,
697,row,doubly_robust,0.104674370533099,success,
697,apk_cluster,psm,0.06781922960266909,success,
697,apk_cluster,logistic_regression,0.040087649765559036,success,
697,apk_cluster,doubly_robust,0.05502948939816007,success,
698,row,psm,0.12721712538226299,success,
698,row,logistic_regression,0.11533515378775168,success,
698,row,doubly_robust,0.1077236349238511,success,
698,apk_cluster,psm,0.10048,success,
698,apk_cluster,logistic_regression,0.08344249168791677,success,
698,apk_cluster,doubly_robust,0.07467043605380158,success,
699,row,psm,0.10715596330275229,success,
699,row,logistic_regression,0.12150766704938351,success,
699,row,doubly_robust,0.11632751652852559,success,
699,apk_cluster,psm,0.07471298912063473,success,
699,apk_cluster,logistic_regression,0.05860713457176256,success,
699,apk_cluster,doubly_robust,0.07096350936312257,success,
700,row,psm,0.10856269113149847,success,
700,row,logistic_regression,0.1278627606718491,success,
700,row,doubly_robust,0.11416252262265417,success,
700,apk_cluster,psm,0.15969493875664434,success,
700,apk_cluster,logistic_regression,0.1581851660188688,success,
700,apk_cluster,doubly_robust,0.14283928335329463,success,
701,row,psm,0.06207951070336391,success,
701,row,logistic_regression,0.1193083458349037,success,
701,row,doubly_robust,0.11238280080655358,success,
701,apk_cluster,psm,0.10566675331427086,success,
701,apk_cluster,logistic_regression,0.01821262220152904,success,
701,apk_cluster,doubly_robust,0.032476412507776345,success,
702,row,psm,0.15400611620795107,success,
702,row,logistic_regression,0.12920133008058787,success,
702,row,doubly_robust,0.12434197880936655,success,
702,apk_cluster,psm,0.0610774818401937,success,
702,apk_cluster,logistic_regression,0.1121228892968638,success,
702,apk_cluster,doubly_robust,0.11247753741397012,success,
703,row,psm,0.0779816513761468,success,
703,row,logistic_regression,0.12856814690019525,success,
703,row,doubly_robust,0.1203259087416043,success,
703,apk_cluster,psm,0.11905335420932193,success,
703,apk_cluster,logistic_regression,0.19813337790499952,success,
703,apk_cluster,doubly_robust,0.16434668616504924,success,
704,row,psm,0.08654434250764526,success,
704,row,logistic_regression,0.11416007874012624,success,
704,row,doubly_robust,0.10544069523257725,success,
704,apk_cluster,psm,0.05134360205374408,success,
704,apk_cluster,logistic_regression,0.07695938255000623,success,
704,apk_cluster,doubly_robust,0.07695365906919886,success,
705,row,psm,0.049663608562691135,success,
705,row,logistic_regression,0.10935658237086703,success,
705,row,doubly_robust,0.0994866471989394,success,
705,apk_cluster,psm,0.11360967590418036,success,
705,apk_cluster,logistic_regression,0.17109076114521407,success,
705,apk_cluster,doubly_robust,0.1660442531215222,success,
706,row,psm,0.08262996941896024,success,
706,row,logistic_regression,0.12304160289110004,success,
706,row,doubly_robust,0.11592879251533576,success,
706,apk_cluster,psm,0.14188903007200337,success,
706,apk_cluster,logistic_regression,0.07120618682711335,success,
706,apk_cluster,doubly_robust,0.0776733709664998,success,
707,row,psm,0.04134556574923547,success,
707,row,logistic_regression,0.1390098851851838,success,
707,row,doubly_robust,0.1336308481935366,success,
707,apk_cluster,psm,0.0789969032728156,success,
707,apk_cluster,logistic_regression,0.1213366319705268,success,
707,apk_cluster,doubly_robust,0.13038088524685815,success,
708,row,psm,0.08837920489296636,success,
708,row,logistic_regression,0.13566324450232364,success,
708,row,doubly_robust,0.12608551022968933,success,
708,apk_cluster,psm,0.1404619142793693,success,
708,apk_cluster,logistic_regression,0.2115576396454024,success,
708,apk_cluster,doubly_robust,0.19646809737922485,success,
709,row,psm,0.041223241590214066,success,
709,row,logistic_regression,0.12001185966571819,success,
709,row,doubly_robust,0.11680331434916255,success,
709,apk_cluster,psm,0.11177270079606498,success,
709,apk_cluster,logistic_regression,0.07052377084283037,success,
709,apk_cluster,doubly_robust,0.05323562368104484,success,
710,row,psm,0.0746788990825688,success,
710,row,logistic_regression,0.11144921889250967,success,
710,row,doubly_robust,0.1022127098205453,success,
710,apk_cluster,psm,0.16898521922742515,success,
710,apk_cluster,logistic_regression,0.11555122258358586,success,
710,apk_cluster,doubly_robust,0.1171388052420485,success,
711,row,psm,0.041773700305810395,success,
711,row,logistic_regression,0.1309081624856015,success,
711,row,doubly_robust,0.12289021272276116,success,
711,apk_cluster,psm,0.08544108574953732,success,
711,apk_cluster,logistic_regression,0.06527357324756748,success,
711,apk_cluster,doubly_robust,0.08929666051900752,success,
712,row,psm,0.07211009174311926,success,
712,row,logistic_regression,0.12408533869712264,success,
712,row,doubly_robust,0.12422636634569664,success,
712,apk_cluster,psm,0.0393623302499508,success,
712,apk_cluster,logistic_regression,0.0366819711944046,success,
712,apk_cluster,doubly_robust,0.03530956216034132,success,
713,row,psm,0.10960244648318043,success,
713,row,logistic_regression,0.14208639867941378,success,
713,row,doubly_robust,0.13684495514410494,success,
713,apk_cluster,psm,0.10659203980099502,success,
713,apk_cluster,logistic_regression,0.09083934081344698,success,
713,apk_cluster,doubly_robust,0.08890185834359622,success,
714,row,psm,0.06984709480122324,success,
714,row,logistic_regression,0.1320422517122496,success,
714,row,doubly_robust,0.12687560286178326,success,
714,apk_cluster,psm,0.09768299104791996,success,
714,apk_cluster,logistic_regression,0.06960783179116457,success,
714,apk_cluster,doubly_robust,0.07271286871568046,success,
715,row,psm,0.12831804281345566,success,
715,row,logistic_regression,0.11704723118501495,success,
715,row,doubly_robust,0.11769777557542647,success,
715,apk_cluster,psm,0.10737485670615209,success,
715,apk_cluster,logistic_regression,0.065997889359339,success,
715,apk_cluster,doubly_robust,0.06622286707849782,success,
716,row,psm,0.06691131498470948,success,
716,row,logistic_regression,0.13547929912435713,success,
716,row,doubly_robust,0.12609387310421263,success,
716,apk_cluster,psm,0.11867817957540738,success,
716,apk_cluster,logistic_regression,0.11003827267731804,success,
716,apk_cluster,doubly_robust,0.10589581107633986,success,
717,row,psm,0.11944954128440369,success,
717,row,logistic_regression,0.1408190394469343,success,
717,row,doubly_robust,0.13395810860267848,success,
717,apk_cluster,psm,0.15411718648049066,success,
717,apk_cluster,logistic_regression,0.10789666494737665,success,
717,apk_cluster,doubly_robust,0.1299387274480951,success,
718,row,psm,0.09406727828746177,success,
718,row,logistic_regression,0.13599744984973983,success,
718,row,doubly_robust,0.1295345717226602,success,
718,apk_cluster,psm,0.11030228254164096,success,
718,apk_cluster,logistic_regression,0.19201303586548463,success,
718,apk_cluster,doubly_robust,0.18057299701356566,success,
719,row,psm,0.06318042813455657,success,
719,row,logistic_regression,0.1349013228250339,success,
719,row,doubly_robust,0.12863146096752134,success,
719,apk_cluster,psm,0.08086553323029366,success,
719,apk_cluster,logistic_regression,0.09987257336672355,success,
719,apk_cluster,doubly_robust,0.09980763084680434,success,
720,row,psm,0.08574923547400612,success,
720,row,logistic_regression,0.10029061832816884,success,
720,row,doubly_robust,0.09205426146308289,success,
720,apk_cluster,psm,0.1938055410350235,success,
720,apk_cluster,logistic_regression,0.1727135167534191,success,
720,apk_cluster,doubly_robust,0.16420885721885511,success,
721,row,psm,0.0964525993883792,success,
721,row,logistic_regression,0.12188345622145219,success,
721,row,doubly_robust,0.11345574193424665,success,
721,apk_cluster,psm,0.051291248206599714,success,
721,apk_cluster,logistic_regression,0.07733596426101674,success,
721,apk_cluster,doubly_robust,0.08283370008273137,success,
722,row,psm,0.05559633027522936,success,
722,row,logistic_regression,0.11435687328972018,success,
722,row,doubly_robust,0.10169352480107782,success,
722,apk_cluster,psm,0.048116512013765135,success,
722,apk_cluster,logistic_regression,0.055488517377973355,success,
722,apk_cluster,doubly_robust,0.07519546964394078,success,
723,row,psm,0.09944954128440367,success,
723,row,logistic_regression,0.1407242364920446,success,
723,row,doubly_robust,0.13610322609268088,success,
723,apk_cluster,psm,0.05518560031647656,success,
723,apk_cluster,logistic_regression,0.07013440512528196,success,
723,apk_cluster,doubly_robust,0.08089642793562975,success,
724,row,psm,0.0856269113149847,success,
724,row,logistic_regression,0.11006626778498899,success,
724,row,doubly_robust,0.10130365104742882,success,
724,apk_cluster,psm,0.13382109983478876,success,
724,apk_cluster,logistic_regression,0.171448608062037,success,
724,apk_cluster,doubly_robust,0.16069397000385993,success,
725,row,psm,0.08801223241590214,success,
725,row,logistic_regression,0.11804685053153277,success,
725,row,doubly_robust,0.10854390895692374,success,
725,apk_cluster,psm,0.04522819145819908,success,
725,apk_cluster,logistic_regression,0.12820804385592005,success,
725,apk_cluster,doubly_robust,0.11909839304268957,success,
726,row,psm,0.0708868501529052,success,
726,row,logistic_regression,0.13295631596940935,success,
726,row,doubly_robust,0.12297475269962264,success,
726,apk_cluster,psm,0.10502096924510718,success,
726,apk_cluster,logistic_regression,0.1836097873502475,success,
726,apk_cluster,doubly_robust,0.156397038716011,success,
727,row,psm,0.06379204892966361,success,
727,row,logistic_regression,0.13067389803659754,success,
727,row,doubly_robust,0.12912713436341924,success,
727,apk_cluster,psm,0.038572503763171104,success,
727,apk_cluster,logistic_regression,0.03940741059521145,success,
727,apk_cluster,doubly_robust,0.04832988916440841,success,
728,row,psm,0.04152905198776759,success,
728,row,logistic_regression,0.11183057258928818,success,
728,row,doubly_robust,0.10797785410089866,success,
728,apk_cluster,psm,0.11972091874536922,success,
728,apk_cluster,logistic_regression,0.12397815219445951,success,
728,apk_cluster,doubly_robust,0.09529099308603058,success,
729,row,psm,0.07865443425076453,success,
729,row,logistic_regression,0.11989878590640975,success,
729,row,doubly_robust,0.11142678032332372,success,
729,apk_cluster,psm,0.07461928934010152,success,
729,apk_cluster,logistic_regression,0.10794935333418905,success,
729,apk_cluster,doubly_robust,0.10551267979250181,success,
730,row,psm,0.05516819571865443,success,
730,row,logistic_regression,0.122410634243732,success,
730,row,doubly_robust,0.11293754926374941,success,
730,apk_cluster,psm,0.1774782199199435,success,
730,apk_cluster,logistic_regression,0.16410439323009293,success,
730,apk_cluster,doubly_robust,0.13745501578362332,success,
731,row,psm,0.10678899082568807,success,
731,row,logistic_regression,0.11357200724794488,success,
731,row,doubly_robust,0.1131661445742936,success,
731,apk_cluster,psm,0.13999489535477283,success,
731,apk_cluster,logistic_regression,0.13110966430714222,success,
731,apk_cluster,doubly_robust,0.13099441459314884,success,
732,row,psm,0.09363914373088685,success,
732,row,logistic_regression,0.12280723540109822,success,
732,row,doubly_robust,0.11199593372011092,success,
732,apk_cluster,psm,0.12725344644750794,success,
732,apk_cluster,logistic_regression,0.11817298832834798,success,
732,apk_cluster,doubly_robust,0.10257004416988853,success,
733,row,psm,0.10752293577981652,success,
733,row,logistic_regression,0.12350398615728873,success,
733,row,doubly_robust,0.11901011853241654,success,
733,apk_cluster,psm,0.1373335765092103,success,
733,apk_cluster,logistic_regression,0.1575314942858972,success,
733,apk_cluster,doubly_robust,0.15623700983578293,success,
734,row,psm,0.08330275229357798,success,
734,row,logistic_regression,0.12707581035276078,success,
734,row,doubly_robust,0.12324402954167142,success,
734,apk_cluster,psm,0.10540573820958012,success,
734,apk_cluster,logistic_regression,0.08231659076381742,success,
734,apk_cluster,doubly_robust,0.09482645321840445,success,
735,row,psm,0.06709480122324159,success,
735,row,logistic_regression,0.10429863541745549,success,
735,row,doubly_robust,0.1011611398644755,success,
735,apk_cluster,psm,0.1457258994115149,success,
735,apk_cluster,logistic_regression,0.1256274706410749,success,
735,apk_cluster,doubly_robust,0.10571369437570854,success,
736,row,psm,0.09779816513761468,success,
736,row,logistic_regression,0.11706984055753786,success,
736,row,doubly_robust,0.11144069827641696,success,
736,apk_cluster,psm,0.029774269491760146,success,
736,apk_cluster,logistic_regression,0.10042462359497707,success,
736,apk_cluster,doubly_robust,0.0959919086158918,success,
737,row,psm,0.06960244648318042,success,
737,row,logistic_regression,0.1303083082630049,success,
737,row,doubly_robust,0.12247374924417825,success,
737,apk_cluster,psm,0.16823289741736216,success,
737,apk_cluster,logistic_regression,0.09293007207244496,success,
737,apk_cluster,doubly_robust,0.09438528140830868,success,
738,row,psm,0.1053822629969419,success,
738,row,logistic_regression,0.12978234212866152,success,
738,row,doubly_robust,0.11952220172534189,success,
738,apk_cluster,psm,0.07592730893701767,success,
738,apk_cluster,logistic_regression,0.18221296685199198,success,
738,apk_cluster,doubly_robust,0.1720509804189025,success,
739,row,psm,0.07834862385321101,success,
739,row,logistic_regression,0.11890973054299499,success,
739,row,doubly_robust,0.11198478808102427,success,
739,apk_cluster,psm,0.16238651102464333,success,
739,apk_cluster,logistic_regression,0.1673163070591845,success,
739,apk_cluster,doubly_robust,0.1412171619010206,success,
740,row,psm,0.09431192660550458,success,
740,row,logistic_regression,0.12639854148885885,success,
740,row,doubly_robust,0.12399769960989084,success,
740,apk_cluster,psm,0.12363960749330954,success,
740,apk_cluster,logistic_regression,0.13082843640369185,success,
740,apk_cluster,doubly_robust,0.15087351827949938,success,
741,row,psm,0.01712538226299694,success,
741,row,logistic_regression,0.12305914815035765,success,
741,row,doubly_robust,0.11490128672262188,success,
741,apk_cluster,psm,0.14955223880597016,success,
741,apk_cluster,logistic_regression,0.13915126143845125,success,
741,apk_cluster,doubly_robust,0.13880614798613308,success,
742,row,psm,0.04599388379204893,success,
742,row,logistic_regression,0.12963603606416899,success,
742,row,doubly_robust,0.12372218829933898,success,
742,apk_cluster,psm,0.07200156525141851,success,
742,apk_cluster,logistic_regression,0.002070856580171547,success,
742,apk_cluster,doubly_robust,0.010503948648262644,success,
743,row,psm,0.11051987767584098,success,
743,row,logistic_regression,0.11030926738829563,success,
743,row,doubly_robust,0.10333731846613256,success,
743,apk_cluster,psm,0.07329019773840478,success,
743,apk_cluster,logistic_regression,0.13065705094219235,success,
743,apk_cluster,doubly_robust,0.1235758983153483,success,
744,row,psm,0.06360856269113149,success,
744,row,logistic_regression,0.11638254578800349,success,
744,row,doubly_robust,0.10053249410000864,success,
744,apk_cluster,psm,0.12788095094065693,success,
744,apk_cluster,logistic_regression,0.11181496491857057,success,
744,apk_cluster,doubly_robust,0.10305815096862894,success,
745,row,psm,0.10966360856269113,success,
745,row,logistic_regression,0.11583442078513176,success,
745,row,doubly_robust,0.11781975695029015,success,
745,apk_cluster,psm,0.1182419777750031,success,
745,apk_cluster,logistic_regression,0.03513917246004197,success,
745,apk_cluster,doubly_robust,0.07096304234305244,success,
746,row,psm,0.07706422018348624,success,
746,row,logistic_regression,0.13922712358970488,success,
746,row,doubly_robust,0.12818038570482623,success,
746,apk_cluster,psm,0.08462781160680999,success,
746,apk_cluster,logistic_regression,0.10734470644795867,success,
746,apk_cluster,doubly_robust,0.08992871320584091,success,
747,row,psm,0.05938837920489297,success,
747,row,logistic_regression,0.11065433131321102,success,
747,row,doubly_robust,0.09921000879660133,success,
747,apk_cluster,psm,0.12804955933069356,success,
747,apk_cluster,logistic_regression,0.1366858972837914,success,
747,apk_cluster,doubly_robust,0.13044119911933677,success,
748,row,psm,0.041773700305810395,success,
748,row,logistic_regression,0.1135442835577077,success,
748,row,doubly_robust,0.10280052122489536,success,
748,apk_cluster,psm,0.09320557491289198,success,
748,apk_cluster,logistic_regression,0.10870376955373105,success,
748,apk_cluster,doubly_robust,0.1088768272591711,success,
749,row,psm,0.07376146788990826,success,
749,row,logistic_regression,0.1335522195619261,success,
749,row,doubly_robust,0.1314109659076173,success,
749,apk_cluster,psm,0.11924367185117414,success,
749,apk_cluster,logistic_regression,0.16127711215554086,success,
749,apk_cluster,doubly_robust,0.12959258754584874,success,
750,row,psm,0.04483180428134557,success,
750,row,logistic_regression,0.11004042129539905,success,
750,row,doubly_robust,0.10474263866809584,success,
750,apk_cluster,psm,0.12173049976646427,success,
750,apk_cluster,logistic_regression,0.13080823720322918,success,
750,apk_cluster,doubly_robust,0.12281448236698544,success,
751,row,psm,0.0837920489296636,success,
751,row,logistic_regression,0.1163082049435811,success,
751,row,doubly_robust,0.11368918207937684,success,
751,apk_cluster,psm,0.17231329690346084,success,
751,apk_cluster,logistic_regression,0.15847931138986096,success,
751,apk_cluster,doubly_robust,0.16062164941415624,success,
752,row,psm,0.09932721712538227,success,
752,row,logistic_regression,0.14543508478242148,success,
752,row,doubly_robust,0.1417212526076413,success,
752,apk_cluster,psm,0.11667084168336672,success,
752,apk_cluster,logistic_regression,0.06808916224241073,success,
752,apk_cluster,doubly_robust,0.058137993915171715,success,
753,row,psm,0.08697247706422018,success,
753,row,logistic_regression,0.14147581179130492,success,
753,row,doubly_robust,0.12816072546229282,success,
753,apk_cluster,psm,0.06456732905847248,success,
753,apk_cluster,logistic_regression,0.062371193081720816,success,
753,apk_cluster,doubly_robust,0.06356608723876214,success,
754,row,psm,0.067217125382263,success,
754,row,logistic_regression,0.10482041317882722,success,
754,row,doubly_robust,0.09956723490066352,success,
754,apk_cluster,psm,0.2043395464250678,success,
754,apk_cluster,logistic_regression,0.22525471588678908,success,
754,apk_cluster,doubly_robust,0.15952395464305377,success,
755,row,psm,0.10483180428134557,success,
755,row,logistic_regression,0.1353120340864402,success,
755,row,doubly_robust,0.12679945474519544,success,
755,apk_cluster,psm,0.06242289661978781,success,
755,apk_cluster,logistic_regression,0.14974666322479935,success,
755,apk_cluster,doubly_robust,0.1311119233040833,success,
756,row,psm,0.09749235474006117,success,
756,row,logistic_regression,0.14213614288819862,success,
756,row,doubly_robust,0.13806179315151257,success,
756,apk_cluster,psm,0.08090673418942546,success,
756,apk_cluster,logistic_regression,0.16979680486944057,success,
756,apk_cluster,doubly_robust,0.14232150315491418,success,
757,row,psm,0.08006116207951071,success,
757,row,logistic_regression,0.11961298962936028,success,
757,row,doubly_robust,0.11180296925272326,success,
757,apk_cluster,psm,0.08946548418024929,success,
757,apk_cluster,logistic_regression,0.1498076156757437,success,
757,apk_cluster,doubly_robust,0.12782568855593077,success,
758,row,psm,0.035107033639143734,success,
758,row,logistic_regression,0.11487760364137792,success,
758,row,doubly_robust,0.10460264708638736,success,
758,apk_cluster,psm,0.11861392210978228,success,
758,apk_cluster,logistic_regression,0.09598135893096703,success,
758,apk_cluster,doubly_robust,0.11367572817518196,success,
759,row,psm,0.10470948012232416,success,
759,row,logistic_regression,0.14505799761974722,success,
759,row,doubly_robust,0.13868210064685185,success,
759,apk_cluster,psm,0.09945512244775762,success,
759,apk_cluster,logistic_regression,0.13286346896515083,success,
759,apk_cluster,doubly_robust,0.1393011793014665,success,
760,row,psm,0.05730886850152906,success,
760,row,logistic_regression,0.11803223122207047,success,
760,row,doubly_robust,0.11416116094197844,success,
760,apk_cluster,psm,0.09218075162766712,success,
760,apk_cluster,logistic_regression,0.054945929400795505,success,
760,apk_cluster,doubly_robust,0.0672618663663748,success,
761,row,psm,0.09015290519877676,success,
761,row,logistic_regression,0.12138584039375185,success,
761,row,doubly_robust,0.10987700872131255,success,
761,apk_cluster,psm,0.10068480473810845,success,
761,apk_cluster,logistic_regression,0.03527589208311592,success,
761,apk_cluster,doubly_robust,0.04708957910527941,success,
762,row,psm,0.039755351681957186,success,
762,row,logistic_regression,0.10891434595980756,success,
762,row,doubly_robust,0.09770496845976538,success,
762,apk_cluster,psm,0.07121513944223108,success,
762,apk_cluster,logistic_regression,0.031239443049494296,success,
762,apk_cluster,doubly_robust,0.02904293766705498,success,
763,row,psm,0.04709480122324159,success,
763,row,logistic_regression,0.10582106145403981,success,
763,row,doubly_robust,0.0951259204203898,success,
763,apk_cluster,psm,0.021154514895096788,success,
763,apk_cluster,logistic_regression,0.09524631283087273,success,
763,apk_cluster,doubly_robust,0.0967609390180436,success,
764,row,psm,0.12195718654434251,success,
764,row,logistic_regression,0.11213232559422429,success,
764,row,doubly_robust,0.11108320728414506,success,
764,apk_cluster,psm,0.2260191121325753,success,
764,apk_cluster,logistic_regression,0.12883188362497464,success,
764,apk_cluster,doubly_robust,0.09987845437875217,success,
765,row,psm,0.059510703363914376,success,
765,row,logistic_regression,0.11550328552208618,success,
765,row,doubly_robust,0.10579358836387627,success,
765,apk_cluster,psm,0.11283522660733107,success,
765,apk_cluster,logistic_regression,0.10842060848244629,success,
765,apk_cluster,doubly_robust,0.08686353205281336,success,
766,row,psm,0.1362691131498471,success,
766,row,logistic_regression,0.1187172482288081,success,
766,row,doubly_robust,0.11630148225179093,success,
766,apk_cluster,psm,0.12027491408934708,success,
766,apk_cluster,logistic_regression,0.027066111981903136,success,
766,apk_cluster,doubly_robust,0.03362250484689288,success,
767,row,psm,0.11663608562691131,success,
767,row,logistic_regression,0.11120997132552297,success,
767,row,doubly_robust,0.09690750646264641,success,
767,apk_cluster,psm,0.10455031483901628,success,
767,apk_cluster,logistic_regression,0.1617498629058032,success,
767,apk_cluster,doubly_robust,0.1573532600393068,success,
768,row,psm,0.10948012232415902,success,
768,row,logistic_regression,0.14936052144834108,success,
768,row,doubly_robust,0.14317164816290304,success,
768,apk_cluster,psm,0.12120836176415856,success,
768,apk_cluster,logistic_regression,0.11200515369192432,success,
768,apk_cluster,doubly_robust,0.07143437362479507,success,
769,row,psm,0.10776758409785933,success,
769,row,logistic_regression,0.11147597828585722,success,
769,row,doubly_robust,0.10416381635137885,success,
769,apk_cluster,psm,0.051213914724000484,success,
769,apk_cluster,logistic_regression,0.19571008832101702,success,
769,apk_cluster,doubly_robust,0.188219672421508,success,
770,row,psm,0.09657492354740062,success,
770,row,logistic_regression,0.13741563987465363,success,
770,row,doubly_robust,0.1328724269744932,success,
770,apk_cluster,psm,0.12469437652811736,success,
770,apk_cluster,logistic_regression,0.1107244838022295,success,
770,apk_cluster,doubly_robust,0.12054862785171491,success,
771,row,psm,0.08018348623853211,success,
771,row,logistic_regression,0.1098771838966567,success,
771,row,doubly_robust,0.09842514139086839,success,
771,apk_cluster,psm,0.09911628202682943,success,
771,apk_cluster,logistic_regression,0.018183751158333233,success,
771,apk_cluster,doubly_robust,0.03166121536893495,success,
772,row,psm,0.06495412844036698,success,
772,row,logistic_regression,0.12802664113524084,success,
772,row,doubly_robust,0.11630872881711872,success,
772,apk_cluster,psm,0.07644821350626675,success,
772,apk_cluster,logistic_regression,0.10197102979832874,success,
772,apk_cluster,doubly_robust,0.09285606384991012,success,
773,row,psm,0.047828746177370034,success,
773,row,logistic_regression,0.13034356507710018,success,
773,row,doubly_robust,0.11985969860371948,success,
773,apk_cluster,psm,0.0902480197376964,success,
773,apk_cluster,logistic_regression,0.13021734185793787,success,
773,apk_cluster,doubly_robust,0.12880113124807172,success,
774,row,psm,0.11284403669724771,success,
774,row,logistic_regression,0.1189484286574427,success,
774,row,doubly_robust,0.11847817357163949,success,
774,apk_cluster,psm,0.14460471060799707,success,
774,apk_cluster,logistic_regression,0.11629512303691861,success,
774,apk_cluster,doubly_robust,0.12370486704637663,success,
775,row,psm,0.030030581039755356,success,
775,row,logistic_regression,0.09234526685358135,success,
775,row,doubly_robust,0.09090813808472045,success,
775,apk_cluster,psm,0.11401686423072223,success,
775,apk_cluster,logistic_regression,0.10067913064873184,success,
775,apk_cluster,doubly_robust,0.11141510356874423,success,
776,row,psm,0.0855045871559633,success,
776,row,logistic_regression,0.11356210339300538,success,
776,row,doubly_robust,0.1072705013737778,success,
776,apk_cluster,psm,0.14815480469686076,success,
776,apk_cluster,logistic_regression,0.11399617307791754,success,
776,apk_cluster,doubly_robust,0.13001075798327197,success,
777,row,psm,0.06574923547400612,success,
777,row,logistic_regression,0.11285507029651652,success,
777,row,doubly_robust,0.10923343366511522,success,
777,apk_cluster,psm,0.1207653150781113,success,
777,apk_cluster,logistic_regression,0.14635234341838288,success,
777,apk_cluster,doubly_robust,0.12953109156983378,success,
778,row,psm,0.06678899082568808,success,
778,row,logistic_regression,0.1259745907300941,success,
778,row,doubly_robust,0.11660816471611046,success,
778,apk_cluster,psm,0.17256992205410362,success,
778,apk_cluster,logistic_regression,0.17285246023340622,success,
778,apk_cluster,doubly_robust,0.15025829550469422,success,
779,row,psm,0.061529051987767584,success,
779,row,logistic_regression,0.107312787175207,success,
779,row,doubly_robust,0.09387721444354374,success,
779,apk_cluster,psm,0.11792481385071736,success,
779,apk_cluster,logistic_regression,0.13085395392195268,success,
779,apk_cluster,doubly_robust,0.11199473131568435,success,
780,row,psm,0.08935779816513761,success,
780,row,logistic_regression,0.11419350647520941,success,
780,row,doubly_robust,0.10701549652694438,success,
780,apk_cluster,psm,0.08982953457192108,success,
780,apk_cluster,logistic_regression,-0.007731599459906373,success,
780,apk_cluster,doubly_robust,0.003383777990949422,success,
781,row,psm,0.07590214067278288,success,
781,row,logistic_regression,0.12817140672993654,success,
781,row,doubly_robust,0.1184626528774213,success,
781,apk_cluster,psm,0.11697275976827314,success,
781,apk_cluster,logistic_regression,0.18273884966578863,success,
781,apk_cluster,doubly_robust,0.1570331202607678,success,
782,row,psm,0.06685015290519877,success,
782,row,logistic_regression,0.12044352701824011,success,
782,row,doubly_robust,0.11667180414652144,success,
782,apk_cluster,psm,0.13059290279920652,success,
782,apk_cluster,logistic_regression,0.20422507789432806,success,
782,apk_cluster,doubly_robust,0.1718203150514832,success,
783,row,psm,0.06954128440366973,success,
783,row,logistic_regression,0.13208948202401102,success,
783,row,doubly_robust,0.1298890122484528,success,
783,apk_cluster,psm,0.18609625668449198,success,
783,apk_cluster,logistic_regression,0.20204857533657378,success,
783,apk_cluster,doubly_robust,0.18255255413820745,success,
784,row,psm,0.06923547400611621,success,
784,row,logistic_regression,0.126656977091515,success,
784,row,doubly_robust,0.12283149452388792,success,
784,apk_cluster,psm,0.16047806915757717,success,
784,apk_cluster,logistic_regression,0.15208532098413804,success,
784,apk_cluster,doubly_robust,0.13311537665413697,success,
785,row,psm,0.08892966360856269,success,
785,row,logistic_regression,0.12790145029352476,success,
785,row,doubly_robust,0.11460618251545078,success,
785,apk_cluster,psm,0.05039117846362348,success,
785,apk_cluster,logistic_regression,0.06871798114003784,success,
785,apk_cluster,doubly_robust,0.0674338039709789,success,
786,row,psm,0.11975535168195718,success,
786,row,logistic_regression,0.1400936523327675,success,
786,row,doubly_robust,0.13462122054866868,success,
786,apk_cluster,psm,0.10663638378019057,success,
786,apk_cluster,logistic_regression,0.16130631752237704,success,
786,apk_cluster,doubly_robust,0.14394114279916256,success,
787,row,psm,0.0782874617737003,success,
787,row,logistic_regression,0.1331442192330007,success,
787,row,doubly_robust,0.12701174401691856,success,
787,apk_cluster,psm,0.07495585061155079,success,
787,apk_cluster,logistic_regression,0.12820744916483906,success,
787,apk_cluster,doubly_robust,0.13574120096188855,success,
788,row,psm,0.017003058103975534,success,
788,row,logistic_regression,0.11987750375896963,success,
788,row,doubly_robust,0.11436362008529997,success,
788,apk_cluster,psm,0.036066376829342967,success,
788,apk_cluster,logistic_regression,0.06600534733261817,success,
788,apk_cluster,doubly_robust,0.07113894883663188,success,
789,row,psm,0.07908256880733945,success,
789,row,logistic_regression,0.0912667962673745,success,
789,row,doubly_robust,0.08280878435966611,success,
789,apk_cluster,psm,0.10919376035655105,success,
789,apk_cluster,logistic_regression,0.17923033321028967,success,
789,apk_cluster,doubly_robust,0.16103878752598247,success,
790,row,psm,0.05663608562691132,success,
790,row,logistic_regression,0.11939186558165715,success,
790,row,doubly_robust,0.1126342124302457,success,
790,apk_cluster,psm,0.1041191381495564,success,
790,apk_cluster,logistic_regression,0.10587203873739227,success,
790,apk_cluster,doubly_robust,0.11694572051846874,success,
791,row,psm,0.07743119266055046,success,
791,row,logistic_regression,0.12364565665224068,success,
791,row,doubly_robust,0.12271783772280641,success,
791,apk_cluster,psm,0.17676064508643693,success,
791,apk_cluster,logistic_regression,0.12639069810638734,success,
791,apk_cluster,doubly_robust,0.1253108254470479,success,
792,row,psm,0.06844036697247706,success,
792,row,logistic_regression,0.13790310691713897,success,
792,row,doubly_robust,0.13027828720978507,success,
792,apk_cluster,psm,0.09304556354916067,success,
792,apk_cluster,logistic_regression,0.034131785900732715,success,
792,apk_cluster,doubly_robust,0.03714858834905259,success,
793,row,psm,0.05785932721712538,success,
793,row,logistic_regression,0.13928972860020708,success,
793,row,doubly_robust,0.13199480827961682,success,
793,apk_cluster,psm,0.20025448376151236,success,
793,apk_cluster,logistic_regression,0.19673084307528085,success,
793,apk_cluster,doubly_robust,0.17128154109308635,success,
794,row,psm,0.06085626911314985,success,
794,row,logistic_regression,0.1109186793593175,success,
794,row,doubly_robust,0.10364418710757307,success,
794,apk_cluster,psm,0.10823244552058112,success,
794,apk_cluster,logistic_regression,0.13909847877896123,success,
794,apk_cluster,doubly_robust,0.1125801033262593,success,
795,row,psm,0.08587155963302752,success,
795,row,logistic_regression,0.12609822255424577,success,
795,row,doubly_robust,0.11731115194176822,success,
795,apk_cluster,psm,0.11087420042643925,success,
795,apk_cluster,logistic_regression,0.09415095257644486,success,
795,apk_cluster,doubly_robust,0.09688516461938844,success,
796,row,psm,0.092782874617737,success,
796,row,logistic_regression,0.1288086209951491,success,
796,row,doubly_robust,0.12081938752770127,success,
796,apk_cluster,psm,0.09594496741491673,success,
796,apk_cluster,logistic_regression,0.19940946453251002,success,
796,apk_cluster,doubly_robust,0.1927161495314564,success,
797,row,psm,0.10036697247706422,success,
797,row,logistic_regression,0.11668771873330432,success,
797,row,doubly_robust,0.10944847841725862,success,
797,apk_cluster,psm,0.17522918845751553,success,
797,apk_cluster,logistic_regression,0.1682513765417926,success,
797,apk_cluster,doubly_robust,0.1536515597627143,success,
798,row,psm,0.0655045871559633,success,
798,row,logistic_regression,0.11337426410268883,success,
798,row,doubly_robust,0.1000500002866511,success,
798,apk_cluster,psm,0.16257077460546923,success,
798,apk_cluster,logistic_regression,0.1948354798337813,success,
798,apk_cluster,doubly_robust,0.1911462390437545,success,
799,row,psm,0.08519877675840978,success,
799,row,logistic_regression,0.12092149582010563,success,
799,row,doubly_robust,0.11782835144989913,success,
799,apk_cluster,psm,0.03479069767441861,success,
799,apk_cluster,logistic_regression,0.040630153204609644,success,
799,apk_cluster,doubly_robust,0.052123625332295705,success,
800,row,psm,0.10428134556574924,success,
800,row,logistic_regression,0.12111499062693332,success,
800,row,doubly_robust,0.10963281070319032,success,
800,apk_cluster,psm,0.09485160508782556,success,
800,apk_cluster,logistic_regression,0.15565036672095628,success,
800,apk_cluster,doubly_robust,0.13721573284792338,success,
801,row,psm,0.0764525993883792,success,
801,row,logistic_regression,0.16111540466809593,success,
801,row,doubly_robust,0.1538151971473613,success,
801,apk_cluster,psm,0.08860759493670886,success,
801,apk_cluster,logistic_regression,0.09370057497727464,success,
801,apk_cluster,doubly_robust,0.08825988492761523,success,
802,row,psm,0.09767584097859328,success,
802,row,logistic_regression,0.11944521759605647,success,
802,row,doubly_robust,0.1133567407693607,success,
802,apk_cluster,psm,0.0952020202020202,success,
802,apk_cluster,logistic_regression,-0.01638007573230103,success,
802,apk_cluster,doubly_robust,0.014940364802430528,success,
803,row,psm,0.050703363914373085,success,
803,row,logistic_regression,0.09034151325790206,success,
803,row,doubly_robust,0.08003933778293752,success,
803,apk_cluster,psm,0.07513367510060084,success,
803,apk_cluster,logistic_regression,0.18697542024914374,success,
803,apk_cluster,doubly_robust,0.15318547328154972,success,
804,row,psm,0.094434250764526,success,
804,row,logistic_regression,0.10616028239464177,success,
804,row,doubly_robust,0.10099979347200178,success,
804,apk_cluster,psm,0.04544582933844679,success,
804,apk_cluster,logistic_regression,0.04010339993893268,success,
804,apk_cluster,doubly_robust,0.0480172071102168,success,
805,row,psm,0.07877675840978593,success,
805,row,logistic_regression,0.12117119225256198,success,
805,row,doubly_robust,0.11475590749416617,success,
805,apk_cluster,psm,0.09276747667856731,success,
805,apk_cluster,logistic_regression,0.10789909490875181,success,
805,apk_cluster,doubly_robust,0.11840763269661447,success,
806,row,psm,0.08458715596330275,success,
806,row,logistic_regression,0.128812634229118,success,
806,row,doubly_robust,0.12690165785963348,success,
806,apk_cluster,psm,0.0654015992361857,success,
806,apk_cluster,logistic_regression,0.11428460933521473,success,
806,apk_cluster,doubly_robust,0.10008537533121128,success,
807,row,psm,0.10844036697247707,success,
807,row,logistic_regression,0.1463201841414902,success,
807,row,doubly_robust,0.14034397579981853,success,
807,apk_cluster,psm,0.06332531251834028,success,
807,apk_cluster,logistic_regression,0.122846744797065,success,
807,apk_cluster,doubly_robust,0.1170805692891718,success,
808,row,psm,0.039755351681957186,success,
808,row,logistic_regression,0.12379459004744547,success,
808,row,doubly_robust,0.11475518602567003,success,
808,apk_cluster,psm,0.08997555012224939,success,
808,apk_cluster,logistic_regression,0.136296715895263,success,
808,apk_cluster,doubly_robust,0.13397396393210922,success,
809,row,psm,0.1146177370030581,success,
809,row,logistic_regression,0.12973430786263646,success,
809,row,doubly_robust,0.12030316076795079,success,
809,apk_cluster,psm,0.07454592970077094,success,
809,apk_cluster,logistic_regression,0.07467502206725597,success,
809,apk_cluster,doubly_robust,0.0847206761372133,success,
810,row,psm,0.052660550458715594,success,
810,row,logistic_regression,0.12515493984946727,success,
810,row,doubly_robust,0.12033615149425564,success,
810,apk_cluster,psm,0.0678296797888213,success,
810,apk_cluster,logistic_regression,0.1215281569872656,success,
810,apk_cluster,doubly_robust,0.12042944741486258,success,
811,row,psm,0.08501529051987768,success,
811,row,logistic_regression,0.12001739170164641,success,
811,row,doubly_robust,0.11004193018055612,success,
811,apk_cluster,psm,0.15358867074348245,success,
811,apk_cluster,logistic_regression,0.1792567194735136,success,
811,apk_cluster,doubly_robust,0.1568466187334572,success,
812,row,psm,0.0689908256880734,success,
812,row,logistic_regression,0.11369452407518932,success,
812,row,doubly_robust,0.10273183307838817,success,
812,apk_cluster,psm,0.1132110546536126,success,
812,apk_cluster,logistic_regression,0.017825644959496262,success,
812,apk_cluster,doubly_robust,0.028645320991780583,success,
813,row,psm,0.08593272171253823,success,
813,row,logistic_regression,0.13603182868472677,success,
813,row,doubly_robust,0.12650438604264247,success,
813,apk_cluster,psm,0.02012987012987013,success,
813,apk_cluster,logistic_regression,0.008394335048583886,success,
813,apk_cluster,doubly_robust,0.016841785122000606,success,
814,row,psm,0.08892966360856269,success,
814,row,logistic_regression,0.11708575431755658,success,
814,row,doubly_robust,0.10855664332728839,success,
814,apk_cluster,psm,0.09365889212827988,success,
814,apk_cluster,logistic_regression,0.11310364408921249,success,
814,apk_cluster,doubly_robust,0.12362360259291355,success,
815,row,psm,0.08464831804281346,success,
815,row,logistic_regression,0.11719781184314274,success,
815,row,doubly_robust,0.10843546234504264,success,
815,apk_cluster,psm,0.0893780020672463,success,
815,apk_cluster,logistic_regression,0.05458590491146218,success,
815,apk_cluster,doubly_robust,0.06854081641137927,success,
816,row,psm,0.07314984709480123,success,
816,row,logistic_regression,0.14756213514483305,success,
816,row,doubly_robust,0.14285011991100668,success,
816,apk_cluster,psm,0.11571356699647828,success,
816,apk_cluster,logistic_regression,0.16930623979699289,success,
816,apk_cluster,doubly_robust,0.13593467951277474,success,
817,row,psm,0.02831804281345566,success,
817,row,logistic_regression,0.10856921621854342,success,
817,row,doubly_robust,0.10404631975468354,success,
817,apk_cluster,psm,0.027327520627304112,success,
817,apk_cluster,logistic_regression,0.1338242127025241,success,
817,apk_cluster,doubly_robust,0.14206387203934284,success,
818,row,psm,0.07908256880733945,success,
818,row,logistic_regression,0.12068337778339835,success,
818,row,doubly_robust,0.11658257135813983,success,
818,apk_cluster,psm,0.18190122006915901,success,
818,apk_cluster,logistic_regression,0.10053850797807333,success,
818,apk_cluster,doubly_robust,0.10761812804110496,success,
819,row,psm,0.0672782874617737,success,
819,row,logistic_regression,0.10862198897676231,success,
819,row,doubly_robust,0.10492667792283193,success,
819,apk_cluster,psm,0.028683486507053796,success,
819,apk_cluster,logistic_regression,0.12167555664496343,success,
819,apk_cluster,doubly_robust,0.0986886477555537,success,
820,row,psm,0.0817737003058104,success,
820,row,logistic_regression,0.12966057953058616,success,
820,row,doubly_robust,0.13087329018569366,success,
820,apk_cluster,psm,0.1429158593153661,success,
820,apk_cluster,logistic_regression,0.18098321626822417,success,
820,apk_cluster,doubly_robust,0.16473320200314578,success,
821,row,psm,0.12440366972477064,success,
821,row,logistic_regression,0.1424127399804173,success,
821,row,doubly_robust,0.13400712379056756,success,
821,apk_cluster,psm,0.09825762289981331,success,
821,apk_cluster,logistic_regression,0.11082132191077289,success,
821,apk_cluster,doubly_robust,0.102572163342285,success,
822,row,psm,0.1054434250764526,success,
822,row,logistic_regression,0.12882277517054166,success,
822,row,doubly_robust,0.12272284120633234,success,
822,apk_cluster,psm,0.14681440443213298,success,
822,apk_cluster,logistic_regression,0.11451626783824922,success,
822,apk_cluster,doubly_robust,0.11872091272448598,success,
823,row,psm,0.04195718654434251,success,
823,row,logistic_regression,0.13021270633826473,success,
823,row,doubly_robust,0.1254919132296005,success,
823,apk_cluster,psm,0.10464762136809405,success,
823,apk_cluster,logistic_regression,0.1371411822700096,success,
823,apk_cluster,doubly_robust,0.12784331117419775,success,
824,row,psm,0.09486238532110092,success,
824,row,logistic_regression,0.10867499009336039,success,
824,row,doubly_robust,0.10212695643461193,success,
824,apk_cluster,psm,0.07957908582703058,success,
824,apk_cluster,logistic_regression,-0.035155104652798384,success,
824,apk_cluster,doubly_robust,0.00017515741199830405,success,
825,row,psm,0.10642201834862386,success,
825,row,logistic_regression,0.14718632680050425,success,
825,row,doubly_robust,0.14087116065969074,success,
825,apk_cluster,psm,0.06814938154138915,success,
825,apk_cluster,logistic_regression,0.10351168071091862,success,
825,apk_cluster,doubly_robust,0.09794145091687469,success,
826,row,psm,0.0236085626911315,success,
826,row,logistic_regression,0.11418321138345347,success,
826,row,doubly_robust,0.1098590440812633,success,
826,apk_cluster,psm,0.09135469640340665,success,
826,apk_cluster,logistic_regression,0.09034187415783634,success,
826,apk_cluster,doubly_robust,0.10387147619929119,success,
827,row,psm,0.112782874617737,success,
827,row,logistic_regression,0.12291780080323095,success,
827,row,doubly_robust,0.12052125795763642,success,
827,apk_cluster,psm,0.09000781109175028,success,
827,apk_cluster,logistic_regression,0.07650828958856647,success,
827,apk_cluster,doubly_robust,0.0809518683435916,success,
828,row,psm,0.08201834862385321,success,
828,row,logistic_regression,0.14201319273695281,success,
828,row,doubly_robust,0.1371874685291938,success,
828,apk_cluster,psm,0.042884868215113,success,
828,apk_cluster,logistic_regression,0.06953449351529714,success,
828,apk_cluster,doubly_robust,0.06327816171729697,success,
829,row,psm,0.12195718654434251,success,
829,row,logistic_regression,0.12813772273209145,success,
829,row,doubly_robust,0.12017813848086013,success,
829,apk_cluster,psm,0.1461639422503281,success,
829,apk_cluster,logistic_regression,0.18344970738334634,success,
829,apk_cluster,doubly_robust,0.16633021215463173,success,
830,row,psm,0.10532110091743119,success,
830,row,logistic_regression,0.12760510274964007,success,
830,row,doubly_robust,0.1218063330201607,success,
830,apk_cluster,psm,0.12335400059049306,success,
830,apk_cluster,logistic_regression,0.2411847158844035,success,
830,apk_cluster,doubly_robust,0.23158054513081291,success,
831,row,psm,0.08354740061162079,success,
831,row,logistic_regression,0.14384119436919793,success,
831,row,doubly_robust,0.13466323910351768,success,
831,apk_cluster,psm,0.07416787264833574,success,
831,apk_cluster,logistic_regression,0.09330725199228829,success,
831,apk_cluster,doubly_robust,0.09377656937759749,success,
832,row,psm,0.11749235474006116,success,
832,row,logistic_regression,0.13003714622526416,success,
832,row,doubly_robust,0.13037279094350146,success,
832,apk_cluster,psm,0.1595546228284948,success,
832,apk_cluster,logistic_regression,0.1856709879234608,success,
832,apk_cluster,doubly_robust,0.19599690848045612,success,
833,row,psm,0.0981039755351682,success,
833,row,logistic_regression,0.11847809611505433,success,
833,row,doubly_robust,0.11438181804781593,success,
833,apk_cluster,psm,0.12069355020896871,success,
833,apk_cluster,logistic_regression,0.23748476822054299,success,
833,apk_cluster,doubly_robust,0.23042541338744513,success,
834,row,psm,0.09119266055045872,success,
834,row,logistic_regression,0.14118026455334132,success,
834,row,doubly_robust,0.13959560037066152,success,
834,apk_cluster,psm,0.05302506753785261,success,
834,apk_cluster,logistic_regression,-0.014537802413515545,success,
834,apk_cluster,doubly_robust,-0.005118473436328612,success,
835,row,psm,0.07186544342507645,success,
835,row,logistic_regression,0.1049402094877904,success,
835,row,doubly_robust,0.09887142757618576,success,
835,apk_cluster,psm,0.1710266387309189,success,
835,apk_cluster,logistic_regression,0.13549761495151003,success,
835,apk_cluster,doubly_robust,0.11663004635001938,success,
836,row,psm,0.05370030581039755,success,
836,row,logistic_regression,0.11674750817594791,success,
836,row,doubly_robust,0.1050014307877203,success,
836,apk_cluster,psm,0.07560262965668371,success,
836,apk_cluster,logistic_regression,0.14152762599437957,success,
836,apk_cluster,doubly_robust,0.15733530497897863,success,
837,row,psm,0.06960244648318042,success,
837,row,logistic_regression,0.11549951315457363,success,
837,row,doubly_robust,0.10815039711470073,success,
837,apk_cluster,psm,0.14617682198327359,success,
837,apk_cluster,logistic_regression,0.17713902126023953,success,
837,apk_cluster,doubly_robust,0.1870417656200821,success,
838,row,psm,0.07027522935779816,success,
838,row,logistic_regression,0.1193023519945863,success,
838,row,doubly_robust,0.1147884103368007,success,
838,apk_cluster,psm,0.10192296587168678,success,
838,apk_cluster,logistic_regression,0.20511842102414934,success,
838,apk_cluster,doubly_robust,0.18337571379792655,success,
839,row,psm,0.09125382262996942,success,
839,row,logistic_regression,0.12221108709664565,success,
839,row,doubly_robust,0.11712106103508434,success,
839,apk_cluster,psm,0.10425700848958651,success,
839,apk_cluster,logistic_regression,0.01968431219843377,success,
839,apk_cluster,doubly_robust,0.04537428876809975,success,
840,row,psm,0.08629969418960244,success,
840,row,logistic_regression,0.12396443887332546,success,
840,row,doubly_robust,0.11437017034953689,success,
840,apk_cluster,psm,0.12658702858215024,success,
840,apk_cluster,logistic_regression,0.03179438681214763,success,
840,apk_cluster,doubly_robust,0.036834509697395046,success,
841,row,psm,0.028012232415902137,success,
841,row,logistic_regression,0.11380402109100761,success,
841,row,doubly_robust,0.10317780295194824,success,
841,apk_cluster,psm,0.0705768611021592,success,
841,apk_cluster,logistic_regression,0.09441395920025324,success,
841,apk_cluster,doubly_robust,0.09539404966653339,success,
842,row,psm,0.07712538226299694,success,
842,row,logistic_regression,0.12296635004090464,success,
842,row,doubly_robust,0.11519390186933481,success,
842,apk_cluster,psm,0.06558866279069768,success,
842,apk_cluster,logistic_regression,0.10616884359689642,success,
842,apk_cluster,doubly_robust,0.11994887257998806,success,
843,row,psm,0.041712538226299695,success,
843,row,logistic_regression,0.13793624288836664,success,
843,row,doubly_robust,0.13457842769086686,success,
843,apk_cluster,psm,0.13311377245508982,success,
843,apk_cluster,logistic_regression,0.16641510246864175,success,
843,apk_cluster,doubly_robust,0.14897819599250728,success,
844,row,psm,0.08409785932721713,success,
844,row,logistic_regression,0.11910945682035637,success,
844,row,doubly_robust,0.11426688996371509,success,
844,apk_cluster,psm,0.12152332049636286,success,
844,apk_cluster,logistic_regression,0.12926682976696338,success,
844,apk_cluster,doubly_robust,0.12424659270049812,success,
845,row,psm,0.07058103975535168,success,
845,row,logistic_regression,0.12293214152979882,success,
845,row,doubly_robust,0.11380345628226006,success,
845,apk_cluster,psm,0.09438854250262362,success,
845,apk_cluster,logistic_regression,0.10256146028838328,success,
845,apk_cluster,doubly_robust,0.09312480121720311,success,
846,row,psm,0.0565137614678899,success,
846,row,logistic_regression,0.11445173673858984,success,
846,row,doubly_robust,0.11148964319149103,success,
846,apk_cluster,psm,0.20683675997027495,success,
846,apk_cluster,logistic_regression,0.10899957647533058,success,
846,apk_cluster,doubly_robust,0.10394999176734045,success,
847,row,psm,0.059204892966360854,success,
847,row,logistic_regression,0.12595356191422477,success,
847,row,doubly_robust,0.11670439854122297,success,
847,apk_cluster,psm,0.08269992853894627,success,
847,apk_cluster,logistic_regression,0.011852880060410314,success,
847,apk_cluster,doubly_robust,0.027564624334699136,success,
848,row,psm,0.11565749235474006,success,
848,row,logistic_regression,0.12470351856969913,success,
848,row,doubly_robust,0.11179491838591545,success,
848,apk_cluster,psm,0.13989057448395922,success,
848,apk_cluster,logistic_regression,0.169337461241367,success,
848,apk_cluster,doubly_robust,0.16743921226757896,success,
849,row,psm,0.10984709480122325,success,
849,row,logistic_regression,0.12914729471229683,success,
849,row,doubly_robust,0.127212116123954,success,
849,apk_cluster,psm,0.08737151248164464,success,
849,apk_cluster,logistic_regression,0.04018447704155404,success,
849,apk_cluster,doubly_robust,0.031387534361966556,success,
850,row,psm,0.1146177370030581,success,
850,row,logistic_regression,0.11401820464622643,success,
850,row,doubly_robust,0.10715802827075559,success,
850,apk_cluster,psm,0.12383458216553223,success,
850,apk_cluster,logistic_regression,0.1550077704578387,success,
850,apk_cluster,doubly_robust,0.1470785467865716,success,
851,row,psm,0.1035474006116208,success,
851,row,logistic_regression,0.13882162979231688,success,
851,row,doubly_robust,0.13345566363541883,success,
851,apk_cluster,psm,0.11927232087420837,success,
851,apk_cluster,logistic_regression,0.10537411549792537,success,
851,apk_cluster,doubly_robust,0.10215185691239934,success,
852,row,psm,0.0472782874617737,success,
852,row,logistic_regression,0.12611662105529703,success,
852,row,doubly_robust,0.11010371793322746,success,
852,apk_cluster,psm,0.06784124396513888,success,
852,apk_cluster,logistic_regression,0.041344149564069815,success,
852,apk_cluster,doubly_robust,0.044647394701070806,success,
853,row,psm,0.08250764525993884,success,
853,row,logistic_regression,0.10313147870315817,success,
853,row,doubly_robust,0.09716016247125647,success,
853,apk_cluster,psm,0.1177280120105092,success,
853,apk_cluster,logistic_regression,0.15357373146312953,success,
853,apk_cluster,doubly_robust,0.1167727026427155,success,
854,row,psm,0.06813455657492355,success,
854,row,logistic_regression,0.13097401794702426,success,
854,row,doubly_robust,0.12092636787464697,success,
854,apk_cluster,psm,0.12370637785800241,success,
854,apk_cluster,logistic_regression,0.1419000953581546,success,
854,apk_cluster,doubly_robust,0.13202469068046696,success,
855,row,psm,0.01859327217125382,success,
855,row,logistic_regression,0.13880603044359932,success,
855,row,doubly_robust,0.12968837990055576,success,
855,apk_cluster,psm,0.12611107796933724,success,
855,apk_cluster,logistic_regression,0.18335437692045858,success,
855,apk_cluster,doubly_robust,0.1565420348196116,success,
856,row,psm,0.052538226299694187,success,
856,row,logistic_regression,0.11866132852408727,success,
856,row,doubly_robust,0.114341221366066,success,
856,apk_cluster,psm,0.091037948585787,success,
856,apk_cluster,logistic_regression,0.09950457775673102,success,
856,apk_cluster,doubly_robust,0.10614550017731028,success,
857,row,psm,0.08752293577981651,success,
857,row,logistic_regression,0.11194193483684198,success,
857,row,doubly_robust,0.10626678493786355,success,
857,apk_cluster,psm,0.09495290150017444,success,
857,apk_cluster,logistic_regression,0.13458866102030106,success,
857,apk_cluster,doubly_robust,0.1526901926689739,success,
858,row,psm,0.07914373088685016,success,
858,row,logistic_regression,0.1260233519768019,success,
858,row,doubly_robust,0.11958885262752333,success,
858,apk_cluster,psm,0.0355759763702002,success,
858,apk_cluster,logistic_regression,0.029521829625052953,success,
858,apk_cluster,doubly_robust,0.03598592386215097,success,
859,row,psm,0.08373088685015291,success,
859,row,logistic_regression,0.11759524025436803,success,
859,row,doubly_robust,0.11039890067070564,success,
859,apk_cluster,psm,0.1241175789839139,success,
859,apk_cluster,logistic_regression,0.14774242358715906,success,
859,apk_cluster,doubly_robust,0.1330275078431776,success,
860,row,psm,0.04752293577981651,success,
860,row,logistic_regression,0.10709804529783894,success,
860,row,doubly_robust,0.10130342553238428,success,
860,apk_cluster,psm,0.12041557851708867,success,
860,apk_cluster,logistic_regression,0.1364298508297032,success,
860,apk_cluster,doubly_robust,0.12864752339443508,success,
861,row,psm,0.10691131498470947,success,
861,row,logistic_regression,0.1314679235240148,success,
861,row,doubly_robust,0.1260272155919621,success,
861,apk_cluster,psm,0.12780767430978007,success,
861,apk_cluster,logistic_regression,0.18569023402193396,success,
861,apk_cluster,doubly_robust,0.17832846734902014,success,
862,row,psm,0.08055045871559632,success,
862,row,logistic_regression,0.13107784696568353,success,
862,row,doubly_robust,0.11948881121476156,success,
862,apk_cluster,psm,0.048270021775949676,success,
862,apk_cluster,logistic_regression,0.06171765263411628,success,
862,apk_cluster,doubly_robust,0.06449859599836115,success,
863,row,psm,0.10513761467889908,success,
863,row,logistic_regression,0.12896722909796837,success,
863,row,doubly_robust,0.1283232031183409,success,
863,apk_cluster,psm,0.13853141559424678,success,
863,apk_cluster,logistic_regression,0.1021636640386055,success,
863,apk_cluster,doubly_robust,0.09696936470197914,success,
864,row,psm,0.13675840978593273,success,
864,row,logistic_regression,0.11995023303175173,success,
864,row,doubly_robust,0.11117232186798481,success,
864,apk_cluster,psm,0.14424784179268965,success,
864,apk_cluster,logistic_regression,0.10762411343218335,success,
864,apk_cluster,doubly_robust,0.09907568051420315,success,
865,row,psm,0.07535168195718654,success,
865,row,logistic_regression,0.10880111084311271,success,
865,row,doubly_robust,0.09844798716796609,success,
865,apk_cluster,psm,0.12600724045311223,success,
865,apk_cluster,logistic_regression,0.07319525451162233,success,
865,apk_cluster,doubly_robust,0.0650195799972418,success,
866,row,psm,0.05969418960244648,success,
866,row,logistic_regression,0.1303590943676023,success,
866,row,doubly_robust,0.12747701875366618,success,
866,apk_cluster,psm,0.022248178430391008,success,
866,apk_cluster,logistic_regression,0.15815162725557783,success,
866,apk_cluster,doubly_robust,0.1274055454451749,success,
867,row,psm,0.07198776758409786,success,
867,row,logistic_regression,0.14299601343521437,success,
867,row,doubly_robust,0.12953389833082127,success,
867,apk_cluster,psm,0.1062914721061686,success,
867,apk_cluster,logistic_regression,0.1450705808899738,success,
867,apk_cluster,doubly_robust,0.15043475503350864,success,
868,row,psm,0.09914373088685015,success,
868,row,logistic_regression,0.13377546785097238,success,
868,row,doubly_robust,0.12647128017776577,success,
868,apk_cluster,psm,0.09252669039145907,success,
868,apk_cluster,logistic_regression,0.15309666830867985,success,
868,apk_cluster,doubly_robust,0.1339698054720868,success,
869,row,psm,0.0582262996941896,success,
869,row,logistic_regression,0.10291343816990449,success,
869,row,doubly_robust,0.0991252518314637,success,
869,apk_cluster,psm,0.15789167828916784,success,
869,apk_cluster,logistic_regression,0.1908426865131818,success,
869,apk_cluster,doubly_robust,0.15553786382659318,success,
870,row,psm,0.06850152905198777,success,
870,row,logistic_regression,0.1309888045089233,success,
870,row,doubly_robust,0.12956333047687302,success,
870,apk_cluster,psm,0.018385989410601034,success,
870,apk_cluster,logistic_regression,0.10400549467364037,success,
870,apk_cluster,doubly_robust,0.09454113824940488,success,
871,row,psm,0.10201834862385321,success,
871,row,logistic_regression,0.14546655884669554,success,
871,row,doubly_robust,0.13657219982129523,success,
871,apk_cluster,psm,0.10611743404035179,success,
871,apk_cluster,logistic_regression,0.03925434519067436,success,
871,apk_cluster,doubly_robust,0.052166590579079054,success,
872,row,psm,0.10807339449541284,success,
872,row,logistic_regression,0.12808720536871135,success,
872,row,doubly_robust,0.12491787233828631,success,
872,apk_cluster,psm,0.10580060422960726,success,
872,apk_cluster,logistic_regression,0.036701128372617776,success,
872,apk_cluster,doubly_robust,0.056717267650245276,success,
873,row,psm,0.05376146788990826,success,
873,row,logistic_regression,0.13212432866886017,success,
873,row,doubly_robust,0.12982020954562778,success,
873,apk_cluster,psm,0.10484662576687116,success,
873,apk_cluster,logistic_regression,0.15137108532533078,success,
873,apk_cluster,doubly_robust,0.10597165177758318,success,
874,row,psm,0.023425076452599388,success,
874,row,logistic_regression,0.10382751339472915,success,
874,row,doubly_robust,0.0945254689169546,success,
874,apk_cluster,psm,0.13134678265161331,success,
874,apk_cluster,logistic_regression,0.1450008022136505,success,
874,apk_cluster,doubly_robust,0.14415523457601953,success,
875,row,psm,0.023669724770642202,success,
875,row,logistic_regression,0.12322267123361282,success,
875,row,doubly_robust,0.12106080509915801,success,
875,apk_cluster,psm,0.1098387627509049,success,
875,apk_cluster,logistic_regression,0.07959597917766233,success,
875,apk_cluster,doubly_robust,0.0798786868640526,success,
876,row,psm,0.05675840978593272,success,
876,row,logistic_regression,0.12213137230541721,success,
876,row,doubly_robust,0.11206459820220724,success,
876,apk_cluster,psm,0.04118895966029724,success,
876,apk_cluster,logistic_regression,0.0956528273520669,success,
876,apk_cluster,doubly_robust,0.09616735137244234,success,
877,row,psm,0.05987767584097859,success,
877,row,logistic_regression,0.13991391192762614,success,
877,row,doubly_robust,0.13255460413599843,success,
877,apk_cluster,psm,0.04588448379955726,success,
877,apk_cluster,logistic_regression,0.013629512242848061,success,
877,apk_cluster,doubly_robust,0.017869298940248406,success,
878,row,psm,0.06691131498470948,success,
878,row,logistic_regression,0.10783995581877018,success,
878,row,doubly_robust,0.10487157294778213,success,
878,apk_cluster,psm,0.09963584263626052,success,
878,apk_cluster,logistic_regression,0.09391192351430121,success,
878,apk_cluster,doubly_robust,0.0872304602504803,success,
879,row,psm,0.04134556574923547,success,
879,row,logistic_regression,0.11957680965254337,success,
879,row,doubly_robust,0.11203301285088957,success,
879,apk_cluster,psm,0.08403148007108403,success,
879,apk_cluster,logistic_regression,0.0937555295341499,success,
879,apk_cluster,doubly_robust,0.07765745739154224,success,
880,row,psm,0.06379204892966361,success,
880,row,logistic_regression,0.09504626198189023,success,
880,row,doubly_robust,0.08172499087056874,success,
880,apk_cluster,psm,0.14380544698802655,success,
880,apk_cluster,logistic_regression,0.15012836418605435,success,
880,apk_cluster,doubly_robust,0.1387821164400019,success,
881,row,psm,0.07247706422018349,success,
881,row,logistic_regression,0.1359113436441668,success,
881,row,doubly_robust,0.12247159714208537,success,
881,apk_cluster,psm,0.18395255960304974,success,
881,apk_cluster,logistic_regression,0.17757363112244265,success,
881,apk_cluster,doubly_robust,0.17825380460606227,success,
882,row,psm,0.0617737003058104,success,
882,row,logistic_regression,0.1378998273136199,success,
882,row,doubly_robust,0.12810857585805313,success,
882,apk_cluster,psm,0.15266841644794402,success,
882,apk_cluster,logistic_regression,0.14584993190183515,success,
882,apk_cluster,doubly_robust,0.14874295948202865,success,
883,row,psm,0.07192660550458715,success,
883,row,logistic_regression,0.12487509305091846,success,
883,row,doubly_robust,0.11918051594067611,success,
883,apk_cluster,psm,0.12964238742406212,success,
883,apk_cluster,logistic_regression,0.13297983335972108,success,
883,apk_cluster,doubly_robust,0.13401815214052523,success,
884,row,psm,0.055351681957186545,success,
884,row,logistic_regression,0.12339399828943708,success,
884,row,doubly_robust,0.11614494124352703,success,
884,apk_cluster,psm,0.10838293650793651,success,
884,apk_cluster,logistic_regression,0.15807142710422317,success,
884,apk_cluster,doubly_robust,0.12531097150469056,success,
885,row,psm,0.09107033639143731,success,
885,row,logistic_regression,0.12543732078300088,success,
885,row,doubly_robust,0.11986456761715696,success,
885,apk_cluster,psm,0.038321054912400176,success,
885,apk_cluster,logistic_regression,0.04423193656064582,success,
885,apk_cluster,doubly_robust,0.06064108247247512,success,
886,row,psm,0.08795107033639143,success,
886,row,logistic_regression,0.11242860039392617,success,
886,row,doubly_robust,0.11206537559434392,success,
886,apk_cluster,psm,0.06330281272643436,success,
886,apk_cluster,logistic_regression,0.026012270569175162,success,
886,apk_cluster,doubly_robust,0.0237646850808509,success,
887,row,psm,0.12134556574923548,success,
887,row,logistic_regression,0.11890988788156161,success,
887,row,doubly_robust,0.11959477622996517,success,
887,apk_cluster,psm,0.07499856544442532,success,
887,apk_cluster,logistic_regression,0.15838606713138417,success,
887,apk_cluster,doubly_robust,0.1343244727698722,success,
888,row,psm,0.11357798165137614,success,
888,row,logistic_regression,0.13210634491161435,success,
888,row,doubly_robust,0.12254382384960871,success,
888,apk_cluster,psm,0.12326604262997631,success,
888,apk_cluster,logistic_regression,0.1455194181030588,success,
888,apk_cluster,doubly_robust,0.10476045507393573,success,
889,row,psm,0.07137614678899083,success,
889,row,logistic_regression,0.13228321281850056,success,
889,row,doubly_robust,0.1213538775273841,success,
889,apk_cluster,psm,0.06728924139695536,success,
889,apk_cluster,logistic_regression,0.02975258694310088,success,
889,apk_cluster,doubly_robust,0.02702963197252649,success,
890,row,psm,0.049785932721712535,success,
890,row,logistic_regression,0.10704936243711134,success,
890,row,doubly_robust,0.09854741077524613,success,
890,apk_cluster,psm,0.16652639847388206,success,
890,apk_cluster,logistic_regression,0.1677241134989033,success,
890,apk_cluster,doubly_robust,0.16232103142120047,success,
891,row,psm,0.0818348623853211,success,
891,row,logistic_regression,0.12188761862229194,success,
891,row,doubly_robust,0.1125465481900584,success,
891,apk_cluster,psm,0.08204525782119451,success,
891,apk_cluster,logistic_regression,0.09512963943581955,success,
891,apk_cluster,doubly_robust,0.08727675559140223,success,
892,row,psm,0.07908256880733945,success,
892,row,logistic_regression,0.11751899324296174,success,
892,row,doubly_robust,0.10745271147064551,success,
892,apk_cluster,psm,0.11526262369956862,success,
892,apk_cluster,logistic_regression,0.06432461405914522,success,
892,apk_cluster,doubly_robust,0.06995292035948518,success,
893,row,psm,0.06452599388379204,success,
893,row,logistic_regression,0.11005053673992019,success,
893,row,doubly_robust,0.10729171738048447,success,
893,apk_cluster,psm,0.10174127693642004,success,
893,apk_cluster,logistic_regression,0.07858014823346224,success,
893,apk_cluster,doubly_robust,0.07988840161226436,success,
894,row,psm,0.08990825688073395,success,
894,row,logistic_regression,0.12139577028408674,success,
894,row,doubly_robust,0.10937119706255309,success,
894,apk_cluster,psm,0.11109064112011792,success,
894,apk_cluster,logistic_regression,0.08325938702295343,success,
894,apk_cluster,doubly_robust,0.1022623871601755,success,
895,row,psm,0.06648318042813456,success,
895,row,logistic_regression,0.13020356147019074,success,
895,row,doubly_robust,0.12447029436845665,success,
895,apk_cluster,psm,0.10095048766850966,success,
895,apk_cluster,logistic_regression,0.011308382706371883,success,
895,apk_cluster,doubly_robust,0.03543319528318926,success,
896,row,psm,0.09186544342507645,success,
896,row,logistic_regression,0.12280663242747991,success,
896,row,doubly_robust,0.11573157551661294,success,
896,apk_cluster,psm,0.16839952275438896,success,
896,apk_cluster,logistic_regression,0.14564551560269165,success,
896,apk_cluster,doubly_robust,0.12681401245456084,success,
897,row,psm,0.053944954128440366,success,
897,row,logistic_regression,0.1471419350478633,success,
897,row,doubly_robust,0.14468717855222046,success,
897,apk_cluster,psm,0.08461446072543839,success,
897,apk_cluster,logistic_regression,0.17857151490680478,success,
897,apk_cluster,doubly_robust,0.1502442996036315,success,
898,row,psm,0.1161467889908257,success,
898,row,logistic_regression,0.11977112238324024,success,
898,row,doubly_robust,0.10750534338347156,success,
898,apk_cluster,psm,0.06524450278962915,success,
898,apk_cluster,logistic_regression,0.05916296582935716,success,
898,apk_cluster,doubly_robust,0.06925645275829598,success,
899,row,psm,0.07565749235474006,success,
899,row,logistic_regression,0.11721456789022346,success,
899,row,doubly_robust,0.11525770543067404,success,
899,apk_cluster,psm,0.10729072907290728,success,
899,apk_cluster,logistic_regression,0.1134470157240802,success,
899,apk_cluster,doubly_robust,0.1035665472012775,success,
900,row,psm,0.050091743119266056,success,
900,row,logistic_regression,0.13390649968891638,success,
900,row,doubly_robust,0.12875296928864535,success,
900,apk_cluster,psm,0.05383605327330707,success,
900,apk_cluster,logistic_regression,0.03676252318928698,success,
900,apk_cluster,doubly_robust,0.06467475282517564,success,
901,row,psm,0.04636085626911315,success,
901,row,logistic_regression,0.10943535434884706,success,
901,row,doubly_robust,0.10307381618103234,success,
901,apk_cluster,psm,0.11530253577705248,success,
901,apk_cluster,logistic_regression,0.1298525486710069,success,
901,apk_cluster,doubly_robust,0.11807437335991804,success,
902,row,psm,0.08324159021406728,success,
902,row,logistic_regression,0.13118150134286194,success,
902,row,doubly_robust,0.12244828352845633,success,
902,apk_cluster,psm,0.08742183742183743,success,
902,apk_cluster,logistic_regression,0.08455825954106297,success,
902,apk_cluster,doubly_robust,0.08539409976237577,success,
903,row,psm,0.06305810397553517,success,
903,row,logistic_regression,0.1171770269799735,success,
903,row,doubly_robust,0.10559454506111379,success,
903,apk_cluster,psm,0.0575879461150482,success,
903,apk_cluster,logistic_regression,0.09828673870591903,success,
903,apk_cluster,doubly_robust,0.09069125018860262,success,
904,row,psm,0.04568807339449541,success,
904,row,logistic_regression,0.1295706990169052,success,
904,row,doubly_robust,0.12312853490501079,success,
904,apk_cluster,psm,0.11318385650224215,success,
904,apk_cluster,logistic_regression,-0.009304927745336975,success,
904,apk_cluster,doubly_robust,0.006825343703726063,success,
905,row,psm,0.0673394495412844,success,
905,row,logistic_regression,0.12005340191482965,success,
905,row,doubly_robust,0.10837388303866932,success,
905,apk_cluster,psm,0.09264836138175377,success,
905,apk_cluster,logistic_regression,0.17882772466403182,success,
905,apk_cluster,doubly_robust,0.14577075495789088,success,
906,row,psm,0.08489296636085628,success,
906,row,logistic_regression,0.11514710585421732,success,
906,row,doubly_robust,0.10384547406082584,success,
906,apk_cluster,psm,0.18311763569634923,success,
906,apk_cluster,logistic_regression,0.15681084818369562,success,
906,apk_cluster,doubly_robust,0.1641819987732381,success,
907,row,psm,0.05743119266055046,success,
907,row,logistic_regression,0.11656371420772953,success,
907,row,doubly_robust,0.10842950866656022,success,
907,apk_cluster,psm,0.057444798677529815,success,
907,apk_cluster,logistic_regression,0.06946485442016806,success,
907,apk_cluster,doubly_robust,0.052480944978833176,success,
908,row,psm,0.05198776758409786,success,
908,row,logistic_regression,0.11769203816496195,success,
908,row,doubly_robust,0.1120409656699463,success,
908,apk_cluster,psm,0.078194032560673,success,
908,apk_cluster,logistic_regression,0.013509803970926295,success,
908,apk_cluster,doubly_robust,0.03553949156354014,success,
909,row,psm,0.1289296636085627,success,
909,row,logistic_regression,0.13116510750099933,success,
909,row,doubly_robust,0.1227598840898813,success,
909,apk_cluster,psm,0.057602627257799674,success,
909,apk_cluster,logistic_regression,0.06573637921043603,success,
909,apk_cluster,doubly_robust,0.07584160531212877,success,
910,row,psm,0.06464831804281346,success,
910,row,logistic_regression,0.12016828818338188,success,
910,row,doubly_robust,0.11267508769104873,success,
910,apk_cluster,psm,0.14170540810922144,success,
910,apk_cluster,logistic_regression,0.1376563377716096,success,
910,apk_cluster,doubly_robust,0.10686950901699549,success,
911,row,psm,0.03382262996941896,success,
911,row,logistic_regression,0.1124227462504983,success,
911,row,doubly_robust,0.10935482115486023,success,
911,apk_cluster,psm,0.07692307692307693,success,
911,apk_cluster,logistic_regression,0.09306851035529387,success,
911,apk_cluster,doubly_robust,0.09741983006113915,success,
912,row,psm,0.06128440366972477,success,
912,row,logistic_regression,0.12105929217664796,success,
912,row,doubly_robust,0.1202968058155081,success,
912,apk_cluster,psm,0.1316585395963212,success,
912,apk_cluster,logistic_regression,0.11138264836519839,success,
912,apk_cluster,doubly_robust,0.09732046611036659,success,
913,row,psm,0.08770642201834862,success,
913,row,logistic_regression,0.10911778667379797,success,
913,row,doubly_robust,0.1067482873583913,success,
913,apk_cluster,psm,0.10926278313179055,success,
913,apk_cluster,logistic_regression,0.20143947625262937,success,
913,apk_cluster,doubly_robust,0.21177053597930184,success,
914,row,psm,0.10434250764525994,success,
914,row,logistic_regression,0.13556869066094482,success,
914,row,doubly_robust,0.13131122153575558,success,
914,apk_cluster,psm,0.1092436974789916,success,
914,apk_cluster,logistic_regression,0.17999475334384962,success,
914,apk_cluster,doubly_robust,0.1519978284067126,success,
915,row,psm,0.05816513761467889,success,
915,row,logistic_regression,0.11838659576467216,success,
915,row,doubly_robust,0.11536486395672418,success,
915,apk_cluster,psm,0.09158117943721704,success,
915,apk_cluster,logistic_regression,0.21570486744305706,success,
915,apk_cluster,doubly_robust,0.18401296313491758,success,
916,row,psm,0.11486238532110092,success,
916,row,logistic_regression,0.1295171521722574,success,
916,row,doubly_robust,0.12260571101285016,success,
916,apk_cluster,psm,0.16203078584931138,success,
916,apk_cluster,logistic_regression,0.18878394496997125,success,
916,apk_cluster,doubly_robust,0.1643683937621884,success,
917,row,psm,0.047951070336391434,success,
917,row,logistic_regression,0.11755231984823761,success,
917,row,doubly_robust,0.10945221601698701,success,
917,apk_cluster,psm,0.08921033376484494,success,
917,apk_cluster,logistic_regression,0.15981009146069186,success,
917,apk_cluster,doubly_robust,0.12107231512757628,success,
918,row,psm,0.0836085626911315,success,
918,row,logistic_regression,0.12613826553589258,success,
918,row,doubly_robust,0.12112692516271878,success,
918,apk_cluster,psm,0.1269294772479486,success,
918,apk_cluster,logistic_regression,0.11730009221108144,success,
918,apk_cluster,doubly_robust,0.14153432332471894,success,
919,row,psm,0.03143730886850153,success,
919,row,logistic_regression,0.13818674671720668,success,
919,row,doubly_robust,0.12862555941079484,success,
919,apk_cluster,psm,0.06438068579426172,success,
919,apk_cluster,logistic_regression,0.028061430631350272,success,
919,apk_cluster,doubly_robust,0.04714505990730384,success,
920,row,psm,0.05565749235474006,success,
920,row,logistic_regression,0.12425759262801114,success,
920,row,doubly_robust,0.12062409022545462,success,
920,apk_cluster,psm,0.07305323495335081,success,
920,apk_cluster,logistic_regression,0.08332644248293788,success,
920,apk_cluster,doubly_robust,0.08253889366128307,success,
921,row,psm,0.10654434250764526,success,
921,row,logistic_regression,0.11183826314022058,success,
921,row,doubly_robust,0.10603016139189866,success,
921,apk_cluster,psm,0.09802279899529853,success,
921,apk_cluster,logistic_regression,0.04180935629271309,success,
921,apk_cluster,doubly_robust,0.04967206388167208,success,
922,row,psm,0.07614678899082569,success,
922,row,logistic_regression,0.12126423830210935,success,
922,row,doubly_robust,0.11473169752479306,success,
922,apk_cluster,psm,0.07089171974522293,success,
922,apk_cluster,logistic_regression,0.07980549040817846,success,
922,apk_cluster,doubly_robust,0.08441677123480458,success,
923,row,psm,0.06691131498470948,success,
923,row,logistic_regression,0.12148491194194076,success,
923,row,doubly_robust,0.11001419466098172,success,
923,apk_cluster,psm,0.11013325069724202,success,
923,apk_cluster,logistic_regression,0.08724940825837685,success,
923,apk_cluster,doubly_robust,0.0843510367715244,success,
924,row,psm,0.05504587155963303,success,
924,row,logistic_regression,0.12286908593586296,success,
924,row,doubly_robust,0.11574319654646284,success,
924,apk_cluster,psm,0.1616499442586399,success,
924,apk_cluster,logistic_regression,0.16911017437816517,success,
924,apk_cluster,doubly_robust,0.1405479989781484,success,
925,row,psm,0.08446483180428134,success,
925,row,logistic_regression,0.11807175097534306,success,
925,row,doubly_robust,0.11585163544355488,success,
925,apk_cluster,psm,0.09904534606205251,success,
925,apk_cluster,logistic_regression,0.17506739050144038,success,
925,apk_cluster,doubly_robust,0.1456428765832762,success,
926,row,psm,0.10073394495412843,success,
926,row,logistic_regression,0.13016459510583506,success,
926,row,doubly_robust,0.11737220904016775,success,
926,apk_cluster,psm,0.053574869917132395,success,
926,apk_cluster,logistic_regression,0.0370051619819563,success,
926,apk_cluster,doubly_robust,0.048638323756310935,success,
927,row,psm,0.04776758409785933,success,
927,row,logistic_regression,0.14421476574120218,success,
927,row,doubly_robust,0.13677891885432727,success,
927,apk_cluster,psm,0.15378196340227693,success,
927,apk_cluster,logistic_regression,0.20286816250861814,success,
927,apk_cluster,doubly_robust,0.21221040912517566,success,
928,row,psm,0.039755351681957186,success,
928,row,logistic_regression,0.11142280544832173,success,
928,row,doubly_robust,0.098368844770272,success,
928,apk_cluster,psm,0.03158559696778269,success,
928,apk_cluster,logistic_regression,0.15789907337597514,success,
928,apk_cluster,doubly_robust,0.10891722275664185,success,
929,row,psm,0.10776758409785933,success,
929,row,logistic_regression,0.13462063069910563,success,
929,row,doubly_robust,0.1320454162438131,success,
929,apk_cluster,psm,0.1482525028475511,success,
929,apk_cluster,logistic_regression,0.16152291396126534,success,
929,apk_cluster,doubly_robust,0.13554631846914778,success,
930,row,psm,0.03474006116207951,success,
930,row,logistic_regression,0.10576653473695814,success,
930,row,doubly_robust,0.09832129414682186,success,
930,apk_cluster,psm,0.1534352093427755,success,
930,apk_cluster,logistic_regression,0.15813238746241967,success,
930,apk_cluster,doubly_robust,0.13913106398245384,success,
931,row,psm,0.040856269113149844,success,
931,row,logistic_regression,0.13432177691172098,success,
931,row,doubly_robust,0.1266556184585803,success,
931,apk_cluster,psm,0.18352188321334706,success,
931,apk_cluster,logistic_regression,0.16661137453818897,success,
931,apk_cluster,doubly_robust,0.17990420147079908,success,
932,row,psm,0.1233639143730887,success,
932,row,logistic_regression,0.1261627716827737,success,
932,row,doubly_robust,0.12304531627225414,success,
932,apk_cluster,psm,0.09189384365408919,success,
932,apk_cluster,logistic_regression,0.10959554589202077,success,
932,apk_cluster,doubly_robust,0.11577085246033847,success,
933,row,psm,0.06868501529051987,success,
933,row,logistic_regression,0.12158959629403424,success,
933,row,doubly_robust,0.12070181018098704,success,
933,apk_cluster,psm,0.08136550308008214,success,
933,apk_cluster,logistic_regression,0.017932611339943214,success,
933,apk_cluster,doubly_robust,0.022521162480008163,success,
934,row,psm,0.03302752293577982,success,
934,row,logistic_regression,0.10699986068460308,success,
934,row,doubly_robust,0.0928815890482538,success,
934,apk_cluster,psm,0.11763524370648099,success,
934,apk_cluster,logistic_regression,0.12240963653814335,success,
934,apk_cluster,doubly_robust,0.14122267549668172,success,
935,row,psm,0.05896024464831804,success,
935,row,logistic_regression,0.13360038658011703,success,
935,row,doubly_robust,0.13001881223569517,success,
935,apk_cluster,psm,0.0628664088811276,success,
935,apk_cluster,logistic_regression,0.06798682648657875,success,
935,apk_cluster,doubly_robust,0.07956227043391528,success,
936,row,psm,0.07382262996941896,success,
936,row,logistic_regression,0.12843616628339877,success,
936,row,doubly_robust,0.12382188569536177,success,
936,apk_cluster,psm,0.08332280480101074,success,
936,apk_cluster,logistic_regression,0.03559336971138692,success,
936,apk_cluster,doubly_robust,0.05475114026719153,success,
937,row,psm,0.10281345565749235,success,
937,row,logistic_regression,0.13328758488084272,success,
937,row,doubly_robust,0.13110811114919768,success,
937,apk_cluster,psm,0.11101771628087416,success,
937,apk_cluster,logistic_regression,0.03312956335659745,success,
937,apk_cluster,doubly_robust,0.04368502630017102,success,
938,row,psm,0.05938837920489296,success,
938,row,logistic_regression,0.1381831782518132,success,
938,row,doubly_robust,0.1295254953418906,success,
938,apk_cluster,psm,0.08077841013401872,success,
938,apk_cluster,logistic_regression,0.0957820170743004,success,
938,apk_cluster,doubly_robust,0.09478532901223218,success,
939,row,psm,0.0653211009174312,success,
939,row,logistic_regression,0.13401179647276454,success,
939,row,doubly_robust,0.12513417099282645,success,
939,apk_cluster,psm,0.13042183031458532,success,
939,apk_cluster,logistic_regression,0.13202008549323316,success,
939,apk_cluster,doubly_robust,0.13170633312691174,success,
940,row,psm,0.02984709480122324,success,
940,row,logistic_regression,0.14282406533706768,success,
940,row,doubly_robust,0.13134140423048946,success,
940,apk_cluster,psm,0.1465231269950554,success,
940,apk_cluster,logistic_regression,0.2038390812554635,success,
940,apk_cluster,doubly_robust,0.19758677738134023,success,
941,row,psm,0.07058103975535168,success,
941,row,logistic_regression,0.10841091384673986,success,
941,row,doubly_robust,0.10131910560241686,success,
941,apk_cluster,psm,0.10115116059633893,success,
941,apk_cluster,logistic_regression,0.07981219101683397,success,
941,apk_cluster,doubly_robust,0.08370413612593115,success,
942,row,psm,0.048256880733944955,success,
942,row,logistic_regression,0.11024278929411645,success,
942,row,doubly_robust,0.10134761428064495,success,
942,apk_cluster,psm,0.1157638622102702,success,
942,apk_cluster,logistic_regression,0.1362091496643191,success,
942,apk_cluster,doubly_robust,0.14529917411683974,success,
943,row,psm,0.10617737003058104,success,
943,row,logistic_regression,0.12518873707785158,success,
943,row,doubly_robust,0.11915936996543129,success,
943,apk_cluster,psm,0.17079816574732504,success,
943,apk_cluster,logistic_regression,0.1785653692878937,success,
943,apk_cluster,doubly_robust,0.16768237052235077,success,
944,row,psm,0.062385321100917435,success,
944,row,logistic_regression,0.12497943553749327,success,
944,row,doubly_robust,0.11936697344682717,success,
944,apk_cluster,psm,0.10064972073407044,success,
944,apk_cluster,logistic_regression,0.11836157805731647,success,
944,apk_cluster,doubly_robust,0.09396633397205173,success,
945,row,psm,0.08226299694189602,success,
945,row,logistic_regression,0.11404836090209416,success,
945,row,doubly_robust,0.10518391807939494,success,
945,apk_cluster,psm,0.03328252032520325,success,
945,apk_cluster,logistic_regression,0.02020778777697321,success,
945,apk_cluster,doubly_robust,0.034035875675781105,success,
946,row,psm,0.06,success,
946,row,logistic_regression,0.11170703971721291,success,
946,row,doubly_robust,0.10901582744591358,success,
946,apk_cluster,psm,0.15368707161427558,success,
946,apk_cluster,logistic_regression,0.07910177668972473,success,
946,apk_cluster,doubly_robust,0.08434564056759129,success,
947,row,psm,0.0564525993883792,success,
947,row,logistic_regression,0.09637978767986231,success,
947,row,doubly_robust,0.09602893443812438,success,
947,apk_cluster,psm,0.14147832863737186,success,
947,apk_cluster,logistic_regression,0.12037711494295779,success,
947,apk_cluster,doubly_robust,0.10307579136611636,success,
948,row,psm,0.11192660550458716,success,
948,row,logistic_regression,0.12957467546114934,success,
948,row,doubly_robust,0.12336220858793856,success,
948,apk_cluster,psm,0.12056561647233938,success,
948,apk_cluster,logistic_regression,0.12125662299174425,success,
948,apk_cluster,doubly_robust,0.09518977628242348,success,
949,row,psm,0.0673394495412844,success,
949,row,logistic_regression,0.10761177615664631,success,
949,row,doubly_robust,0.10330824969907067,success,
949,apk_cluster,psm,0.10791108986615679,success,
949,apk_cluster,logistic_regression,0.2061277945763504,success,
949,apk_cluster,doubly_robust,0.17844528610241328,success,
950,row,psm,0.07302752293577981,success,
950,row,logistic_regression,0.12502327658586768,success,
950,row,doubly_robust,0.12188689795278755,success,
950,apk_cluster,psm,0.10564639754726622,success,
950,apk_cluster,logistic_regression,0.04193023280248788,success,
950,apk_cluster,doubly_robust,0.05987715774896749,success,
951,row,psm,0.0982262996941896,success,
951,row,logistic_regression,0.12034194010924,success,
951,row,doubly_robust,0.11618502832327209,success,
951,apk_cluster,psm,0.10687660668380462,success,
951,apk_cluster,logistic_regression,0.20174480800044392,success,
951,apk_cluster,doubly_robust,0.2045924018686324,success,
952,row,psm,0.06795107033639143,success,
952,row,logistic_regression,0.13382657094202113,success,
952,row,doubly_robust,0.1269982791054669,success,
952,apk_cluster,psm,0.08032490974729242,success,
952,apk_cluster,logistic_regression,0.031145913013958897,success,
952,apk_cluster,doubly_robust,0.0458225635146596,success,
953,row,psm,0.04850152905198777,success,
953,row,logistic_regression,0.11695881675732954,success,
953,row,doubly_robust,0.10868967418114826,success,
953,apk_cluster,psm,0.07376573088092933,success,
953,apk_cluster,logistic_regression,0.14574090971012957,success,
953,apk_cluster,doubly_robust,0.14153070488626301,success,
954,row,psm,0.04892966360856269,success,
954,row,logistic_regression,0.12280096115239544,success,
954,row,doubly_robust,0.11491876363589959,success,
954,apk_cluster,psm,0.0947132449093966,success,
954,apk_cluster,logistic_regression,0.11298585253366805,success,
954,apk_cluster,doubly_robust,0.0921339944659022,success,
955,row,psm,0.04746177370030581,success,
955,row,logistic_regression,0.1389807546504147,success,
955,row,doubly_robust,0.13028419190218726,success,
955,apk_cluster,psm,0.06167679837892604,success,
955,apk_cluster,logistic_regression,0.05774191408328566,success,
955,apk_cluster,doubly_robust,0.05802036864899162,success,
956,row,psm,0.09241590214067279,success,
956,row,logistic_regression,0.13111080099115954,success,
956,row,doubly_robust,0.12338515425274679,success,
956,apk_cluster,psm,0.09491546494281453,success,
956,apk_cluster,logistic_regression,0.08272076090210656,success,
956,apk_cluster,doubly_robust,0.08167833170168773,success,
957,row,psm,0.08850152905198777,success,
957,row,logistic_regression,0.12347222602833076,success,
957,row,doubly_robust,0.1183003054243102,success,
957,apk_cluster,psm,0.14116360706681244,success,
957,apk_cluster,logistic_regression,0.1657748416436946,success,
957,apk_cluster,doubly_robust,0.13637840492624653,success,
958,row,psm,0.053516819571865444,success,
958,row,logistic_regression,0.11328922344252419,success,
958,row,doubly_robust,0.1043798066824807,success,
958,apk_cluster,psm,0.0681195592621903,success,
958,apk_cluster,logistic_regression,0.09490866130913915,success,
958,apk_cluster,doubly_robust,0.08219132022675608,success,
959,row,psm,0.08458715596330275,success,
959,row,logistic_regression,0.12936141781380556,success,
959,row,doubly_robust,0.1176623072457773,success,
959,apk_cluster,psm,0.06829746796640304,success,
959,apk_cluster,logistic_regression,0.1030673527923295,success,
959,apk_cluster,doubly_robust,0.1019344773400886,success,
960,row,psm,0.08385321100917431,success,
960,row,logistic_regression,0.11951549595309022,success,
960,row,doubly_robust,0.1110257429011531,success,
960,apk_cluster,psm,0.10986078886310904,success,
960,apk_cluster,logistic_regression,0.07657689112430353,success,
960,apk_cluster,doubly_robust,0.07779032154408919,success,
961,row,psm,0.08434250764525994,success,
961,row,logistic_regression,0.12244648324572284,success,
961,row,doubly_robust,0.11406225004212911,success,
961,apk_cluster,psm,0.07957559681697612,success,
961,apk_cluster,logistic_regression,0.12074911778036428,success,
961,apk_cluster,doubly_robust,0.11081534140386268,success,
962,row,psm,0.06287461773700306,success,
962,row,logistic_regression,0.1349105723532064,success,
962,row,doubly_robust,0.1243978103618082,success,
962,apk_cluster,psm,0.13603408801831596,success,
962,apk_cluster,logistic_regression,0.16070308155740082,success,
962,apk_cluster,doubly_robust,0.16032437054333878,success,
963,row,psm,0.054801223241590216,success,
963,row,logistic_regression,0.12570845845968373,success,
963,row,doubly_robust,0.11835369723983774,success,
963,apk_cluster,psm,0.14902609334803382,success,
963,apk_cluster,logistic_regression,0.14863208422558324,success,
963,apk_cluster,doubly_robust,0.1435836369934639,success,
964,row,psm,0.062385321100917435,success,
964,row,logistic_regression,0.12877949169404582,success,
964,row,doubly_robust,0.11260236186996407,success,
964,apk_cluster,psm,0.1753082342580361,success,
964,apk_cluster,logistic_regression,0.23006195600289756,success,
964,apk_cluster,doubly_robust,0.2205720331608391,success,
965,row,psm,0.10391437308868502,success,
965,row,logistic_regression,0.1199879441824108,success,
965,row,doubly_robust,0.10911479752013878,success,
965,apk_cluster,psm,0.07248133733171697,success,
965,apk_cluster,logistic_regression,0.05381476231906288,success,
965,apk_cluster,doubly_robust,0.060547394206007014,success,
966,row,psm,0.0581651376146789,success,
966,row,logistic_regression,0.11116855260651622,success,
966,row,doubly_robust,0.10209093392708145,success,
966,apk_cluster,psm,0.11244527829893683,success,
966,apk_cluster,logistic_regression,0.11004237537443784,success,
966,apk_cluster,doubly_robust,0.09611988570522609,success,
967,row,psm,0.09773700305810397,success,
967,row,logistic_regression,0.12878878979296193,success,
967,row,doubly_robust,0.1213815242889388,success,
967,apk_cluster,psm,0.05390902851438198,success,
967,apk_cluster,logistic_regression,0.13181343273788504,success,
967,apk_cluster,doubly_robust,0.12647661718956965,success,
968,row,psm,0.10746177370030581,success,
968,row,logistic_regression,0.1243468175907615,success,
968,row,doubly_robust,0.11991238280113509,success,
968,apk_cluster,psm,0.170098820529168,success,
968,apk_cluster,logistic_regression,0.18268319224965618,success,
968,apk_cluster,doubly_robust,0.15304435156681775,success,
969,row,psm,0.03730886850152905,success,
969,row,logistic_regression,0.11893611533356031,success,
969,row,doubly_robust,0.11249999843664564,success,
969,apk_cluster,psm,0.1207426376440461,success,
969,apk_cluster,logistic_regression,0.03272105963851598,success,
969,apk_cluster,doubly_robust,0.03646976686160049,success,
970,row,psm,0.09896024464831804,success,
970,row,logistic_regression,0.11671083667252777,success,
970,row,doubly_robust,0.11609087592003067,success,
970,apk_cluster,psm,0.1673880818262674,success,
970,apk_cluster,logistic_regression,0.184969759906764,success,
970,apk_cluster,doubly_robust,0.1269582994427986,success,
971,row,psm,0.04134556574923547,success,
971,row,logistic_regression,0.11833292665441027,success,
971,row,doubly_robust,0.11004419122402125,success,
971,apk_cluster,psm,0.08685903109694931,success,
971,apk_cluster,logistic_regression,0.07425590630923018,success,
971,apk_cluster,doubly_robust,0.08221812239208519,success,
972,row,psm,0.09889908256880733,success,
972,row,logistic_regression,0.12456818226934115,success,
972,row,doubly_robust,0.11906751632001743,success,
972,apk_cluster,psm,0.10034689372437716,success,
972,apk_cluster,logistic_regression,0.07561820412171238,success,
972,apk_cluster,doubly_robust,0.08374139219078183,success,
973,row,psm,0.029724770642201838,success,
973,row,logistic_regression,0.12902107290381987,success,
973,row,doubly_robust,0.1201130834693033,success,
973,apk_cluster,psm,0.1137662653532774,success,
973,apk_cluster,logistic_regression,0.05001622776613859,success,
973,apk_cluster,doubly_robust,0.06006678063372057,success,
974,row,psm,0.11064220183486238,success,
974,row,logistic_regression,0.1325995717191106,success,
974,row,doubly_robust,0.11580770319862589,success,
974,apk_cluster,psm,0.11141481965654525,success,
974,apk_cluster,logistic_regression,0.0896357046800418,success,
974,apk_cluster,doubly_robust,0.08226446258205754,success,
975,row,psm,0.07418960244648318,success,
975,row,logistic_regression,0.1178731952226913,success,
975,row,doubly_robust,0.11019070898594281,success,
975,apk_cluster,psm,0.059925566138901154,success,
975,apk_cluster,logistic_regression,0.07696293693216419,success,
975,apk_cluster,doubly_robust,0.09643652485357848,success,
976,row,psm,0.05382262996941896,success,
976,row,logistic_regression,0.11166138679415052,success,
976,row,doubly_robust,0.1014514298056593,success,
976,apk_cluster,psm,0.0750814020302624,success,
976,apk_cluster,logistic_regression,0.012701259849102827,success,
976,apk_cluster,doubly_robust,0.029417773602837382,success,
977,row,psm,0.05963302752293578,success,
977,row,logistic_regression,0.13132301360394041,success,
977,row,doubly_robust,0.12370266352049962,success,
977,apk_cluster,psm,0.08240988409119858,success,
977,apk_cluster,logistic_regression,0.10203823598307668,success,
977,apk_cluster,doubly_robust,0.09739487392029757,success,
978,row,psm,0.058287461773700304,success,
978,row,logistic_regression,0.09316395548650912,success,
978,row,doubly_robust,0.0862041718015267,success,
978,apk_cluster,psm,0.06494096276112625,success,
978,apk_cluster,logistic_regression,0.05542903958369899,success,
978,apk_cluster,doubly_robust,0.0575944666028602,success,
979,row,psm,0.06929663608562692,success,
979,row,logistic_regression,0.1237904093531253,success,
979,row,doubly_robust,0.1175348810227088,success,
979,apk_cluster,psm,0.10808167960885821,success,
979,apk_cluster,logistic_regression,0.10032792323494316,success,
979,apk_cluster,doubly_robust,0.09524255861713167,success,
980,row,psm,0.08801223241590214,success,
980,row,logistic_regression,0.09534174616014207,success,
980,row,doubly_robust,0.08818039395650298,success,
980,apk_cluster,psm,0.050762964313940055,success,
980,apk_cluster,logistic_regression,0.04612639216755662,success,
980,apk_cluster,doubly_robust,0.0438144626678943,success,
981,row,psm,0.06275229357798165,success,
981,row,logistic_regression,0.12837195530755702,success,
981,row,doubly_robust,0.11813317877925601,success,
981,apk_cluster,psm,0.1466798810703667,success,
981,apk_cluster,logistic_regression,0.11999325346027145,success,
981,apk_cluster,doubly_robust,0.12802787135919733,success,
982,row,psm,0.0618348623853211,success,
982,row,logistic_regression,0.11609877089646013,success,
982,row,doubly_robust,0.11158026114643442,success,
982,apk_cluster,psm,0.08308421230751875,success,
982,apk_cluster,logistic_regression,0.16695196862016679,success,
982,apk_cluster,doubly_robust,0.13403173531584053,success,
983,row,psm,0.08819571865443425,success,
983,row,logistic_regression,0.11231612920430822,success,
983,row,doubly_robust,0.11155464901601696,success,
983,apk_cluster,psm,0.058927984215718515,success,
983,apk_cluster,logistic_regression,0.007747144780910904,success,
983,apk_cluster,doubly_robust,0.010867866321587307,success,
984,row,psm,0.08342507645259939,success,
984,row,logistic_regression,0.12578151314323824,success,
984,row,doubly_robust,0.12418665358727457,success,
984,apk_cluster,psm,0.015765341373029332,success,
984,apk_cluster,logistic_regression,0.09727447886199472,success,
984,apk_cluster,doubly_robust,0.1124800148892743,success,
985,row,psm,0.06691131498470948,success,
985,row,logistic_regression,0.12176341314874342,success,
985,row,doubly_robust,0.12042496770097282,success,
985,apk_cluster,psm,0.13466424682395645,success,
985,apk_cluster,logistic_regression,0.19056738407719093,success,
985,apk_cluster,doubly_robust,0.18290292438337571,success,
986,row,psm,0.09155963302752293,success,
986,row,logistic_regression,0.11729772094660497,success,
986,row,doubly_robust,0.11416964761990193,success,
986,apk_cluster,psm,0.06304575619979043,success,
986,apk_cluster,logistic_regression,0.1708543203318365,success,
986,apk_cluster,doubly_robust,0.13516757158515488,success,
987,row,psm,0.08813455657492354,success,
987,row,logistic_regression,0.13245386290464128,success,
987,row,doubly_robust,0.12615607978445087,success,
987,apk_cluster,psm,0.1384328792641751,success,
987,apk_cluster,logistic_regression,0.17402374079773122,success,
987,apk_cluster,doubly_robust,0.15271146440491445,success,
988,row,psm,0.05559633027522936,success,
988,row,logistic_regression,0.13791873909226654,success,
988,row,doubly_robust,0.13696033255017928,success,
988,apk_cluster,psm,0.11244880228372843,success,
988,apk_cluster,logistic_regression,0.1416471736116415,success,
988,apk_cluster,doubly_robust,0.16756618154904393,success,
989,row,psm,0.07113149847094802,success,
989,row,logistic_regression,0.1034326991001756,success,
989,row,doubly_robust,0.10252208311304131,success,
989,apk_cluster,psm,0.1306516388133178,success,
989,apk_cluster,logistic_regression,0.20182151850729188,success,
989,apk_cluster,doubly_robust,0.1858553111333757,success,
990,row,psm,0.0039143730886850156,success,
990,row,logistic_regression,0.10396358328742998,success,
990,row,doubly_robust,0.10127815172650537,success,
990,apk_cluster,psm,0.15068080491625496,success,
990,apk_cluster,logistic_regression,0.2248263460206882,success,
990,apk_cluster,doubly_robust,0.20275264990547373,success,
991,row,psm,0.050703363914373085,success,
991,row,logistic_regression,0.11890575078607948,success,
991,row,doubly_robust,0.11191263585737399,success,
991,apk_cluster,psm,0.10311793407116505,success,
991,apk_cluster,logistic_regression,0.1605298852684853,success,
991,apk_cluster,doubly_robust,0.12437191478058388,success,
992,row,psm,0.058654434250764526,success,
992,row,logistic_regression,0.11311246267734985,success,
992,row,doubly_robust,0.09822968170211696,success,
992,apk_cluster,psm,0.12422468262709409,success,
992,apk_cluster,logistic_regression,0.19656555854716537,success,
992,apk_cluster,doubly_robust,0.16784697433518037,success,
993,row,psm,0.10079510703363914,success,
993,row,logistic_regression,0.1220656288627522,success,
993,row,doubly_robust,0.11401659588760475,success,
993,apk_cluster,psm,0.1627108249003373,success,
993,apk_cluster,logistic_regression,0.1827733263205187,success,
993,apk_cluster,doubly_robust,0.1902358030865311,success,
994,row,psm,0.019571865443425075,success,
994,row,logistic_regression,0.116040162598462,success,
994,row,doubly_robust,0.1105087700820195,success,
994,apk_cluster,psm,0.06475644699140401,success,
994,apk_cluster,logistic_regression,0.10013610153381457,success,
994,apk_cluster,doubly_robust,0.10984948194159577,success,
995,row,psm,0.08232415902140673,success,
995,row,logistic_regression,0.1285856438834414,success,
995,row,doubly_robust,0.12196946214826536,success,
995,apk_cluster,psm,0.07984159427695452,success,
995,apk_cluster,logistic_regression,0.016634995583589468,success,
995,apk_cluster,doubly_robust,0.022986773540301347,success,
996,row,psm,0.07486238532110091,success,
996,row,logistic_regression,0.11514734234426813,success,
996,row,doubly_robust,0.10727403318823087,success,
996,apk_cluster,psm,0.05658693323812924,success,
996,apk_cluster,logistic_regression,0.10828797499800542,success,
996,apk_cluster,doubly_robust,0.1107743316114271,success,
997,row,psm,0.029602446483180427,success,
997,row,logistic_regression,0.12651832012813452,success,
997,row,doubly_robust,0.12344240562301982,success,
997,apk_cluster,psm,0.09902288674667191,success,
997,apk_cluster,logistic_regression,-0.006838943772143221,success,
997,apk_cluster,doubly_robust,0.0009488509908684505,success,
998,row,psm,0.0944954128440367,success,
998,row,logistic_regression,0.11740561100407057,success,
998,row,doubly_robust,0.1123646907413891,success,
998,apk_cluster,psm,0.14299976509278836,success,
998,apk_cluster,logistic_regression,0.1316381353040438,success,
998,apk_cluster,doubly_robust,0.10929105752335722,success,
999,row,psm,0.09608562691131499,success,
999,row,logistic_regression,0.14423537451233173,success,
999,row,doubly_robust,0.13548456630697261,success,
999,apk_cluster,psm,0.060225016545334215,success,
999,apk_cluster,logistic_regression,0.13234109720737885,success,
999,apk_cluster,doubly_robust,0.11848603843945847,success,
